solid OpenSCAD_Model
  facet normal -0.838668 -0.544643 0
    outer loop
      vertex 0.859423 1.85497 0
      vertex 0.602885 2.25 11
      vertex 0.602885 2.25 0
    endloop
  endfacet
  facet normal -0.838668 -0.544643 0
    outer loop
      vertex 0.602885 2.25 11
      vertex 0.859423 1.85497 0
      vertex 0.859423 1.85497 11
    endloop
  endfacet
  facet normal 1 0 0
    outer loop
      vertex 76 41.5664 14.2559
      vertex 76 32 11
      vertex 76 41.5379 13.7123
    endloop
  endfacet
  facet normal 1 0 0
    outer loop
      vertex 76 41.6515 14.7935
      vertex 76 32 11
      vertex 76 41.5664 14.2559
    endloop
  endfacet
  facet normal 1 0 0
    outer loop
      vertex 76 41.7924 15.3192
      vertex 76 32 11
      vertex 76 41.6515 14.7935
    endloop
  endfacet
  facet normal 1 0 0
    outer loop
      vertex 76 41.9874 15.8274
      vertex 76 32 11
      vertex 76 41.7924 15.3192
    endloop
  endfacet
  facet normal 1 0 0
    outer loop
      vertex 76 42.2346 16.3123
      vertex 76 32 11
      vertex 76 41.9874 15.8274
    endloop
  endfacet
  facet normal 1 0 0
    outer loop
      vertex 76 42.531 16.7688
      vertex 76 32 11
      vertex 76 42.2346 16.3123
    endloop
  endfacet
  facet normal 1 0 0
    outer loop
      vertex 76 42.8735 17.1918
      vertex 76 32 11
      vertex 76 42.531 16.7688
    endloop
  endfacet
  facet normal 1 0 0
    outer loop
      vertex 76 32 11
      vertex 76 42.8735 17.1918
      vertex 76 43.0771 17.3954
    endloop
  endfacet
  facet normal 1 0 0
    outer loop
      vertex 76 69.9117 32.8883
      vertex 76 59.7036 18.7559
      vertex 76 59.7321 18.2123
    endloop
  endfacet
  facet normal 1 0 0
    outer loop
      vertex 76 69.9117 32.8883
      vertex 76 59.6185 19.2935
      vertex 76 59.7036 18.7559
    endloop
  endfacet
  facet normal 1 0 0
    outer loop
      vertex 76 69.9117 32.8883
      vertex 76 59.4776 19.8192
      vertex 76 59.6185 19.2935
    endloop
  endfacet
  facet normal 1 0 0
    outer loop
      vertex 76 69.9117 32.8883
      vertex 76 59.2826 20.3274
      vertex 76 59.4776 19.8192
    endloop
  endfacet
  facet normal 1 0 0
    outer loop
      vertex 76 69.9117 32.8883
      vertex 76 59.0354 20.8123
      vertex 76 59.2826 20.3274
    endloop
  endfacet
  facet normal 1 0 0
    outer loop
      vertex 76 69.9117 32.8883
      vertex 76 58.739 21.2688
      vertex 76 59.0354 20.8123
    endloop
  endfacet
  facet normal 1 0 0
    outer loop
      vertex 76 69.9117 32.8883
      vertex 76 58.3965 21.6918
      vertex 76 58.739 21.2688
    endloop
  endfacet
  facet normal 1 0 0
    outer loop
      vertex 76 69.9117 32.8883
      vertex 76 58.0116 22.0767
      vertex 76 58.3965 21.6918
    endloop
  endfacet
  facet normal 1 0 0
    outer loop
      vertex 76 69.9117 32.8883
      vertex 76 57.5886 22.4192
      vertex 76 58.0116 22.0767
    endloop
  endfacet
  facet normal 1 0 0
    outer loop
      vertex 76 69.9117 32.8883
      vertex 76 57.1321 22.7157
      vertex 76 57.5886 22.4192
    endloop
  endfacet
  facet normal 1 0 0
    outer loop
      vertex 76 69.9117 32.8883
      vertex 76 56.6471 22.9628
      vertex 76 57.1321 22.7157
    endloop
  endfacet
  facet normal 1 0 0
    outer loop
      vertex 76 69.9117 32.8883
      vertex 76 56.139 23.1578
      vertex 76 56.6471 22.9628
    endloop
  endfacet
  facet normal 1 0 0
    outer loop
      vertex 76 69.9117 32.8883
      vertex 76 55.6133 23.2987
      vertex 76 56.139 23.1578
    endloop
  endfacet
  facet normal 1 0 0
    outer loop
      vertex 76 69.9117 32.8883
      vertex 76 55.0757 23.3838
      vertex 76 55.6133 23.2987
    endloop
  endfacet
  facet normal 1 0 0
    outer loop
      vertex 76 69.9117 32.8883
      vertex 76 54.5321 23.4123
      vertex 76 55.0757 23.3838
    endloop
  endfacet
  facet normal 1 0 0
    outer loop
      vertex 76 69.9117 32.8883
      vertex 76 53.9886 23.3838
      vertex 76 54.5321 23.4123
    endloop
  endfacet
  facet normal 1 0 0
    outer loop
      vertex 76 69.9117 32.8883
      vertex 76 53.451 23.2987
      vertex 76 53.9886 23.3838
    endloop
  endfacet
  facet normal 1 0 -0
    outer loop
      vertex 76 53.451 23.2987
      vertex 76 69.9117 32.8883
      vertex 76 53.1729 23.2242
    endloop
  endfacet
  facet normal 1 0 0
    outer loop
      vertex 76 59.7321 18.2123
      vertex 76 81.5 32.8883
      vertex 76 69.9117 32.8883
    endloop
  endfacet
  facet normal 1 0 0
    outer loop
      vertex 76 59.7036 17.6688
      vertex 76 81.5 32.8883
      vertex 76 59.7321 18.2123
    endloop
  endfacet
  facet normal 1 0 0
    outer loop
      vertex 76 81.5 32.8883
      vertex 76 59.7036 17.6688
      vertex 76 81.5 0
    endloop
  endfacet
  facet normal 1 -0 0
    outer loop
      vertex 76 59.6185 17.1312
      vertex 76 81.5 0
      vertex 76 59.7036 17.6688
    endloop
  endfacet
  facet normal 1 -0 0
    outer loop
      vertex 76 59.4776 16.6054
      vertex 76 81.5 0
      vertex 76 59.6185 17.1312
    endloop
  endfacet
  facet normal 1 -0 0
    outer loop
      vertex 76 59.2826 16.0973
      vertex 76 81.5 0
      vertex 76 59.4776 16.6054
    endloop
  endfacet
  facet normal 1 -0 0
    outer loop
      vertex 76 59.0354 15.6123
      vertex 76 81.5 0
      vertex 76 59.2826 16.0973
    endloop
  endfacet
  facet normal 1 -0 0
    outer loop
      vertex 76 58.739 15.1558
      vertex 76 81.5 0
      vertex 76 59.0354 15.6123
    endloop
  endfacet
  facet normal 1 -0 0
    outer loop
      vertex 76 58.3965 14.7328
      vertex 76 81.5 0
      vertex 76 58.739 15.1558
    endloop
  endfacet
  facet normal 1 -0 0
    outer loop
      vertex 76 58.0116 14.348
      vertex 76 81.5 0
      vertex 76 58.3965 14.7328
    endloop
  endfacet
  facet normal 1 -0 0
    outer loop
      vertex 76 57.5886 14.0054
      vertex 76 81.5 0
      vertex 76 58.0116 14.348
    endloop
  endfacet
  facet normal 1 -0 0
    outer loop
      vertex 76 57.1321 13.709
      vertex 76 81.5 0
      vertex 76 57.5886 14.0054
    endloop
  endfacet
  facet normal 1 -0 0
    outer loop
      vertex 76 49.3379 9.20899
      vertex 76 81.5 0
      vertex 76 57.1321 13.709
    endloop
  endfacet
  facet normal 1 -0 0
    outer loop
      vertex 76 48.8529 8.96189
      vertex 76 81.5 0
      vertex 76 49.3379 9.20899
    endloop
  endfacet
  facet normal 1 -0 0
    outer loop
      vertex 76 48.3448 8.76683
      vertex 76 81.5 0
      vertex 76 48.8529 8.96189
    endloop
  endfacet
  facet normal 1 -0 0
    outer loop
      vertex 76 47.819 8.62596
      vertex 76 81.5 0
      vertex 76 48.3448 8.76683
    endloop
  endfacet
  facet normal 1 -0 0
    outer loop
      vertex 76 47.2814 8.54081
      vertex 76 81.5 0
      vertex 76 47.819 8.62596
    endloop
  endfacet
  facet normal 1 -0 0
    outer loop
      vertex 76 46.7379 8.51233
      vertex 76 81.5 0
      vertex 76 47.2814 8.54081
    endloop
  endfacet
  facet normal 1 0 0
    outer loop
      vertex 76 4.5 0
      vertex 76 46.7379 8.51233
      vertex 76 46.1943 8.54081
    endloop
  endfacet
  facet normal 1 0 0
    outer loop
      vertex 76 4.5 0
      vertex 76 46.1943 8.54081
      vertex 76 45.6567 8.62596
    endloop
  endfacet
  facet normal 1 0 0
    outer loop
      vertex 76 32 11
      vertex 76 41.5664 13.1688
      vertex 76 41.5379 13.7123
    endloop
  endfacet
  facet normal 1 0 0
    outer loop
      vertex 76 32 11
      vertex 76 41.6515 12.6312
      vertex 76 41.5664 13.1688
    endloop
  endfacet
  facet normal 1 0 0
    outer loop
      vertex 76 32 11
      vertex 76 41.7924 12.1054
      vertex 76 41.6515 12.6312
    endloop
  endfacet
  facet normal 1 0 0
    outer loop
      vertex 76 32 11
      vertex 76 41.9874 11.5973
      vertex 76 41.7924 12.1054
    endloop
  endfacet
  facet normal 1 0 0
    outer loop
      vertex 76 32 11
      vertex 76 42.2346 11.1123
      vertex 76 41.9874 11.5973
    endloop
  endfacet
  facet normal 1 -0 0
    outer loop
      vertex 76 32 11
      vertex 76 42.531 10.6558
      vertex 76 42.2346 11.1123
    endloop
  endfacet
  facet normal 1 0 0
    outer loop
      vertex 76 32 11
      vertex 76 42.8735 10.2328
      vertex 76 42.531 10.6558
    endloop
  endfacet
  facet normal 1 0 0
    outer loop
      vertex 76 32 11
      vertex 76 43.2584 9.84797
      vertex 76 42.8735 10.2328
    endloop
  endfacet
  facet normal 1 0 0
    outer loop
      vertex 76 32 11
      vertex 76 43.6814 9.50544
      vertex 76 43.2584 9.84797
    endloop
  endfacet
  facet normal 1 0 0
    outer loop
      vertex 76 32 11
      vertex 76 44.1379 9.20899
      vertex 76 43.6814 9.50544
    endloop
  endfacet
  facet normal 1 0 0
    outer loop
      vertex 76 32 11
      vertex 76 44.6229 8.96189
      vertex 76 44.1379 9.20899
    endloop
  endfacet
  facet normal 1 0 0
    outer loop
      vertex 76 32 11
      vertex 76 45.131 8.76683
      vertex 76 44.6229 8.96189
    endloop
  endfacet
  facet normal 1 0 0
    outer loop
      vertex 76 4.5 0
      vertex 76 45.131 8.76683
      vertex 76 32 11
    endloop
  endfacet
  facet normal 1 0 0
    outer loop
      vertex 76 45.131 8.76683
      vertex 76 4.5 0
      vertex 76 45.6567 8.62596
    endloop
  endfacet
  facet normal 1 0 0
    outer loop
      vertex 76 4.5 0
      vertex 76 32 11
      vertex 76 4.5 11
    endloop
  endfacet
  facet normal 1 0 0
    outer loop
      vertex 76 46.7379 8.51233
      vertex 76 4.5 0
      vertex 76 81.5 0
    endloop
  endfacet
  facet normal -0.707107 -0.707107 0
    outer loop
      vertex 1.48891 1.15585 0
      vertex 1.15585 1.48891 11
      vertex 1.15585 1.48891 0
    endloop
  endfacet
  facet normal -0.707107 -0.707107 0
    outer loop
      vertex 1.15585 1.48891 11
      vertex 1.48891 1.15585 0
      vertex 1.48891 1.15585 11
    endloop
  endfacet
  facet normal -0.987688 -0.156437 0
    outer loop
      vertex 0.0983353 3.5644 0
      vertex 0.0246506 4.02962 11
      vertex 0.0246506 4.02962 0
    endloop
  endfacet
  facet normal -0.987688 -0.156437 0
    outer loop
      vertex 0.0246506 4.02962 11
      vertex 0.0983353 3.5644 0
      vertex 0.0983353 3.5644 11
    endloop
  endfacet
  facet normal -0.0523339 -0.99863 0
    outer loop
      vertex 4.02962 0.0246506 0
      vertex 4.5 0 11
      vertex 4.02962 0.0246506 11
    endloop
  endfacet
  facet normal -0.0523339 -0.99863 -0
    outer loop
      vertex 4.5 0 11
      vertex 4.02962 0.0246506 0
      vertex 4.5 0 0
    endloop
  endfacet
  facet normal 0.987716 -0.156261 0
    outer loop
      vertex 75.9017 3.5644 11
      vertex 75.9753 4.02962 0
      vertex 75.9753 4.02962 11
    endloop
  endfacet
  facet normal 0.987716 -0.156261 0
    outer loop
      vertex 75.9753 4.02962 0
      vertex 75.9017 3.5644 11
      vertex 75.9017 3.5644 0
    endloop
  endfacet
  facet normal 0.777177 -0.629283 0
    outer loop
      vertex 74.8442 1.48891 11
      vertex 75.1406 1.85497 0
      vertex 75.1406 1.85497 11
    endloop
  endfacet
  facet normal 0.777177 -0.629283 0
    outer loop
      vertex 75.1406 1.85497 0
      vertex 74.8442 1.48891 11
      vertex 74.8442 1.48891 0
    endloop
  endfacet
  facet normal 0.838705 -0.544586 0
    outer loop
      vertex 75.1406 1.85497 11
      vertex 75.3971 2.25 0
      vertex 75.3971 2.25 11
    endloop
  endfacet
  facet normal 0.838705 -0.544586 0
    outer loop
      vertex 75.3971 2.25 0
      vertex 75.1406 1.85497 11
      vertex 75.1406 1.85497 0
    endloop
  endfacet
  facet normal -1 0 0
    outer loop
      vertex 0 81.5 0
      vertex 0 69.9117 32.8883
      vertex 0 81.5 32.8883
    endloop
  endfacet
  facet normal -1 0 0
    outer loop
      vertex 0 81.5 0
      vertex 0 32 11
      vertex 0 69.9117 32.8883
    endloop
  endfacet
  facet normal -1 0 0
    outer loop
      vertex 0 4.5 0
      vertex 0 32 11
      vertex 0 81.5 0
    endloop
  endfacet
  facet normal -1 -0 0
    outer loop
      vertex 0 32 11
      vertex 0 4.5 0
      vertex 0 4.5 11
    endloop
  endfacet
  facet normal -0.358367 -0.933581 0
    outer loop
      vertex 2.66968 0.389045 0
      vertex 3.10942 0.220245 11
      vertex 2.66968 0.389045 11
    endloop
  endfacet
  facet normal -0.358367 -0.933581 -0
    outer loop
      vertex 3.10942 0.220245 11
      vertex 2.66968 0.389045 0
      vertex 3.10942 0.220245 0
    endloop
  endfacet
  facet normal 0 -1 0
    outer loop
      vertex 4.5 0 0
      vertex 71.5 0 11
      vertex 4.5 0 11
    endloop
  endfacet
  facet normal 0 -1 -0
    outer loop
      vertex 71.5 0 11
      vertex 4.5 0 0
      vertex 71.5 0 0
    endloop
  endfacet
  facet normal 0.965932 -0.258796 0
    outer loop
      vertex 75.7798 3.10942 11
      vertex 75.9017 3.5644 0
      vertex 75.9017 3.5644 11
    endloop
  endfacet
  facet normal 0.965932 -0.258796 0
    outer loop
      vertex 75.9017 3.5644 0
      vertex 75.7798 3.10942 11
      vertex 75.7798 3.10942 0
    endloop
  endfacet
  facet normal -0.453994 -0.891004 0
    outer loop
      vertex 2.25 0.602885 0
      vertex 2.66968 0.389045 11
      vertex 2.25 0.602885 11
    endloop
  endfacet
  facet normal -0.453994 -0.891004 -0
    outer loop
      vertex 2.66968 0.389045 11
      vertex 2.25 0.602885 0
      vertex 2.66968 0.389045 0
    endloop
  endfacet
  facet normal -0.258815 -0.965927 0
    outer loop
      vertex 3.10942 0.220245 0
      vertex 3.5644 0.0983353 11
      vertex 3.10942 0.220245 11
    endloop
  endfacet
  facet normal -0.258815 -0.965927 -0
    outer loop
      vertex 3.5644 0.0983353 11
      vertex 3.10942 0.220245 0
      vertex 3.5644 0.0983353 0
    endloop
  endfacet
  facet normal 0.933581 -0.358367 0
    outer loop
      vertex 75.611 2.66968 11
      vertex 75.7798 3.10942 0
      vertex 75.7798 3.10942 11
    endloop
  endfacet
  facet normal 0.933581 -0.358367 0
    outer loop
      vertex 75.7798 3.10942 0
      vertex 75.611 2.66968 11
      vertex 75.611 2.66968 0
    endloop
  endfacet
  facet normal 0.544672 -0.838649 0
    outer loop
      vertex 73.75 0.602885 0
      vertex 74.145 0.859423 11
      vertex 73.75 0.602885 11
    endloop
  endfacet
  facet normal 0.544672 -0.838649 0
    outer loop
      vertex 74.145 0.859423 11
      vertex 73.75 0.602885 0
      vertex 74.145 0.859423 0
    endloop
  endfacet
  facet normal 0.998624 -0.0524385 0
    outer loop
      vertex 75.9753 4.02962 11
      vertex 76 4.5 0
      vertex 76 4.5 11
    endloop
  endfacet
  facet normal 0.998624 -0.0524385 0
    outer loop
      vertex 76 4.5 0
      vertex 75.9753 4.02962 11
      vertex 75.9753 4.02962 0
    endloop
  endfacet
  facet normal 0.890953 -0.454096 0
    outer loop
      vertex 75.3971 2.25 11
      vertex 75.611 2.66968 0
      vertex 75.611 2.66968 11
    endloop
  endfacet
  facet normal 0.890953 -0.454096 0
    outer loop
      vertex 75.611 2.66968 0
      vertex 75.3971 2.25 11
      vertex 75.3971 2.25 0
    endloop
  endfacet
  facet normal 0 0 -1
    outer loop
      vertex 73.8 4.45 0
      vertex 76 4.5 0
      vertex 75.9753 4.02962 0
    endloop
  endfacet
  facet normal -0 0 -1
    outer loop
      vertex 76 4.5 0
      vertex 73.8 4.45 0
      vertex 76 81.5 0
    endloop
  endfacet
  facet normal 0 0 -1
    outer loop
      vertex 73.7877 4.21481 0
      vertex 75.9753 4.02962 0
      vertex 75.9017 3.5644 0
    endloop
  endfacet
  facet normal 0 0 -1
    outer loop
      vertex 73.8 81.55 0
      vertex 76 81.5 0
      vertex 73.8 4.45 0
    endloop
  endfacet
  facet normal 0 0 -1
    outer loop
      vertex 73.7508 3.9822 0
      vertex 75.9017 3.5644 0
      vertex 75.7798 3.10942 0
    endloop
  endfacet
  facet normal 0 0 -1
    outer loop
      vertex 76 81.5 0
      vertex 73.8 81.55 0
      vertex 75.9753 81.9704 0
    endloop
  endfacet
  facet normal 0 0 -1
    outer loop
      vertex 73.6899 3.75471 0
      vertex 75.7798 3.10942 0
      vertex 75.611 2.66968 0
    endloop
  endfacet
  facet normal 0 0 -1
    outer loop
      vertex 73.7877 81.7852 0
      vertex 75.9753 81.9704 0
      vertex 73.8 81.55 0
    endloop
  endfacet
  facet normal 0 0 -1
    outer loop
      vertex 73.6055 3.53484 0
      vertex 75.611 2.66968 0
      vertex 75.3971 2.25 0
    endloop
  endfacet
  facet normal -0 0 -1
    outer loop
      vertex 75.9753 81.9704 0
      vertex 73.7877 81.7852 0
      vertex 75.9017 82.4356 0
    endloop
  endfacet
  facet normal 0 0 -1
    outer loop
      vertex 73.4986 3.325 0
      vertex 75.3971 2.25 0
      vertex 75.1406 1.85497 0
    endloop
  endfacet
  facet normal 0 0 -1
    outer loop
      vertex 73.7508 82.0178 0
      vertex 75.9017 82.4356 0
      vertex 73.7877 81.7852 0
    endloop
  endfacet
  facet normal 0 0 -1
    outer loop
      vertex 73.3703 3.12748 0
      vertex 75.1406 1.85497 0
      vertex 74.8442 1.48891 0
    endloop
  endfacet
  facet normal -0 0 -1
    outer loop
      vertex 75.9017 82.4356 0
      vertex 73.7508 82.0178 0
      vertex 75.7798 82.8906 0
    endloop
  endfacet
  facet normal 0 0 -1
    outer loop
      vertex 73.2221 2.94446 0
      vertex 74.8442 1.48891 0
      vertex 74.5111 1.15585 0
    endloop
  endfacet
  facet normal 0 0 -1
    outer loop
      vertex 73.6899 82.2453 0
      vertex 75.7798 82.8906 0
      vertex 73.7508 82.0178 0
    endloop
  endfacet
  facet normal 0 0 -1
    outer loop
      vertex 73.0555 2.77792 0
      vertex 74.5111 1.15585 0
      vertex 74.145 0.859423 0
    endloop
  endfacet
  facet normal -0 0 -1
    outer loop
      vertex 75.7798 82.8906 0
      vertex 73.6899 82.2453 0
      vertex 75.611 83.3303 0
    endloop
  endfacet
  facet normal 0 0 -1
    outer loop
      vertex 73.6055 82.4652 0
      vertex 75.611 83.3303 0
      vertex 73.6899 82.2453 0
    endloop
  endfacet
  facet normal 0 0 -1
    outer loop
      vertex 75.9753 4.02962 0
      vertex 73.7877 4.21481 0
      vertex 73.8 4.45 0
    endloop
  endfacet
  facet normal 0 0 -1
    outer loop
      vertex 75.9017 3.5644 0
      vertex 73.7508 3.9822 0
      vertex 73.7877 4.21481 0
    endloop
  endfacet
  facet normal 0 0 -1
    outer loop
      vertex 72.675 2.50144 0
      vertex 74.145 0.859423 0
      vertex 73.75 0.602885 0
    endloop
  endfacet
  facet normal 0 0 -1
    outer loop
      vertex 75.7798 3.10942 0
      vertex 73.6899 3.75471 0
      vertex 73.7508 3.9822 0
    endloop
  endfacet
  facet normal 0 0 -1
    outer loop
      vertex 75.611 2.66968 0
      vertex 73.6055 3.53484 0
      vertex 73.6899 3.75471 0
    endloop
  endfacet
  facet normal 0 0 -1
    outer loop
      vertex 75.3971 2.25 0
      vertex 73.4986 3.325 0
      vertex 73.6055 3.53484 0
    endloop
  endfacet
  facet normal 0 0 -1
    outer loop
      vertex 75.1406 1.85497 0
      vertex 73.3703 3.12748 0
      vertex 73.4986 3.325 0
    endloop
  endfacet
  facet normal 0 0 -1
    outer loop
      vertex 72.4652 2.39452 0
      vertex 73.75 0.602885 0
      vertex 73.3303 0.389045 0
    endloop
  endfacet
  facet normal 0 0 -1
    outer loop
      vertex 74.8442 1.48891 0
      vertex 73.2221 2.94446 0
      vertex 73.3703 3.12748 0
    endloop
  endfacet
  facet normal 0 0 -1
    outer loop
      vertex 74.5111 1.15585 0
      vertex 73.0555 2.77792 0
      vertex 73.2221 2.94446 0
    endloop
  endfacet
  facet normal 0 0 -1
    outer loop
      vertex 72.2453 2.31012 0
      vertex 73.3303 0.389045 0
      vertex 72.8906 0.220245 0
    endloop
  endfacet
  facet normal 0 0 -1
    outer loop
      vertex 74.145 0.859423 0
      vertex 72.8725 2.62971 0
      vertex 73.0555 2.77792 0
    endloop
  endfacet
  facet normal 0 0 -1
    outer loop
      vertex 74.145 0.859423 0
      vertex 72.675 2.50144 0
      vertex 72.8725 2.62971 0
    endloop
  endfacet
  facet normal 0 0 -1
    outer loop
      vertex 73.75 0.602885 0
      vertex 72.4652 2.39452 0
      vertex 72.675 2.50144 0
    endloop
  endfacet
  facet normal 0 0 -1
    outer loop
      vertex 72.0178 2.24917 0
      vertex 72.8906 0.220245 0
      vertex 72.4356 0.0983353 0
    endloop
  endfacet
  facet normal 0 0 -1
    outer loop
      vertex 73.3303 0.389045 0
      vertex 72.2453 2.31012 0
      vertex 72.4652 2.39452 0
    endloop
  endfacet
  facet normal 0 0 -1
    outer loop
      vertex 72.8906 0.220245 0
      vertex 72.0178 2.24917 0
      vertex 72.2453 2.31012 0
    endloop
  endfacet
  facet normal 0 0 -1
    outer loop
      vertex 71.7852 2.21233 0
      vertex 72.4356 0.0983353 0
      vertex 71.9704 0.0246506 0
    endloop
  endfacet
  facet normal 0 0 -1
    outer loop
      vertex 72.4356 0.0983353 0
      vertex 71.7852 2.21233 0
      vertex 72.0178 2.24917 0
    endloop
  endfacet
  facet normal 0 0 -1
    outer loop
      vertex 71.9704 0.0246506 0
      vertex 71.55 2.2 0
      vertex 71.7852 2.21233 0
    endloop
  endfacet
  facet normal 0 0 -1
    outer loop
      vertex 71.5 0 0
      vertex 71.55 2.2 0
      vertex 71.9704 0.0246506 0
    endloop
  endfacet
  facet normal 0 0 -1
    outer loop
      vertex 4.5 0 0
      vertex 71.55 2.2 0
      vertex 71.5 0 0
    endloop
  endfacet
  facet normal 0 0 -1
    outer loop
      vertex 4.5 0 0
      vertex 4.45 2.2 0
      vertex 71.55 2.2 0
    endloop
  endfacet
  facet normal 0 0 -1
    outer loop
      vertex 4.02962 0.0246506 0
      vertex 4.45 2.2 0
      vertex 4.5 0 0
    endloop
  endfacet
  facet normal -0 0 -1
    outer loop
      vertex 4.45 2.2 0
      vertex 4.02962 0.0246506 0
      vertex 4.21481 2.21233 0
    endloop
  endfacet
  facet normal 0 0 -1
    outer loop
      vertex 3.5644 0.0983353 0
      vertex 4.21481 2.21233 0
      vertex 4.02962 0.0246506 0
    endloop
  endfacet
  facet normal -0 0 -1
    outer loop
      vertex 4.21481 2.21233 0
      vertex 3.5644 0.0983353 0
      vertex 3.9822 2.24917 0
    endloop
  endfacet
  facet normal 0 0 -1
    outer loop
      vertex 3.10942 0.220245 0
      vertex 3.9822 2.24917 0
      vertex 3.5644 0.0983353 0
    endloop
  endfacet
  facet normal -0 0 -1
    outer loop
      vertex 3.9822 2.24917 0
      vertex 3.10942 0.220245 0
      vertex 3.75471 2.31012 0
    endloop
  endfacet
  facet normal 0 0 -1
    outer loop
      vertex 2.66968 0.389045 0
      vertex 3.75471 2.31012 0
      vertex 3.10942 0.220245 0
    endloop
  endfacet
  facet normal -0 0 -1
    outer loop
      vertex 3.75471 2.31012 0
      vertex 2.66968 0.389045 0
      vertex 3.53484 2.39452 0
    endloop
  endfacet
  facet normal 0 0 -1
    outer loop
      vertex 2.25 0.602885 0
      vertex 3.53484 2.39452 0
      vertex 2.66968 0.389045 0
    endloop
  endfacet
  facet normal -0 0 -1
    outer loop
      vertex 3.53484 2.39452 0
      vertex 2.25 0.602885 0
      vertex 3.325 2.50144 0
    endloop
  endfacet
  facet normal 0 0 -1
    outer loop
      vertex 1.85497 0.859423 0
      vertex 3.325 2.50144 0
      vertex 2.25 0.602885 0
    endloop
  endfacet
  facet normal -0 0 -1
    outer loop
      vertex 3.325 2.50144 0
      vertex 1.85497 0.859423 0
      vertex 3.12748 2.62971 0
    endloop
  endfacet
  facet normal -0 0 -1
    outer loop
      vertex 3.12748 2.62971 0
      vertex 1.85497 0.859423 0
      vertex 2.94446 2.77792 0
    endloop
  endfacet
  facet normal 0 0 -1
    outer loop
      vertex 1.48891 1.15585 0
      vertex 2.94446 2.77792 0
      vertex 1.85497 0.859423 0
    endloop
  endfacet
  facet normal -0 0 -1
    outer loop
      vertex 2.94446 2.77792 0
      vertex 1.48891 1.15585 0
      vertex 2.77792 2.94446 0
    endloop
  endfacet
  facet normal 0 0 -1
    outer loop
      vertex 1.15585 1.48891 0
      vertex 2.77792 2.94446 0
      vertex 1.48891 1.15585 0
    endloop
  endfacet
  facet normal -0 0 -1
    outer loop
      vertex 2.77792 2.94446 0
      vertex 1.15585 1.48891 0
      vertex 2.62971 3.12748 0
    endloop
  endfacet
  facet normal 0 0 -1
    outer loop
      vertex 0.859423 1.85497 0
      vertex 2.62971 3.12748 0
      vertex 1.15585 1.48891 0
    endloop
  endfacet
  facet normal -0 0 -1
    outer loop
      vertex 2.62971 3.12748 0
      vertex 0.859423 1.85497 0
      vertex 2.50144 3.325 0
    endloop
  endfacet
  facet normal 0 0 -1
    outer loop
      vertex 0.602885 2.25 0
      vertex 2.50144 3.325 0
      vertex 0.859423 1.85497 0
    endloop
  endfacet
  facet normal 0 0 -1
    outer loop
      vertex 0.389045 2.66968 0
      vertex 2.39452 3.53484 0
      vertex 0.602885 2.25 0
    endloop
  endfacet
  facet normal -0 0 -1
    outer loop
      vertex 2.50144 3.325 0
      vertex 0.602885 2.25 0
      vertex 2.39452 3.53484 0
    endloop
  endfacet
  facet normal -0 0 -1
    outer loop
      vertex 75.611 83.3303 0
      vertex 73.6055 82.4652 0
      vertex 75.3971 83.75 0
    endloop
  endfacet
  facet normal 0 0 -1
    outer loop
      vertex 73.4986 82.675 0
      vertex 75.3971 83.75 0
      vertex 73.6055 82.4652 0
    endloop
  endfacet
  facet normal -0 0 -1
    outer loop
      vertex 75.3971 83.75 0
      vertex 73.4986 82.675 0
      vertex 75.1406 84.145 0
    endloop
  endfacet
  facet normal 0 0 -1
    outer loop
      vertex 73.3703 82.8725 0
      vertex 75.1406 84.145 0
      vertex 73.4986 82.675 0
    endloop
  endfacet
  facet normal -0 0 -1
    outer loop
      vertex 75.1406 84.145 0
      vertex 73.3703 82.8725 0
      vertex 74.8442 84.5111 0
    endloop
  endfacet
  facet normal 0 0 -1
    outer loop
      vertex 73.2221 83.0555 0
      vertex 74.8442 84.5111 0
      vertex 73.3703 82.8725 0
    endloop
  endfacet
  facet normal -0 0 -1
    outer loop
      vertex 74.8442 84.5111 0
      vertex 73.2221 83.0555 0
      vertex 74.5111 84.8442 0
    endloop
  endfacet
  facet normal 0 0 -1
    outer loop
      vertex 73.0555 83.2221 0
      vertex 74.5111 84.8442 0
      vertex 73.2221 83.0555 0
    endloop
  endfacet
  facet normal -0 0 -1
    outer loop
      vertex 74.5111 84.8442 0
      vertex 73.0555 83.2221 0
      vertex 74.145 85.1406 0
    endloop
  endfacet
  facet normal 0 0 -1
    outer loop
      vertex 72.8725 83.3703 0
      vertex 74.145 85.1406 0
      vertex 73.0555 83.2221 0
    endloop
  endfacet
  facet normal 0 0 -1
    outer loop
      vertex 72.675 83.4986 0
      vertex 74.145 85.1406 0
      vertex 72.8725 83.3703 0
    endloop
  endfacet
  facet normal -0 0 -1
    outer loop
      vertex 74.145 85.1406 0
      vertex 72.675 83.4986 0
      vertex 73.75 85.3971 0
    endloop
  endfacet
  facet normal 0 0 -1
    outer loop
      vertex 72.4652 83.6055 0
      vertex 73.75 85.3971 0
      vertex 72.675 83.4986 0
    endloop
  endfacet
  facet normal -0 0 -1
    outer loop
      vertex 73.75 85.3971 0
      vertex 72.4652 83.6055 0
      vertex 73.3303 85.611 0
    endloop
  endfacet
  facet normal 0 0 -1
    outer loop
      vertex 72.2453 83.6899 0
      vertex 73.3303 85.611 0
      vertex 72.4652 83.6055 0
    endloop
  endfacet
  facet normal -0 0 -1
    outer loop
      vertex 73.3303 85.611 0
      vertex 72.2453 83.6899 0
      vertex 72.8906 85.7798 0
    endloop
  endfacet
  facet normal 0 0 -1
    outer loop
      vertex 72.0178 83.7508 0
      vertex 72.8906 85.7798 0
      vertex 72.2453 83.6899 0
    endloop
  endfacet
  facet normal -0 0 -1
    outer loop
      vertex 72.8906 85.7798 0
      vertex 72.0178 83.7508 0
      vertex 72.4356 85.9017 0
    endloop
  endfacet
  facet normal 0 0 -1
    outer loop
      vertex 71.7852 83.7877 0
      vertex 72.4356 85.9017 0
      vertex 72.0178 83.7508 0
    endloop
  endfacet
  facet normal -0 0 -1
    outer loop
      vertex 72.4356 85.9017 0
      vertex 71.7852 83.7877 0
      vertex 71.9704 85.9753 0
    endloop
  endfacet
  facet normal 0 0 -1
    outer loop
      vertex 71.55 83.8 0
      vertex 71.9704 85.9753 0
      vertex 71.7852 83.7877 0
    endloop
  endfacet
  facet normal 0 0 -1
    outer loop
      vertex 71.55 83.8 0
      vertex 71.5 86 0
      vertex 71.9704 85.9753 0
    endloop
  endfacet
  facet normal 0 0 -1
    outer loop
      vertex 71.55 83.8 0
      vertex 44 84 0
      vertex 71.5 86 0
    endloop
  endfacet
  facet normal 0 0 -1
    outer loop
      vertex 71.55 83.8 0
      vertex 32 84 0
      vertex 44 84 0
    endloop
  endfacet
  facet normal 0 0 -1
    outer loop
      vertex 32 84 0
      vertex 4.5 86 0
      vertex 32 86 0
    endloop
  endfacet
  facet normal 0 0 -1
    outer loop
      vertex 4.45 83.8 0
      vertex 32 84 0
      vertex 71.55 83.8 0
    endloop
  endfacet
  facet normal 0 0 -1
    outer loop
      vertex 4.45 83.8 0
      vertex 4.5 86 0
      vertex 32 84 0
    endloop
  endfacet
  facet normal 0 0 -1
    outer loop
      vertex 4.02962 85.9753 0
      vertex 4.45 83.8 0
      vertex 4.21481 83.7877 0
    endloop
  endfacet
  facet normal 0 0 -1
    outer loop
      vertex 4.45 83.8 0
      vertex 4.02962 85.9753 0
      vertex 4.5 86 0
    endloop
  endfacet
  facet normal 0 0 -1
    outer loop
      vertex 3.5644 85.9017 0
      vertex 4.21481 83.7877 0
      vertex 3.9822 83.7508 0
    endloop
  endfacet
  facet normal 0 0 -1
    outer loop
      vertex 3.10942 85.7798 0
      vertex 3.9822 83.7508 0
      vertex 3.75471 83.6899 0
    endloop
  endfacet
  facet normal 0 0 -1
    outer loop
      vertex 4.21481 83.7877 0
      vertex 3.5644 85.9017 0
      vertex 4.02962 85.9753 0
    endloop
  endfacet
  facet normal 0 0 -1
    outer loop
      vertex 2.66968 85.611 0
      vertex 3.75471 83.6899 0
      vertex 3.53484 83.6055 0
    endloop
  endfacet
  facet normal 0 0 -1
    outer loop
      vertex 2.25 85.3971 0
      vertex 3.53484 83.6055 0
      vertex 3.325 83.4986 0
    endloop
  endfacet
  facet normal 0 0 -1
    outer loop
      vertex 1.85497 85.1406 0
      vertex 3.325 83.4986 0
      vertex 3.12748 83.3703 0
    endloop
  endfacet
  facet normal 0 0 -1
    outer loop
      vertex 3.9822 83.7508 0
      vertex 3.10942 85.7798 0
      vertex 3.5644 85.9017 0
    endloop
  endfacet
  facet normal 0 0 -1
    outer loop
      vertex 1.85497 85.1406 0
      vertex 3.12748 83.3703 0
      vertex 2.94446 83.2221 0
    endloop
  endfacet
  facet normal 0 0 -1
    outer loop
      vertex 1.48891 84.8442 0
      vertex 2.94446 83.2221 0
      vertex 2.77792 83.0555 0
    endloop
  endfacet
  facet normal 0 0 -1
    outer loop
      vertex 3.75471 83.6899 0
      vertex 2.66968 85.611 0
      vertex 3.10942 85.7798 0
    endloop
  endfacet
  facet normal 0 0 -1
    outer loop
      vertex 1.15585 84.5111 0
      vertex 2.77792 83.0555 0
      vertex 2.62971 82.8725 0
    endloop
  endfacet
  facet normal 0 0 -1
    outer loop
      vertex 0.859423 84.145 0
      vertex 2.62971 82.8725 0
      vertex 2.50144 82.675 0
    endloop
  endfacet
  facet normal 0 0 -1
    outer loop
      vertex 0.602885 83.75 0
      vertex 2.50144 82.675 0
      vertex 2.39452 82.4652 0
    endloop
  endfacet
  facet normal 0 0 -1
    outer loop
      vertex 0.389045 83.3303 0
      vertex 2.39452 82.4652 0
      vertex 2.31012 82.2453 0
    endloop
  endfacet
  facet normal 0 0 -1
    outer loop
      vertex 3.53484 83.6055 0
      vertex 2.25 85.3971 0
      vertex 2.66968 85.611 0
    endloop
  endfacet
  facet normal 0 0 -1
    outer loop
      vertex 0.220245 82.8906 0
      vertex 2.31012 82.2453 0
      vertex 2.24917 82.0178 0
    endloop
  endfacet
  facet normal 0 0 -1
    outer loop
      vertex 0.0983353 82.4356 0
      vertex 2.24917 82.0178 0
      vertex 2.21233 81.7852 0
    endloop
  endfacet
  facet normal 0 0 -1
    outer loop
      vertex 0.0246506 81.9704 0
      vertex 2.21233 81.7852 0
      vertex 2.2 81.55 0
    endloop
  endfacet
  facet normal 0 0 -1
    outer loop
      vertex 3.325 83.4986 0
      vertex 1.85497 85.1406 0
      vertex 2.25 85.3971 0
    endloop
  endfacet
  facet normal 0 0 -1
    outer loop
      vertex 2.2 4.45 0
      vertex 0 4.5 0
      vertex 2.2 81.55 0
    endloop
  endfacet
  facet normal -0 0 -1
    outer loop
      vertex 2.39452 3.53484 0
      vertex 0.389045 2.66968 0
      vertex 2.31012 3.75471 0
    endloop
  endfacet
  facet normal 0 0 -1
    outer loop
      vertex 0 81.5 0
      vertex 2.2 81.55 0
      vertex 0 4.5 0
    endloop
  endfacet
  facet normal 0 0 -1
    outer loop
      vertex 0.220245 3.10942 0
      vertex 2.31012 3.75471 0
      vertex 0.389045 2.66968 0
    endloop
  endfacet
  facet normal 0 -0 -1
    outer loop
      vertex 0.0246506 81.9704 0
      vertex 2.2 81.55 0
      vertex 0 81.5 0
    endloop
  endfacet
  facet normal -0 0 -1
    outer loop
      vertex 2.31012 3.75471 0
      vertex 0.220245 3.10942 0
      vertex 2.24917 3.9822 0
    endloop
  endfacet
  facet normal 0 0 -1
    outer loop
      vertex 2.94446 83.2221 0
      vertex 1.48891 84.8442 0
      vertex 1.85497 85.1406 0
    endloop
  endfacet
  facet normal 0 0 -1
    outer loop
      vertex 0.0983353 3.5644 0
      vertex 2.24917 3.9822 0
      vertex 0.220245 3.10942 0
    endloop
  endfacet
  facet normal 0 0 -1
    outer loop
      vertex 2.77792 83.0555 0
      vertex 1.15585 84.5111 0
      vertex 1.48891 84.8442 0
    endloop
  endfacet
  facet normal -0 0 -1
    outer loop
      vertex 2.24917 3.9822 0
      vertex 0.0983353 3.5644 0
      vertex 2.21233 4.21481 0
    endloop
  endfacet
  facet normal 0 0 -1
    outer loop
      vertex 2.62971 82.8725 0
      vertex 0.859423 84.145 0
      vertex 1.15585 84.5111 0
    endloop
  endfacet
  facet normal 0 0 -1
    outer loop
      vertex 0.0246506 4.02962 0
      vertex 2.21233 4.21481 0
      vertex 0.0983353 3.5644 0
    endloop
  endfacet
  facet normal 0 0 -1
    outer loop
      vertex 2.50144 82.675 0
      vertex 0.602885 83.75 0
      vertex 0.859423 84.145 0
    endloop
  endfacet
  facet normal -0 0 -1
    outer loop
      vertex 2.21233 4.21481 0
      vertex 0.0246506 4.02962 0
      vertex 2.2 4.45 0
    endloop
  endfacet
  facet normal 0 0 -1
    outer loop
      vertex 2.39452 82.4652 0
      vertex 0.389045 83.3303 0
      vertex 0.602885 83.75 0
    endloop
  endfacet
  facet normal -0 0 -1
    outer loop
      vertex 2.2 4.45 0
      vertex 0.0246506 4.02962 0
      vertex 0 4.5 0
    endloop
  endfacet
  facet normal 0 0 -1
    outer loop
      vertex 2.31012 82.2453 0
      vertex 0.220245 82.8906 0
      vertex 0.389045 83.3303 0
    endloop
  endfacet
  facet normal 0 0 -1
    outer loop
      vertex 2.24917 82.0178 0
      vertex 0.0983353 82.4356 0
      vertex 0.220245 82.8906 0
    endloop
  endfacet
  facet normal 0 0 -1
    outer loop
      vertex 2.21233 81.7852 0
      vertex 0.0246506 81.9704 0
      vertex 0.0983353 82.4356 0
    endloop
  endfacet
  facet normal -0 0 -1
    outer loop
      vertex 71.5 86 0
      vertex 44 84 0
      vertex 44 86 0
    endloop
  endfacet
  facet normal 0.358396 -0.93357 0
    outer loop
      vertex 72.8906 0.220245 0
      vertex 73.3303 0.389045 11
      vertex 72.8906 0.220245 11
    endloop
  endfacet
  facet normal 0.358396 -0.93357 0
    outer loop
      vertex 73.3303 0.389045 11
      vertex 72.8906 0.220245 0
      vertex 73.3303 0.389045 0
    endloop
  endfacet
  facet normal -0.933581 -0.358367 0
    outer loop
      vertex 0.389045 2.66968 0
      vertex 0.220245 3.10942 11
      vertex 0.220245 3.10942 0
    endloop
  endfacet
  facet normal -0.933581 -0.358367 0
    outer loop
      vertex 0.220245 3.10942 11
      vertex 0.389045 2.66968 0
      vertex 0.389045 2.66968 11
    endloop
  endfacet
  facet normal 0.453977 -0.891013 0
    outer loop
      vertex 73.3303 0.389045 0
      vertex 73.75 0.602885 11
      vertex 73.3303 0.389045 11
    endloop
  endfacet
  facet normal 0.453977 -0.891013 0
    outer loop
      vertex 73.75 0.602885 11
      vertex 73.3303 0.389045 0
      vertex 73.75 0.602885 0
    endloop
  endfacet
  facet normal -0.891004 -0.453994 0
    outer loop
      vertex 0.602885 2.25 0
      vertex 0.389045 2.66968 11
      vertex 0.389045 2.66968 0
    endloop
  endfacet
  facet normal -0.891004 -0.453994 0
    outer loop
      vertex 0.389045 2.66968 11
      vertex 0.602885 2.25 0
      vertex 0.602885 2.25 11
    endloop
  endfacet
  facet normal -0.965927 -0.258815 0
    outer loop
      vertex 0.220245 3.10942 0
      vertex 0.0983353 3.5644 11
      vertex 0.0983353 3.5644 0
    endloop
  endfacet
  facet normal -0.965927 -0.258815 0
    outer loop
      vertex 0.0983353 3.5644 11
      vertex 0.220245 3.10942 0
      vertex 0.220245 3.10942 11
    endloop
  endfacet
  facet normal -0.156437 -0.987688 0
    outer loop
      vertex 3.5644 0.0983353 0
      vertex 4.02962 0.0246506 11
      vertex 3.5644 0.0983353 11
    endloop
  endfacet
  facet normal -0.156437 -0.987688 -0
    outer loop
      vertex 4.02962 0.0246506 11
      vertex 3.5644 0.0983353 0
      vertex 4.02962 0.0246506 0
    endloop
  endfacet
  facet normal -0.544643 -0.838668 0
    outer loop
      vertex 1.85497 0.859423 0
      vertex 2.25 0.602885 11
      vertex 1.85497 0.859423 11
    endloop
  endfacet
  facet normal -0.544643 -0.838668 -0
    outer loop
      vertex 2.25 0.602885 11
      vertex 1.85497 0.859423 0
      vertex 2.25 0.602885 0
    endloop
  endfacet
  facet normal -0.777149 -0.629317 0
    outer loop
      vertex 1.15585 1.48891 0
      vertex 0.859423 1.85497 11
      vertex 0.859423 1.85497 0
    endloop
  endfacet
  facet normal -0.777149 -0.629317 0
    outer loop
      vertex 0.859423 1.85497 11
      vertex 1.15585 1.48891 0
      vertex 1.15585 1.48891 11
    endloop
  endfacet
  facet normal -0.99863 -0.0523339 0
    outer loop
      vertex 0.0246506 4.02962 0
      vertex 0 4.5 11
      vertex 0 4.5 0
    endloop
  endfacet
  facet normal -0.99863 -0.0523339 0
    outer loop
      vertex 0 4.5 11
      vertex 0.0246506 4.02962 0
      vertex 0.0246506 4.02962 11
    endloop
  endfacet
  facet normal -0.629317 -0.777149 0
    outer loop
      vertex 1.48891 1.15585 0
      vertex 1.85497 0.859423 11
      vertex 1.48891 1.15585 11
    endloop
  endfacet
  facet normal -0.629317 -0.777149 -0
    outer loop
      vertex 1.85497 0.859423 11
      vertex 1.48891 1.15585 0
      vertex 1.85497 0.859423 0
    endloop
  endfacet
  facet normal 0 0 1
    outer loop
      vertex 21.475 14.6 11
      vertex 21.175 14.6 11
      vertex 21.475 9.5 11
    endloop
  endfacet
  facet normal 0 0 1
    outer loop
      vertex 26.575 9.5 11
      vertex 21.475 9.5 11
      vertex 26.575 9.2 11
    endloop
  endfacet
  facet normal 0 0 1
    outer loop
      vertex 35.775 18.4 11
      vertex 35.475 23.5 11
      vertex 35.475 18.4 11
    endloop
  endfacet
  facet normal 0 0 1
    outer loop
      vertex 35.475 23.5 11
      vertex 30.375 23.8 11
      vertex 30.375 23.5 11
    endloop
  endfacet
  facet normal 0 0 1
    outer loop
      vertex 40.525 14.6 11
      vertex 40.225 14.6 11
      vertex 40.525 9.5 11
    endloop
  endfacet
  facet normal 0 0 1
    outer loop
      vertex 45.625 9.5 11
      vertex 40.525 9.5 11
      vertex 45.625 9.2 11
    endloop
  endfacet
  facet normal -0 0 1
    outer loop
      vertex 75.9753 31.5296 11
      vertex 76 4.5 11
      vertex 76 32 11
    endloop
  endfacet
  facet normal -0 0 1
    outer loop
      vertex 75.9017 31.0644 11
      vertex 76 4.5 11
      vertex 75.9753 31.5296 11
    endloop
  endfacet
  facet normal -0 0 1
    outer loop
      vertex 75.7798 30.6094 11
      vertex 76 4.5 11
      vertex 75.9017 31.0644 11
    endloop
  endfacet
  facet normal -0 0 1
    outer loop
      vertex 75.611 30.1697 11
      vertex 76 4.5 11
      vertex 75.7798 30.6094 11
    endloop
  endfacet
  facet normal -0 0 1
    outer loop
      vertex 75.3971 29.75 11
      vertex 76 4.5 11
      vertex 75.611 30.1697 11
    endloop
  endfacet
  facet normal -0 0 1
    outer loop
      vertex 75.1406 29.355 11
      vertex 76 4.5 11
      vertex 75.3971 29.75 11
    endloop
  endfacet
  facet normal -0 0 1
    outer loop
      vertex 74.8442 28.9889 11
      vertex 76 4.5 11
      vertex 75.1406 29.355 11
    endloop
  endfacet
  facet normal -0 0 1
    outer loop
      vertex 74.5111 28.6558 11
      vertex 76 4.5 11
      vertex 74.8442 28.9889 11
    endloop
  endfacet
  facet normal -0 0 1
    outer loop
      vertex 74.145 28.3594 11
      vertex 76 4.5 11
      vertex 74.5111 28.6558 11
    endloop
  endfacet
  facet normal -0 0 1
    outer loop
      vertex 73.75 28.1029 11
      vertex 76 4.5 11
      vertex 74.145 28.3594 11
    endloop
  endfacet
  facet normal -0 0 1
    outer loop
      vertex 73.3303 27.889 11
      vertex 76 4.5 11
      vertex 73.75 28.1029 11
    endloop
  endfacet
  facet normal -0 0 1
    outer loop
      vertex 72.8906 27.7202 11
      vertex 76 4.5 11
      vertex 73.3303 27.889 11
    endloop
  endfacet
  facet normal -0 0 1
    outer loop
      vertex 72.4356 27.5983 11
      vertex 76 4.5 11
      vertex 72.8906 27.7202 11
    endloop
  endfacet
  facet normal -0 0 1
    outer loop
      vertex 71.9704 27.5247 11
      vertex 76 4.5 11
      vertex 72.4356 27.5983 11
    endloop
  endfacet
  facet normal -0 0 1
    outer loop
      vertex 71.5 27.5 11
      vertex 76 4.5 11
      vertex 71.9704 27.5247 11
    endloop
  endfacet
  facet normal -0 0 1
    outer loop
      vertex 54.825 14.6 11
      vertex 76 4.5 11
      vertex 71.5 27.5 11
    endloop
  endfacet
  facet normal -0 0 1
    outer loop
      vertex 54.525 9.5 11
      vertex 76 4.5 11
      vertex 54.825 14.6 11
    endloop
  endfacet
  facet normal 0 -0 1
    outer loop
      vertex 71.5 0 11
      vertex 76 4.5 11
      vertex 54.525 9.5 11
    endloop
  endfacet
  facet normal 0 0 1
    outer loop
      vertex 76 4.5 11
      vertex 71.5 0 11
      vertex 75.9753 4.02962 11
    endloop
  endfacet
  facet normal 0 0 1
    outer loop
      vertex 75.9753 4.02962 11
      vertex 71.5 0 11
      vertex 75.9017 3.5644 11
    endloop
  endfacet
  facet normal 0 0 1
    outer loop
      vertex 75.7798 3.10942 11
      vertex 71.5 0 11
      vertex 75.611 2.66968 11
    endloop
  endfacet
  facet normal 0 0 1
    outer loop
      vertex 75.611 2.66968 11
      vertex 71.5 0 11
      vertex 75.3971 2.25 11
    endloop
  endfacet
  facet normal 0 0 1
    outer loop
      vertex 75.3971 2.25 11
      vertex 71.5 0 11
      vertex 75.1406 1.85497 11
    endloop
  endfacet
  facet normal 0 0 1
    outer loop
      vertex 75.1406 1.85497 11
      vertex 71.5 0 11
      vertex 74.8442 1.48891 11
    endloop
  endfacet
  facet normal 0 0 1
    outer loop
      vertex 74.8442 1.48891 11
      vertex 71.5 0 11
      vertex 74.5111 1.15585 11
    endloop
  endfacet
  facet normal 0 0 1
    outer loop
      vertex 74.145 0.859423 11
      vertex 71.5 0 11
      vertex 73.75 0.602885 11
    endloop
  endfacet
  facet normal 0 0 1
    outer loop
      vertex 73.75 0.602885 11
      vertex 71.5 0 11
      vertex 73.3303 0.389045 11
    endloop
  endfacet
  facet normal 0 0 1
    outer loop
      vertex 73.3303 0.389045 11
      vertex 71.5 0 11
      vertex 72.8906 0.220245 11
    endloop
  endfacet
  facet normal 0 0 1
    outer loop
      vertex 72.8906 0.220245 11
      vertex 71.5 0 11
      vertex 72.4356 0.0983353 11
    endloop
  endfacet
  facet normal 0 0 1
    outer loop
      vertex 72.4356 0.0983353 11
      vertex 71.5 0 11
      vertex 71.9704 0.0246506 11
    endloop
  endfacet
  facet normal 0 0 1
    outer loop
      vertex 54.825 14.6 11
      vertex 71.5 27.5 11
      vertex 54.825 18.4 11
    endloop
  endfacet
  facet normal 0 0 1
    outer loop
      vertex 71.5 27.5 11
      vertex 54.525 23.5 11
      vertex 54.825 18.4 11
    endloop
  endfacet
  facet normal 0 0 1
    outer loop
      vertex 71.5 27.5 11
      vertex 49.425 23.8 11
      vertex 54.525 23.5 11
    endloop
  endfacet
  facet normal 0 0 1
    outer loop
      vertex 71.5 27.5 11
      vertex 45.625 23.8 11
      vertex 49.425 23.8 11
    endloop
  endfacet
  facet normal 0 0 1
    outer loop
      vertex 45.625 23.8 11
      vertex 40.525 23.5 11
      vertex 45.625 23.5 11
    endloop
  endfacet
  facet normal 0 0 1
    outer loop
      vertex 30.375 23.8 11
      vertex 45.625 23.8 11
      vertex 71.5 27.5 11
    endloop
  endfacet
  facet normal 0 0 1
    outer loop
      vertex 40.525 23.5 11
      vertex 40.225 18.4 11
      vertex 40.525 18.4 11
    endloop
  endfacet
  facet normal 0 0 1
    outer loop
      vertex 40.225 18.4 11
      vertex 35.775 18.4 11
      vertex 40.225 14.6 11
    endloop
  endfacet
  facet normal 0 0 1
    outer loop
      vertex 40.525 23.5 11
      vertex 35.775 18.4 11
      vertex 40.225 18.4 11
    endloop
  endfacet
  facet normal 0 0 1
    outer loop
      vertex 40.525 23.5 11
      vertex 35.475 23.5 11
      vertex 35.775 18.4 11
    endloop
  endfacet
  facet normal 0 0 1
    outer loop
      vertex 45.625 23.8 11
      vertex 30.375 23.8 11
      vertex 40.525 23.5 11
    endloop
  endfacet
  facet normal 0 0 1
    outer loop
      vertex 40.525 23.5 11
      vertex 30.375 23.8 11
      vertex 35.475 23.5 11
    endloop
  endfacet
  facet normal -0 0 1
    outer loop
      vertex 4.5 27.5 11
      vertex 30.375 23.8 11
      vertex 71.5 27.5 11
    endloop
  endfacet
  facet normal 0 0 1
    outer loop
      vertex 26.575 23.8 11
      vertex 21.475 23.5 11
      vertex 26.575 23.5 11
    endloop
  endfacet
  facet normal 0 0 1
    outer loop
      vertex 30.375 23.8 11
      vertex 4.5 27.5 11
      vertex 26.575 23.8 11
    endloop
  endfacet
  facet normal 0 0 1
    outer loop
      vertex 21.475 23.5 11
      vertex 21.175 18.4 11
      vertex 21.475 18.4 11
    endloop
  endfacet
  facet normal 0 0 1
    outer loop
      vertex 21.175 18.4 11
      vertex 4.5 27.5 11
      vertex 21.175 14.6 11
    endloop
  endfacet
  facet normal 0 0 1
    outer loop
      vertex 21.475 23.5 11
      vertex 4.5 27.5 11
      vertex 21.175 18.4 11
    endloop
  endfacet
  facet normal 0 0 1
    outer loop
      vertex 26.575 23.8 11
      vertex 4.5 27.5 11
      vertex 21.475 23.5 11
    endloop
  endfacet
  facet normal 0 0 1
    outer loop
      vertex 74.5111 1.15585 11
      vertex 71.5 0 11
      vertex 74.145 0.859423 11
    endloop
  endfacet
  facet normal 0 0 1
    outer loop
      vertex 54.525 9.5 11
      vertex 54.825 14.6 11
      vertex 54.525 14.6 11
    endloop
  endfacet
  facet normal 0 0 1
    outer loop
      vertex 75.9017 3.5644 11
      vertex 71.5 0 11
      vertex 75.7798 3.10942 11
    endloop
  endfacet
  facet normal 0 0 1
    outer loop
      vertex 49.425 9.2 11
      vertex 54.525 9.5 11
      vertex 49.425 9.5 11
    endloop
  endfacet
  facet normal 0 0 1
    outer loop
      vertex 54.525 9.5 11
      vertex 49.425 9.2 11
      vertex 71.5 0 11
    endloop
  endfacet
  facet normal -0 0 1
    outer loop
      vertex 45.625 9.2 11
      vertex 71.5 0 11
      vertex 49.425 9.2 11
    endloop
  endfacet
  facet normal 0 0 1
    outer loop
      vertex 40.525 9.5 11
      vertex 71.5 0 11
      vertex 45.625 9.2 11
    endloop
  endfacet
  facet normal 0 0 1
    outer loop
      vertex 35.775 14.6 11
      vertex 40.225 14.6 11
      vertex 35.775 18.4 11
    endloop
  endfacet
  facet normal 0 0 1
    outer loop
      vertex 40.225 14.6 11
      vertex 35.775 14.6 11
      vertex 40.525 9.5 11
    endloop
  endfacet
  facet normal 0 0 1
    outer loop
      vertex 35.475 9.5 11
      vertex 35.775 14.6 11
      vertex 35.475 14.6 11
    endloop
  endfacet
  facet normal 0 0 1
    outer loop
      vertex 35.775 14.6 11
      vertex 35.475 9.5 11
      vertex 40.525 9.5 11
    endloop
  endfacet
  facet normal -0 0 1
    outer loop
      vertex 35.475 9.5 11
      vertex 71.5 0 11
      vertex 40.525 9.5 11
    endloop
  endfacet
  facet normal 0 0 1
    outer loop
      vertex 30.375 9.2 11
      vertex 35.475 9.5 11
      vertex 30.375 9.5 11
    endloop
  endfacet
  facet normal 0 0 1
    outer loop
      vertex 4.5 0 11
      vertex 35.475 9.5 11
      vertex 30.375 9.2 11
    endloop
  endfacet
  facet normal 0 0 1
    outer loop
      vertex 4.5 0 11
      vertex 30.375 9.2 11
      vertex 26.575 9.2 11
    endloop
  endfacet
  facet normal 0 0 1
    outer loop
      vertex 4.5 0 11
      vertex 26.575 9.2 11
      vertex 21.475 9.5 11
    endloop
  endfacet
  facet normal 0 0 1
    outer loop
      vertex 0 4.5 11
      vertex 21.175 14.6 11
      vertex 4.5 27.5 11
    endloop
  endfacet
  facet normal 0 0 1
    outer loop
      vertex 35.475 9.5 11
      vertex 4.5 0 11
      vertex 71.5 0 11
    endloop
  endfacet
  facet normal 0 0 1
    outer loop
      vertex 21.175 14.6 11
      vertex 0 4.5 11
      vertex 21.475 9.5 11
    endloop
  endfacet
  facet normal 0 0 1
    outer loop
      vertex 0 4.5 11
      vertex 4.5 27.5 11
      vertex 4.02962 27.5247 11
    endloop
  endfacet
  facet normal 0 0 1
    outer loop
      vertex 21.475 9.5 11
      vertex 0 4.5 11
      vertex 4.5 0 11
    endloop
  endfacet
  facet normal 0 0 1
    outer loop
      vertex 0 4.5 11
      vertex 4.02962 27.5247 11
      vertex 3.5644 27.5983 11
    endloop
  endfacet
  facet normal 0 0 1
    outer loop
      vertex 4.5 0 11
      vertex 0 4.5 11
      vertex 4.02962 0.0246506 11
    endloop
  endfacet
  facet normal 0 0 1
    outer loop
      vertex 0 4.5 11
      vertex 3.5644 27.5983 11
      vertex 3.10942 27.7202 11
    endloop
  endfacet
  facet normal 0 0 1
    outer loop
      vertex 4.02962 0.0246506 11
      vertex 0 4.5 11
      vertex 3.5644 0.0983353 11
    endloop
  endfacet
  facet normal 0 0 1
    outer loop
      vertex 0 4.5 11
      vertex 3.10942 27.7202 11
      vertex 2.66968 27.889 11
    endloop
  endfacet
  facet normal 0 0 1
    outer loop
      vertex 3.5644 0.0983353 11
      vertex 0 4.5 11
      vertex 3.10942 0.220245 11
    endloop
  endfacet
  facet normal 0 0 1
    outer loop
      vertex 0 4.5 11
      vertex 2.66968 27.889 11
      vertex 2.25 28.1029 11
    endloop
  endfacet
  facet normal 0 0 1
    outer loop
      vertex 3.10942 0.220245 11
      vertex 0 4.5 11
      vertex 2.66968 0.389045 11
    endloop
  endfacet
  facet normal 0 0 1
    outer loop
      vertex 0 4.5 11
      vertex 2.25 28.1029 11
      vertex 1.85497 28.3594 11
    endloop
  endfacet
  facet normal 0 0 1
    outer loop
      vertex 2.66968 0.389045 11
      vertex 0 4.5 11
      vertex 2.25 0.602885 11
    endloop
  endfacet
  facet normal 0 0 1
    outer loop
      vertex 0 4.5 11
      vertex 1.85497 28.3594 11
      vertex 1.48891 28.6558 11
    endloop
  endfacet
  facet normal 0 0 1
    outer loop
      vertex 2.25 0.602885 11
      vertex 0 4.5 11
      vertex 1.85497 0.859423 11
    endloop
  endfacet
  facet normal 0 0 1
    outer loop
      vertex 0 4.5 11
      vertex 1.48891 28.6558 11
      vertex 1.15585 28.9889 11
    endloop
  endfacet
  facet normal 0 0 1
    outer loop
      vertex 1.85497 0.859423 11
      vertex 0 4.5 11
      vertex 1.48891 1.15585 11
    endloop
  endfacet
  facet normal 0 0 1
    outer loop
      vertex 0 4.5 11
      vertex 1.15585 28.9889 11
      vertex 0.859423 29.355 11
    endloop
  endfacet
  facet normal 0 0 1
    outer loop
      vertex 1.48891 1.15585 11
      vertex 0 4.5 11
      vertex 1.15585 1.48891 11
    endloop
  endfacet
  facet normal 0 0 1
    outer loop
      vertex 0 4.5 11
      vertex 0.859423 29.355 11
      vertex 0.602885 29.75 11
    endloop
  endfacet
  facet normal 0 0 1
    outer loop
      vertex 1.15585 1.48891 11
      vertex 0 4.5 11
      vertex 0.859423 1.85497 11
    endloop
  endfacet
  facet normal 0 0 1
    outer loop
      vertex 0 4.5 11
      vertex 0.602885 29.75 11
      vertex 0.389045 30.1697 11
    endloop
  endfacet
  facet normal 0 0 1
    outer loop
      vertex 0.859423 1.85497 11
      vertex 0 4.5 11
      vertex 0.602885 2.25 11
    endloop
  endfacet
  facet normal 0 0 1
    outer loop
      vertex 0 4.5 11
      vertex 0.389045 30.1697 11
      vertex 0.220245 30.6094 11
    endloop
  endfacet
  facet normal 0 0 1
    outer loop
      vertex 0.602885 2.25 11
      vertex 0 4.5 11
      vertex 0.389045 2.66968 11
    endloop
  endfacet
  facet normal 0 0 1
    outer loop
      vertex 0 4.5 11
      vertex 0.220245 30.6094 11
      vertex 0.0983353 31.0644 11
    endloop
  endfacet
  facet normal 0 0 1
    outer loop
      vertex 0.389045 2.66968 11
      vertex 0 4.5 11
      vertex 0.220245 3.10942 11
    endloop
  endfacet
  facet normal 0 0 1
    outer loop
      vertex 0 4.5 11
      vertex 0.0983353 31.0644 11
      vertex 0.0246506 31.5296 11
    endloop
  endfacet
  facet normal 0 0 1
    outer loop
      vertex 0.220245 3.10942 11
      vertex 0 4.5 11
      vertex 0.0983353 3.5644 11
    endloop
  endfacet
  facet normal 0 0 1
    outer loop
      vertex 0 4.5 11
      vertex 0.0246506 31.5296 11
      vertex 0 32 11
    endloop
  endfacet
  facet normal 0 0 1
    outer loop
      vertex 0.0983353 3.5644 11
      vertex 0 4.5 11
      vertex 0.0246506 4.02962 11
    endloop
  endfacet
  facet normal 0 0 1
    outer loop
      vertex 54.825 18.4 11
      vertex 54.525 23.5 11
      vertex 54.525 18.4 11
    endloop
  endfacet
  facet normal 0 0 1
    outer loop
      vertex 54.525 23.5 11
      vertex 49.425 23.8 11
      vertex 49.425 23.5 11
    endloop
  endfacet
  facet normal 0.156443 -0.987687 0
    outer loop
      vertex 71.9704 0.0246506 0
      vertex 72.4356 0.0983353 11
      vertex 71.9704 0.0246506 11
    endloop
  endfacet
  facet normal 0.156443 -0.987687 0
    outer loop
      vertex 72.4356 0.0983353 11
      vertex 71.9704 0.0246506 0
      vertex 72.4356 0.0983353 0
    endloop
  endfacet
  facet normal 0.0523317 -0.99863 0
    outer loop
      vertex 71.5 0 0
      vertex 71.9704 0.0246506 11
      vertex 71.5 0 11
    endloop
  endfacet
  facet normal 0.0523317 -0.99863 0
    outer loop
      vertex 71.9704 0.0246506 11
      vertex 71.5 0 0
      vertex 71.9704 0.0246506 0
    endloop
  endfacet
  facet normal 0.258805 -0.96593 0
    outer loop
      vertex 72.4356 0.0983353 0
      vertex 72.8906 0.220245 11
      vertex 72.4356 0.0983353 11
    endloop
  endfacet
  facet normal 0.258805 -0.96593 0
    outer loop
      vertex 72.8906 0.220245 11
      vertex 72.4356 0.0983353 0
      vertex 72.8906 0.220245 0
    endloop
  endfacet
  facet normal 0.707064 -0.707149 0
    outer loop
      vertex 74.5111 1.15585 0
      vertex 74.8442 1.48891 11
      vertex 74.5111 1.15585 11
    endloop
  endfacet
  facet normal 0.707064 -0.707149 0
    outer loop
      vertex 74.8442 1.48891 11
      vertex 74.5111 1.15585 0
      vertex 74.8442 1.48891 0
    endloop
  endfacet
  facet normal 0.629276 -0.777182 0
    outer loop
      vertex 74.145 0.859423 0
      vertex 74.5111 1.15585 11
      vertex 74.145 0.859423 11
    endloop
  endfacet
  facet normal 0.629276 -0.777182 0
    outer loop
      vertex 74.5111 1.15585 11
      vertex 74.145 0.859423 0
      vertex 74.5111 1.15585 0
    endloop
  endfacet
  facet normal -0.0262463 -0.499827 0.865727
    outer loop
      vertex 4.5 65.4117 32.8883
      vertex 4.02962 27.5247 11
      vertex 4.5 27.5 11
    endloop
  endfacet
  facet normal 0.610084 -0.396168 0.686184
    outer loop
      vertex 75.1406 67.2667 32.8883
      vertex 75.1406 29.355 11
      vertex 75.3971 67.6617 32.8883
    endloop
  endfacet
  facet normal 0.610084 -0.396168 0.686184
    outer loop
      vertex 75.3971 67.6617 32.8883
      vertex 75.1406 29.355 11
      vertex 75.3971 29.75 11
    endloop
  endfacet
  facet normal -0.0789624 -0.498438 0.863322
    outer loop
      vertex 3.5644 27.5983 11
      vertex 4.02962 65.4363 32.8883
      vertex 3.5644 65.51 32.8883
    endloop
  endfacet
  facet normal -0.0788561 -0.498443 0.863328
    outer loop
      vertex 4.02962 65.4363 32.8883
      vertex 3.5644 27.5983 11
      vertex 4.02962 27.5247 11
    endloop
  endfacet
  facet normal 0.881439 -0.236148 0.409021
    outer loop
      vertex 75.7798 68.5211 32.8883
      vertex 75.9017 31.0644 11
      vertex 75.9017 68.9761 32.8883
    endloop
  endfacet
  facet normal 0.881439 -0.236148 0.409021
    outer loop
      vertex 75.9017 31.0644 11
      vertex 75.7798 68.5211 32.8883
      vertex 75.7798 30.6094 11
    endloop
  endfacet
  facet normal 1.16445e-06 -0.5 0.866025
    outer loop
      vertex 63.9 31.4895 13.3033
      vertex 71.5 65.4117 32.8883
      vertex 63.9 62.5105 31.2133
    endloop
  endfacet
  facet normal 0 -0.499998 0.866027
    outer loop
      vertex 71.5 65.4117 32.8883
      vertex 13.7 62.5105 31.2133
      vertex 63.9 62.5105 31.2133
    endloop
  endfacet
  facet normal -9.61936e-07 -0.5 0.866025
    outer loop
      vertex 13.7 62.5105 31.2133
      vertex 4.5 65.4117 32.8883
      vertex 13.7 31.4895 13.3033
    endloop
  endfacet
  facet normal 0 -0.499998 0.866027
    outer loop
      vertex 4.5 65.4117 32.8883
      vertex 13.7 62.5105 31.2133
      vertex 71.5 65.4117 32.8883
    endloop
  endfacet
  facet normal -4.07042e-06 -0.499999 0.866026
    outer loop
      vertex 71.5 65.4117 32.8883
      vertex 63.9 31.4895 13.3033
      vertex 71.5 27.5 11
    endloop
  endfacet
  facet normal 0 -0.499994 0.866029
    outer loop
      vertex 13.7 31.4895 13.3033
      vertex 71.5 27.5 11
      vertex 63.9 31.4895 13.3033
    endloop
  endfacet
  facet normal 0 -0.499994 0.866029
    outer loop
      vertex 13.7 31.4895 13.3033
      vertex 4.5 27.5 11
      vertex 71.5 27.5 11
    endloop
  endfacet
  facet normal 3.36252e-06 -0.499999 0.866026
    outer loop
      vertex 4.5 27.5 11
      vertex 13.7 31.4895 13.3033
      vertex 4.5 65.4117 32.8883
    endloop
  endfacet
  facet normal -0.375372 -0.463436 0.802697
    outer loop
      vertex 1.48891 28.6558 11
      vertex 1.85497 66.2711 32.8883
      vertex 1.48891 66.5676 32.8883
    endloop
  endfacet
  facet normal -0.375264 -0.463459 0.802735
    outer loop
      vertex 1.85497 66.2711 32.8883
      vertex 1.48891 28.6558 11
      vertex 1.85497 28.3594 11
    endloop
  endfacet
  facet normal 0.994531 -0.0522213 0.090448
    outer loop
      vertex 75.9753 69.4413 32.8883
      vertex 75.9889 52.6916 23.0681
      vertex 76 69.9117 32.8883
    endloop
  endfacet
  facet normal 0.994611 -0.0518373 0.0897931
    outer loop
      vertex 75.9753 69.4413 32.8883
      vertex 75.9841 52.4171 22.9628
      vertex 75.9889 52.6916 23.0681
    endloop
  endfacet
  facet normal 0.994508 -0.0523322 0.0906419
    outer loop
      vertex 75.9753 69.4413 32.8883
      vertex 75.9811 51.9321 22.7157
      vertex 75.9841 52.4171 22.9628
    endloop
  endfacet
  facet normal 0.994505 -0.0523446 0.0906632
    outer loop
      vertex 75.9753 69.4413 32.8883
      vertex 75.9811 44.1379 18.2157
      vertex 75.9811 51.9321 22.7157
    endloop
  endfacet
  facet normal 0.994618 -0.0518084 0.0897275
    outer loop
      vertex 75.9811 44.1379 18.2157
      vertex 75.9753 31.5296 11
      vertex 75.9832 43.8159 18.0065
    endloop
  endfacet
  facet normal 0.994518 -0.0522843 0.0905592
    outer loop
      vertex 75.9753 31.5296 11
      vertex 75.9811 44.1379 18.2157
      vertex 75.9753 69.4413 32.8883
    endloop
  endfacet
  facet normal 0.953409 -0.15084 0.261263
    outer loop
      vertex 75.9017 68.9761 32.8883
      vertex 75.9753 31.5296 11
      vertex 75.9753 69.4413 32.8883
    endloop
  endfacet
  facet normal 0.953409 -0.15084 0.261263
    outer loop
      vertex 75.9753 31.5296 11
      vertex 75.9017 68.9761 32.8883
      vertex 75.9017 31.0644 11
    endloop
  endfacet
  facet normal -0.0261402 -0.49983 0.865729
    outer loop
      vertex 4.02962 65.4363 32.8883
      vertex 4.02962 27.5247 11
      vertex 4.5 65.4117 32.8883
    endloop
  endfacet
  facet normal 0.026139 -0.49983 0.865729
    outer loop
      vertex 71.9704 65.4363 32.8883
      vertex 71.5 65.4117 32.8883
      vertex 71.9704 27.5247 11
    endloop
  endfacet
  facet normal 0.188508 -0.491035 0.850499
    outer loop
      vertex 72.8906 65.6319 32.8883
      vertex 73.3303 27.889 11
      vertex 73.3303 65.8007 32.8883
    endloop
  endfacet
  facet normal 0.188508 -0.491035 0.850499
    outer loop
      vertex 73.3303 27.889 11
      vertex 72.8906 65.6319 32.8883
      vertex 72.8906 27.7202 11
    endloop
  endfacet
  facet normal 0.700316 -0.356916 0.618197
    outer loop
      vertex 75.611 68.0814 32.8883
      vertex 75.3971 67.6617 32.8883
      vertex 75.611 30.1697 11
    endloop
  endfacet
  facet normal 0.52545 -0.425412 0.736836
    outer loop
      vertex 74.8442 66.9006 32.8883
      vertex 75.1406 29.355 11
      vertex 75.1406 67.2667 32.8883
    endloop
  endfacet
  facet normal 0.52545 -0.425412 0.736836
    outer loop
      vertex 75.1406 29.355 11
      vertex 74.8442 66.9006 32.8883
      vertex 74.8442 28.9889 11
    endloop
  endfacet
  facet normal -0.700416 -0.356867 0.618112
    outer loop
      vertex 0.602885 67.6617 32.8883
      vertex 0.389045 30.1697 11
      vertex 0.602885 29.75 11
    endloop
  endfacet
  facet normal -0.700416 -0.356867 0.618112
    outer loop
      vertex 0.389045 68.0814 32.8883
      vertex 0.389045 30.1697 11
      vertex 0.602885 67.6617 32.8883
    endloop
  endfacet
  facet normal 0.246933 -0.484516 0.839207
    outer loop
      vertex 73.3303 65.8007 32.8883
      vertex 73.75 28.1029 11
      vertex 73.75 66.0146 32.8883
    endloop
  endfacet
  facet normal 0.246933 -0.484516 0.839207
    outer loop
      vertex 73.75 28.1029 11
      vertex 73.3303 65.8007 32.8883
      vertex 73.3303 27.889 11
    endloop
  endfacet
  facet normal 0.13277 -0.495573 0.858359
    outer loop
      vertex 72.4356 65.51 32.8883
      vertex 72.8906 27.7202 11
      vertex 72.8906 65.6319 32.8883
    endloop
  endfacet
  facet normal 0.13277 -0.495573 0.858359
    outer loop
      vertex 72.8906 27.7202 11
      vertex 72.4356 65.51 32.8883
      vertex 72.4356 27.5983 11
    endloop
  endfacet
  facet normal 0.0789658 -0.498438 0.863321
    outer loop
      vertex 71.9704 65.4363 32.8883
      vertex 72.4356 27.5983 11
      vertex 72.4356 65.51 32.8883
    endloop
  endfacet
  facet normal 0.0788595 -0.498443 0.863328
    outer loop
      vertex 72.4356 27.5983 11
      vertex 71.9704 65.4363 32.8883
      vertex 71.9704 27.5247 11
    endloop
  endfacet
  facet normal 0.99448 -0.0524629 0.0908688
    outer loop
      vertex 76 69.9117 32.8883
      vertex 75.993 52.9252 23.1578
      vertex 76 53.1729 23.2242
    endloop
  endfacet
  facet normal 0.994553 -0.0521158 0.0902629
    outer loop
      vertex 75.993 52.9252 23.1578
      vertex 76 69.9117 32.8883
      vertex 75.9889 52.6916 23.0681
    endloop
  endfacet
  facet normal 0.994485 -0.0524308 0.0908279
    outer loop
      vertex 75.9753 31.5296 11
      vertex 76 43.0771 17.3954
      vertex 75.993 43.2584 17.5767
    endloop
  endfacet
  facet normal 0.994575 -0.0520127 0.090082
    outer loop
      vertex 75.9753 31.5296 11
      vertex 75.993 43.2584 17.5767
      vertex 75.9841 43.6814 17.9192
    endloop
  endfacet
  facet normal 0.994275 -0.0534133 0.0925423
    outer loop
      vertex 75.9753 31.5296 11
      vertex 75.9841 43.6814 17.9192
      vertex 75.9832 43.8159 18.0065
    endloop
  endfacet
  facet normal 0.994531 -0.0522213 0.0904495
    outer loop
      vertex 76 43.0771 17.3954
      vertex 75.9753 31.5296 11
      vertex 76 32 11
    endloop
  endfacet
  facet normal 0.793173 -0.304498 0.527406
    outer loop
      vertex 75.611 68.0814 32.8883
      vertex 75.7798 30.6094 11
      vertex 75.7798 68.5211 32.8883
    endloop
  endfacet
  facet normal 0.793173 -0.304498 0.527406
    outer loop
      vertex 75.7798 30.6094 11
      vertex 75.611 68.0814 32.8883
      vertex 75.611 30.1697 11
    endloop
  endfacet
  facet normal -0.132776 -0.495573 0.858358
    outer loop
      vertex 3.10942 27.7202 11
      vertex 3.5644 65.51 32.8883
      vertex 3.10942 65.6319 32.8883
    endloop
  endfacet
  facet normal -0.132776 -0.495573 0.858358
    outer loop
      vertex 3.5644 65.51 32.8883
      vertex 3.10942 27.7202 11
      vertex 3.5644 27.5983 11
    endloop
  endfacet
  facet normal -0.188491 -0.491037 0.850502
    outer loop
      vertex 2.66968 27.889 11
      vertex 3.10942 65.6319 32.8883
      vertex 2.66968 65.8007 32.8883
    endloop
  endfacet
  facet normal -0.188491 -0.491037 0.850502
    outer loop
      vertex 3.10942 65.6319 32.8883
      vertex 2.66968 27.889 11
      vertex 3.10942 27.7202 11
    endloop
  endfacet
  facet normal -0.994553 -0.052118 0.0902712
    outer loop
      vertex 0.0246506 69.4413 32.8883
      vertex 0 69.9117 32.8883
      vertex 0.0246506 31.5296 11
    endloop
  endfacet
  facet normal -0.447149 -0.447229 0.774625
    outer loop
      vertex 1.15585 28.9889 11
      vertex 1.48891 66.5676 32.8883
      vertex 1.15585 66.9006 32.8883
    endloop
  endfacet
  facet normal -0.447255 -0.447202 0.774579
    outer loop
      vertex 1.48891 66.5676 32.8883
      vertex 1.15585 28.9889 11
      vertex 1.48891 28.6558 11
    endloop
  endfacet
  facet normal 0.375337 -0.463443 0.80271
    outer loop
      vertex 74.145 66.2711 32.8883
      vertex 74.5111 28.6558 11
      vertex 74.5111 66.5676 32.8883
    endloop
  endfacet
  facet normal 0.375229 -0.463466 0.802747
    outer loop
      vertex 74.5111 28.6558 11
      vertex 74.145 66.2711 32.8883
      vertex 74.145 28.3594 11
    endloop
  endfacet
  facet normal -0.994553 -0.052118 0.0902712
    outer loop
      vertex 0 69.9117 32.8883
      vertex 0 32 11
      vertex 0.0246506 31.5296 11
    endloop
  endfacet
  facet normal 0.700316 -0.356916 0.618197
    outer loop
      vertex 75.3971 67.6617 32.8883
      vertex 75.3971 29.75 11
      vertex 75.611 30.1697 11
    endloop
  endfacet
  facet normal 0.0262452 -0.499827 0.865727
    outer loop
      vertex 71.5 65.4117 32.8883
      vertex 71.5 27.5 11
      vertex 71.9704 27.5247 11
    endloop
  endfacet
  facet normal -0.793173 -0.304498 0.527406
    outer loop
      vertex 0.220245 30.6094 11
      vertex 0.389045 68.0814 32.8883
      vertex 0.220245 68.5211 32.8883
    endloop
  endfacet
  facet normal -0.793173 -0.304498 0.527406
    outer loop
      vertex 0.389045 68.0814 32.8883
      vertex 0.220245 30.6094 11
      vertex 0.389045 30.1697 11
    endloop
  endfacet
  facet normal -0.953309 -0.150998 0.261537
    outer loop
      vertex 0.0246506 31.5296 11
      vertex 0.0983353 68.9761 32.8883
      vertex 0.0246506 69.4413 32.8883
    endloop
  endfacet
  facet normal -0.953309 -0.150998 0.261537
    outer loop
      vertex 0.0983353 68.9761 32.8883
      vertex 0.0246506 31.5296 11
      vertex 0.0983353 31.0644 11
    endloop
  endfacet
  facet normal 0 0 1
    outer loop
      vertex 71.5 86 32.8883
      vertex 76 81.5 32.8883
      vertex 75.9753 81.9704 32.8883
    endloop
  endfacet
  facet normal 0 0 1
    outer loop
      vertex 76 81.5 32.8883
      vertex 71.5 86 32.8883
      vertex 76 69.9117 32.8883
    endloop
  endfacet
  facet normal 0 0 1
    outer loop
      vertex 71.5 86 32.8883
      vertex 75.9753 81.9704 32.8883
      vertex 75.9017 82.4356 32.8883
    endloop
  endfacet
  facet normal 0 0 1
    outer loop
      vertex 71.5 65.4117 32.8883
      vertex 76 69.9117 32.8883
      vertex 71.5 86 32.8883
    endloop
  endfacet
  facet normal 0 0 1
    outer loop
      vertex 71.5 86 32.8883
      vertex 75.9017 82.4356 32.8883
      vertex 75.7798 82.8906 32.8883
    endloop
  endfacet
  facet normal 0 0 1
    outer loop
      vertex 76 69.9117 32.8883
      vertex 71.5 65.4117 32.8883
      vertex 75.9753 69.4413 32.8883
    endloop
  endfacet
  facet normal 0 0 1
    outer loop
      vertex 71.5 86 32.8883
      vertex 75.7798 82.8906 32.8883
      vertex 75.611 83.3303 32.8883
    endloop
  endfacet
  facet normal 0 0 1
    outer loop
      vertex 75.9753 69.4413 32.8883
      vertex 71.5 65.4117 32.8883
      vertex 75.9017 68.9761 32.8883
    endloop
  endfacet
  facet normal 0 0 1
    outer loop
      vertex 71.5 86 32.8883
      vertex 75.611 83.3303 32.8883
      vertex 75.3971 83.75 32.8883
    endloop
  endfacet
  facet normal 0 0 1
    outer loop
      vertex 75.9017 68.9761 32.8883
      vertex 71.5 65.4117 32.8883
      vertex 75.7798 68.5211 32.8883
    endloop
  endfacet
  facet normal 0 0 1
    outer loop
      vertex 71.5 86 32.8883
      vertex 75.3971 83.75 32.8883
      vertex 75.1406 84.145 32.8883
    endloop
  endfacet
  facet normal 0 0 1
    outer loop
      vertex 75.7798 68.5211 32.8883
      vertex 71.5 65.4117 32.8883
      vertex 75.611 68.0814 32.8883
    endloop
  endfacet
  facet normal 0 0 1
    outer loop
      vertex 71.5 86 32.8883
      vertex 75.1406 84.145 32.8883
      vertex 74.8442 84.5111 32.8883
    endloop
  endfacet
  facet normal 0 0 1
    outer loop
      vertex 75.611 68.0814 32.8883
      vertex 71.5 65.4117 32.8883
      vertex 75.3971 67.6617 32.8883
    endloop
  endfacet
  facet normal 0 0 1
    outer loop
      vertex 71.5 86 32.8883
      vertex 74.8442 84.5111 32.8883
      vertex 74.5111 84.8442 32.8883
    endloop
  endfacet
  facet normal 0 0 1
    outer loop
      vertex 75.3971 67.6617 32.8883
      vertex 71.5 65.4117 32.8883
      vertex 75.1406 67.2667 32.8883
    endloop
  endfacet
  facet normal 0 0 1
    outer loop
      vertex 71.5 86 32.8883
      vertex 74.5111 84.8442 32.8883
      vertex 74.145 85.1406 32.8883
    endloop
  endfacet
  facet normal 0 0 1
    outer loop
      vertex 75.1406 67.2667 32.8883
      vertex 71.5 65.4117 32.8883
      vertex 74.8442 66.9006 32.8883
    endloop
  endfacet
  facet normal 0 0 1
    outer loop
      vertex 71.5 86 32.8883
      vertex 74.145 85.1406 32.8883
      vertex 73.75 85.3971 32.8883
    endloop
  endfacet
  facet normal 0 0 1
    outer loop
      vertex 74.8442 66.9006 32.8883
      vertex 71.5 65.4117 32.8883
      vertex 74.5111 66.5676 32.8883
    endloop
  endfacet
  facet normal 0 0 1
    outer loop
      vertex 71.5 86 32.8883
      vertex 73.75 85.3971 32.8883
      vertex 73.3303 85.611 32.8883
    endloop
  endfacet
  facet normal 0 0 1
    outer loop
      vertex 74.5111 66.5676 32.8883
      vertex 71.5 65.4117 32.8883
      vertex 74.145 66.2711 32.8883
    endloop
  endfacet
  facet normal 0 0 1
    outer loop
      vertex 71.5 86 32.8883
      vertex 73.3303 85.611 32.8883
      vertex 72.8906 85.7798 32.8883
    endloop
  endfacet
  facet normal 0 0 1
    outer loop
      vertex 74.145 66.2711 32.8883
      vertex 71.5 65.4117 32.8883
      vertex 73.75 66.0146 32.8883
    endloop
  endfacet
  facet normal 0 0 1
    outer loop
      vertex 71.5 86 32.8883
      vertex 72.8906 85.7798 32.8883
      vertex 72.4356 85.9017 32.8883
    endloop
  endfacet
  facet normal 0 0 1
    outer loop
      vertex 73.75 66.0146 32.8883
      vertex 71.5 65.4117 32.8883
      vertex 73.3303 65.8007 32.8883
    endloop
  endfacet
  facet normal 0 0 1
    outer loop
      vertex 71.5 86 32.8883
      vertex 72.4356 85.9017 32.8883
      vertex 71.9704 85.9753 32.8883
    endloop
  endfacet
  facet normal 0 0 1
    outer loop
      vertex 73.3303 65.8007 32.8883
      vertex 71.5 65.4117 32.8883
      vertex 72.8906 65.6319 32.8883
    endloop
  endfacet
  facet normal 0 0 1
    outer loop
      vertex 72.8906 65.6319 32.8883
      vertex 71.5 65.4117 32.8883
      vertex 72.4356 65.51 32.8883
    endloop
  endfacet
  facet normal 0 0 1
    outer loop
      vertex 72.4356 65.51 32.8883
      vertex 71.5 65.4117 32.8883
      vertex 71.9704 65.4363 32.8883
    endloop
  endfacet
  facet normal -0 0 1
    outer loop
      vertex 4.5 86 32.8883
      vertex 71.5 65.4117 32.8883
      vertex 71.5 86 32.8883
    endloop
  endfacet
  facet normal 0 0 1
    outer loop
      vertex 4.5 86 32.8883
      vertex 4.5 65.4117 32.8883
      vertex 71.5 65.4117 32.8883
    endloop
  endfacet
  facet normal 0 0 1
    outer loop
      vertex 0 81.5 32.8883
      vertex 4.5 86 32.8883
      vertex 4.02962 85.9753 32.8883
    endloop
  endfacet
  facet normal 0 0 1
    outer loop
      vertex 4.5 86 32.8883
      vertex 0 81.5 32.8883
      vertex 4.5 65.4117 32.8883
    endloop
  endfacet
  facet normal 0 0 1
    outer loop
      vertex 0 81.5 32.8883
      vertex 4.02962 85.9753 32.8883
      vertex 3.5644 85.9017 32.8883
    endloop
  endfacet
  facet normal -0 0 1
    outer loop
      vertex 0 69.9117 32.8883
      vertex 4.5 65.4117 32.8883
      vertex 0 81.5 32.8883
    endloop
  endfacet
  facet normal 0 0 1
    outer loop
      vertex 0 81.5 32.8883
      vertex 3.5644 85.9017 32.8883
      vertex 3.10942 85.7798 32.8883
    endloop
  endfacet
  facet normal 0 0 1
    outer loop
      vertex 4.5 65.4117 32.8883
      vertex 0 69.9117 32.8883
      vertex 4.02962 65.4363 32.8883
    endloop
  endfacet
  facet normal 0 0 1
    outer loop
      vertex 0 81.5 32.8883
      vertex 3.10942 85.7798 32.8883
      vertex 2.66968 85.611 32.8883
    endloop
  endfacet
  facet normal 0 0 1
    outer loop
      vertex 4.02962 65.4363 32.8883
      vertex 0 69.9117 32.8883
      vertex 3.5644 65.51 32.8883
    endloop
  endfacet
  facet normal 0 0 1
    outer loop
      vertex 0 81.5 32.8883
      vertex 2.66968 85.611 32.8883
      vertex 2.25 85.3971 32.8883
    endloop
  endfacet
  facet normal 0 0 1
    outer loop
      vertex 3.5644 65.51 32.8883
      vertex 0 69.9117 32.8883
      vertex 3.10942 65.6319 32.8883
    endloop
  endfacet
  facet normal 0 0 1
    outer loop
      vertex 0 81.5 32.8883
      vertex 2.25 85.3971 32.8883
      vertex 1.85497 85.1406 32.8883
    endloop
  endfacet
  facet normal 0 0 1
    outer loop
      vertex 3.10942 65.6319 32.8883
      vertex 0 69.9117 32.8883
      vertex 2.66968 65.8007 32.8883
    endloop
  endfacet
  facet normal 0 0 1
    outer loop
      vertex 0 81.5 32.8883
      vertex 1.85497 85.1406 32.8883
      vertex 1.48891 84.8442 32.8883
    endloop
  endfacet
  facet normal 0 0 1
    outer loop
      vertex 2.66968 65.8007 32.8883
      vertex 0 69.9117 32.8883
      vertex 2.25 66.0146 32.8883
    endloop
  endfacet
  facet normal 0 0 1
    outer loop
      vertex 0 81.5 32.8883
      vertex 1.48891 84.8442 32.8883
      vertex 1.15585 84.5111 32.8883
    endloop
  endfacet
  facet normal 0 0 1
    outer loop
      vertex 2.25 66.0146 32.8883
      vertex 0 69.9117 32.8883
      vertex 1.85497 66.2711 32.8883
    endloop
  endfacet
  facet normal 0 0 1
    outer loop
      vertex 0 81.5 32.8883
      vertex 1.15585 84.5111 32.8883
      vertex 0.859423 84.145 32.8883
    endloop
  endfacet
  facet normal 0 0 1
    outer loop
      vertex 1.85497 66.2711 32.8883
      vertex 0 69.9117 32.8883
      vertex 1.48891 66.5676 32.8883
    endloop
  endfacet
  facet normal 0 0 1
    outer loop
      vertex 0 81.5 32.8883
      vertex 0.859423 84.145 32.8883
      vertex 0.602885 83.75 32.8883
    endloop
  endfacet
  facet normal 0 0 1
    outer loop
      vertex 1.48891 66.5676 32.8883
      vertex 0 69.9117 32.8883
      vertex 1.15585 66.9006 32.8883
    endloop
  endfacet
  facet normal 0 0 1
    outer loop
      vertex 0 81.5 32.8883
      vertex 0.602885 83.75 32.8883
      vertex 0.389045 83.3303 32.8883
    endloop
  endfacet
  facet normal 0 0 1
    outer loop
      vertex 1.15585 66.9006 32.8883
      vertex 0 69.9117 32.8883
      vertex 0.859423 67.2667 32.8883
    endloop
  endfacet
  facet normal 0 0 1
    outer loop
      vertex 0 81.5 32.8883
      vertex 0.389045 83.3303 32.8883
      vertex 0.220245 82.8906 32.8883
    endloop
  endfacet
  facet normal 0 0 1
    outer loop
      vertex 0.859423 67.2667 32.8883
      vertex 0 69.9117 32.8883
      vertex 0.602885 67.6617 32.8883
    endloop
  endfacet
  facet normal 0 0 1
    outer loop
      vertex 0 81.5 32.8883
      vertex 0.220245 82.8906 32.8883
      vertex 0.0983353 82.4356 32.8883
    endloop
  endfacet
  facet normal 0 0 1
    outer loop
      vertex 0.602885 67.6617 32.8883
      vertex 0 69.9117 32.8883
      vertex 0.389045 68.0814 32.8883
    endloop
  endfacet
  facet normal 0 0 1
    outer loop
      vertex 0 81.5 32.8883
      vertex 0.0983353 82.4356 32.8883
      vertex 0.0246506 81.9704 32.8883
    endloop
  endfacet
  facet normal 0 0 1
    outer loop
      vertex 0.389045 68.0814 32.8883
      vertex 0 69.9117 32.8883
      vertex 0.220245 68.5211 32.8883
    endloop
  endfacet
  facet normal 0 0 1
    outer loop
      vertex 0.220245 68.5211 32.8883
      vertex 0 69.9117 32.8883
      vertex 0.0983353 68.9761 32.8883
    endloop
  endfacet
  facet normal 0 0 1
    outer loop
      vertex 0.0983353 68.9761 32.8883
      vertex 0 69.9117 32.8883
      vertex 0.0246506 69.4413 32.8883
    endloop
  endfacet
  facet normal 0.447106 -0.44724 0.774644
    outer loop
      vertex 74.5111 66.5676 32.8883
      vertex 74.8442 28.9889 11
      vertex 74.8442 66.9006 32.8883
    endloop
  endfacet
  facet normal 0.447213 -0.447213 0.774598
    outer loop
      vertex 74.8442 28.9889 11
      vertex 74.5111 66.5676 32.8883
      vertex 74.5111 28.6558 11
    endloop
  endfacet
  facet normal -0.246944 -0.484514 0.839205
    outer loop
      vertex 2.25 28.1029 11
      vertex 2.66968 65.8007 32.8883
      vertex 2.25 66.0146 32.8883
    endloop
  endfacet
  facet normal -0.246944 -0.484514 0.839205
    outer loop
      vertex 2.66968 65.8007 32.8883
      vertex 2.25 28.1029 11
      vertex 2.66968 27.889 11
    endloop
  endfacet
  facet normal -0.610027 -0.39619 0.686222
    outer loop
      vertex 0.602885 67.6617 32.8883
      vertex 0.602885 29.75 11
      vertex 0.859423 29.355 11
    endloop
  endfacet
  facet normal -0.610027 -0.39619 0.686222
    outer loop
      vertex 0.859423 67.2667 32.8883
      vertex 0.602885 67.6617 32.8883
      vertex 0.859423 29.355 11
    endloop
  endfacet
  facet normal -0.525415 -0.425423 0.736855
    outer loop
      vertex 0.859423 29.355 11
      vertex 1.15585 66.9006 32.8883
      vertex 0.859423 67.2667 32.8883
    endloop
  endfacet
  facet normal -0.525415 -0.425423 0.736855
    outer loop
      vertex 1.15585 66.9006 32.8883
      vertex 0.859423 29.355 11
      vertex 1.15585 28.9889 11
    endloop
  endfacet
  facet normal -0.881424 -0.236163 0.409047
    outer loop
      vertex 0.0983353 31.0644 11
      vertex 0.220245 68.5211 32.8883
      vertex 0.0983353 68.9761 32.8883
    endloop
  endfacet
  facet normal -0.881424 -0.236163 0.409047
    outer loop
      vertex 0.220245 68.5211 32.8883
      vertex 0.0983353 31.0644 11
      vertex 0.220245 30.6094 11
    endloop
  endfacet
  facet normal 0.308814 -0.475561 0.823697
    outer loop
      vertex 73.75 66.0146 32.8883
      vertex 74.145 28.3594 11
      vertex 74.145 66.2711 32.8883
    endloop
  endfacet
  facet normal 0.308814 -0.475561 0.823697
    outer loop
      vertex 74.145 28.3594 11
      vertex 73.75 66.0146 32.8883
      vertex 73.75 28.1029 11
    endloop
  endfacet
  facet normal -0.308792 -0.475564 0.823703
    outer loop
      vertex 1.85497 28.3594 11
      vertex 2.25 66.0146 32.8883
      vertex 1.85497 66.2711 32.8883
    endloop
  endfacet
  facet normal -0.308792 -0.475564 0.823703
    outer loop
      vertex 2.25 66.0146 32.8883
      vertex 1.85497 28.3594 11
      vertex 2.25 28.1029 11
    endloop
  endfacet
  facet normal -0.0524385 0.998624 0
    outer loop
      vertex 4.5 86 0
      vertex 4.02962 85.9753 32.8883
      vertex 4.5 86 32.8883
    endloop
  endfacet
  facet normal -0.0524385 0.998624 0
    outer loop
      vertex 4.02962 85.9753 32.8883
      vertex 4.5 86 0
      vertex 4.02962 85.9753 0
    endloop
  endfacet
  facet normal 0.998624 0.0524363 0
    outer loop
      vertex 76 81.5 32.8883
      vertex 75.9753 81.9704 0
      vertex 75.9753 81.9704 32.8883
    endloop
  endfacet
  facet normal 0.998624 0.0524363 0
    outer loop
      vertex 75.9753 81.9704 0
      vertex 76 81.5 32.8883
      vertex 76 81.5 0
    endloop
  endfacet
  facet normal 0.0524363 0.998624 -0
    outer loop
      vertex 71.9704 85.9753 0
      vertex 71.5 86 32.8883
      vertex 71.9704 85.9753 32.8883
    endloop
  endfacet
  facet normal 0.0524363 0.998624 0
    outer loop
      vertex 71.5 86 32.8883
      vertex 71.9704 85.9753 0
      vertex 71.5 86 0
    endloop
  endfacet
  facet normal -0.544586 0.838705 0
    outer loop
      vertex 2.25 85.3971 0
      vertex 1.85497 85.1406 32.8883
      vertex 2.25 85.3971 32.8883
    endloop
  endfacet
  facet normal -0.544586 0.838705 0
    outer loop
      vertex 1.85497 85.1406 32.8883
      vertex 2.25 85.3971 0
      vertex 1.85497 85.1406 0
    endloop
  endfacet
  facet normal -0.707149 0.707064 0
    outer loop
      vertex 1.15585 84.5111 0
      vertex 1.48891 84.8442 32.8883
      vertex 1.48891 84.8442 0
    endloop
  endfacet
  facet normal -0.707149 0.707064 0
    outer loop
      vertex 1.48891 84.8442 32.8883
      vertex 1.15585 84.5111 0
      vertex 1.15585 84.5111 32.8883
    endloop
  endfacet
  facet normal 0 1 0
    outer loop
      vertex 71.5 86 32.8883
      vertex 44 86 2.1
      vertex 4.5 86 32.8883
    endloop
  endfacet
  facet normal 0 1 -0
    outer loop
      vertex 71.5 86 0
      vertex 44 86 2.1
      vertex 71.5 86 32.8883
    endloop
  endfacet
  facet normal 0 1 0
    outer loop
      vertex 44 86 2.1
      vertex 71.5 86 0
      vertex 44 86 0
    endloop
  endfacet
  facet normal 0 1 -0
    outer loop
      vertex 32 86 2.1
      vertex 4.5 86 32.8883
      vertex 44 86 2.1
    endloop
  endfacet
  facet normal 0 1 0
    outer loop
      vertex 4.5 86 0
      vertex 32 86 2.1
      vertex 32 86 0
    endloop
  endfacet
  facet normal 0 1 0
    outer loop
      vertex 32 86 2.1
      vertex 4.5 86 0
      vertex 4.5 86 32.8883
    endloop
  endfacet
  facet normal -0.987687 0.156443 0
    outer loop
      vertex 0.0246506 81.9704 0
      vertex 0.0983353 82.4356 32.8883
      vertex 0.0983353 82.4356 0
    endloop
  endfacet
  facet normal -0.987687 0.156443 0
    outer loop
      vertex 0.0983353 82.4356 32.8883
      vertex 0.0246506 81.9704 0
      vertex 0.0246506 81.9704 32.8883
    endloop
  endfacet
  facet normal -0.838649 0.544672 0
    outer loop
      vertex 0.602885 83.75 0
      vertex 0.859423 84.145 32.8883
      vertex 0.859423 84.145 0
    endloop
  endfacet
  facet normal -0.838649 0.544672 0
    outer loop
      vertex 0.859423 84.145 32.8883
      vertex 0.602885 83.75 0
      vertex 0.602885 83.75 32.8883
    endloop
  endfacet
  facet normal -0.777182 0.629276 0
    outer loop
      vertex 0.859423 84.145 0
      vertex 1.15585 84.5111 32.8883
      vertex 1.15585 84.5111 0
    endloop
  endfacet
  facet normal -0.777182 0.629276 0
    outer loop
      vertex 1.15585 84.5111 32.8883
      vertex 0.859423 84.145 0
      vertex 0.859423 84.145 32.8883
    endloop
  endfacet
  facet normal 0.965935 0.258786 0
    outer loop
      vertex 75.9017 82.4356 32.8883
      vertex 75.7798 82.8906 0
      vertex 75.7798 82.8906 32.8883
    endloop
  endfacet
  facet normal 0.965935 0.258786 0
    outer loop
      vertex 75.7798 82.8906 0
      vertex 75.9017 82.4356 32.8883
      vertex 75.9017 82.4356 0
    endloop
  endfacet
  facet normal 0.358396 0.93357 -0
    outer loop
      vertex 73.3303 85.611 0
      vertex 72.8906 85.7798 32.8883
      vertex 73.3303 85.611 32.8883
    endloop
  endfacet
  facet normal 0.358396 0.93357 0
    outer loop
      vertex 72.8906 85.7798 32.8883
      vertex 73.3303 85.611 0
      vertex 72.8906 85.7798 0
    endloop
  endfacet
  facet normal -0.358367 0.933581 0
    outer loop
      vertex 3.10942 85.7798 0
      vertex 2.66968 85.611 32.8883
      vertex 3.10942 85.7798 32.8883
    endloop
  endfacet
  facet normal -0.358367 0.933581 0
    outer loop
      vertex 2.66968 85.611 32.8883
      vertex 3.10942 85.7798 0
      vertex 2.66968 85.611 0
    endloop
  endfacet
  facet normal -0.96593 0.258805 0
    outer loop
      vertex 0.0983353 82.4356 0
      vertex 0.220245 82.8906 32.8883
      vertex 0.220245 82.8906 0
    endloop
  endfacet
  facet normal -0.96593 0.258805 0
    outer loop
      vertex 0.220245 82.8906 32.8883
      vertex 0.0983353 82.4356 0
      vertex 0.0983353 82.4356 32.8883
    endloop
  endfacet
  facet normal 0.156268 0.987715 -0
    outer loop
      vertex 72.4356 85.9017 0
      vertex 71.9704 85.9753 32.8883
      vertex 72.4356 85.9017 32.8883
    endloop
  endfacet
  facet normal 0.156268 0.987715 0
    outer loop
      vertex 71.9704 85.9753 32.8883
      vertex 72.4356 85.9017 0
      vertex 71.9704 85.9753 0
    endloop
  endfacet
  facet normal 0.987715 0.156268 0
    outer loop
      vertex 75.9753 81.9704 32.8883
      vertex 75.9017 82.4356 0
      vertex 75.9017 82.4356 32.8883
    endloop
  endfacet
  facet normal 0.987715 0.156268 0
    outer loop
      vertex 75.9017 82.4356 0
      vertex 75.9753 81.9704 32.8883
      vertex 75.9753 81.9704 0
    endloop
  endfacet
  facet normal 0.454078 0.890962 -0
    outer loop
      vertex 73.75 85.3971 0
      vertex 73.3303 85.611 32.8883
      vertex 73.75 85.3971 32.8883
    endloop
  endfacet
  facet normal 0.454078 0.890962 0
    outer loop
      vertex 73.3303 85.611 32.8883
      vertex 73.75 85.3971 0
      vertex 73.3303 85.611 0
    endloop
  endfacet
  facet normal -0.93357 0.358396 0
    outer loop
      vertex 0.220245 82.8906 0
      vertex 0.389045 83.3303 32.8883
      vertex 0.389045 83.3303 0
    endloop
  endfacet
  facet normal -0.93357 0.358396 0
    outer loop
      vertex 0.389045 83.3303 32.8883
      vertex 0.220245 82.8906 0
      vertex 0.220245 82.8906 32.8883
    endloop
  endfacet
  facet normal 0.258786 0.965935 -0
    outer loop
      vertex 72.8906 85.7798 0
      vertex 72.4356 85.9017 32.8883
      vertex 72.8906 85.7798 32.8883
    endloop
  endfacet
  facet normal 0.258786 0.965935 0
    outer loop
      vertex 72.4356 85.9017 32.8883
      vertex 72.8906 85.7798 0
      vertex 72.4356 85.9017 0
    endloop
  endfacet
  facet normal -0.99863 0.0523317 0
    outer loop
      vertex 0 81.5 0
      vertex 0.0246506 81.9704 32.8883
      vertex 0.0246506 81.9704 0
    endloop
  endfacet
  facet normal -0.99863 0.0523317 0
    outer loop
      vertex 0.0246506 81.9704 32.8883
      vertex 0 81.5 0
      vertex 0 81.5 32.8883
    endloop
  endfacet
  facet normal -0.156261 0.987716 0
    outer loop
      vertex 4.02962 85.9753 0
      vertex 3.5644 85.9017 32.8883
      vertex 4.02962 85.9753 32.8883
    endloop
  endfacet
  facet normal -0.156261 0.987716 0
    outer loop
      vertex 3.5644 85.9017 32.8883
      vertex 4.02962 85.9753 0
      vertex 3.5644 85.9017 0
    endloop
  endfacet
  facet normal -0.258796 0.965932 0
    outer loop
      vertex 3.5644 85.9017 0
      vertex 3.10942 85.7798 32.8883
      vertex 3.5644 85.9017 32.8883
    endloop
  endfacet
  facet normal -0.258796 0.965932 0
    outer loop
      vertex 3.10942 85.7798 32.8883
      vertex 3.5644 85.9017 0
      vertex 3.10942 85.7798 0
    endloop
  endfacet
  facet normal -0.629283 0.777177 0
    outer loop
      vertex 1.85497 85.1406 0
      vertex 1.48891 84.8442 32.8883
      vertex 1.85497 85.1406 32.8883
    endloop
  endfacet
  facet normal -0.629283 0.777177 0
    outer loop
      vertex 1.48891 84.8442 32.8883
      vertex 1.85497 85.1406 0
      vertex 1.48891 84.8442 0
    endloop
  endfacet
  facet normal 0.93357 0.358396 0
    outer loop
      vertex 75.7798 82.8906 32.8883
      vertex 75.611 83.3303 0
      vertex 75.611 83.3303 32.8883
    endloop
  endfacet
  facet normal 0.93357 0.358396 0
    outer loop
      vertex 75.611 83.3303 0
      vertex 75.7798 82.8906 32.8883
      vertex 75.7798 82.8906 0
    endloop
  endfacet
  facet normal 0.838686 0.544615 0
    outer loop
      vertex 75.3971 83.75 32.8883
      vertex 75.1406 84.145 0
      vertex 75.1406 84.145 32.8883
    endloop
  endfacet
  facet normal 0.838686 0.544615 0
    outer loop
      vertex 75.1406 84.145 0
      vertex 75.3971 83.75 32.8883
      vertex 75.3971 83.75 0
    endloop
  endfacet
  facet normal -0.454096 0.890953 0
    outer loop
      vertex 2.66968 85.611 0
      vertex 2.25 85.3971 32.8883
      vertex 2.66968 85.611 32.8883
    endloop
  endfacet
  facet normal -0.454096 0.890953 0
    outer loop
      vertex 2.25 85.3971 32.8883
      vertex 2.66968 85.611 0
      vertex 2.25 85.3971 0
    endloop
  endfacet
  facet normal 0.707107 0.707107 0
    outer loop
      vertex 74.8442 84.5111 32.8883
      vertex 74.5111 84.8442 0
      vertex 74.5111 84.8442 32.8883
    endloop
  endfacet
  facet normal 0.707107 0.707107 0
    outer loop
      vertex 74.5111 84.8442 0
      vertex 74.8442 84.5111 32.8883
      vertex 74.8442 84.5111 0
    endloop
  endfacet
  facet normal -0.891013 0.453977 0
    outer loop
      vertex 0.389045 83.3303 0
      vertex 0.602885 83.75 32.8883
      vertex 0.602885 83.75 0
    endloop
  endfacet
  facet normal -0.891013 0.453977 0
    outer loop
      vertex 0.602885 83.75 32.8883
      vertex 0.389045 83.3303 0
      vertex 0.389045 83.3303 32.8883
    endloop
  endfacet
  facet normal 0.77721 0.629241 0
    outer loop
      vertex 75.1406 84.145 32.8883
      vertex 74.8442 84.5111 0
      vertex 74.8442 84.5111 32.8883
    endloop
  endfacet
  facet normal 0.77721 0.629241 0
    outer loop
      vertex 74.8442 84.5111 0
      vertex 75.1406 84.145 32.8883
      vertex 75.1406 84.145 0
    endloop
  endfacet
  facet normal 0.544615 0.838686 -0
    outer loop
      vertex 74.145 85.1406 0
      vertex 73.75 85.3971 32.8883
      vertex 74.145 85.1406 32.8883
    endloop
  endfacet
  facet normal 0.544615 0.838686 0
    outer loop
      vertex 73.75 85.3971 32.8883
      vertex 74.145 85.1406 0
      vertex 73.75 85.3971 0
    endloop
  endfacet
  facet normal 0.890962 0.454078 0
    outer loop
      vertex 75.611 83.3303 32.8883
      vertex 75.3971 83.75 0
      vertex 75.3971 83.75 32.8883
    endloop
  endfacet
  facet normal 0.890962 0.454078 0
    outer loop
      vertex 75.3971 83.75 0
      vertex 75.611 83.3303 32.8883
      vertex 75.611 83.3303 0
    endloop
  endfacet
  facet normal 0.629241 0.77721 -0
    outer loop
      vertex 74.5111 84.8442 0
      vertex 74.145 85.1406 32.8883
      vertex 74.5111 84.8442 32.8883
    endloop
  endfacet
  facet normal 0.629241 0.77721 0
    outer loop
      vertex 74.145 85.1406 32.8883
      vertex 74.5111 84.8442 0
      vertex 74.145 85.1406 0
    endloop
  endfacet
  facet normal -0.454063 0.890969 0
    outer loop
      vertex 72.675 2.50144 0
      vertex 72.4652 2.39452 8
      vertex 72.675 2.50144 8
    endloop
  endfacet
  facet normal -0.454063 0.890969 0
    outer loop
      vertex 72.4652 2.39452 8
      vertex 72.675 2.50144 0
      vertex 72.4652 2.39452 0
    endloop
  endfacet
  facet normal 1 0 0
    outer loop
      vertex 2.2 27.9038 8
      vertex 2.2 12 4
      vertex 2.2 22 4
    endloop
  endfacet
  facet normal 1 0 0
    outer loop
      vertex 2.2 4.45 0
      vertex 2.2 12 4
      vertex 2.2 4.45 8
    endloop
  endfacet
  facet normal 1 -0 0
    outer loop
      vertex 2.2 4.45 8
      vertex 2.2 12 4
      vertex 2.2 27.9038 8
    endloop
  endfacet
  facet normal 1 0 0
    outer loop
      vertex 2.2 81.55 30.0883
      vertex 2.2 80 4
      vertex 2.2 81.55 0
    endloop
  endfacet
  facet normal 1 0 0
    outer loop
      vertex 2.2 81.55 30.0883
      vertex 2.2 70 4
      vertex 2.2 80 4
    endloop
  endfacet
  facet normal 1 -0 0
    outer loop
      vertex 2.2 27.9038 8
      vertex 2.2 70 4
      vertex 2.2 66.162 30.0883
    endloop
  endfacet
  facet normal 1 -0 0
    outer loop
      vertex 2.2 66.162 30.0883
      vertex 2.2 70 4
      vertex 2.2 81.55 30.0883
    endloop
  endfacet
  facet normal 1 -0 0
    outer loop
      vertex 2.2 80 2.6
      vertex 2.2 81.55 0
      vertex 2.2 80 4
    endloop
  endfacet
  facet normal 1 -0 0
    outer loop
      vertex 2.2 70 2.6
      vertex 2.2 81.55 0
      vertex 2.2 80 2.6
    endloop
  endfacet
  facet normal 1 0 0
    outer loop
      vertex 2.2 70 4
      vertex 2.2 27.9038 8
      vertex 2.2 70 2.6
    endloop
  endfacet
  facet normal 1 0 0
    outer loop
      vertex 2.2 22 2.6
      vertex 2.2 70 2.6
      vertex 2.2 27.9038 8
    endloop
  endfacet
  facet normal 1 0 0
    outer loop
      vertex 2.2 22 2.6
      vertex 2.2 27.9038 8
      vertex 2.2 22 4
    endloop
  endfacet
  facet normal 1 0 0
    outer loop
      vertex 2.2 70 2.6
      vertex 2.2 22 2.6
      vertex 2.2 81.55 0
    endloop
  endfacet
  facet normal 1 0 0
    outer loop
      vertex 2.2 4.45 0
      vertex 2.2 22 2.6
      vertex 2.2 12 2.6
    endloop
  endfacet
  facet normal 1 0 0
    outer loop
      vertex 2.2 22 2.6
      vertex 2.2 4.45 0
      vertex 2.2 81.55 0
    endloop
  endfacet
  facet normal 1 0 0
    outer loop
      vertex 2.2 12 4
      vertex 2.2 4.45 0
      vertex 2.2 12 2.6
    endloop
  endfacet
  facet normal 0 -1 0
    outer loop
      vertex 4.45 83.8 30.0883
      vertex 33 83.8 4
      vertex 71.55 83.8 30.0883
    endloop
  endfacet
  facet normal 0 -1 0
    outer loop
      vertex 4.45 83.8 0
      vertex 33 83.8 4
      vertex 4.45 83.8 30.0883
    endloop
  endfacet
  facet normal 0 -1 -0
    outer loop
      vertex 33 83.8 2.6
      vertex 4.45 83.8 0
      vertex 43 83.8 2.6
    endloop
  endfacet
  facet normal 0 -1 -0
    outer loop
      vertex 33 83.8 4
      vertex 4.45 83.8 0
      vertex 33 83.8 2.6
    endloop
  endfacet
  facet normal 0 -1 0
    outer loop
      vertex 43 83.8 4
      vertex 71.55 83.8 30.0883
      vertex 33 83.8 4
    endloop
  endfacet
  facet normal 0 -1 0
    outer loop
      vertex 71.55 83.8 0
      vertex 43 83.8 4
      vertex 43 83.8 2.6
    endloop
  endfacet
  facet normal 0 -1 0
    outer loop
      vertex 43 83.8 4
      vertex 71.55 83.8 0
      vertex 71.55 83.8 30.0883
    endloop
  endfacet
  facet normal 0 -1 0
    outer loop
      vertex 71.55 83.8 0
      vertex 43 83.8 2.6
      vertex 4.45 83.8 0
    endloop
  endfacet
  facet normal -0.987649 -0.156682 0
    outer loop
      vertex 73.7877 81.7852 0
      vertex 73.7508 82.0178 30.0883
      vertex 73.7508 82.0178 0
    endloop
  endfacet
  facet normal -0.987649 -0.156682 0
    outer loop
      vertex 73.7508 82.0178 30.0883
      vertex 73.7877 81.7852 0
      vertex 73.7877 81.7852 30.0883
    endloop
  endfacet
  facet normal -0.965988 -0.258588 0
    outer loop
      vertex 73.7508 82.0178 0
      vertex 73.6899 82.2453 30.0883
      vertex 73.6899 82.2453 0
    endloop
  endfacet
  facet normal -0.965988 -0.258588 0
    outer loop
      vertex 73.6899 82.2453 30.0883
      vertex 73.7508 82.0178 0
      vertex 73.7508 82.0178 30.0883
    endloop
  endfacet
  facet normal 0.838672 0.544636 0
    outer loop
      vertex 2.62971 3.12748 8
      vertex 2.50144 3.325 0
      vertex 2.50144 3.325 8
    endloop
  endfacet
  facet normal 0.838672 0.544636 0
    outer loop
      vertex 2.50144 3.325 0
      vertex 2.62971 3.12748 8
      vertex 2.62971 3.12748 0
    endloop
  endfacet
  facet normal 0.453927 -0.891039 0
    outer loop
      vertex 3.325 83.4986 0
      vertex 3.53484 83.6055 30.0883
      vertex 3.325 83.4986 30.0883
    endloop
  endfacet
  facet normal 0.453927 -0.891039 0
    outer loop
      vertex 3.53484 83.6055 30.0883
      vertex 3.325 83.4986 0
      vertex 3.53484 83.6055 0
    endloop
  endfacet
  facet normal 0.891004 0.453994 0
    outer loop
      vertex 2.50144 3.325 8
      vertex 2.39452 3.53484 0
      vertex 2.39452 3.53484 8
    endloop
  endfacet
  facet normal 0.891004 0.453994 0
    outer loop
      vertex 2.39452 3.53484 0
      vertex 2.50144 3.325 8
      vertex 2.50144 3.325 0
    endloop
  endfacet
  facet normal 0.453994 0.891004 -0
    outer loop
      vertex 3.53484 2.39452 0
      vertex 3.325 2.50144 8
      vertex 3.53484 2.39452 8
    endloop
  endfacet
  facet normal 0.453994 0.891004 0
    outer loop
      vertex 3.325 2.50144 8
      vertex 3.53484 2.39452 0
      vertex 3.325 2.50144 0
    endloop
  endfacet
  facet normal 0.998629 0.0523538 0
    outer loop
      vertex 2.21233 4.21481 8
      vertex 2.2 4.45 0
      vertex 2.2 4.45 8
    endloop
  endfacet
  facet normal 0.998629 0.0523538 0
    outer loop
      vertex 2.2 4.45 0
      vertex 2.21233 4.21481 8
      vertex 2.21233 4.21481 0
    endloop
  endfacet
  facet normal -0.453996 -0.891004 0
    outer loop
      vertex 72.4652 83.6055 0
      vertex 72.675 83.4986 30.0883
      vertex 72.4652 83.6055 30.0883
    endloop
  endfacet
  facet normal -0.453996 -0.891004 -0
    outer loop
      vertex 72.675 83.4986 30.0883
      vertex 72.4652 83.6055 0
      vertex 72.675 83.4986 0
    endloop
  endfacet
  facet normal 0 1 0
    outer loop
      vertex 71.55 2.2 8
      vertex 43 2.2 4
      vertex 4.45 2.2 8
    endloop
  endfacet
  facet normal 0 1 -0
    outer loop
      vertex 71.55 2.2 0
      vertex 43 2.2 4
      vertex 71.55 2.2 8
    endloop
  endfacet
  facet normal 0 1 0
    outer loop
      vertex 43 2.2 2.6
      vertex 71.55 2.2 0
      vertex 33 2.2 2.6
    endloop
  endfacet
  facet normal 0 1 0
    outer loop
      vertex 43 2.2 4
      vertex 71.55 2.2 0
      vertex 43 2.2 2.6
    endloop
  endfacet
  facet normal 0 1 -0
    outer loop
      vertex 33 2.2 4
      vertex 4.45 2.2 8
      vertex 43 2.2 4
    endloop
  endfacet
  facet normal 0 1 0
    outer loop
      vertex 4.45 2.2 0
      vertex 33 2.2 4
      vertex 33 2.2 2.6
    endloop
  endfacet
  facet normal 0 1 0
    outer loop
      vertex 33 2.2 4
      vertex 4.45 2.2 0
      vertex 4.45 2.2 8
    endloop
  endfacet
  facet normal 0 1 0
    outer loop
      vertex 4.45 2.2 0
      vertex 33 2.2 2.6
      vertex 71.55 2.2 0
    endloop
  endfacet
  facet normal 0.358367 0.933581 -0
    outer loop
      vertex 3.75471 2.31012 0
      vertex 3.53484 2.39452 8
      vertex 3.75471 2.31012 8
    endloop
  endfacet
  facet normal 0.358367 0.933581 0
    outer loop
      vertex 3.53484 2.39452 8
      vertex 3.75471 2.31012 0
      vertex 3.53484 2.39452 0
    endloop
  endfacet
  facet normal 0.0522268 -0.998635 0
    outer loop
      vertex 4.21481 83.7877 0
      vertex 4.45 83.8 30.0883
      vertex 4.21481 83.7877 30.0883
    endloop
  endfacet
  facet normal 0.0522268 -0.998635 0
    outer loop
      vertex 4.45 83.8 30.0883
      vertex 4.21481 83.7877 0
      vertex 4.45 83.8 0
    endloop
  endfacet
  facet normal 0.156676 -0.98765 0
    outer loop
      vertex 3.9822 83.7508 0
      vertex 4.21481 83.7877 30.0883
      vertex 3.9822 83.7508 30.0883
    endloop
  endfacet
  facet normal 0.156676 -0.98765 0
    outer loop
      vertex 4.21481 83.7877 30.0883
      vertex 3.9822 83.7508 0
      vertex 4.21481 83.7877 0
    endloop
  endfacet
  facet normal -0.0522246 -0.998635 0
    outer loop
      vertex 71.55 83.8 0
      vertex 71.7852 83.7877 30.0883
      vertex 71.55 83.8 30.0883
    endloop
  endfacet
  facet normal -0.0522246 -0.998635 -0
    outer loop
      vertex 71.7852 83.7877 30.0883
      vertex 71.55 83.8 0
      vertex 71.7852 83.7877 0
    endloop
  endfacet
  facet normal -0.777126 -0.629345 0
    outer loop
      vertex 73.3703 82.8725 0
      vertex 73.2221 83.0555 30.0883
      vertex 73.2221 83.0555 0
    endloop
  endfacet
  facet normal -0.777126 -0.629345 0
    outer loop
      vertex 73.2221 83.0555 30.0883
      vertex 73.3703 82.8725 0
      vertex 73.3703 82.8725 30.0883
    endloop
  endfacet
  facet normal -0.838614 0.544726 0
    outer loop
      vertex 73.3703 3.12748 0
      vertex 73.4986 3.325 8
      vertex 73.4986 3.325 0
    endloop
  endfacet
  facet normal -0.838614 0.544726 0
    outer loop
      vertex 73.4986 3.325 8
      vertex 73.3703 3.12748 0
      vertex 73.3703 3.12748 8
    endloop
  endfacet
  facet normal -0.544764 -0.838589 0
    outer loop
      vertex 72.675 83.4986 0
      vertex 72.8725 83.3703 30.0883
      vertex 72.675 83.4986 30.0883
    endloop
  endfacet
  facet normal -0.544764 -0.838589 -0
    outer loop
      vertex 72.8725 83.3703 30.0883
      vertex 72.675 83.4986 0
      vertex 72.8725 83.3703 0
    endloop
  endfacet
  facet normal -0.98765 0.156676 0
    outer loop
      vertex 73.7508 3.9822 0
      vertex 73.7877 4.21481 8
      vertex 73.7877 4.21481 0
    endloop
  endfacet
  facet normal -0.98765 0.156676 0
    outer loop
      vertex 73.7877 4.21481 8
      vertex 73.7508 3.9822 0
      vertex 73.7508 3.9822 8
    endloop
  endfacet
  facet normal 0.98769 0.156427 0
    outer loop
      vertex 2.24917 3.9822 8
      vertex 2.21233 4.21481 0
      vertex 2.21233 4.21481 8
    endloop
  endfacet
  facet normal 0.98769 0.156427 0
    outer loop
      vertex 2.21233 4.21481 0
      vertex 2.24917 3.9822 8
      vertex 2.24917 3.9822 0
    endloop
  endfacet
  facet normal -0.706979 0.707234 0
    outer loop
      vertex 73.2221 2.94446 0
      vertex 73.0555 2.77792 8
      vertex 73.2221 2.94446 8
    endloop
  endfacet
  facet normal -0.706979 0.707234 0
    outer loop
      vertex 73.0555 2.77792 8
      vertex 73.2221 2.94446 0
      vertex 73.0555 2.77792 0
    endloop
  endfacet
  facet normal -1 0 0
    outer loop
      vertex 73.8 80 4
      vertex 73.8 81.55 0
      vertex 73.8 80 2.6
    endloop
  endfacet
  facet normal -1 0 0
    outer loop
      vertex 73.8 81.55 0
      vertex 73.8 70 2.6
      vertex 73.8 80 2.6
    endloop
  endfacet
  facet normal -1 0 0
    outer loop
      vertex 73.8 56.5321 14.7482
      vertex 73.8 70 4
      vertex 73.8 70 2.6
    endloop
  endfacet
  facet normal -1 0 0
    outer loop
      vertex 73.8 70 4
      vertex 73.8 58.5321 18.2123
      vertex 73.8 66.162 30.0883
    endloop
  endfacet
  facet normal -1 0 0
    outer loop
      vertex 73.8 70 4
      vertex 73.8 58.5102 17.7942
      vertex 73.8 58.5321 18.2123
    endloop
  endfacet
  facet normal -1 0 0
    outer loop
      vertex 73.8 70 4
      vertex 73.8 58.4447 17.3807
      vertex 73.8 58.5102 17.7942
    endloop
  endfacet
  facet normal -1 0 0
    outer loop
      vertex 73.8 70 4
      vertex 73.8 58.3363 16.9763
      vertex 73.8 58.4447 17.3807
    endloop
  endfacet
  facet normal -1 0 0
    outer loop
      vertex 73.8 70 4
      vertex 73.8 58.1863 16.5854
      vertex 73.8 58.3363 16.9763
    endloop
  endfacet
  facet normal -1 0 0
    outer loop
      vertex 73.8 70 4
      vertex 73.8 57.9962 16.2123
      vertex 73.8 58.1863 16.5854
    endloop
  endfacet
  facet normal -1 0 0
    outer loop
      vertex 73.8 70 4
      vertex 73.8 57.7682 15.8612
      vertex 73.8 57.9962 16.2123
    endloop
  endfacet
  facet normal -1 0 0
    outer loop
      vertex 73.8 70 4
      vertex 73.8 57.5047 15.5358
      vertex 73.8 57.7682 15.8612
    endloop
  endfacet
  facet normal -1 0 0
    outer loop
      vertex 73.8 70 4
      vertex 73.8 57.2086 15.2397
      vertex 73.8 57.5047 15.5358
    endloop
  endfacet
  facet normal -1 0 0
    outer loop
      vertex 73.8 70 4
      vertex 73.8 56.8833 14.9763
      vertex 73.8 57.2086 15.2397
    endloop
  endfacet
  facet normal -1 0 0
    outer loop
      vertex 73.8 70 4
      vertex 73.8 56.5321 14.7482
      vertex 73.8 56.8833 14.9763
    endloop
  endfacet
  facet normal -1 0 0
    outer loop
      vertex 73.8 70 2.6
      vertex 73.8 48.7379 10.2482
      vertex 73.8 56.5321 14.7482
    endloop
  endfacet
  facet normal -1 0 0
    outer loop
      vertex 73.8 70 2.6
      vertex 73.8 48.3648 10.0581
      vertex 73.8 48.7379 10.2482
    endloop
  endfacet
  facet normal -1 0 0
    outer loop
      vertex 73.8 70 2.6
      vertex 73.8 47.974 9.9081
      vertex 73.8 48.3648 10.0581
    endloop
  endfacet
  facet normal -1 0 0
    outer loop
      vertex 73.8 70 2.6
      vertex 73.8 47.5695 9.79974
      vertex 73.8 47.974 9.9081
    endloop
  endfacet
  facet normal -1 0 0
    outer loop
      vertex 73.8 70 2.6
      vertex 73.8 47.156 9.73424
      vertex 73.8 47.5695 9.79974
    endloop
  endfacet
  facet normal -1 0 0
    outer loop
      vertex 73.8 70 2.6
      vertex 73.8 46.7379 9.71233
      vertex 73.8 47.156 9.73424
    endloop
  endfacet
  facet normal -1 0 0
    outer loop
      vertex 73.8 22 2.6
      vertex 73.8 46.7379 9.71233
      vertex 73.8 70 2.6
    endloop
  endfacet
  facet normal -1 -0 0
    outer loop
      vertex 73.8 46.7379 9.71233
      vertex 73.8 22 2.6
      vertex 73.8 46.3198 9.73424
    endloop
  endfacet
  facet normal -1 -0 0
    outer loop
      vertex 73.8 46.3198 9.73424
      vertex 73.8 22 2.6
      vertex 73.8 45.9062 9.79974
    endloop
  endfacet
  facet normal -1 -0 0
    outer loop
      vertex 73.8 42.7598 13.2942
      vertex 73.8 27.9038 8
      vertex 73.8 42.7379 13.7123
    endloop
  endfacet
  facet normal -1 -0 0
    outer loop
      vertex 73.8 42.8253 12.8807
      vertex 73.8 27.9038 8
      vertex 73.8 42.7598 13.2942
    endloop
  endfacet
  facet normal -1 -0 0
    outer loop
      vertex 73.8 42.9337 12.4763
      vertex 73.8 27.9038 8
      vertex 73.8 42.8253 12.8807
    endloop
  endfacet
  facet normal -1 -0 0
    outer loop
      vertex 73.8 43.0837 12.0854
      vertex 73.8 27.9038 8
      vertex 73.8 42.9337 12.4763
    endloop
  endfacet
  facet normal -1 -0 0
    outer loop
      vertex 73.8 43.2738 11.7123
      vertex 73.8 27.9038 8
      vertex 73.8 43.0837 12.0854
    endloop
  endfacet
  facet normal -1 -0 0
    outer loop
      vertex 73.8 43.5018 11.3612
      vertex 73.8 27.9038 8
      vertex 73.8 43.2738 11.7123
    endloop
  endfacet
  facet normal -1 -0 0
    outer loop
      vertex 73.8 43.7653 11.0358
      vertex 73.8 27.9038 8
      vertex 73.8 43.5018 11.3612
    endloop
  endfacet
  facet normal -1 -0 0
    outer loop
      vertex 73.8 44.0614 10.7397
      vertex 73.8 27.9038 8
      vertex 73.8 43.7653 11.0358
    endloop
  endfacet
  facet normal -1 -0 0
    outer loop
      vertex 73.8 44.3867 10.4763
      vertex 73.8 27.9038 8
      vertex 73.8 44.0614 10.7397
    endloop
  endfacet
  facet normal -1 -0 0
    outer loop
      vertex 73.8 44.7379 10.2482
      vertex 73.8 27.9038 8
      vertex 73.8 44.3867 10.4763
    endloop
  endfacet
  facet normal -1 -0 0
    outer loop
      vertex 73.8 45.1109 10.0581
      vertex 73.8 27.9038 8
      vertex 73.8 44.7379 10.2482
    endloop
  endfacet
  facet normal -1 -0 0
    outer loop
      vertex 73.8 45.5018 9.9081
      vertex 73.8 27.9038 8
      vertex 73.8 45.1109 10.0581
    endloop
  endfacet
  facet normal -1 -0 0
    outer loop
      vertex 73.8 45.9062 9.79974
      vertex 73.8 22 2.6
      vertex 73.8 45.5018 9.9081
    endloop
  endfacet
  facet normal -1 0 0
    outer loop
      vertex 73.8 22 2.6
      vertex 73.8 70 2.6
      vertex 73.8 81.55 0
    endloop
  endfacet
  facet normal -1 0 0
    outer loop
      vertex 73.8 45.5018 9.9081
      vertex 73.8 22 2.6
      vertex 73.8 27.9038 8
    endloop
  endfacet
  facet normal -1 0 0
    outer loop
      vertex 73.8 4.45 0
      vertex 73.8 22 2.6
      vertex 73.8 81.55 0
    endloop
  endfacet
  facet normal -1 -0 0
    outer loop
      vertex 73.8 12 2.6
      vertex 73.8 4.45 0
      vertex 73.8 12 4
    endloop
  endfacet
  facet normal -1 -0 0
    outer loop
      vertex 73.8 22 2.6
      vertex 73.8 4.45 0
      vertex 73.8 12 2.6
    endloop
  endfacet
  facet normal -1 0 0
    outer loop
      vertex 73.8 81.55 0
      vertex 73.8 80 4
      vertex 73.8 81.55 30.0883
    endloop
  endfacet
  facet normal -1 0 0
    outer loop
      vertex 73.8 70 4
      vertex 73.8 81.55 30.0883
      vertex 73.8 80 4
    endloop
  endfacet
  facet normal -1 -0 0
    outer loop
      vertex 73.8 81.55 30.0883
      vertex 73.8 70 4
      vertex 73.8 66.162 30.0883
    endloop
  endfacet
  facet normal -1 0 0
    outer loop
      vertex 73.8 58.5102 18.6304
      vertex 73.8 66.162 30.0883
      vertex 73.8 58.5321 18.2123
    endloop
  endfacet
  facet normal -1 0 0
    outer loop
      vertex 73.8 58.4447 19.044
      vertex 73.8 66.162 30.0883
      vertex 73.8 58.5102 18.6304
    endloop
  endfacet
  facet normal -1 0 0
    outer loop
      vertex 73.8 58.3363 19.4484
      vertex 73.8 66.162 30.0883
      vertex 73.8 58.4447 19.044
    endloop
  endfacet
  facet normal -1 0 0
    outer loop
      vertex 73.8 58.1863 19.8393
      vertex 73.8 66.162 30.0883
      vertex 73.8 58.3363 19.4484
    endloop
  endfacet
  facet normal -1 0 0
    outer loop
      vertex 73.8 57.9962 20.2123
      vertex 73.8 66.162 30.0883
      vertex 73.8 58.1863 19.8393
    endloop
  endfacet
  facet normal -1 0 0
    outer loop
      vertex 73.8 57.7682 20.5635
      vertex 73.8 66.162 30.0883
      vertex 73.8 57.9962 20.2123
    endloop
  endfacet
  facet normal -1 0 0
    outer loop
      vertex 73.8 57.5047 20.8888
      vertex 73.8 66.162 30.0883
      vertex 73.8 57.7682 20.5635
    endloop
  endfacet
  facet normal -1 0 0
    outer loop
      vertex 73.8 57.2086 21.1849
      vertex 73.8 66.162 30.0883
      vertex 73.8 57.5047 20.8888
    endloop
  endfacet
  facet normal -1 0 0
    outer loop
      vertex 73.8 56.8833 21.4484
      vertex 73.8 66.162 30.0883
      vertex 73.8 57.2086 21.1849
    endloop
  endfacet
  facet normal -1 0 0
    outer loop
      vertex 73.8 56.5321 21.6764
      vertex 73.8 66.162 30.0883
      vertex 73.8 56.8833 21.4484
    endloop
  endfacet
  facet normal -1 0 0
    outer loop
      vertex 73.8 56.1591 21.8665
      vertex 73.8 66.162 30.0883
      vertex 73.8 56.5321 21.6764
    endloop
  endfacet
  facet normal -1 0 0
    outer loop
      vertex 73.8 55.7682 22.0166
      vertex 73.8 66.162 30.0883
      vertex 73.8 56.1591 21.8665
    endloop
  endfacet
  facet normal -1 0 0
    outer loop
      vertex 73.8 55.3638 22.1249
      vertex 73.8 66.162 30.0883
      vertex 73.8 55.7682 22.0166
    endloop
  endfacet
  facet normal -1 0 0
    outer loop
      vertex 73.8 54.9502 22.1904
      vertex 73.8 66.162 30.0883
      vertex 73.8 55.3638 22.1249
    endloop
  endfacet
  facet normal -1 0 0
    outer loop
      vertex 73.8 54.5321 22.2123
      vertex 73.8 66.162 30.0883
      vertex 73.8 54.9502 22.1904
    endloop
  endfacet
  facet normal -1 0 0
    outer loop
      vertex 73.8 54.114 22.1904
      vertex 73.8 66.162 30.0883
      vertex 73.8 54.5321 22.2123
    endloop
  endfacet
  facet normal -1 0 0
    outer loop
      vertex 73.8 53.7005 22.1249
      vertex 73.8 66.162 30.0883
      vertex 73.8 54.114 22.1904
    endloop
  endfacet
  facet normal -1 0 0
    outer loop
      vertex 73.8 53.296 22.0166
      vertex 73.8 66.162 30.0883
      vertex 73.8 53.7005 22.1249
    endloop
  endfacet
  facet normal -1 0 0
    outer loop
      vertex 73.8 52.9052 21.8665
      vertex 73.8 66.162 30.0883
      vertex 73.8 53.296 22.0166
    endloop
  endfacet
  facet normal -1 0 0
    outer loop
      vertex 73.8 52.5321 21.6764
      vertex 73.8 66.162 30.0883
      vertex 73.8 52.9052 21.8665
    endloop
  endfacet
  facet normal -1 0 0
    outer loop
      vertex 73.8 44.7379 17.1764
      vertex 73.8 66.162 30.0883
      vertex 73.8 52.5321 21.6764
    endloop
  endfacet
  facet normal -1 -0 0
    outer loop
      vertex 73.8 44.7379 17.1764
      vertex 73.8 27.9038 8
      vertex 73.8 66.162 30.0883
    endloop
  endfacet
  facet normal -1 -0 0
    outer loop
      vertex 73.8 44.3867 16.9484
      vertex 73.8 27.9038 8
      vertex 73.8 44.7379 17.1764
    endloop
  endfacet
  facet normal -1 -0 0
    outer loop
      vertex 73.8 44.0614 16.6849
      vertex 73.8 27.9038 8
      vertex 73.8 44.3867 16.9484
    endloop
  endfacet
  facet normal -1 -0 0
    outer loop
      vertex 73.8 43.7653 16.3888
      vertex 73.8 27.9038 8
      vertex 73.8 44.0614 16.6849
    endloop
  endfacet
  facet normal -1 -0 0
    outer loop
      vertex 73.8 43.5018 16.0635
      vertex 73.8 27.9038 8
      vertex 73.8 43.7653 16.3888
    endloop
  endfacet
  facet normal -1 -0 0
    outer loop
      vertex 73.8 43.2738 15.7123
      vertex 73.8 27.9038 8
      vertex 73.8 43.5018 16.0635
    endloop
  endfacet
  facet normal -1 -0 0
    outer loop
      vertex 73.8 43.0837 15.3393
      vertex 73.8 27.9038 8
      vertex 73.8 43.2738 15.7123
    endloop
  endfacet
  facet normal -1 -0 0
    outer loop
      vertex 73.8 42.9337 14.9484
      vertex 73.8 27.9038 8
      vertex 73.8 43.0837 15.3393
    endloop
  endfacet
  facet normal -1 -0 0
    outer loop
      vertex 73.8 42.8253 14.544
      vertex 73.8 27.9038 8
      vertex 73.8 42.9337 14.9484
    endloop
  endfacet
  facet normal -1 -0 0
    outer loop
      vertex 73.8 42.7598 14.1304
      vertex 73.8 27.9038 8
      vertex 73.8 42.8253 14.544
    endloop
  endfacet
  facet normal -1 0 0
    outer loop
      vertex 73.8 27.9038 8
      vertex 73.8 42.7598 14.1304
      vertex 73.8 42.7379 13.7123
    endloop
  endfacet
  facet normal -1 0 0
    outer loop
      vertex 73.8 22 4
      vertex 73.8 27.9038 8
      vertex 73.8 22 2.6
    endloop
  endfacet
  facet normal -1 0 0
    outer loop
      vertex 73.8 12 4
      vertex 73.8 27.9038 8
      vertex 73.8 22 4
    endloop
  endfacet
  facet normal -1 0 0
    outer loop
      vertex 73.8 12 4
      vertex 73.8 4.45 8
      vertex 73.8 27.9038 8
    endloop
  endfacet
  facet normal -1 0 0
    outer loop
      vertex 73.8 4.45 8
      vertex 73.8 12 4
      vertex 73.8 4.45 0
    endloop
  endfacet
  facet normal 0.707107 0.707107 0
    outer loop
      vertex 2.94446 2.77792 8
      vertex 2.77792 2.94446 0
      vertex 2.77792 2.94446 8
    endloop
  endfacet
  facet normal 0.707107 0.707107 0
    outer loop
      vertex 2.77792 2.94446 0
      vertex 2.94446 2.77792 8
      vertex 2.94446 2.77792 0
    endloop
  endfacet
  facet normal -0.77716 0.629303 0
    outer loop
      vertex 73.2221 2.94446 0
      vertex 73.3703 3.12748 8
      vertex 73.3703 3.12748 0
    endloop
  endfacet
  facet normal -0.77716 0.629303 0
    outer loop
      vertex 73.3703 3.12748 8
      vertex 73.2221 2.94446 0
      vertex 73.2221 2.94446 8
    endloop
  endfacet
  facet normal 0.629329 0.777139 -0
    outer loop
      vertex 3.12748 2.62971 0
      vertex 2.94446 2.77792 8
      vertex 3.12748 2.62971 8
    endloop
  endfacet
  facet normal 0.629329 0.777139 0
    outer loop
      vertex 2.94446 2.77792 8
      vertex 3.12748 2.62971 0
      vertex 2.94446 2.77792 0
    endloop
  endfacet
  facet normal 0.933597 -0.358325 0
    outer loop
      vertex 2.31012 82.2453 30.0883
      vertex 2.39452 82.4652 0
      vertex 2.39452 82.4652 30.0883
    endloop
  endfacet
  facet normal 0.933597 -0.358325 0
    outer loop
      vertex 2.39452 82.4652 0
      vertex 2.31012 82.2453 30.0883
      vertex 2.31012 82.2453 0
    endloop
  endfacet
  facet normal -0.156682 -0.987649 0
    outer loop
      vertex 71.7852 83.7877 0
      vertex 72.0178 83.7508 30.0883
      vertex 71.7852 83.7877 30.0883
    endloop
  endfacet
  facet normal -0.156682 -0.987649 -0
    outer loop
      vertex 72.0178 83.7508 30.0883
      vertex 71.7852 83.7877 0
      vertex 72.0178 83.7508 0
    endloop
  endfacet
  facet normal -0.544675 0.838647 0
    outer loop
      vertex 72.8725 2.62971 0
      vertex 72.675 2.50144 8
      vertex 72.8725 2.62971 8
    endloop
  endfacet
  facet normal -0.544675 0.838647 0
    outer loop
      vertex 72.675 2.50144 8
      vertex 72.8725 2.62971 0
      vertex 72.675 2.50144 0
    endloop
  endfacet
  facet normal -0.998635 -0.0522246 0
    outer loop
      vertex 73.8 81.55 0
      vertex 73.7877 81.7852 30.0883
      vertex 73.7877 81.7852 0
    endloop
  endfacet
  facet normal -0.998635 -0.0522246 0
    outer loop
      vertex 73.7877 81.7852 30.0883
      vertex 73.8 81.55 0
      vertex 73.8 81.55 30.0883
    endloop
  endfacet
  facet normal -0.933597 -0.358325 0
    outer loop
      vertex 73.6899 82.2453 0
      vertex 73.6055 82.4652 30.0883
      vertex 73.6055 82.4652 0
    endloop
  endfacet
  facet normal -0.933597 -0.358325 0
    outer loop
      vertex 73.6055 82.4652 30.0883
      vertex 73.6899 82.2453 0
      vertex 73.6899 82.2453 30.0883
    endloop
  endfacet
  facet normal -0.838589 -0.544764 0
    outer loop
      vertex 73.4986 82.675 0
      vertex 73.3703 82.8725 30.0883
      vertex 73.3703 82.8725 0
    endloop
  endfacet
  facet normal -0.838589 -0.544764 0
    outer loop
      vertex 73.3703 82.8725 30.0883
      vertex 73.4986 82.675 0
      vertex 73.4986 82.675 30.0883
    endloop
  endfacet
  facet normal -0.629345 -0.777126 0
    outer loop
      vertex 72.8725 83.3703 0
      vertex 73.0555 83.2221 30.0883
      vertex 72.8725 83.3703 30.0883
    endloop
  endfacet
  facet normal -0.629345 -0.777126 -0
    outer loop
      vertex 73.0555 83.2221 30.0883
      vertex 72.8725 83.3703 0
      vertex 73.0555 83.2221 0
    endloop
  endfacet
  facet normal -0.0523516 0.998629 0
    outer loop
      vertex 71.7852 2.21233 0
      vertex 71.55 2.2 8
      vertex 71.7852 2.21233 8
    endloop
  endfacet
  facet normal -0.0523516 0.998629 0
    outer loop
      vertex 71.55 2.2 8
      vertex 71.7852 2.21233 0
      vertex 71.55 2.2 0
    endloop
  endfacet
  facet normal -0.707107 -0.707107 0
    outer loop
      vertex 73.2221 83.0555 0
      vertex 73.0555 83.2221 30.0883
      vertex 73.0555 83.2221 0
    endloop
  endfacet
  facet normal -0.707107 -0.707107 0
    outer loop
      vertex 73.0555 83.2221 30.0883
      vertex 73.2221 83.0555 0
      vertex 73.2221 83.0555 30.0883
    endloop
  endfacet
  facet normal 0.258796 0.965932 -0
    outer loop
      vertex 3.9822 2.24917 0
      vertex 3.75471 2.31012 8
      vertex 3.9822 2.24917 8
    endloop
  endfacet
  facet normal 0.258796 0.965932 0
    outer loop
      vertex 3.75471 2.31012 8
      vertex 3.9822 2.24917 0
      vertex 3.75471 2.31012 0
    endloop
  endfacet
  facet normal -0.358325 -0.933597 0
    outer loop
      vertex 72.2453 83.6899 0
      vertex 72.4652 83.6055 30.0883
      vertex 72.2453 83.6899 30.0883
    endloop
  endfacet
  facet normal -0.358325 -0.933597 -0
    outer loop
      vertex 72.4652 83.6055 30.0883
      vertex 72.2453 83.6899 0
      vertex 72.4652 83.6055 0
    endloop
  endfacet
  facet normal -0.998635 0.0522268 0
    outer loop
      vertex 73.7877 4.21481 0
      vertex 73.8 4.45 8
      vertex 73.8 4.45 0
    endloop
  endfacet
  facet normal -0.998635 0.0522268 0
    outer loop
      vertex 73.8 4.45 8
      vertex 73.7877 4.21481 0
      vertex 73.7877 4.21481 8
    endloop
  endfacet
  facet normal -0.156434 0.987688 0
    outer loop
      vertex 72.0178 2.24917 0
      vertex 71.7852 2.21233 8
      vertex 72.0178 2.24917 8
    endloop
  endfacet
  facet normal -0.156434 0.987688 0
    outer loop
      vertex 71.7852 2.21233 8
      vertex 72.0178 2.24917 0
      vertex 71.7852 2.21233 0
    endloop
  endfacet
  facet normal 0.965935 -0.258786 0
    outer loop
      vertex 2.24917 82.0178 30.0883
      vertex 2.31012 82.2453 0
      vertex 2.31012 82.2453 30.0883
    endloop
  endfacet
  facet normal 0.965935 -0.258786 0
    outer loop
      vertex 2.31012 82.2453 0
      vertex 2.24917 82.0178 30.0883
      vertex 2.24917 82.0178 0
    endloop
  endfacet
  facet normal 0.629303 -0.77716 0
    outer loop
      vertex 2.94446 83.2221 0
      vertex 3.12748 83.3703 30.0883
      vertex 2.94446 83.2221 30.0883
    endloop
  endfacet
  facet normal 0.629303 -0.77716 0
    outer loop
      vertex 3.12748 83.3703 30.0883
      vertex 2.94446 83.2221 0
      vertex 3.12748 83.3703 0
    endloop
  endfacet
  facet normal -0.258588 -0.965988 0
    outer loop
      vertex 72.0178 83.7508 0
      vertex 72.2453 83.6899 30.0883
      vertex 72.0178 83.7508 30.0883
    endloop
  endfacet
  facet normal -0.258588 -0.965988 -0
    outer loop
      vertex 72.2453 83.6899 30.0883
      vertex 72.0178 83.7508 0
      vertex 72.2453 83.6899 0
    endloop
  endfacet
  facet normal 0.544636 0.838672 -0
    outer loop
      vertex 3.325 2.50144 0
      vertex 3.12748 2.62971 8
      vertex 3.325 2.50144 8
    endloop
  endfacet
  facet normal 0.544636 0.838672 0
    outer loop
      vertex 3.12748 2.62971 8
      vertex 3.325 2.50144 0
      vertex 3.12748 2.62971 0
    endloop
  endfacet
  facet normal 0.838647 -0.544675 0
    outer loop
      vertex 2.50144 82.675 30.0883
      vertex 2.62971 82.8725 0
      vertex 2.62971 82.8725 30.0883
    endloop
  endfacet
  facet normal 0.838647 -0.544675 0
    outer loop
      vertex 2.62971 82.8725 0
      vertex 2.50144 82.675 30.0883
      vertex 2.50144 82.675 0
    endloop
  endfacet
  facet normal 0.156427 0.98769 -0
    outer loop
      vertex 4.21481 2.21233 0
      vertex 3.9822 2.24917 8
      vertex 4.21481 2.21233 8
    endloop
  endfacet
  facet normal 0.156427 0.98769 0
    outer loop
      vertex 3.9822 2.24917 8
      vertex 4.21481 2.21233 0
      vertex 3.9822 2.24917 0
    endloop
  endfacet
  facet normal 0.777139 0.629329 0
    outer loop
      vertex 2.77792 2.94446 8
      vertex 2.62971 3.12748 0
      vertex 2.62971 3.12748 8
    endloop
  endfacet
  facet normal 0.777139 0.629329 0
    outer loop
      vertex 2.62971 3.12748 0
      vertex 2.77792 2.94446 8
      vertex 2.77792 2.94446 0
    endloop
  endfacet
  facet normal -0.891004 -0.453996 0
    outer loop
      vertex 73.6055 82.4652 0
      vertex 73.4986 82.675 30.0883
      vertex 73.4986 82.675 0
    endloop
  endfacet
  facet normal -0.891004 -0.453996 0
    outer loop
      vertex 73.4986 82.675 30.0883
      vertex 73.6055 82.4652 0
      vertex 73.6055 82.4652 30.0883
    endloop
  endfacet
  facet normal 0.933581 0.358367 0
    outer loop
      vertex 2.39452 3.53484 8
      vertex 2.31012 3.75471 0
      vertex 2.31012 3.75471 8
    endloop
  endfacet
  facet normal 0.933581 0.358367 0
    outer loop
      vertex 2.31012 3.75471 0
      vertex 2.39452 3.53484 8
      vertex 2.39452 3.53484 0
    endloop
  endfacet
  facet normal 0.777105 -0.62937 0
    outer loop
      vertex 2.62971 82.8725 30.0883
      vertex 2.77792 83.0555 0
      vertex 2.77792 83.0555 30.0883
    endloop
  endfacet
  facet normal 0.777105 -0.62937 0
    outer loop
      vertex 2.77792 83.0555 0
      vertex 2.62971 82.8725 30.0883
      vertex 2.62971 82.8725 0
    endloop
  endfacet
  facet normal -0.933581 0.358367 0
    outer loop
      vertex 73.6055 3.53484 0
      vertex 73.6899 3.75471 8
      vertex 73.6899 3.75471 0
    endloop
  endfacet
  facet normal -0.933581 0.358367 0
    outer loop
      vertex 73.6899 3.75471 8
      vertex 73.6055 3.53484 0
      vertex 73.6055 3.53484 8
    endloop
  endfacet
  facet normal 0.965932 0.258796 0
    outer loop
      vertex 2.31012 3.75471 8
      vertex 2.24917 3.9822 0
      vertex 2.24917 3.9822 8
    endloop
  endfacet
  facet normal 0.965932 0.258796 0
    outer loop
      vertex 2.24917 3.9822 0
      vertex 2.31012 3.75471 8
      vertex 2.31012 3.75471 0
    endloop
  endfacet
  facet normal -0.62937 0.777105 0
    outer loop
      vertex 73.0555 2.77792 0
      vertex 72.8725 2.62971 8
      vertex 73.0555 2.77792 8
    endloop
  endfacet
  facet normal -0.62937 0.777105 0
    outer loop
      vertex 72.8725 2.62971 8
      vertex 73.0555 2.77792 0
      vertex 72.8725 2.62971 0
    endloop
  endfacet
  facet normal 0.707234 -0.706979 0
    outer loop
      vertex 2.77792 83.0555 30.0883
      vertex 2.94446 83.2221 0
      vertex 2.94446 83.2221 30.0883
    endloop
  endfacet
  facet normal 0.707234 -0.706979 0
    outer loop
      vertex 2.94446 83.2221 0
      vertex 2.77792 83.0555 30.0883
      vertex 2.77792 83.0555 0
    endloop
  endfacet
  facet normal 0.544726 -0.838614 0
    outer loop
      vertex 3.12748 83.3703 0
      vertex 3.325 83.4986 30.0883
      vertex 3.12748 83.3703 30.0883
    endloop
  endfacet
  facet normal 0.544726 -0.838614 0
    outer loop
      vertex 3.325 83.4986 30.0883
      vertex 3.12748 83.3703 0
      vertex 3.325 83.4986 0
    endloop
  endfacet
  facet normal -0.965985 0.258598 0
    outer loop
      vertex 73.6899 3.75471 0
      vertex 73.7508 3.9822 8
      vertex 73.7508 3.9822 0
    endloop
  endfacet
  facet normal -0.965985 0.258598 0
    outer loop
      vertex 73.7508 3.9822 8
      vertex 73.6899 3.75471 0
      vertex 73.6899 3.75471 8
    endloop
  endfacet
  facet normal 0.998629 -0.0523516 0
    outer loop
      vertex 2.2 81.55 30.0883
      vertex 2.21233 81.7852 0
      vertex 2.21233 81.7852 30.0883
    endloop
  endfacet
  facet normal 0.998629 -0.0523516 0
    outer loop
      vertex 2.21233 81.7852 0
      vertex 2.2 81.55 30.0883
      vertex 2.2 81.55 0
    endloop
  endfacet
  facet normal -0.358325 0.933597 0
    outer loop
      vertex 72.4652 2.39452 0
      vertex 72.2453 2.31012 8
      vertex 72.4652 2.39452 8
    endloop
  endfacet
  facet normal -0.358325 0.933597 0
    outer loop
      vertex 72.2453 2.31012 8
      vertex 72.4652 2.39452 0
      vertex 72.2453 2.31012 0
    endloop
  endfacet
  facet normal 0.0523538 0.998629 -0
    outer loop
      vertex 4.45 2.2 0
      vertex 4.21481 2.21233 8
      vertex 4.45 2.2 8
    endloop
  endfacet
  facet normal 0.0523538 0.998629 0
    outer loop
      vertex 4.21481 2.21233 8
      vertex 4.45 2.2 0
      vertex 4.21481 2.21233 0
    endloop
  endfacet
  facet normal 0.987688 -0.156434 0
    outer loop
      vertex 2.21233 81.7852 30.0883
      vertex 2.24917 82.0178 0
      vertex 2.24917 82.0178 30.0883
    endloop
  endfacet
  facet normal 0.987688 -0.156434 0
    outer loop
      vertex 2.24917 82.0178 0
      vertex 2.21233 81.7852 30.0883
      vertex 2.21233 81.7852 0
    endloop
  endfacet
  facet normal -0.891039 0.453927 0
    outer loop
      vertex 73.4986 3.325 0
      vertex 73.6055 3.53484 8
      vertex 73.6055 3.53484 0
    endloop
  endfacet
  facet normal -0.891039 0.453927 0
    outer loop
      vertex 73.6055 3.53484 8
      vertex 73.4986 3.325 0
      vertex 73.4986 3.325 8
    endloop
  endfacet
  facet normal -0.258786 0.965935 0
    outer loop
      vertex 72.2453 2.31012 0
      vertex 72.0178 2.24917 8
      vertex 72.2453 2.31012 8
    endloop
  endfacet
  facet normal -0.258786 0.965935 0
    outer loop
      vertex 72.0178 2.24917 8
      vertex 72.2453 2.31012 0
      vertex 72.0178 2.24917 0
    endloop
  endfacet
  facet normal 0.890969 -0.454063 0
    outer loop
      vertex 2.39452 82.4652 30.0883
      vertex 2.50144 82.675 0
      vertex 2.50144 82.675 30.0883
    endloop
  endfacet
  facet normal 0.890969 -0.454063 0
    outer loop
      vertex 2.50144 82.675 0
      vertex 2.39452 82.4652 30.0883
      vertex 2.39452 82.4652 0
    endloop
  endfacet
  facet normal 0.258598 -0.965985 0
    outer loop
      vertex 3.75471 83.6899 0
      vertex 3.9822 83.7508 30.0883
      vertex 3.75471 83.6899 30.0883
    endloop
  endfacet
  facet normal 0.258598 -0.965985 0
    outer loop
      vertex 3.9822 83.7508 30.0883
      vertex 3.75471 83.6899 0
      vertex 3.9822 83.7508 0
    endloop
  endfacet
  facet normal 0.358367 -0.933581 0
    outer loop
      vertex 3.53484 83.6055 0
      vertex 3.75471 83.6899 30.0883
      vertex 3.53484 83.6055 30.0883
    endloop
  endfacet
  facet normal 0.358367 -0.933581 0
    outer loop
      vertex 3.75471 83.6899 30.0883
      vertex 3.53484 83.6055 0
      vertex 3.75471 83.6899 0
    endloop
  endfacet
  facet normal 0 0 -1
    outer loop
      vertex 71.55 83.8 30.0883
      vertex 73.8 81.55 30.0883
      vertex 73.8 66.162 30.0883
    endloop
  endfacet
  facet normal 0 0 -1
    outer loop
      vertex 73.8 81.55 30.0883
      vertex 71.55 83.8 30.0883
      vertex 73.7877 81.7852 30.0883
    endloop
  endfacet
  facet normal 0 0 -1
    outer loop
      vertex 73.7877 81.7852 30.0883
      vertex 71.55 83.8 30.0883
      vertex 73.7508 82.0178 30.0883
    endloop
  endfacet
  facet normal 0 0 -1
    outer loop
      vertex 73.7508 82.0178 30.0883
      vertex 71.55 83.8 30.0883
      vertex 73.6899 82.2453 30.0883
    endloop
  endfacet
  facet normal 0 0 -1
    outer loop
      vertex 73.6899 82.2453 30.0883
      vertex 71.55 83.8 30.0883
      vertex 73.6055 82.4652 30.0883
    endloop
  endfacet
  facet normal 0 0 -1
    outer loop
      vertex 73.6055 82.4652 30.0883
      vertex 71.55 83.8 30.0883
      vertex 73.4986 82.675 30.0883
    endloop
  endfacet
  facet normal 0 0 -1
    outer loop
      vertex 73.4986 82.675 30.0883
      vertex 71.55 83.8 30.0883
      vertex 73.3703 82.8725 30.0883
    endloop
  endfacet
  facet normal 0 0 -1
    outer loop
      vertex 73.3703 82.8725 30.0883
      vertex 71.55 83.8 30.0883
      vertex 73.2221 83.0555 30.0883
    endloop
  endfacet
  facet normal 0 0 -1
    outer loop
      vertex 73.2221 83.0555 30.0883
      vertex 71.55 83.8 30.0883
      vertex 73.0555 83.2221 30.0883
    endloop
  endfacet
  facet normal 0 0 -1
    outer loop
      vertex 73.0555 83.2221 30.0883
      vertex 71.55 83.8 30.0883
      vertex 72.8725 83.3703 30.0883
    endloop
  endfacet
  facet normal 0 0 -1
    outer loop
      vertex 72.8725 83.3703 30.0883
      vertex 71.55 83.8 30.0883
      vertex 72.675 83.4986 30.0883
    endloop
  endfacet
  facet normal 0 0 -1
    outer loop
      vertex 72.675 83.4986 30.0883
      vertex 71.55 83.8 30.0883
      vertex 72.4652 83.6055 30.0883
    endloop
  endfacet
  facet normal 0 0 -1
    outer loop
      vertex 72.4652 83.6055 30.0883
      vertex 71.55 83.8 30.0883
      vertex 72.2453 83.6899 30.0883
    endloop
  endfacet
  facet normal 0 0 -1
    outer loop
      vertex 72.2453 83.6899 30.0883
      vertex 71.55 83.8 30.0883
      vertex 72.0178 83.7508 30.0883
    endloop
  endfacet
  facet normal 0 0 -1
    outer loop
      vertex 72.0178 83.7508 30.0883
      vertex 71.55 83.8 30.0883
      vertex 71.7852 83.7877 30.0883
    endloop
  endfacet
  facet normal 0 0 -1
    outer loop
      vertex 73.8 66.162 30.0883
      vertex 4.45 83.8 30.0883
      vertex 71.55 83.8 30.0883
    endloop
  endfacet
  facet normal 0 0 -1
    outer loop
      vertex 2.2 66.162 30.0883
      vertex 4.45 83.8 30.0883
      vertex 73.8 66.162 30.0883
    endloop
  endfacet
  facet normal 0 0 -1
    outer loop
      vertex 2.2 81.55 30.0883
      vertex 4.45 83.8 30.0883
      vertex 2.2 66.162 30.0883
    endloop
  endfacet
  facet normal 0 0 -1
    outer loop
      vertex 4.45 83.8 30.0883
      vertex 2.2 81.55 30.0883
      vertex 4.21481 83.7877 30.0883
    endloop
  endfacet
  facet normal 0 0 -1
    outer loop
      vertex 4.21481 83.7877 30.0883
      vertex 2.2 81.55 30.0883
      vertex 3.9822 83.7508 30.0883
    endloop
  endfacet
  facet normal 0 0 -1
    outer loop
      vertex 3.9822 83.7508 30.0883
      vertex 2.2 81.55 30.0883
      vertex 3.75471 83.6899 30.0883
    endloop
  endfacet
  facet normal 0 0 -1
    outer loop
      vertex 3.75471 83.6899 30.0883
      vertex 2.2 81.55 30.0883
      vertex 3.53484 83.6055 30.0883
    endloop
  endfacet
  facet normal 0 0 -1
    outer loop
      vertex 3.53484 83.6055 30.0883
      vertex 2.2 81.55 30.0883
      vertex 3.325 83.4986 30.0883
    endloop
  endfacet
  facet normal 0 0 -1
    outer loop
      vertex 3.325 83.4986 30.0883
      vertex 2.2 81.55 30.0883
      vertex 3.12748 83.3703 30.0883
    endloop
  endfacet
  facet normal 0 0 -1
    outer loop
      vertex 3.12748 83.3703 30.0883
      vertex 2.2 81.55 30.0883
      vertex 2.94446 83.2221 30.0883
    endloop
  endfacet
  facet normal 0 0 -1
    outer loop
      vertex 2.94446 83.2221 30.0883
      vertex 2.2 81.55 30.0883
      vertex 2.77792 83.0555 30.0883
    endloop
  endfacet
  facet normal 0 0 -1
    outer loop
      vertex 2.77792 83.0555 30.0883
      vertex 2.2 81.55 30.0883
      vertex 2.62971 82.8725 30.0883
    endloop
  endfacet
  facet normal 0 0 -1
    outer loop
      vertex 2.50144 82.675 30.0883
      vertex 2.2 81.55 30.0883
      vertex 2.39452 82.4652 30.0883
    endloop
  endfacet
  facet normal 0 0 -1
    outer loop
      vertex 2.39452 82.4652 30.0883
      vertex 2.2 81.55 30.0883
      vertex 2.31012 82.2453 30.0883
    endloop
  endfacet
  facet normal 0 0 -1
    outer loop
      vertex 2.31012 82.2453 30.0883
      vertex 2.2 81.55 30.0883
      vertex 2.24917 82.0178 30.0883
    endloop
  endfacet
  facet normal 0 0 -1
    outer loop
      vertex 2.62971 82.8725 30.0883
      vertex 2.2 81.55 30.0883
      vertex 2.50144 82.675 30.0883
    endloop
  endfacet
  facet normal 0 0 -1
    outer loop
      vertex 2.24917 82.0178 30.0883
      vertex 2.2 81.55 30.0883
      vertex 2.21233 81.7852 30.0883
    endloop
  endfacet
  facet normal -1.35221e-06 0.499999 -0.866026
    outer loop
      vertex 73.8 27.9038 8
      vertex 63.9 32.8895 10.8785
      vertex 73.8 66.162 30.0883
    endloop
  endfacet
  facet normal 0 0.500001 -0.866025
    outer loop
      vertex 73.8 27.9038 8
      vertex 13.7 32.8895 10.8785
      vertex 63.9 32.8895 10.8785
    endloop
  endfacet
  facet normal 1.16408e-06 0.499999 -0.866026
    outer loop
      vertex 2.2 66.162 30.0883
      vertex 13.7 32.8895 10.8785
      vertex 2.2 27.9038 8
    endloop
  endfacet
  facet normal 0 0.500001 -0.866025
    outer loop
      vertex 2.2 27.9038 8
      vertex 13.7 32.8895 10.8785
      vertex 73.8 27.9038 8
    endloop
  endfacet
  facet normal -9.21894e-06 0.5 -0.866025
    outer loop
      vertex 63.9 63.9105 28.7885
      vertex 73.8 66.162 30.0883
      vertex 63.9 32.8895 10.8785
    endloop
  endfacet
  facet normal 0 0.49997 -0.866043
    outer loop
      vertex 13.7 63.9105 28.7885
      vertex 73.8 66.162 30.0883
      vertex 63.9 63.9105 28.7885
    endloop
  endfacet
  facet normal 0 0.49997 -0.866043
    outer loop
      vertex 13.7 63.9105 28.7885
      vertex 2.2 66.162 30.0883
      vertex 73.8 66.162 30.0883
    endloop
  endfacet
  facet normal 7.93631e-06 0.5 -0.866025
    outer loop
      vertex 13.7 32.8895 10.8785
      vertex 2.2 66.162 30.0883
      vertex 13.7 63.9105 28.7885
    endloop
  endfacet
  facet normal 0 0 -1
    outer loop
      vertex 71.55 2.2 8
      vertex 39.525 8.5 8
      vertex 55.525 8.5 8
    endloop
  endfacet
  facet normal 0 0 -1
    outer loop
      vertex 39.525 8.5 8
      vertex 36.475 8.5 8
      vertex 39.525 24.5 8
    endloop
  endfacet
  facet normal 0 0 -1
    outer loop
      vertex 71.55 2.2 8
      vertex 36.475 8.5 8
      vertex 39.525 8.5 8
    endloop
  endfacet
  facet normal 0 0 -1
    outer loop
      vertex 4.45 2.2 8
      vertex 36.475 8.5 8
      vertex 71.55 2.2 8
    endloop
  endfacet
  facet normal 0 0 -1
    outer loop
      vertex 2.2 4.45 8
      vertex 20.475 8.5 8
      vertex 4.45 2.2 8
    endloop
  endfacet
  facet normal -0 0 -1
    outer loop
      vertex 36.475 8.5 8
      vertex 4.45 2.2 8
      vertex 20.475 8.5 8
    endloop
  endfacet
  facet normal 0 0 -1
    outer loop
      vertex 71.55 2.2 8
      vertex 73.8 4.45 8
      vertex 73.7877 4.21481 8
    endloop
  endfacet
  facet normal 0 0 -1
    outer loop
      vertex 71.55 2.2 8
      vertex 73.7877 4.21481 8
      vertex 73.7508 3.9822 8
    endloop
  endfacet
  facet normal 0 0 -1
    outer loop
      vertex 71.55 2.2 8
      vertex 73.7508 3.9822 8
      vertex 73.6899 3.75471 8
    endloop
  endfacet
  facet normal 0 0 -1
    outer loop
      vertex 71.55 2.2 8
      vertex 73.6899 3.75471 8
      vertex 73.6055 3.53484 8
    endloop
  endfacet
  facet normal 0 0 -1
    outer loop
      vertex 71.55 2.2 8
      vertex 73.6055 3.53484 8
      vertex 73.4986 3.325 8
    endloop
  endfacet
  facet normal 0 0 -1
    outer loop
      vertex 71.55 2.2 8
      vertex 73.4986 3.325 8
      vertex 73.3703 3.12748 8
    endloop
  endfacet
  facet normal 0 0 -1
    outer loop
      vertex 71.55 2.2 8
      vertex 73.3703 3.12748 8
      vertex 73.2221 2.94446 8
    endloop
  endfacet
  facet normal 0 0 -1
    outer loop
      vertex 71.55 2.2 8
      vertex 73.2221 2.94446 8
      vertex 73.0555 2.77792 8
    endloop
  endfacet
  facet normal 0 0 -1
    outer loop
      vertex 71.55 2.2 8
      vertex 73.0555 2.77792 8
      vertex 72.8725 2.62971 8
    endloop
  endfacet
  facet normal 0 0 -1
    outer loop
      vertex 71.55 2.2 8
      vertex 72.8725 2.62971 8
      vertex 72.675 2.50144 8
    endloop
  endfacet
  facet normal 0 0 -1
    outer loop
      vertex 71.55 2.2 8
      vertex 72.675 2.50144 8
      vertex 72.4652 2.39452 8
    endloop
  endfacet
  facet normal 0 0 -1
    outer loop
      vertex 71.55 2.2 8
      vertex 72.4652 2.39452 8
      vertex 72.2453 2.31012 8
    endloop
  endfacet
  facet normal 0 0 -1
    outer loop
      vertex 71.55 2.2 8
      vertex 72.2453 2.31012 8
      vertex 72.0178 2.24917 8
    endloop
  endfacet
  facet normal 0 0 -1
    outer loop
      vertex 71.55 2.2 8
      vertex 72.0178 2.24917 8
      vertex 71.7852 2.21233 8
    endloop
  endfacet
  facet normal -0 0 -1
    outer loop
      vertex 73.8 4.45 8
      vertex 71.55 2.2 8
      vertex 55.525 8.5 8
    endloop
  endfacet
  facet normal 0 0 -1
    outer loop
      vertex 73.8 4.45 8
      vertex 55.525 8.5 8
      vertex 73.8 27.9038 8
    endloop
  endfacet
  facet normal 0 0 -1
    outer loop
      vertex 55.525 24.5 8
      vertex 73.8 27.9038 8
      vertex 55.525 8.5 8
    endloop
  endfacet
  facet normal 0 0 -1
    outer loop
      vertex 39.525 24.5 8
      vertex 73.8 27.9038 8
      vertex 55.525 24.5 8
    endloop
  endfacet
  facet normal 0 0 -1
    outer loop
      vertex 36.475 24.5 8
      vertex 39.525 24.5 8
      vertex 36.475 8.5 8
    endloop
  endfacet
  facet normal 0 0 -1
    outer loop
      vertex 36.475 24.5 8
      vertex 73.8 27.9038 8
      vertex 39.525 24.5 8
    endloop
  endfacet
  facet normal 0 0 -1
    outer loop
      vertex 2.2 27.9038 8
      vertex 36.475 24.5 8
      vertex 20.475 24.5 8
    endloop
  endfacet
  facet normal 0 0 -1
    outer loop
      vertex 2.2 4.45 8
      vertex 4.45 2.2 8
      vertex 4.21481 2.21233 8
    endloop
  endfacet
  facet normal 0 0 -1
    outer loop
      vertex 2.2 4.45 8
      vertex 4.21481 2.21233 8
      vertex 3.9822 2.24917 8
    endloop
  endfacet
  facet normal 0 0 -1
    outer loop
      vertex 2.2 4.45 8
      vertex 3.9822 2.24917 8
      vertex 3.75471 2.31012 8
    endloop
  endfacet
  facet normal 0 0 -1
    outer loop
      vertex 2.2 4.45 8
      vertex 3.75471 2.31012 8
      vertex 3.53484 2.39452 8
    endloop
  endfacet
  facet normal 0 0 -1
    outer loop
      vertex 2.2 4.45 8
      vertex 3.53484 2.39452 8
      vertex 3.325 2.50144 8
    endloop
  endfacet
  facet normal 0 0 -1
    outer loop
      vertex 2.2 4.45 8
      vertex 3.325 2.50144 8
      vertex 3.12748 2.62971 8
    endloop
  endfacet
  facet normal 0 0 -1
    outer loop
      vertex 2.2 4.45 8
      vertex 3.12748 2.62971 8
      vertex 2.94446 2.77792 8
    endloop
  endfacet
  facet normal 0 0 -1
    outer loop
      vertex 2.2 4.45 8
      vertex 2.94446 2.77792 8
      vertex 2.77792 2.94446 8
    endloop
  endfacet
  facet normal 0 0 -1
    outer loop
      vertex 2.2 4.45 8
      vertex 2.77792 2.94446 8
      vertex 2.62971 3.12748 8
    endloop
  endfacet
  facet normal 0 0 -1
    outer loop
      vertex 2.2 4.45 8
      vertex 2.62971 3.12748 8
      vertex 2.50144 3.325 8
    endloop
  endfacet
  facet normal 0 0 -1
    outer loop
      vertex 2.2 4.45 8
      vertex 2.50144 3.325 8
      vertex 2.39452 3.53484 8
    endloop
  endfacet
  facet normal 0 0 -1
    outer loop
      vertex 2.2 4.45 8
      vertex 2.39452 3.53484 8
      vertex 2.31012 3.75471 8
    endloop
  endfacet
  facet normal 0 0 -1
    outer loop
      vertex 2.2 4.45 8
      vertex 2.31012 3.75471 8
      vertex 2.24917 3.9822 8
    endloop
  endfacet
  facet normal 0 0 -1
    outer loop
      vertex 2.2 4.45 8
      vertex 2.24917 3.9822 8
      vertex 2.21233 4.21481 8
    endloop
  endfacet
  facet normal 0 0 -1
    outer loop
      vertex 2.2 27.9038 8
      vertex 20.475 8.5 8
      vertex 2.2 4.45 8
    endloop
  endfacet
  facet normal 0 0 -1
    outer loop
      vertex 36.475 24.5 8
      vertex 2.2 27.9038 8
      vertex 73.8 27.9038 8
    endloop
  endfacet
  facet normal 0 0 -1
    outer loop
      vertex 20.475 8.5 8
      vertex 2.2 27.9038 8
      vertex 20.475 24.5 8
    endloop
  endfacet
  facet normal 0 0 -1
    outer loop
      vertex 1.4 12 4
      vertex 2.2 22 4
      vertex 2.2 12 4
    endloop
  endfacet
  facet normal -0 0 -1
    outer loop
      vertex 2.2 22 4
      vertex 1.4 12 4
      vertex 1.4 22 4
    endloop
  endfacet
  facet normal -0 0 1
    outer loop
      vertex 1.4 22 2.6
      vertex 2.2 12 2.6
      vertex 2.2 22 2.6
    endloop
  endfacet
  facet normal 0 0 1
    outer loop
      vertex 2.2 12 2.6
      vertex 1.4 22 2.6
      vertex 1.4 12 2.6
    endloop
  endfacet
  facet normal 1 -0 0
    outer loop
      vertex 1.4 12 4
      vertex 1.4 22 2.6
      vertex 1.4 22 4
    endloop
  endfacet
  facet normal 1 0 0
    outer loop
      vertex 1.4 22 2.6
      vertex 1.4 12 4
      vertex 1.4 12 2.6
    endloop
  endfacet
  facet normal 0 -1 0
    outer loop
      vertex 1.4 22 2.6
      vertex 2.2 22 4
      vertex 1.4 22 4
    endloop
  endfacet
  facet normal 0 -1 -0
    outer loop
      vertex 2.2 22 4
      vertex 1.4 22 2.6
      vertex 2.2 22 2.6
    endloop
  endfacet
  facet normal 0 1 -0
    outer loop
      vertex 2.2 12 2.6
      vertex 1.4 12 4
      vertex 2.2 12 4
    endloop
  endfacet
  facet normal 0 1 0
    outer loop
      vertex 1.4 12 4
      vertex 2.2 12 2.6
      vertex 1.4 12 2.6
    endloop
  endfacet
  facet normal -1 0 0
    outer loop
      vertex 74.6 12 2.6
      vertex 74.6 22 4
      vertex 74.6 22 2.6
    endloop
  endfacet
  facet normal -1 -0 0
    outer loop
      vertex 74.6 22 4
      vertex 74.6 12 2.6
      vertex 74.6 12 4
    endloop
  endfacet
  facet normal 0 0 -1
    outer loop
      vertex 73.8 12 4
      vertex 74.6 22 4
      vertex 74.6 12 4
    endloop
  endfacet
  facet normal -0 0 -1
    outer loop
      vertex 74.6 22 4
      vertex 73.8 12 4
      vertex 73.8 22 4
    endloop
  endfacet
  facet normal -0 0 1
    outer loop
      vertex 73.8 22 2.6
      vertex 74.6 12 2.6
      vertex 74.6 22 2.6
    endloop
  endfacet
  facet normal 0 0 1
    outer loop
      vertex 74.6 12 2.6
      vertex 73.8 22 2.6
      vertex 73.8 12 2.6
    endloop
  endfacet
  facet normal 0 -1 0
    outer loop
      vertex 73.8 22 2.6
      vertex 74.6 22 4
      vertex 73.8 22 4
    endloop
  endfacet
  facet normal 0 -1 -0
    outer loop
      vertex 74.6 22 4
      vertex 73.8 22 2.6
      vertex 74.6 22 2.6
    endloop
  endfacet
  facet normal 0 1 -0
    outer loop
      vertex 74.6 12 2.6
      vertex 73.8 12 4
      vertex 74.6 12 4
    endloop
  endfacet
  facet normal 0 1 0
    outer loop
      vertex 73.8 12 4
      vertex 74.6 12 2.6
      vertex 73.8 12 2.6
    endloop
  endfacet
  facet normal 0 0 -1
    outer loop
      vertex 1.4 70 4
      vertex 2.2 80 4
      vertex 2.2 70 4
    endloop
  endfacet
  facet normal -0 0 -1
    outer loop
      vertex 2.2 80 4
      vertex 1.4 70 4
      vertex 1.4 80 4
    endloop
  endfacet
  facet normal -0 0 1
    outer loop
      vertex 1.4 80 2.6
      vertex 2.2 70 2.6
      vertex 2.2 80 2.6
    endloop
  endfacet
  facet normal 0 0 1
    outer loop
      vertex 2.2 70 2.6
      vertex 1.4 80 2.6
      vertex 1.4 70 2.6
    endloop
  endfacet
  facet normal 1 -0 0
    outer loop
      vertex 1.4 70 4
      vertex 1.4 80 2.6
      vertex 1.4 80 4
    endloop
  endfacet
  facet normal 1 0 0
    outer loop
      vertex 1.4 80 2.6
      vertex 1.4 70 4
      vertex 1.4 70 2.6
    endloop
  endfacet
  facet normal 0 -1 0
    outer loop
      vertex 1.4 80 2.6
      vertex 2.2 80 4
      vertex 1.4 80 4
    endloop
  endfacet
  facet normal 0 -1 -0
    outer loop
      vertex 2.2 80 4
      vertex 1.4 80 2.6
      vertex 2.2 80 2.6
    endloop
  endfacet
  facet normal 0 1 -0
    outer loop
      vertex 2.2 70 2.6
      vertex 1.4 70 4
      vertex 2.2 70 4
    endloop
  endfacet
  facet normal 0 1 0
    outer loop
      vertex 1.4 70 4
      vertex 2.2 70 2.6
      vertex 1.4 70 2.6
    endloop
  endfacet
  facet normal -1 0 0
    outer loop
      vertex 74.6 70 2.6
      vertex 74.6 80 4
      vertex 74.6 80 2.6
    endloop
  endfacet
  facet normal -1 -0 0
    outer loop
      vertex 74.6 80 4
      vertex 74.6 70 2.6
      vertex 74.6 70 4
    endloop
  endfacet
  facet normal 0 0 -1
    outer loop
      vertex 73.8 70 4
      vertex 74.6 80 4
      vertex 74.6 70 4
    endloop
  endfacet
  facet normal -0 0 -1
    outer loop
      vertex 74.6 80 4
      vertex 73.8 70 4
      vertex 73.8 80 4
    endloop
  endfacet
  facet normal -0 0 1
    outer loop
      vertex 73.8 80 2.6
      vertex 74.6 70 2.6
      vertex 74.6 80 2.6
    endloop
  endfacet
  facet normal 0 0 1
    outer loop
      vertex 74.6 70 2.6
      vertex 73.8 80 2.6
      vertex 73.8 70 2.6
    endloop
  endfacet
  facet normal 0 -1 0
    outer loop
      vertex 73.8 80 2.6
      vertex 74.6 80 4
      vertex 73.8 80 4
    endloop
  endfacet
  facet normal 0 -1 -0
    outer loop
      vertex 74.6 80 4
      vertex 73.8 80 2.6
      vertex 74.6 80 2.6
    endloop
  endfacet
  facet normal 0 1 -0
    outer loop
      vertex 74.6 70 2.6
      vertex 73.8 70 4
      vertex 74.6 70 4
    endloop
  endfacet
  facet normal 0 1 0
    outer loop
      vertex 73.8 70 4
      vertex 74.6 70 2.6
      vertex 73.8 70 2.6
    endloop
  endfacet
  facet normal -1 0 0
    outer loop
      vertex 35.475 23.5 9.5
      vertex 35.475 18.4 10.9
      vertex 35.475 23.5 11
    endloop
  endfacet
  facet normal -1 0 0
    outer loop
      vertex 35.475 23.5 9.5
      vertex 35.475 14.6 10.9
      vertex 35.475 18.4 10.9
    endloop
  endfacet
  facet normal -1 0 0
    outer loop
      vertex 35.475 9.5 9.5
      vertex 35.475 14.6 10.9
      vertex 35.475 23.5 9.5
    endloop
  endfacet
  facet normal -1 0 0
    outer loop
      vertex 35.475 9.5 11
      vertex 35.475 14.6 10.9
      vertex 35.475 9.5 9.5
    endloop
  endfacet
  facet normal -1 0 0
    outer loop
      vertex 35.475 14.6 10.9
      vertex 35.475 9.5 11
      vertex 35.475 14.6 11
    endloop
  endfacet
  facet normal -1 -0 0
    outer loop
      vertex 35.475 23.5 11
      vertex 35.475 18.4 10.9
      vertex 35.475 18.4 11
    endloop
  endfacet
  facet normal 1 0 0
    outer loop
      vertex 21.475 14.6 11
      vertex 21.475 9.5 11
      vertex 21.475 14.6 10.9
    endloop
  endfacet
  facet normal 1 0 0
    outer loop
      vertex 21.475 18.4 10.9
      vertex 21.475 23.5 11
      vertex 21.475 18.4 11
    endloop
  endfacet
  facet normal 1 0 0
    outer loop
      vertex 21.475 23.5 11
      vertex 21.475 18.4 10.9
      vertex 21.475 23.5 9.5
    endloop
  endfacet
  facet normal 1 -0 0
    outer loop
      vertex 21.475 14.6 10.9
      vertex 21.475 23.5 9.5
      vertex 21.475 18.4 10.9
    endloop
  endfacet
  facet normal 1 0 0
    outer loop
      vertex 21.475 9.5 9.5
      vertex 21.475 14.6 10.9
      vertex 21.475 9.5 11
    endloop
  endfacet
  facet normal 1 0 0
    outer loop
      vertex 21.475 14.6 10.9
      vertex 21.475 9.5 9.5
      vertex 21.475 23.5 9.5
    endloop
  endfacet
  facet normal 0 -1 0
    outer loop
      vertex 21.475 23.5 11
      vertex 26.575 23.5 10.9
      vertex 26.575 23.5 11
    endloop
  endfacet
  facet normal 0 -1 -0
    outer loop
      vertex 26.575 23.5 10.9
      vertex 21.475 23.5 9.5
      vertex 30.375 23.5 10.9
    endloop
  endfacet
  facet normal 0 -1 0
    outer loop
      vertex 21.475 23.5 9.5
      vertex 26.575 23.5 10.9
      vertex 21.475 23.5 11
    endloop
  endfacet
  facet normal 0 -1 0
    outer loop
      vertex 30.375 23.5 10.9
      vertex 35.475 23.5 11
      vertex 30.375 23.5 11
    endloop
  endfacet
  facet normal 0 -1 0
    outer loop
      vertex 35.475 23.5 9.5
      vertex 30.375 23.5 10.9
      vertex 21.475 23.5 9.5
    endloop
  endfacet
  facet normal 0 -1 0
    outer loop
      vertex 30.375 23.5 10.9
      vertex 35.475 23.5 9.5
      vertex 35.475 23.5 11
    endloop
  endfacet
  facet normal 0 1 0
    outer loop
      vertex 35.475 9.5 11
      vertex 30.375 9.5 10.9
      vertex 30.375 9.5 11
    endloop
  endfacet
  facet normal 0 1 0
    outer loop
      vertex 30.375 9.5 10.9
      vertex 35.475 9.5 9.5
      vertex 26.575 9.5 10.9
    endloop
  endfacet
  facet normal 0 1 -0
    outer loop
      vertex 35.475 9.5 9.5
      vertex 30.375 9.5 10.9
      vertex 35.475 9.5 11
    endloop
  endfacet
  facet normal 0 1 -0
    outer loop
      vertex 26.575 9.5 10.9
      vertex 21.475 9.5 11
      vertex 26.575 9.5 11
    endloop
  endfacet
  facet normal 0 1 0
    outer loop
      vertex 21.475 9.5 9.5
      vertex 26.575 9.5 10.9
      vertex 35.475 9.5 9.5
    endloop
  endfacet
  facet normal 0 1 0
    outer loop
      vertex 26.575 9.5 10.9
      vertex 21.475 9.5 9.5
      vertex 21.475 9.5 11
    endloop
  endfacet
  facet normal -1 0 0
    outer loop
      vertex 35.775 14.6 10.9
      vertex 35.775 18.4 11
      vertex 35.775 18.4 10.9
    endloop
  endfacet
  facet normal -1 -0 0
    outer loop
      vertex 35.775 18.4 11
      vertex 35.775 14.6 10.9
      vertex 35.775 14.6 11
    endloop
  endfacet
  facet normal -0 0 1
    outer loop
      vertex 35.475 18.4 10.9
      vertex 35.775 14.6 10.9
      vertex 35.775 18.4 10.9
    endloop
  endfacet
  facet normal 0 0 1
    outer loop
      vertex 35.775 14.6 10.9
      vertex 35.475 18.4 10.9
      vertex 35.475 14.6 10.9
    endloop
  endfacet
  facet normal -0 0 1
    outer loop
      vertex 21.175 18.4 10.9
      vertex 21.475 14.6 10.9
      vertex 21.475 18.4 10.9
    endloop
  endfacet
  facet normal 0 0 1
    outer loop
      vertex 21.475 14.6 10.9
      vertex 21.175 18.4 10.9
      vertex 21.175 14.6 10.9
    endloop
  endfacet
  facet normal 1 -0 0
    outer loop
      vertex 21.175 14.6 11
      vertex 21.175 18.4 10.9
      vertex 21.175 18.4 11
    endloop
  endfacet
  facet normal 1 0 0
    outer loop
      vertex 21.175 18.4 10.9
      vertex 21.175 14.6 11
      vertex 21.175 14.6 10.9
    endloop
  endfacet
  facet normal 0 -1 0
    outer loop
      vertex 21.175 18.4 10.9
      vertex 21.475 18.4 11
      vertex 21.175 18.4 11
    endloop
  endfacet
  facet normal 0 -1 -0
    outer loop
      vertex 21.475 18.4 11
      vertex 21.175 18.4 10.9
      vertex 21.475 18.4 10.9
    endloop
  endfacet
  facet normal 0 -1 0
    outer loop
      vertex 35.475 18.4 10.9
      vertex 35.775 18.4 11
      vertex 35.475 18.4 11
    endloop
  endfacet
  facet normal 0 -1 -0
    outer loop
      vertex 35.775 18.4 11
      vertex 35.475 18.4 10.9
      vertex 35.775 18.4 10.9
    endloop
  endfacet
  facet normal 0 1 -0
    outer loop
      vertex 21.475 14.6 10.9
      vertex 21.175 14.6 11
      vertex 21.475 14.6 11
    endloop
  endfacet
  facet normal 0 1 0
    outer loop
      vertex 21.175 14.6 11
      vertex 21.475 14.6 10.9
      vertex 21.175 14.6 10.9
    endloop
  endfacet
  facet normal 0 1 -0
    outer loop
      vertex 35.775 14.6 10.9
      vertex 35.475 14.6 11
      vertex 35.775 14.6 11
    endloop
  endfacet
  facet normal 0 1 0
    outer loop
      vertex 35.475 14.6 11
      vertex 35.775 14.6 10.9
      vertex 35.475 14.6 10.9
    endloop
  endfacet
  facet normal -1 0 0
    outer loop
      vertex 30.375 23.5 10.9
      vertex 30.375 23.8 11
      vertex 30.375 23.8 10.9
    endloop
  endfacet
  facet normal -1 -0 0
    outer loop
      vertex 30.375 23.8 11
      vertex 30.375 23.5 10.9
      vertex 30.375 23.5 11
    endloop
  endfacet
  facet normal -1 0 0
    outer loop
      vertex 30.375 9.2 10.9
      vertex 30.375 9.5 11
      vertex 30.375 9.5 10.9
    endloop
  endfacet
  facet normal -1 -0 0
    outer loop
      vertex 30.375 9.5 11
      vertex 30.375 9.2 10.9
      vertex 30.375 9.2 11
    endloop
  endfacet
  facet normal -0 0 1
    outer loop
      vertex 26.575 23.8 10.9
      vertex 30.375 23.5 10.9
      vertex 30.375 23.8 10.9
    endloop
  endfacet
  facet normal 0 0 1
    outer loop
      vertex 30.375 23.5 10.9
      vertex 26.575 23.8 10.9
      vertex 26.575 23.5 10.9
    endloop
  endfacet
  facet normal -0 0 1
    outer loop
      vertex 26.575 9.5 10.9
      vertex 30.375 9.2 10.9
      vertex 30.375 9.5 10.9
    endloop
  endfacet
  facet normal 0 0 1
    outer loop
      vertex 30.375 9.2 10.9
      vertex 26.575 9.5 10.9
      vertex 26.575 9.2 10.9
    endloop
  endfacet
  facet normal 1 -0 0
    outer loop
      vertex 26.575 23.5 11
      vertex 26.575 23.8 10.9
      vertex 26.575 23.8 11
    endloop
  endfacet
  facet normal 1 0 0
    outer loop
      vertex 26.575 23.8 10.9
      vertex 26.575 23.5 11
      vertex 26.575 23.5 10.9
    endloop
  endfacet
  facet normal 1 -0 0
    outer loop
      vertex 26.575 9.2 11
      vertex 26.575 9.5 10.9
      vertex 26.575 9.5 11
    endloop
  endfacet
  facet normal 1 0 0
    outer loop
      vertex 26.575 9.5 10.9
      vertex 26.575 9.2 11
      vertex 26.575 9.2 10.9
    endloop
  endfacet
  facet normal 0 -1 0
    outer loop
      vertex 26.575 23.8 10.9
      vertex 30.375 23.8 11
      vertex 26.575 23.8 11
    endloop
  endfacet
  facet normal 0 -1 -0
    outer loop
      vertex 30.375 23.8 11
      vertex 26.575 23.8 10.9
      vertex 30.375 23.8 10.9
    endloop
  endfacet
  facet normal 0 1 -0
    outer loop
      vertex 30.375 9.2 10.9
      vertex 26.575 9.2 11
      vertex 30.375 9.2 11
    endloop
  endfacet
  facet normal 0 1 0
    outer loop
      vertex 26.575 9.2 11
      vertex 30.375 9.2 10.9
      vertex 26.575 9.2 10.9
    endloop
  endfacet
  facet normal -1 0 0
    outer loop
      vertex 36.475 8.5 8
      vertex 36.475 24.5 9.5
      vertex 36.475 24.5 8
    endloop
  endfacet
  facet normal -1 -0 0
    outer loop
      vertex 36.475 24.5 9.5
      vertex 36.475 8.5 8
      vertex 36.475 8.5 9.5
    endloop
  endfacet
  facet normal 0 0 -1
    outer loop
      vertex 36.475 8.5 9.5
      vertex 35.475 9.5 9.5
      vertex 36.475 24.5 9.5
    endloop
  endfacet
  facet normal 0 0 -1
    outer loop
      vertex 36.475 8.5 9.5
      vertex 21.475 9.5 9.5
      vertex 35.475 9.5 9.5
    endloop
  endfacet
  facet normal -0 0 -1
    outer loop
      vertex 21.475 9.5 9.5
      vertex 20.475 8.5 9.5
      vertex 21.475 23.5 9.5
    endloop
  endfacet
  facet normal 0 0 -1
    outer loop
      vertex 20.475 8.5 9.5
      vertex 21.475 9.5 9.5
      vertex 36.475 8.5 9.5
    endloop
  endfacet
  facet normal 0 0 -1
    outer loop
      vertex 35.475 23.5 9.5
      vertex 36.475 24.5 9.5
      vertex 35.475 9.5 9.5
    endloop
  endfacet
  facet normal 0 0 -1
    outer loop
      vertex 21.475 23.5 9.5
      vertex 36.475 24.5 9.5
      vertex 35.475 23.5 9.5
    endloop
  endfacet
  facet normal 0 0 -1
    outer loop
      vertex 21.475 23.5 9.5
      vertex 20.475 24.5 9.5
      vertex 36.475 24.5 9.5
    endloop
  endfacet
  facet normal 0 0 -1
    outer loop
      vertex 20.475 24.5 9.5
      vertex 21.475 23.5 9.5
      vertex 20.475 8.5 9.5
    endloop
  endfacet
  facet normal 1 -0 0
    outer loop
      vertex 20.475 8.5 9.5
      vertex 20.475 24.5 8
      vertex 20.475 24.5 9.5
    endloop
  endfacet
  facet normal 1 0 0
    outer loop
      vertex 20.475 24.5 8
      vertex 20.475 8.5 9.5
      vertex 20.475 8.5 8
    endloop
  endfacet
  facet normal 0 -1 0
    outer loop
      vertex 20.475 24.5 8
      vertex 36.475 24.5 9.5
      vertex 20.475 24.5 9.5
    endloop
  endfacet
  facet normal 0 -1 -0
    outer loop
      vertex 36.475 24.5 9.5
      vertex 20.475 24.5 8
      vertex 36.475 24.5 8
    endloop
  endfacet
  facet normal 0 1 -0
    outer loop
      vertex 36.475 8.5 8
      vertex 20.475 8.5 9.5
      vertex 36.475 8.5 9.5
    endloop
  endfacet
  facet normal 0 1 0
    outer loop
      vertex 20.475 8.5 9.5
      vertex 36.475 8.5 8
      vertex 20.475 8.5 8
    endloop
  endfacet
  facet normal -1 0 0
    outer loop
      vertex 54.525 23.5 9.5
      vertex 54.525 18.4 10.9
      vertex 54.525 23.5 11
    endloop
  endfacet
  facet normal -1 0 0
    outer loop
      vertex 54.525 23.5 9.5
      vertex 54.525 14.6 10.9
      vertex 54.525 18.4 10.9
    endloop
  endfacet
  facet normal -1 0 0
    outer loop
      vertex 54.525 9.5 9.5
      vertex 54.525 14.6 10.9
      vertex 54.525 23.5 9.5
    endloop
  endfacet
  facet normal -1 0 0
    outer loop
      vertex 54.525 9.5 11
      vertex 54.525 14.6 10.9
      vertex 54.525 9.5 9.5
    endloop
  endfacet
  facet normal -1 0 0
    outer loop
      vertex 54.525 14.6 10.9
      vertex 54.525 9.5 11
      vertex 54.525 14.6 11
    endloop
  endfacet
  facet normal -1 -0 0
    outer loop
      vertex 54.525 23.5 11
      vertex 54.525 18.4 10.9
      vertex 54.525 18.4 11
    endloop
  endfacet
  facet normal 1 0 0
    outer loop
      vertex 40.525 14.6 11
      vertex 40.525 9.5 11
      vertex 40.525 14.6 10.9
    endloop
  endfacet
  facet normal 1 0 0
    outer loop
      vertex 40.525 18.4 10.9
      vertex 40.525 23.5 11
      vertex 40.525 18.4 11
    endloop
  endfacet
  facet normal 1 0 0
    outer loop
      vertex 40.525 23.5 11
      vertex 40.525 18.4 10.9
      vertex 40.525 23.5 9.5
    endloop
  endfacet
  facet normal 1 -0 0
    outer loop
      vertex 40.525 14.6 10.9
      vertex 40.525 23.5 9.5
      vertex 40.525 18.4 10.9
    endloop
  endfacet
  facet normal 1 0 0
    outer loop
      vertex 40.525 9.5 9.5
      vertex 40.525 14.6 10.9
      vertex 40.525 9.5 11
    endloop
  endfacet
  facet normal 1 0 0
    outer loop
      vertex 40.525 14.6 10.9
      vertex 40.525 9.5 9.5
      vertex 40.525 23.5 9.5
    endloop
  endfacet
  facet normal 0 -1 0
    outer loop
      vertex 40.525 23.5 11
      vertex 45.625 23.5 10.9
      vertex 45.625 23.5 11
    endloop
  endfacet
  facet normal 0 -1 -0
    outer loop
      vertex 45.625 23.5 10.9
      vertex 40.525 23.5 9.5
      vertex 49.425 23.5 10.9
    endloop
  endfacet
  facet normal 0 -1 0
    outer loop
      vertex 40.525 23.5 9.5
      vertex 45.625 23.5 10.9
      vertex 40.525 23.5 11
    endloop
  endfacet
  facet normal 0 -1 0
    outer loop
      vertex 49.425 23.5 10.9
      vertex 54.525 23.5 11
      vertex 49.425 23.5 11
    endloop
  endfacet
  facet normal 0 -1 0
    outer loop
      vertex 54.525 23.5 9.5
      vertex 49.425 23.5 10.9
      vertex 40.525 23.5 9.5
    endloop
  endfacet
  facet normal 0 -1 0
    outer loop
      vertex 49.425 23.5 10.9
      vertex 54.525 23.5 9.5
      vertex 54.525 23.5 11
    endloop
  endfacet
  facet normal 0 1 0
    outer loop
      vertex 54.525 9.5 11
      vertex 49.425 9.5 10.9
      vertex 49.425 9.5 11
    endloop
  endfacet
  facet normal 0 1 0
    outer loop
      vertex 49.425 9.5 10.9
      vertex 54.525 9.5 9.5
      vertex 45.625 9.5 10.9
    endloop
  endfacet
  facet normal 0 1 -0
    outer loop
      vertex 54.525 9.5 9.5
      vertex 49.425 9.5 10.9
      vertex 54.525 9.5 11
    endloop
  endfacet
  facet normal 0 1 -0
    outer loop
      vertex 45.625 9.5 10.9
      vertex 40.525 9.5 11
      vertex 45.625 9.5 11
    endloop
  endfacet
  facet normal 0 1 0
    outer loop
      vertex 40.525 9.5 9.5
      vertex 45.625 9.5 10.9
      vertex 54.525 9.5 9.5
    endloop
  endfacet
  facet normal 0 1 0
    outer loop
      vertex 45.625 9.5 10.9
      vertex 40.525 9.5 9.5
      vertex 40.525 9.5 11
    endloop
  endfacet
  facet normal -1 0 0
    outer loop
      vertex 54.825 14.6 10.9
      vertex 54.825 18.4 11
      vertex 54.825 18.4 10.9
    endloop
  endfacet
  facet normal -1 -0 0
    outer loop
      vertex 54.825 18.4 11
      vertex 54.825 14.6 10.9
      vertex 54.825 14.6 11
    endloop
  endfacet
  facet normal -0 0 1
    outer loop
      vertex 54.525 18.4 10.9
      vertex 54.825 14.6 10.9
      vertex 54.825 18.4 10.9
    endloop
  endfacet
  facet normal 0 0 1
    outer loop
      vertex 54.825 14.6 10.9
      vertex 54.525 18.4 10.9
      vertex 54.525 14.6 10.9
    endloop
  endfacet
  facet normal -0 0 1
    outer loop
      vertex 40.225 18.4 10.9
      vertex 40.525 14.6 10.9
      vertex 40.525 18.4 10.9
    endloop
  endfacet
  facet normal 0 0 1
    outer loop
      vertex 40.525 14.6 10.9
      vertex 40.225 18.4 10.9
      vertex 40.225 14.6 10.9
    endloop
  endfacet
  facet normal 1 -0 0
    outer loop
      vertex 40.225 14.6 11
      vertex 40.225 18.4 10.9
      vertex 40.225 18.4 11
    endloop
  endfacet
  facet normal 1 0 0
    outer loop
      vertex 40.225 18.4 10.9
      vertex 40.225 14.6 11
      vertex 40.225 14.6 10.9
    endloop
  endfacet
  facet normal 0 -1 0
    outer loop
      vertex 40.225 18.4 10.9
      vertex 40.525 18.4 11
      vertex 40.225 18.4 11
    endloop
  endfacet
  facet normal 0 -1 -0
    outer loop
      vertex 40.525 18.4 11
      vertex 40.225 18.4 10.9
      vertex 40.525 18.4 10.9
    endloop
  endfacet
  facet normal 0 -1 0
    outer loop
      vertex 54.525 18.4 10.9
      vertex 54.825 18.4 11
      vertex 54.525 18.4 11
    endloop
  endfacet
  facet normal 0 -1 -0
    outer loop
      vertex 54.825 18.4 11
      vertex 54.525 18.4 10.9
      vertex 54.825 18.4 10.9
    endloop
  endfacet
  facet normal 0 1 -0
    outer loop
      vertex 40.525 14.6 10.9
      vertex 40.225 14.6 11
      vertex 40.525 14.6 11
    endloop
  endfacet
  facet normal 0 1 0
    outer loop
      vertex 40.225 14.6 11
      vertex 40.525 14.6 10.9
      vertex 40.225 14.6 10.9
    endloop
  endfacet
  facet normal 0 1 -0
    outer loop
      vertex 54.825 14.6 10.9
      vertex 54.525 14.6 11
      vertex 54.825 14.6 11
    endloop
  endfacet
  facet normal 0 1 0
    outer loop
      vertex 54.525 14.6 11
      vertex 54.825 14.6 10.9
      vertex 54.525 14.6 10.9
    endloop
  endfacet
  facet normal -1 0 0
    outer loop
      vertex 49.425 23.5 10.9
      vertex 49.425 23.8 11
      vertex 49.425 23.8 10.9
    endloop
  endfacet
  facet normal -1 -0 0
    outer loop
      vertex 49.425 23.8 11
      vertex 49.425 23.5 10.9
      vertex 49.425 23.5 11
    endloop
  endfacet
  facet normal -1 0 0
    outer loop
      vertex 49.425 9.2 10.9
      vertex 49.425 9.5 11
      vertex 49.425 9.5 10.9
    endloop
  endfacet
  facet normal -1 -0 0
    outer loop
      vertex 49.425 9.5 11
      vertex 49.425 9.2 10.9
      vertex 49.425 9.2 11
    endloop
  endfacet
  facet normal -0 0 1
    outer loop
      vertex 45.625 23.8 10.9
      vertex 49.425 23.5 10.9
      vertex 49.425 23.8 10.9
    endloop
  endfacet
  facet normal 0 0 1
    outer loop
      vertex 49.425 23.5 10.9
      vertex 45.625 23.8 10.9
      vertex 45.625 23.5 10.9
    endloop
  endfacet
  facet normal -0 0 1
    outer loop
      vertex 45.625 9.5 10.9
      vertex 49.425 9.2 10.9
      vertex 49.425 9.5 10.9
    endloop
  endfacet
  facet normal 0 0 1
    outer loop
      vertex 49.425 9.2 10.9
      vertex 45.625 9.5 10.9
      vertex 45.625 9.2 10.9
    endloop
  endfacet
  facet normal 1 -0 0
    outer loop
      vertex 45.625 23.5 11
      vertex 45.625 23.8 10.9
      vertex 45.625 23.8 11
    endloop
  endfacet
  facet normal 1 0 0
    outer loop
      vertex 45.625 23.8 10.9
      vertex 45.625 23.5 11
      vertex 45.625 23.5 10.9
    endloop
  endfacet
  facet normal 1 -0 0
    outer loop
      vertex 45.625 9.2 11
      vertex 45.625 9.5 10.9
      vertex 45.625 9.5 11
    endloop
  endfacet
  facet normal 1 0 0
    outer loop
      vertex 45.625 9.5 10.9
      vertex 45.625 9.2 11
      vertex 45.625 9.2 10.9
    endloop
  endfacet
  facet normal 0 -1 0
    outer loop
      vertex 45.625 23.8 10.9
      vertex 49.425 23.8 11
      vertex 45.625 23.8 11
    endloop
  endfacet
  facet normal 0 -1 -0
    outer loop
      vertex 49.425 23.8 11
      vertex 45.625 23.8 10.9
      vertex 49.425 23.8 10.9
    endloop
  endfacet
  facet normal 0 1 -0
    outer loop
      vertex 49.425 9.2 10.9
      vertex 45.625 9.2 11
      vertex 49.425 9.2 11
    endloop
  endfacet
  facet normal 0 1 0
    outer loop
      vertex 45.625 9.2 11
      vertex 49.425 9.2 10.9
      vertex 45.625 9.2 10.9
    endloop
  endfacet
  facet normal -1 0 0
    outer loop
      vertex 55.525 8.5 8
      vertex 55.525 24.5 9.5
      vertex 55.525 24.5 8
    endloop
  endfacet
  facet normal -1 -0 0
    outer loop
      vertex 55.525 24.5 9.5
      vertex 55.525 8.5 8
      vertex 55.525 8.5 9.5
    endloop
  endfacet
  facet normal 0 0 -1
    outer loop
      vertex 55.525 8.5 9.5
      vertex 54.525 9.5 9.5
      vertex 55.525 24.5 9.5
    endloop
  endfacet
  facet normal 0 0 -1
    outer loop
      vertex 55.525 8.5 9.5
      vertex 40.525 9.5 9.5
      vertex 54.525 9.5 9.5
    endloop
  endfacet
  facet normal -0 0 -1
    outer loop
      vertex 40.525 9.5 9.5
      vertex 39.525 8.5 9.5
      vertex 40.525 23.5 9.5
    endloop
  endfacet
  facet normal 0 0 -1
    outer loop
      vertex 39.525 8.5 9.5
      vertex 40.525 9.5 9.5
      vertex 55.525 8.5 9.5
    endloop
  endfacet
  facet normal 0 0 -1
    outer loop
      vertex 54.525 23.5 9.5
      vertex 55.525 24.5 9.5
      vertex 54.525 9.5 9.5
    endloop
  endfacet
  facet normal 0 0 -1
    outer loop
      vertex 40.525 23.5 9.5
      vertex 55.525 24.5 9.5
      vertex 54.525 23.5 9.5
    endloop
  endfacet
  facet normal 0 0 -1
    outer loop
      vertex 40.525 23.5 9.5
      vertex 39.525 24.5 9.5
      vertex 55.525 24.5 9.5
    endloop
  endfacet
  facet normal 0 0 -1
    outer loop
      vertex 39.525 24.5 9.5
      vertex 40.525 23.5 9.5
      vertex 39.525 8.5 9.5
    endloop
  endfacet
  facet normal 1 -0 0
    outer loop
      vertex 39.525 8.5 9.5
      vertex 39.525 24.5 8
      vertex 39.525 24.5 9.5
    endloop
  endfacet
  facet normal 1 0 0
    outer loop
      vertex 39.525 24.5 8
      vertex 39.525 8.5 9.5
      vertex 39.525 8.5 8
    endloop
  endfacet
  facet normal 0 -1 0
    outer loop
      vertex 39.525 24.5 8
      vertex 55.525 24.5 9.5
      vertex 39.525 24.5 9.5
    endloop
  endfacet
  facet normal 0 -1 -0
    outer loop
      vertex 55.525 24.5 9.5
      vertex 39.525 24.5 8
      vertex 55.525 24.5 8
    endloop
  endfacet
  facet normal 0 1 -0
    outer loop
      vertex 55.525 8.5 8
      vertex 39.525 8.5 9.5
      vertex 55.525 8.5 9.5
    endloop
  endfacet
  facet normal 0 1 0
    outer loop
      vertex 39.525 8.5 9.5
      vertex 55.525 8.5 8
      vertex 39.525 8.5 8
    endloop
  endfacet
  facet normal 0 -0.998631 0.0523081
    outer loop
      vertex 73.8 58.5102 17.7942
      vertex 75.9 58.5321 18.2123
      vertex 73.8 58.5321 18.2123
    endloop
  endfacet
  facet normal 0 -0.998631 0.0523081
    outer loop
      vertex 75.9 58.5321 18.2123
      vertex 73.8 58.5102 17.7942
      vertex 75.9 58.5102 17.7942
    endloop
  endfacet
  facet normal 0 -0.838749 -0.544518
    outer loop
      vertex 73.8 57.9962 20.2123
      vertex 75.9 57.7682 20.5635
      vertex 73.8 57.7682 20.5635
    endloop
  endfacet
  facet normal 0 -0.838749 -0.544518
    outer loop
      vertex 75.9 57.7682 20.5635
      vertex 73.8 57.9962 20.2123
      vertex 75.9 57.9962 20.2123
    endloop
  endfacet
  facet normal 0 -0.987691 -0.156416
    outer loop
      vertex 73.8 58.5102 18.6304
      vertex 75.9 58.4447 19.044
      vertex 73.8 58.4447 19.044
    endloop
  endfacet
  facet normal 0 -0.987691 -0.156416
    outer loop
      vertex 75.9 58.4447 19.044
      vertex 73.8 58.5102 18.6304
      vertex 75.9 58.5102 18.6304
    endloop
  endfacet
  facet normal 0 0.777056 -0.629432
    outer loop
      vertex 75.9 43.5018 16.0635
      vertex 73.8 43.7653 16.3888
      vertex 75.9 43.7653 16.3888
    endloop
  endfacet
  facet normal 0 0.777056 -0.629432
    outer loop
      vertex 73.8 43.7653 16.3888
      vertex 75.9 43.5018 16.0635
      vertex 73.8 43.5018 16.0635
    endloop
  endfacet
  facet normal 0 -0.45408 -0.890961
    outer loop
      vertex 73.8 56.1591 21.8665
      vertex 75.9 56.5321 21.6764
      vertex 75.9 56.1591 21.8665
    endloop
  endfacet
  facet normal -0 -0.45408 -0.890961
    outer loop
      vertex 75.9 56.5321 21.6764
      vertex 73.8 56.1591 21.8665
      vertex 73.8 56.5321 21.6764
    endloop
  endfacet
  facet normal 0 0.838678 0.544627
    outer loop
      vertex 75.9 43.5018 11.3612
      vertex 73.8 43.2738 11.7123
      vertex 75.9 43.2738 11.7123
    endloop
  endfacet
  facet normal 0 0.838678 0.544627
    outer loop
      vertex 73.8 43.2738 11.7123
      vertex 75.9 43.5018 11.3612
      vertex 73.8 43.5018 11.3612
    endloop
  endfacet
  facet normal 0 0.500001 -0.866025
    outer loop
      vertex 73.8 44.7379 17.1764
      vertex 75.9 52.5321 21.6764
      vertex 75.9 44.7379 17.1764
    endloop
  endfacet
  facet normal 0 0.500001 -0.866025
    outer loop
      vertex 75.9 52.5321 21.6764
      vertex 73.8 44.7379 17.1764
      vertex 73.8 52.5321 21.6764
    endloop
  endfacet
  facet normal 0 -0.890961 -0.45408
    outer loop
      vertex 73.8 58.1863 19.8393
      vertex 75.9 57.9962 20.2123
      vertex 73.8 57.9962 20.2123
    endloop
  endfacet
  facet normal 0 -0.890961 -0.45408
    outer loop
      vertex 75.9 57.9962 20.2123
      vertex 73.8 58.1863 19.8393
      vertex 75.9 58.1863 19.8393
    endloop
  endfacet
  facet normal 0 -0.258688 -0.965961
    outer loop
      vertex 73.8 55.3638 22.1249
      vertex 75.9 55.7682 22.0166
      vertex 75.9 55.3638 22.1249
    endloop
  endfacet
  facet normal -0 -0.258688 -0.965961
    outer loop
      vertex 75.9 55.7682 22.0166
      vertex 73.8 55.3638 22.1249
      vertex 73.8 55.7682 22.0166
    endloop
  endfacet
  facet normal 0 -0.629432 -0.777056
    outer loop
      vertex 73.8 56.8833 21.4484
      vertex 75.9 57.2086 21.1849
      vertex 75.9 56.8833 21.4484
    endloop
  endfacet
  facet normal -0 -0.629432 -0.777056
    outer loop
      vertex 75.9 57.2086 21.1849
      vertex 73.8 56.8833 21.4484
      vertex 73.8 57.2086 21.1849
    endloop
  endfacet
  facet normal 0 -0.89101 0.453983
    outer loop
      vertex 73.8 57.9962 16.2123
      vertex 75.9 58.1863 16.5854
      vertex 73.8 58.1863 16.5854
    endloop
  endfacet
  facet normal 0 -0.89101 0.453983
    outer loop
      vertex 75.9 58.1863 16.5854
      vertex 73.8 57.9962 16.2123
      vertex 75.9 57.9962 16.2123
    endloop
  endfacet
  facet normal 0 -0.453983 0.89101
    outer loop
      vertex 73.8 48.7379 10.2482
      vertex 75.9 48.3648 10.0581
      vertex 75.9 48.7379 10.2482
    endloop
  endfacet
  facet normal 0 -0.453983 0.89101
    outer loop
      vertex 75.9 48.3648 10.0581
      vertex 73.8 48.7379 10.2482
      vertex 73.8 48.3648 10.0581
    endloop
  endfacet
  facet normal 0 -0.965901 -0.258911
    outer loop
      vertex 73.8 58.4447 19.044
      vertex 75.9 58.3363 19.4484
      vertex 73.8 58.3363 19.4484
    endloop
  endfacet
  facet normal 0 -0.965901 -0.258911
    outer loop
      vertex 75.9 58.3363 19.4484
      vertex 73.8 58.4447 19.044
      vertex 75.9 58.4447 19.044
    endloop
  endfacet
  facet normal -0 0.358259 0.933622
    outer loop
      vertex 73.8 45.5018 9.9081
      vertex 75.9 45.1109 10.0581
      vertex 75.9 45.5018 9.9081
    endloop
  endfacet
  facet normal 0 0.358259 0.933622
    outer loop
      vertex 75.9 45.1109 10.0581
      vertex 73.8 45.5018 9.9081
      vertex 73.8 45.1109 10.0581
    endloop
  endfacet
  facet normal 0 0.544518 -0.838749
    outer loop
      vertex 73.8 44.3867 16.9484
      vertex 75.9 44.7379 17.1764
      vertex 75.9 44.3867 16.9484
    endloop
  endfacet
  facet normal 0 0.544518 -0.838749
    outer loop
      vertex 75.9 44.7379 17.1764
      vertex 73.8 44.3867 16.9484
      vertex 73.8 44.7379 17.1764
    endloop
  endfacet
  facet normal 0 0.987691 -0.156416
    outer loop
      vertex 75.9 42.7598 14.1304
      vertex 73.8 42.8253 14.544
      vertex 75.9 42.8253 14.544
    endloop
  endfacet
  facet normal 0 0.987691 -0.156416
    outer loop
      vertex 73.8 42.8253 14.544
      vertex 75.9 42.7598 14.1304
      vertex 73.8 42.7598 14.1304
    endloop
  endfacet
  facet normal 0 -0.544686 0.83864
    outer loop
      vertex 73.8 56.8833 14.9763
      vertex 75.9 56.5321 14.7482
      vertex 75.9 56.8833 14.9763
    endloop
  endfacet
  facet normal 0 -0.544686 0.83864
    outer loop
      vertex 75.9 56.5321 14.7482
      vertex 73.8 56.8833 14.9763
      vertex 73.8 56.5321 14.7482
    endloop
  endfacet
  facet normal 0 -0.777056 -0.629432
    outer loop
      vertex 73.8 57.7682 20.5635
      vertex 75.9 57.5047 20.8888
      vertex 73.8 57.5047 20.8888
    endloop
  endfacet
  facet normal 0 -0.777056 -0.629432
    outer loop
      vertex 75.9 57.5047 20.8888
      vertex 73.8 57.7682 20.5635
      vertex 75.9 57.7682 20.5635
    endloop
  endfacet
  facet normal 0 0.998631 0.0523081
    outer loop
      vertex 75.9 42.7598 13.2942
      vertex 73.8 42.7379 13.7123
      vertex 75.9 42.7379 13.7123
    endloop
  endfacet
  facet normal 0 0.998631 0.0523081
    outer loop
      vertex 73.8 42.7379 13.7123
      vertex 75.9 42.7598 13.2942
      vertex 73.8 42.7598 13.2942
    endloop
  endfacet
  facet normal 0 -0.933622 0.358259
    outer loop
      vertex 73.8 58.1863 16.5854
      vertex 75.9 58.3363 16.9763
      vertex 73.8 58.3363 16.9763
    endloop
  endfacet
  facet normal 0 -0.933622 0.358259
    outer loop
      vertex 75.9 58.3363 16.9763
      vertex 73.8 58.1863 16.5854
      vertex 75.9 58.1863 16.5854
    endloop
  endfacet
  facet normal 0 -0.707107 -0.707107
    outer loop
      vertex 73.8 57.5047 20.8888
      vertex 75.9 57.2086 21.1849
      vertex 73.8 57.2086 21.1849
    endloop
  endfacet
  facet normal 0 -0.707107 -0.707107
    outer loop
      vertex 75.9 57.2086 21.1849
      vertex 73.8 57.5047 20.8888
      vertex 75.9 57.5047 20.8888
    endloop
  endfacet
  facet normal 0 0.453983 -0.89101
    outer loop
      vertex 73.8 52.5321 21.6764
      vertex 75.9 52.9052 21.8665
      vertex 75.9 52.5321 21.6764
    endloop
  endfacet
  facet normal 0 0.453983 -0.89101
    outer loop
      vertex 75.9 52.9052 21.8665
      vertex 73.8 52.5321 21.6764
      vertex 73.8 52.9052 21.8665
    endloop
  endfacet
  facet normal 0 -0.358467 -0.933542
    outer loop
      vertex 73.8 55.7682 22.0166
      vertex 75.9 56.1591 21.8665
      vertex 75.9 55.7682 22.0166
    endloop
  endfacet
  facet normal -0 -0.358467 -0.933542
    outer loop
      vertex 75.9 56.1591 21.8665
      vertex 73.8 55.7682 22.0166
      vertex 73.8 56.1591 21.8665
    endloop
  endfacet
  facet normal 0 -0.933622 -0.358259
    outer loop
      vertex 73.8 58.3363 19.4484
      vertex 75.9 58.1863 19.8393
      vertex 73.8 58.1863 19.8393
    endloop
  endfacet
  facet normal 0 -0.933622 -0.358259
    outer loop
      vertex 75.9 58.1863 19.8393
      vertex 73.8 58.3363 19.4484
      vertex 75.9 58.3363 19.4484
    endloop
  endfacet
  facet normal 0 -0.965901 0.258911
    outer loop
      vertex 73.8 58.3363 16.9763
      vertex 75.9 58.4447 17.3807
      vertex 73.8 58.4447 17.3807
    endloop
  endfacet
  facet normal 0 -0.965901 0.258911
    outer loop
      vertex 75.9 58.4447 17.3807
      vertex 73.8 58.3363 16.9763
      vertex 75.9 58.3363 16.9763
    endloop
  endfacet
  facet normal 0 0.998631 -0.0523081
    outer loop
      vertex 75.9 42.7379 13.7123
      vertex 73.8 42.7598 14.1304
      vertex 75.9 42.7598 14.1304
    endloop
  endfacet
  facet normal 0 0.998631 -0.0523081
    outer loop
      vertex 73.8 42.7598 14.1304
      vertex 75.9 42.7379 13.7123
      vertex 73.8 42.7379 13.7123
    endloop
  endfacet
  facet normal 0 0.707107 -0.707107
    outer loop
      vertex 75.9 43.7653 16.3888
      vertex 73.8 44.0614 16.6849
      vertex 75.9 44.0614 16.6849
    endloop
  endfacet
  facet normal 0 0.707107 -0.707107
    outer loop
      vertex 73.8 44.0614 16.6849
      vertex 75.9 43.7653 16.3888
      vertex 73.8 43.7653 16.3888
    endloop
  endfacet
  facet normal 0 -0.258762 0.965941
    outer loop
      vertex 73.8 47.974 9.9081
      vertex 75.9 47.5695 9.79974
      vertex 75.9 47.974 9.9081
    endloop
  endfacet
  facet normal 0 -0.258762 0.965941
    outer loop
      vertex 75.9 47.5695 9.79974
      vertex 73.8 47.974 9.9081
      vertex 73.8 47.5695 9.79974
    endloop
  endfacet
  facet normal -0 0.156416 0.987691
    outer loop
      vertex 73.8 46.3198 9.73424
      vertex 75.9 45.9062 9.79974
      vertex 75.9 46.3198 9.73424
    endloop
  endfacet
  facet normal 0 0.156416 0.987691
    outer loop
      vertex 75.9 45.9062 9.79974
      vertex 73.8 46.3198 9.73424
      vertex 73.8 45.9062 9.79974
    endloop
  endfacet
  facet normal 0 0.156453 -0.987685
    outer loop
      vertex 73.8 53.7005 22.1249
      vertex 75.9 54.114 22.1904
      vertex 75.9 53.7005 22.1249
    endloop
  endfacet
  facet normal 0 0.156453 -0.987685
    outer loop
      vertex 75.9 54.114 22.1904
      vertex 73.8 53.7005 22.1249
      vertex 73.8 54.114 22.1904
    endloop
  endfacet
  facet normal 0 0.0523081 -0.998631
    outer loop
      vertex 73.8 54.114 22.1904
      vertex 75.9 54.5321 22.2123
      vertex 75.9 54.114 22.1904
    endloop
  endfacet
  facet normal 0 0.0523081 -0.998631
    outer loop
      vertex 75.9 54.5321 22.2123
      vertex 73.8 54.114 22.1904
      vertex 73.8 54.5321 22.2123
    endloop
  endfacet
  facet normal -0 0.629288 0.777173
    outer loop
      vertex 73.8 44.3867 10.4763
      vertex 75.9 44.0614 10.7397
      vertex 75.9 44.3867 10.4763
    endloop
  endfacet
  facet normal 0 0.629288 0.777173
    outer loop
      vertex 75.9 44.0614 10.7397
      vertex 73.8 44.3867 10.4763
      vertex 73.8 44.0614 10.7397
    endloop
  endfacet
  facet normal -0 0.258822 0.965925
    outer loop
      vertex 73.8 45.9062 9.79974
      vertex 75.9 45.5018 9.9081
      vertex 75.9 45.9062 9.79974
    endloop
  endfacet
  facet normal 0 0.258822 0.965925
    outer loop
      vertex 75.9 45.5018 9.9081
      vertex 73.8 45.9062 9.79974
      vertex 73.8 45.5018 9.9081
    endloop
  endfacet
  facet normal 0 0.987685 0.156453
    outer loop
      vertex 75.9 42.8253 12.8807
      vertex 73.8 42.7598 13.2942
      vertex 75.9 42.7598 13.2942
    endloop
  endfacet
  facet normal 0 0.987685 0.156453
    outer loop
      vertex 73.8 42.7598 13.2942
      vertex 75.9 42.8253 12.8807
      vertex 73.8 42.8253 12.8807
    endloop
  endfacet
  facet normal 0 -0.707107 0.707107
    outer loop
      vertex 73.8 57.2086 15.2397
      vertex 75.9 57.5047 15.5358
      vertex 73.8 57.5047 15.5358
    endloop
  endfacet
  facet normal 0 -0.707107 0.707107
    outer loop
      vertex 75.9 57.5047 15.5358
      vertex 73.8 57.2086 15.2397
      vertex 75.9 57.2086 15.2397
    endloop
  endfacet
  facet normal 0 -0.544518 -0.838749
    outer loop
      vertex 73.8 56.5321 21.6764
      vertex 75.9 56.8833 21.4484
      vertex 75.9 56.5321 21.6764
    endloop
  endfacet
  facet normal -0 -0.544518 -0.838749
    outer loop
      vertex 75.9 56.8833 21.4484
      vertex 73.8 56.5321 21.6764
      vertex 73.8 56.8833 21.4484
    endloop
  endfacet
  facet normal 0 -0.998631 -0.0523081
    outer loop
      vertex 73.8 58.5321 18.2123
      vertex 75.9 58.5102 18.6304
      vertex 73.8 58.5102 18.6304
    endloop
  endfacet
  facet normal 0 -0.998631 -0.0523081
    outer loop
      vertex 75.9 58.5102 18.6304
      vertex 73.8 58.5321 18.2123
      vertex 75.9 58.5321 18.2123
    endloop
  endfacet
  facet normal 0 0.258629 -0.965977
    outer loop
      vertex 73.8 53.296 22.0166
      vertex 75.9 53.7005 22.1249
      vertex 75.9 53.296 22.0166
    endloop
  endfacet
  facet normal 0 0.258629 -0.965977
    outer loop
      vertex 75.9 53.7005 22.1249
      vertex 73.8 53.296 22.0166
      vertex 73.8 53.7005 22.1249
    endloop
  endfacet
  facet normal 0 0.358547 -0.933512
    outer loop
      vertex 73.8 52.9052 21.8665
      vertex 75.9 53.296 22.0166
      vertex 75.9 52.9052 21.8665
    endloop
  endfacet
  facet normal 0 0.358547 -0.933512
    outer loop
      vertex 75.9 53.296 22.0166
      vertex 73.8 52.9052 21.8665
      vertex 73.8 53.296 22.0166
    endloop
  endfacet
  facet normal -0 0.45408 0.890961
    outer loop
      vertex 73.8 45.1109 10.0581
      vertex 75.9 44.7379 10.2482
      vertex 75.9 45.1109 10.0581
    endloop
  endfacet
  facet normal 0 0.45408 0.890961
    outer loop
      vertex 75.9 44.7379 10.2482
      vertex 73.8 45.1109 10.0581
      vertex 73.8 44.7379 10.2482
    endloop
  endfacet
  facet normal 0 -0.987685 0.156453
    outer loop
      vertex 73.8 58.4447 17.3807
      vertex 75.9 58.5102 17.7942
      vertex 73.8 58.5102 17.7942
    endloop
  endfacet
  facet normal 0 -0.987685 0.156453
    outer loop
      vertex 75.9 58.5102 17.7942
      vertex 73.8 58.4447 17.3807
      vertex 75.9 58.4447 17.3807
    endloop
  endfacet
  facet normal 0 -0.500001 0.866025
    outer loop
      vertex 73.8 56.5321 14.7482
      vertex 75.9 48.7379 10.2482
      vertex 75.9 56.5321 14.7482
    endloop
  endfacet
  facet normal 0 -0.500001 0.866025
    outer loop
      vertex 75.9 48.7379 10.2482
      vertex 73.8 56.5321 14.7482
      vertex 73.8 48.7379 10.2482
    endloop
  endfacet
  facet normal 0 -0.838678 0.544627
    outer loop
      vertex 73.8 57.7682 15.8612
      vertex 75.9 57.9962 16.2123
      vertex 73.8 57.9962 16.2123
    endloop
  endfacet
  facet normal 0 -0.838678 0.544627
    outer loop
      vertex 75.9 57.9962 16.2123
      vertex 73.8 57.7682 15.8612
      vertex 75.9 57.7682 15.8612
    endloop
  endfacet
  facet normal 0 0.933622 -0.358259
    outer loop
      vertex 75.9 42.9337 14.9484
      vertex 73.8 43.0837 15.3393
      vertex 75.9 43.0837 15.3393
    endloop
  endfacet
  facet normal 0 0.933622 -0.358259
    outer loop
      vertex 73.8 43.0837 15.3393
      vertex 75.9 42.9337 14.9484
      vertex 73.8 42.9337 14.9484
    endloop
  endfacet
  facet normal -0 0.707107 0.707107
    outer loop
      vertex 73.8 44.0614 10.7397
      vertex 75.9 43.7653 11.0358
      vertex 75.9 44.0614 10.7397
    endloop
  endfacet
  facet normal 0 0.707107 0.707107
    outer loop
      vertex 75.9 43.7653 11.0358
      vertex 73.8 44.0614 10.7397
      vertex 73.8 43.7653 11.0358
    endloop
  endfacet
  facet normal 0 0.89101 0.453983
    outer loop
      vertex 75.9 43.2738 11.7123
      vertex 73.8 43.0837 12.0854
      vertex 75.9 43.0837 12.0854
    endloop
  endfacet
  facet normal 0 0.89101 0.453983
    outer loop
      vertex 73.8 43.0837 12.0854
      vertex 75.9 43.2738 11.7123
      vertex 73.8 43.2738 11.7123
    endloop
  endfacet
  facet normal 0 0.838749 -0.544518
    outer loop
      vertex 75.9 43.2738 15.7123
      vertex 73.8 43.5018 16.0635
      vertex 75.9 43.5018 16.0635
    endloop
  endfacet
  facet normal 0 0.838749 -0.544518
    outer loop
      vertex 73.8 43.5018 16.0635
      vertex 75.9 43.2738 15.7123
      vertex 73.8 43.2738 15.7123
    endloop
  endfacet
  facet normal 0 -0.358339 0.933592
    outer loop
      vertex 73.8 48.3648 10.0581
      vertex 75.9 47.974 9.9081
      vertex 75.9 48.3648 10.0581
    endloop
  endfacet
  facet normal 0 -0.358339 0.933592
    outer loop
      vertex 75.9 47.974 9.9081
      vertex 73.8 48.3648 10.0581
      vertex 73.8 47.974 9.9081
    endloop
  endfacet
  facet normal 0 0.890961 -0.45408
    outer loop
      vertex 75.9 43.0837 15.3393
      vertex 73.8 43.2738 15.7123
      vertex 75.9 43.2738 15.7123
    endloop
  endfacet
  facet normal 0 0.890961 -0.45408
    outer loop
      vertex 73.8 43.2738 15.7123
      vertex 75.9 43.0837 15.3393
      vertex 73.8 43.0837 15.3393
    endloop
  endfacet
  facet normal 0 -0.0523081 -0.998631
    outer loop
      vertex 73.8 54.5321 22.2123
      vertex 75.9 54.9502 22.1904
      vertex 75.9 54.5321 22.2123
    endloop
  endfacet
  facet normal -0 -0.0523081 -0.998631
    outer loop
      vertex 75.9 54.9502 22.1904
      vertex 73.8 54.5321 22.2123
      vertex 73.8 54.9502 22.1904
    endloop
  endfacet
  facet normal 0 -0.156416 -0.987691
    outer loop
      vertex 73.8 54.9502 22.1904
      vertex 75.9 55.3638 22.1249
      vertex 75.9 54.9502 22.1904
    endloop
  endfacet
  facet normal -0 -0.156416 -0.987691
    outer loop
      vertex 75.9 55.3638 22.1249
      vertex 73.8 54.9502 22.1904
      vertex 73.8 55.3638 22.1249
    endloop
  endfacet
  facet normal 0 0.77715 0.629315
    outer loop
      vertex 75.9 43.7653 11.0358
      vertex 73.8 43.5018 11.3612
      vertex 75.9 43.5018 11.3612
    endloop
  endfacet
  facet normal 0 0.77715 0.629315
    outer loop
      vertex 73.8 43.5018 11.3612
      vertex 75.9 43.7653 11.0358
      vertex 73.8 43.7653 11.0358
    endloop
  endfacet
  facet normal 0 -0.77715 0.629315
    outer loop
      vertex 73.8 57.5047 15.5358
      vertex 75.9 57.7682 15.8612
      vertex 73.8 57.7682 15.8612
    endloop
  endfacet
  facet normal 0 -0.77715 0.629315
    outer loop
      vertex 75.9 57.7682 15.8612
      vertex 73.8 57.5047 15.5358
      vertex 75.9 57.5047 15.5358
    endloop
  endfacet
  facet normal 0 -0.629288 0.777173
    outer loop
      vertex 73.8 57.2086 15.2397
      vertex 75.9 56.8833 14.9763
      vertex 75.9 57.2086 15.2397
    endloop
  endfacet
  facet normal 0 -0.629288 0.777173
    outer loop
      vertex 75.9 56.8833 14.9763
      vertex 73.8 57.2086 15.2397
      vertex 73.8 56.8833 14.9763
    endloop
  endfacet
  facet normal 0 0.965901 -0.258911
    outer loop
      vertex 75.9 42.8253 14.544
      vertex 73.8 42.9337 14.9484
      vertex 75.9 42.9337 14.9484
    endloop
  endfacet
  facet normal 0 0.965901 -0.258911
    outer loop
      vertex 73.8 42.9337 14.9484
      vertex 75.9 42.8253 14.544
      vertex 73.8 42.8253 14.544
    endloop
  endfacet
  facet normal 0 -0.156453 0.987685
    outer loop
      vertex 73.8 47.5695 9.79974
      vertex 75.9 47.156 9.73424
      vertex 75.9 47.5695 9.79974
    endloop
  endfacet
  facet normal 0 -0.156453 0.987685
    outer loop
      vertex 75.9 47.156 9.73424
      vertex 73.8 47.5695 9.79974
      vertex 73.8 47.156 9.73424
    endloop
  endfacet
  facet normal 0 0.629432 -0.777056
    outer loop
      vertex 73.8 44.0614 16.6849
      vertex 75.9 44.3867 16.9484
      vertex 75.9 44.0614 16.6849
    endloop
  endfacet
  facet normal 0 0.629432 -0.777056
    outer loop
      vertex 75.9 44.3867 16.9484
      vertex 73.8 44.0614 16.6849
      vertex 73.8 44.3867 16.9484
    endloop
  endfacet
  facet normal -0 0.544686 0.83864
    outer loop
      vertex 73.8 44.7379 10.2482
      vertex 75.9 44.3867 10.4763
      vertex 75.9 44.7379 10.2482
    endloop
  endfacet
  facet normal 0 0.544686 0.83864
    outer loop
      vertex 75.9 44.3867 10.4763
      vertex 73.8 44.7379 10.2482
      vertex 73.8 44.3867 10.4763
    endloop
  endfacet
  facet normal 0 0.965901 0.258911
    outer loop
      vertex 75.9 42.9337 12.4763
      vertex 73.8 42.8253 12.8807
      vertex 75.9 42.8253 12.8807
    endloop
  endfacet
  facet normal 0 0.965901 0.258911
    outer loop
      vertex 73.8 42.8253 12.8807
      vertex 75.9 42.9337 12.4763
      vertex 73.8 42.9337 12.4763
    endloop
  endfacet
  facet normal 0 0.933622 0.358259
    outer loop
      vertex 75.9 43.0837 12.0854
      vertex 73.8 42.9337 12.4763
      vertex 75.9 42.9337 12.4763
    endloop
  endfacet
  facet normal 0 0.933622 0.358259
    outer loop
      vertex 73.8 42.9337 12.4763
      vertex 75.9 43.0837 12.0854
      vertex 73.8 43.0837 12.0854
    endloop
  endfacet
  facet normal 0 -0.0523319 0.99863
    outer loop
      vertex 73.8 47.156 9.73424
      vertex 75.9 46.7379 9.71233
      vertex 75.9 47.156 9.73424
    endloop
  endfacet
  facet normal 0 -0.0523319 0.99863
    outer loop
      vertex 75.9 46.7379 9.71233
      vertex 73.8 47.156 9.73424
      vertex 73.8 46.7379 9.71233
    endloop
  endfacet
  facet normal -0 0.0523319 0.99863
    outer loop
      vertex 73.8 46.7379 9.71233
      vertex 75.9 46.3198 9.73424
      vertex 75.9 46.7379 9.71233
    endloop
  endfacet
  facet normal 0 0.0523319 0.99863
    outer loop
      vertex 75.9 46.3198 9.73424
      vertex 73.8 46.7379 9.71233
      vertex 73.8 46.3198 9.73424
    endloop
  endfacet
  facet normal -0 0.453962 0.891021
    outer loop
      vertex 75.9 44.6229 8.96189
      vertex 76 44.1379 9.20899
      vertex 76 44.6229 8.96189
    endloop
  endfacet
  facet normal 0 0.453962 0.891021
    outer loop
      vertex 76 44.1379 9.20899
      vertex 75.9 44.6229 8.96189
      vertex 75.9 44.1379 9.20899
    endloop
  endfacet
  facet normal -0 0.707042 0.707171
    outer loop
      vertex 75.9 43.2584 9.84797
      vertex 76 42.8735 10.2328
      vertex 76 43.2584 9.84797
    endloop
  endfacet
  facet normal 0 0.707042 0.707171
    outer loop
      vertex 76 42.8735 10.2328
      vertex 75.9 43.2584 9.84797
      vertex 75.9 42.8735 10.2328
    endloop
  endfacet
  facet normal 0 -0.156439 0.987688
    outer loop
      vertex 75.9 47.819 8.62596
      vertex 76 47.2814 8.54081
      vertex 76 47.819 8.62596
    endloop
  endfacet
  facet normal 0 -0.156439 0.987688
    outer loop
      vertex 76 47.2814 8.54081
      vertex 75.9 47.819 8.62596
      vertex 75.9 47.2814 8.54081
    endloop
  endfacet
  facet normal 0 -0.453962 0.891021
    outer loop
      vertex 75.9 49.3379 9.20899
      vertex 76 48.8529 8.96189
      vertex 76 49.3379 9.20899
    endloop
  endfacet
  facet normal 0 -0.453962 0.891021
    outer loop
      vertex 76 48.8529 8.96189
      vertex 75.9 49.3379 9.20899
      vertex 75.9 48.8529 8.96189
    endloop
  endfacet
  facet normal 0 -0.544698 -0.838632
    outer loop
      vertex 75.9 57.1321 22.7157
      vertex 76 57.5886 22.4192
      vertex 76 57.1321 22.7157
    endloop
  endfacet
  facet normal -0 -0.544698 -0.838632
    outer loop
      vertex 76 57.5886 22.4192
      vertex 75.9 57.1321 22.7157
      vertex 75.9 57.5886 22.4192
    endloop
  endfacet
  facet normal 0 -0.987702 0.156349
    outer loop
      vertex 75.9 59.6185 17.1312
      vertex 76 59.7036 17.6688
      vertex 75.9 59.7036 17.6688
    endloop
  endfacet
  facet normal 0 -0.987702 0.156349
    outer loop
      vertex 76 59.7036 17.6688
      vertex 75.9 59.6185 17.1312
      vertex 76 59.6185 17.1312
    endloop
  endfacet
  facet normal 0 -0.890947 0.454107
    outer loop
      vertex 75.9 59.0354 15.6123
      vertex 76 59.2826 16.0973
      vertex 75.9 59.2826 16.0973
    endloop
  endfacet
  facet normal 0 -0.890947 0.454107
    outer loop
      vertex 76 59.2826 16.0973
      vertex 75.9 59.0354 15.6123
      vertex 76 59.0354 15.6123
    endloop
  endfacet
  facet normal 0 -0.933629 -0.35824
    outer loop
      vertex 75.9 59.4776 19.8192
      vertex 76 59.2826 20.3274
      vertex 75.9 59.2826 20.3274
    endloop
  endfacet
  facet normal 0 -0.933629 -0.35824
    outer loop
      vertex 76 59.2826 20.3274
      vertex 75.9 59.4776 19.8192
      vertex 76 59.4776 19.8192
    endloop
  endfacet
  facet normal 0 0.500001 -0.866025
    outer loop
      vertex 75.9 44.1379 18.2157
      vertex 75.9811 51.9321 22.7157
      vertex 75.9811 44.1379 18.2157
    endloop
  endfacet
  facet normal 0 0.500001 -0.866025
    outer loop
      vertex 75.9811 51.9321 22.7157
      vertex 75.9 44.1379 18.2157
      vertex 75.9 51.9321 22.7157
    endloop
  endfacet
  facet normal 0 -0.998628 0.052366
    outer loop
      vertex 75.9 59.7036 17.6688
      vertex 76 59.7321 18.2123
      vertex 75.9 59.7321 18.2123
    endloop
  endfacet
  facet normal 0 -0.998628 0.052366
    outer loop
      vertex 76 59.7321 18.2123
      vertex 75.9 59.7036 17.6688
      vertex 76 59.7036 17.6688
    endloop
  endfacet
  facet normal 0 -0.838716 0.544569
    outer loop
      vertex 75.9 58.739 15.1558
      vertex 76 59.0354 15.6123
      vertex 75.9 59.0354 15.6123
    endloop
  endfacet
  facet normal 0 -0.838716 0.544569
    outer loop
      vertex 76 59.0354 15.6123
      vertex 75.9 58.739 15.1558
      vertex 76 58.739 15.1558
    endloop
  endfacet
  facet normal 0 -0.965908 -0.258886
    outer loop
      vertex 75.9 59.6185 19.2935
      vertex 76 59.4776 19.8192
      vertex 75.9 59.4776 19.8192
    endloop
  endfacet
  facet normal 0 -0.965908 -0.258886
    outer loop
      vertex 76 59.4776 19.8192
      vertex 75.9 59.6185 19.2935
      vertex 76 59.6185 19.2935
    endloop
  endfacet
  facet normal 0 0.777181 0.629278
    outer loop
      vertex 76 42.8735 10.2328
      vertex 75.9 42.531 10.6558
      vertex 76 42.531 10.6558
    endloop
  endfacet
  facet normal 0 0.777181 0.629278
    outer loop
      vertex 75.9 42.531 10.6558
      vertex 76 42.8735 10.2328
      vertex 75.9 42.8735 10.2328
    endloop
  endfacet
  facet normal 0 -0.453962 -0.891021
    outer loop
      vertex 75.9 56.6471 22.9628
      vertex 76 57.1321 22.7157
      vertex 76 56.6471 22.9628
    endloop
  endfacet
  facet normal -0 -0.453962 -0.891021
    outer loop
      vertex 76 57.1321 22.7157
      vertex 75.9 56.6471 22.9628
      vertex 75.9 57.1321 22.7157
    endloop
  endfacet
  facet normal 0 0.965908 -0.258886
    outer loop
      vertex 76 41.6515 14.7935
      vertex 75.9 41.7924 15.3192
      vertex 76 41.7924 15.3192
    endloop
  endfacet
  facet normal 0 0.965908 -0.258886
    outer loop
      vertex 75.9 41.7924 15.3192
      vertex 76 41.6515 14.7935
      vertex 75.9 41.6515 14.7935
    endloop
  endfacet
  facet normal 0 0.707107 -0.707107
    outer loop
      vertex 75.9 42.8735 17.1918
      vertex 76 43.0771 17.3954
      vertex 76 42.8735 17.1918
    endloop
  endfacet
  facet normal -1.17278e-14 0.707107 -0.707107
    outer loop
      vertex 75.9 43.2584 17.5767
      vertex 76 43.0771 17.3954
      vertex 75.9 42.8735 17.1918
    endloop
  endfacet
  facet normal 0 0.707107 -0.707107
    outer loop
      vertex 76 43.0771 17.3954
      vertex 75.9 43.2584 17.5767
      vertex 75.993 43.2584 17.5767
    endloop
  endfacet
  facet normal 0 0.890947 0.454107
    outer loop
      vertex 76 42.2346 11.1123
      vertex 75.9 41.9874 11.5973
      vertex 76 41.9874 11.5973
    endloop
  endfacet
  facet normal 0 0.890947 0.454107
    outer loop
      vertex 75.9 41.9874 11.5973
      vertex 76 42.2346 11.1123
      vertex 75.9 42.2346 11.1123
    endloop
  endfacet
  facet normal 0 0.052366 -0.998628
    outer loop
      vertex 75.9 53.9886 23.3838
      vertex 76 54.5321 23.4123
      vertex 76 53.9886 23.3838
    endloop
  endfacet
  facet normal 0 0.052366 -0.998628
    outer loop
      vertex 76 54.5321 23.4123
      vertex 75.9 53.9886 23.3838
      vertex 75.9 54.5321 23.4123
    endloop
  endfacet
  facet normal 0 -0.777181 0.629278
    outer loop
      vertex 75.9 58.3965 14.7328
      vertex 76 58.739 15.1558
      vertex 75.9 58.739 15.1558
    endloop
  endfacet
  facet normal 0 -0.777181 0.629278
    outer loop
      vertex 76 58.739 15.1558
      vertex 75.9 58.3965 14.7328
      vertex 76 58.3965 14.7328
    endloop
  endfacet
  facet normal 0 0.96592 0.25884
    outer loop
      vertex 76 41.7924 12.1054
      vertex 75.9 41.6515 12.6312
      vertex 76 41.6515 12.6312
    endloop
  endfacet
  facet normal 0 0.96592 0.25884
    outer loop
      vertex 75.9 41.6515 12.6312
      vertex 76 41.7924 12.1054
      vertex 75.9 41.7924 12.1054
    endloop
  endfacet
  facet normal 0 -0.500002 0.866024
    outer loop
      vertex 75.9 57.1321 13.709
      vertex 76 49.3379 9.20899
      vertex 76 57.1321 13.709
    endloop
  endfacet
  facet normal 0 -0.500002 0.866024
    outer loop
      vertex 76 49.3379 9.20899
      vertex 75.9 57.1321 13.709
      vertex 75.9 49.3379 9.20899
    endloop
  endfacet
  facet normal 0 0.987702 -0.156349
    outer loop
      vertex 76 41.5664 14.2559
      vertex 75.9 41.6515 14.7935
      vertex 76 41.6515 14.7935
    endloop
  endfacet
  facet normal 0 0.987702 -0.156349
    outer loop
      vertex 75.9 41.6515 14.7935
      vertex 76 41.5664 14.2559
      vertex 75.9 41.5664 14.2559
    endloop
  endfacet
  facet normal 0 0.453962 -0.891021
    outer loop
      vertex 75.9 51.9321 22.7157
      vertex 75.9841 52.4171 22.9628
      vertex 75.9811 51.9321 22.7157
    endloop
  endfacet
  facet normal 0 0.453962 -0.891021
    outer loop
      vertex 75.9841 52.4171 22.9628
      vertex 75.9 51.9321 22.7157
      vertex 75.9 52.4171 22.9628
    endloop
  endfacet
  facet normal 0 0.998628 0.052366
    outer loop
      vertex 76 41.5664 13.1688
      vertex 75.9 41.5379 13.7123
      vertex 76 41.5379 13.7123
    endloop
  endfacet
  facet normal 0 0.998628 0.052366
    outer loop
      vertex 75.9 41.5379 13.7123
      vertex 76 41.5664 13.1688
      vertex 75.9 41.5664 13.1688
    endloop
  endfacet
  facet normal 0 -0.258886 -0.965908
    outer loop
      vertex 75.9 55.6133 23.2987
      vertex 76 56.139 23.1578
      vertex 76 55.6133 23.2987
    endloop
  endfacet
  facet normal -0 -0.258886 -0.965908
    outer loop
      vertex 76 56.139 23.1578
      vertex 75.9 55.6133 23.2987
      vertex 75.9 56.139 23.1578
    endloop
  endfacet
  facet normal 0 -0.777181 -0.629278
    outer loop
      vertex 75.9 58.739 21.2688
      vertex 76 58.3965 21.6918
      vertex 75.9 58.3965 21.6918
    endloop
  endfacet
  facet normal 0 -0.777181 -0.629278
    outer loop
      vertex 76 58.3965 21.6918
      vertex 75.9 58.739 21.2688
      vertex 76 58.739 21.2688
    endloop
  endfacet
  facet normal 0 -0.629278 -0.777181
    outer loop
      vertex 75.9 57.5886 22.4192
      vertex 76 58.0116 22.0767
      vertex 76 57.5886 22.4192
    endloop
  endfacet
  facet normal -0 -0.629278 -0.777181
    outer loop
      vertex 76 58.0116 22.0767
      vertex 75.9 57.5886 22.4192
      vertex 75.9 58.0116 22.0767
    endloop
  endfacet
  facet normal 0 -0.933606 0.358302
    outer loop
      vertex 75.9 59.2826 16.0973
      vertex 76 59.4776 16.6054
      vertex 75.9 59.4776 16.6054
    endloop
  endfacet
  facet normal 0 -0.933606 0.358302
    outer loop
      vertex 76 59.4776 16.6054
      vertex 75.9 59.2826 16.0973
      vertex 76 59.2826 16.0973
    endloop
  endfacet
  facet normal 0 -0.987702 -0.156349
    outer loop
      vertex 75.9 59.7036 18.7559
      vertex 76 59.6185 19.2935
      vertex 75.9 59.6185 19.2935
    endloop
  endfacet
  facet normal 0 -0.987702 -0.156349
    outer loop
      vertex 76 59.6185 19.2935
      vertex 75.9 59.7036 18.7559
      vertex 76 59.7036 18.7559
    endloop
  endfacet
  facet normal 0 -0.544569 0.838716
    outer loop
      vertex 75.9 57.5886 14.0054
      vertex 76 57.1321 13.709
      vertex 76 57.5886 14.0054
    endloop
  endfacet
  facet normal 0 -0.544569 0.838716
    outer loop
      vertex 76 57.1321 13.709
      vertex 75.9 57.5886 14.0054
      vertex 75.9 57.1321 13.709
    endloop
  endfacet
  facet normal 0 0.54444 -0.8388
    outer loop
      vertex 75.9 43.6814 17.9192
      vertex 75.9832 43.8159 18.0065
      vertex 75.9841 43.6814 17.9192
    endloop
  endfacet
  facet normal -0.000591755 0.544698 -0.838632
    outer loop
      vertex 75.9 44.1379 18.2157
      vertex 75.9832 43.8159 18.0065
      vertex 75.9 43.6814 17.9192
    endloop
  endfacet
  facet normal 0 0.544805 -0.838563
    outer loop
      vertex 75.9832 43.8159 18.0065
      vertex 75.9 44.1379 18.2157
      vertex 75.9811 44.1379 18.2157
    endloop
  endfacet
  facet normal 0 0.629278 -0.777181
    outer loop
      vertex 75.9 43.2584 17.5767
      vertex 75.9841 43.6814 17.9192
      vertex 75.993 43.2584 17.5767
    endloop
  endfacet
  facet normal 0 0.629278 -0.777181
    outer loop
      vertex 75.9841 43.6814 17.9192
      vertex 75.9 43.2584 17.5767
      vertex 75.9 43.6814 17.9192
    endloop
  endfacet
  facet normal 0 0.358158 -0.933661
    outer loop
      vertex 75.9 52.4171 22.9628
      vertex 75.9889 52.6916 23.0681
      vertex 75.9841 52.4171 22.9628
    endloop
  endfacet
  facet normal -0.000507829 0.358302 -0.933606
    outer loop
      vertex 75.9 52.9252 23.1578
      vertex 75.9889 52.6916 23.0681
      vertex 75.9 52.4171 22.9628
    endloop
  endfacet
  facet normal 0 0.35847 -0.933541
    outer loop
      vertex 75.9889 52.6916 23.0681
      vertex 75.9 52.9252 23.1578
      vertex 75.993 52.9252 23.1578
    endloop
  endfacet
  facet normal 0 -0.629388 0.777091
    outer loop
      vertex 75.9 58.0116 14.348
      vertex 76 57.5886 14.0054
      vertex 76 58.0116 14.348
    endloop
  endfacet
  facet normal 0 -0.629388 0.777091
    outer loop
      vertex 76 57.5886 14.0054
      vertex 75.9 58.0116 14.348
      vertex 75.9 57.5886 14.0054
    endloop
  endfacet
  facet normal 0 -0.998628 -0.0523563
    outer loop
      vertex 75.9 59.7321 18.2123
      vertex 76 59.7036 18.7559
      vertex 75.9 59.7036 18.7559
    endloop
  endfacet
  facet normal 0 -0.998628 -0.0523563
    outer loop
      vertex 76 59.7036 18.7559
      vertex 75.9 59.7321 18.2123
      vertex 76 59.7321 18.2123
    endloop
  endfacet
  facet normal 0 0.838716 -0.544569
    outer loop
      vertex 76 42.2346 16.3123
      vertex 75.9 42.531 16.7688
      vertex 76 42.531 16.7688
    endloop
  endfacet
  facet normal 0 0.838716 -0.544569
    outer loop
      vertex 75.9 42.531 16.7688
      vertex 76 42.2346 16.3123
      vertex 75.9 42.2346 16.3123
    endloop
  endfacet
  facet normal -0 0.0523197 0.99863
    outer loop
      vertex 75.9 46.7379 8.51233
      vertex 76 46.1943 8.54081
      vertex 76 46.7379 8.51233
    endloop
  endfacet
  facet normal 0 0.0523197 0.99863
    outer loop
      vertex 76 46.1943 8.54081
      vertex 75.9 46.7379 8.51233
      vertex 75.9 46.1943 8.54081
    endloop
  endfacet
  facet normal 0 0.156349 -0.987702
    outer loop
      vertex 75.9 53.451 23.2987
      vertex 76 53.9886 23.3838
      vertex 76 53.451 23.2987
    endloop
  endfacet
  facet normal 0 0.156349 -0.987702
    outer loop
      vertex 76 53.9886 23.3838
      vertex 75.9 53.451 23.2987
      vertex 75.9 53.9886 23.3838
    endloop
  endfacet
  facet normal 0 -0.358302 -0.933606
    outer loop
      vertex 75.9 56.139 23.1578
      vertex 76 56.6471 22.9628
      vertex 76 56.139 23.1578
    endloop
  endfacet
  facet normal -0 -0.358302 -0.933606
    outer loop
      vertex 76 56.6471 22.9628
      vertex 75.9 56.139 23.1578
      vertex 75.9 56.6471 22.9628
    endloop
  endfacet
  facet normal -0 0.358398 0.933569
    outer loop
      vertex 75.9 45.131 8.76683
      vertex 76 44.6229 8.96189
      vertex 76 45.131 8.76683
    endloop
  endfacet
  facet normal 0 0.358398 0.933569
    outer loop
      vertex 76 44.6229 8.96189
      vertex 75.9 45.131 8.76683
      vertex 75.9 44.6229 8.96189
    endloop
  endfacet
  facet normal -0 0.258835 0.965922
    outer loop
      vertex 75.9 45.6567 8.62596
      vertex 76 45.131 8.76683
      vertex 76 45.6567 8.62596
    endloop
  endfacet
  facet normal 0 0.258835 0.965922
    outer loop
      vertex 76 45.131 8.76683
      vertex 75.9 45.6567 8.62596
      vertex 75.9 45.131 8.76683
    endloop
  endfacet
  facet normal 0 -0.890909 -0.454182
    outer loop
      vertex 75.9 59.2826 20.3274
      vertex 76 59.0354 20.8123
      vertex 75.9 59.0354 20.8123
    endloop
  endfacet
  facet normal 0 -0.890909 -0.454182
    outer loop
      vertex 76 59.0354 20.8123
      vertex 75.9 59.2826 20.3274
      vertex 76 59.2826 20.3274
    endloop
  endfacet
  facet normal 0 -0.96592 0.25884
    outer loop
      vertex 75.9 59.4776 16.6054
      vertex 76 59.6185 17.1312
      vertex 75.9 59.6185 17.1312
    endloop
  endfacet
  facet normal 0 -0.96592 0.25884
    outer loop
      vertex 76 59.6185 17.1312
      vertex 75.9 59.4776 16.6054
      vertex 76 59.4776 16.6054
    endloop
  endfacet
  facet normal -0 0.629311 0.777154
    outer loop
      vertex 75.9 43.6814 9.50544
      vertex 76 43.2584 9.84797
      vertex 76 43.6814 9.50544
    endloop
  endfacet
  facet normal 0 0.629311 0.777154
    outer loop
      vertex 76 43.2584 9.84797
      vertex 75.9 43.6814 9.50544
      vertex 75.9 43.2584 9.84797
    endloop
  endfacet
  facet normal 0 -0.838716 -0.544569
    outer loop
      vertex 75.9 59.0354 20.8123
      vertex 76 58.739 21.2688
      vertex 75.9 58.739 21.2688
    endloop
  endfacet
  facet normal 0 -0.838716 -0.544569
    outer loop
      vertex 76 58.739 21.2688
      vertex 75.9 59.0354 20.8123
      vertex 76 59.0354 20.8123
    endloop
  endfacet
  facet normal 0 -0.707107 -0.707107
    outer loop
      vertex 75.9 58.3965 21.6918
      vertex 76 58.0116 22.0767
      vertex 75.9 58.0116 22.0767
    endloop
  endfacet
  facet normal 0 -0.707107 -0.707107
    outer loop
      vertex 76 58.0116 22.0767
      vertex 75.9 58.3965 21.6918
      vertex 76 58.3965 21.6918
    endloop
  endfacet
  facet normal 0 0.933629 -0.35824
    outer loop
      vertex 76 41.7924 15.3192
      vertex 75.9 41.9874 15.8274
      vertex 76 41.9874 15.8274
    endloop
  endfacet
  facet normal 0 0.933629 -0.35824
    outer loop
      vertex 75.9 41.9874 15.8274
      vertex 76 41.7924 15.3192
      vertex 75.9 41.7924 15.3192
    endloop
  endfacet
  facet normal 0 0.987702 0.156349
    outer loop
      vertex 76 41.6515 12.6312
      vertex 75.9 41.5664 13.1688
      vertex 76 41.5664 13.1688
    endloop
  endfacet
  facet normal 0 0.987702 0.156349
    outer loop
      vertex 75.9 41.5664 13.1688
      vertex 76 41.6515 12.6312
      vertex 75.9 41.6515 12.6312
    endloop
  endfacet
  facet normal -0 0.156439 0.987688
    outer loop
      vertex 75.9 46.1943 8.54081
      vertex 76 45.6567 8.62596
      vertex 76 46.1943 8.54081
    endloop
  endfacet
  facet normal 0 0.156439 0.987688
    outer loop
      vertex 76 45.6567 8.62596
      vertex 75.9 46.1943 8.54081
      vertex 75.9 45.6567 8.62596
    endloop
  endfacet
  facet normal 0 -0.156349 -0.987702
    outer loop
      vertex 75.9 55.0757 23.3838
      vertex 76 55.6133 23.2987
      vertex 76 55.0757 23.3838
    endloop
  endfacet
  facet normal -0 -0.156349 -0.987702
    outer loop
      vertex 76 55.6133 23.2987
      vertex 75.9 55.0757 23.3838
      vertex 75.9 55.6133 23.2987
    endloop
  endfacet
  facet normal 0 0.998628 -0.0523563
    outer loop
      vertex 76 41.5379 13.7123
      vertex 75.9 41.5664 14.2559
      vertex 76 41.5664 14.2559
    endloop
  endfacet
  facet normal 0 0.998628 -0.0523563
    outer loop
      vertex 75.9 41.5664 14.2559
      vertex 76 41.5379 13.7123
      vertex 75.9 41.5379 13.7123
    endloop
  endfacet
  facet normal 0 0.258924 -0.965898
    outer loop
      vertex 75.9 52.9252 23.1578
      vertex 76 53.1729 23.2242
      vertex 75.993 52.9252 23.1578
    endloop
  endfacet
  facet normal 0.000223936 0.25884 -0.96592
    outer loop
      vertex 76 53.1729 23.2242
      vertex 75.9 52.9252 23.1578
      vertex 75.9 53.451 23.2987
    endloop
  endfacet
  facet normal 0 0.258765 -0.96594
    outer loop
      vertex 76 53.1729 23.2242
      vertex 75.9 53.451 23.2987
      vertex 76 53.451 23.2987
    endloop
  endfacet
  facet normal -0 0.544633 0.838674
    outer loop
      vertex 75.9 44.1379 9.20899
      vertex 76 43.6814 9.50544
      vertex 76 44.1379 9.20899
    endloop
  endfacet
  facet normal 0 0.544633 0.838674
    outer loop
      vertex 76 43.6814 9.50544
      vertex 75.9 44.1379 9.20899
      vertex 75.9 43.6814 9.50544
    endloop
  endfacet
  facet normal 0 -0.0523563 -0.998628
    outer loop
      vertex 75.9 54.5321 23.4123
      vertex 76 55.0757 23.3838
      vertex 76 54.5321 23.4123
    endloop
  endfacet
  facet normal -0 -0.0523563 -0.998628
    outer loop
      vertex 76 55.0757 23.3838
      vertex 75.9 54.5321 23.4123
      vertex 75.9 55.0757 23.3838
    endloop
  endfacet
  facet normal 0 0.777181 -0.629278
    outer loop
      vertex 76 42.531 16.7688
      vertex 75.9 42.8735 17.1918
      vertex 76 42.8735 17.1918
    endloop
  endfacet
  facet normal 0 0.777181 -0.629278
    outer loop
      vertex 75.9 42.8735 17.1918
      vertex 76 42.531 16.7688
      vertex 75.9 42.531 16.7688
    endloop
  endfacet
  facet normal 0 -0.258789 0.965934
    outer loop
      vertex 75.9 48.3448 8.76683
      vertex 76 47.819 8.62596
      vertex 76 48.3448 8.76683
    endloop
  endfacet
  facet normal 0 -0.258789 0.965934
    outer loop
      vertex 76 47.819 8.62596
      vertex 75.9 48.3448 8.76683
      vertex 75.9 47.819 8.62596
    endloop
  endfacet
  facet normal 0 -0.358398 0.933569
    outer loop
      vertex 75.9 48.8529 8.96189
      vertex 76 48.3448 8.76683
      vertex 76 48.8529 8.96189
    endloop
  endfacet
  facet normal 0 -0.358398 0.933569
    outer loop
      vertex 76 48.3448 8.76683
      vertex 75.9 48.8529 8.96189
      vertex 75.9 48.3448 8.76683
    endloop
  endfacet
  facet normal 0 0.838716 0.544569
    outer loop
      vertex 76 42.531 10.6558
      vertex 75.9 42.2346 11.1123
      vertex 76 42.2346 11.1123
    endloop
  endfacet
  facet normal 0 0.838716 0.544569
    outer loop
      vertex 75.9 42.2346 11.1123
      vertex 76 42.531 10.6558
      vertex 75.9 42.531 10.6558
    endloop
  endfacet
  facet normal 1 0 0
    outer loop
      vertex 75.9 58.5321 18.2123
      vertex 75.9 59.7321 18.2123
      vertex 75.9 59.7036 18.7559
    endloop
  endfacet
  facet normal 1 0 0
    outer loop
      vertex 75.9 58.5102 18.6304
      vertex 75.9 59.7036 18.7559
      vertex 75.9 59.6185 19.2935
    endloop
  endfacet
  facet normal 1 0 0
    outer loop
      vertex 75.9 59.7321 18.2123
      vertex 75.9 58.5321 18.2123
      vertex 75.9 59.7036 17.6688
    endloop
  endfacet
  facet normal 1 0 0
    outer loop
      vertex 75.9 58.4447 19.044
      vertex 75.9 59.6185 19.2935
      vertex 75.9 59.4776 19.8192
    endloop
  endfacet
  facet normal 1 -0 0
    outer loop
      vertex 75.9 58.5102 17.7942
      vertex 75.9 59.7036 17.6688
      vertex 75.9 58.5321 18.2123
    endloop
  endfacet
  facet normal 1 0 0
    outer loop
      vertex 75.9 58.3363 19.4484
      vertex 75.9 59.4776 19.8192
      vertex 75.9 59.2826 20.3274
    endloop
  endfacet
  facet normal 1 0 0
    outer loop
      vertex 75.9 59.7036 17.6688
      vertex 75.9 58.5102 17.7942
      vertex 75.9 59.6185 17.1312
    endloop
  endfacet
  facet normal 1 0 0
    outer loop
      vertex 75.9 58.1863 19.8393
      vertex 75.9 59.2826 20.3274
      vertex 75.9 59.0354 20.8123
    endloop
  endfacet
  facet normal 1 -0 0
    outer loop
      vertex 75.9 58.4447 17.3807
      vertex 75.9 59.6185 17.1312
      vertex 75.9 58.5102 17.7942
    endloop
  endfacet
  facet normal 1 0 0
    outer loop
      vertex 75.9 57.9962 20.2123
      vertex 75.9 59.0354 20.8123
      vertex 75.9 58.739 21.2688
    endloop
  endfacet
  facet normal 1 0 0
    outer loop
      vertex 75.9 59.6185 17.1312
      vertex 75.9 58.4447 17.3807
      vertex 75.9 59.4776 16.6054
    endloop
  endfacet
  facet normal 1 -0 0
    outer loop
      vertex 75.9 58.3363 16.9763
      vertex 75.9 59.4776 16.6054
      vertex 75.9 58.4447 17.3807
    endloop
  endfacet
  facet normal 1 0 0
    outer loop
      vertex 75.9 59.7036 18.7559
      vertex 75.9 58.5102 18.6304
      vertex 75.9 58.5321 18.2123
    endloop
  endfacet
  facet normal 1 0 0
    outer loop
      vertex 75.9 59.6185 19.2935
      vertex 75.9 58.4447 19.044
      vertex 75.9 58.5102 18.6304
    endloop
  endfacet
  facet normal 1 0 0
    outer loop
      vertex 75.9 57.7682 20.5635
      vertex 75.9 58.739 21.2688
      vertex 75.9 58.3965 21.6918
    endloop
  endfacet
  facet normal 1 0 0
    outer loop
      vertex 75.9 59.4776 19.8192
      vertex 75.9 58.3363 19.4484
      vertex 75.9 58.4447 19.044
    endloop
  endfacet
  facet normal 1 0 0
    outer loop
      vertex 75.9 59.2826 20.3274
      vertex 75.9 58.1863 19.8393
      vertex 75.9 58.3363 19.4484
    endloop
  endfacet
  facet normal 1 0 0
    outer loop
      vertex 75.9 57.5047 20.8888
      vertex 75.9 58.3965 21.6918
      vertex 75.9 58.0116 22.0767
    endloop
  endfacet
  facet normal 1 0 0
    outer loop
      vertex 75.9 59.0354 20.8123
      vertex 75.9 57.9962 20.2123
      vertex 75.9 58.1863 19.8393
    endloop
  endfacet
  facet normal 1 0 0
    outer loop
      vertex 75.9 58.739 21.2688
      vertex 75.9 57.7682 20.5635
      vertex 75.9 57.9962 20.2123
    endloop
  endfacet
  facet normal 1 0 0
    outer loop
      vertex 75.9 57.2086 21.1849
      vertex 75.9 58.0116 22.0767
      vertex 75.9 57.5886 22.4192
    endloop
  endfacet
  facet normal 1 0 0
    outer loop
      vertex 75.9 58.3965 21.6918
      vertex 75.9 57.5047 20.8888
      vertex 75.9 57.7682 20.5635
    endloop
  endfacet
  facet normal 1 0 0
    outer loop
      vertex 75.9 58.0116 22.0767
      vertex 75.9 57.2086 21.1849
      vertex 75.9 57.5047 20.8888
    endloop
  endfacet
  facet normal 1 0 0
    outer loop
      vertex 75.9 56.8833 21.4484
      vertex 75.9 57.5886 22.4192
      vertex 75.9 57.1321 22.7157
    endloop
  endfacet
  facet normal 1 0 0
    outer loop
      vertex 75.9 57.5886 22.4192
      vertex 75.9 56.8833 21.4484
      vertex 75.9 57.2086 21.1849
    endloop
  endfacet
  facet normal 1 0 0
    outer loop
      vertex 75.9 56.5321 21.6764
      vertex 75.9 57.1321 22.7157
      vertex 75.9 56.6471 22.9628
    endloop
  endfacet
  facet normal 1 0 0
    outer loop
      vertex 75.9 57.1321 22.7157
      vertex 75.9 56.5321 21.6764
      vertex 75.9 56.8833 21.4484
    endloop
  endfacet
  facet normal 1 0 0
    outer loop
      vertex 75.9 56.6471 22.9628
      vertex 75.9 56.1591 21.8665
      vertex 75.9 56.5321 21.6764
    endloop
  endfacet
  facet normal 1 0 0
    outer loop
      vertex 75.9 56.139 23.1578
      vertex 75.9 56.1591 21.8665
      vertex 75.9 56.6471 22.9628
    endloop
  endfacet
  facet normal 1 0 0
    outer loop
      vertex 75.9 56.139 23.1578
      vertex 75.9 55.7682 22.0166
      vertex 75.9 56.1591 21.8665
    endloop
  endfacet
  facet normal 1 0 0
    outer loop
      vertex 75.9 55.6133 23.2987
      vertex 75.9 55.7682 22.0166
      vertex 75.9 56.139 23.1578
    endloop
  endfacet
  facet normal 1 0 0
    outer loop
      vertex 75.9 55.6133 23.2987
      vertex 75.9 55.3638 22.1249
      vertex 75.9 55.7682 22.0166
    endloop
  endfacet
  facet normal 1 0 0
    outer loop
      vertex 75.9 55.0757 23.3838
      vertex 75.9 55.3638 22.1249
      vertex 75.9 55.6133 23.2987
    endloop
  endfacet
  facet normal 1 0 0
    outer loop
      vertex 75.9 55.0757 23.3838
      vertex 75.9 54.9502 22.1904
      vertex 75.9 55.3638 22.1249
    endloop
  endfacet
  facet normal 1 0 0
    outer loop
      vertex 75.9 54.5321 23.4123
      vertex 75.9 54.9502 22.1904
      vertex 75.9 55.0757 23.3838
    endloop
  endfacet
  facet normal 1 0 0
    outer loop
      vertex 75.9 54.5321 23.4123
      vertex 75.9 54.5321 22.2123
      vertex 75.9 54.9502 22.1904
    endloop
  endfacet
  facet normal 1 0 0
    outer loop
      vertex 75.9 54.5321 23.4123
      vertex 75.9 54.114 22.1904
      vertex 75.9 54.5321 22.2123
    endloop
  endfacet
  facet normal 1 -0 0
    outer loop
      vertex 75.9 53.9886 23.3838
      vertex 75.9 54.114 22.1904
      vertex 75.9 54.5321 23.4123
    endloop
  endfacet
  facet normal 1 0 0
    outer loop
      vertex 75.9 53.9886 23.3838
      vertex 75.9 53.7005 22.1249
      vertex 75.9 54.114 22.1904
    endloop
  endfacet
  facet normal 1 -0 0
    outer loop
      vertex 75.9 53.451 23.2987
      vertex 75.9 53.7005 22.1249
      vertex 75.9 53.9886 23.3838
    endloop
  endfacet
  facet normal 1 0 0
    outer loop
      vertex 75.9 53.451 23.2987
      vertex 75.9 53.296 22.0166
      vertex 75.9 53.7005 22.1249
    endloop
  endfacet
  facet normal 1 -0 0
    outer loop
      vertex 75.9 52.9252 23.1578
      vertex 75.9 53.296 22.0166
      vertex 75.9 53.451 23.2987
    endloop
  endfacet
  facet normal 1 0 0
    outer loop
      vertex 75.9 52.9252 23.1578
      vertex 75.9 52.9052 21.8665
      vertex 75.9 53.296 22.0166
    endloop
  endfacet
  facet normal 1 -0 0
    outer loop
      vertex 75.9 52.4171 22.9628
      vertex 75.9 52.9052 21.8665
      vertex 75.9 52.9252 23.1578
    endloop
  endfacet
  facet normal 1 0 0
    outer loop
      vertex 75.9 52.9052 21.8665
      vertex 75.9 52.4171 22.9628
      vertex 75.9 52.5321 21.6764
    endloop
  endfacet
  facet normal 1 -0 0
    outer loop
      vertex 75.9 51.9321 22.7157
      vertex 75.9 52.5321 21.6764
      vertex 75.9 52.4171 22.9628
    endloop
  endfacet
  facet normal 1 0 0
    outer loop
      vertex 75.9 51.9321 22.7157
      vertex 75.9 44.7379 17.1764
      vertex 75.9 52.5321 21.6764
    endloop
  endfacet
  facet normal 1 -0 0
    outer loop
      vertex 75.9 44.1379 18.2157
      vertex 75.9 44.7379 17.1764
      vertex 75.9 51.9321 22.7157
    endloop
  endfacet
  facet normal 1 0 0
    outer loop
      vertex 75.9 44.7379 17.1764
      vertex 75.9 44.1379 18.2157
      vertex 75.9 44.3867 16.9484
    endloop
  endfacet
  facet normal 1 -0 0
    outer loop
      vertex 75.9 43.6814 17.9192
      vertex 75.9 44.3867 16.9484
      vertex 75.9 44.1379 18.2157
    endloop
  endfacet
  facet normal 1 0 0
    outer loop
      vertex 75.9 44.3867 16.9484
      vertex 75.9 43.6814 17.9192
      vertex 75.9 44.0614 16.6849
    endloop
  endfacet
  facet normal 1 -0 0
    outer loop
      vertex 75.9 43.2584 17.5767
      vertex 75.9 44.0614 16.6849
      vertex 75.9 43.6814 17.9192
    endloop
  endfacet
  facet normal 1 0 0
    outer loop
      vertex 75.9 44.0614 16.6849
      vertex 75.9 43.2584 17.5767
      vertex 75.9 43.7653 16.3888
    endloop
  endfacet
  facet normal 1 -0 0
    outer loop
      vertex 75.9 42.8735 17.1918
      vertex 75.9 43.7653 16.3888
      vertex 75.9 43.2584 17.5767
    endloop
  endfacet
  facet normal 1 0 0
    outer loop
      vertex 75.9 43.7653 16.3888
      vertex 75.9 42.8735 17.1918
      vertex 75.9 43.5018 16.0635
    endloop
  endfacet
  facet normal 1 -0 0
    outer loop
      vertex 75.9 42.531 16.7688
      vertex 75.9 43.5018 16.0635
      vertex 75.9 42.8735 17.1918
    endloop
  endfacet
  facet normal 1 0 0
    outer loop
      vertex 75.9 43.5018 16.0635
      vertex 75.9 42.531 16.7688
      vertex 75.9 43.2738 15.7123
    endloop
  endfacet
  facet normal 1 -0 0
    outer loop
      vertex 75.9 42.2346 16.3123
      vertex 75.9 43.2738 15.7123
      vertex 75.9 42.531 16.7688
    endloop
  endfacet
  facet normal 1 0 0
    outer loop
      vertex 75.9 43.2738 15.7123
      vertex 75.9 42.2346 16.3123
      vertex 75.9 43.0837 15.3393
    endloop
  endfacet
  facet normal 1 -0 0
    outer loop
      vertex 75.9 41.9874 15.8274
      vertex 75.9 43.0837 15.3393
      vertex 75.9 42.2346 16.3123
    endloop
  endfacet
  facet normal 1 0 0
    outer loop
      vertex 75.9 43.0837 15.3393
      vertex 75.9 41.9874 15.8274
      vertex 75.9 42.9337 14.9484
    endloop
  endfacet
  facet normal 1 -0 0
    outer loop
      vertex 75.9 41.7924 15.3192
      vertex 75.9 42.9337 14.9484
      vertex 75.9 41.9874 15.8274
    endloop
  endfacet
  facet normal 1 0 0
    outer loop
      vertex 75.9 59.4776 16.6054
      vertex 75.9 58.3363 16.9763
      vertex 75.9 59.2826 16.0973
    endloop
  endfacet
  facet normal 1 -0 0
    outer loop
      vertex 75.9 58.1863 16.5854
      vertex 75.9 59.2826 16.0973
      vertex 75.9 58.3363 16.9763
    endloop
  endfacet
  facet normal 1 0 0
    outer loop
      vertex 75.9 59.2826 16.0973
      vertex 75.9 58.1863 16.5854
      vertex 75.9 59.0354 15.6123
    endloop
  endfacet
  facet normal 1 -0 0
    outer loop
      vertex 75.9 57.9962 16.2123
      vertex 75.9 59.0354 15.6123
      vertex 75.9 58.1863 16.5854
    endloop
  endfacet
  facet normal 1 0 0
    outer loop
      vertex 75.9 59.0354 15.6123
      vertex 75.9 57.9962 16.2123
      vertex 75.9 58.739 15.1558
    endloop
  endfacet
  facet normal 1 -0 0
    outer loop
      vertex 75.9 57.7682 15.8612
      vertex 75.9 58.739 15.1558
      vertex 75.9 57.9962 16.2123
    endloop
  endfacet
  facet normal 1 0 0
    outer loop
      vertex 75.9 58.739 15.1558
      vertex 75.9 57.7682 15.8612
      vertex 75.9 58.3965 14.7328
    endloop
  endfacet
  facet normal 1 -0 0
    outer loop
      vertex 75.9 57.5047 15.5358
      vertex 75.9 58.3965 14.7328
      vertex 75.9 57.7682 15.8612
    endloop
  endfacet
  facet normal 1 0 0
    outer loop
      vertex 75.9 58.3965 14.7328
      vertex 75.9 57.5047 15.5358
      vertex 75.9 58.0116 14.348
    endloop
  endfacet
  facet normal 1 -0 0
    outer loop
      vertex 75.9 57.2086 15.2397
      vertex 75.9 58.0116 14.348
      vertex 75.9 57.5047 15.5358
    endloop
  endfacet
  facet normal 1 0 0
    outer loop
      vertex 75.9 58.0116 14.348
      vertex 75.9 57.2086 15.2397
      vertex 75.9 57.5886 14.0054
    endloop
  endfacet
  facet normal 1 -0 0
    outer loop
      vertex 75.9 56.8833 14.9763
      vertex 75.9 57.5886 14.0054
      vertex 75.9 57.2086 15.2397
    endloop
  endfacet
  facet normal 1 0 0
    outer loop
      vertex 75.9 57.5886 14.0054
      vertex 75.9 56.8833 14.9763
      vertex 75.9 57.1321 13.709
    endloop
  endfacet
  facet normal 1 -0 0
    outer loop
      vertex 75.9 56.5321 14.7482
      vertex 75.9 57.1321 13.709
      vertex 75.9 56.8833 14.9763
    endloop
  endfacet
  facet normal 1 0 0
    outer loop
      vertex 75.9 56.5321 14.7482
      vertex 75.9 49.3379 9.20899
      vertex 75.9 57.1321 13.709
    endloop
  endfacet
  facet normal 1 -0 0
    outer loop
      vertex 75.9 48.7379 10.2482
      vertex 75.9 49.3379 9.20899
      vertex 75.9 56.5321 14.7482
    endloop
  endfacet
  facet normal 1 0 0
    outer loop
      vertex 75.9 49.3379 9.20899
      vertex 75.9 48.7379 10.2482
      vertex 75.9 48.8529 8.96189
    endloop
  endfacet
  facet normal 1 -0 0
    outer loop
      vertex 75.9 48.3648 10.0581
      vertex 75.9 48.8529 8.96189
      vertex 75.9 48.7379 10.2482
    endloop
  endfacet
  facet normal 1 0 0
    outer loop
      vertex 75.9 48.3648 10.0581
      vertex 75.9 48.3448 8.76683
      vertex 75.9 48.8529 8.96189
    endloop
  endfacet
  facet normal 1 -0 0
    outer loop
      vertex 75.9 47.974 9.9081
      vertex 75.9 48.3448 8.76683
      vertex 75.9 48.3648 10.0581
    endloop
  endfacet
  facet normal 1 0 0
    outer loop
      vertex 75.9 47.974 9.9081
      vertex 75.9 47.819 8.62596
      vertex 75.9 48.3448 8.76683
    endloop
  endfacet
  facet normal 1 -0 0
    outer loop
      vertex 75.9 47.5695 9.79974
      vertex 75.9 47.819 8.62596
      vertex 75.9 47.974 9.9081
    endloop
  endfacet
  facet normal 1 0 0
    outer loop
      vertex 75.9 47.5695 9.79974
      vertex 75.9 47.2814 8.54081
      vertex 75.9 47.819 8.62596
    endloop
  endfacet
  facet normal 1 -0 0
    outer loop
      vertex 75.9 47.156 9.73424
      vertex 75.9 47.2814 8.54081
      vertex 75.9 47.5695 9.79974
    endloop
  endfacet
  facet normal 1 -0 0
    outer loop
      vertex 75.9 46.7379 9.71233
      vertex 75.9 47.2814 8.54081
      vertex 75.9 47.156 9.73424
    endloop
  endfacet
  facet normal 1 0 0
    outer loop
      vertex 75.9 46.7379 9.71233
      vertex 75.9 46.7379 8.51233
      vertex 75.9 47.2814 8.54081
    endloop
  endfacet
  facet normal 1 0 0
    outer loop
      vertex 75.9 46.3198 9.73424
      vertex 75.9 46.7379 8.51233
      vertex 75.9 46.7379 9.71233
    endloop
  endfacet
  facet normal 1 0 0
    outer loop
      vertex 75.9 46.3198 9.73424
      vertex 75.9 46.1943 8.54081
      vertex 75.9 46.7379 8.51233
    endloop
  endfacet
  facet normal 1 0 0
    outer loop
      vertex 75.9 45.9062 9.79974
      vertex 75.9 46.1943 8.54081
      vertex 75.9 46.3198 9.73424
    endloop
  endfacet
  facet normal 1 0 0
    outer loop
      vertex 75.9 45.9062 9.79974
      vertex 75.9 45.6567 8.62596
      vertex 75.9 46.1943 8.54081
    endloop
  endfacet
  facet normal 1 0 0
    outer loop
      vertex 75.9 45.5018 9.9081
      vertex 75.9 45.6567 8.62596
      vertex 75.9 45.9062 9.79974
    endloop
  endfacet
  facet normal 1 0 0
    outer loop
      vertex 75.9 45.5018 9.9081
      vertex 75.9 45.131 8.76683
      vertex 75.9 45.6567 8.62596
    endloop
  endfacet
  facet normal 1 0 0
    outer loop
      vertex 75.9 45.1109 10.0581
      vertex 75.9 45.131 8.76683
      vertex 75.9 45.5018 9.9081
    endloop
  endfacet
  facet normal 1 0 0
    outer loop
      vertex 75.9 44.6229 8.96189
      vertex 75.9 45.1109 10.0581
      vertex 75.9 44.7379 10.2482
    endloop
  endfacet
  facet normal 1 0 0
    outer loop
      vertex 75.9 45.1109 10.0581
      vertex 75.9 44.6229 8.96189
      vertex 75.9 45.131 8.76683
    endloop
  endfacet
  facet normal 1 0 0
    outer loop
      vertex 75.9 44.1379 9.20899
      vertex 75.9 44.7379 10.2482
      vertex 75.9 44.3867 10.4763
    endloop
  endfacet
  facet normal 1 0 0
    outer loop
      vertex 75.9 44.7379 10.2482
      vertex 75.9 44.1379 9.20899
      vertex 75.9 44.6229 8.96189
    endloop
  endfacet
  facet normal 1 0 0
    outer loop
      vertex 75.9 43.6814 9.50544
      vertex 75.9 44.3867 10.4763
      vertex 75.9 44.0614 10.7397
    endloop
  endfacet
  facet normal 1 0 0
    outer loop
      vertex 75.9 43.2584 9.84797
      vertex 75.9 44.0614 10.7397
      vertex 75.9 43.7653 11.0358
    endloop
  endfacet
  facet normal 1 0 0
    outer loop
      vertex 75.9 44.3867 10.4763
      vertex 75.9 43.6814 9.50544
      vertex 75.9 44.1379 9.20899
    endloop
  endfacet
  facet normal 1 0 0
    outer loop
      vertex 75.9 42.8735 10.2328
      vertex 75.9 43.7653 11.0358
      vertex 75.9 43.5018 11.3612
    endloop
  endfacet
  facet normal 1 0 0
    outer loop
      vertex 75.9 42.531 10.6558
      vertex 75.9 43.5018 11.3612
      vertex 75.9 43.2738 11.7123
    endloop
  endfacet
  facet normal 1 0 0
    outer loop
      vertex 75.9 44.0614 10.7397
      vertex 75.9 43.2584 9.84797
      vertex 75.9 43.6814 9.50544
    endloop
  endfacet
  facet normal 1 0 0
    outer loop
      vertex 75.9 42.2346 11.1123
      vertex 75.9 43.2738 11.7123
      vertex 75.9 43.0837 12.0854
    endloop
  endfacet
  facet normal 1 0 0
    outer loop
      vertex 75.9 41.9874 11.5973
      vertex 75.9 43.0837 12.0854
      vertex 75.9 42.9337 12.4763
    endloop
  endfacet
  facet normal 1 0 0
    outer loop
      vertex 75.9 43.7653 11.0358
      vertex 75.9 42.8735 10.2328
      vertex 75.9 43.2584 9.84797
    endloop
  endfacet
  facet normal 1 0 0
    outer loop
      vertex 75.9 41.7924 12.1054
      vertex 75.9 42.9337 12.4763
      vertex 75.9 42.8253 12.8807
    endloop
  endfacet
  facet normal 1 0 0
    outer loop
      vertex 75.9 41.6515 12.6312
      vertex 75.9 42.8253 12.8807
      vertex 75.9 42.7598 13.2942
    endloop
  endfacet
  facet normal 1 0 0
    outer loop
      vertex 75.9 41.5664 13.1688
      vertex 75.9 42.7598 13.2942
      vertex 75.9 42.7379 13.7123
    endloop
  endfacet
  facet normal 1 0 0
    outer loop
      vertex 75.9 42.9337 14.9484
      vertex 75.9 41.7924 15.3192
      vertex 75.9 42.8253 14.544
    endloop
  endfacet
  facet normal 1 0 0
    outer loop
      vertex 75.9 43.5018 11.3612
      vertex 75.9 42.531 10.6558
      vertex 75.9 42.8735 10.2328
    endloop
  endfacet
  facet normal 1 -0 0
    outer loop
      vertex 75.9 41.6515 14.7935
      vertex 75.9 42.8253 14.544
      vertex 75.9 41.7924 15.3192
    endloop
  endfacet
  facet normal 1 0 0
    outer loop
      vertex 75.9 43.2738 11.7123
      vertex 75.9 42.2346 11.1123
      vertex 75.9 42.531 10.6558
    endloop
  endfacet
  facet normal 1 0 0
    outer loop
      vertex 75.9 42.8253 14.544
      vertex 75.9 41.6515 14.7935
      vertex 75.9 42.7598 14.1304
    endloop
  endfacet
  facet normal 1 0 0
    outer loop
      vertex 75.9 43.0837 12.0854
      vertex 75.9 41.9874 11.5973
      vertex 75.9 42.2346 11.1123
    endloop
  endfacet
  facet normal 1 -0 0
    outer loop
      vertex 75.9 41.5664 14.2559
      vertex 75.9 42.7598 14.1304
      vertex 75.9 41.6515 14.7935
    endloop
  endfacet
  facet normal 1 0 0
    outer loop
      vertex 75.9 42.9337 12.4763
      vertex 75.9 41.7924 12.1054
      vertex 75.9 41.9874 11.5973
    endloop
  endfacet
  facet normal 1 0 0
    outer loop
      vertex 75.9 42.7598 14.1304
      vertex 75.9 41.5664 14.2559
      vertex 75.9 42.7379 13.7123
    endloop
  endfacet
  facet normal 1 0 0
    outer loop
      vertex 75.9 42.8253 12.8807
      vertex 75.9 41.6515 12.6312
      vertex 75.9 41.7924 12.1054
    endloop
  endfacet
  facet normal 1 0 0
    outer loop
      vertex 75.9 41.5379 13.7123
      vertex 75.9 42.7379 13.7123
      vertex 75.9 41.5664 14.2559
    endloop
  endfacet
  facet normal 1 0 0
    outer loop
      vertex 75.9 42.7598 13.2942
      vertex 75.9 41.5664 13.1688
      vertex 75.9 41.6515 12.6312
    endloop
  endfacet
  facet normal 1 0 0
    outer loop
      vertex 75.9 42.7379 13.7123
      vertex 75.9 41.5379 13.7123
      vertex 75.9 41.5664 13.1688
    endloop
  endfacet
  facet normal 0 0.933606 0.358302
    outer loop
      vertex 76 41.9874 11.5973
      vertex 75.9 41.7924 12.1054
      vertex 76 41.7924 12.1054
    endloop
  endfacet
  facet normal 0 0.933606 0.358302
    outer loop
      vertex 75.9 41.7924 12.1054
      vertex 76 41.9874 11.5973
      vertex 75.9 41.9874 11.5973
    endloop
  endfacet
  facet normal 0 0.890909 -0.454182
    outer loop
      vertex 76 41.9874 15.8274
      vertex 75.9 42.2346 16.3123
      vertex 76 42.2346 16.3123
    endloop
  endfacet
  facet normal 0 0.890909 -0.454182
    outer loop
      vertex 75.9 42.2346 16.3123
      vertex 76 41.9874 15.8274
      vertex 75.9 41.9874 15.8274
    endloop
  endfacet
  facet normal 0 -0.0523293 0.99863
    outer loop
      vertex 75.9 47.2814 8.54081
      vertex 76 46.7379 8.51233
      vertex 76 47.2814 8.54081
    endloop
  endfacet
  facet normal 0 -0.0523293 0.99863
    outer loop
      vertex 76 46.7379 8.51233
      vertex 75.9 47.2814 8.54081
      vertex 75.9 46.7379 8.51233
    endloop
  endfacet
  facet normal 0 -0.707015 0.707199
    outer loop
      vertex 75.9 58.0116 14.348
      vertex 76 58.3965 14.7328
      vertex 75.9 58.3965 14.7328
    endloop
  endfacet
  facet normal 0 -0.707015 0.707199
    outer loop
      vertex 76 58.3965 14.7328
      vertex 75.9 58.0116 14.348
      vertex 76 58.0116 14.348
    endloop
  endfacet
  facet normal -1 0 0
    outer loop
      vertex 43 1.4 2.6
      vertex 43 2.2 4
      vertex 43 2.2 2.6
    endloop
  endfacet
  facet normal -1 -0 0
    outer loop
      vertex 43 2.2 4
      vertex 43 1.4 2.6
      vertex 43 1.4 4
    endloop
  endfacet
  facet normal 0 0 -1
    outer loop
      vertex 33 1.4 4
      vertex 43 2.2 4
      vertex 43 1.4 4
    endloop
  endfacet
  facet normal -0 0 -1
    outer loop
      vertex 43 2.2 4
      vertex 33 1.4 4
      vertex 33 2.2 4
    endloop
  endfacet
  facet normal -0 0 1
    outer loop
      vertex 33 2.2 2.6
      vertex 43 1.4 2.6
      vertex 43 2.2 2.6
    endloop
  endfacet
  facet normal 0 0 1
    outer loop
      vertex 43 1.4 2.6
      vertex 33 2.2 2.6
      vertex 33 1.4 2.6
    endloop
  endfacet
  facet normal 1 -0 0
    outer loop
      vertex 33 1.4 4
      vertex 33 2.2 2.6
      vertex 33 2.2 4
    endloop
  endfacet
  facet normal 1 0 0
    outer loop
      vertex 33 2.2 2.6
      vertex 33 1.4 4
      vertex 33 1.4 2.6
    endloop
  endfacet
  facet normal 0 1 -0
    outer loop
      vertex 43 1.4 2.6
      vertex 33 1.4 4
      vertex 43 1.4 4
    endloop
  endfacet
  facet normal 0 1 0
    outer loop
      vertex 33 1.4 4
      vertex 43 1.4 2.6
      vertex 33 1.4 2.6
    endloop
  endfacet
  facet normal -1 0 0
    outer loop
      vertex 43 83.8 2.6
      vertex 43 84.6 4
      vertex 43 84.6 2.6
    endloop
  endfacet
  facet normal -1 -0 0
    outer loop
      vertex 43 84.6 4
      vertex 43 83.8 2.6
      vertex 43 83.8 4
    endloop
  endfacet
  facet normal 0 0 -1
    outer loop
      vertex 33 83.8 4
      vertex 43 84.6 4
      vertex 43 83.8 4
    endloop
  endfacet
  facet normal -0 0 -1
    outer loop
      vertex 43 84.6 4
      vertex 33 83.8 4
      vertex 33 84.6 4
    endloop
  endfacet
  facet normal -0 0 1
    outer loop
      vertex 33 84.6 2.6
      vertex 43 83.8 2.6
      vertex 43 84.6 2.6
    endloop
  endfacet
  facet normal 0 0 1
    outer loop
      vertex 43 83.8 2.6
      vertex 33 84.6 2.6
      vertex 33 83.8 2.6
    endloop
  endfacet
  facet normal 1 -0 0
    outer loop
      vertex 33 83.8 4
      vertex 33 84.6 2.6
      vertex 33 84.6 4
    endloop
  endfacet
  facet normal 1 0 0
    outer loop
      vertex 33 84.6 2.6
      vertex 33 83.8 4
      vertex 33 83.8 2.6
    endloop
  endfacet
  facet normal 0 -1 0
    outer loop
      vertex 33 84.6 2.6
      vertex 43 84.6 4
      vertex 33 84.6 4
    endloop
  endfacet
  facet normal 0 -1 -0
    outer loop
      vertex 43 84.6 4
      vertex 33 84.6 2.6
      vertex 43 84.6 2.6
    endloop
  endfacet
  facet normal 1 0 0
    outer loop
      vertex 13.7 62.5105 31.2133
      vertex 13.7 32.8895 10.8785
      vertex 13.7 63.9105 28.7885
    endloop
  endfacet
  facet normal 1 0 -0
    outer loop
      vertex 13.7 32.8895 10.8785
      vertex 13.7 62.5105 31.2133
      vertex 13.7 31.4895 13.3033
    endloop
  endfacet
  facet normal -1 0 0
    outer loop
      vertex 63.9 32.8895 10.8785
      vertex 63.9 62.5105 31.2133
      vertex 63.9 63.9105 28.7885
    endloop
  endfacet
  facet normal -1 0 0
    outer loop
      vertex 63.9 62.5105 31.2133
      vertex 63.9 32.8895 10.8785
      vertex 63.9 31.4895 13.3033
    endloop
  endfacet
  facet normal 0 -0.866019 -0.500011
    outer loop
      vertex 13.7 63.9105 28.7885
      vertex 63.9 62.5105 31.2133
      vertex 13.7 62.5105 31.2133
    endloop
  endfacet
  facet normal 0 -0.866019 -0.500011
    outer loop
      vertex 63.9 62.5105 31.2133
      vertex 13.7 63.9105 28.7885
      vertex 63.9 63.9105 28.7885
    endloop
  endfacet
  facet normal 0 0.866019 0.500011
    outer loop
      vertex 63.9 32.8895 10.8785
      vertex 13.7 31.4895 13.3033
      vertex 63.9 31.4895 13.3033
    endloop
  endfacet
  facet normal 0 0.866019 0.500011
    outer loop
      vertex 13.7 31.4895 13.3033
      vertex 63.9 32.8895 10.8785
      vertex 13.7 32.8895 10.8785
    endloop
  endfacet
  facet normal -1 0 0
    outer loop
      vertex 44 84 0
      vertex 44 86 2.1
      vertex 44 86 0
    endloop
  endfacet
  facet normal -1 -0 0
    outer loop
      vertex 44 86 2.1
      vertex 44 84 0
      vertex 44 84 2.1
    endloop
  endfacet
  facet normal 0 0 -1
    outer loop
      vertex 32 84 2.1
      vertex 44 86 2.1
      vertex 44 84 2.1
    endloop
  endfacet
  facet normal -0 0 -1
    outer loop
      vertex 44 86 2.1
      vertex 32 84 2.1
      vertex 32 86 2.1
    endloop
  endfacet
  facet normal 1 -0 0
    outer loop
      vertex 32 84 2.1
      vertex 32 86 0
      vertex 32 86 2.1
    endloop
  endfacet
  facet normal 1 0 0
    outer loop
      vertex 32 86 0
      vertex 32 84 2.1
      vertex 32 84 0
    endloop
  endfacet
  facet normal 0 1 -0
    outer loop
      vertex 44 84 0
      vertex 32 84 2.1
      vertex 44 84 2.1
    endloop
  endfacet
  facet normal 0 1 0
    outer loop
      vertex 32 84 2.1
      vertex 44 84 0
      vertex 32 84 0
    endloop
  endfacet
endsolid OpenSCAD_Model
