solid OpenSCAD_Model
  facet normal 0 0 -1
    outer loop
      vertex 1.4 15 4
      vertex 2.2 25 4
      vertex 2.2 15 4
    endloop
  endfacet
  facet normal -0 0 -1
    outer loop
      vertex 2.2 25 4
      vertex 1.4 15 4
      vertex 1.4 25 4
    endloop
  endfacet
  facet normal -0 0 1
    outer loop
      vertex 1.4 25 2.6
      vertex 2.2 15 2.6
      vertex 2.2 25 2.6
    endloop
  endfacet
  facet normal 0 0 1
    outer loop
      vertex 2.2 15 2.6
      vertex 1.4 25 2.6
      vertex 1.4 15 2.6
    endloop
  endfacet
  facet normal 1 -0 0
    outer loop
      vertex 1.4 15 4
      vertex 1.4 25 2.6
      vertex 1.4 25 4
    endloop
  endfacet
  facet normal 1 0 0
    outer loop
      vertex 1.4 25 2.6
      vertex 1.4 15 4
      vertex 1.4 15 2.6
    endloop
  endfacet
  facet normal 0 -1 0
    outer loop
      vertex 1.4 25 2.6
      vertex 2.2 25 4
      vertex 1.4 25 4
    endloop
  endfacet
  facet normal 0 -1 -0
    outer loop
      vertex 2.2 25 4
      vertex 1.4 25 2.6
      vertex 2.2 25 2.6
    endloop
  endfacet
  facet normal 0 1 -0
    outer loop
      vertex 2.2 15 2.6
      vertex 1.4 15 4
      vertex 2.2 15 4
    endloop
  endfacet
  facet normal 0 1 0
    outer loop
      vertex 1.4 15 4
      vertex 2.2 15 2.6
      vertex 1.4 15 2.6
    endloop
  endfacet
  facet normal -1 0 0
    outer loop
      vertex 74.6 15 2.6
      vertex 74.6 25 4
      vertex 74.6 25 2.6
    endloop
  endfacet
  facet normal -1 -0 0
    outer loop
      vertex 74.6 25 4
      vertex 74.6 15 2.6
      vertex 74.6 15 4
    endloop
  endfacet
  facet normal 0 0 -1
    outer loop
      vertex 73.8 15 4
      vertex 74.6 25 4
      vertex 74.6 15 4
    endloop
  endfacet
  facet normal -0 0 -1
    outer loop
      vertex 74.6 25 4
      vertex 73.8 15 4
      vertex 73.8 25 4
    endloop
  endfacet
  facet normal -0 0 1
    outer loop
      vertex 73.8 25 2.6
      vertex 74.6 15 2.6
      vertex 74.6 25 2.6
    endloop
  endfacet
  facet normal 0 0 1
    outer loop
      vertex 74.6 15 2.6
      vertex 73.8 25 2.6
      vertex 73.8 15 2.6
    endloop
  endfacet
  facet normal 0 -1 0
    outer loop
      vertex 73.8 25 2.6
      vertex 74.6 25 4
      vertex 73.8 25 4
    endloop
  endfacet
  facet normal 0 -1 -0
    outer loop
      vertex 74.6 25 4
      vertex 73.8 25 2.6
      vertex 74.6 25 2.6
    endloop
  endfacet
  facet normal 0 1 -0
    outer loop
      vertex 74.6 15 2.6
      vertex 73.8 15 4
      vertex 74.6 15 4
    endloop
  endfacet
  facet normal 0 1 0
    outer loop
      vertex 73.8 15 4
      vertex 74.6 15 2.6
      vertex 73.8 15 2.6
    endloop
  endfacet
  facet normal 0 0 -1
    outer loop
      vertex 2.2 78 4
      vertex 1.4 78 4
      vertex 2.2 87.3 4
    endloop
  endfacet
  facet normal 0 0 -1
    outer loop
      vertex 1.4 88 4
      vertex 2.2 87.3 4
      vertex 1.4 78 4
    endloop
  endfacet
  facet normal 0 0 -1
    outer loop
      vertex 2.25463 87.8198 4
      vertex 1.4 88 4
      vertex 2.30292 88 4
    endloop
  endfacet
  facet normal 0 0 -1
    outer loop
      vertex 2.21369 87.5613 4
      vertex 1.4 88 4
      vertex 2.25463 87.8198 4
    endloop
  endfacet
  facet normal 0 0 -1
    outer loop
      vertex 2.2 87.3 4
      vertex 1.4 88 4
      vertex 2.21369 87.5613 4
    endloop
  endfacet
  facet normal -0 0 1
    outer loop
      vertex 1.4 88 2.6
      vertex 2.25463 87.8198 2.6
      vertex 2.30292 88 2.6
    endloop
  endfacet
  facet normal 0 0 1
    outer loop
      vertex 1.4 88 2.6
      vertex 2.21369 87.5613 2.6
      vertex 2.25463 87.8198 2.6
    endloop
  endfacet
  facet normal 0 0 1
    outer loop
      vertex 1.4 88 2.6
      vertex 2.2 87.3 2.6
      vertex 2.21369 87.5613 2.6
    endloop
  endfacet
  facet normal 0 0 1
    outer loop
      vertex 1.4 78 2.6
      vertex 2.2 87.3 2.6
      vertex 1.4 88 2.6
    endloop
  endfacet
  facet normal 0 0 1
    outer loop
      vertex 2.2 87.3 2.6
      vertex 1.4 78 2.6
      vertex 2.2 78 2.6
    endloop
  endfacet
  facet normal 1 -0 0
    outer loop
      vertex 1.4 78 4
      vertex 1.4 88 2.6
      vertex 1.4 88 4
    endloop
  endfacet
  facet normal 1 0 0
    outer loop
      vertex 1.4 88 2.6
      vertex 1.4 78 4
      vertex 1.4 78 2.6
    endloop
  endfacet
  facet normal 0 -1 0
    outer loop
      vertex 1.4 88 2.6
      vertex 2.30292 88 4
      vertex 1.4 88 4
    endloop
  endfacet
  facet normal 0 -1 -0
    outer loop
      vertex 2.30292 88 4
      vertex 1.4 88 2.6
      vertex 2.30292 88 2.6
    endloop
  endfacet
  facet normal 0 1 -0
    outer loop
      vertex 2.2 78 2.6
      vertex 1.4 78 4
      vertex 2.2 78 4
    endloop
  endfacet
  facet normal 0 1 0
    outer loop
      vertex 1.4 78 4
      vertex 2.2 78 2.6
      vertex 1.4 78 2.6
    endloop
  endfacet
  facet normal -1 0 0
    outer loop
      vertex 74.6 78 2.6
      vertex 74.6 88 4
      vertex 74.6 88 2.6
    endloop
  endfacet
  facet normal -1 -0 0
    outer loop
      vertex 74.6 88 4
      vertex 74.6 78 2.6
      vertex 74.6 78 4
    endloop
  endfacet
  facet normal 0 0 -1
    outer loop
      vertex 73.8 87.3 4
      vertex 74.6 78 4
      vertex 73.8 78 4
    endloop
  endfacet
  facet normal 0 0 -1
    outer loop
      vertex 74.6 78 4
      vertex 73.8 87.3 4
      vertex 74.6 88 4
    endloop
  endfacet
  facet normal 0 0 -1
    outer loop
      vertex 73.7863 87.5613 4
      vertex 74.6 88 4
      vertex 73.8 87.3 4
    endloop
  endfacet
  facet normal 0 0 -1
    outer loop
      vertex 73.7454 87.8198 4
      vertex 74.6 88 4
      vertex 73.7863 87.5613 4
    endloop
  endfacet
  facet normal -0 0 -1
    outer loop
      vertex 74.6 88 4
      vertex 73.7454 87.8198 4
      vertex 73.6971 88 4
    endloop
  endfacet
  facet normal 0 0 1
    outer loop
      vertex 74.6 88 2.6
      vertex 73.8 87.3 2.6
      vertex 74.6 78 2.6
    endloop
  endfacet
  facet normal 0 0 1
    outer loop
      vertex 74.6 88 2.6
      vertex 73.7863 87.5613 2.6
      vertex 73.8 87.3 2.6
    endloop
  endfacet
  facet normal 0 0 1
    outer loop
      vertex 74.6 88 2.6
      vertex 73.7454 87.8198 2.6
      vertex 73.7863 87.5613 2.6
    endloop
  endfacet
  facet normal 0 -0 1
    outer loop
      vertex 73.7454 87.8198 2.6
      vertex 74.6 88 2.6
      vertex 73.6971 88 2.6
    endloop
  endfacet
  facet normal 0 0 1
    outer loop
      vertex 74.6 78 2.6
      vertex 73.8 87.3 2.6
      vertex 73.8 78 2.6
    endloop
  endfacet
  facet normal 0 -1 0
    outer loop
      vertex 73.6971 88 2.6
      vertex 74.6 88 4
      vertex 73.6971 88 4
    endloop
  endfacet
  facet normal 0 -1 -0
    outer loop
      vertex 74.6 88 4
      vertex 73.6971 88 2.6
      vertex 74.6 88 2.6
    endloop
  endfacet
  facet normal 0 1 -0
    outer loop
      vertex 74.6 78 2.6
      vertex 73.8 78 4
      vertex 74.6 78 4
    endloop
  endfacet
  facet normal 0 1 0
    outer loop
      vertex 73.8 78 4
      vertex 74.6 78 2.6
      vertex 73.8 78 2.6
    endloop
  endfacet
  facet normal -1 0 0
    outer loop
      vertex 35.475 20.9 17.6
      vertex 35.475 26 15.6576
      vertex 35.475 20.9 15.9
    endloop
  endfacet
  facet normal -1 0 0
    outer loop
      vertex 35.475 18.0317 14.5
      vertex 35.475 20.9 15.9
      vertex 35.475 26 15.6576
    endloop
  endfacet
  facet normal -1 0 0
    outer loop
      vertex 35.475 18.0317 14.5
      vertex 35.475 17.1 15.9
      vertex 35.475 20.9 15.9
    endloop
  endfacet
  facet normal -1 0 0
    outer loop
      vertex 35.475 12 17.7561
      vertex 35.475 17.1 15.9
      vertex 35.475 12 14.5
    endloop
  endfacet
  facet normal -1 0 0
    outer loop
      vertex 35.475 12 14.5
      vertex 35.475 17.1 15.9
      vertex 35.475 18.0317 14.5
    endloop
  endfacet
  facet normal -1 0 0
    outer loop
      vertex 35.475 26 15.6576
      vertex 35.475 20.9 17.6
      vertex 35.475 26 19.8049
    endloop
  endfacet
  facet normal -1 0 0
    outer loop
      vertex 35.475 17.1 17.6
      vertex 35.475 26 19.8049
      vertex 35.475 20.9 17.6
    endloop
  endfacet
  facet normal -1 0 0
    outer loop
      vertex 35.475 17.1 17.6
      vertex 35.475 12 17.7561
      vertex 35.475 26 19.8049
    endloop
  endfacet
  facet normal -1 0 0
    outer loop
      vertex 35.475 17.1 15.9
      vertex 35.475 12 17.7561
      vertex 35.475 17.1 17.6
    endloop
  endfacet
  facet normal 1 0 0
    outer loop
      vertex 21.475 26 19.8049
      vertex 21.475 20.9 17.6
      vertex 21.475 26 15.6576
    endloop
  endfacet
  facet normal 1 0 0
    outer loop
      vertex 21.475 26 19.8049
      vertex 21.475 17.1 17.6
      vertex 21.475 20.9 17.6
    endloop
  endfacet
  facet normal 1 0 0
    outer loop
      vertex 21.475 17.1 17.6
      vertex 21.475 12 17.7561
      vertex 21.475 17.1 15.9
    endloop
  endfacet
  facet normal 1 -0 0
    outer loop
      vertex 21.475 12 17.7561
      vertex 21.475 17.1 17.6
      vertex 21.475 26 19.8049
    endloop
  endfacet
  facet normal 1 -0 0
    outer loop
      vertex 21.475 20.9 15.9
      vertex 21.475 26 15.6576
      vertex 21.475 20.9 17.6
    endloop
  endfacet
  facet normal 1 0 0
    outer loop
      vertex 21.475 20.9 15.9
      vertex 21.475 18.0317 14.5
      vertex 21.475 26 15.6576
    endloop
  endfacet
  facet normal 1 -0 0
    outer loop
      vertex 21.475 17.1 15.9
      vertex 21.475 18.0317 14.5
      vertex 21.475 20.9 15.9
    endloop
  endfacet
  facet normal 1 0 0
    outer loop
      vertex 21.475 12 14.5
      vertex 21.475 17.1 15.9
      vertex 21.475 12 17.7561
    endloop
  endfacet
  facet normal 1 0 0
    outer loop
      vertex 21.475 17.1 15.9
      vertex 21.475 12 14.5
      vertex 21.475 18.0317 14.5
    endloop
  endfacet
  facet normal 0 -1 0
    outer loop
      vertex 21.475 26 19.8049
      vertex 26.575 26 17.6
      vertex 35.475 26 19.8049
    endloop
  endfacet
  facet normal 0 -1 0
    outer loop
      vertex 21.475 26 15.6576
      vertex 26.575 26 17.6
      vertex 21.475 26 19.8049
    endloop
  endfacet
  facet normal 0 -1 -0
    outer loop
      vertex 26.575 26 15.9
      vertex 21.475 26 15.6576
      vertex 30.375 26 15.9
    endloop
  endfacet
  facet normal 0 -1 -0
    outer loop
      vertex 26.575 26 17.6
      vertex 21.475 26 15.6576
      vertex 26.575 26 15.9
    endloop
  endfacet
  facet normal 0 -1 0
    outer loop
      vertex 30.375 26 17.6
      vertex 35.475 26 19.8049
      vertex 26.575 26 17.6
    endloop
  endfacet
  facet normal 0 -1 0
    outer loop
      vertex 35.475 26 15.6576
      vertex 30.375 26 17.6
      vertex 30.375 26 15.9
    endloop
  endfacet
  facet normal 0 -1 0
    outer loop
      vertex 30.375 26 17.6
      vertex 35.475 26 15.6576
      vertex 35.475 26 19.8049
    endloop
  endfacet
  facet normal 0 -1 0
    outer loop
      vertex 35.475 26 15.6576
      vertex 30.375 26 15.9
      vertex 21.475 26 15.6576
    endloop
  endfacet
  facet normal 0 1 0
    outer loop
      vertex 35.475 12 17.7561
      vertex 30.375 12 17.6
      vertex 21.475 12 17.7561
    endloop
  endfacet
  facet normal 0 1 0
    outer loop
      vertex 35.475 12 17.7561
      vertex 30.375 12 15.9
      vertex 30.375 12 17.6
    endloop
  endfacet
  facet normal 0 1 0
    outer loop
      vertex 30.375 12 15.9
      vertex 35.475 12 14.5
      vertex 26.575 12 15.9
    endloop
  endfacet
  facet normal 0 1 -0
    outer loop
      vertex 35.475 12 14.5
      vertex 30.375 12 15.9
      vertex 35.475 12 17.7561
    endloop
  endfacet
  facet normal 0 1 -0
    outer loop
      vertex 26.575 12 17.6
      vertex 21.475 12 17.7561
      vertex 30.375 12 17.6
    endloop
  endfacet
  facet normal 0 1 -0
    outer loop
      vertex 26.575 12 15.9
      vertex 21.475 12 17.7561
      vertex 26.575 12 17.6
    endloop
  endfacet
  facet normal 0 1 0
    outer loop
      vertex 26.575 12 15.9
      vertex 21.475 12 14.5
      vertex 21.475 12 17.7561
    endloop
  endfacet
  facet normal 0 1 0
    outer loop
      vertex 21.475 12 14.5
      vertex 26.575 12 15.9
      vertex 35.475 12 14.5
    endloop
  endfacet
  facet normal -1 0 0
    outer loop
      vertex 35.775 17.1 15.9
      vertex 35.775 20.9 17.6
      vertex 35.775 20.9 15.9
    endloop
  endfacet
  facet normal -1 -0 0
    outer loop
      vertex 35.775 20.9 17.6
      vertex 35.775 17.1 15.9
      vertex 35.775 17.1 17.6
    endloop
  endfacet
  facet normal 0 0 -1
    outer loop
      vertex 21.175 17.1 17.6
      vertex 21.475 20.9 17.6
      vertex 21.475 17.1 17.6
    endloop
  endfacet
  facet normal -0 0 -1
    outer loop
      vertex 21.475 20.9 17.6
      vertex 21.175 17.1 17.6
      vertex 21.175 20.9 17.6
    endloop
  endfacet
  facet normal 0 0 -1
    outer loop
      vertex 35.475 17.1 17.6
      vertex 35.775 20.9 17.6
      vertex 35.775 17.1 17.6
    endloop
  endfacet
  facet normal -0 0 -1
    outer loop
      vertex 35.775 20.9 17.6
      vertex 35.475 17.1 17.6
      vertex 35.475 20.9 17.6
    endloop
  endfacet
  facet normal -0 0 1
    outer loop
      vertex 35.475 20.9 15.9
      vertex 35.775 17.1 15.9
      vertex 35.775 20.9 15.9
    endloop
  endfacet
  facet normal 0 0 1
    outer loop
      vertex 35.775 17.1 15.9
      vertex 35.475 20.9 15.9
      vertex 35.475 17.1 15.9
    endloop
  endfacet
  facet normal -0 0 1
    outer loop
      vertex 21.175 20.9 15.9
      vertex 21.475 17.1 15.9
      vertex 21.475 20.9 15.9
    endloop
  endfacet
  facet normal 0 0 1
    outer loop
      vertex 21.475 17.1 15.9
      vertex 21.175 20.9 15.9
      vertex 21.175 17.1 15.9
    endloop
  endfacet
  facet normal 1 -0 0
    outer loop
      vertex 21.175 17.1 17.6
      vertex 21.175 20.9 15.9
      vertex 21.175 20.9 17.6
    endloop
  endfacet
  facet normal 1 0 0
    outer loop
      vertex 21.175 20.9 15.9
      vertex 21.175 17.1 17.6
      vertex 21.175 17.1 15.9
    endloop
  endfacet
  facet normal 0 -1 0
    outer loop
      vertex 21.175 20.9 15.9
      vertex 21.475 20.9 17.6
      vertex 21.175 20.9 17.6
    endloop
  endfacet
  facet normal 0 -1 -0
    outer loop
      vertex 21.475 20.9 17.6
      vertex 21.175 20.9 15.9
      vertex 21.475 20.9 15.9
    endloop
  endfacet
  facet normal 0 -1 0
    outer loop
      vertex 35.475 20.9 15.9
      vertex 35.775 20.9 17.6
      vertex 35.475 20.9 17.6
    endloop
  endfacet
  facet normal 0 -1 -0
    outer loop
      vertex 35.775 20.9 17.6
      vertex 35.475 20.9 15.9
      vertex 35.775 20.9 15.9
    endloop
  endfacet
  facet normal 0 1 -0
    outer loop
      vertex 21.475 17.1 15.9
      vertex 21.175 17.1 17.6
      vertex 21.475 17.1 17.6
    endloop
  endfacet
  facet normal 0 1 0
    outer loop
      vertex 21.175 17.1 17.6
      vertex 21.475 17.1 15.9
      vertex 21.175 17.1 15.9
    endloop
  endfacet
  facet normal 0 1 -0
    outer loop
      vertex 35.775 17.1 15.9
      vertex 35.475 17.1 17.6
      vertex 35.775 17.1 17.6
    endloop
  endfacet
  facet normal 0 1 0
    outer loop
      vertex 35.475 17.1 17.6
      vertex 35.775 17.1 15.9
      vertex 35.475 17.1 15.9
    endloop
  endfacet
  facet normal -1 0 0
    outer loop
      vertex 30.375 26 15.9
      vertex 30.375 26.3 17.6
      vertex 30.375 26.3 15.9
    endloop
  endfacet
  facet normal -1 -0 0
    outer loop
      vertex 30.375 26.3 17.6
      vertex 30.375 26 15.9
      vertex 30.375 26 17.6
    endloop
  endfacet
  facet normal -1 0 0
    outer loop
      vertex 30.375 11.7 15.9
      vertex 30.375 12 17.6
      vertex 30.375 12 15.9
    endloop
  endfacet
  facet normal -1 -0 0
    outer loop
      vertex 30.375 12 17.6
      vertex 30.375 11.7 15.9
      vertex 30.375 11.7 17.6
    endloop
  endfacet
  facet normal 0 0 -1
    outer loop
      vertex 26.575 26 17.6
      vertex 30.375 26.3 17.6
      vertex 30.375 26 17.6
    endloop
  endfacet
  facet normal -0 0 -1
    outer loop
      vertex 30.375 26.3 17.6
      vertex 26.575 26 17.6
      vertex 26.575 26.3 17.6
    endloop
  endfacet
  facet normal 0 0 -1
    outer loop
      vertex 26.575 11.7 17.6
      vertex 30.375 12 17.6
      vertex 30.375 11.7 17.6
    endloop
  endfacet
  facet normal -0 0 -1
    outer loop
      vertex 30.375 12 17.6
      vertex 26.575 11.7 17.6
      vertex 26.575 12 17.6
    endloop
  endfacet
  facet normal -0 0 1
    outer loop
      vertex 26.575 26.3 15.9
      vertex 30.375 26 15.9
      vertex 30.375 26.3 15.9
    endloop
  endfacet
  facet normal 0 0 1
    outer loop
      vertex 30.375 26 15.9
      vertex 26.575 26.3 15.9
      vertex 26.575 26 15.9
    endloop
  endfacet
  facet normal -0 0 1
    outer loop
      vertex 26.575 12 15.9
      vertex 30.375 11.7 15.9
      vertex 30.375 12 15.9
    endloop
  endfacet
  facet normal 0 0 1
    outer loop
      vertex 30.375 11.7 15.9
      vertex 26.575 12 15.9
      vertex 26.575 11.7 15.9
    endloop
  endfacet
  facet normal 1 -0 0
    outer loop
      vertex 26.575 26 17.6
      vertex 26.575 26.3 15.9
      vertex 26.575 26.3 17.6
    endloop
  endfacet
  facet normal 1 0 0
    outer loop
      vertex 26.575 26.3 15.9
      vertex 26.575 26 17.6
      vertex 26.575 26 15.9
    endloop
  endfacet
  facet normal 1 -0 0
    outer loop
      vertex 26.575 11.7 17.6
      vertex 26.575 12 15.9
      vertex 26.575 12 17.6
    endloop
  endfacet
  facet normal 1 0 0
    outer loop
      vertex 26.575 12 15.9
      vertex 26.575 11.7 17.6
      vertex 26.575 11.7 15.9
    endloop
  endfacet
  facet normal 0 -1 0
    outer loop
      vertex 26.575 26.3 15.9
      vertex 30.375 26.3 17.6
      vertex 26.575 26.3 17.6
    endloop
  endfacet
  facet normal 0 -1 -0
    outer loop
      vertex 30.375 26.3 17.6
      vertex 26.575 26.3 15.9
      vertex 30.375 26.3 15.9
    endloop
  endfacet
  facet normal 0 1 -0
    outer loop
      vertex 30.375 11.7 15.9
      vertex 26.575 11.7 17.6
      vertex 30.375 11.7 17.6
    endloop
  endfacet
  facet normal 0 1 0
    outer loop
      vertex 26.575 11.7 17.6
      vertex 30.375 11.7 15.9
      vertex 26.575 11.7 15.9
    endloop
  endfacet
  facet normal -1 0 0
    outer loop
      vertex 36.475 11 14.5
      vertex 36.475 18.0317 14.5
      vertex 36.475 11 13.4784
    endloop
  endfacet
  facet normal 0 0 -1
    outer loop
      vertex 36.475 11 14.5
      vertex 35.475 12 14.5
      vertex 36.475 18.0317 14.5
    endloop
  endfacet
  facet normal 0 0 -1
    outer loop
      vertex 36.475 11 14.5
      vertex 21.475 12 14.5
      vertex 35.475 12 14.5
    endloop
  endfacet
  facet normal 0 0 -1
    outer loop
      vertex 20.475 11 14.5
      vertex 21.475 12 14.5
      vertex 36.475 11 14.5
    endloop
  endfacet
  facet normal 0 0 -1
    outer loop
      vertex 20.475 18.0317 14.5
      vertex 21.475 12 14.5
      vertex 20.475 11 14.5
    endloop
  endfacet
  facet normal 0 0 -1
    outer loop
      vertex 21.475 12 14.5
      vertex 20.475 18.0317 14.5
      vertex 21.475 18.0317 14.5
    endloop
  endfacet
  facet normal -0 0 -1
    outer loop
      vertex 36.475 18.0317 14.5
      vertex 35.475 12 14.5
      vertex 35.475 18.0317 14.5
    endloop
  endfacet
  facet normal 1 0 0
    outer loop
      vertex 20.475 18.0317 14.5
      vertex 20.475 11 14.5
      vertex 20.475 11 13.4784
    endloop
  endfacet
  facet normal 0 1 -0
    outer loop
      vertex 36.475 11 13.4784
      vertex 20.475 11 14.5
      vertex 36.475 11 14.5
    endloop
  endfacet
  facet normal 0 1 0
    outer loop
      vertex 20.475 11 14.5
      vertex 36.475 11 13.4784
      vertex 20.475 11 13.4784
    endloop
  endfacet
  facet normal -1 0 0
    outer loop
      vertex 54.525 20.9 17.6
      vertex 54.525 26 15.6576
      vertex 54.525 20.9 15.9
    endloop
  endfacet
  facet normal -1 0 0
    outer loop
      vertex 54.525 18.0317 14.5
      vertex 54.525 20.9 15.9
      vertex 54.525 26 15.6576
    endloop
  endfacet
  facet normal -1 0 0
    outer loop
      vertex 54.525 18.0317 14.5
      vertex 54.525 17.1 15.9
      vertex 54.525 20.9 15.9
    endloop
  endfacet
  facet normal -1 0 0
    outer loop
      vertex 54.525 12 17.7561
      vertex 54.525 17.1 15.9
      vertex 54.525 12 14.5
    endloop
  endfacet
  facet normal -1 0 0
    outer loop
      vertex 54.525 12 14.5
      vertex 54.525 17.1 15.9
      vertex 54.525 18.0317 14.5
    endloop
  endfacet
  facet normal -1 0 0
    outer loop
      vertex 54.525 26 15.6576
      vertex 54.525 20.9 17.6
      vertex 54.525 26 19.8049
    endloop
  endfacet
  facet normal -1 0 0
    outer loop
      vertex 54.525 17.1 17.6
      vertex 54.525 26 19.8049
      vertex 54.525 20.9 17.6
    endloop
  endfacet
  facet normal -1 0 0
    outer loop
      vertex 54.525 17.1 17.6
      vertex 54.525 12 17.7561
      vertex 54.525 26 19.8049
    endloop
  endfacet
  facet normal -1 0 0
    outer loop
      vertex 54.525 17.1 15.9
      vertex 54.525 12 17.7561
      vertex 54.525 17.1 17.6
    endloop
  endfacet
  facet normal 1 0 0
    outer loop
      vertex 40.525 26 19.8049
      vertex 40.525 20.9 17.6
      vertex 40.525 26 15.6576
    endloop
  endfacet
  facet normal 1 0 0
    outer loop
      vertex 40.525 26 19.8049
      vertex 40.525 17.1 17.6
      vertex 40.525 20.9 17.6
    endloop
  endfacet
  facet normal 1 0 0
    outer loop
      vertex 40.525 17.1 17.6
      vertex 40.525 12 17.7561
      vertex 40.525 17.1 15.9
    endloop
  endfacet
  facet normal 1 -0 0
    outer loop
      vertex 40.525 12 17.7561
      vertex 40.525 17.1 17.6
      vertex 40.525 26 19.8049
    endloop
  endfacet
  facet normal 1 -0 0
    outer loop
      vertex 40.525 20.9 15.9
      vertex 40.525 26 15.6576
      vertex 40.525 20.9 17.6
    endloop
  endfacet
  facet normal 1 0 0
    outer loop
      vertex 40.525 20.9 15.9
      vertex 40.525 18.0317 14.5
      vertex 40.525 26 15.6576
    endloop
  endfacet
  facet normal 1 -0 0
    outer loop
      vertex 40.525 17.1 15.9
      vertex 40.525 18.0317 14.5
      vertex 40.525 20.9 15.9
    endloop
  endfacet
  facet normal 1 0 0
    outer loop
      vertex 40.525 12 14.5
      vertex 40.525 17.1 15.9
      vertex 40.525 12 17.7561
    endloop
  endfacet
  facet normal 1 0 0
    outer loop
      vertex 40.525 17.1 15.9
      vertex 40.525 12 14.5
      vertex 40.525 18.0317 14.5
    endloop
  endfacet
  facet normal 0 -1 0
    outer loop
      vertex 40.525 26 19.8049
      vertex 45.625 26 17.6
      vertex 54.525 26 19.8049
    endloop
  endfacet
  facet normal 0 -1 0
    outer loop
      vertex 40.525 26 15.6576
      vertex 45.625 26 17.6
      vertex 40.525 26 19.8049
    endloop
  endfacet
  facet normal 0 -1 -0
    outer loop
      vertex 45.625 26 15.9
      vertex 40.525 26 15.6576
      vertex 49.425 26 15.9
    endloop
  endfacet
  facet normal 0 -1 -0
    outer loop
      vertex 45.625 26 17.6
      vertex 40.525 26 15.6576
      vertex 45.625 26 15.9
    endloop
  endfacet
  facet normal 0 -1 0
    outer loop
      vertex 49.425 26 17.6
      vertex 54.525 26 19.8049
      vertex 45.625 26 17.6
    endloop
  endfacet
  facet normal 0 -1 0
    outer loop
      vertex 54.525 26 15.6576
      vertex 49.425 26 17.6
      vertex 49.425 26 15.9
    endloop
  endfacet
  facet normal 0 -1 0
    outer loop
      vertex 49.425 26 17.6
      vertex 54.525 26 15.6576
      vertex 54.525 26 19.8049
    endloop
  endfacet
  facet normal 0 -1 0
    outer loop
      vertex 54.525 26 15.6576
      vertex 49.425 26 15.9
      vertex 40.525 26 15.6576
    endloop
  endfacet
  facet normal 0 1 0
    outer loop
      vertex 54.525 12 17.7561
      vertex 49.425 12 17.6
      vertex 40.525 12 17.7561
    endloop
  endfacet
  facet normal 0 1 0
    outer loop
      vertex 54.525 12 17.7561
      vertex 49.425 12 15.9
      vertex 49.425 12 17.6
    endloop
  endfacet
  facet normal 0 1 0
    outer loop
      vertex 49.425 12 15.9
      vertex 54.525 12 14.5
      vertex 45.625 12 15.9
    endloop
  endfacet
  facet normal 0 1 -0
    outer loop
      vertex 54.525 12 14.5
      vertex 49.425 12 15.9
      vertex 54.525 12 17.7561
    endloop
  endfacet
  facet normal 0 1 -0
    outer loop
      vertex 45.625 12 17.6
      vertex 40.525 12 17.7561
      vertex 49.425 12 17.6
    endloop
  endfacet
  facet normal 0 1 -0
    outer loop
      vertex 45.625 12 15.9
      vertex 40.525 12 17.7561
      vertex 45.625 12 17.6
    endloop
  endfacet
  facet normal 0 1 0
    outer loop
      vertex 45.625 12 15.9
      vertex 40.525 12 14.5
      vertex 40.525 12 17.7561
    endloop
  endfacet
  facet normal 0 1 0
    outer loop
      vertex 40.525 12 14.5
      vertex 45.625 12 15.9
      vertex 54.525 12 14.5
    endloop
  endfacet
  facet normal -1 0 0
    outer loop
      vertex 54.825 17.1 15.9
      vertex 54.825 20.9 17.6
      vertex 54.825 20.9 15.9
    endloop
  endfacet
  facet normal -1 -0 0
    outer loop
      vertex 54.825 20.9 17.6
      vertex 54.825 17.1 15.9
      vertex 54.825 17.1 17.6
    endloop
  endfacet
  facet normal 0 0 -1
    outer loop
      vertex 40.225 17.1 17.6
      vertex 40.525 20.9 17.6
      vertex 40.525 17.1 17.6
    endloop
  endfacet
  facet normal -0 0 -1
    outer loop
      vertex 40.525 20.9 17.6
      vertex 40.225 17.1 17.6
      vertex 40.225 20.9 17.6
    endloop
  endfacet
  facet normal 0 0 -1
    outer loop
      vertex 54.525 17.1 17.6
      vertex 54.825 20.9 17.6
      vertex 54.825 17.1 17.6
    endloop
  endfacet
  facet normal -0 0 -1
    outer loop
      vertex 54.825 20.9 17.6
      vertex 54.525 17.1 17.6
      vertex 54.525 20.9 17.6
    endloop
  endfacet
  facet normal -0 0 1
    outer loop
      vertex 54.525 20.9 15.9
      vertex 54.825 17.1 15.9
      vertex 54.825 20.9 15.9
    endloop
  endfacet
  facet normal 0 0 1
    outer loop
      vertex 54.825 17.1 15.9
      vertex 54.525 20.9 15.9
      vertex 54.525 17.1 15.9
    endloop
  endfacet
  facet normal -0 0 1
    outer loop
      vertex 40.225 20.9 15.9
      vertex 40.525 17.1 15.9
      vertex 40.525 20.9 15.9
    endloop
  endfacet
  facet normal 0 0 1
    outer loop
      vertex 40.525 17.1 15.9
      vertex 40.225 20.9 15.9
      vertex 40.225 17.1 15.9
    endloop
  endfacet
  facet normal 1 -0 0
    outer loop
      vertex 40.225 17.1 17.6
      vertex 40.225 20.9 15.9
      vertex 40.225 20.9 17.6
    endloop
  endfacet
  facet normal 1 0 0
    outer loop
      vertex 40.225 20.9 15.9
      vertex 40.225 17.1 17.6
      vertex 40.225 17.1 15.9
    endloop
  endfacet
  facet normal 0 -1 0
    outer loop
      vertex 40.225 20.9 15.9
      vertex 40.525 20.9 17.6
      vertex 40.225 20.9 17.6
    endloop
  endfacet
  facet normal 0 -1 -0
    outer loop
      vertex 40.525 20.9 17.6
      vertex 40.225 20.9 15.9
      vertex 40.525 20.9 15.9
    endloop
  endfacet
  facet normal 0 -1 0
    outer loop
      vertex 54.525 20.9 15.9
      vertex 54.825 20.9 17.6
      vertex 54.525 20.9 17.6
    endloop
  endfacet
  facet normal 0 -1 -0
    outer loop
      vertex 54.825 20.9 17.6
      vertex 54.525 20.9 15.9
      vertex 54.825 20.9 15.9
    endloop
  endfacet
  facet normal 0 1 -0
    outer loop
      vertex 40.525 17.1 15.9
      vertex 40.225 17.1 17.6
      vertex 40.525 17.1 17.6
    endloop
  endfacet
  facet normal 0 1 0
    outer loop
      vertex 40.225 17.1 17.6
      vertex 40.525 17.1 15.9
      vertex 40.225 17.1 15.9
    endloop
  endfacet
  facet normal 0 1 -0
    outer loop
      vertex 54.825 17.1 15.9
      vertex 54.525 17.1 17.6
      vertex 54.825 17.1 17.6
    endloop
  endfacet
  facet normal 0 1 0
    outer loop
      vertex 54.525 17.1 17.6
      vertex 54.825 17.1 15.9
      vertex 54.525 17.1 15.9
    endloop
  endfacet
  facet normal -1 0 0
    outer loop
      vertex 49.425 26 15.9
      vertex 49.425 26.3 17.6
      vertex 49.425 26.3 15.9
    endloop
  endfacet
  facet normal -1 -0 0
    outer loop
      vertex 49.425 26.3 17.6
      vertex 49.425 26 15.9
      vertex 49.425 26 17.6
    endloop
  endfacet
  facet normal -1 0 0
    outer loop
      vertex 49.425 11.7 15.9
      vertex 49.425 12 17.6
      vertex 49.425 12 15.9
    endloop
  endfacet
  facet normal -1 -0 0
    outer loop
      vertex 49.425 12 17.6
      vertex 49.425 11.7 15.9
      vertex 49.425 11.7 17.6
    endloop
  endfacet
  facet normal 0 0 -1
    outer loop
      vertex 45.625 26 17.6
      vertex 49.425 26.3 17.6
      vertex 49.425 26 17.6
    endloop
  endfacet
  facet normal -0 0 -1
    outer loop
      vertex 49.425 26.3 17.6
      vertex 45.625 26 17.6
      vertex 45.625 26.3 17.6
    endloop
  endfacet
  facet normal 0 0 -1
    outer loop
      vertex 45.625 11.7 17.6
      vertex 49.425 12 17.6
      vertex 49.425 11.7 17.6
    endloop
  endfacet
  facet normal -0 0 -1
    outer loop
      vertex 49.425 12 17.6
      vertex 45.625 11.7 17.6
      vertex 45.625 12 17.6
    endloop
  endfacet
  facet normal -0 0 1
    outer loop
      vertex 45.625 26.3 15.9
      vertex 49.425 26 15.9
      vertex 49.425 26.3 15.9
    endloop
  endfacet
  facet normal 0 0 1
    outer loop
      vertex 49.425 26 15.9
      vertex 45.625 26.3 15.9
      vertex 45.625 26 15.9
    endloop
  endfacet
  facet normal -0 0 1
    outer loop
      vertex 45.625 12 15.9
      vertex 49.425 11.7 15.9
      vertex 49.425 12 15.9
    endloop
  endfacet
  facet normal 0 0 1
    outer loop
      vertex 49.425 11.7 15.9
      vertex 45.625 12 15.9
      vertex 45.625 11.7 15.9
    endloop
  endfacet
  facet normal 1 -0 0
    outer loop
      vertex 45.625 26 17.6
      vertex 45.625 26.3 15.9
      vertex 45.625 26.3 17.6
    endloop
  endfacet
  facet normal 1 0 0
    outer loop
      vertex 45.625 26.3 15.9
      vertex 45.625 26 17.6
      vertex 45.625 26 15.9
    endloop
  endfacet
  facet normal 1 -0 0
    outer loop
      vertex 45.625 11.7 17.6
      vertex 45.625 12 15.9
      vertex 45.625 12 17.6
    endloop
  endfacet
  facet normal 1 0 0
    outer loop
      vertex 45.625 12 15.9
      vertex 45.625 11.7 17.6
      vertex 45.625 11.7 15.9
    endloop
  endfacet
  facet normal 0 -1 0
    outer loop
      vertex 45.625 26.3 15.9
      vertex 49.425 26.3 17.6
      vertex 45.625 26.3 17.6
    endloop
  endfacet
  facet normal 0 -1 -0
    outer loop
      vertex 49.425 26.3 17.6
      vertex 45.625 26.3 15.9
      vertex 49.425 26.3 15.9
    endloop
  endfacet
  facet normal 0 1 -0
    outer loop
      vertex 49.425 11.7 15.9
      vertex 45.625 11.7 17.6
      vertex 49.425 11.7 17.6
    endloop
  endfacet
  facet normal 0 1 0
    outer loop
      vertex 45.625 11.7 17.6
      vertex 49.425 11.7 15.9
      vertex 45.625 11.7 15.9
    endloop
  endfacet
  facet normal -1 0 0
    outer loop
      vertex 55.525 11 14.5
      vertex 55.525 18.0317 14.5
      vertex 55.525 11 13.4784
    endloop
  endfacet
  facet normal 0 0 -1
    outer loop
      vertex 55.525 11 14.5
      vertex 54.525 12 14.5
      vertex 55.525 18.0317 14.5
    endloop
  endfacet
  facet normal 0 0 -1
    outer loop
      vertex 55.525 11 14.5
      vertex 40.525 12 14.5
      vertex 54.525 12 14.5
    endloop
  endfacet
  facet normal 0 0 -1
    outer loop
      vertex 39.525 11 14.5
      vertex 40.525 12 14.5
      vertex 55.525 11 14.5
    endloop
  endfacet
  facet normal 0 0 -1
    outer loop
      vertex 39.525 18.0317 14.5
      vertex 40.525 12 14.5
      vertex 39.525 11 14.5
    endloop
  endfacet
  facet normal 0 0 -1
    outer loop
      vertex 40.525 12 14.5
      vertex 39.525 18.0317 14.5
      vertex 40.525 18.0317 14.5
    endloop
  endfacet
  facet normal -0 0 -1
    outer loop
      vertex 55.525 18.0317 14.5
      vertex 54.525 12 14.5
      vertex 54.525 18.0317 14.5
    endloop
  endfacet
  facet normal 1 0 0
    outer loop
      vertex 39.525 18.0317 14.5
      vertex 39.525 11 14.5
      vertex 39.525 11 13.4784
    endloop
  endfacet
  facet normal 0 1 -0
    outer loop
      vertex 55.525 11 13.4784
      vertex 39.525 11 14.5
      vertex 55.525 11 14.5
    endloop
  endfacet
  facet normal 0 1 0
    outer loop
      vertex 39.525 11 14.5
      vertex 55.525 11 13.4784
      vertex 39.525 11 13.4784
    endloop
  endfacet
  facet normal -0.156493 0.964157 0.21427
    outer loop
      vertex 65.4822 45.4839 18.4882
      vertex 65.1927 44.5413 22.5182
      vertex 65.4822 44.5868 22.5249
    endloop
  endfacet
  facet normal -0.156421 0.964167 0.214278
    outer loop
      vertex 65.1927 44.5413 22.5182
      vertex 65.4822 45.4839 18.4882
      vertex 65.1927 45.4384 18.4816
    endloop
  endfacet
  facet normal -0.544492 -0.818793 -0.181949
    outer loop
      vertex 66.3 82.2952 24.6141
      vertex 66.5458 81.3989 27.912
      vertex 66.3 81.5572 27.9352
    endloop
  endfacet
  facet normal -0.54457 -0.818746 -0.18193
    outer loop
      vertex 66.5458 81.3989 27.912
      vertex 66.3 82.2952 24.6141
      vertex 66.5458 82.1394 24.5795
    endloop
  endfacet
  facet normal 0.358337 0.91136 0.202527
    outer loop
      vertex 10.2348 44.6621 22.5359
      vertex 9.96114 45.6634 18.5143
      vertex 9.96114 44.7663 22.5512
    endloop
  endfacet
  facet normal 0.358563 0.911279 0.202491
    outer loop
      vertex 9.96114 45.6634 18.5143
      vertex 10.2348 44.6621 22.5359
      vertex 10.2348 45.5591 18.4991
    endloop
  endfacet
  facet normal -0.838502 -0.531925 -0.118199
    outer loop
      vertex 67.3249 81.2948 24.3918
      vertex 67.1652 80.7843 27.8221
      vertex 67.1652 81.5347 24.4451
    endloop
  endfacet
  facet normal -0.838589 -0.53179 -0.118183
    outer loop
      vertex 67.1652 80.7843 27.8221
      vertex 67.3249 81.2948 24.3918
      vertex 67.3249 80.5404 27.7864
    endloop
  endfacet
  facet normal -1 -0 0
    outer loop
      vertex 67.7 54.2055 19.7553
      vertex 67.7 48.2018 18.8831
      vertex 67.7 54.0212 20.5847
    endloop
  endfacet
  facet normal -1 0 0
    outer loop
      vertex 67.7 73.5449 24.9233
      vertex 67.7 79.9281 24.0881
      vertex 67.7 74.0222 22.7757
    endloop
  endfacet
  facet normal -1 0 0
    outer loop
      vertex 67.7 79.9281 24.0881
      vertex 67.7 73.5449 24.9233
      vertex 67.7 79.1514 27.5831
    endloop
  endfacet
  facet normal -1 0 0
    outer loop
      vertex 67.7 47.3041 22.9225
      vertex 67.7 73.5449 24.9233
      vertex 67.7 54.0212 20.5847
    endloop
  endfacet
  facet normal -1 -0 0
    outer loop
      vertex 67.7 73.5449 24.9233
      vertex 67.7 47.3041 22.9225
      vertex 67.7 79.1514 27.5831
    endloop
  endfacet
  facet normal -1 0 0
    outer loop
      vertex 67.7 47.3041 22.9225
      vertex 67.7 54.0212 20.5847
      vertex 67.7 48.2018 18.8831
    endloop
  endfacet
  facet normal 0.156421 -0.964169 -0.214269
    outer loop
      vertex 10.5178 81.8687 27.9808
      vertex 10.8073 82.6465 24.6922
      vertex 10.8073 81.9142 27.9874
    endloop
  endfacet
  facet normal 0.156601 -0.964144 -0.214248
    outer loop
      vertex 10.8073 82.6465 24.6922
      vertex 10.5178 81.8687 27.9808
      vertex 10.5178 82.6017 24.6822
    endloop
  endfacet
  facet normal 0.777222 -0.614244 -0.136495
    outer loop
      vertex 9.01919 81.0103 27.8552
      vertex 8.83475 81.5347 24.4451
      vertex 9.01919 81.7571 24.4945
    endloop
  endfacet
  facet normal 0.777193 -0.61428 -0.136499
    outer loop
      vertex 8.83475 81.5347 24.4451
      vertex 9.01919 81.0103 27.8552
      vertex 8.83475 80.7843 27.8221
    endloop
  endfacet
  facet normal 0.629344 -0.758623 -0.16857
    outer loop
      vertex 9.22643 81.2159 27.8852
      vertex 9.4542 82.1394 24.5795
      vertex 9.4542 81.3989 27.912
    endloop
  endfacet
  facet normal 0.62921 -0.758727 -0.168608
    outer loop
      vertex 9.4542 82.1394 24.5795
      vertex 9.22643 81.2159 27.8852
      vertex 9.22643 81.9594 24.5395
    endloop
  endfacet
  facet normal 0 -0.97619 -0.216918
    outer loop
      vertex 11.1 82.6614 24.6955
      vertex 64.9 81.9294 27.9897
      vertex 11.1 81.9294 27.9897
    endloop
  endfacet
  facet normal 0 -0.97619 -0.216918
    outer loop
      vertex 64.9 81.9294 27.9897
      vertex 11.1 82.6614 24.6955
      vertex 64.9 82.6614 24.6955
    endloop
  endfacet
  facet normal 1 0 0
    outer loop
      vertex 8.3 79.1514 27.5831
      vertex 8.3 72.1839 22.3672
      vertex 8.3 79.9281 24.0881
    endloop
  endfacet
  facet normal 1 -0 0
    outer loop
      vertex 8.3 47.3041 22.9225
      vertex 8.3 72.1839 22.3672
      vertex 8.3 79.1514 27.5831
    endloop
  endfacet
  facet normal 1 0 0
    outer loop
      vertex 8.3 72.1839 22.3672
      vertex 8.3 47.3041 22.9225
      vertex 8.3 48.2018 18.8831
    endloop
  endfacet
  facet normal 0.99863 0.051084 0.0113527
    outer loop
      vertex 8.3 47.3041 22.9225
      vertex 8.31534 47.9113 18.8409
      vertex 8.3 48.2018 18.8831
    endloop
  endfacet
  facet normal 0.998629 0.0510935 0.0113541
    outer loop
      vertex 8.31534 47.9113 18.8409
      vertex 8.3 47.3041 22.9225
      vertex 8.31534 47.0137 22.8801
    endloop
  endfacet
  facet normal 0.156493 0.964157 0.21427
    outer loop
      vertex 10.8073 44.5413 22.5182
      vertex 10.5178 45.4839 18.4882
      vertex 10.5178 44.5868 22.5249
    endloop
  endfacet
  facet normal 0.156421 0.964167 0.214278
    outer loop
      vertex 10.5178 45.4839 18.4882
      vertex 10.8073 44.5413 22.5182
      vertex 10.8073 45.4384 18.4816
    endloop
  endfacet
  facet normal 0.453952 -0.869807 -0.193293
    outer loop
      vertex 9.7 81.5572 27.9352
      vertex 9.96114 82.4251 24.643
      vertex 9.96114 81.6892 27.9545
    endloop
  endfacet
  facet normal 0.454041 -0.869765 -0.193275
    outer loop
      vertex 9.96114 82.4251 24.643
      vertex 9.7 81.5572 27.9352
      vertex 9.7 82.2952 24.6141
    endloop
  endfacet
  facet normal 0 0.976183 0.216948
    outer loop
      vertex 64.9 45.4232 18.4794
      vertex 11.1 44.5261 22.516
      vertex 64.9 44.5261 22.516
    endloop
  endfacet
  facet normal 0 0.976183 0.216948
    outer loop
      vertex 11.1 44.5261 22.516
      vertex 64.9 45.4232 18.4794
      vertex 11.1 45.4232 18.4794
    endloop
  endfacet
  facet normal -0.358291 0.911377 0.202531
    outer loop
      vertex 66.0389 45.6634 18.5143
      vertex 65.7652 44.6621 22.5359
      vertex 66.0389 44.7663 22.5512
    endloop
  endfacet
  facet normal -0.358517 0.911296 0.202495
    outer loop
      vertex 65.7652 44.6621 22.5359
      vertex 66.0389 45.6634 18.5143
      vertex 65.7652 45.5591 18.4991
    endloop
  endfacet
  facet normal 0.987689 -0.152705 -0.0339345
    outer loop
      vertex 8.36119 79.729 27.6677
      vertex 8.31534 80.2138 24.1516
      vertex 8.36119 80.4964 24.2144
    endloop
  endfacet
  facet normal 0.987689 -0.152705 -0.0339345
    outer loop
      vertex 8.31534 80.2138 24.1516
      vertex 8.36119 79.729 27.6677
      vertex 8.31534 79.4418 27.6256
    endloop
  endfacet
  facet normal -0.987663 -0.152868 -0.0339706
    outer loop
      vertex 67.6847 80.2138 24.1516
      vertex 67.6388 79.729 27.6677
      vertex 67.6388 80.4964 24.2144
    endloop
  endfacet
  facet normal -0.987663 -0.152868 -0.0339706
    outer loop
      vertex 67.6388 79.729 27.6677
      vertex 67.6847 80.2138 24.1516
      vertex 67.6847 79.4418 27.6256
    endloop
  endfacet
  facet normal -0.259022 0.942875 0.209512
    outer loop
      vertex 65.7652 45.5591 18.4991
      vertex 65.4822 44.5868 22.5249
      vertex 65.7652 44.6621 22.5359
    endloop
  endfacet
  facet normal -0.258641 0.942968 0.209561
    outer loop
      vertex 65.4822 44.5868 22.5249
      vertex 65.7652 45.5591 18.4991
      vertex 65.4822 45.4839 18.4882
    endloop
  endfacet
  facet normal -0.259021 -0.942873 -0.209521
    outer loop
      vertex 65.4822 82.6017 24.6822
      vertex 65.7652 81.7934 27.9698
      vertex 65.4822 81.8687 27.9808
    endloop
  endfacet
  facet normal -0.25871 -0.942948 -0.209566
    outer loop
      vertex 65.7652 81.7934 27.9698
      vertex 65.4822 82.6017 24.6822
      vertex 65.7652 82.5277 24.6658
    endloop
  endfacet
  facet normal 0.544727 0.818646 0.18191
    outer loop
      vertex 9.7 44.8983 22.5705
      vertex 9.4542 45.9538 18.5565
      vertex 9.4542 45.0567 22.5937
    endloop
  endfacet
  facet normal 0.544622 0.81871 0.181933
    outer loop
      vertex 9.4542 45.9538 18.5565
      vertex 9.7 44.8983 22.5705
      vertex 9.7 45.7954 18.5335
    endloop
  endfacet
  facet normal 0.0523266 -0.974852 -0.216621
    outer loop
      vertex 10.8073 81.9142 27.9874
      vertex 11.1 82.6614 24.6955
      vertex 11.1 81.9294 27.9897
    endloop
  endfacet
  facet normal 0.0520682 -0.974861 -0.216646
    outer loop
      vertex 11.1 82.6614 24.6955
      vertex 10.8073 81.9142 27.9874
      vertex 10.8073 82.6465 24.6922
    endloop
  endfacet
  facet normal -0.987665 0.152851 0.0339668
    outer loop
      vertex 67.6388 47.624 18.7991
      vertex 67.6847 47.0137 22.8801
      vertex 67.6847 47.9113 18.8409
    endloop
  endfacet
  facet normal -0.987663 0.152868 0.0339693
    outer loop
      vertex 67.6847 47.0137 22.8801
      vertex 67.6388 47.624 18.7991
      vertex 67.6388 46.7265 22.838
    endloop
  endfacet
  facet normal -0.0523266 -0.974852 -0.216621
    outer loop
      vertex 64.9 82.6614 24.6955
      vertex 65.1927 81.9142 27.9874
      vertex 64.9 81.9294 27.9897
    endloop
  endfacet
  facet normal -0.0520682 -0.974861 -0.216646
    outer loop
      vertex 65.1927 81.9142 27.9874
      vertex 64.9 82.6614 24.6955
      vertex 65.1927 82.6465 24.6922
    endloop
  endfacet
  facet normal 0.890981 0.443229 0.0984953
    outer loop
      vertex 8.54207 46.1742 22.7572
      vertex 8.67513 46.8125 18.6812
      vertex 8.54207 47.0716 18.7189
    endloop
  endfacet
  facet normal 0.891011 0.44317 0.098487
    outer loop
      vertex 8.67513 46.8125 18.6812
      vertex 8.54207 46.1742 22.7572
      vertex 8.67513 45.9151 22.7193
    endloop
  endfacet
  facet normal 0.259022 0.942875 0.209512
    outer loop
      vertex 10.5178 44.5868 22.5249
      vertex 10.2348 45.5591 18.4991
      vertex 10.2348 44.6621 22.5359
    endloop
  endfacet
  facet normal 0.258641 0.942968 0.209561
    outer loop
      vertex 10.2348 45.5591 18.4991
      vertex 10.5178 44.5868 22.5249
      vertex 10.5178 45.4839 18.4882
    endloop
  endfacet
  facet normal -0.933487 0.350071 0.0777965
    outer loop
      vertex 67.4579 47.0716 18.7189
      vertex 67.563 46.4456 22.7969
      vertex 67.563 47.3431 18.7583
    endloop
  endfacet
  facet normal -0.933473 0.350108 0.0778017
    outer loop
      vertex 67.563 46.4456 22.7969
      vertex 67.4579 47.0716 18.7189
      vertex 67.4579 46.1742 22.7572
    endloop
  endfacet
  facet normal -0.629294 -0.758663 -0.168579
    outer loop
      vertex 66.5458 82.1394 24.5795
      vertex 66.7736 81.2159 27.8852
      vertex 66.5458 81.3989 27.912
    endloop
  endfacet
  facet normal -0.62916 -0.758766 -0.168617
    outer loop
      vertex 66.7736 81.2159 27.8852
      vertex 66.5458 82.1394 24.5795
      vertex 66.7736 81.9594 24.5395
    endloop
  endfacet
  facet normal 0.453953 0.869808 0.193288
    outer loop
      vertex 9.96114 44.7663 22.5512
      vertex 9.7 45.7954 18.5335
      vertex 9.7 44.8983 22.5705
    endloop
  endfacet
  facet normal 0.453894 0.869837 0.193299
    outer loop
      vertex 9.7 45.7954 18.5335
      vertex 9.96114 44.7663 22.5512
      vertex 9.96114 45.6634 18.5143
    endloop
  endfacet
  facet normal -0.891064 0.44307 0.0984601
    outer loop
      vertex 67.3249 46.8125 18.6812
      vertex 67.4579 46.1742 22.7572
      vertex 67.4579 47.0716 18.7189
    endloop
  endfacet
  facet normal -0.891094 0.443011 0.0984518
    outer loop
      vertex 67.4579 46.1742 22.7572
      vertex 67.3249 46.8125 18.6812
      vertex 67.3249 45.9151 22.7193
    endloop
  endfacet
  facet normal 0.358336 -0.911356 -0.202545
    outer loop
      vertex 9.96114 81.6892 27.9545
      vertex 10.2348 82.5277 24.6658
      vertex 10.2348 81.7934 27.9698
    endloop
  endfacet
  facet normal 0.35853 -0.911288 -0.202511
    outer loop
      vertex 10.2348 82.5277 24.6658
      vertex 9.96114 81.6892 27.9545
      vertex 9.96114 82.4251 24.643
    endloop
  endfacet
  facet normal 0.965923 0.252668 0.0561464
    outer loop
      vertex 8.36119 46.7265 22.838
      vertex 8.43704 47.3431 18.7583
      vertex 8.36119 47.624 18.7991
    endloop
  endfacet
  facet normal 0.965937 0.252613 0.0561384
    outer loop
      vertex 8.43704 47.3431 18.7583
      vertex 8.36119 46.7265 22.838
      vertex 8.43704 46.4456 22.7969
    endloop
  endfacet
  facet normal -0.965983 -0.252449 -0.0561006
    outer loop
      vertex 67.6388 80.4964 24.2144
      vertex 67.563 80.0099 27.7088
      vertex 67.563 80.7728 24.2758
    endloop
  endfacet
  facet normal -0.96598 -0.252458 -0.0561018
    outer loop
      vertex 67.563 80.0099 27.7088
      vertex 67.6388 80.4964 24.2144
      vertex 67.6388 79.729 27.6677
    endloop
  endfacet
  facet normal -0.777171 0.614304 0.136514
    outer loop
      vertex 66.9808 46.3425 18.613
      vertex 67.1652 45.6712 22.6836
      vertex 67.1652 46.5685 18.6458
    endloop
  endfacet
  facet normal -0.777127 0.614358 0.136521
    outer loop
      vertex 67.1652 45.6712 22.6836
      vertex 66.9808 46.3425 18.613
      vertex 66.9808 45.4453 22.6505
    endloop
  endfacet
  facet normal 0.259021 -0.942873 -0.209521
    outer loop
      vertex 10.2348 81.7934 27.9698
      vertex 10.5178 82.6017 24.6822
      vertex 10.5178 81.8687 27.9808
    endloop
  endfacet
  facet normal 0.25871 -0.942948 -0.209566
    outer loop
      vertex 10.5178 82.6017 24.6822
      vertex 10.2348 81.7934 27.9698
      vertex 10.2348 82.5277 24.6658
    endloop
  endfacet
  facet normal -0.156421 -0.964169 -0.214269
    outer loop
      vertex 65.1927 82.6465 24.6922
      vertex 65.4822 81.8687 27.9808
      vertex 65.1927 81.9142 27.9874
    endloop
  endfacet
  facet normal -0.156601 -0.964144 -0.214248
    outer loop
      vertex 65.4822 81.8687 27.9808
      vertex 65.1927 82.6465 24.6922
      vertex 65.4822 82.6017 24.6822
    endloop
  endfacet
  facet normal -0.707257 0.690123 0.153357
    outer loop
      vertex 66.7736 46.1368 18.5831
      vertex 66.9808 45.4453 22.6505
      vertex 66.9808 46.3425 18.613
    endloop
  endfacet
  facet normal -0.707165 0.690215 0.153368
    outer loop
      vertex 66.9808 45.4453 22.6505
      vertex 66.7736 46.1368 18.5831
      vertex 66.7736 45.2397 22.6204
    endloop
  endfacet
  facet normal 0.0522526 0.97485 0.216652
    outer loop
      vertex 11.1 44.5261 22.516
      vertex 10.8073 45.4384 18.4816
      vertex 10.8073 44.5413 22.5182
    endloop
  endfacet
  facet normal 0.0522526 0.97485 0.216652
    outer loop
      vertex 10.8073 45.4384 18.4816
      vertex 11.1 44.5261 22.516
      vertex 11.1 45.4232 18.4794
    endloop
  endfacet
  facet normal -0.454008 -0.86978 -0.193287
    outer loop
      vertex 66.0389 82.4251 24.643
      vertex 66.3 81.5572 27.9352
      vertex 66.0389 81.6892 27.9545
    endloop
  endfacet
  facet normal -0.454096 -0.869738 -0.193269
    outer loop
      vertex 66.3 81.5572 27.9352
      vertex 66.0389 82.4251 24.643
      vertex 66.3 82.2952 24.6141
    endloop
  endfacet
  facet normal -0.544727 0.818646 0.18191
    outer loop
      vertex 66.5458 45.9538 18.5565
      vertex 66.3 44.8983 22.5705
      vertex 66.5458 45.0567 22.5937
    endloop
  endfacet
  facet normal -0.544622 0.81871 0.181933
    outer loop
      vertex 66.3 44.8983 22.5705
      vertex 66.5458 45.9538 18.5565
      vertex 66.3 45.7954 18.5335
    endloop
  endfacet
  facet normal 0.544492 -0.818793 -0.181949
    outer loop
      vertex 9.4542 81.3989 27.912
      vertex 9.7 82.2952 24.6141
      vertex 9.7 81.5572 27.9352
    endloop
  endfacet
  facet normal 0.54457 -0.818746 -0.18193
    outer loop
      vertex 9.7 82.2952 24.6141
      vertex 9.4542 81.3989 27.912
      vertex 9.4542 82.1394 24.5795
    endloop
  endfacet
  facet normal -0.62925 0.758699 0.168585
    outer loop
      vertex 66.7736 46.1368 18.5831
      vertex 66.5458 45.0567 22.5937
      vertex 66.7736 45.2397 22.6204
    endloop
  endfacet
  facet normal -0.629205 0.758733 0.168597
    outer loop
      vertex 66.5458 45.0567 22.5937
      vertex 66.7736 46.1368 18.5831
      vertex 66.5458 45.9538 18.5565
    endloop
  endfacet
  facet normal 0.96594 -0.252604 -0.0561351
    outer loop
      vertex 8.43704 80.0099 27.7088
      vertex 8.36119 80.4964 24.2144
      vertex 8.43704 80.7728 24.2758
    endloop
  endfacet
  facet normal 0.965937 -0.252614 -0.0561363
    outer loop
      vertex 8.36119 80.4964 24.2144
      vertex 8.43704 80.0099 27.7088
      vertex 8.36119 79.729 27.6677
    endloop
  endfacet
  facet normal -0.838622 0.531741 0.11817
    outer loop
      vertex 67.1652 46.5685 18.6458
      vertex 67.3249 45.9151 22.7193
      vertex 67.3249 46.8125 18.6812
    endloop
  endfacet
  facet normal -0.83859 0.531791 0.118177
    outer loop
      vertex 67.3249 45.9151 22.7193
      vertex 67.1652 46.5685 18.6458
      vertex 67.1652 45.6712 22.6836
    endloop
  endfacet
  facet normal -0.998636 -0.0509625 -0.011325
    outer loop
      vertex 67.7 79.9281 24.0881
      vertex 67.6847 79.4418 27.6256
      vertex 67.6847 80.2138 24.1516
    endloop
  endfacet
  facet normal -0.998637 -0.0509568 -0.0113242
    outer loop
      vertex 67.6847 79.4418 27.6256
      vertex 67.7 79.9281 24.0881
      vertex 67.7 79.1514 27.5831
    endloop
  endfacet
  facet normal 0.707114 -0.69026 -0.153394
    outer loop
      vertex 9.22643 81.2159 27.8852
      vertex 9.01919 81.7571 24.4945
      vertex 9.22643 81.9594 24.5395
    endloop
  endfacet
  facet normal 0.707059 -0.690316 -0.153399
    outer loop
      vertex 9.01919 81.7571 24.4945
      vertex 9.22643 81.2159 27.8852
      vertex 9.01919 81.0103 27.8552
    endloop
  endfacet
  facet normal 0.933576 -0.349843 -0.0777497
    outer loop
      vertex 8.54207 80.2813 27.7485
      vertex 8.43704 80.7728 24.2758
      vertex 8.54207 81.0399 24.3351
    endloop
  endfacet
  facet normal 0.933553 -0.349904 -0.0777577
    outer loop
      vertex 8.43704 80.7728 24.2758
      vertex 8.54207 80.2813 27.7485
      vertex 8.43704 80.0099 27.7088
    endloop
  endfacet
  facet normal 0.998629 -0.0510954 -0.0113545
    outer loop
      vertex 8.31534 79.4418 27.6256
      vertex 8.3 79.9281 24.0881
      vertex 8.31534 80.2138 24.1516
    endloop
  endfacet
  facet normal 0.99863 -0.0510897 -0.0113537
    outer loop
      vertex 8.3 79.9281 24.0881
      vertex 8.31534 79.4418 27.6256
      vertex 8.3 79.1514 27.5831
    endloop
  endfacet
  facet normal 0.890996 -0.443199 -0.0984944
    outer loop
      vertex 8.67513 80.5404 27.7864
      vertex 8.54207 81.0399 24.3351
      vertex 8.67513 81.2948 24.3918
    endloop
  endfacet
  facet normal 0.891011 -0.443169 -0.0984907
    outer loop
      vertex 8.54207 81.0399 24.3351
      vertex 8.67513 80.5404 27.7864
      vertex 8.54207 80.2813 27.7485
    endloop
  endfacet
  facet normal 0.838626 -0.531737 -0.118157
    outer loop
      vertex 8.83475 80.7843 27.8221
      vertex 8.67513 81.2948 24.3918
      vertex 8.83475 81.5347 24.4451
    endloop
  endfacet
  facet normal 0.838714 -0.531603 -0.118141
    outer loop
      vertex 8.67513 81.2948 24.3918
      vertex 8.83475 80.7843 27.8221
      vertex 8.67513 80.5404 27.7864
    endloop
  endfacet
  facet normal 0.6293 0.758659 0.168576
    outer loop
      vertex 9.4542 45.0567 22.5937
      vertex 9.22643 46.1368 18.5831
      vertex 9.22643 45.2397 22.6204
    endloop
  endfacet
  facet normal 0.629255 0.758694 0.168588
    outer loop
      vertex 9.22643 46.1368 18.5831
      vertex 9.4542 45.0567 22.5937
      vertex 9.4542 45.9538 18.5565
    endloop
  endfacet
  facet normal -0.965965 0.252513 0.0561118
    outer loop
      vertex 67.563 47.3431 18.7583
      vertex 67.6388 46.7265 22.838
      vertex 67.6388 47.624 18.7991
    endloop
  endfacet
  facet normal -0.96598 0.252458 0.0561038
    outer loop
      vertex 67.6388 46.7265 22.838
      vertex 67.563 47.3431 18.7583
      vertex 67.563 46.4456 22.7969
    endloop
  endfacet
  facet normal 0.987692 0.152688 0.0339307
    outer loop
      vertex 8.31534 47.0137 22.8801
      vertex 8.36119 47.624 18.7991
      vertex 8.31534 47.9113 18.8409
    endloop
  endfacet
  facet normal 0.987689 0.152705 0.0339332
    outer loop
      vertex 8.36119 47.624 18.7991
      vertex 8.31534 47.0137 22.8801
      vertex 8.36119 46.7265 22.838
    endloop
  endfacet
  facet normal 0.933567 0.349868 0.0777513
    outer loop
      vertex 8.43704 46.4456 22.7969
      vertex 8.54207 47.0716 18.7189
      vertex 8.43704 47.3431 18.7583
    endloop
  endfacet
  facet normal 0.933553 0.349905 0.0777566
    outer loop
      vertex 8.54207 47.0716 18.7189
      vertex 8.43704 46.4456 22.7969
      vertex 8.54207 46.1742 22.7572
    endloop
  endfacet
  facet normal -0.358291 -0.911374 -0.202549
    outer loop
      vertex 65.7652 82.5277 24.6658
      vertex 66.0389 81.6892 27.9545
      vertex 65.7652 81.7934 27.9698
    endloop
  endfacet
  facet normal -0.358485 -0.911305 -0.202515
    outer loop
      vertex 66.0389 81.6892 27.9545
      vertex 65.7652 82.5277 24.6658
      vertex 66.0389 82.4251 24.643
    endloop
  endfacet
  facet normal -0.0522526 0.97485 0.216652
    outer loop
      vertex 65.1927 45.4384 18.4816
      vertex 64.9 44.5261 22.516
      vertex 65.1927 44.5413 22.5182
    endloop
  endfacet
  facet normal -0.0522526 0.97485 0.216652
    outer loop
      vertex 64.9 44.5261 22.516
      vertex 65.1927 45.4384 18.4816
      vertex 64.9 45.4232 18.4794
    endloop
  endfacet
  facet normal 0.707189 0.690189 0.153372
    outer loop
      vertex 9.01919 45.4453 22.6505
      vertex 9.22643 46.1368 18.5831
      vertex 9.01919 46.3425 18.613
    endloop
  endfacet
  facet normal 0.707096 0.690281 0.153383
    outer loop
      vertex 9.22643 46.1368 18.5831
      vertex 9.01919 45.4453 22.6505
      vertex 9.22643 45.2397 22.6204
    endloop
  endfacet
  facet normal -0.454008 0.869781 0.193282
    outer loop
      vertex 66.3 45.7954 18.5335
      vertex 66.0389 44.7663 22.5512
      vertex 66.3 44.8983 22.5705
    endloop
  endfacet
  facet normal -0.453949 0.869809 0.193293
    outer loop
      vertex 66.0389 44.7663 22.5512
      vertex 66.3 45.7954 18.5335
      vertex 66.0389 45.6634 18.5143
    endloop
  endfacet
  facet normal -0.707183 -0.690194 -0.153379
    outer loop
      vertex 66.9808 81.7571 24.4945
      vertex 66.7736 81.2159 27.8852
      vertex 66.7736 81.9594 24.5395
    endloop
  endfacet
  facet normal -0.707127 -0.690249 -0.153384
    outer loop
      vertex 66.7736 81.2159 27.8852
      vertex 66.9808 81.7571 24.4945
      vertex 66.9808 81.0103 27.8552
    endloop
  endfacet
  facet normal -0.998637 0.0509511 0.0113232
    outer loop
      vertex 67.6847 47.9113 18.8409
      vertex 67.7 47.3041 22.9225
      vertex 67.7 48.2018 18.8831
    endloop
  endfacet
  facet normal -0.998636 0.0509607 0.0113246
    outer loop
      vertex 67.7 47.3041 22.9225
      vertex 67.6847 47.9113 18.8409
      vertex 67.6847 47.0137 22.8801
    endloop
  endfacet
  facet normal 0.777104 0.614384 0.136532
    outer loop
      vertex 8.83475 45.6712 22.6836
      vertex 9.01919 46.3425 18.613
      vertex 8.83475 46.5685 18.6458
    endloop
  endfacet
  facet normal 0.77706 0.614438 0.136538
    outer loop
      vertex 9.01919 46.3425 18.613
      vertex 8.83475 45.6712 22.6836
      vertex 9.01919 45.4453 22.6505
    endloop
  endfacet
  facet normal -0.933497 -0.350046 -0.0777948
    outer loop
      vertex 67.563 80.7728 24.2758
      vertex 67.4579 80.2813 27.7485
      vertex 67.4579 81.0399 24.3351
    endloop
  endfacet
  facet normal -0.933473 -0.350108 -0.0778028
    outer loop
      vertex 67.4579 80.2813 27.7485
      vertex 67.563 80.7728 24.2758
      vertex 67.563 80.0099 27.7088
    endloop
  endfacet
  facet normal -0.891079 -0.44304 -0.0984591
    outer loop
      vertex 67.4579 81.0399 24.3351
      vertex 67.3249 80.5404 27.7864
      vertex 67.3249 81.2948 24.3918
    endloop
  endfacet
  facet normal -0.891094 -0.44301 -0.0984554
    outer loop
      vertex 67.3249 80.5404 27.7864
      vertex 67.4579 81.0399 24.3351
      vertex 67.4579 80.2813 27.7485
    endloop
  endfacet
  facet normal -0.777288 -0.614164 -0.136477
    outer loop
      vertex 67.1652 81.5347 24.4451
      vertex 66.9808 81.0103 27.8552
      vertex 66.9808 81.7571 24.4945
    endloop
  endfacet
  facet normal -0.777259 -0.6142 -0.136481
    outer loop
      vertex 66.9808 81.0103 27.8552
      vertex 67.1652 81.5347 24.4451
      vertex 67.1652 80.7843 27.8221
    endloop
  endfacet
  facet normal 0.838747 0.531553 0.118129
    outer loop
      vertex 8.67513 45.9151 22.7193
      vertex 8.83475 46.5685 18.6458
      vertex 8.67513 46.8125 18.6812
    endloop
  endfacet
  facet normal 0.838714 0.531604 0.118136
    outer loop
      vertex 8.83475 46.5685 18.6458
      vertex 8.67513 45.9151 22.7193
      vertex 8.83475 45.6712 22.6836
    endloop
  endfacet
  facet normal 0 -0.216945 0.976184
    outer loop
      vertex 64.9 82.6614 24.6955
      vertex 13 81.9293 24.5328
      vertex 63 81.9293 24.5328
    endloop
  endfacet
  facet normal 0 -0.216945 0.976184
    outer loop
      vertex 11.1 82.6614 24.6955
      vertex 13 81.9293 24.5328
      vertex 64.9 82.6614 24.6955
    endloop
  endfacet
  facet normal 4.09308e-06 -0.216934 0.976186
    outer loop
      vertex 8.3 79.9281 24.0881
      vertex 13 81.9293 24.5328
      vertex 11.1 82.6614 24.6955
    endloop
  endfacet
  facet normal 3.90952e-05 -0.216969 0.976179
    outer loop
      vertex 8.3 79.9281 24.0881
      vertex 11.1 82.6614 24.6955
      vertex 10.8073 82.6465 24.6922
    endloop
  endfacet
  facet normal -0.000174103 -0.216781 0.97622
    outer loop
      vertex 8.3 79.9281 24.0881
      vertex 10.8073 82.6465 24.6922
      vertex 10.5178 82.6017 24.6822
    endloop
  endfacet
  facet normal 0.000191702 -0.21707 0.976156
    outer loop
      vertex 8.3 79.9281 24.0881
      vertex 10.5178 82.6017 24.6822
      vertex 10.2348 82.5277 24.6658
    endloop
  endfacet
  facet normal 2.16974e-06 -0.216936 0.976186
    outer loop
      vertex 8.3 79.9281 24.0881
      vertex 10.2348 82.5277 24.6658
      vertex 9.96114 82.4251 24.643
    endloop
  endfacet
  facet normal -0.00018301 -0.216819 0.976212
    outer loop
      vertex 8.3 79.9281 24.0881
      vertex 9.96114 82.4251 24.643
      vertex 9.7 82.2952 24.6141
    endloop
  endfacet
  facet normal 0.000131887 -0.216996 0.976172
    outer loop
      vertex 8.3 79.9281 24.0881
      vertex 9.7 82.2952 24.6141
      vertex 9.4542 82.1394 24.5795
    endloop
  endfacet
  facet normal -5.49379e-15 -0.21693 0.976187
    outer loop
      vertex 8.3 79.9281 24.0881
      vertex 9.4542 82.1394 24.5795
      vertex 9.22643 81.9594 24.5395
    endloop
  endfacet
  facet normal -0.000377365 -0.216766 0.976223
    outer loop
      vertex 8.3 79.9281 24.0881
      vertex 9.22643 81.9594 24.5395
      vertex 9.01919 81.7571 24.4945
    endloop
  endfacet
  facet normal 0.00016927 -0.216971 0.976178
    outer loop
      vertex 8.3 79.9281 24.0881
      vertex 9.01919 81.7571 24.4945
      vertex 8.83475 81.5347 24.4451
    endloop
  endfacet
  facet normal 9.53645e-05 -0.216948 0.976183
    outer loop
      vertex 8.3 79.9281 24.0881
      vertex 8.83475 81.5347 24.4451
      vertex 8.67513 81.2948 24.3918
    endloop
  endfacet
  facet normal -0.000891644 -0.21669 0.97624
    outer loop
      vertex 8.3 79.9281 24.0881
      vertex 8.67513 81.2948 24.3918
      vertex 8.54207 81.0399 24.3351
    endloop
  endfacet
  facet normal 0.000823403 -0.217045 0.976161
    outer loop
      vertex 8.3 79.9281 24.0881
      vertex 8.54207 81.0399 24.3351
      vertex 8.43704 80.7728 24.2758
    endloop
  endfacet
  facet normal 0.000585121 -0.217009 0.97617
    outer loop
      vertex 8.3 79.9281 24.0881
      vertex 8.43704 80.7728 24.2758
      vertex 8.36119 80.4964 24.2144
    endloop
  endfacet
  facet normal 0.000349737 -0.216985 0.976175
    outer loop
      vertex 8.3 79.9281 24.0881
      vertex 8.36119 80.4964 24.2144
      vertex 8.31534 80.2138 24.1516
    endloop
  endfacet
  facet normal 4.12185e-07 -0.216926 0.976188
    outer loop
      vertex 13 81.9293 24.5328
      vertex 8.3 79.9281 24.0881
      vertex 13 72.1839 22.3672
    endloop
  endfacet
  facet normal 0 -0.216926 0.976188
    outer loop
      vertex 13 72.1839 22.3672
      vertex 8.3 79.9281 24.0881
      vertex 8.3 72.1839 22.3672
    endloop
  endfacet
  facet normal -1.89036e-05 -0.216968 0.976179
    outer loop
      vertex 63 81.9293 24.5328
      vertex 67.7 79.9281 24.0881
      vertex 67.6847 80.2138 24.1516
    endloop
  endfacet
  facet normal -4.92345e-06 -0.216931 0.976187
    outer loop
      vertex 63 81.9293 24.5328
      vertex 67.6847 80.2138 24.1516
      vertex 67.6388 80.4964 24.2144
    endloop
  endfacet
  facet normal 2.13783e-05 -0.21685 0.976205
    outer loop
      vertex 63 81.9293 24.5328
      vertex 67.6388 80.4964 24.2144
      vertex 67.563 80.7728 24.2758
    endloop
  endfacet
  facet normal 5.7165e-05 -0.216716 0.976235
    outer loop
      vertex 63 81.9293 24.5328
      vertex 67.563 80.7728 24.2758
      vertex 67.4579 81.0399 24.3351
    endloop
  endfacet
  facet normal -3.37995e-05 -0.21715 0.976138
    outer loop
      vertex 63 81.9293 24.5328
      vertex 67.4579 81.0399 24.3351
      vertex 67.3249 81.2948 24.3918
    endloop
  endfacet
  facet normal 7.35109e-06 -0.216883 0.976198
    outer loop
      vertex 63 81.9293 24.5328
      vertex 67.3249 81.2948 24.3918
      vertex 67.1652 81.5347 24.4451
    endloop
  endfacet
  facet normal 1.28549e-05 -0.216827 0.97621
    outer loop
      vertex 63 81.9293 24.5328
      vertex 67.1652 81.5347 24.4451
      vertex 66.9808 81.7571 24.4945
    endloop
  endfacet
  facet normal -1.15417e-06 -0.217136 0.976141
    outer loop
      vertex 63 81.9293 24.5328
      vertex 66.9808 81.7571 24.4945
      vertex 66.7736 81.9594 24.5395
    endloop
  endfacet
  facet normal -2.84559e-06 -0.216934 0.976186
    outer loop
      vertex 63 81.9293 24.5328
      vertex 66.7736 81.9594 24.5395
      vertex 66.5458 82.1394 24.5795
    endloop
  endfacet
  facet normal -1.03426e-05 -0.216813 0.976213
    outer loop
      vertex 63 81.9293 24.5328
      vertex 66.5458 82.1394 24.5795
      vertex 66.3 82.2952 24.6141
    endloop
  endfacet
  facet normal 2.53996e-05 -0.217121 0.976145
    outer loop
      vertex 63 81.9293 24.5328
      vertex 66.3 82.2952 24.6141
      vertex 66.0389 82.4251 24.643
    endloop
  endfacet
  facet normal -4.97372e-06 -0.216943 0.976184
    outer loop
      vertex 63 81.9293 24.5328
      vertex 66.0389 82.4251 24.643
      vertex 65.7652 82.5277 24.6658
    endloop
  endfacet
  facet normal -7.37203e-05 -0.21664 0.976251
    outer loop
      vertex 63 81.9293 24.5328
      vertex 65.7652 82.5277 24.6658
      vertex 65.4822 82.6017 24.6822
    endloop
  endfacet
  facet normal 9.85492e-05 -0.217246 0.976117
    outer loop
      vertex 63 81.9293 24.5328
      vertex 65.4822 82.6017 24.6822
      vertex 65.1927 82.6465 24.6922
    endloop
  endfacet
  facet normal -3.33991e-05 -0.216862 0.976202
    outer loop
      vertex 63 81.9293 24.5328
      vertex 65.1927 82.6465 24.6922
      vertex 64.9 82.6614 24.6955
    endloop
  endfacet
  facet normal -5.55557e-07 -0.216927 0.976188
    outer loop
      vertex 67.7 79.9281 24.0881
      vertex 63 81.9293 24.5328
      vertex 63 74.0222 22.7757
    endloop
  endfacet
  facet normal 0 -0.216927 0.976188
    outer loop
      vertex 67.7 79.9281 24.0881
      vertex 63 74.0222 22.7757
      vertex 67.7 74.0222 22.7757
    endloop
  endfacet
  facet normal -1 0 0
    outer loop
      vertex 63 74.0526 22.6386
      vertex 63 81.9293 24.5328
      vertex 63 82.0907 23.8064
    endloop
  endfacet
  facet normal -1 0 0
    outer loop
      vertex 63 81.9293 24.5328
      vertex 63 74.0526 22.6386
      vertex 63 74.0222 22.7757
    endloop
  endfacet
  facet normal 0 0.21693 -0.976187
    outer loop
      vertex 67.7 54.0212 20.5847
      vertex 76 73.5449 24.9233
      vertex 76 54.0212 20.5847
    endloop
  endfacet
  facet normal 0 0.21693 -0.976187
    outer loop
      vertex 76 73.5449 24.9233
      vertex 67.7 54.0212 20.5847
      vertex 67.7 73.5449 24.9233
    endloop
  endfacet
  facet normal 0 -0.216931 0.976187
    outer loop
      vertex 73.8 77.0158 9.30428
      vertex 76 57.4921 4.96567
      vertex 76 77.0158 9.30428
    endloop
  endfacet
  facet normal 0 -0.216931 0.976187
    outer loop
      vertex 76 57.4921 4.96567
      vertex 73.8 77.0158 9.30428
      vertex 73.8 57.4921 4.96567
    endloop
  endfacet
  facet normal 1 0 0
    outer loop
      vertex 13 82.0907 23.8064
      vertex 13 81.9293 24.5328
      vertex 13 72.1839 22.3672
    endloop
  endfacet
  facet normal 0 -0.976193 -0.216902
    outer loop
      vertex 13 82.0907 23.8064
      vertex 63 81.9293 24.5328
      vertex 13 81.9293 24.5328
    endloop
  endfacet
  facet normal 0 -0.976193 -0.216902
    outer loop
      vertex 63 81.9293 24.5328
      vertex 13 82.0907 23.8064
      vertex 63 82.0907 23.8064
    endloop
  endfacet
  facet normal 1 0 0
    outer loop
      vertex 76 87 28
      vertex 76 77.0158 9.30428
      vertex 76 87 0
    endloop
  endfacet
  facet normal 1 0 0
    outer loop
      vertex 76 87 28
      vertex 76 73.5449 24.9233
      vertex 76 77.0158 9.30428
    endloop
  endfacet
  facet normal 1 0 0
    outer loop
      vertex 76 5 16
      vertex 76 73.5449 24.9233
      vertex 76 87 28
    endloop
  endfacet
  facet normal 1 0 0
    outer loop
      vertex 76 73.5449 24.9233
      vertex 76 5 16
      vertex 76 54.0212 20.5847
    endloop
  endfacet
  facet normal 1 -0 0
    outer loop
      vertex 76 57.4921 4.96567
      vertex 76 87 0
      vertex 76 77.0158 9.30428
    endloop
  endfacet
  facet normal 1 0 0
    outer loop
      vertex 76 5 0
      vertex 76 54.0212 20.5847
      vertex 76 5 16
    endloop
  endfacet
  facet normal 1 0 0
    outer loop
      vertex 76 57.4921 4.96567
      vertex 76 5 0
      vertex 76 87 0
    endloop
  endfacet
  facet normal 1 0 0
    outer loop
      vertex 76 54.0212 20.5847
      vertex 76 5 0
      vertex 76 57.4921 4.96567
    endloop
  endfacet
  facet normal 0 -0.976287 -0.216478
    outer loop
      vertex 63 74.0222 22.7757
      vertex 63 74.0526 22.6386
      vertex 67.7 74.0222 22.7757
    endloop
  endfacet
  facet normal -1.90391e-05 -0.976182 -0.216955
    outer loop
      vertex 71.3 74.0526 22.6386
      vertex 67.7 73.5449 24.9233
      vertex 67.7 74.0222 22.7757
    endloop
  endfacet
  facet normal -0 -0.976287 -0.216478
    outer loop
      vertex 71.3 74.0526 22.6386
      vertex 67.7 74.0222 22.7757
      vertex 63 74.0526 22.6386
    endloop
  endfacet
  facet normal 0.00161091 -0.976721 -0.214506
    outer loop
      vertex 71.334 74.0527 22.6384
      vertex 67.7 73.5449 24.9233
      vertex 71.3 74.0526 22.6386
    endloop
  endfacet
  facet normal 9.64459e-05 -0.976216 -0.216802
    outer loop
      vertex 71.5613 74.0531 22.6367
      vertex 67.7 73.5449 24.9233
      vertex 71.334 74.0527 22.6384
    endloop
  endfacet
  facet normal -0.000262119 -0.976087 -0.217379
    outer loop
      vertex 71.8198 74.0543 22.631
      vertex 67.7 73.5449 24.9233
      vertex 71.5613 74.0531 22.6367
    endloop
  endfacet
  facet normal 0 -0.976187 -0.21693
    outer loop
      vertex 67.7 73.5449 24.9233
      vertex 71.8198 74.0543 22.631
      vertex 76 73.5449 24.9233
    endloop
  endfacet
  facet normal 0.000240827 -0.976094 -0.217349
    outer loop
      vertex 72.0725 74.0565 22.6214
      vertex 76 73.5449 24.9233
      vertex 71.8198 74.0543 22.631
    endloop
  endfacet
  facet normal -0.000123356 -0.976226 -0.216757
    outer loop
      vertex 72.3168 74.0594 22.6082
      vertex 76 73.5449 24.9233
      vertex 72.0725 74.0565 22.6214
    endloop
  endfacet
  facet normal -4.26586e-05 -0.976198 -0.216879
    outer loop
      vertex 72.55 74.0631 22.5915
      vertex 76 73.5449 24.9233
      vertex 72.3168 74.0594 22.6082
    endloop
  endfacet
  facet normal 0.0001298 -0.976144 -0.217122
    outer loop
      vertex 72.7695 74.0676 22.5714
      vertex 76 73.5449 24.9233
      vertex 72.55 74.0631 22.5915
    endloop
  endfacet
  facet normal -0.00014072 -0.976223 -0.216768
    outer loop
      vertex 72.9728 74.0727 22.5483
      vertex 76 73.5449 24.9233
      vertex 72.7695 74.0676 22.5714
    endloop
  endfacet
  facet normal -1.09171e-06 -0.976185 -0.216938
    outer loop
      vertex 73.1579 74.0785 22.5222
      vertex 76 73.5449 24.9233
      vertex 72.9728 74.0727 22.5483
    endloop
  endfacet
  facet normal 0.000217307 -0.976131 -0.217184
    outer loop
      vertex 73.3225 74.0849 22.4936
      vertex 76 73.5449 24.9233
      vertex 73.1579 74.0785 22.5222
    endloop
  endfacet
  facet normal -0.000435447 -0.976283 -0.216499
    outer loop
      vertex 73.4445 74.0907 22.4672
      vertex 76 73.5449 24.9233
      vertex 73.3225 74.0849 22.4936
    endloop
  endfacet
  facet normal 2.13438e-13 -0.976187 -0.21693
    outer loop
      vertex 73.4651 74.0917 22.4627
      vertex 76 73.5449 24.9233
      vertex 73.4445 74.0907 22.4672
    endloop
  endfacet
  facet normal 0.00245906 -0.975645 -0.219343
    outer loop
      vertex 73.4823 74.0928 22.458
      vertex 76 73.5449 24.9233
      vertex 73.4651 74.0917 22.4627
    endloop
  endfacet
  facet normal -0.000337746 -0.976255 -0.216623
    outer loop
      vertex 73.5839 74.099 22.4299
      vertex 76 73.5449 24.9233
      vertex 73.4823 74.0928 22.458
    endloop
  endfacet
  facet normal 0.000425699 -0.976099 -0.217328
    outer loop
      vertex 73.6776 74.1067 22.3955
      vertex 76 73.5449 24.9233
      vertex 73.5839 74.099 22.4299
    endloop
  endfacet
  facet normal 0.00011841 -0.976159 -0.217059
    outer loop
      vertex 73.735 74.1134 22.3654
      vertex 76 73.5449 24.9233
      vertex 73.6776 74.1067 22.3955
    endloop
  endfacet
  facet normal -1.05579e-05 -0.976183 -0.21695
    outer loop
      vertex 73.7454 74.1146 22.36
      vertex 76 73.5449 24.9233
      vertex 73.735 74.1134 22.3654
    endloop
  endfacet
  facet normal 0.000133962 -0.976156 -0.217071
    outer loop
      vertex 73.7863 74.1227 22.3236
      vertex 76 73.5449 24.9233
      vertex 73.7454 74.1146 22.36
    endloop
  endfacet
  facet normal -0.00171369 -0.976487 -0.215571
    outer loop
      vertex 73.8 74.1308 22.2868
      vertex 76 73.5449 24.9233
      vertex 73.7863 74.1227 22.3236
    endloop
  endfacet
  facet normal -0 -0.976187 -0.21693
    outer loop
      vertex 76 77.0158 9.30428
      vertex 73.8 74.1308 22.2868
      vertex 73.8 77.0158 9.30428
    endloop
  endfacet
  facet normal -4.4309e-06 -0.976187 -0.216931
    outer loop
      vertex 73.8 74.1308 22.2868
      vertex 76 77.0158 9.30428
      vertex 76 73.5449 24.9233
    endloop
  endfacet
  facet normal 0 0.976195 0.216893
    outer loop
      vertex 71.5613 54.2059 19.7534
      vertex 67.7 54.0212 20.5847
      vertex 76 54.0212 20.5847
    endloop
  endfacet
  facet normal -0.000463027 0.976613 0.215002
    outer loop
      vertex 67.7 54.0212 20.5847
      vertex 71.3968 54.2057 19.7546
      vertex 71.3 54.2055 19.7553
    endloop
  endfacet
  facet normal 0.000409032 0.975791 0.218703
    outer loop
      vertex 67.7 54.0212 20.5847
      vertex 71.5613 54.2059 19.7534
      vertex 71.3968 54.2057 19.7546
    endloop
  endfacet
  facet normal -3.82533e-05 0.976152 0.217088
    outer loop
      vertex 76 54.0212 20.5847
      vertex 71.8198 54.2072 19.7476
      vertex 71.5613 54.2059 19.7534
    endloop
  endfacet
  facet normal 3.53195e-05 0.97623 0.216738
    outer loop
      vertex 76 54.0212 20.5847
      vertex 72.0725 54.2093 19.7381
      vertex 71.8198 54.2072 19.7476
    endloop
  endfacet
  facet normal -0.000214615 0.975984 0.217843
    outer loop
      vertex 76 54.0212 20.5847
      vertex 72.3168 54.2123 19.7249
      vertex 72.0725 54.2093 19.7381
    endloop
  endfacet
  facet normal 0.000108722 0.976278 0.216523
    outer loop
      vertex 76 54.0212 20.5847
      vertex 72.55 54.216 19.7081
      vertex 72.3168 54.2123 19.7249
    endloop
  endfacet
  facet normal 0.000145505 0.976308 0.216385
    outer loop
      vertex 76 54.0212 20.5847
      vertex 72.7695 54.2204 19.6881
      vertex 72.55 54.216 19.7081
    endloop
  endfacet
  facet normal -0.000155124 0.976079 0.217417
    outer loop
      vertex 76 54.0212 20.5847
      vertex 72.9728 54.2256 19.6649
      vertex 72.7695 54.2204 19.6881
    endloop
  endfacet
  facet normal -8.01412e-05 0.976131 0.217182
    outer loop
      vertex 76 54.0212 20.5847
      vertex 73.1579 54.2314 19.6389
      vertex 72.9728 54.2256 19.6649
    endloop
  endfacet
  facet normal 0.000305366 0.976376 0.216078
    outer loop
      vertex 76 54.0212 20.5847
      vertex 73.3225 54.2377 19.6102
      vertex 73.1579 54.2314 19.6389
    endloop
  endfacet
  facet normal -0.00054969 0.975878 0.218316
    outer loop
      vertex 76 54.0212 20.5847
      vertex 73.4103 54.242 19.5912
      vertex 73.3225 54.2377 19.6102
    endloop
  endfacet
  facet normal 0.000256594 0.976324 0.216314
    outer loop
      vertex 76 54.0212 20.5847
      vertex 73.4651 54.2446 19.5794
      vertex 73.4103 54.242 19.5912
    endloop
  endfacet
  facet normal 0.000278789 0.976336 0.216261
    outer loop
      vertex 76 54.0212 20.5847
      vertex 73.5109 54.2474 19.5667
      vertex 73.4651 54.2446 19.5794
    endloop
  endfacet
  facet normal -9.2135e-05 0.976144 0.217125
    outer loop
      vertex 76 54.0212 20.5847
      vertex 73.5839 54.2519 19.5465
      vertex 73.5109 54.2474 19.5667
    endloop
  endfacet
  facet normal 0.000122958 0.97625 0.216648
    outer loop
      vertex 76 54.0212 20.5847
      vertex 73.6776 54.2595 19.5122
      vertex 73.5839 54.2519 19.5465
    endloop
  endfacet
  facet normal -7.4494e-06 0.97619 0.216917
    outer loop
      vertex 76 54.0212 20.5847
      vertex 73.7188 54.2643 19.4906
      vertex 73.6776 54.2595 19.5122
    endloop
  endfacet
  facet normal 0.000186971 0.976276 0.216531
    outer loop
      vertex 76 54.0212 20.5847
      vertex 73.7454 54.2674 19.4766
      vertex 73.7188 54.2643 19.4906
    endloop
  endfacet
  facet normal -0.000106742 0.976149 0.2171
    outer loop
      vertex 76 54.0212 20.5847
      vertex 73.7863 54.2755 19.4402
      vertex 73.7454 54.2674 19.4766
    endloop
  endfacet
  facet normal -0.000267875 0.976083 0.217397
    outer loop
      vertex 76 54.0212 20.5847
      vertex 73.8 54.2837 19.4034
      vertex 73.7863 54.2755 19.4402
    endloop
  endfacet
  facet normal -5.07939e-06 0.976187 0.216931
    outer loop
      vertex 76 57.4921 4.96567
      vertex 73.8 54.2837 19.4034
      vertex 76 54.0212 20.5847
    endloop
  endfacet
  facet normal 0 0.976187 0.216931
    outer loop
      vertex 73.8 54.2837 19.4034
      vertex 76 57.4921 4.96567
      vertex 73.8 57.4921 4.96567
    endloop
  endfacet
  facet normal 0 0.97619 0.216918
    outer loop
      vertex 67.7 54.0212 20.5847
      vertex 71.3 54.2055 19.7553
      vertex 67.7 54.2055 19.7553
    endloop
  endfacet
  facet normal 0 -1 0
    outer loop
      vertex 5 0 0
      vertex 71 0 16
      vertex 5 0 16
    endloop
  endfacet
  facet normal 0 -1 -0
    outer loop
      vertex 71 0 16
      vertex 5 0 0
      vertex 71 0 0
    endloop
  endfacet
  facet normal -0.940298 -0.0492829 0.336766
    outer loop
      vertex 0 5 16
      vertex 0.0273905 86.4774 28
      vertex 0 87 28
    endloop
  endfacet
  facet normal -0.940306 -0.0492795 0.336744
    outer loop
      vertex 0.0273905 86.4774 28
      vertex 0 5 16
      vertex 0.0273905 4.47736 16
    endloop
  endfacet
  facet normal 0.987684 0.156463 0
    outer loop
      vertex 75.9726 87.5226 28
      vertex 75.8907 88.0396 0
      vertex 75.8907 88.0396 28
    endloop
  endfacet
  facet normal 0.987684 0.156463 0
    outer loop
      vertex 75.8907 88.0396 0
      vertex 75.9726 87.5226 28
      vertex 75.9726 87.5226 0
    endloop
  endfacet
  facet normal 0.891008 -0.453988 0
    outer loop
      vertex 75.3301 2.5 16
      vertex 75.5677 2.96632 0
      vertex 75.5677 2.96632 16
    endloop
  endfacet
  facet normal 0.891008 -0.453988 0
    outer loop
      vertex 75.5677 2.96632 0
      vertex 75.3301 2.5 16
      vertex 75.3301 2.5 0
    endloop
  endfacet
  facet normal 0.00759162 -0.144795 0.989433
    outer loop
      vertex 71 82 28
      vertex 71.5226 0.0273905 16
      vertex 71.5226 82.0274 28
    endloop
  endfacet
  facet normal 0.00758899 -0.144795 0.989433
    outer loop
      vertex 71.5226 0.0273905 16
      vertex 71 82 28
      vertex 71 0 16
    endloop
  endfacet
  facet normal -0.987689 -0.156433 0
    outer loop
      vertex 0.109262 3.96044 0
      vertex 0.0273905 4.47736 16
      vertex 0.0273905 4.47736 0
    endloop
  endfacet
  facet normal -0.987689 -0.156433 0
    outer loop
      vertex 0.0273905 4.47736 16
      vertex 0.109262 3.96044 0
      vertex 0.109262 3.96044 16
    endloop
  endfacet
  facet normal -0.0735783 -0.144407 0.986779
    outer loop
      vertex 2.5 0.669872 16
      vertex 2.96632 82.4323 28
      vertex 2.5 82.6699 28
    endloop
  endfacet
  facet normal -0.0735783 -0.144407 0.986779
    outer loop
      vertex 2.96632 82.4323 28
      vertex 2.5 0.669872 16
      vertex 2.96632 0.432272 16
    endloop
  endfacet
  facet normal -0.629372 0.777104 0
    outer loop
      vertex 2.06107 91.0451 0
      vertex 1.65435 90.7157 28
      vertex 2.06107 91.0451 28
    endloop
  endfacet
  facet normal -0.629372 0.777104 0
    outer loop
      vertex 1.65435 90.7157 28
      vertex 2.06107 91.0451 0
      vertex 1.65435 90.7157 0
    endloop
  endfacet
  facet normal 0.0523582 0.998628 -0
    outer loop
      vertex 71.5226 91.9726 0
      vertex 71 92 28
      vertex 71.5226 91.9726 28
    endloop
  endfacet
  facet normal 0.0523582 0.998628 0
    outer loop
      vertex 71 92 28
      vertex 71.5226 91.9726 0
      vertex 71 92 0
    endloop
  endfacet
  facet normal -0.0523361 -0.99863 0
    outer loop
      vertex 4.47736 0.0273905 0
      vertex 5 0 16
      vertex 4.47736 0.0273905 16
    endloop
  endfacet
  facet normal -0.0523361 -0.99863 -0
    outer loop
      vertex 5 0 16
      vertex 4.47736 0.0273905 0
      vertex 5 0 0
    endloop
  endfacet
  facet normal -1 0 0
    outer loop
      vertex 0 5 16
      vertex 0 87 0
      vertex 0 5 0
    endloop
  endfacet
  facet normal -1 0 0
    outer loop
      vertex 0 87 0
      vertex 0 5 16
      vertex 0 87 28
    endloop
  endfacet
  facet normal -0.838673 -0.544636 0
    outer loop
      vertex 0.954914 2.06107 0
      vertex 0.669872 2.5 16
      vertex 0.669872 2.5 0
    endloop
  endfacet
  facet normal -0.838673 -0.544636 0
    outer loop
      vertex 0.669872 2.5 16
      vertex 0.954914 2.06107 0
      vertex 0.954914 2.06107 16
    endloop
  endfacet
  facet normal -0.544579 0.838709 0
    outer loop
      vertex 2.5 91.3301 0
      vertex 2.06107 91.0451 28
      vertex 2.5 91.3301 28
    endloop
  endfacet
  facet normal -0.544579 0.838709 0
    outer loop
      vertex 2.06107 91.0451 28
      vertex 2.5 91.3301 0
      vertex 2.06107 91.0451 0
    endloop
  endfacet
  facet normal -0.0555116 -0.144576 0.987935
    outer loop
      vertex 2.96632 0.432272 16
      vertex 3.45491 82.2447 28
      vertex 2.96632 82.4323 28
    endloop
  endfacet
  facet normal -0.0554984 -0.144576 0.987936
    outer loop
      vertex 3.45491 82.2447 28
      vertex 2.96632 0.432272 16
      vertex 3.45491 0.244717 16
    endloop
  endfacet
  facet normal 0.707107 0.707107 0
    outer loop
      vertex 74.7157 90.3456 28
      vertex 74.3456 90.7157 0
      vertex 74.3456 90.7157 28
    endloop
  endfacet
  facet normal 0.707107 0.707107 0
    outer loop
      vertex 74.3456 90.7157 0
      vertex 74.7157 90.3456 28
      vertex 74.7157 90.3456 0
    endloop
  endfacet
  facet normal -0.475402 -0.12739 0.870497
    outer loop
      vertex 0.109262 3.96044 16
      vertex 0.244717 85.4549 28
      vertex 0.109262 85.9604 28
    endloop
  endfacet
  facet normal -0.475424 -0.127388 0.870485
    outer loop
      vertex 0.244717 85.4549 28
      vertex 0.109262 3.96044 16
      vertex 0.244717 3.45491 16
    endloop
  endfacet
  facet normal 0.358366 -0.933581 0
    outer loop
      vertex 72.5451 0.244717 0
      vertex 73.0337 0.432272 16
      vertex 72.5451 0.244717 16
    endloop
  endfacet
  facet normal 0.358366 -0.933581 0
    outer loop
      vertex 73.0337 0.432272 16
      vertex 72.5451 0.244717 0
      vertex 73.0337 0.432272 0
    endloop
  endfacet
  facet normal 0.933552 0.358441 0
    outer loop
      vertex 75.7553 88.5451 28
      vertex 75.5677 89.0337 0
      vertex 75.5677 89.0337 28
    endloop
  endfacet
  facet normal 0.933552 0.358441 0
    outer loop
      vertex 75.5677 89.0337 0
      vertex 75.7553 88.5451 28
      vertex 75.7553 88.5451 0
    endloop
  endfacet
  facet normal -0.453988 0.891008 0
    outer loop
      vertex 2.96632 91.5677 0
      vertex 2.5 91.3301 28
      vertex 2.96632 91.5677 28
    endloop
  endfacet
  facet normal -0.453988 0.891008 0
    outer loop
      vertex 2.5 91.3301 28
      vertex 2.96632 91.5677 0
      vertex 2.5 91.3301 0
    endloop
  endfacet
  facet normal -0.156433 -0.987689 0
    outer loop
      vertex 3.96044 0.109262 0
      vertex 4.47736 0.0273905 16
      vertex 3.96044 0.109262 16
    endloop
  endfacet
  facet normal -0.156433 -0.987689 -0
    outer loop
      vertex 4.47736 0.0273905 16
      vertex 3.96044 0.109262 0
      vertex 4.47736 0.0273905 0
    endloop
  endfacet
  facet normal 0.93355 -0.358448 0
    outer loop
      vertex 75.5677 2.96632 16
      vertex 75.7553 3.45491 0
      vertex 75.7553 3.45491 16
    endloop
  endfacet
  facet normal 0.93355 -0.358448 0
    outer loop
      vertex 75.7553 3.45491 0
      vertex 75.5677 2.96632 16
      vertex 75.5677 2.96632 0
    endloop
  endfacet
  facet normal -0.176048 -0.142538 0.974007
    outer loop
      vertex 0.954914 2.06107 16
      vertex 1.28428 83.6543 28
      vertex 0.954914 84.0611 28
    endloop
  endfacet
  facet normal -0.176015 -0.142539 0.974013
    outer loop
      vertex 1.28428 83.6543 28
      vertex 0.954914 2.06107 16
      vertex 1.28428 1.65435 16
    endloop
  endfacet
  facet normal 0.998628 0.0523582 0
    outer loop
      vertex 76 87 28
      vertex 75.9726 87.5226 0
      vertex 75.9726 87.5226 28
    endloop
  endfacet
  facet normal 0.998628 0.0523582 0
    outer loop
      vertex 75.9726 87.5226 0
      vertex 76 87 28
      vertex 76 87 0
    endloop
  endfacet
  facet normal 0.0387559 -0.14469 0.988718
    outer loop
      vertex 72.0396 82.1093 28
      vertex 72.5451 0.244717 16
      vertex 72.5451 82.2447 28
    endloop
  endfacet
  facet normal 0.0387715 -0.14469 0.988717
    outer loop
      vertex 72.5451 0.244717 16
      vertex 72.0396 82.1093 28
      vertex 72.0396 0.109262 16
    endloop
  endfacet
  facet normal -0.891008 -0.453988 0
    outer loop
      vertex 0.669872 2.5 0
      vertex 0.432272 2.96632 16
      vertex 0.432272 2.96632 0
    endloop
  endfacet
  facet normal -0.891008 -0.453988 0
    outer loop
      vertex 0.432272 2.96632 16
      vertex 0.669872 2.5 0
      vertex 0.669872 2.5 16
    endloop
  endfacet
  facet normal -0.358373 -0.933579 0
    outer loop
      vertex 2.96632 0.432272 0
      vertex 3.45491 0.244717 16
      vertex 2.96632 0.432272 16
    endloop
  endfacet
  facet normal -0.358373 -0.933579 -0
    outer loop
      vertex 3.45491 0.244717 16
      vertex 2.96632 0.432272 0
      vertex 3.45491 0.244717 0
    endloop
  endfacet
  facet normal 0 -0.144797 0.989461
    outer loop
      vertex 64.9 44.5261 22.516
      vertex 40.525 26 19.8049
      vertex 54.525 26 19.8049
    endloop
  endfacet
  facet normal 0 -0.144801 0.989461
    outer loop
      vertex 40.525 26 19.8049
      vertex 35.475 26 19.8049
      vertex 40.525 12 17.7561
    endloop
  endfacet
  facet normal 0 -0.144797 0.989461
    outer loop
      vertex 64.9 44.5261 22.516
      vertex 35.475 26 19.8049
      vertex 40.525 26 19.8049
    endloop
  endfacet
  facet normal 0 -0.144797 0.989461
    outer loop
      vertex 11.1 44.5261 22.516
      vertex 35.475 26 19.8049
      vertex 64.9 44.5261 22.516
    endloop
  endfacet
  facet normal -8.48149e-05 -0.144844 0.989455
    outer loop
      vertex 10.8073 44.5413 22.5182
      vertex 21.475 26 19.8049
      vertex 11.1 44.5261 22.516
    endloop
  endfacet
  facet normal 0 -0.144797 0.989461
    outer loop
      vertex 35.475 26 19.8049
      vertex 11.1 44.5261 22.516
      vertex 21.475 26 19.8049
    endloop
  endfacet
  facet normal -8.98372e-06 -0.1448 0.989461
    outer loop
      vertex 67.7 47.3041 22.9225
      vertex 71 82 28
      vertex 67.7 79.1514 27.5831
    endloop
  endfacet
  facet normal -2.23193e-06 -0.144807 0.98946
    outer loop
      vertex 71 82 28
      vertex 67.6847 79.4418 27.6256
      vertex 67.7 79.1514 27.5831
    endloop
  endfacet
  facet normal 0.000159611 -0.145013 0.98943
    outer loop
      vertex 71 82 28
      vertex 67.6388 79.729 27.6677
      vertex 67.6847 79.4418 27.6256
    endloop
  endfacet
  facet normal -4.40529e-06 -0.144775 0.989465
    outer loop
      vertex 71 82 28
      vertex 67.563 80.0099 27.7088
      vertex 67.6388 79.729 27.6677
    endloop
  endfacet
  facet normal -2.14103e-05 -0.144746 0.989469
    outer loop
      vertex 71 82 28
      vertex 67.4579 80.2813 27.7485
      vertex 67.563 80.0099 27.7088
    endloop
  endfacet
  facet normal -2.15097e-05 -0.144746 0.989469
    outer loop
      vertex 71 82 28
      vertex 67.3249 80.5404 27.7864
      vertex 67.4579 80.2813 27.7485
    endloop
  endfacet
  facet normal 9.3562e-06 -0.144822 0.989458
    outer loop
      vertex 71 82 28
      vertex 67.1652 80.7843 27.8221
      vertex 67.3249 80.5404 27.7864
    endloop
  endfacet
  facet normal 3.10847e-05 -0.144889 0.989448
    outer loop
      vertex 71 82 28
      vertex 66.9808 81.0103 27.8552
      vertex 67.1652 80.7843 27.8221
    endloop
  endfacet
  facet normal -7.66347e-05 -0.144461 0.98951
    outer loop
      vertex 71 82 28
      vertex 66.7736 81.2159 27.8852
      vertex 66.9808 81.0103 27.8552
    endloop
  endfacet
  facet normal 5.69526e-06 -0.144896 0.989447
    outer loop
      vertex 71 82 28
      vertex 66.5458 81.3989 27.912
      vertex 66.7736 81.2159 27.8852
    endloop
  endfacet
  facet normal 1.75415e-05 -0.144981 0.989434
    outer loop
      vertex 71 82 28
      vertex 66.3 81.5572 27.9352
      vertex 66.5458 81.3989 27.912
    endloop
  endfacet
  facet normal -1.01634e-05 -0.144694 0.989477
    outer loop
      vertex 71 82 28
      vertex 66.0389 81.6892 27.9545
      vertex 66.3 81.5572 27.9352
    endloop
  endfacet
  facet normal 2.32389e-05 -0.145216 0.9894
    outer loop
      vertex 71 82 28
      vertex 65.7652 81.7934 27.9698
      vertex 66.0389 81.6892 27.9545
    endloop
  endfacet
  facet normal -3.19158e-06 -0.14456 0.989496
    outer loop
      vertex 71 82 28
      vertex 65.4822 81.8687 27.9808
      vertex 65.7652 81.7934 27.9698
    endloop
  endfacet
  facet normal -2.40326e-05 -0.143702 0.989621
    outer loop
      vertex 71 82 28
      vertex 65.1927 81.9142 27.9874
      vertex 65.4822 81.8687 27.9808
    endloop
  endfacet
  facet normal 5.07594e-05 -0.148657 0.988889
    outer loop
      vertex 71 82 28
      vertex 64.9 81.9294 27.9897
      vertex 65.1927 81.9142 27.9874
    endloop
  endfacet
  facet normal 0 -0.144364 0.989525
    outer loop
      vertex 71 82 28
      vertex 11.1 81.9294 27.9897
      vertex 64.9 81.9294 27.9897
    endloop
  endfacet
  facet normal 8.98372e-06 -0.1448 0.989461
    outer loop
      vertex 8.3 79.1514 27.5831
      vertex 5 82 28
      vertex 8.3 47.3041 22.9225
    endloop
  endfacet
  facet normal 2.23168e-06 -0.144807 0.98946
    outer loop
      vertex 8.31534 79.4418 27.6256
      vertex 5 82 28
      vertex 8.3 79.1514 27.5831
    endloop
  endfacet
  facet normal -0.000159629 -0.145013 0.98943
    outer loop
      vertex 8.36119 79.729 27.6677
      vertex 5 82 28
      vertex 8.31534 79.4418 27.6256
    endloop
  endfacet
  facet normal 4.40485e-06 -0.144775 0.989465
    outer loop
      vertex 8.43704 80.0099 27.7088
      vertex 5 82 28
      vertex 8.36119 79.729 27.6677
    endloop
  endfacet
  facet normal 2.14127e-05 -0.144746 0.989469
    outer loop
      vertex 8.54207 80.2813 27.7485
      vertex 5 82 28
      vertex 8.43704 80.0099 27.7088
    endloop
  endfacet
  facet normal 2.15079e-05 -0.144746 0.989469
    outer loop
      vertex 8.67513 80.5404 27.7864
      vertex 5 82 28
      vertex 8.54207 80.2813 27.7485
    endloop
  endfacet
  facet normal -9.35711e-06 -0.144822 0.989458
    outer loop
      vertex 8.83475 80.7843 27.8221
      vertex 5 82 28
      vertex 8.67513 80.5404 27.7864
    endloop
  endfacet
  facet normal -3.10836e-05 -0.144889 0.989448
    outer loop
      vertex 9.01919 81.0103 27.8552
      vertex 5 82 28
      vertex 8.83475 80.7843 27.8221
    endloop
  endfacet
  facet normal 7.6632e-05 -0.144461 0.98951
    outer loop
      vertex 9.22643 81.2159 27.8852
      vertex 5 82 28
      vertex 9.01919 81.0103 27.8552
    endloop
  endfacet
  facet normal -5.69537e-06 -0.144896 0.989447
    outer loop
      vertex 9.4542 81.3989 27.912
      vertex 5 82 28
      vertex 9.22643 81.2159 27.8852
    endloop
  endfacet
  facet normal -1.75415e-05 -0.144981 0.989434
    outer loop
      vertex 9.7 81.5572 27.9352
      vertex 5 82 28
      vertex 9.4542 81.3989 27.912
    endloop
  endfacet
  facet normal 1.01632e-05 -0.144694 0.989477
    outer loop
      vertex 9.96114 81.6892 27.9545
      vertex 5 82 28
      vertex 9.7 81.5572 27.9352
    endloop
  endfacet
  facet normal -2.32392e-05 -0.145216 0.9894
    outer loop
      vertex 10.2348 81.7934 27.9698
      vertex 5 82 28
      vertex 9.96114 81.6892 27.9545
    endloop
  endfacet
  facet normal 3.19158e-06 -0.14456 0.989496
    outer loop
      vertex 10.5178 81.8687 27.9808
      vertex 5 82 28
      vertex 10.2348 81.7934 27.9698
    endloop
  endfacet
  facet normal 2.40326e-05 -0.143702 0.989621
    outer loop
      vertex 10.8073 81.9142 27.9874
      vertex 5 82 28
      vertex 10.5178 81.8687 27.9808
    endloop
  endfacet
  facet normal -5.07594e-05 -0.148657 0.988889
    outer loop
      vertex 11.1 81.9294 27.9897
      vertex 5 82 28
      vertex 10.8073 81.9142 27.9874
    endloop
  endfacet
  facet normal 0 -0.144364 0.989525
    outer loop
      vertex 5 82 28
      vertex 11.1 81.9294 27.9897
      vertex 71 82 28
    endloop
  endfacet
  facet normal -1.53575e-05 -0.144799 0.989461
    outer loop
      vertex 71 82 28
      vertex 67.7 47.3041 22.9225
      vertex 71 0 16
    endloop
  endfacet
  facet normal 0.00270606 -0.144613 0.989485
    outer loop
      vertex 67.6847 47.0137 22.8801
      vertex 71 0 16
      vertex 67.7 47.3041 22.9225
    endloop
  endfacet
  facet normal -0.0010537 -0.144873 0.98945
    outer loop
      vertex 67.6388 46.7265 22.838
      vertex 71 0 16
      vertex 67.6847 47.0137 22.8801
    endloop
  endfacet
  facet normal 7.39004e-05 -0.144793 0.989462
    outer loop
      vertex 67.563 46.4456 22.7969
      vertex 71 0 16
      vertex 67.6388 46.7265 22.838
    endloop
  endfacet
  facet normal 0.000134159 -0.144789 0.989463
    outer loop
      vertex 67.4579 46.1742 22.7572
      vertex 71 0 16
      vertex 67.563 46.4456 22.7969
    endloop
  endfacet
  facet normal 0.000110503 -0.144791 0.989462
    outer loop
      vertex 67.3249 45.9151 22.7193
      vertex 71 0 16
      vertex 67.4579 46.1742 22.7572
    endloop
  endfacet
  facet normal -3.98959e-05 -0.144803 0.989461
    outer loop
      vertex 67.1652 45.6712 22.6836
      vertex 71 0 16
      vertex 67.3249 45.9151 22.7193
    endloop
  endfacet
  facet normal -0.0002015 -0.144816 0.989459
    outer loop
      vertex 66.9808 45.4453 22.6505
      vertex 71 0 16
      vertex 67.1652 45.6712 22.6836
    endloop
  endfacet
  facet normal -5.41678e-05 -0.144803 0.98946
    outer loop
      vertex 66.7736 45.2397 22.6204
      vertex 71 0 16
      vertex 66.9808 45.4453 22.6505
    endloop
  endfacet
  facet normal 0.000324481 -0.144769 0.989465
    outer loop
      vertex 66.5458 45.0567 22.5937
      vertex 71 0 16
      vertex 66.7736 45.2397 22.6204
    endloop
  endfacet
  facet normal -7.33548e-05 -0.144807 0.98946
    outer loop
      vertex 66.3 44.8983 22.5705
      vertex 71 0 16
      vertex 66.5458 45.0567 22.5937
    endloop
  endfacet
  facet normal 9.42631e-05 -0.144856 0.989453
    outer loop
      vertex 54.525 26 19.8049
      vertex 66.3 44.8983 22.5705
      vertex 66.0389 44.7663 22.5512
    endloop
  endfacet
  facet normal -0.000241283 -0.144655 0.989482
    outer loop
      vertex 54.525 26 19.8049
      vertex 66.0389 44.7663 22.5512
      vertex 65.7652 44.6621 22.5359
    endloop
  endfacet
  facet normal 8.05844e-05 -0.144845 0.989454
    outer loop
      vertex 54.525 26 19.8049
      vertex 65.7652 44.6621 22.5359
      vertex 65.4822 44.5868 22.5249
    endloop
  endfacet
  facet normal -0.000156368 -0.144708 0.989474
    outer loop
      vertex 54.525 26 19.8049
      vertex 65.4822 44.5868 22.5249
      vertex 65.1927 44.5413 22.5182
    endloop
  endfacet
  facet normal 8.48149e-05 -0.144844 0.989455
    outer loop
      vertex 54.525 26 19.8049
      vertex 65.1927 44.5413 22.5182
      vertex 64.9 44.5261 22.516
    endloop
  endfacet
  facet normal 8.67954e-07 -0.144799 0.989461
    outer loop
      vertex 66.3 44.8983 22.5705
      vertex 54.525 26 19.8049
      vertex 71 0 16
    endloop
  endfacet
  facet normal -8.57976e-07 -0.144801 0.989461
    outer loop
      vertex 54.525 12 17.7561
      vertex 71 0 16
      vertex 54.525 26 19.8049
    endloop
  endfacet
  facet normal 0 -0.144799 0.989461
    outer loop
      vertex 40.525 12 17.7561
      vertex 71 0 16
      vertex 54.525 12 17.7561
    endloop
  endfacet
  facet normal 0 -0.144801 0.989461
    outer loop
      vertex 35.475 12 17.7561
      vertex 40.525 12 17.7561
      vertex 35.475 26 19.8049
    endloop
  endfacet
  facet normal 0 -0.144799 0.989461
    outer loop
      vertex 35.475 12 17.7561
      vertex 71 0 16
      vertex 40.525 12 17.7561
    endloop
  endfacet
  facet normal 0 -0.144799 0.989461
    outer loop
      vertex 5 0 16
      vertex 35.475 12 17.7561
      vertex 21.475 12 17.7561
    endloop
  endfacet
  facet normal 0.000156368 -0.144708 0.989474
    outer loop
      vertex 10.5178 44.5868 22.5249
      vertex 21.475 26 19.8049
      vertex 10.8073 44.5413 22.5182
    endloop
  endfacet
  facet normal -8.05844e-05 -0.144845 0.989454
    outer loop
      vertex 10.2348 44.6621 22.5359
      vertex 21.475 26 19.8049
      vertex 10.5178 44.5868 22.5249
    endloop
  endfacet
  facet normal 0.000241329 -0.144655 0.989482
    outer loop
      vertex 9.96114 44.7663 22.5512
      vertex 21.475 26 19.8049
      vertex 10.2348 44.6621 22.5359
    endloop
  endfacet
  facet normal -9.4242e-05 -0.144856 0.989453
    outer loop
      vertex 9.7 44.8983 22.5705
      vertex 21.475 26 19.8049
      vertex 9.96114 44.7663 22.5512
    endloop
  endfacet
  facet normal -8.67954e-07 -0.144799 0.989461
    outer loop
      vertex 21.475 26 19.8049
      vertex 9.7 44.8983 22.5705
      vertex 5 0 16
    endloop
  endfacet
  facet normal 7.33548e-05 -0.144807 0.98946
    outer loop
      vertex 5 0 16
      vertex 9.7 44.8983 22.5705
      vertex 9.4542 45.0567 22.5937
    endloop
  endfacet
  facet normal -0.000324521 -0.144769 0.989465
    outer loop
      vertex 5 0 16
      vertex 9.4542 45.0567 22.5937
      vertex 9.22643 45.2397 22.6204
    endloop
  endfacet
  facet normal 5.41582e-05 -0.144803 0.98946
    outer loop
      vertex 5 0 16
      vertex 9.22643 45.2397 22.6204
      vertex 9.01919 45.4453 22.6505
    endloop
  endfacet
  facet normal 0.000201461 -0.144816 0.989459
    outer loop
      vertex 5 0 16
      vertex 9.01919 45.4453 22.6505
      vertex 8.83475 45.6712 22.6836
    endloop
  endfacet
  facet normal 3.99136e-05 -0.144803 0.989461
    outer loop
      vertex 5 0 16
      vertex 8.83475 45.6712 22.6836
      vertex 8.67513 45.9151 22.7193
    endloop
  endfacet
  facet normal -0.00011046 -0.144791 0.989462
    outer loop
      vertex 5 0 16
      vertex 8.67513 45.9151 22.7193
      vertex 8.54207 46.1742 22.7572
    endloop
  endfacet
  facet normal -0.000134234 -0.144789 0.989463
    outer loop
      vertex 5 0 16
      vertex 8.54207 46.1742 22.7572
      vertex 8.43704 46.4456 22.7969
    endloop
  endfacet
  facet normal 1.53575e-05 -0.144799 0.989461
    outer loop
      vertex 5 0 16
      vertex 8.3 47.3041 22.9225
      vertex 5 82 28
    endloop
  endfacet
  facet normal 0 -0.144799 0.989461
    outer loop
      vertex 35.475 12 17.7561
      vertex 5 0 16
      vertex 71 0 16
    endloop
  endfacet
  facet normal 8.57976e-07 -0.144801 0.989461
    outer loop
      vertex 21.475 26 19.8049
      vertex 5 0 16
      vertex 21.475 12 17.7561
    endloop
  endfacet
  facet normal -7.38619e-05 -0.144793 0.989462
    outer loop
      vertex 8.36119 46.7265 22.838
      vertex 5 0 16
      vertex 8.43704 46.4456 22.7969
    endloop
  endfacet
  facet normal 0.0010545 -0.144873 0.98945
    outer loop
      vertex 8.31534 47.0137 22.8801
      vertex 5 0 16
      vertex 8.36119 46.7265 22.838
    endloop
  endfacet
  facet normal -0.00270302 -0.144613 0.989485
    outer loop
      vertex 8.3 47.3041 22.9225
      vertex 5 0 16
      vertex 8.31534 47.0137 22.8801
    endloop
  endfacet
  facet normal 0.352867 -0.135485 0.925812
    outer loop
      vertex 75.5677 84.9663 28
      vertex 75.7553 3.45491 16
      vertex 75.7553 85.4549 28
    endloop
  endfacet
  facet normal 0.352861 -0.135485 0.925815
    outer loop
      vertex 75.7553 3.45491 16
      vertex 75.5677 84.9663 28
      vertex 75.5677 2.96632 16
    endloop
  endfacet
  facet normal -0.00759104 -0.144795 0.989433
    outer loop
      vertex 4.47736 0.0273905 16
      vertex 5 82 28
      vertex 4.47736 82.0274 28
    endloop
  endfacet
  facet normal -0.00758841 -0.144795 0.989433
    outer loop
      vertex 5 82 28
      vertex 4.47736 0.0273905 16
      vertex 5 0 16
    endloop
  endfacet
  facet normal -0.777121 0.629351 0
    outer loop
      vertex 0.954914 89.9389 0
      vertex 1.28428 90.3456 28
      vertex 1.28428 90.3456 0
    endloop
  endfacet
  facet normal -0.777121 0.629351 0
    outer loop
      vertex 1.28428 90.3456 28
      vertex 0.954914 89.9389 0
      vertex 0.954914 89.9389 28
    endloop
  endfacet
  facet normal 0 1 0
    outer loop
      vertex 71 92 28
      vertex 44 92 2.1
      vertex 5 92 28
    endloop
  endfacet
  facet normal 0 1 -0
    outer loop
      vertex 71 92 0
      vertex 44 92 2.1
      vertex 71 92 28
    endloop
  endfacet
  facet normal 0 1 0
    outer loop
      vertex 44 92 2.1
      vertex 71 92 0
      vertex 44 92 0
    endloop
  endfacet
  facet normal 0 1 -0
    outer loop
      vertex 32 92 2.1
      vertex 5 92 28
      vertex 44 92 2.1
    endloop
  endfacet
  facet normal 0 1 0
    outer loop
      vertex 5 92 0
      vertex 32 92 2.1
      vertex 32 92 0
    endloop
  endfacet
  facet normal 0 1 0
    outer loop
      vertex 32 92 2.1
      vertex 5 92 0
      vertex 5 92 28
    endloop
  endfacet
  facet normal -0.838656 0.544662 0
    outer loop
      vertex 0.669872 89.5 0
      vertex 0.954914 89.9389 28
      vertex 0.954914 89.9389 0
    endloop
  endfacet
  facet normal -0.838656 0.544662 0
    outer loop
      vertex 0.954914 89.9389 28
      vertex 0.669872 89.5 0
      vertex 0.669872 89.5 28
    endloop
  endfacet
  facet normal -0.143278 -0.143305 0.979252
    outer loop
      vertex 1.28428 1.65435 16
      vertex 1.65435 83.2843 28
      vertex 1.28428 83.6543 28
    endloop
  endfacet
  facet normal -0.143305 -0.143305 0.979248
    outer loop
      vertex 1.65435 83.2843 28
      vertex 1.28428 1.65435 16
      vertex 1.65435 1.28428 16
    endloop
  endfacet
  facet normal 0.475551 -0.127378 0.870417
    outer loop
      vertex 75.7553 85.4549 28
      vertex 75.8907 3.96044 16
      vertex 75.8907 85.9604 28
    endloop
  endfacet
  facet normal 0.475573 -0.127376 0.870405
    outer loop
      vertex 75.8907 3.96044 16
      vertex 75.7553 85.4549 28
      vertex 75.7553 3.45491 16
    endloop
  endfacet
  facet normal -0.544636 -0.838673 0
    outer loop
      vertex 2.06107 0.954914 0
      vertex 2.5 0.669872 16
      vertex 2.06107 0.954914 16
    endloop
  endfacet
  facet normal -0.544636 -0.838673 -0
    outer loop
      vertex 2.5 0.669872 16
      vertex 2.06107 0.954914 0
      vertex 2.5 0.669872 0
    endloop
  endfacet
  facet normal 0.176031 -0.142538 0.97401
    outer loop
      vertex 74.7157 83.6543 28
      vertex 75.0451 2.06107 16
      vertex 75.0451 84.0611 28
    endloop
  endfacet
  facet normal 0.175997 -0.142539 0.974016
    outer loop
      vertex 75.0451 2.06107 16
      vertex 74.7157 83.6543 28
      vertex 74.7157 1.65435 16
    endloop
  endfacet
  facet normal 0.965949 0.258733 0
    outer loop
      vertex 75.8907 88.0396 28
      vertex 75.7553 88.5451 0
      vertex 75.7553 88.5451 28
    endloop
  endfacet
  facet normal 0.965949 0.258733 0
    outer loop
      vertex 75.7553 88.5451 0
      vertex 75.8907 88.0396 28
      vertex 75.8907 88.0396 0
    endloop
  endfacet
  facet normal -0.258817 -0.965926 0
    outer loop
      vertex 3.45491 0.244717 0
      vertex 3.96044 0.109262 16
      vertex 3.45491 0.244717 16
    endloop
  endfacet
  facet normal -0.258817 -0.965926 -0
    outer loop
      vertex 3.96044 0.109262 16
      vertex 3.45491 0.244717 0
      vertex 3.96044 0.109262 0
    endloop
  endfacet
  facet normal -0.0523542 0.998629 0
    outer loop
      vertex 5 92 0
      vertex 4.47736 91.9726 28
      vertex 5 92 28
    endloop
  endfacet
  facet normal -0.0523542 0.998629 0
    outer loop
      vertex 4.47736 91.9726 28
      vertex 5 92 0
      vertex 4.47736 91.9726 0
    endloop
  endfacet
  facet normal -0.99863 -0.0523361 0
    outer loop
      vertex 0.0273905 4.47736 0
      vertex 0 5 16
      vertex 0 5 0
    endloop
  endfacet
  facet normal -0.99863 -0.0523361 0
    outer loop
      vertex 0 5 16
      vertex 0.0273905 4.47736 0
      vertex 0.0273905 4.47736 16
    endloop
  endfacet
  facet normal 0.544662 -0.838656 0
    outer loop
      vertex 73.5 0.669872 0
      vertex 73.9389 0.954914 16
      vertex 73.5 0.669872 16
    endloop
  endfacet
  facet normal 0.544662 -0.838656 0
    outer loop
      vertex 73.9389 0.954914 16
      vertex 73.5 0.669872 0
      vertex 73.9389 0.954914 0
    endloop
  endfacet
  facet normal -0.352941 -0.135481 0.925785
    outer loop
      vertex 0.244717 3.45491 16
      vertex 0.432272 84.9663 28
      vertex 0.244717 85.4549 28
    endloop
  endfacet
  facet normal -0.352935 -0.135481 0.925787
    outer loop
      vertex 0.432272 84.9663 28
      vertex 0.244717 3.45491 16
      vertex 0.432272 2.96632 16
    endloop
  endfacet
  facet normal 0.777089 0.629391 0
    outer loop
      vertex 75.0451 89.9389 28
      vertex 74.7157 90.3456 0
      vertex 74.7157 90.3456 28
    endloop
  endfacet
  facet normal 0.777089 0.629391 0
    outer loop
      vertex 74.7157 90.3456 0
      vertex 75.0451 89.9389 28
      vertex 75.0451 89.9389 0
    endloop
  endfacet
  facet normal 0.838692 0.544605 0
    outer loop
      vertex 75.3301 89.5 28
      vertex 75.0451 89.9389 0
      vertex 75.0451 89.9389 28
    endloop
  endfacet
  facet normal 0.838692 0.544605 0
    outer loop
      vertex 75.0451 89.9389 0
      vertex 75.3301 89.5 28
      vertex 75.3301 89.5 0
    endloop
  endfacet
  facet normal -0.965926 -0.258817 0
    outer loop
      vertex 0.244717 3.45491 0
      vertex 0.109262 3.96044 16
      vertex 0.109262 3.96044 0
    endloop
  endfacet
  facet normal -0.965926 -0.258817 0
    outer loop
      vertex 0.109262 3.96044 16
      vertex 0.244717 3.45491 0
      vertex 0.244717 3.45491 16
    endloop
  endfacet
  facet normal -0.933579 -0.358373 0
    outer loop
      vertex 0.432272 2.96632 0
      vertex 0.244717 3.45491 16
      vertex 0.244717 3.45491 0
    endloop
  endfacet
  facet normal -0.933579 -0.358373 0
    outer loop
      vertex 0.244717 3.45491 16
      vertex 0.432272 2.96632 0
      vertex 0.432272 2.96632 16
    endloop
  endfacet
  facet normal -0.0229357 -0.144761 0.989201
    outer loop
      vertex 3.96044 0.109262 16
      vertex 4.47736 82.0274 28
      vertex 3.96044 82.1093 28
    endloop
  endfacet
  facet normal -0.0229277 -0.144761 0.989201
    outer loop
      vertex 4.47736 82.0274 28
      vertex 3.96044 0.109262 16
      vertex 4.47736 0.0273905 16
    endloop
  endfacet
  facet normal 0.217645 -0.141328 0.965742
    outer loop
      vertex 75.0451 84.0611 28
      vertex 75.3301 2.5 16
      vertex 75.3301 84.5 28
    endloop
  endfacet
  facet normal 0.217659 -0.141328 0.965739
    outer loop
      vertex 75.3301 2.5 16
      vertex 75.0451 84.0611 28
      vertex 75.0451 2.06107 16
    endloop
  endfacet
  facet normal 0.258733 0.965949 -0
    outer loop
      vertex 72.5451 91.7553 0
      vertex 72.0396 91.8907 28
      vertex 72.5451 91.7553 28
    endloop
  endfacet
  facet normal 0.258733 0.965949 0
    outer loop
      vertex 72.0396 91.8907 28
      vertex 72.5451 91.7553 0
      vertex 72.0396 91.8907 0
    endloop
  endfacet
  facet normal 0.98768 -0.156486 0
    outer loop
      vertex 75.8907 3.96044 16
      vertex 75.9726 4.47736 0
      vertex 75.9726 4.47736 16
    endloop
  endfacet
  facet normal 0.98768 -0.156486 0
    outer loop
      vertex 75.9726 4.47736 0
      vertex 75.8907 3.96044 16
      vertex 75.8907 3.96044 0
    endloop
  endfacet
  facet normal -0.0936062 -0.144163 0.985117
    outer loop
      vertex 2.06107 0.954914 16
      vertex 2.5 82.6699 28
      vertex 2.06107 82.9549 28
    endloop
  endfacet
  facet normal -0.0936198 -0.144163 0.985115
    outer loop
      vertex 2.5 82.6699 28
      vertex 2.06107 0.954914 16
      vertex 2.5 0.669872 16
    endloop
  endfacet
  facet normal 0.674677 -0.106878 0.730335
    outer loop
      vertex 75.8907 85.9604 28
      vertex 75.9726 4.47736 16
      vertex 75.9726 86.4774 28
    endloop
  endfacet
  facet normal 0.67462 -0.106886 0.730386
    outer loop
      vertex 75.9726 4.47736 16
      vertex 75.8907 85.9604 28
      vertex 75.8907 3.96044 16
    endloop
  endfacet
  facet normal 0.0735814 -0.144407 0.986779
    outer loop
      vertex 73.0337 82.4323 28
      vertex 73.5 0.669872 16
      vertex 73.5 82.6699 28
    endloop
  endfacet
  facet normal 0.0735814 -0.144407 0.986779
    outer loop
      vertex 73.5 0.669872 16
      vertex 73.0337 82.4323 28
      vertex 73.0337 0.432272 16
    endloop
  endfacet
  facet normal -0.0387536 -0.14469 0.988718
    outer loop
      vertex 3.45491 0.244717 16
      vertex 3.96044 82.1093 28
      vertex 3.45491 82.2447 28
    endloop
  endfacet
  facet normal -0.0387692 -0.14469 0.988717
    outer loop
      vertex 3.96044 82.1093 28
      vertex 3.45491 0.244717 16
      vertex 3.96044 0.109262 16
    endloop
  endfacet
  facet normal 0.94026 -0.049298 0.336869
    outer loop
      vertex 75.9726 86.4774 28
      vertex 76 5 16
      vertex 76 87 28
    endloop
  endfacet
  facet normal 0.940268 -0.0492946 0.336847
    outer loop
      vertex 76 5 16
      vertex 75.9726 86.4774 28
      vertex 75.9726 4.47736 16
    endloop
  endfacet
  facet normal -0.965923 0.258831 0
    outer loop
      vertex 0.109262 88.0396 0
      vertex 0.244717 88.5451 28
      vertex 0.244717 88.5451 0
    endloop
  endfacet
  facet normal -0.965923 0.258831 0
    outer loop
      vertex 0.244717 88.5451 28
      vertex 0.109262 88.0396 0
      vertex 0.109262 88.0396 28
    endloop
  endfacet
  facet normal -0.358448 0.93355 0
    outer loop
      vertex 3.45491 91.7553 0
      vertex 2.96632 91.5677 28
      vertex 3.45491 91.7553 28
    endloop
  endfacet
  facet normal -0.358448 0.93355 0
    outer loop
      vertex 2.96632 91.5677 28
      vertex 3.45491 91.7553 0
      vertex 2.96632 91.5677 0
    endloop
  endfacet
  facet normal 0.838709 -0.544579 0
    outer loop
      vertex 75.0451 2.06107 16
      vertex 75.3301 2.5 0
      vertex 75.3301 2.5 16
    endloop
  endfacet
  facet normal 0.838709 -0.544579 0
    outer loop
      vertex 75.3301 2.5 0
      vertex 75.0451 2.06107 16
      vertex 75.0451 2.06107 0
    endloop
  endfacet
  facet normal 0.777104 -0.629372 0
    outer loop
      vertex 74.7157 1.65435 16
      vertex 75.0451 2.06107 0
      vertex 75.0451 2.06107 16
    endloop
  endfacet
  facet normal 0.777104 -0.629372 0
    outer loop
      vertex 75.0451 2.06107 0
      vertex 74.7157 1.65435 16
      vertex 74.7157 1.65435 0
    endloop
  endfacet
  facet normal 0.258831 -0.965923 0
    outer loop
      vertex 72.0396 0.109262 0
      vertex 72.5451 0.244717 16
      vertex 72.0396 0.109262 16
    endloop
  endfacet
  facet normal 0.258831 -0.965923 0
    outer loop
      vertex 72.5451 0.244717 16
      vertex 72.0396 0.109262 0
      vertex 72.5451 0.244717 0
    endloop
  endfacet
  facet normal 0.0229322 -0.144761 0.989201
    outer loop
      vertex 71.5226 82.0274 28
      vertex 72.0396 0.109262 16
      vertex 72.0396 82.1093 28
    endloop
  endfacet
  facet normal 0.0229242 -0.144761 0.989201
    outer loop
      vertex 72.0396 0.109262 16
      vertex 71.5226 82.0274 28
      vertex 71.5226 0.0273905 16
    endloop
  endfacet
  facet normal 0.143267 -0.143306 0.979254
    outer loop
      vertex 74.3456 83.2843 28
      vertex 74.7157 1.65435 16
      vertex 74.7157 83.6543 28
    endloop
  endfacet
  facet normal 0.143293 -0.143305 0.97925
    outer loop
      vertex 74.7157 1.65435 16
      vertex 74.3456 83.2843 28
      vertex 74.3456 1.28428 16
    endloop
  endfacet
  facet normal -0.116474 -0.143814 0.982727
    outer loop
      vertex 1.65435 1.28428 16
      vertex 2.06107 82.9549 28
      vertex 1.65435 83.2843 28
    endloop
  endfacet
  facet normal -0.116462 -0.143814 0.982728
    outer loop
      vertex 2.06107 82.9549 28
      vertex 1.65435 1.28428 16
      vertex 2.06107 0.954914 16
    endloop
  endfacet
  facet normal -0.674805 -0.106861 0.730219
    outer loop
      vertex 0.0273905 4.47736 16
      vertex 0.109262 85.9604 28
      vertex 0.0273905 86.4774 28
    endloop
  endfacet
  facet normal -0.674748 -0.106869 0.73027
    outer loop
      vertex 0.109262 85.9604 28
      vertex 0.0273905 4.47736 16
      vertex 0.109262 3.96044 16
    endloop
  endfacet
  facet normal -0.217615 -0.141329 0.965748
    outer loop
      vertex 0.669872 2.5 16
      vertex 0.954914 84.0611 28
      vertex 0.669872 84.5 28
    endloop
  endfacet
  facet normal -0.217629 -0.141329 0.965745
    outer loop
      vertex 0.954914 84.0611 28
      vertex 0.669872 2.5 16
      vertex 0.954914 2.06107 16
    endloop
  endfacet
  facet normal -0.258719 0.965953 0
    outer loop
      vertex 3.96044 91.8907 0
      vertex 3.45491 91.7553 28
      vertex 3.96044 91.8907 28
    endloop
  endfacet
  facet normal -0.258719 0.965953 0
    outer loop
      vertex 3.45491 91.7553 28
      vertex 3.96044 91.8907 0
      vertex 3.45491 91.7553 0
    endloop
  endfacet
  facet normal 0.891 0.454003 0
    outer loop
      vertex 75.5677 89.0337 28
      vertex 75.3301 89.5 0
      vertex 75.3301 89.5 28
    endloop
  endfacet
  facet normal 0.891 0.454003 0
    outer loop
      vertex 75.3301 89.5 0
      vertex 75.5677 89.0337 28
      vertex 75.5677 89.0337 0
    endloop
  endfacet
  facet normal 0.965953 -0.258719 0
    outer loop
      vertex 75.7553 3.45491 16
      vertex 75.8907 3.96044 0
      vertex 75.8907 3.96044 16
    endloop
  endfacet
  facet normal 0.965953 -0.258719 0
    outer loop
      vertex 75.8907 3.96044 0
      vertex 75.7553 3.45491 16
      vertex 75.7553 3.45491 0
    endloop
  endfacet
  facet normal 0.358441 0.933552 -0
    outer loop
      vertex 73.0337 91.5677 0
      vertex 72.5451 91.7553 28
      vertex 73.0337 91.5677 28
    endloop
  endfacet
  facet normal 0.358441 0.933552 0
    outer loop
      vertex 72.5451 91.7553 28
      vertex 73.0337 91.5677 0
      vertex 72.5451 91.7553 0
    endloop
  endfacet
  facet normal 0.454003 -0.891 0
    outer loop
      vertex 73.0337 0.432272 0
      vertex 73.5 0.669872 16
      vertex 73.0337 0.432272 16
    endloop
  endfacet
  facet normal 0.454003 -0.891 0
    outer loop
      vertex 73.5 0.669872 16
      vertex 73.0337 0.432272 0
      vertex 73.5 0.669872 0
    endloop
  endfacet
  facet normal -0.891 0.454003 0
    outer loop
      vertex 0.432272 89.0337 0
      vertex 0.669872 89.5 28
      vertex 0.669872 89.5 0
    endloop
  endfacet
  facet normal -0.891 0.454003 0
    outer loop
      vertex 0.669872 89.5 28
      vertex 0.432272 89.0337 0
      vertex 0.432272 89.0337 28
    endloop
  endfacet
  facet normal 0.629351 -0.777121 0
    outer loop
      vertex 73.9389 0.954914 0
      vertex 74.3456 1.28428 16
      vertex 73.9389 0.954914 16
    endloop
  endfacet
  facet normal 0.629351 -0.777121 0
    outer loop
      vertex 74.3456 1.28428 16
      vertex 73.9389 0.954914 0
      vertex 74.3456 1.28428 0
    endloop
  endfacet
  facet normal 0.629391 0.777089 -0
    outer loop
      vertex 74.3456 90.7157 0
      vertex 73.9389 91.0451 28
      vertex 74.3456 90.7157 28
    endloop
  endfacet
  facet normal 0.629391 0.777089 0
    outer loop
      vertex 73.9389 91.0451 28
      vertex 74.3456 90.7157 0
      vertex 73.9389 91.0451 0
    endloop
  endfacet
  facet normal -0.273352 -0.139284 0.951777
    outer loop
      vertex 0.432272 2.96632 16
      vertex 0.669872 84.5 28
      vertex 0.432272 84.9663 28
    endloop
  endfacet
  facet normal -0.273362 -0.139284 0.951774
    outer loop
      vertex 0.669872 84.5 28
      vertex 0.432272 2.96632 16
      vertex 0.669872 2.5 16
    endloop
  endfacet
  facet normal 0.116479 -0.143814 0.982726
    outer loop
      vertex 73.9389 82.9549 28
      vertex 74.3456 1.28428 16
      vertex 74.3456 83.2843 28
    endloop
  endfacet
  facet normal 0.116468 -0.143814 0.982727
    outer loop
      vertex 74.3456 1.28428 16
      vertex 73.9389 82.9549 28
      vertex 73.9389 0.954914 16
    endloop
  endfacet
  facet normal 0.454003 0.891 -0
    outer loop
      vertex 73.5 91.3301 0
      vertex 73.0337 91.5677 28
      vertex 73.5 91.3301 28
    endloop
  endfacet
  facet normal 0.454003 0.891 0
    outer loop
      vertex 73.0337 91.5677 28
      vertex 73.5 91.3301 0
      vertex 73.0337 91.5677 0
    endloop
  endfacet
  facet normal -0.707135 0.707078 0
    outer loop
      vertex 1.28428 90.3456 0
      vertex 1.65435 90.7157 28
      vertex 1.65435 90.7157 0
    endloop
  endfacet
  facet normal -0.707135 0.707078 0
    outer loop
      vertex 1.65435 90.7157 28
      vertex 1.28428 90.3456 0
      vertex 1.28428 90.3456 28
    endloop
  endfacet
  facet normal -0.707107 -0.707107 0
    outer loop
      vertex 1.65435 1.28428 0
      vertex 1.28428 1.65435 16
      vertex 1.28428 1.65435 0
    endloop
  endfacet
  facet normal -0.707107 -0.707107 0
    outer loop
      vertex 1.28428 1.65435 16
      vertex 1.65435 1.28428 0
      vertex 1.65435 1.28428 16
    endloop
  endfacet
  facet normal -0.453988 -0.891008 0
    outer loop
      vertex 2.5 0.669872 0
      vertex 2.96632 0.432272 16
      vertex 2.5 0.669872 16
    endloop
  endfacet
  facet normal -0.453988 -0.891008 -0
    outer loop
      vertex 2.96632 0.432272 16
      vertex 2.5 0.669872 0
      vertex 2.96632 0.432272 0
    endloop
  endfacet
  facet normal -0.998629 0.0523401 0
    outer loop
      vertex 0 87 0
      vertex 0.0273905 87.5226 28
      vertex 0.0273905 87.5226 0
    endloop
  endfacet
  facet normal -0.998629 0.0523401 0
    outer loop
      vertex 0.0273905 87.5226 28
      vertex 0 87 0
      vertex 0 87 28
    endloop
  endfacet
  facet normal -0.156486 0.98768 0
    outer loop
      vertex 4.47736 91.9726 0
      vertex 3.96044 91.8907 28
      vertex 4.47736 91.9726 28
    endloop
  endfacet
  facet normal -0.156486 0.98768 0
    outer loop
      vertex 3.96044 91.8907 28
      vertex 4.47736 91.9726 0
      vertex 3.96044 91.8907 0
    endloop
  endfacet
  facet normal 0.707078 -0.707135 0
    outer loop
      vertex 74.3456 1.28428 16
      vertex 74.7157 1.65435 0
      vertex 74.7157 1.65435 16
    endloop
  endfacet
  facet normal 0.707078 -0.707135 0
    outer loop
      vertex 74.7157 1.65435 0
      vertex 74.3456 1.28428 16
      vertex 74.3456 1.28428 0
    endloop
  endfacet
  facet normal 0.0936126 -0.144163 0.985116
    outer loop
      vertex 73.5 82.6699 28
      vertex 73.9389 0.954914 16
      vertex 73.9389 82.9549 28
    endloop
  endfacet
  facet normal 0.0936262 -0.144163 0.985115
    outer loop
      vertex 73.9389 0.954914 16
      vertex 73.5 82.6699 28
      vertex 73.5 0.669872 16
    endloop
  endfacet
  facet normal -0.933581 0.358366 0
    outer loop
      vertex 0.244717 88.5451 0
      vertex 0.432272 89.0337 28
      vertex 0.432272 89.0337 0
    endloop
  endfacet
  facet normal -0.933581 0.358366 0
    outer loop
      vertex 0.432272 89.0337 28
      vertex 0.244717 88.5451 0
      vertex 0.244717 88.5451 28
    endloop
  endfacet
  facet normal 0.15641 -0.987692 0
    outer loop
      vertex 71.5226 0.0273905 0
      vertex 72.0396 0.109262 16
      vertex 71.5226 0.0273905 16
    endloop
  endfacet
  facet normal 0.15641 -0.987692 0
    outer loop
      vertex 72.0396 0.109262 16
      vertex 71.5226 0.0273905 0
      vertex 72.0396 0.109262 0
    endloop
  endfacet
  facet normal 0.998629 -0.0523542 0
    outer loop
      vertex 75.9726 4.47736 16
      vertex 76 5 0
      vertex 76 5 16
    endloop
  endfacet
  facet normal 0.998629 -0.0523542 0
    outer loop
      vertex 76 5 0
      vertex 75.9726 4.47736 16
      vertex 75.9726 4.47736 0
    endloop
  endfacet
  facet normal 0.273352 -0.139284 0.951777
    outer loop
      vertex 75.3301 84.5 28
      vertex 75.5677 2.96632 16
      vertex 75.5677 84.9663 28
    endloop
  endfacet
  facet normal 0.273362 -0.139284 0.951774
    outer loop
      vertex 75.5677 2.96632 16
      vertex 75.3301 84.5 28
      vertex 75.3301 2.5 16
    endloop
  endfacet
  facet normal 0.544605 0.838692 -0
    outer loop
      vertex 73.9389 91.0451 0
      vertex 73.5 91.3301 28
      vertex 73.9389 91.0451 28
    endloop
  endfacet
  facet normal 0.544605 0.838692 0
    outer loop
      vertex 73.5 91.3301 28
      vertex 73.9389 91.0451 0
      vertex 73.5 91.3301 0
    endloop
  endfacet
  facet normal 0.156463 0.987684 -0
    outer loop
      vertex 72.0396 91.8907 0
      vertex 71.5226 91.9726 28
      vertex 72.0396 91.8907 28
    endloop
  endfacet
  facet normal 0.156463 0.987684 0
    outer loop
      vertex 71.5226 91.9726 28
      vertex 72.0396 91.8907 0
      vertex 71.5226 91.9726 0
    endloop
  endfacet
  facet normal -0.629333 -0.777136 0
    outer loop
      vertex 1.65435 1.28428 0
      vertex 2.06107 0.954914 16
      vertex 1.65435 1.28428 16
    endloop
  endfacet
  facet normal -0.629333 -0.777136 -0
    outer loop
      vertex 2.06107 0.954914 16
      vertex 1.65435 1.28428 0
      vertex 2.06107 0.954914 0
    endloop
  endfacet
  facet normal -0.777136 -0.629333 0
    outer loop
      vertex 1.28428 1.65435 0
      vertex 0.954914 2.06107 16
      vertex 0.954914 2.06107 0
    endloop
  endfacet
  facet normal -0.777136 -0.629333 0
    outer loop
      vertex 0.954914 2.06107 16
      vertex 1.28428 1.65435 0
      vertex 1.28428 1.65435 16
    endloop
  endfacet
  facet normal -0.987692 0.15641 0
    outer loop
      vertex 0.0273905 87.5226 0
      vertex 0.109262 88.0396 28
      vertex 0.109262 88.0396 0
    endloop
  endfacet
  facet normal -0.987692 0.15641 0
    outer loop
      vertex 0.109262 88.0396 28
      vertex 0.0273905 87.5226 0
      vertex 0.0273905 87.5226 28
    endloop
  endfacet
  facet normal 0.0555105 -0.144576 0.987935
    outer loop
      vertex 72.5451 82.2447 28
      vertex 73.0337 0.432272 16
      vertex 73.0337 82.4323 28
    endloop
  endfacet
  facet normal 0.0554973 -0.144576 0.987936
    outer loop
      vertex 73.0337 0.432272 16
      vertex 72.5451 82.2447 28
      vertex 72.5451 0.244717 16
    endloop
  endfacet
  facet normal 0.0523401 -0.998629 0
    outer loop
      vertex 71 0 0
      vertex 71.5226 0.0273905 16
      vertex 71 0 16
    endloop
  endfacet
  facet normal 0.0523401 -0.998629 0
    outer loop
      vertex 71.5226 0.0273905 16
      vertex 71 0 0
      vertex 71.5226 0.0273905 0
    endloop
  endfacet
  facet normal 0 0 1
    outer loop
      vertex 75.9726 87.5226 28
      vertex 75.9726 86.4774 28
      vertex 76 87 28
    endloop
  endfacet
  facet normal 0 0 1
    outer loop
      vertex 75.8907 88.0396 28
      vertex 75.9726 86.4774 28
      vertex 75.9726 87.5226 28
    endloop
  endfacet
  facet normal 0 0 1
    outer loop
      vertex 75.8907 88.0396 28
      vertex 75.8907 85.9604 28
      vertex 75.9726 86.4774 28
    endloop
  endfacet
  facet normal 0 0 1
    outer loop
      vertex 75.7553 88.5451 28
      vertex 75.8907 85.9604 28
      vertex 75.8907 88.0396 28
    endloop
  endfacet
  facet normal 0 0 1
    outer loop
      vertex 75.7553 88.5451 28
      vertex 75.7553 85.4549 28
      vertex 75.8907 85.9604 28
    endloop
  endfacet
  facet normal 0 0 1
    outer loop
      vertex 75.5677 89.0337 28
      vertex 75.7553 85.4549 28
      vertex 75.7553 88.5451 28
    endloop
  endfacet
  facet normal 0 0 1
    outer loop
      vertex 75.5677 89.0337 28
      vertex 75.5677 84.9663 28
      vertex 75.7553 85.4549 28
    endloop
  endfacet
  facet normal 0 0 1
    outer loop
      vertex 75.3301 89.5 28
      vertex 75.5677 84.9663 28
      vertex 75.5677 89.0337 28
    endloop
  endfacet
  facet normal 0 0 1
    outer loop
      vertex 75.3301 89.5 28
      vertex 75.3301 84.5 28
      vertex 75.5677 84.9663 28
    endloop
  endfacet
  facet normal 0 0 1
    outer loop
      vertex 75.0451 89.9389 28
      vertex 75.3301 84.5 28
      vertex 75.3301 89.5 28
    endloop
  endfacet
  facet normal 0 0 1
    outer loop
      vertex 75.0451 89.9389 28
      vertex 75.0451 84.0611 28
      vertex 75.3301 84.5 28
    endloop
  endfacet
  facet normal 0 0 1
    outer loop
      vertex 74.7157 90.3456 28
      vertex 75.0451 84.0611 28
      vertex 75.0451 89.9389 28
    endloop
  endfacet
  facet normal 0 0 1
    outer loop
      vertex 74.7157 90.3456 28
      vertex 74.7157 83.6543 28
      vertex 75.0451 84.0611 28
    endloop
  endfacet
  facet normal 0 0 1
    outer loop
      vertex 74.3456 90.7157 28
      vertex 74.7157 83.6543 28
      vertex 74.7157 90.3456 28
    endloop
  endfacet
  facet normal 0 0 1
    outer loop
      vertex 74.3456 90.7157 28
      vertex 74.3456 83.2843 28
      vertex 74.7157 83.6543 28
    endloop
  endfacet
  facet normal 0 0 1
    outer loop
      vertex 73.9389 91.0451 28
      vertex 74.3456 83.2843 28
      vertex 74.3456 90.7157 28
    endloop
  endfacet
  facet normal 0 0 1
    outer loop
      vertex 73.9389 91.0451 28
      vertex 73.9389 82.9549 28
      vertex 74.3456 83.2843 28
    endloop
  endfacet
  facet normal 0 0 1
    outer loop
      vertex 73.5 91.3301 28
      vertex 73.9389 82.9549 28
      vertex 73.9389 91.0451 28
    endloop
  endfacet
  facet normal 0 0 1
    outer loop
      vertex 73.5 91.3301 28
      vertex 73.5 82.6699 28
      vertex 73.9389 82.9549 28
    endloop
  endfacet
  facet normal 0 0 1
    outer loop
      vertex 73.0337 91.5677 28
      vertex 73.5 82.6699 28
      vertex 73.5 91.3301 28
    endloop
  endfacet
  facet normal 0 0 1
    outer loop
      vertex 73.0337 91.5677 28
      vertex 73.0337 82.4323 28
      vertex 73.5 82.6699 28
    endloop
  endfacet
  facet normal 0 0 1
    outer loop
      vertex 72.5451 91.7553 28
      vertex 73.0337 82.4323 28
      vertex 73.0337 91.5677 28
    endloop
  endfacet
  facet normal 0 0 1
    outer loop
      vertex 72.5451 91.7553 28
      vertex 72.5451 82.2447 28
      vertex 73.0337 82.4323 28
    endloop
  endfacet
  facet normal 0 0 1
    outer loop
      vertex 72.0396 91.8907 28
      vertex 72.5451 82.2447 28
      vertex 72.5451 91.7553 28
    endloop
  endfacet
  facet normal 0 0 1
    outer loop
      vertex 72.0396 91.8907 28
      vertex 72.0396 82.1093 28
      vertex 72.5451 82.2447 28
    endloop
  endfacet
  facet normal 0 0 1
    outer loop
      vertex 71.5226 91.9726 28
      vertex 72.0396 82.1093 28
      vertex 72.0396 91.8907 28
    endloop
  endfacet
  facet normal 0 0 1
    outer loop
      vertex 71.5226 91.9726 28
      vertex 71.5226 82.0274 28
      vertex 72.0396 82.1093 28
    endloop
  endfacet
  facet normal 0 0 1
    outer loop
      vertex 71 92 28
      vertex 71.5226 82.0274 28
      vertex 71.5226 91.9726 28
    endloop
  endfacet
  facet normal 0 0 1
    outer loop
      vertex 71 92 28
      vertex 71 82 28
      vertex 71.5226 82.0274 28
    endloop
  endfacet
  facet normal -0 0 1
    outer loop
      vertex 5 92 28
      vertex 71 82 28
      vertex 71 92 28
    endloop
  endfacet
  facet normal 0 0 1
    outer loop
      vertex 5 92 28
      vertex 5 82 28
      vertex 71 82 28
    endloop
  endfacet
  facet normal -0 0 1
    outer loop
      vertex 4.47736 91.9726 28
      vertex 5 82 28
      vertex 5 92 28
    endloop
  endfacet
  facet normal 0 0 1
    outer loop
      vertex 4.47736 91.9726 28
      vertex 4.47736 82.0274 28
      vertex 5 82 28
    endloop
  endfacet
  facet normal -0 0 1
    outer loop
      vertex 3.96044 91.8907 28
      vertex 4.47736 82.0274 28
      vertex 4.47736 91.9726 28
    endloop
  endfacet
  facet normal 0 0 1
    outer loop
      vertex 3.96044 91.8907 28
      vertex 3.96044 82.1093 28
      vertex 4.47736 82.0274 28
    endloop
  endfacet
  facet normal -0 0 1
    outer loop
      vertex 3.45491 91.7553 28
      vertex 3.96044 82.1093 28
      vertex 3.96044 91.8907 28
    endloop
  endfacet
  facet normal 0 0 1
    outer loop
      vertex 3.45491 91.7553 28
      vertex 3.45491 82.2447 28
      vertex 3.96044 82.1093 28
    endloop
  endfacet
  facet normal -0 0 1
    outer loop
      vertex 2.96632 91.5677 28
      vertex 3.45491 82.2447 28
      vertex 3.45491 91.7553 28
    endloop
  endfacet
  facet normal 0 0 1
    outer loop
      vertex 2.96632 91.5677 28
      vertex 2.96632 82.4323 28
      vertex 3.45491 82.2447 28
    endloop
  endfacet
  facet normal -0 0 1
    outer loop
      vertex 2.5 91.3301 28
      vertex 2.96632 82.4323 28
      vertex 2.96632 91.5677 28
    endloop
  endfacet
  facet normal 0 0 1
    outer loop
      vertex 2.5 91.3301 28
      vertex 2.5 82.6699 28
      vertex 2.96632 82.4323 28
    endloop
  endfacet
  facet normal -0 0 1
    outer loop
      vertex 2.06107 91.0451 28
      vertex 2.5 82.6699 28
      vertex 2.5 91.3301 28
    endloop
  endfacet
  facet normal 0 0 1
    outer loop
      vertex 2.06107 91.0451 28
      vertex 2.06107 82.9549 28
      vertex 2.5 82.6699 28
    endloop
  endfacet
  facet normal -0 0 1
    outer loop
      vertex 1.65435 90.7157 28
      vertex 2.06107 82.9549 28
      vertex 2.06107 91.0451 28
    endloop
  endfacet
  facet normal 0 0 1
    outer loop
      vertex 1.65435 90.7157 28
      vertex 1.65435 83.2843 28
      vertex 2.06107 82.9549 28
    endloop
  endfacet
  facet normal -0 0 1
    outer loop
      vertex 1.28428 90.3456 28
      vertex 1.65435 83.2843 28
      vertex 1.65435 90.7157 28
    endloop
  endfacet
  facet normal 0 0 1
    outer loop
      vertex 1.28428 90.3456 28
      vertex 1.28428 83.6543 28
      vertex 1.65435 83.2843 28
    endloop
  endfacet
  facet normal -0 0 1
    outer loop
      vertex 0.954914 89.9389 28
      vertex 1.28428 83.6543 28
      vertex 1.28428 90.3456 28
    endloop
  endfacet
  facet normal 0 0 1
    outer loop
      vertex 0.954914 89.9389 28
      vertex 0.954914 84.0611 28
      vertex 1.28428 83.6543 28
    endloop
  endfacet
  facet normal -0 0 1
    outer loop
      vertex 0.669872 89.5 28
      vertex 0.954914 84.0611 28
      vertex 0.954914 89.9389 28
    endloop
  endfacet
  facet normal 0 0 1
    outer loop
      vertex 0.669872 89.5 28
      vertex 0.669872 84.5 28
      vertex 0.954914 84.0611 28
    endloop
  endfacet
  facet normal -0 0 1
    outer loop
      vertex 0.432272 89.0337 28
      vertex 0.669872 84.5 28
      vertex 0.669872 89.5 28
    endloop
  endfacet
  facet normal 0 0 1
    outer loop
      vertex 0.432272 89.0337 28
      vertex 0.432272 84.9663 28
      vertex 0.669872 84.5 28
    endloop
  endfacet
  facet normal -0 0 1
    outer loop
      vertex 0.244717 88.5451 28
      vertex 0.432272 84.9663 28
      vertex 0.432272 89.0337 28
    endloop
  endfacet
  facet normal 0 0 1
    outer loop
      vertex 0.244717 88.5451 28
      vertex 0.244717 85.4549 28
      vertex 0.432272 84.9663 28
    endloop
  endfacet
  facet normal -0 0 1
    outer loop
      vertex 0.109262 88.0396 28
      vertex 0.244717 85.4549 28
      vertex 0.244717 88.5451 28
    endloop
  endfacet
  facet normal 0 0 1
    outer loop
      vertex 0.109262 88.0396 28
      vertex 0.109262 85.9604 28
      vertex 0.244717 85.4549 28
    endloop
  endfacet
  facet normal -0 0 1
    outer loop
      vertex 0.0273905 87.5226 28
      vertex 0.109262 85.9604 28
      vertex 0.109262 88.0396 28
    endloop
  endfacet
  facet normal 0 0 1
    outer loop
      vertex 0.0273905 87.5226 28
      vertex 0.0273905 86.4774 28
      vertex 0.109262 85.9604 28
    endloop
  endfacet
  facet normal 0 -0 1
    outer loop
      vertex 0.0273905 86.4774 28
      vertex 0.0273905 87.5226 28
      vertex 0 87 28
    endloop
  endfacet
  facet normal 0 0 -1
    outer loop
      vertex 73.8 4.7 0
      vertex 76 5 0
      vertex 75.9726 4.47736 0
    endloop
  endfacet
  facet normal -0 0 -1
    outer loop
      vertex 76 5 0
      vertex 73.8 4.7 0
      vertex 76 87 0
    endloop
  endfacet
  facet normal 0 0 -1
    outer loop
      vertex 73.7863 4.43868 0
      vertex 75.9726 4.47736 0
      vertex 75.8907 3.96044 0
    endloop
  endfacet
  facet normal 0 0 -1
    outer loop
      vertex 73.8 87.3 0
      vertex 76 87 0
      vertex 73.8 4.7 0
    endloop
  endfacet
  facet normal 0 0 -1
    outer loop
      vertex 73.7454 4.18022 0
      vertex 75.8907 3.96044 0
      vertex 75.7553 3.45491 0
    endloop
  endfacet
  facet normal 0 0 -1
    outer loop
      vertex 76 87 0
      vertex 73.8 87.3 0
      vertex 75.9726 87.5226 0
    endloop
  endfacet
  facet normal 0 0 -1
    outer loop
      vertex 73.6776 3.92746 0
      vertex 75.7553 3.45491 0
      vertex 75.5677 2.96632 0
    endloop
  endfacet
  facet normal 0 0 -1
    outer loop
      vertex 73.7863 87.5613 0
      vertex 75.9726 87.5226 0
      vertex 73.8 87.3 0
    endloop
  endfacet
  facet normal 0 0 -1
    outer loop
      vertex 73.5839 3.68316 0
      vertex 75.5677 2.96632 0
      vertex 75.3301 2.5 0
    endloop
  endfacet
  facet normal 0 0 -1
    outer loop
      vertex 75.9726 87.5226 0
      vertex 73.7863 87.5613 0
      vertex 75.8907 88.0396 0
    endloop
  endfacet
  facet normal 0 0 -1
    outer loop
      vertex 73.4651 3.45 0
      vertex 75.3301 2.5 0
      vertex 75.0451 2.06107 0
    endloop
  endfacet
  facet normal 0 0 -1
    outer loop
      vertex 73.7454 87.8198 0
      vertex 75.8907 88.0396 0
      vertex 73.7863 87.5613 0
    endloop
  endfacet
  facet normal 0 0 -1
    outer loop
      vertex 73.3225 3.23054 0
      vertex 75.0451 2.06107 0
      vertex 74.7157 1.65435 0
    endloop
  endfacet
  facet normal -0 0 -1
    outer loop
      vertex 75.8907 88.0396 0
      vertex 73.7454 87.8198 0
      vertex 75.7553 88.5451 0
    endloop
  endfacet
  facet normal 0 0 -1
    outer loop
      vertex 73.1579 3.02717 0
      vertex 74.7157 1.65435 0
      vertex 74.3456 1.28428 0
    endloop
  endfacet
  facet normal 0 0 -1
    outer loop
      vertex 73.6776 88.0725 0
      vertex 75.7553 88.5451 0
      vertex 73.7454 87.8198 0
    endloop
  endfacet
  facet normal 0 0 -1
    outer loop
      vertex 72.7695 2.67746 0
      vertex 74.3456 1.28428 0
      vertex 73.9389 0.954914 0
    endloop
  endfacet
  facet normal -0 0 -1
    outer loop
      vertex 75.7553 88.5451 0
      vertex 73.6776 88.0725 0
      vertex 75.5677 89.0337 0
    endloop
  endfacet
  facet normal 0 0 -1
    outer loop
      vertex 73.5839 88.3168 0
      vertex 75.5677 89.0337 0
      vertex 73.6776 88.0725 0
    endloop
  endfacet
  facet normal -0 0 -1
    outer loop
      vertex 75.9726 4.47736 0
      vertex 73.7863 4.43868 0
      vertex 73.8 4.7 0
    endloop
  endfacet
  facet normal 0 0 -1
    outer loop
      vertex 75.8907 3.96044 0
      vertex 73.7454 4.18022 0
      vertex 73.7863 4.43868 0
    endloop
  endfacet
  facet normal 0 0 -1
    outer loop
      vertex 75.7553 3.45491 0
      vertex 73.6776 3.92746 0
      vertex 73.7454 4.18022 0
    endloop
  endfacet
  facet normal 0 0 -1
    outer loop
      vertex 75.5677 2.96632 0
      vertex 73.5839 3.68316 0
      vertex 73.6776 3.92746 0
    endloop
  endfacet
  facet normal 0 0 -1
    outer loop
      vertex 72.55 2.53494 0
      vertex 73.9389 0.954914 0
      vertex 73.5 0.669872 0
    endloop
  endfacet
  facet normal 0 0 -1
    outer loop
      vertex 75.3301 2.5 0
      vertex 73.4651 3.45 0
      vertex 73.5839 3.68316 0
    endloop
  endfacet
  facet normal 0 0 -1
    outer loop
      vertex 75.0451 2.06107 0
      vertex 73.3225 3.23054 0
      vertex 73.4651 3.45 0
    endloop
  endfacet
  facet normal 0 0 -1
    outer loop
      vertex 74.7157 1.65435 0
      vertex 73.1579 3.02717 0
      vertex 73.3225 3.23054 0
    endloop
  endfacet
  facet normal 0 0 -1
    outer loop
      vertex 72.3168 2.41614 0
      vertex 73.5 0.669872 0
      vertex 73.0337 0.432272 0
    endloop
  endfacet
  facet normal 0 0 -1
    outer loop
      vertex 74.3456 1.28428 0
      vertex 72.9728 2.84214 0
      vertex 73.1579 3.02717 0
    endloop
  endfacet
  facet normal 0 0 -1
    outer loop
      vertex 74.3456 1.28428 0
      vertex 72.7695 2.67746 0
      vertex 72.9728 2.84214 0
    endloop
  endfacet
  facet normal 0 0 -1
    outer loop
      vertex 73.9389 0.954914 0
      vertex 72.55 2.53494 0
      vertex 72.7695 2.67746 0
    endloop
  endfacet
  facet normal 0 0 -1
    outer loop
      vertex 72.0725 2.32236 0
      vertex 73.0337 0.432272 0
      vertex 72.5451 0.244717 0
    endloop
  endfacet
  facet normal 0 0 -1
    outer loop
      vertex 73.5 0.669872 0
      vertex 72.3168 2.41614 0
      vertex 72.55 2.53494 0
    endloop
  endfacet
  facet normal 0 0 -1
    outer loop
      vertex 73.0337 0.432272 0
      vertex 72.0725 2.32236 0
      vertex 72.3168 2.41614 0
    endloop
  endfacet
  facet normal 0 0 -1
    outer loop
      vertex 71.8198 2.25463 0
      vertex 72.5451 0.244717 0
      vertex 72.0396 0.109262 0
    endloop
  endfacet
  facet normal 0 0 -1
    outer loop
      vertex 72.5451 0.244717 0
      vertex 71.8198 2.25463 0
      vertex 72.0725 2.32236 0
    endloop
  endfacet
  facet normal 0 0 -1
    outer loop
      vertex 72.0396 0.109262 0
      vertex 71.5613 2.21369 0
      vertex 71.8198 2.25463 0
    endloop
  endfacet
  facet normal 0 0 -1
    outer loop
      vertex 71.5226 0.0273905 0
      vertex 71.5613 2.21369 0
      vertex 72.0396 0.109262 0
    endloop
  endfacet
  facet normal 0 0 -1
    outer loop
      vertex 71.5226 0.0273905 0
      vertex 71.3 2.2 0
      vertex 71.5613 2.21369 0
    endloop
  endfacet
  facet normal 0 0 -1
    outer loop
      vertex 71 0 0
      vertex 71.3 2.2 0
      vertex 71.5226 0.0273905 0
    endloop
  endfacet
  facet normal 0 0 -1
    outer loop
      vertex 5 0 0
      vertex 71.3 2.2 0
      vertex 71 0 0
    endloop
  endfacet
  facet normal 0 0 -1
    outer loop
      vertex 5 0 0
      vertex 4.7 2.2 0
      vertex 71.3 2.2 0
    endloop
  endfacet
  facet normal 0 0 -1
    outer loop
      vertex 4.47736 0.0273905 0
      vertex 4.7 2.2 0
      vertex 5 0 0
    endloop
  endfacet
  facet normal 0 0 -1
    outer loop
      vertex 4.47736 0.0273905 0
      vertex 4.43868 2.21369 0
      vertex 4.7 2.2 0
    endloop
  endfacet
  facet normal 0 0 -1
    outer loop
      vertex 3.96044 0.109262 0
      vertex 4.43868 2.21369 0
      vertex 4.47736 0.0273905 0
    endloop
  endfacet
  facet normal -0 0 -1
    outer loop
      vertex 4.43868 2.21369 0
      vertex 3.96044 0.109262 0
      vertex 4.18022 2.25463 0
    endloop
  endfacet
  facet normal 0 0 -1
    outer loop
      vertex 3.45491 0.244717 0
      vertex 4.18022 2.25463 0
      vertex 3.96044 0.109262 0
    endloop
  endfacet
  facet normal -0 0 -1
    outer loop
      vertex 4.18022 2.25463 0
      vertex 3.45491 0.244717 0
      vertex 3.92746 2.32236 0
    endloop
  endfacet
  facet normal 0 0 -1
    outer loop
      vertex 2.96632 0.432272 0
      vertex 3.92746 2.32236 0
      vertex 3.45491 0.244717 0
    endloop
  endfacet
  facet normal -0 0 -1
    outer loop
      vertex 3.92746 2.32236 0
      vertex 2.96632 0.432272 0
      vertex 3.68316 2.41614 0
    endloop
  endfacet
  facet normal 0 0 -1
    outer loop
      vertex 2.5 0.669872 0
      vertex 3.68316 2.41614 0
      vertex 2.96632 0.432272 0
    endloop
  endfacet
  facet normal -0 0 -1
    outer loop
      vertex 3.68316 2.41614 0
      vertex 2.5 0.669872 0
      vertex 3.45 2.53494 0
    endloop
  endfacet
  facet normal 0 0 -1
    outer loop
      vertex 2.06107 0.954914 0
      vertex 3.45 2.53494 0
      vertex 2.5 0.669872 0
    endloop
  endfacet
  facet normal -0 0 -1
    outer loop
      vertex 3.45 2.53494 0
      vertex 2.06107 0.954914 0
      vertex 3.23054 2.67746 0
    endloop
  endfacet
  facet normal 0 0 -1
    outer loop
      vertex 1.65435 1.28428 0
      vertex 3.23054 2.67746 0
      vertex 2.06107 0.954914 0
    endloop
  endfacet
  facet normal -0 0 -1
    outer loop
      vertex 3.23054 2.67746 0
      vertex 1.65435 1.28428 0
      vertex 3.02717 2.84214 0
    endloop
  endfacet
  facet normal -0 0 -1
    outer loop
      vertex 3.02717 2.84214 0
      vertex 1.65435 1.28428 0
      vertex 2.84214 3.02717 0
    endloop
  endfacet
  facet normal 0 0 -1
    outer loop
      vertex 1.28428 1.65435 0
      vertex 2.84214 3.02717 0
      vertex 1.65435 1.28428 0
    endloop
  endfacet
  facet normal -0 0 -1
    outer loop
      vertex 2.84214 3.02717 0
      vertex 1.28428 1.65435 0
      vertex 2.67746 3.23054 0
    endloop
  endfacet
  facet normal 0 0 -1
    outer loop
      vertex 0.954914 2.06107 0
      vertex 2.67746 3.23054 0
      vertex 1.28428 1.65435 0
    endloop
  endfacet
  facet normal -0 0 -1
    outer loop
      vertex 2.67746 3.23054 0
      vertex 0.954914 2.06107 0
      vertex 2.53494 3.45 0
    endloop
  endfacet
  facet normal 0 0 -1
    outer loop
      vertex 0.432272 2.96632 0
      vertex 2.41614 3.68316 0
      vertex 0.669872 2.5 0
    endloop
  endfacet
  facet normal -0 0 -1
    outer loop
      vertex 2.53494 3.45 0
      vertex 0.669872 2.5 0
      vertex 2.41614 3.68316 0
    endloop
  endfacet
  facet normal 0 0 -1
    outer loop
      vertex 0.669872 2.5 0
      vertex 2.53494 3.45 0
      vertex 0.954914 2.06107 0
    endloop
  endfacet
  facet normal -0 0 -1
    outer loop
      vertex 75.5677 89.0337 0
      vertex 73.5839 88.3168 0
      vertex 75.3301 89.5 0
    endloop
  endfacet
  facet normal 0 0 -1
    outer loop
      vertex 73.4651 88.55 0
      vertex 75.3301 89.5 0
      vertex 73.5839 88.3168 0
    endloop
  endfacet
  facet normal -0 0 -1
    outer loop
      vertex 75.3301 89.5 0
      vertex 73.4651 88.55 0
      vertex 75.0451 89.9389 0
    endloop
  endfacet
  facet normal 0 0 -1
    outer loop
      vertex 73.3225 88.7695 0
      vertex 75.0451 89.9389 0
      vertex 73.4651 88.55 0
    endloop
  endfacet
  facet normal -0 0 -1
    outer loop
      vertex 75.0451 89.9389 0
      vertex 73.3225 88.7695 0
      vertex 74.7157 90.3456 0
    endloop
  endfacet
  facet normal 0 0 -1
    outer loop
      vertex 73.1579 88.9728 0
      vertex 74.7157 90.3456 0
      vertex 73.3225 88.7695 0
    endloop
  endfacet
  facet normal -0 0 -1
    outer loop
      vertex 74.7157 90.3456 0
      vertex 73.1579 88.9728 0
      vertex 74.3456 90.7157 0
    endloop
  endfacet
  facet normal 0 0 -1
    outer loop
      vertex 72.9728 89.1579 0
      vertex 74.3456 90.7157 0
      vertex 73.1579 88.9728 0
    endloop
  endfacet
  facet normal 0 0 -1
    outer loop
      vertex 72.7695 89.3225 0
      vertex 74.3456 90.7157 0
      vertex 72.9728 89.1579 0
    endloop
  endfacet
  facet normal -0 0 -1
    outer loop
      vertex 74.3456 90.7157 0
      vertex 72.7695 89.3225 0
      vertex 73.9389 91.0451 0
    endloop
  endfacet
  facet normal 0 0 -1
    outer loop
      vertex 72.55 89.4651 0
      vertex 73.9389 91.0451 0
      vertex 72.7695 89.3225 0
    endloop
  endfacet
  facet normal -0 0 -1
    outer loop
      vertex 73.9389 91.0451 0
      vertex 72.55 89.4651 0
      vertex 73.5 91.3301 0
    endloop
  endfacet
  facet normal 0 0 -1
    outer loop
      vertex 72.3168 89.5839 0
      vertex 73.5 91.3301 0
      vertex 72.55 89.4651 0
    endloop
  endfacet
  facet normal -0 0 -1
    outer loop
      vertex 73.5 91.3301 0
      vertex 72.3168 89.5839 0
      vertex 73.0337 91.5677 0
    endloop
  endfacet
  facet normal 0 0 -1
    outer loop
      vertex 72.0725 89.6776 0
      vertex 73.0337 91.5677 0
      vertex 72.3168 89.5839 0
    endloop
  endfacet
  facet normal -0 0 -1
    outer loop
      vertex 73.0337 91.5677 0
      vertex 72.0725 89.6776 0
      vertex 72.5451 91.7553 0
    endloop
  endfacet
  facet normal 0 0 -1
    outer loop
      vertex 71.8198 89.7454 0
      vertex 72.5451 91.7553 0
      vertex 72.0725 89.6776 0
    endloop
  endfacet
  facet normal -0 0 -1
    outer loop
      vertex 72.5451 91.7553 0
      vertex 71.8198 89.7454 0
      vertex 72.0396 91.8907 0
    endloop
  endfacet
  facet normal 0 0 -1
    outer loop
      vertex 71.5613 89.7863 0
      vertex 72.0396 91.8907 0
      vertex 71.8198 89.7454 0
    endloop
  endfacet
  facet normal 0 0 -1
    outer loop
      vertex 71.5613 89.7863 0
      vertex 71.5226 91.9726 0
      vertex 72.0396 91.8907 0
    endloop
  endfacet
  facet normal 0 0 -1
    outer loop
      vertex 71.3 89.8 0
      vertex 71.5226 91.9726 0
      vertex 71.5613 89.7863 0
    endloop
  endfacet
  facet normal 0 0 -1
    outer loop
      vertex 71.3 89.8 0
      vertex 71 92 0
      vertex 71.5226 91.9726 0
    endloop
  endfacet
  facet normal 0 0 -1
    outer loop
      vertex 71.3 89.8 0
      vertex 44 90 0
      vertex 71 92 0
    endloop
  endfacet
  facet normal 0 0 -1
    outer loop
      vertex 71.3 89.8 0
      vertex 32 90 0
      vertex 44 90 0
    endloop
  endfacet
  facet normal 0 0 -1
    outer loop
      vertex 32 90 0
      vertex 5 92 0
      vertex 32 92 0
    endloop
  endfacet
  facet normal 0 0 -1
    outer loop
      vertex 4.7 89.8 0
      vertex 32 90 0
      vertex 71.3 89.8 0
    endloop
  endfacet
  facet normal 0 0 -1
    outer loop
      vertex 4.7 89.8 0
      vertex 5 92 0
      vertex 32 90 0
    endloop
  endfacet
  facet normal 0 0 -1
    outer loop
      vertex 4.7 89.8 0
      vertex 4.47736 91.9726 0
      vertex 5 92 0
    endloop
  endfacet
  facet normal 0 0 -1
    outer loop
      vertex 4.43868 89.7863 0
      vertex 4.47736 91.9726 0
      vertex 4.7 89.8 0
    endloop
  endfacet
  facet normal 0 0 -1
    outer loop
      vertex 3.96044 91.8907 0
      vertex 4.43868 89.7863 0
      vertex 4.18022 89.7454 0
    endloop
  endfacet
  facet normal 0 0 -1
    outer loop
      vertex 4.43868 89.7863 0
      vertex 3.96044 91.8907 0
      vertex 4.47736 91.9726 0
    endloop
  endfacet
  facet normal 0 0 -1
    outer loop
      vertex 3.45491 91.7553 0
      vertex 4.18022 89.7454 0
      vertex 3.92746 89.6776 0
    endloop
  endfacet
  facet normal 0 0 -1
    outer loop
      vertex 2.96632 91.5677 0
      vertex 3.92746 89.6776 0
      vertex 3.68316 89.5839 0
    endloop
  endfacet
  facet normal 0 0 -1
    outer loop
      vertex 4.18022 89.7454 0
      vertex 3.45491 91.7553 0
      vertex 3.96044 91.8907 0
    endloop
  endfacet
  facet normal 0 0 -1
    outer loop
      vertex 2.5 91.3301 0
      vertex 3.68316 89.5839 0
      vertex 3.45 89.4651 0
    endloop
  endfacet
  facet normal 0 0 -1
    outer loop
      vertex 2.06107 91.0451 0
      vertex 3.45 89.4651 0
      vertex 3.23054 89.3225 0
    endloop
  endfacet
  facet normal 0 0 -1
    outer loop
      vertex 1.65435 90.7157 0
      vertex 3.23054 89.3225 0
      vertex 3.02717 89.1579 0
    endloop
  endfacet
  facet normal 0 0 -1
    outer loop
      vertex 3.92746 89.6776 0
      vertex 2.96632 91.5677 0
      vertex 3.45491 91.7553 0
    endloop
  endfacet
  facet normal 0 0 -1
    outer loop
      vertex 1.65435 90.7157 0
      vertex 3.02717 89.1579 0
      vertex 2.84214 88.9728 0
    endloop
  endfacet
  facet normal 0 0 -1
    outer loop
      vertex 1.28428 90.3456 0
      vertex 2.84214 88.9728 0
      vertex 2.67746 88.7695 0
    endloop
  endfacet
  facet normal 0 0 -1
    outer loop
      vertex 0.954914 89.9389 0
      vertex 2.67746 88.7695 0
      vertex 2.53494 88.55 0
    endloop
  endfacet
  facet normal 0 0 -1
    outer loop
      vertex 3.68316 89.5839 0
      vertex 2.5 91.3301 0
      vertex 2.96632 91.5677 0
    endloop
  endfacet
  facet normal 0 0 -1
    outer loop
      vertex 0.669872 89.5 0
      vertex 2.53494 88.55 0
      vertex 2.41614 88.3168 0
    endloop
  endfacet
  facet normal 0 0 -1
    outer loop
      vertex 0.432272 89.0337 0
      vertex 2.41614 88.3168 0
      vertex 2.32236 88.0725 0
    endloop
  endfacet
  facet normal 0 0 -1
    outer loop
      vertex 0.244717 88.5451 0
      vertex 2.32236 88.0725 0
      vertex 2.25463 87.8198 0
    endloop
  endfacet
  facet normal 0 0 -1
    outer loop
      vertex 0.109262 88.0396 0
      vertex 2.25463 87.8198 0
      vertex 2.21369 87.5613 0
    endloop
  endfacet
  facet normal 0 0 -1
    outer loop
      vertex 3.45 89.4651 0
      vertex 2.06107 91.0451 0
      vertex 2.5 91.3301 0
    endloop
  endfacet
  facet normal 0 0 -1
    outer loop
      vertex 0.0273905 87.5226 0
      vertex 2.21369 87.5613 0
      vertex 2.2 87.3 0
    endloop
  endfacet
  facet normal 0 0 -1
    outer loop
      vertex 2.2 4.7 0
      vertex 0 5 0
      vertex 2.2 87.3 0
    endloop
  endfacet
  facet normal -0 0 -1
    outer loop
      vertex 2.41614 3.68316 0
      vertex 0.432272 2.96632 0
      vertex 2.32236 3.92746 0
    endloop
  endfacet
  facet normal 0 0 -1
    outer loop
      vertex 0 87 0
      vertex 2.2 87.3 0
      vertex 0 5 0
    endloop
  endfacet
  facet normal 0 0 -1
    outer loop
      vertex 0.244717 3.45491 0
      vertex 2.32236 3.92746 0
      vertex 0.432272 2.96632 0
    endloop
  endfacet
  facet normal 0 -0 -1
    outer loop
      vertex 0.0273905 87.5226 0
      vertex 2.2 87.3 0
      vertex 0 87 0
    endloop
  endfacet
  facet normal -0 0 -1
    outer loop
      vertex 2.32236 3.92746 0
      vertex 0.244717 3.45491 0
      vertex 2.25463 4.18022 0
    endloop
  endfacet
  facet normal 0 0 -1
    outer loop
      vertex 3.23054 89.3225 0
      vertex 1.65435 90.7157 0
      vertex 2.06107 91.0451 0
    endloop
  endfacet
  facet normal 0 0 -1
    outer loop
      vertex 0.109262 3.96044 0
      vertex 2.25463 4.18022 0
      vertex 0.244717 3.45491 0
    endloop
  endfacet
  facet normal 0 0 -1
    outer loop
      vertex 2.84214 88.9728 0
      vertex 1.28428 90.3456 0
      vertex 1.65435 90.7157 0
    endloop
  endfacet
  facet normal -0 0 -1
    outer loop
      vertex 2.25463 4.18022 0
      vertex 0.109262 3.96044 0
      vertex 2.21369 4.43868 0
    endloop
  endfacet
  facet normal 0 0 -1
    outer loop
      vertex 2.67746 88.7695 0
      vertex 0.954914 89.9389 0
      vertex 1.28428 90.3456 0
    endloop
  endfacet
  facet normal 0 0 -1
    outer loop
      vertex 0.0273905 4.47736 0
      vertex 2.21369 4.43868 0
      vertex 0.109262 3.96044 0
    endloop
  endfacet
  facet normal 0 0 -1
    outer loop
      vertex 2.53494 88.55 0
      vertex 0.669872 89.5 0
      vertex 0.954914 89.9389 0
    endloop
  endfacet
  facet normal 0 0 -1
    outer loop
      vertex 2.21369 4.43868 0
      vertex 0.0273905 4.47736 0
      vertex 2.2 4.7 0
    endloop
  endfacet
  facet normal 0 0 -1
    outer loop
      vertex 2.41614 88.3168 0
      vertex 0.432272 89.0337 0
      vertex 0.669872 89.5 0
    endloop
  endfacet
  facet normal -0 0 -1
    outer loop
      vertex 2.2 4.7 0
      vertex 0.0273905 4.47736 0
      vertex 0 5 0
    endloop
  endfacet
  facet normal 0 0 -1
    outer loop
      vertex 2.32236 88.0725 0
      vertex 0.244717 88.5451 0
      vertex 0.432272 89.0337 0
    endloop
  endfacet
  facet normal 0 0 -1
    outer loop
      vertex 2.25463 87.8198 0
      vertex 0.109262 88.0396 0
      vertex 0.244717 88.5451 0
    endloop
  endfacet
  facet normal -0 0 -1
    outer loop
      vertex 2.21369 87.5613 0
      vertex 0.0273905 87.5226 0
      vertex 0.109262 88.0396 0
    endloop
  endfacet
  facet normal -0 0 -1
    outer loop
      vertex 71 92 0
      vertex 44 90 0
      vertex 44 92 0
    endloop
  endfacet
  facet normal 0.156449 0.987686 -0
    outer loop
      vertex 4.43868 2.21369 0
      vertex 4.18022 2.25463 12.2
      vertex 4.43868 2.21369 12.2
    endloop
  endfacet
  facet normal 0.156449 0.987686 0
    outer loop
      vertex 4.18022 2.25463 12.2
      vertex 4.43868 2.21369 0
      vertex 4.18022 2.25463 0
    endloop
  endfacet
  facet normal 1 0 0
    outer loop
      vertex 2.2 87.3 24.2
      vertex 2.2 78 4
      vertex 2.2 87.3 4
    endloop
  endfacet
  facet normal 1 0 0
    outer loop
      vertex 2.2 78 4
      vertex 2.2 25 4
      vertex 2.2 78 2.6
    endloop
  endfacet
  facet normal 1 0 0
    outer loop
      vertex 2.2 87.3 24.2
      vertex 2.2 25 4
      vertex 2.2 78 4
    endloop
  endfacet
  facet normal 1 -0 0
    outer loop
      vertex 2.2 4.7 12.2
      vertex 2.2 25 4
      vertex 2.2 87.3 24.2
    endloop
  endfacet
  facet normal 1 0 0
    outer loop
      vertex 2.2 4.7 0
      vertex 2.2 15 4
      vertex 2.2 4.7 12.2
    endloop
  endfacet
  facet normal 1 0 0
    outer loop
      vertex 2.2 25 4
      vertex 2.2 4.7 12.2
      vertex 2.2 15 4
    endloop
  endfacet
  facet normal 1 -0 0
    outer loop
      vertex 2.2 78 2.6
      vertex 2.2 87.3 0
      vertex 2.2 87.3 2.6
    endloop
  endfacet
  facet normal 1 0 0
    outer loop
      vertex 2.2 25 2.6
      vertex 2.2 78 2.6
      vertex 2.2 25 4
    endloop
  endfacet
  facet normal 1 0 0
    outer loop
      vertex 2.2 78 2.6
      vertex 2.2 25 2.6
      vertex 2.2 87.3 0
    endloop
  endfacet
  facet normal 1 0 0
    outer loop
      vertex 2.2 4.7 0
      vertex 2.2 25 2.6
      vertex 2.2 15 2.6
    endloop
  endfacet
  facet normal 1 0 0
    outer loop
      vertex 2.2 25 2.6
      vertex 2.2 4.7 0
      vertex 2.2 87.3 0
    endloop
  endfacet
  facet normal 1 0 0
    outer loop
      vertex 2.2 15 4
      vertex 2.2 4.7 0
      vertex 2.2 15 2.6
    endloop
  endfacet
  facet normal -0.965856 0.25908 0
    outer loop
      vertex 73.6776 3.92746 0
      vertex 73.7454 4.18022 12.2
      vertex 73.7454 4.18022 0
    endloop
  endfacet
  facet normal -0.965856 0.25908 0
    outer loop
      vertex 73.7454 4.18022 12.2
      vertex 73.6776 3.92746 0
      vertex 73.6776 3.92746 12.2
    endloop
  endfacet
  facet normal 0.271605 0.138365 -0.952411
    outer loop
      vertex 2.41614 86.2832 24.2
      vertex 2.53494 86.05 24.2
      vertex 2.41614 3.68316 12.2
    endloop
  endfacet
  facet normal 0 1 0
    outer loop
      vertex 71.3 2.2 12.2
      vertex 43 2.2 4
      vertex 4.7 2.2 12.2
    endloop
  endfacet
  facet normal 0 1 -0
    outer loop
      vertex 71.3 2.2 0
      vertex 43 2.2 4
      vertex 71.3 2.2 12.2
    endloop
  endfacet
  facet normal 0 1 0
    outer loop
      vertex 43 2.2 2.6
      vertex 71.3 2.2 0
      vertex 33 2.2 2.6
    endloop
  endfacet
  facet normal 0 1 0
    outer loop
      vertex 43 2.2 4
      vertex 71.3 2.2 0
      vertex 43 2.2 2.6
    endloop
  endfacet
  facet normal 0 1 -0
    outer loop
      vertex 33 2.2 4
      vertex 4.7 2.2 12.2
      vertex 43 2.2 4
    endloop
  endfacet
  facet normal 0 1 0
    outer loop
      vertex 4.7 2.2 0
      vertex 33 2.2 4
      vertex 33 2.2 2.6
    endloop
  endfacet
  facet normal 0 1 0
    outer loop
      vertex 33 2.2 4
      vertex 4.7 2.2 0
      vertex 4.7 2.2 12.2
    endloop
  endfacet
  facet normal 0 1 0
    outer loop
      vertex 4.7 2.2 0
      vertex 33 2.2 2.6
      vertex 71.3 2.2 0
    endloop
  endfacet
  facet normal 0.358108 -0.93368 0
    outer loop
      vertex 3.68316 89.5839 0
      vertex 3.92746 89.6776 24.2
      vertex 3.68316 89.5839 24.2
    endloop
  endfacet
  facet normal 0.358108 -0.93368 0
    outer loop
      vertex 3.92746 89.6776 24.2
      vertex 3.68316 89.5839 0
      vertex 3.92746 89.6776 0
    endloop
  endfacet
  facet normal 0.00753155 0.143765 -0.989583
    outer loop
      vertex 4.7 84.8 24.2
      vertex 4.7 2.2 12.2
      vertex 4.43868 2.21369 12.2
    endloop
  endfacet
  facet normal -0.156426 0.98769 0
    outer loop
      vertex 71.8198 2.25463 0
      vertex 71.5613 2.21369 12.2
      vertex 71.8198 2.25463 12.2
    endloop
  endfacet
  facet normal -0.156426 0.98769 0
    outer loop
      vertex 71.5613 2.21369 12.2
      vertex 71.8198 2.25463 0
      vertex 71.5613 2.21369 0
    endloop
  endfacet
  facet normal 0.0929612 0.143147 -0.985326
    outer loop
      vertex 3.23054 2.67746 12.2
      vertex 3.45 85.1349 24.2
      vertex 3.45 2.53494 12.2
    endloop
  endfacet
  facet normal 0.0930129 0.143146 -0.985321
    outer loop
      vertex 3.45 85.1349 24.2
      vertex 3.23054 2.67746 12.2
      vertex 3.23054 85.2775 24.2
    endloop
  endfacet
  facet normal -0.271838 0.138353 -0.952346
    outer loop
      vertex 73.4651 86.05 24.2
      vertex 73.5839 74.099 22.4299
      vertex 73.4823 74.0928 22.458
    endloop
  endfacet
  facet normal -0.271605 0.138365 -0.952411
    outer loop
      vertex 73.5839 74.099 22.4299
      vertex 73.4651 86.05 24.2
      vertex 73.5839 86.2832 24.2
    endloop
  endfacet
  facet normal -0.272038 0.138346 -0.95229
    outer loop
      vertex 73.5839 54.2519 19.5465
      vertex 73.5839 3.68316 12.2
      vertex 73.5109 54.2474 19.5667
    endloop
  endfacet
  facet normal 0 -1 0
    outer loop
      vertex 4.7 89.8 24.2
      vertex 33 89.8 4
      vertex 71.3 89.8 24.2
    endloop
  endfacet
  facet normal 0 -1 0
    outer loop
      vertex 4.7 89.8 0
      vertex 33 89.8 4
      vertex 4.7 89.8 24.2
    endloop
  endfacet
  facet normal 0 -1 -0
    outer loop
      vertex 33 89.8 2.6
      vertex 4.7 89.8 0
      vertex 43 89.8 2.6
    endloop
  endfacet
  facet normal 0 -1 -0
    outer loop
      vertex 33 89.8 4
      vertex 4.7 89.8 0
      vertex 33 89.8 2.6
    endloop
  endfacet
  facet normal 0 -1 0
    outer loop
      vertex 43 89.8 4
      vertex 71.3 89.8 24.2
      vertex 33 89.8 4
    endloop
  endfacet
  facet normal 0 -1 0
    outer loop
      vertex 71.3 89.8 0
      vertex 43 89.8 4
      vertex 43 89.8 2.6
    endloop
  endfacet
  facet normal 0 -1 0
    outer loop
      vertex 43 89.8 4
      vertex 71.3 89.8 0
      vertex 71.3 89.8 24.2
    endloop
  endfacet
  facet normal 0 -1 0
    outer loop
      vertex 71.3 89.8 0
      vertex 43 89.8 2.6
      vertex 4.7 89.8 0
    endloop
  endfacet
  facet normal 0.174812 0.141555 -0.974373
    outer loop
      vertex 2.67746 3.23054 12.2
      vertex 2.84214 85.6272 24.2
      vertex 2.84214 3.02717 12.2
    endloop
  endfacet
  facet normal 0.174754 0.141557 -0.974383
    outer loop
      vertex 2.84214 85.6272 24.2
      vertex 2.67746 3.23054 12.2
      vertex 2.67746 85.8305 24.2
    endloop
  endfacet
  facet normal -0.217799 0.140319 -0.965854
    outer loop
      vertex 73.4651 86.05 24.2
      vertex 73.4651 74.0917 22.4627
      vertex 73.4445 74.0907 22.4672
    endloop
  endfacet
  facet normal -0.21478 0.140415 -0.966516
    outer loop
      vertex 73.4651 3.45 12.2
      vertex 73.4103 54.242 19.5912
      vertex 73.4651 54.2446 19.5794
    endloop
  endfacet
  facet normal -0.216034 0.140374 -0.966243
    outer loop
      vertex 73.4103 54.242 19.5912
      vertex 73.4651 3.45 12.2
      vertex 73.3225 3.23054 12.2
    endloop
  endfacet
  facet normal 0.25883 0.965923 -0
    outer loop
      vertex 4.18022 2.25463 0
      vertex 3.92746 2.32236 12.2
      vertex 4.18022 2.25463 12.2
    endloop
  endfacet
  facet normal 0.25883 0.965923 0
    outer loop
      vertex 3.92746 2.32236 12.2
      vertex 4.18022 2.25463 0
      vertex 3.92746 2.32236 0
    endloop
  endfacet
  facet normal 0.777051 -0.629438 0
    outer loop
      vertex 2.67746 88.7695 24.2
      vertex 2.84214 88.9728 0
      vertex 2.84214 88.9728 24.2
    endloop
  endfacet
  facet normal 0.777051 -0.629438 0
    outer loop
      vertex 2.84214 88.9728 0
      vertex 2.67746 88.7695 24.2
      vertex 2.67746 88.7695 0
    endloop
  endfacet
  facet normal 0.00753705 0.143765 -0.989583
    outer loop
      vertex 4.43868 84.8137 24.2
      vertex 4.7 84.8 24.2
      vertex 4.43868 2.21369 12.2
    endloop
  endfacet
  facet normal 0.0384961 0.143663 -0.988878
    outer loop
      vertex 3.92746 2.32236 12.2
      vertex 4.18022 84.8546 24.2
      vertex 4.18022 2.25463 12.2
    endloop
  endfacet
  facet normal 0.0385358 0.143662 -0.988876
    outer loop
      vertex 4.18022 84.8546 24.2
      vertex 3.92746 2.32236 12.2
      vertex 3.92746 84.9224 24.2
    endloop
  endfacet
  facet normal 0.472779 0.126687 -0.872027
    outer loop
      vertex 2.25463 86.7802 24.2
      vertex 2.32236 3.92746 12.2
      vertex 2.25463 4.18022 12.2
    endloop
  endfacet
  facet normal -0.00753215 0.143766 -0.989583
    outer loop
      vertex 71.3 54.2055 19.7553
      vertex 71.5613 2.21369 12.2
      vertex 71.3 2.2 12.2
    endloop
  endfacet
  facet normal -0.00745312 0.143766 -0.989584
    outer loop
      vertex 71.5613 2.21369 12.2
      vertex 71.3 54.2055 19.7553
      vertex 71.3968 54.2057 19.7546
    endloop
  endfacet
  facet normal -0.00624398 0.143769 -0.989592
    outer loop
      vertex 71.3 84.8 24.2
      vertex 71.334 74.0527 22.6384
      vertex 71.3 74.0526 22.6386
    endloop
  endfacet
  facet normal 0.0227671 0.143732 -0.989355
    outer loop
      vertex 4.18022 2.25463 12.2
      vertex 4.43868 84.8137 24.2
      vertex 4.43868 2.21369 12.2
    endloop
  endfacet
  facet normal 0.0227449 0.143732 -0.989355
    outer loop
      vertex 4.43868 84.8137 24.2
      vertex 4.18022 2.25463 12.2
      vertex 4.18022 84.8546 24.2
    endloop
  endfacet
  facet normal -0.142573 0.142298 -0.979502
    outer loop
      vertex 72.9728 85.4421 24.2
      vertex 73.1579 74.0785 22.5222
      vertex 72.9728 74.0727 22.5483
    endloop
  endfacet
  facet normal -0.142308 0.142308 -0.979539
    outer loop
      vertex 73.1579 74.0785 22.5222
      vertex 72.9728 85.4421 24.2
      vertex 73.1579 85.6272 24.2
    endloop
  endfacet
  facet normal -0.142253 0.142307 -0.979547
    outer loop
      vertex 72.9728 54.2256 19.6649
      vertex 73.1579 3.02717 12.2
      vertex 72.9728 2.84214 12.2
    endloop
  endfacet
  facet normal -0.142055 0.142312 -0.979575
    outer loop
      vertex 73.1579 3.02717 12.2
      vertex 72.9728 54.2256 19.6649
      vertex 73.1579 54.2314 19.6389
    endloop
  endfacet
  facet normal 0.96588 -0.258989 0
    outer loop
      vertex 2.32236 88.0725 24.2
      vertex 2.30292 88 4
      vertex 2.32236 88.0725 0
    endloop
  endfacet
  facet normal 0.965907 -0.258888 -3.90372e-07
    outer loop
      vertex 2.25463 87.8198 24.2
      vertex 2.30292 88 4
      vertex 2.32236 88.0725 24.2
    endloop
  endfacet
  facet normal 0.965918 -0.258847 0
    outer loop
      vertex 2.30292 88 4
      vertex 2.25463 87.8198 24.2
      vertex 2.25463 87.8198 4
    endloop
  endfacet
  facet normal 0.96588 -0.258989 0
    outer loop
      vertex 2.30292 88 2.6
      vertex 2.32236 88.0725 0
      vertex 2.30292 88 4
    endloop
  endfacet
  facet normal 0.965918 -0.258847 0
    outer loop
      vertex 2.25463 87.8198 0
      vertex 2.30292 88 2.6
      vertex 2.25463 87.8198 2.6
    endloop
  endfacet
  facet normal 0.965907 -0.258888 3.03289e-06
    outer loop
      vertex 2.30292 88 2.6
      vertex 2.25463 87.8198 0
      vertex 2.32236 88.0725 0
    endloop
  endfacet
  facet normal 0.0523161 0.998631 -0
    outer loop
      vertex 4.7 2.2 0
      vertex 4.43868 2.21369 12.2
      vertex 4.7 2.2 12.2
    endloop
  endfacet
  facet normal 0.0523161 0.998631 0
    outer loop
      vertex 4.43868 2.21369 12.2
      vertex 4.7 2.2 0
      vertex 4.43868 2.21369 0
    endloop
  endfacet
  facet normal 0.472692 0.126693 -0.872073
    outer loop
      vertex 2.32236 86.5275 24.2
      vertex 2.32236 3.92746 12.2
      vertex 2.25463 86.7802 24.2
    endloop
  endfacet
  facet normal -0.0523582 -0.998628 0
    outer loop
      vertex 71.3 89.8 0
      vertex 71.5613 89.7863 24.2
      vertex 71.3 89.8 24.2
    endloop
  endfacet
  facet normal -0.0523582 -0.998628 -0
    outer loop
      vertex 71.5613 89.7863 24.2
      vertex 71.3 89.8 0
      vertex 71.5613 89.7863 0
    endloop
  endfacet
  facet normal 0.838669 0.544642 0
    outer loop
      vertex 2.67746 3.23054 12.2
      vertex 2.53494 3.45 0
      vertex 2.53494 3.45 12.2
    endloop
  endfacet
  facet normal 0.838669 0.544642 0
    outer loop
      vertex 2.53494 3.45 0
      vertex 2.67746 3.23054 12.2
      vertex 2.67746 3.23054 0
    endloop
  endfacet
  facet normal 0.672082 0.106458 -0.732784
    outer loop
      vertex 2.21369 4.43868 12.2
      vertex 2.25463 86.7802 24.2
      vertex 2.25463 4.18022 12.2
    endloop
  endfacet
  facet normal 0.672139 0.10645 -0.732733
    outer loop
      vertex 2.25463 86.7802 24.2
      vertex 2.21369 4.43868 12.2
      vertex 2.21369 87.0387 24.2
    endloop
  endfacet
  facet normal -0.0227637 0.143733 -0.989355
    outer loop
      vertex 71.5613 54.2059 19.7534
      vertex 71.8198 2.25463 12.2
      vertex 71.5613 2.21369 12.2
    endloop
  endfacet
  facet normal -0.022921 0.143732 -0.989351
    outer loop
      vertex 71.8198 2.25463 12.2
      vertex 71.5613 54.2059 19.7534
      vertex 71.8198 54.2072 19.7476
    endloop
  endfacet
  facet normal -0.0224829 0.143734 -0.989361
    outer loop
      vertex 71.5613 84.8137 24.2
      vertex 71.8198 74.0543 22.631
      vertex 71.5613 74.0531 22.6367
    endloop
  endfacet
  facet normal -0.0227406 0.143727 -0.989356
    outer loop
      vertex 71.8198 74.0543 22.631
      vertex 71.5613 84.8137 24.2
      vertex 71.8198 84.8546 24.2
    endloop
  endfacet
  facet normal 0.25908 -0.965856 0
    outer loop
      vertex 3.92746 89.6776 0
      vertex 4.18022 89.7454 24.2
      vertex 3.92746 89.6776 24.2
    endloop
  endfacet
  facet normal 0.25908 -0.965856 0
    outer loop
      vertex 4.18022 89.7454 24.2
      vertex 3.92746 89.6776 0
      vertex 4.18022 89.7454 0
    endloop
  endfacet
  facet normal 0.965923 0.25883 0
    outer loop
      vertex 2.32236 3.92746 12.2
      vertex 2.25463 4.18022 0
      vertex 2.25463 4.18022 12.2
    endloop
  endfacet
  facet normal 0.965923 0.25883 0
    outer loop
      vertex 2.25463 4.18022 0
      vertex 2.32236 3.92746 12.2
      vertex 2.32236 3.92746 0
    endloop
  endfacet
  facet normal 0.891039 -0.453926 0
    outer loop
      vertex 2.41614 88.3168 24.2
      vertex 2.53494 88.55 0
      vertex 2.53494 88.55 24.2
    endloop
  endfacet
  facet normal 0.891039 -0.453926 0
    outer loop
      vertex 2.53494 88.55 0
      vertex 2.41614 88.3168 24.2
      vertex 2.41614 88.3168 0
    endloop
  endfacet
  facet normal -0.093161 0.143144 -0.985307
    outer loop
      vertex 72.55 85.1349 24.2
      vertex 72.7695 74.0676 22.5714
      vertex 72.55 74.0631 22.5915
    endloop
  endfacet
  facet normal -0.0929985 0.14315 -0.985322
    outer loop
      vertex 72.7695 74.0676 22.5714
      vertex 72.55 85.1349 24.2
      vertex 72.7695 85.2775 24.2
    endloop
  endfacet
  facet normal -0.0929438 0.143146 -0.985328
    outer loop
      vertex 72.55 54.216 19.7081
      vertex 72.7695 2.67746 12.2
      vertex 72.55 2.53494 12.2
    endloop
  endfacet
  facet normal -0.0926513 0.143151 -0.985354
    outer loop
      vertex 72.7695 2.67746 12.2
      vertex 72.55 54.216 19.7081
      vertex 72.7695 54.2204 19.6881
    endloop
  endfacet
  facet normal -0.98771 0.1563 0
    outer loop
      vertex 73.7454 4.18022 0
      vertex 73.7863 4.43868 12.2
      vertex 73.7863 4.43868 0
    endloop
  endfacet
  facet normal -0.98771 0.1563 0
    outer loop
      vertex 73.7863 4.43868 12.2
      vertex 73.7454 4.18022 0
      vertex 73.7454 4.18022 12.2
    endloop
  endfacet
  facet normal -0.672718 0.106372 -0.732213
    outer loop
      vertex 73.7454 86.7802 24.2
      vertex 73.7863 74.1227 22.3236
      vertex 73.7454 74.1146 22.36
    endloop
  endfacet
  facet normal -0.672496 0.106403 -0.732412
    outer loop
      vertex 73.7863 74.1227 22.3236
      vertex 73.7454 86.7802 24.2
      vertex 73.7863 87.0387 24.2
    endloop
  endfacet
  facet normal -0.672443 0.106411 -0.73246
    outer loop
      vertex 73.7454 54.2674 19.4766
      vertex 73.7863 4.43868 12.2
      vertex 73.7454 4.18022 12.2
    endloop
  endfacet
  facet normal -0.672718 0.106374 -0.732212
    outer loop
      vertex 73.7863 4.43868 12.2
      vertex 73.7454 54.2674 19.4766
      vertex 73.7863 54.2755 19.4402
    endloop
  endfacet
  facet normal -0.358375 0.933578 0
    outer loop
      vertex 72.3168 2.41614 0
      vertex 72.0725 2.32236 12.2
      vertex 72.3168 2.41614 12.2
    endloop
  endfacet
  facet normal -0.358375 0.933578 0
    outer loop
      vertex 72.0725 2.32236 12.2
      vertex 72.3168 2.41614 0
      vertex 72.0725 2.32236 0
    endloop
  endfacet
  facet normal -0.258888 0.965907 0
    outer loop
      vertex 72.0725 2.32236 0
      vertex 71.8198 2.25463 12.2
      vertex 72.0725 2.32236 12.2
    endloop
  endfacet
  facet normal -0.258888 0.965907 0
    outer loop
      vertex 71.8198 2.25463 12.2
      vertex 72.0725 2.32236 0
      vertex 71.8198 2.25463 0
    endloop
  endfacet
  facet normal -0.93368 0.358108 0
    outer loop
      vertex 73.5839 3.68316 0
      vertex 73.6776 3.92746 12.2
      vertex 73.6776 3.92746 0
    endloop
  endfacet
  facet normal -0.93368 0.358108 0
    outer loop
      vertex 73.6776 3.92746 12.2
      vertex 73.5839 3.68316 0
      vertex 73.5839 3.68316 12.2
    endloop
  endfacet
  facet normal -0.453926 -0.891039 0
    outer loop
      vertex 72.3168 89.5839 0
      vertex 72.55 89.4651 24.2
      vertex 72.3168 89.5839 24.2
    endloop
  endfacet
  facet normal -0.453926 -0.891039 -0
    outer loop
      vertex 72.55 89.4651 24.2
      vertex 72.3168 89.5839 0
      vertex 72.55 89.4651 0
    endloop
  endfacet
  facet normal 0.453988 0.891008 -0
    outer loop
      vertex 3.68316 2.41614 0
      vertex 3.45 2.53494 12.2
      vertex 3.68316 2.41614 12.2
    endloop
  endfacet
  facet normal 0.453988 0.891008 0
    outer loop
      vertex 3.45 2.53494 12.2
      vertex 3.68316 2.41614 0
      vertex 3.45 2.53494 0
    endloop
  endfacet
  facet normal -0.00739364 0.143766 -0.989584
    outer loop
      vertex 71.5613 54.2059 19.7534
      vertex 71.5613 2.21369 12.2
      vertex 71.3968 54.2057 19.7546
    endloop
  endfacet
  facet normal -0.00765418 0.143764 -0.989582
    outer loop
      vertex 71.3 84.8 24.2
      vertex 71.5613 74.0531 22.6367
      vertex 71.334 74.0527 22.6384
    endloop
  endfacet
  facet normal -0.00753771 0.143767 -0.989583
    outer loop
      vertex 71.5613 74.0531 22.6367
      vertex 71.3 84.8 24.2
      vertex 71.5613 84.8137 24.2
    endloop
  endfacet
  facet normal 0.891008 0.453988 0
    outer loop
      vertex 2.53494 3.45 12.2
      vertex 2.41614 3.68316 0
      vertex 2.41614 3.68316 12.2
    endloop
  endfacet
  facet normal 0.891008 0.453988 0
    outer loop
      vertex 2.41614 3.68316 0
      vertex 2.53494 3.45 12.2
      vertex 2.53494 3.45 0
    endloop
  endfacet
  facet normal 0.933578 -0.358375 0
    outer loop
      vertex 2.32236 88.0725 24.2
      vertex 2.41614 88.3168 0
      vertex 2.41614 88.3168 24.2
    endloop
  endfacet
  facet normal 0.933578 -0.358375 0
    outer loop
      vertex 2.41614 88.3168 0
      vertex 2.32236 88.0725 24.2
      vertex 2.32236 88.0725 0
    endloop
  endfacet
  facet normal -0.7772 -0.629253 0
    outer loop
      vertex 73.3225 88.7695 0
      vertex 73.1579 88.9728 24.2
      vertex 73.1579 88.9728 0
    endloop
  endfacet
  facet normal -0.7772 -0.629253 0
    outer loop
      vertex 73.1579 88.9728 24.2
      vertex 73.3225 88.7695 0
      vertex 73.3225 88.7695 24.2
    endloop
  endfacet
  facet normal 0.350732 0.134636 -0.926747
    outer loop
      vertex 2.32236 3.92746 12.2
      vertex 2.41614 86.2832 24.2
      vertex 2.41614 3.68316 12.2
    endloop
  endfacet
  facet normal 0.350732 0.134636 -0.926747
    outer loop
      vertex 2.41614 86.2832 24.2
      vertex 2.32236 3.92746 12.2
      vertex 2.32236 86.5275 24.2
    endloop
  endfacet
  facet normal 0.629122 -0.777306 0
    outer loop
      vertex 3.02717 89.1579 0
      vertex 3.23054 89.3225 24.2
      vertex 3.02717 89.1579 24.2
    endloop
  endfacet
  facet normal 0.629122 -0.777306 0
    outer loop
      vertex 3.23054 89.3225 24.2
      vertex 3.02717 89.1579 0
      vertex 3.23054 89.3225 0
    endloop
  endfacet
  facet normal 0 0.143765 -0.989612
    outer loop
      vertex 13 72.1839 22.3672
      vertex 8.3 72.1839 22.3672
      vertex 13 82.0907 23.8064
    endloop
  endfacet
  facet normal 0 0.143774 -0.989611
    outer loop
      vertex 63 82.0907 23.8064
      vertex 71.3 74.0526 22.6386
      vertex 63 74.0526 22.6386
    endloop
  endfacet
  facet normal -1.37986e-06 0.143772 -0.989611
    outer loop
      vertex 71.3 74.0526 22.6386
      vertex 63 82.0907 23.8064
      vertex 71.3 84.8 24.2
    endloop
  endfacet
  facet normal 0 0.143768 -0.989611
    outer loop
      vertex 13 82.0907 23.8064
      vertex 71.3 84.8 24.2
      vertex 63 82.0907 23.8064
    endloop
  endfacet
  facet normal 0 0.143768 -0.989611
    outer loop
      vertex 13 82.0907 23.8064
      vertex 4.7 84.8 24.2
      vertex 71.3 84.8 24.2
    endloop
  endfacet
  facet normal -9.57929e-07 0.143765 -0.989612
    outer loop
      vertex 8.3 72.1839 22.3672
      vertex 4.7 84.8 24.2
      vertex 13 82.0907 23.8064
    endloop
  endfacet
  facet normal 1.56018e-05 0.14377 -0.989611
    outer loop
      vertex 8.3 48.2018 18.8831
      vertex 4.7 84.8 24.2
      vertex 8.3 72.1839 22.3672
    endloop
  endfacet
  facet normal 0 0.143766 -0.989612
    outer loop
      vertex 21.475 18.0317 14.5
      vertex 20.475 18.0317 14.5
      vertex 21.475 26 15.6576
    endloop
  endfacet
  facet normal 0 0.143766 -0.989612
    outer loop
      vertex 40.525 18.0317 14.5
      vertex 39.525 18.0317 14.5
      vertex 40.525 26 15.6576
    endloop
  endfacet
  facet normal -1.26033e-06 0.14377 -0.989611
    outer loop
      vertex 67.4579 47.0716 18.7189
      vertex 71.3 54.2055 19.7553
      vertex 71.3 2.2 12.2
    endloop
  endfacet
  facet normal 1.86316e-05 0.143757 -0.989613
    outer loop
      vertex 71.3 54.2055 19.7553
      vertex 67.6847 47.9113 18.8409
      vertex 67.7 48.2018 18.8831
    endloop
  endfacet
  facet normal -0.000515313 0.144057 -0.989569
    outer loop
      vertex 71.3 54.2055 19.7553
      vertex 67.6388 47.624 18.7991
      vertex 67.6847 47.9113 18.8409
    endloop
  endfacet
  facet normal 0.000133394 0.143704 -0.989621
    outer loop
      vertex 71.3 54.2055 19.7553
      vertex 67.563 47.3431 18.7583
      vertex 67.6388 47.624 18.7991
    endloop
  endfacet
  facet normal 0.00103551 0.143223 -0.98969
    outer loop
      vertex 71.3 54.2055 19.7553
      vertex 67.4579 47.0716 18.7189
      vertex 67.563 47.3431 18.7583
    endloop
  endfacet
  facet normal 0.000371252 0.143801 -0.989607
    outer loop
      vertex 71.3 2.2 12.2
      vertex 67.3249 46.8125 18.6812
      vertex 67.4579 47.0716 18.7189
    endloop
  endfacet
  facet normal -0.000260444 0.143746 -0.989615
    outer loop
      vertex 71.3 2.2 12.2
      vertex 67.1652 46.5685 18.6458
      vertex 67.3249 46.8125 18.6812
    endloop
  endfacet
  facet normal -0.000158928 0.143755 -0.989613
    outer loop
      vertex 71.3 2.2 12.2
      vertex 66.9808 46.3425 18.613
      vertex 67.1652 46.5685 18.6458
    endloop
  endfacet
  facet normal 6.96884e-05 0.143777 -0.98961
    outer loop
      vertex 71.3 2.2 12.2
      vertex 66.7736 46.1368 18.5831
      vertex 66.9808 46.3425 18.613
    endloop
  endfacet
  facet normal 5.58474e-05 0.143775 -0.98961
    outer loop
      vertex 71.3 2.2 12.2
      vertex 66.5458 45.9538 18.5565
      vertex 66.7736 46.1368 18.5831
    endloop
  endfacet
  facet normal -4.57667e-05 0.143765 -0.989612
    outer loop
      vertex 71.3 2.2 12.2
      vertex 66.3 45.7954 18.5335
      vertex 66.5458 45.9538 18.5565
    endloop
  endfacet
  facet normal 2.9818e-06 0.14377 -0.989611
    outer loop
      vertex 54.525 26 15.6576
      vertex 66.3 45.7954 18.5335
      vertex 71.3 2.2 12.2
    endloop
  endfacet
  facet normal 0.000124003 0.1437 -0.989621
    outer loop
      vertex 66.3 45.7954 18.5335
      vertex 54.525 26 15.6576
      vertex 66.0389 45.6634 18.5143
    endloop
  endfacet
  facet normal 0.000220099 0.143645 -0.989629
    outer loop
      vertex 66.0389 45.6634 18.5143
      vertex 54.525 26 15.6576
      vertex 65.7652 45.5591 18.4991
    endloop
  endfacet
  facet normal -0.000102677 0.143826 -0.989603
    outer loop
      vertex 65.7652 45.5591 18.4991
      vertex 54.525 26 15.6576
      vertex 65.4822 45.4839 18.4882
    endloop
  endfacet
  facet normal -3.82138e-05 0.143791 -0.989608
    outer loop
      vertex 65.4822 45.4839 18.4882
      vertex 54.525 26 15.6576
      vertex 65.1927 45.4384 18.4816
    endloop
  endfacet
  facet normal 6.73318e-06 0.143775 -0.98961
    outer loop
      vertex 55.525 18.0317 14.5
      vertex 71.3 2.2 12.2
      vertex 55.525 11 13.4784
    endloop
  endfacet
  facet normal 0 0.143764 -0.989612
    outer loop
      vertex 71.3 2.2 12.2
      vertex 39.525 11 13.4784
      vertex 55.525 11 13.4784
    endloop
  endfacet
  facet normal 0 0.143775 -0.98961
    outer loop
      vertex 39.525 11 13.4784
      vertex 36.475 11 13.4784
      vertex 39.525 18.0317 14.5
    endloop
  endfacet
  facet normal 0 0.143764 -0.989612
    outer loop
      vertex 71.3 2.2 12.2
      vertex 36.475 11 13.4784
      vertex 39.525 11 13.4784
    endloop
  endfacet
  facet normal 0 0.143764 -0.989612
    outer loop
      vertex 4.7 2.2 12.2
      vertex 36.475 11 13.4784
      vertex 71.3 2.2 12.2
    endloop
  endfacet
  facet normal -6.73318e-06 0.143775 -0.98961
    outer loop
      vertex 4.7 2.2 12.2
      vertex 20.475 18.0317 14.5
      vertex 20.475 11 13.4784
    endloop
  endfacet
  facet normal 2.83475e-05 0.143779 -0.98961
    outer loop
      vertex 20.475 18.0317 14.5
      vertex 10.8073 45.4384 18.4816
      vertex 11.1 45.4232 18.4794
    endloop
  endfacet
  facet normal 3.67857e-05 0.143782 -0.989609
    outer loop
      vertex 20.475 18.0317 14.5
      vertex 10.5178 45.4839 18.4882
      vertex 10.8073 45.4384 18.4816
    endloop
  endfacet
  facet normal 9.63726e-05 0.143803 -0.989606
    outer loop
      vertex 20.475 18.0317 14.5
      vertex 10.2348 45.5591 18.4991
      vertex 10.5178 45.4839 18.4882
    endloop
  endfacet
  facet normal -1.06017e-06 0.14377 -0.989611
    outer loop
      vertex 9.7 45.7954 18.5335
      vertex 20.475 18.0317 14.5
      vertex 4.7 2.2 12.2
    endloop
  endfacet
  facet normal -0.000200577 0.143695 -0.989622
    outer loop
      vertex 20.475 18.0317 14.5
      vertex 9.96114 45.6634 18.5143
      vertex 10.2348 45.5591 18.4991
    endloop
  endfacet
  facet normal -0.000108853 0.143729 -0.989617
    outer loop
      vertex 20.475 18.0317 14.5
      vertex 9.7 45.7954 18.5335
      vertex 9.96114 45.6634 18.5143
    endloop
  endfacet
  facet normal 4.57667e-05 0.143765 -0.989612
    outer loop
      vertex 9.7 45.7954 18.5335
      vertex 4.7 2.2 12.2
      vertex 9.4542 45.9538 18.5565
    endloop
  endfacet
  facet normal -5.58542e-05 0.143775 -0.98961
    outer loop
      vertex 9.4542 45.9538 18.5565
      vertex 4.7 2.2 12.2
      vertex 9.22643 46.1368 18.5831
    endloop
  endfacet
  facet normal -6.96761e-05 0.143777 -0.98961
    outer loop
      vertex 9.22643 46.1368 18.5831
      vertex 4.7 2.2 12.2
      vertex 9.01919 46.3425 18.613
    endloop
  endfacet
  facet normal 0.000158898 0.143755 -0.989613
    outer loop
      vertex 9.01919 46.3425 18.613
      vertex 4.7 2.2 12.2
      vertex 8.83475 46.5685 18.6458
    endloop
  endfacet
  facet normal 0.000260559 0.143746 -0.989615
    outer loop
      vertex 8.83475 46.5685 18.6458
      vertex 4.7 2.2 12.2
      vertex 8.67513 46.8125 18.6812
    endloop
  endfacet
  facet normal -0.000371109 0.143801 -0.989607
    outer loop
      vertex 8.67513 46.8125 18.6812
      vertex 4.7 2.2 12.2
      vertex 8.54207 47.0716 18.7189
    endloop
  endfacet
  facet normal 8.18686e-06 0.143769 -0.989611
    outer loop
      vertex 4.7 84.8 24.2
      vertex 8.3 48.2018 18.8831
      vertex 4.7 2.2 12.2
    endloop
  endfacet
  facet normal 9.29964e-05 0.143763 -0.989612
    outer loop
      vertex 8.31534 47.9113 18.8409
      vertex 4.7 2.2 12.2
      vertex 8.3 48.2018 18.8831
    endloop
  endfacet
  facet normal -0.00088454 0.143838 -0.989601
    outer loop
      vertex 8.36119 47.624 18.7991
      vertex 4.7 2.2 12.2
      vertex 8.31534 47.9113 18.8409
    endloop
  endfacet
  facet normal 8.58233e-05 0.143762 -0.989612
    outer loop
      vertex 8.43704 47.3431 18.7583
      vertex 4.7 2.2 12.2
      vertex 8.36119 47.624 18.7991
    endloop
  endfacet
  facet normal 0.000333594 0.143742 -0.989615
    outer loop
      vertex 8.54207 47.0716 18.7189
      vertex 4.7 2.2 12.2
      vertex 8.43704 47.3431 18.7583
    endloop
  endfacet
  facet normal 0 0.143764 -0.989612
    outer loop
      vertex 36.475 11 13.4784
      vertex 4.7 2.2 12.2
      vertex 20.475 11 13.4784
    endloop
  endfacet
  facet normal 0 0.143768 -0.989611
    outer loop
      vertex 71.3 54.2055 19.7553
      vertex 67.7 48.2018 18.8831
      vertex 67.7 54.2055 19.7553
    endloop
  endfacet
  facet normal -2.829e-06 0.143766 -0.989612
    outer loop
      vertex 54.525 26 15.6576
      vertex 71.3 2.2 12.2
      vertex 55.525 18.0317 14.5
    endloop
  endfacet
  facet normal 0 0.143766 -0.989612
    outer loop
      vertex 54.525 26 15.6576
      vertex 55.525 18.0317 14.5
      vertex 54.525 18.0317 14.5
    endloop
  endfacet
  facet normal -2.87028e-05 0.143786 -0.989609
    outer loop
      vertex 65.1927 45.4384 18.4816
      vertex 54.525 26 15.6576
      vertex 64.9 45.4232 18.4794
    endloop
  endfacet
  facet normal 0 0.143771 -0.989611
    outer loop
      vertex 40.525 26 15.6576
      vertex 64.9 45.4232 18.4794
      vertex 54.525 26 15.6576
    endloop
  endfacet
  facet normal 0 0.143775 -0.98961
    outer loop
      vertex 36.475 18.0317 14.5
      vertex 39.525 18.0317 14.5
      vertex 36.475 11 13.4784
    endloop
  endfacet
  facet normal 0 0.143766 -0.989612
    outer loop
      vertex 39.525 18.0317 14.5
      vertex 36.475 18.0317 14.5
      vertex 40.525 26 15.6576
    endloop
  endfacet
  facet normal 0 0.143766 -0.989612
    outer loop
      vertex 35.475 26 15.6576
      vertex 36.475 18.0317 14.5
      vertex 35.475 18.0317 14.5
    endloop
  endfacet
  facet normal 0 0.143766 -0.989612
    outer loop
      vertex 36.475 18.0317 14.5
      vertex 35.475 26 15.6576
      vertex 40.525 26 15.6576
    endloop
  endfacet
  facet normal 0 0.143771 -0.989611
    outer loop
      vertex 35.475 26 15.6576
      vertex 64.9 45.4232 18.4794
      vertex 40.525 26 15.6576
    endloop
  endfacet
  facet normal 0 0.143771 -0.989611
    outer loop
      vertex 11.1 45.4232 18.4794
      vertex 35.475 26 15.6576
      vertex 21.475 26 15.6576
    endloop
  endfacet
  facet normal 0 0.143771 -0.989611
    outer loop
      vertex 35.475 26 15.6576
      vertex 11.1 45.4232 18.4794
      vertex 64.9 45.4232 18.4794
    endloop
  endfacet
  facet normal -6.32592e-06 0.143767 -0.989612
    outer loop
      vertex 11.1 45.4232 18.4794
      vertex 21.475 26 15.6576
      vertex 20.475 18.0317 14.5
    endloop
  endfacet
  facet normal 0.216188 0.140369 -0.966209
    outer loop
      vertex 2.67746 85.8305 24.2
      vertex 2.67746 3.23054 12.2
      vertex 2.53494 86.05 24.2
    endloop
  endfacet
  facet normal -0.453926 0.891039 0
    outer loop
      vertex 72.55 2.53494 0
      vertex 72.3168 2.41614 12.2
      vertex 72.55 2.53494 12.2
    endloop
  endfacet
  facet normal -0.453926 0.891039 0
    outer loop
      vertex 72.3168 2.41614 12.2
      vertex 72.55 2.53494 0
      vertex 72.3168 2.41614 0
    endloop
  endfacet
  facet normal 0.544642 0.838669 -0
    outer loop
      vertex 3.45 2.53494 0
      vertex 3.23054 2.67746 12.2
      vertex 3.45 2.53494 12.2
    endloop
  endfacet
  facet normal 0.544642 0.838669 0
    outer loop
      vertex 3.23054 2.67746 12.2
      vertex 3.45 2.53494 0
      vertex 3.23054 2.67746 0
    endloop
  endfacet
  facet normal -0.629438 0.777051 0
    outer loop
      vertex 72.9728 2.84214 0
      vertex 72.7695 2.67746 12.2
      vertex 72.9728 2.84214 12.2
    endloop
  endfacet
  facet normal -0.629438 0.777051 0
    outer loop
      vertex 72.7695 2.67746 12.2
      vertex 72.9728 2.84214 0
      vertex 72.7695 2.67746 0
    endloop
  endfacet
  facet normal -0.891039 -0.453926 0
    outer loop
      vertex 73.5839 88.3168 0
      vertex 73.4651 88.55 24.2
      vertex 73.4651 88.55 0
    endloop
  endfacet
  facet normal -0.891039 -0.453926 0
    outer loop
      vertex 73.4651 88.55 24.2
      vertex 73.5839 88.3168 0
      vertex 73.5839 88.3168 24.2
    endloop
  endfacet
  facet normal -0.0523201 0.99863 0
    outer loop
      vertex 71.5613 2.21369 0
      vertex 71.3 2.2 12.2
      vertex 71.5613 2.21369 12.2
    endloop
  endfacet
  facet normal -0.0523201 0.99863 0
    outer loop
      vertex 71.3 2.2 12.2
      vertex 71.5613 2.21369 0
      vertex 71.3 2.2 0
    endloop
  endfacet
  facet normal 0.21615 0.140371 -0.966217
    outer loop
      vertex 2.53494 86.05 24.2
      vertex 2.67746 3.23054 12.2
      vertex 2.53494 3.45 12.2
    endloop
  endfacet
  facet normal 0.777157 0.629307 0
    outer loop
      vertex 2.84214 3.02717 12.2
      vertex 2.67746 3.23054 0
      vertex 2.67746 3.23054 12.2
    endloop
  endfacet
  facet normal 0.777157 0.629307 0
    outer loop
      vertex 2.67746 3.23054 0
      vertex 2.84214 3.02717 12.2
      vertex 2.84214 3.02717 0
    endloop
  endfacet
  facet normal -0.544572 0.838714 0
    outer loop
      vertex 72.7695 2.67746 0
      vertex 72.55 2.53494 12.2
      vertex 72.7695 2.67746 12.2
    endloop
  endfacet
  facet normal -0.544572 0.838714 0
    outer loop
      vertex 72.55 2.53494 12.2
      vertex 72.7695 2.67746 0
      vertex 72.55 2.53494 0
    endloop
  endfacet
  facet normal -0.472228 0.126731 -0.872319
    outer loop
      vertex 73.6776 86.5275 24.2
      vertex 73.735 74.1134 22.3654
      vertex 73.6776 74.1067 22.3955
    endloop
  endfacet
  facet normal -0.472316 0.126724 -0.872272
    outer loop
      vertex 73.735 74.1134 22.3654
      vertex 73.6776 86.5275 24.2
      vertex 73.7454 86.7802 24.2
    endloop
  endfacet
  facet normal -0.472126 0.126738 -0.872373
    outer loop
      vertex 73.6776 54.2595 19.5122
      vertex 73.7188 54.2643 19.4906
      vertex 73.6776 3.92746 12.2
    endloop
  endfacet
  facet normal 0.707107 0.707107 0
    outer loop
      vertex 3.02717 2.84214 12.2
      vertex 2.84214 3.02717 0
      vertex 2.84214 3.02717 12.2
    endloop
  endfacet
  facet normal 0.707107 0.707107 0
    outer loop
      vertex 2.84214 3.02717 0
      vertex 3.02717 2.84214 12.2
      vertex 3.02717 2.84214 0
    endloop
  endfacet
  facet normal -0.0551055 0.143552 -0.988107
    outer loop
      vertex 72.0725 54.2093 19.7381
      vertex 72.3168 2.41614 12.2
      vertex 72.0725 2.32236 12.2
    endloop
  endfacet
  facet normal -0.055152 0.143551 -0.988105
    outer loop
      vertex 72.3168 2.41614 12.2
      vertex 72.0725 54.2093 19.7381
      vertex 72.3168 54.2123 19.7249
    endloop
  endfacet
  facet normal -0.0550934 0.143553 -0.988108
    outer loop
      vertex 72.0725 84.9224 24.2
      vertex 72.3168 74.0594 22.6082
      vertex 72.0725 74.0565 22.6214
    endloop
  endfacet
  facet normal -0.0550592 0.143554 -0.98811
    outer loop
      vertex 72.3168 74.0594 22.6082
      vertex 72.0725 84.9224 24.2
      vertex 72.3168 85.0161 24.2
    endloop
  endfacet
  facet normal 0.271562 0.138366 -0.952423
    outer loop
      vertex 2.53494 86.05 24.2
      vertex 2.53494 3.45 12.2
      vertex 2.41614 3.68316 12.2
    endloop
  endfacet
  facet normal -0.93368 -0.358108 0
    outer loop
      vertex 73.6776 88.0725 0
      vertex 73.5839 88.3168 24.2
      vertex 73.5839 88.3168 0
    endloop
  endfacet
  facet normal -0.93368 -0.358108 0
    outer loop
      vertex 73.5839 88.3168 24.2
      vertex 73.6776 88.0725 0
      vertex 73.6776 88.0725 24.2
    endloop
  endfacet
  facet normal -0.891008 0.453988 0
    outer loop
      vertex 73.4651 3.45 0
      vertex 73.5839 3.68316 12.2
      vertex 73.5839 3.68316 0
    endloop
  endfacet
  facet normal -0.891008 0.453988 0
    outer loop
      vertex 73.5839 3.68316 12.2
      vertex 73.4651 3.45 0
      vertex 73.4651 3.45 12.2
    endloop
  endfacet
  facet normal -0.998628 -0.0523582 0
    outer loop
      vertex 73.8 87.3 4
      vertex 73.7863 87.5613 24.2
      vertex 73.7863 87.5613 4
    endloop
  endfacet
  facet normal -0.998628 -0.0523582 0
    outer loop
      vertex 73.7863 87.5613 24.2
      vertex 73.8 87.3 4
      vertex 73.8 87.3 24.2
    endloop
  endfacet
  facet normal -0.998628 -0.0523582 0
    outer loop
      vertex 73.8 87.3 0
      vertex 73.7863 87.5613 2.6
      vertex 73.7863 87.5613 0
    endloop
  endfacet
  facet normal -0.998628 -0.0523582 0
    outer loop
      vertex 73.7863 87.5613 2.6
      vertex 73.8 87.3 0
      vertex 73.8 87.3 2.6
    endloop
  endfacet
  facet normal 0.0730578 0.143385 -0.986967
    outer loop
      vertex 3.45 2.53494 12.2
      vertex 3.68316 85.0161 24.2
      vertex 3.68316 2.41614 12.2
    endloop
  endfacet
  facet normal 0.0730578 0.143385 -0.986967
    outer loop
      vertex 3.68316 85.0161 24.2
      vertex 3.45 2.53494 12.2
      vertex 3.45 85.1349 24.2
    endloop
  endfacet
  facet normal -0.629253 -0.7772 0
    outer loop
      vertex 72.7695 89.3225 0
      vertex 72.9728 89.1579 24.2
      vertex 72.7695 89.3225 24.2
    endloop
  endfacet
  facet normal -0.629253 -0.7772 -0
    outer loop
      vertex 72.9728 89.1579 24.2
      vertex 72.7695 89.3225 0
      vertex 72.9728 89.1579 0
    endloop
  endfacet
  facet normal -0.0388174 0.143656 -0.988866
    outer loop
      vertex 71.8198 84.8546 24.2
      vertex 72.0725 74.0565 22.6214
      vertex 71.8198 74.0543 22.631
    endloop
  endfacet
  facet normal -0.0385454 0.143664 -0.988876
    outer loop
      vertex 72.0725 74.0565 22.6214
      vertex 71.8198 84.8546 24.2
      vertex 72.0725 84.9224 24.2
    endloop
  endfacet
  facet normal -0.0385053 0.143663 -0.988877
    outer loop
      vertex 71.8198 54.2072 19.7476
      vertex 72.0725 2.32236 12.2
      vertex 71.8198 2.25463 12.2
    endloop
  endfacet
  facet normal -0.0383699 0.143664 -0.988882
    outer loop
      vertex 72.0725 2.32236 12.2
      vertex 71.8198 54.2072 19.7476
      vertex 72.0725 54.2093 19.7381
    endloop
  endfacet
  facet normal 0.1563 -0.98771 0
    outer loop
      vertex 4.18022 89.7454 0
      vertex 4.43868 89.7863 24.2
      vertex 4.18022 89.7454 24.2
    endloop
  endfacet
  facet normal 0.1563 -0.98771 0
    outer loop
      vertex 4.43868 89.7863 24.2
      vertex 4.18022 89.7454 0
      vertex 4.43868 89.7863 0
    endloop
  endfacet
  facet normal -0.838529 0.544857 0
    outer loop
      vertex 73.3225 3.23054 0
      vertex 73.4651 3.45 12.2
      vertex 73.4651 3.45 0
    endloop
  endfacet
  facet normal -0.838529 0.544857 0
    outer loop
      vertex 73.4651 3.45 12.2
      vertex 73.3225 3.23054 0
      vertex 73.3225 3.23054 12.2
    endloop
  endfacet
  facet normal -0.174806 0.141557 -0.974374
    outer loop
      vertex 73.1579 85.6272 24.2
      vertex 73.3225 74.0849 22.4936
      vertex 73.1579 74.0785 22.5222
    endloop
  endfacet
  facet normal -0.174838 0.141556 -0.974368
    outer loop
      vertex 73.3225 74.0849 22.4936
      vertex 73.1579 85.6272 24.2
      vertex 73.3225 85.8305 24.2
    endloop
  endfacet
  facet normal -0.174895 0.141554 -0.974358
    outer loop
      vertex 73.1579 54.2314 19.6389
      vertex 73.3225 3.23054 12.2
      vertex 73.1579 3.02717 12.2
    endloop
  endfacet
  facet normal -0.175296 0.141542 -0.974288
    outer loop
      vertex 73.3225 3.23054 12.2
      vertex 73.1579 54.2314 19.6389
      vertex 73.3225 54.2377 19.6102
    endloop
  endfacet
  facet normal 0.142306 0.142306 -0.97954
    outer loop
      vertex 2.84214 3.02717 12.2
      vertex 3.02717 85.4421 24.2
      vertex 3.02717 2.84214 12.2
    endloop
  endfacet
  facet normal 0.142359 0.142305 -0.979532
    outer loop
      vertex 3.02717 85.4421 24.2
      vertex 2.84214 3.02717 12.2
      vertex 2.84214 85.6272 24.2
    endloop
  endfacet
  facet normal -0.215775 0.140384 -0.966299
    outer loop
      vertex 73.3225 85.8305 24.2
      vertex 73.4445 74.0907 22.4672
      vertex 73.3225 74.0849 22.4936
    endloop
  endfacet
  facet normal -0.216069 0.140371 -0.966235
    outer loop
      vertex 73.4445 74.0907 22.4672
      vertex 73.3225 85.8305 24.2
      vertex 73.4651 86.05 24.2
    endloop
  endfacet
  facet normal -0.215974 0.140375 -0.966256
    outer loop
      vertex 73.3225 54.2377 19.6102
      vertex 73.4103 54.242 19.5912
      vertex 73.3225 3.23054 12.2
    endloop
  endfacet
  facet normal 0.939558 0.0492252 -0.338833
    outer loop
      vertex 2.21369 87.0387 24.2
      vertex 2.2 4.7 12.2
      vertex 2.2 87.3 24.2
    endloop
  endfacet
  facet normal 0.939566 0.0492219 -0.338811
    outer loop
      vertex 2.2 4.7 12.2
      vertex 2.21369 87.0387 24.2
      vertex 2.21369 4.43868 12.2
    endloop
  endfacet
  facet normal -0.706973 0.70724 0
    outer loop
      vertex 72.9728 2.84214 0
      vertex 73.1579 3.02717 12.2
      vertex 73.1579 3.02717 0
    endloop
  endfacet
  facet normal -0.706973 0.70724 0
    outer loop
      vertex 73.1579 3.02717 12.2
      vertex 72.9728 2.84214 0
      vertex 72.9728 2.84214 12.2
    endloop
  endfacet
  facet normal 0.629307 0.777157 -0
    outer loop
      vertex 3.23054 2.67746 0
      vertex 3.02717 2.84214 12.2
      vertex 3.23054 2.67746 12.2
    endloop
  endfacet
  facet normal 0.629307 0.777157 0
    outer loop
      vertex 3.02717 2.84214 12.2
      vertex 3.23054 2.67746 0
      vertex 3.02717 2.84214 0
    endloop
  endfacet
  facet normal 0.0523542 -0.998629 0
    outer loop
      vertex 4.43868 89.7863 0
      vertex 4.7 89.8 24.2
      vertex 4.43868 89.7863 24.2
    endloop
  endfacet
  facet normal 0.0523542 -0.998629 0
    outer loop
      vertex 4.7 89.8 24.2
      vertex 4.43868 89.7863 0
      vertex 4.7 89.8 0
    endloop
  endfacet
  facet normal 0.838714 -0.544572 0
    outer loop
      vertex 2.53494 88.55 24.2
      vertex 2.67746 88.7695 0
      vertex 2.67746 88.7695 24.2
    endloop
  endfacet
  facet normal 0.838714 -0.544572 0
    outer loop
      vertex 2.67746 88.7695 0
      vertex 2.53494 88.55 24.2
      vertex 2.53494 88.55 0
    endloop
  endfacet
  facet normal -0.115677 0.142804 -0.982968
    outer loop
      vertex 72.7695 54.2204 19.6881
      vertex 72.9728 2.84214 12.2
      vertex 72.7695 2.67746 12.2
    endloop
  endfacet
  facet normal -0.115824 0.142801 -0.982951
    outer loop
      vertex 72.9728 2.84214 12.2
      vertex 72.7695 54.2204 19.6881
      vertex 72.9728 54.2256 19.6649
    endloop
  endfacet
  facet normal -0.115278 0.142814 -0.983013
    outer loop
      vertex 72.7695 85.2775 24.2
      vertex 72.9728 74.0727 22.5483
      vertex 72.7695 74.0676 22.5714
    endloop
  endfacet
  facet normal -0.115619 0.142803 -0.982975
    outer loop
      vertex 72.9728 74.0727 22.5483
      vertex 72.7695 85.2775 24.2
      vertex 72.9728 85.4421 24.2
    endloop
  endfacet
  facet normal 0.453988 -0.891008 0
    outer loop
      vertex 3.45 89.4651 0
      vertex 3.68316 89.5839 24.2
      vertex 3.45 89.4651 24.2
    endloop
  endfacet
  facet normal 0.453988 -0.891008 0
    outer loop
      vertex 3.68316 89.5839 24.2
      vertex 3.45 89.4651 0
      vertex 3.68316 89.5839 0
    endloop
  endfacet
  facet normal 0.358375 0.933578 -0
    outer loop
      vertex 3.92746 2.32236 0
      vertex 3.68316 2.41614 12.2
      vertex 3.92746 2.32236 12.2
    endloop
  endfacet
  facet normal 0.358375 0.933578 0
    outer loop
      vertex 3.68316 2.41614 12.2
      vertex 3.92746 2.32236 0
      vertex 3.68316 2.41614 0
    endloop
  endfacet
  facet normal 0.115637 0.142805 -0.982973
    outer loop
      vertex 3.02717 2.84214 12.2
      vertex 3.23054 85.2775 24.2
      vertex 3.23054 2.67746 12.2
    endloop
  endfacet
  facet normal 0.115582 0.142806 -0.982979
    outer loop
      vertex 3.23054 85.2775 24.2
      vertex 3.02717 2.84214 12.2
      vertex 3.02717 85.4421 24.2
    endloop
  endfacet
  facet normal 0.933578 0.358375 0
    outer loop
      vertex 2.41614 3.68316 12.2
      vertex 2.32236 3.92746 0
      vertex 2.32236 3.92746 12.2
    endloop
  endfacet
  facet normal 0.933578 0.358375 0
    outer loop
      vertex 2.32236 3.92746 0
      vertex 2.41614 3.68316 12.2
      vertex 2.41614 3.68316 0
    endloop
  endfacet
  facet normal 0.0551051 0.143551 -0.988108
    outer loop
      vertex 3.68316 2.41614 12.2
      vertex 3.92746 84.9224 24.2
      vertex 3.92746 2.32236 12.2
    endloop
  endfacet
  facet normal 0.0550583 0.143551 -0.98811
    outer loop
      vertex 3.92746 84.9224 24.2
      vertex 3.68316 2.41614 12.2
      vertex 3.68316 85.0161 24.2
    endloop
  endfacet
  facet normal 0.70724 -0.706973 0
    outer loop
      vertex 2.84214 88.9728 24.2
      vertex 3.02717 89.1579 0
      vertex 3.02717 89.1579 24.2
    endloop
  endfacet
  facet normal 0.70724 -0.706973 0
    outer loop
      vertex 3.02717 89.1579 0
      vertex 2.84214 88.9728 24.2
      vertex 2.84214 88.9728 0
    endloop
  endfacet
  facet normal 0.98769 -0.156426 0
    outer loop
      vertex 2.21369 87.5613 24.2
      vertex 2.25463 87.8198 4
      vertex 2.25463 87.8198 24.2
    endloop
  endfacet
  facet normal 0.98769 -0.156426 0
    outer loop
      vertex 2.25463 87.8198 4
      vertex 2.21369 87.5613 24.2
      vertex 2.21369 87.5613 4
    endloop
  endfacet
  facet normal 0.98769 -0.156426 0
    outer loop
      vertex 2.21369 87.5613 2.6
      vertex 2.25463 87.8198 0
      vertex 2.25463 87.8198 2.6
    endloop
  endfacet
  facet normal 0.98769 -0.156426 0
    outer loop
      vertex 2.25463 87.8198 0
      vertex 2.21369 87.5613 2.6
      vertex 2.21369 87.5613 0
    endloop
  endfacet
  facet normal -0.156277 -0.987713 0
    outer loop
      vertex 71.5613 89.7863 0
      vertex 71.8198 89.7454 24.2
      vertex 71.5613 89.7863 24.2
    endloop
  endfacet
  facet normal -0.156277 -0.987713 -0
    outer loop
      vertex 71.8198 89.7454 24.2
      vertex 71.5613 89.7863 0
      vertex 71.8198 89.7454 0
    endloop
  endfacet
  facet normal 0.99863 -0.0523201 0
    outer loop
      vertex 2.2 87.3 24.2
      vertex 2.21369 87.5613 4
      vertex 2.21369 87.5613 24.2
    endloop
  endfacet
  facet normal 0.99863 -0.0523201 0
    outer loop
      vertex 2.21369 87.5613 4
      vertex 2.2 87.3 24.2
      vertex 2.2 87.3 4
    endloop
  endfacet
  facet normal 0.99863 -0.0523201 0
    outer loop
      vertex 2.2 87.3 2.6
      vertex 2.21369 87.5613 0
      vertex 2.21369 87.5613 2.6
    endloop
  endfacet
  facet normal 0.99863 -0.0523201 0
    outer loop
      vertex 2.21369 87.5613 0
      vertex 2.2 87.3 2.6
      vertex 2.2 87.3 0
    endloop
  endfacet
  facet normal -0.35123 0.134609 -0.926562
    outer loop
      vertex 73.5839 86.2832 24.2
      vertex 73.6776 74.1067 22.3955
      vertex 73.5839 74.099 22.4299
    endloop
  endfacet
  facet normal -0.350999 0.134624 -0.926648
    outer loop
      vertex 73.6776 74.1067 22.3955
      vertex 73.5839 86.2832 24.2
      vertex 73.6776 86.5275 24.2
    endloop
  endfacet
  facet normal -0.350993 0.134621 -0.92665
    outer loop
      vertex 73.5839 54.2519 19.5465
      vertex 73.6776 3.92746 12.2
      vertex 73.5839 3.68316 12.2
    endloop
  endfacet
  facet normal -0.350236 0.134664 -0.92693
    outer loop
      vertex 73.6776 3.92746 12.2
      vertex 73.5839 54.2519 19.5465
      vertex 73.6776 54.2595 19.5122
    endloop
  endfacet
  facet normal -0.269283 0.13846 -0.953056
    outer loop
      vertex 73.4651 86.05 24.2
      vertex 73.4823 74.0928 22.458
      vertex 73.4651 74.0917 22.4627
    endloop
  endfacet
  facet normal -0.271563 0.138367 -0.952422
    outer loop
      vertex 73.4651 54.2446 19.5794
      vertex 73.5839 3.68316 12.2
      vertex 73.4651 3.45 12.2
    endloop
  endfacet
  facet normal -0.272485 0.138327 -0.952165
    outer loop
      vertex 73.5839 3.68316 12.2
      vertex 73.4651 54.2446 19.5794
      vertex 73.5109 54.2474 19.5667
    endloop
  endfacet
  facet normal -0.473514 0.12663 -0.871636
    outer loop
      vertex 73.7454 4.18022 12.2
      vertex 73.7188 54.2643 19.4906
      vertex 73.7454 54.2674 19.4766
    endloop
  endfacet
  facet normal -0.472403 0.126717 -0.872226
    outer loop
      vertex 73.7188 54.2643 19.4906
      vertex 73.7454 4.18022 12.2
      vertex 73.6776 3.92746 12.2
    endloop
  endfacet
  facet normal -0.468587 0.127006 -0.87424
    outer loop
      vertex 73.7454 86.7802 24.2
      vertex 73.7454 74.1146 22.36
      vertex 73.735 74.1134 22.3654
    endloop
  endfacet
  facet normal -0.777306 0.629122 0
    outer loop
      vertex 73.1579 3.02717 0
      vertex 73.3225 3.23054 12.2
      vertex 73.3225 3.23054 0
    endloop
  endfacet
  facet normal -0.777306 0.629122 0
    outer loop
      vertex 73.3225 3.23054 12.2
      vertex 73.1579 3.02717 0
      vertex 73.1579 3.02717 12.2
    endloop
  endfacet
  facet normal -0.987713 -0.156277 0
    outer loop
      vertex 73.7863 87.5613 4
      vertex 73.7454 87.8198 24.2
      vertex 73.7454 87.8198 4
    endloop
  endfacet
  facet normal -0.987713 -0.156277 0
    outer loop
      vertex 73.7454 87.8198 24.2
      vertex 73.7863 87.5613 4
      vertex 73.7863 87.5613 24.2
    endloop
  endfacet
  facet normal -0.987713 -0.156277 0
    outer loop
      vertex 73.7863 87.5613 0
      vertex 73.7454 87.8198 2.6
      vertex 73.7454 87.8198 0
    endloop
  endfacet
  facet normal -0.987713 -0.156277 0
    outer loop
      vertex 73.7454 87.8198 2.6
      vertex 73.7863 87.5613 0
      vertex 73.7863 87.5613 2.6
    endloop
  endfacet
  facet normal 0.987686 0.156449 0
    outer loop
      vertex 2.25463 4.18022 12.2
      vertex 2.21369 4.43868 0
      vertex 2.21369 4.43868 12.2
    endloop
  endfacet
  facet normal 0.987686 0.156449 0
    outer loop
      vertex 2.21369 4.43868 0
      vertex 2.25463 4.18022 12.2
      vertex 2.25463 4.18022 0
    endloop
  endfacet
  facet normal 0.998631 0.0523161 0
    outer loop
      vertex 2.21369 4.43868 12.2
      vertex 2.2 4.7 0
      vertex 2.2 4.7 12.2
    endloop
  endfacet
  facet normal 0.998631 0.0523161 0
    outer loop
      vertex 2.2 4.7 0
      vertex 2.21369 4.43868 12.2
      vertex 2.21369 4.43868 0
    endloop
  endfacet
  facet normal -0.358108 -0.93368 0
    outer loop
      vertex 72.0725 89.6776 0
      vertex 72.3168 89.5839 24.2
      vertex 72.0725 89.6776 24.2
    endloop
  endfacet
  facet normal -0.358108 -0.93368 -0
    outer loop
      vertex 72.3168 89.5839 24.2
      vertex 72.0725 89.6776 0
      vertex 72.3168 89.5839 0
    endloop
  endfacet
  facet normal 0 0 -1
    outer loop
      vertex 73.7863 87.0387 24.2
      vertex 73.7863 87.5613 24.2
      vertex 73.8 87.3 24.2
    endloop
  endfacet
  facet normal 0 0 -1
    outer loop
      vertex 73.7454 86.7802 24.2
      vertex 73.7863 87.5613 24.2
      vertex 73.7863 87.0387 24.2
    endloop
  endfacet
  facet normal 0 0 -1
    outer loop
      vertex 73.7454 86.7802 24.2
      vertex 73.7454 87.8198 24.2
      vertex 73.7863 87.5613 24.2
    endloop
  endfacet
  facet normal 0 0 -1
    outer loop
      vertex 73.6776 86.5275 24.2
      vertex 73.7454 87.8198 24.2
      vertex 73.7454 86.7802 24.2
    endloop
  endfacet
  facet normal 0 0 -1
    outer loop
      vertex 73.6776 86.5275 24.2
      vertex 73.6776 88.0725 24.2
      vertex 73.7454 87.8198 24.2
    endloop
  endfacet
  facet normal 0 0 -1
    outer loop
      vertex 73.5839 86.2832 24.2
      vertex 73.6776 88.0725 24.2
      vertex 73.6776 86.5275 24.2
    endloop
  endfacet
  facet normal 0 0 -1
    outer loop
      vertex 73.5839 86.2832 24.2
      vertex 73.5839 88.3168 24.2
      vertex 73.6776 88.0725 24.2
    endloop
  endfacet
  facet normal 0 0 -1
    outer loop
      vertex 73.4651 86.05 24.2
      vertex 73.5839 88.3168 24.2
      vertex 73.5839 86.2832 24.2
    endloop
  endfacet
  facet normal 0 0 -1
    outer loop
      vertex 73.4651 86.05 24.2
      vertex 73.4651 88.55 24.2
      vertex 73.5839 88.3168 24.2
    endloop
  endfacet
  facet normal 0 0 -1
    outer loop
      vertex 73.3225 85.8305 24.2
      vertex 73.4651 88.55 24.2
      vertex 73.4651 86.05 24.2
    endloop
  endfacet
  facet normal 0 0 -1
    outer loop
      vertex 73.3225 85.8305 24.2
      vertex 73.3225 88.7695 24.2
      vertex 73.4651 88.55 24.2
    endloop
  endfacet
  facet normal 0 0 -1
    outer loop
      vertex 73.1579 85.6272 24.2
      vertex 73.3225 88.7695 24.2
      vertex 73.3225 85.8305 24.2
    endloop
  endfacet
  facet normal 0 0 -1
    outer loop
      vertex 73.1579 85.6272 24.2
      vertex 73.1579 88.9728 24.2
      vertex 73.3225 88.7695 24.2
    endloop
  endfacet
  facet normal 0 0 -1
    outer loop
      vertex 72.9728 85.4421 24.2
      vertex 73.1579 88.9728 24.2
      vertex 73.1579 85.6272 24.2
    endloop
  endfacet
  facet normal 0 0 -1
    outer loop
      vertex 72.9728 85.4421 24.2
      vertex 72.9728 89.1579 24.2
      vertex 73.1579 88.9728 24.2
    endloop
  endfacet
  facet normal 0 0 -1
    outer loop
      vertex 72.7695 85.2775 24.2
      vertex 72.9728 89.1579 24.2
      vertex 72.9728 85.4421 24.2
    endloop
  endfacet
  facet normal 0 0 -1
    outer loop
      vertex 72.7695 85.2775 24.2
      vertex 72.7695 89.3225 24.2
      vertex 72.9728 89.1579 24.2
    endloop
  endfacet
  facet normal 0 0 -1
    outer loop
      vertex 72.55 85.1349 24.2
      vertex 72.7695 89.3225 24.2
      vertex 72.7695 85.2775 24.2
    endloop
  endfacet
  facet normal 0 0 -1
    outer loop
      vertex 72.55 85.1349 24.2
      vertex 72.55 89.4651 24.2
      vertex 72.7695 89.3225 24.2
    endloop
  endfacet
  facet normal 0 0 -1
    outer loop
      vertex 72.3168 85.0161 24.2
      vertex 72.55 89.4651 24.2
      vertex 72.55 85.1349 24.2
    endloop
  endfacet
  facet normal 0 0 -1
    outer loop
      vertex 72.3168 85.0161 24.2
      vertex 72.3168 89.5839 24.2
      vertex 72.55 89.4651 24.2
    endloop
  endfacet
  facet normal 0 0 -1
    outer loop
      vertex 72.0725 84.9224 24.2
      vertex 72.3168 89.5839 24.2
      vertex 72.3168 85.0161 24.2
    endloop
  endfacet
  facet normal 0 0 -1
    outer loop
      vertex 72.0725 84.9224 24.2
      vertex 72.0725 89.6776 24.2
      vertex 72.3168 89.5839 24.2
    endloop
  endfacet
  facet normal 0 0 -1
    outer loop
      vertex 71.8198 84.8546 24.2
      vertex 72.0725 89.6776 24.2
      vertex 72.0725 84.9224 24.2
    endloop
  endfacet
  facet normal 0 0 -1
    outer loop
      vertex 71.8198 84.8546 24.2
      vertex 71.8198 89.7454 24.2
      vertex 72.0725 89.6776 24.2
    endloop
  endfacet
  facet normal 0 0 -1
    outer loop
      vertex 71.5613 84.8137 24.2
      vertex 71.8198 89.7454 24.2
      vertex 71.8198 84.8546 24.2
    endloop
  endfacet
  facet normal 0 0 -1
    outer loop
      vertex 71.5613 84.8137 24.2
      vertex 71.5613 89.7863 24.2
      vertex 71.8198 89.7454 24.2
    endloop
  endfacet
  facet normal 0 0 -1
    outer loop
      vertex 71.3 84.8 24.2
      vertex 71.5613 89.7863 24.2
      vertex 71.5613 84.8137 24.2
    endloop
  endfacet
  facet normal 0 0 -1
    outer loop
      vertex 71.3 84.8 24.2
      vertex 71.3 89.8 24.2
      vertex 71.5613 89.7863 24.2
    endloop
  endfacet
  facet normal 0 0 -1
    outer loop
      vertex 4.7 84.8 24.2
      vertex 71.3 89.8 24.2
      vertex 71.3 84.8 24.2
    endloop
  endfacet
  facet normal 0 0 -1
    outer loop
      vertex 4.7 84.8 24.2
      vertex 4.7 89.8 24.2
      vertex 71.3 89.8 24.2
    endloop
  endfacet
  facet normal 0 0 -1
    outer loop
      vertex 4.43868 84.8137 24.2
      vertex 4.7 89.8 24.2
      vertex 4.7 84.8 24.2
    endloop
  endfacet
  facet normal 0 0 -1
    outer loop
      vertex 4.43868 84.8137 24.2
      vertex 4.43868 89.7863 24.2
      vertex 4.7 89.8 24.2
    endloop
  endfacet
  facet normal 0 0 -1
    outer loop
      vertex 4.18022 84.8546 24.2
      vertex 4.43868 89.7863 24.2
      vertex 4.43868 84.8137 24.2
    endloop
  endfacet
  facet normal 0 0 -1
    outer loop
      vertex 4.18022 84.8546 24.2
      vertex 4.18022 89.7454 24.2
      vertex 4.43868 89.7863 24.2
    endloop
  endfacet
  facet normal 0 0 -1
    outer loop
      vertex 3.92746 84.9224 24.2
      vertex 4.18022 89.7454 24.2
      vertex 4.18022 84.8546 24.2
    endloop
  endfacet
  facet normal 0 0 -1
    outer loop
      vertex 3.92746 84.9224 24.2
      vertex 3.92746 89.6776 24.2
      vertex 4.18022 89.7454 24.2
    endloop
  endfacet
  facet normal 0 0 -1
    outer loop
      vertex 3.68316 85.0161 24.2
      vertex 3.92746 89.6776 24.2
      vertex 3.92746 84.9224 24.2
    endloop
  endfacet
  facet normal 0 0 -1
    outer loop
      vertex 3.68316 85.0161 24.2
      vertex 3.68316 89.5839 24.2
      vertex 3.92746 89.6776 24.2
    endloop
  endfacet
  facet normal 0 0 -1
    outer loop
      vertex 3.45 85.1349 24.2
      vertex 3.68316 89.5839 24.2
      vertex 3.68316 85.0161 24.2
    endloop
  endfacet
  facet normal 0 0 -1
    outer loop
      vertex 3.45 85.1349 24.2
      vertex 3.45 89.4651 24.2
      vertex 3.68316 89.5839 24.2
    endloop
  endfacet
  facet normal 0 0 -1
    outer loop
      vertex 3.23054 85.2775 24.2
      vertex 3.45 89.4651 24.2
      vertex 3.45 85.1349 24.2
    endloop
  endfacet
  facet normal 0 0 -1
    outer loop
      vertex 3.23054 85.2775 24.2
      vertex 3.23054 89.3225 24.2
      vertex 3.45 89.4651 24.2
    endloop
  endfacet
  facet normal 0 0 -1
    outer loop
      vertex 3.02717 85.4421 24.2
      vertex 3.23054 89.3225 24.2
      vertex 3.23054 85.2775 24.2
    endloop
  endfacet
  facet normal 0 0 -1
    outer loop
      vertex 3.02717 85.4421 24.2
      vertex 3.02717 89.1579 24.2
      vertex 3.23054 89.3225 24.2
    endloop
  endfacet
  facet normal 0 0 -1
    outer loop
      vertex 2.84214 85.6272 24.2
      vertex 3.02717 89.1579 24.2
      vertex 3.02717 85.4421 24.2
    endloop
  endfacet
  facet normal 0 0 -1
    outer loop
      vertex 2.84214 85.6272 24.2
      vertex 2.84214 88.9728 24.2
      vertex 3.02717 89.1579 24.2
    endloop
  endfacet
  facet normal 0 0 -1
    outer loop
      vertex 2.67746 85.8305 24.2
      vertex 2.84214 88.9728 24.2
      vertex 2.84214 85.6272 24.2
    endloop
  endfacet
  facet normal 0 0 -1
    outer loop
      vertex 2.67746 85.8305 24.2
      vertex 2.67746 88.7695 24.2
      vertex 2.84214 88.9728 24.2
    endloop
  endfacet
  facet normal 0 0 -1
    outer loop
      vertex 2.53494 86.05 24.2
      vertex 2.67746 88.7695 24.2
      vertex 2.67746 85.8305 24.2
    endloop
  endfacet
  facet normal 0 0 -1
    outer loop
      vertex 2.53494 86.05 24.2
      vertex 2.53494 88.55 24.2
      vertex 2.67746 88.7695 24.2
    endloop
  endfacet
  facet normal 0 0 -1
    outer loop
      vertex 2.41614 86.2832 24.2
      vertex 2.53494 88.55 24.2
      vertex 2.53494 86.05 24.2
    endloop
  endfacet
  facet normal 0 0 -1
    outer loop
      vertex 2.41614 86.2832 24.2
      vertex 2.41614 88.3168 24.2
      vertex 2.53494 88.55 24.2
    endloop
  endfacet
  facet normal 0 0 -1
    outer loop
      vertex 2.32236 86.5275 24.2
      vertex 2.41614 88.3168 24.2
      vertex 2.41614 86.2832 24.2
    endloop
  endfacet
  facet normal 0 0 -1
    outer loop
      vertex 2.32236 86.5275 24.2
      vertex 2.32236 88.0725 24.2
      vertex 2.41614 88.3168 24.2
    endloop
  endfacet
  facet normal 0 0 -1
    outer loop
      vertex 2.25463 86.7802 24.2
      vertex 2.32236 88.0725 24.2
      vertex 2.32236 86.5275 24.2
    endloop
  endfacet
  facet normal 0 0 -1
    outer loop
      vertex 2.25463 86.7802 24.2
      vertex 2.25463 87.8198 24.2
      vertex 2.32236 88.0725 24.2
    endloop
  endfacet
  facet normal 0 0 -1
    outer loop
      vertex 2.21369 87.0387 24.2
      vertex 2.25463 87.8198 24.2
      vertex 2.25463 86.7802 24.2
    endloop
  endfacet
  facet normal 0 0 -1
    outer loop
      vertex 2.21369 87.0387 24.2
      vertex 2.21369 87.5613 24.2
      vertex 2.25463 87.8198 24.2
    endloop
  endfacet
  facet normal 0 -0 -1
    outer loop
      vertex 2.21369 87.5613 24.2
      vertex 2.21369 87.0387 24.2
      vertex 2.2 87.3 24.2
    endloop
  endfacet
  facet normal -0.0729545 0.143389 -0.986974
    outer loop
      vertex 72.3168 85.0161 24.2
      vertex 72.55 74.0631 22.5915
      vertex 72.3168 74.0594 22.6082
    endloop
  endfacet
  facet normal -0.0730455 0.143386 -0.986968
    outer loop
      vertex 72.55 74.0631 22.5915
      vertex 72.3168 85.0161 24.2
      vertex 72.55 85.1349 24.2
    endloop
  endfacet
  facet normal -0.0730456 0.143386 -0.986968
    outer loop
      vertex 72.3168 54.2123 19.7249
      vertex 72.55 2.53494 12.2
      vertex 72.3168 2.41614 12.2
    endloop
  endfacet
  facet normal -0.0733755 0.143381 -0.986944
    outer loop
      vertex 72.55 2.53494 12.2
      vertex 72.3168 54.2123 19.7249
      vertex 72.55 54.216 19.7081
    endloop
  endfacet
  facet normal 0.544857 -0.838529 0
    outer loop
      vertex 3.23054 89.3225 0
      vertex 3.45 89.4651 24.2
      vertex 3.23054 89.3225 24.2
    endloop
  endfacet
  facet normal 0.544857 -0.838529 0
    outer loop
      vertex 3.45 89.4651 24.2
      vertex 3.23054 89.3225 0
      vertex 3.45 89.4651 0
    endloop
  endfacet
  facet normal -0.544787 -0.838575 0
    outer loop
      vertex 72.55 89.4651 0
      vertex 72.7695 89.3225 24.2
      vertex 72.55 89.4651 24.2
    endloop
  endfacet
  facet normal -0.544787 -0.838575 -0
    outer loop
      vertex 72.7695 89.3225 24.2
      vertex 72.55 89.4651 0
      vertex 72.7695 89.3225 0
    endloop
  endfacet
  facet normal -0.838575 -0.544787 0
    outer loop
      vertex 73.4651 88.55 0
      vertex 73.3225 88.7695 24.2
      vertex 73.3225 88.7695 0
    endloop
  endfacet
  facet normal -0.838575 -0.544787 0
    outer loop
      vertex 73.3225 88.7695 24.2
      vertex 73.4651 88.55 0
      vertex 73.4651 88.55 24.2
    endloop
  endfacet
  facet normal -1 0 0
    outer loop
      vertex 73.8 87.3 0
      vertex 73.8 78 2.6
      vertex 73.8 87.3 2.6
    endloop
  endfacet
  facet normal -1 0 0
    outer loop
      vertex 73.8 57.4921 4.96567
      vertex 73.8 78 4
      vertex 73.8 78 2.6
    endloop
  endfacet
  facet normal -1 0 0
    outer loop
      vertex 73.8 78 4
      vertex 73.8 57.4921 4.96567
      vertex 73.8 77.0158 9.30428
    endloop
  endfacet
  facet normal -1 0 0
    outer loop
      vertex 73.8 87.3 0
      vertex 73.8 57.4921 4.96567
      vertex 73.8 78 2.6
    endloop
  endfacet
  facet normal -1 0 0
    outer loop
      vertex 73.8 25 4
      vertex 73.8 57.4921 4.96567
      vertex 73.8 25 2.6
    endloop
  endfacet
  facet normal -1 0 0
    outer loop
      vertex 73.8 87.3 0
      vertex 73.8 25 2.6
      vertex 73.8 57.4921 4.96567
    endloop
  endfacet
  facet normal -1 0 0
    outer loop
      vertex 73.8 4.7 0
      vertex 73.8 25 2.6
      vertex 73.8 87.3 0
    endloop
  endfacet
  facet normal -1 -0 0
    outer loop
      vertex 73.8 15 2.6
      vertex 73.8 4.7 0
      vertex 73.8 15 4
    endloop
  endfacet
  facet normal -1 -0 0
    outer loop
      vertex 73.8 25 2.6
      vertex 73.8 4.7 0
      vertex 73.8 15 2.6
    endloop
  endfacet
  facet normal -1 0 0
    outer loop
      vertex 73.8 77.0158 9.30428
      vertex 73.8 87.3 4
      vertex 73.8 78 4
    endloop
  endfacet
  facet normal -1 0 0
    outer loop
      vertex 73.8 87.3 4
      vertex 73.8 77.0158 9.30428
      vertex 73.8 87.3 24.2
    endloop
  endfacet
  facet normal -1 0 0
    outer loop
      vertex 73.8 87.3 24.2
      vertex 73.8 77.0158 9.30428
      vertex 73.8 74.1308 22.2868
    endloop
  endfacet
  facet normal -1 -0 0
    outer loop
      vertex 73.8 57.4921 4.96567
      vertex 73.8 25 4
      vertex 73.8 54.2837 19.4034
    endloop
  endfacet
  facet normal -1 0 0
    outer loop
      vertex 73.8 4.7 12.2
      vertex 73.8 25 4
      vertex 73.8 15 4
    endloop
  endfacet
  facet normal -1 0 0
    outer loop
      vertex 73.8 4.7 12.2
      vertex 73.8 15 4
      vertex 73.8 4.7 0
    endloop
  endfacet
  facet normal -1 0 0
    outer loop
      vertex 73.8 25 4
      vertex 73.8 4.7 12.2
      vertex 73.8 54.2837 19.4034
    endloop
  endfacet
  facet normal -0.96568 -0.259735 -0
    outer loop
      vertex 73.6971 88 4
      vertex 73.6776 88.0725 0
      vertex 73.6971 88 2.6
    endloop
  endfacet
  facet normal -0.965841 -0.259137 1.78609e-05
    outer loop
      vertex 73.7454 87.8198 0
      vertex 73.6971 88 2.6
      vertex 73.6776 88.0725 0
    endloop
  endfacet
  facet normal -0.965905 -0.258897 0
    outer loop
      vertex 73.6971 88 2.6
      vertex 73.7454 87.8198 0
      vertex 73.7454 87.8198 2.6
    endloop
  endfacet
  facet normal -0.96568 -0.259735 0
    outer loop
      vertex 73.6776 88.0725 0
      vertex 73.6971 88 4
      vertex 73.6776 88.0725 24.2
    endloop
  endfacet
  facet normal -0.965905 -0.258897 -3.22407e-06
    outer loop
      vertex 73.7454 87.8198 4
      vertex 73.6776 88.0725 24.2
      vertex 73.6971 88 4
    endloop
  endfacet
  facet normal -0.965841 -0.259137 0
    outer loop
      vertex 73.6776 88.0725 24.2
      vertex 73.7454 87.8198 4
      vertex 73.7454 87.8198 24.2
    endloop
  endfacet
  facet normal -0.939477 0.0492569 -0.339052
    outer loop
      vertex 73.8 74.1308 22.2868
      vertex 73.7863 87.0387 24.2
      vertex 73.8 87.3 24.2
    endloop
  endfacet
  facet normal -0.939522 0.0492388 -0.33893
    outer loop
      vertex 73.7863 87.0387 24.2
      vertex 73.8 74.1308 22.2868
      vertex 73.7863 74.1227 22.3236
    endloop
  endfacet
  facet normal -0.939564 0.0492223 -0.338815
    outer loop
      vertex 73.8 4.7 12.2
      vertex 73.7863 54.2755 19.4402
      vertex 73.8 54.2837 19.4034
    endloop
  endfacet
  facet normal -0.939485 0.0492536 -0.33903
    outer loop
      vertex 73.7863 54.2755 19.4402
      vertex 73.8 4.7 12.2
      vertex 73.7863 4.43868 12.2
    endloop
  endfacet
  facet normal -0.998629 0.0523542 0
    outer loop
      vertex 73.7863 4.43868 0
      vertex 73.8 4.7 12.2
      vertex 73.8 4.7 0
    endloop
  endfacet
  facet normal -0.998629 0.0523542 0
    outer loop
      vertex 73.8 4.7 12.2
      vertex 73.7863 4.43868 0
      vertex 73.7863 4.43868 12.2
    endloop
  endfacet
  facet normal -0.259137 -0.965841 0
    outer loop
      vertex 71.8198 89.7454 0
      vertex 72.0725 89.6776 24.2
      vertex 71.8198 89.7454 24.2
    endloop
  endfacet
  facet normal -0.259137 -0.965841 -0
    outer loop
      vertex 72.0725 89.6776 24.2
      vertex 71.8198 89.7454 0
      vertex 72.0725 89.6776 0
    endloop
  endfacet
  facet normal -0.707107 -0.707107 0
    outer loop
      vertex 73.1579 88.9728 0
      vertex 72.9728 89.1579 24.2
      vertex 72.9728 89.1579 0
    endloop
  endfacet
  facet normal -0.707107 -0.707107 0
    outer loop
      vertex 72.9728 89.1579 24.2
      vertex 73.1579 88.9728 0
      vertex 73.1579 88.9728 24.2
    endloop
  endfacet
  facet normal -1 0 0
    outer loop
      vertex 43 1.4 2.6
      vertex 43 2.2 4
      vertex 43 2.2 2.6
    endloop
  endfacet
  facet normal -1 -0 0
    outer loop
      vertex 43 2.2 4
      vertex 43 1.4 2.6
      vertex 43 1.4 4
    endloop
  endfacet
  facet normal 0 0 -1
    outer loop
      vertex 33 1.4 4
      vertex 43 2.2 4
      vertex 43 1.4 4
    endloop
  endfacet
  facet normal -0 0 -1
    outer loop
      vertex 43 2.2 4
      vertex 33 1.4 4
      vertex 33 2.2 4
    endloop
  endfacet
  facet normal -0 0 1
    outer loop
      vertex 33 2.2 2.6
      vertex 43 1.4 2.6
      vertex 43 2.2 2.6
    endloop
  endfacet
  facet normal 0 0 1
    outer loop
      vertex 43 1.4 2.6
      vertex 33 2.2 2.6
      vertex 33 1.4 2.6
    endloop
  endfacet
  facet normal 1 -0 0
    outer loop
      vertex 33 1.4 4
      vertex 33 2.2 2.6
      vertex 33 2.2 4
    endloop
  endfacet
  facet normal 1 0 0
    outer loop
      vertex 33 2.2 2.6
      vertex 33 1.4 4
      vertex 33 1.4 2.6
    endloop
  endfacet
  facet normal 0 1 -0
    outer loop
      vertex 43 1.4 2.6
      vertex 33 1.4 4
      vertex 43 1.4 4
    endloop
  endfacet
  facet normal 0 1 0
    outer loop
      vertex 33 1.4 4
      vertex 43 1.4 2.6
      vertex 33 1.4 2.6
    endloop
  endfacet
  facet normal -1 0 0
    outer loop
      vertex 43 89.8 2.6
      vertex 43 90.6 4
      vertex 43 90.6 2.6
    endloop
  endfacet
  facet normal -1 -0 0
    outer loop
      vertex 43 90.6 4
      vertex 43 89.8 2.6
      vertex 43 89.8 4
    endloop
  endfacet
  facet normal 0 0 -1
    outer loop
      vertex 33 89.8 4
      vertex 43 90.6 4
      vertex 43 89.8 4
    endloop
  endfacet
  facet normal -0 0 -1
    outer loop
      vertex 43 90.6 4
      vertex 33 89.8 4
      vertex 33 90.6 4
    endloop
  endfacet
  facet normal -0 0 1
    outer loop
      vertex 33 90.6 2.6
      vertex 43 89.8 2.6
      vertex 43 90.6 2.6
    endloop
  endfacet
  facet normal 0 0 1
    outer loop
      vertex 43 89.8 2.6
      vertex 33 90.6 2.6
      vertex 33 89.8 2.6
    endloop
  endfacet
  facet normal 1 -0 0
    outer loop
      vertex 33 89.8 4
      vertex 33 90.6 2.6
      vertex 33 90.6 4
    endloop
  endfacet
  facet normal 1 0 0
    outer loop
      vertex 33 90.6 2.6
      vertex 33 89.8 4
      vertex 33 89.8 2.6
    endloop
  endfacet
  facet normal 0 -1 0
    outer loop
      vertex 33 90.6 2.6
      vertex 43 90.6 4
      vertex 33 90.6 4
    endloop
  endfacet
  facet normal 0 -1 -0
    outer loop
      vertex 43 90.6 4
      vertex 33 90.6 2.6
      vertex 43 90.6 2.6
    endloop
  endfacet
  facet normal -1 0 0
    outer loop
      vertex 44 90 0
      vertex 44 92 2.1
      vertex 44 92 0
    endloop
  endfacet
  facet normal -1 -0 0
    outer loop
      vertex 44 92 2.1
      vertex 44 90 0
      vertex 44 90 2.1
    endloop
  endfacet
  facet normal 0 0 -1
    outer loop
      vertex 32 90 2.1
      vertex 44 92 2.1
      vertex 44 90 2.1
    endloop
  endfacet
  facet normal -0 0 -1
    outer loop
      vertex 44 92 2.1
      vertex 32 90 2.1
      vertex 32 92 2.1
    endloop
  endfacet
  facet normal 1 -0 0
    outer loop
      vertex 32 90 2.1
      vertex 32 92 0
      vertex 32 92 2.1
    endloop
  endfacet
  facet normal 1 0 0
    outer loop
      vertex 32 92 0
      vertex 32 90 2.1
      vertex 32 90 0
    endloop
  endfacet
  facet normal 0 1 -0
    outer loop
      vertex 44 90 0
      vertex 32 90 2.1
      vertex 44 90 2.1
    endloop
  endfacet
  facet normal 0 1 0
    outer loop
      vertex 32 90 2.1
      vertex 44 90 0
      vertex 32 90 0
    endloop
  endfacet
endsolid OpenSCAD_Model
