solid OpenSCAD_Model
  facet normal -0.987684 -0.156463 0
    outer loop
      vertex 17.9726 13.5226 0
      vertex 17.8907 14.0396 1
      vertex 17.8907 14.0396 0
    endloop
  endfacet
  facet normal -0.987684 -0.156463 0
    outer loop
      vertex 17.8907 14.0396 1
      vertex 17.9726 13.5226 0
      vertex 17.9726 13.5226 1
    endloop
  endfacet
  facet normal -0.998628 -0.0523582 0
    outer loop
      vertex 18 13 0
      vertex 17.9726 13.5226 1
      vertex 17.9726 13.5226 0
    endloop
  endfacet
  facet normal -0.998628 -0.0523582 0
    outer loop
      vertex 17.9726 13.5226 1
      vertex 18 13 0
      vertex 18 13 1
    endloop
  endfacet
  facet normal -0.965949 -0.258733 0
    outer loop
      vertex 17.8907 14.0396 0
      vertex 17.7553 14.5451 1
      vertex 17.7553 14.5451 0
    endloop
  endfacet
  facet normal -0.965949 -0.258733 0
    outer loop
      vertex 17.7553 14.5451 1
      vertex 17.8907 14.0396 0
      vertex 17.8907 14.0396 1
    endloop
  endfacet
  facet normal -0.454003 0.891 0
    outer loop
      vertex 15.5 8.66987 0
      vertex 15.0337 8.43227 1
      vertex 15.5 8.66987 1
    endloop
  endfacet
  facet normal -0.454003 0.891 0
    outer loop
      vertex 15.0337 8.43227 1
      vertex 15.5 8.66987 0
      vertex 15.0337 8.43227 0
    endloop
  endfacet
  facet normal 0.777193 -0.629263 0
    outer loop
      vertex 8.95491 15.9389 1
      vertex 9.28428 16.3457 0
      vertex 9.28428 16.3457 1
    endloop
  endfacet
  facet normal 0.777193 -0.629263 0
    outer loop
      vertex 9.28428 16.3457 0
      vertex 8.95491 15.9389 1
      vertex 8.95491 15.9389 0
    endloop
  endfacet
  facet normal 0.933584 0.358358 0
    outer loop
      vertex 8.43227 10.9663 1
      vertex 8.24472 11.4549 0
      vertex 8.24472 11.4549 1
    endloop
  endfacet
  facet normal 0.933584 0.358358 0
    outer loop
      vertex 8.24472 11.4549 0
      vertex 8.43227 10.9663 1
      vertex 8.43227 10.9663 0
    endloop
  endfacet
  facet normal 0.777155 0.629309 0
    outer loop
      vertex 9.28428 9.65435 1
      vertex 8.95491 10.0611 0
      vertex 8.95491 10.0611 1
    endloop
  endfacet
  facet normal 0.777155 0.629309 0
    outer loop
      vertex 8.95491 10.0611 0
      vertex 9.28428 9.65435 1
      vertex 9.28428 9.65435 0
    endloop
  endfacet
  facet normal -0.358441 -0.933552 0
    outer loop
      vertex 14.5451 17.7553 0
      vertex 15.0337 17.5677 1
      vertex 14.5451 17.7553 1
    endloop
  endfacet
  facet normal -0.358441 -0.933552 -0
    outer loop
      vertex 15.0337 17.5677 1
      vertex 14.5451 17.7553 0
      vertex 15.0337 17.5677 0
    endloop
  endfacet
  facet normal -0.933552 0.358441 0
    outer loop
      vertex 17.5677 10.9663 0
      vertex 17.7553 11.4549 1
      vertex 17.7553 11.4549 0
    endloop
  endfacet
  facet normal -0.933552 0.358441 0
    outer loop
      vertex 17.7553 11.4549 1
      vertex 17.5677 10.9663 0
      vertex 17.5677 10.9663 1
    endloop
  endfacet
  facet normal -0.544659 0.838657 0
    outer loop
      vertex 15.9389 8.95491 0
      vertex 15.5 8.66987 1
      vertex 15.9389 8.95491 1
    endloop
  endfacet
  facet normal -0.544659 0.838657 0
    outer loop
      vertex 15.5 8.66987 1
      vertex 15.9389 8.95491 0
      vertex 15.5 8.66987 0
    endloop
  endfacet
  facet normal 0.454003 -0.891 0
    outer loop
      vertex 10.5 17.3301 0
      vertex 10.9663 17.5677 1
      vertex 10.5 17.3301 1
    endloop
  endfacet
  facet normal 0.454003 -0.891 0
    outer loop
      vertex 10.9663 17.5677 1
      vertex 10.5 17.3301 0
      vertex 10.9663 17.5677 0
    endloop
  endfacet
  facet normal -0.156407 0.987693 0
    outer loop
      vertex 14.0396 8.10926 0
      vertex 13.5226 8.02739 1
      vertex 14.0396 8.10926 1
    endloop
  endfacet
  facet normal -0.156407 0.987693 0
    outer loop
      vertex 13.5226 8.02739 1
      vertex 14.0396 8.10926 0
      vertex 13.5226 8.02739 0
    endloop
  endfacet
  facet normal 0.156463 -0.987684 0
    outer loop
      vertex 11.9604 17.8907 0
      vertex 12.4774 17.9726 1
      vertex 11.9604 17.8907 1
    endloop
  endfacet
  facet normal 0.156463 -0.987684 0
    outer loop
      vertex 12.4774 17.9726 1
      vertex 11.9604 17.8907 0
      vertex 12.4774 17.9726 0
    endloop
  endfacet
  facet normal 0.0523392 0.998629 -0
    outer loop
      vertex 13 8 0
      vertex 12.4774 8.02739 1
      vertex 13 8 1
    endloop
  endfacet
  facet normal 0.0523392 0.998629 0
    outer loop
      vertex 12.4774 8.02739 1
      vertex 13 8 0
      vertex 12.4774 8.02739 0
    endloop
  endfacet
  facet normal 0.258733 -0.965949 0
    outer loop
      vertex 11.4549 17.7553 0
      vertex 11.9604 17.8907 1
      vertex 11.4549 17.7553 1
    endloop
  endfacet
  facet normal 0.258733 -0.965949 0
    outer loop
      vertex 11.9604 17.8907 1
      vertex 11.4549 17.7553 0
      vertex 11.9604 17.8907 0
    endloop
  endfacet
  facet normal 0.156407 0.987693 -0
    outer loop
      vertex 12.4774 8.02739 0
      vertex 11.9604 8.10926 1
      vertex 12.4774 8.02739 1
    endloop
  endfacet
  facet normal 0.156407 0.987693 0
    outer loop
      vertex 11.9604 8.10926 1
      vertex 12.4774 8.02739 0
      vertex 11.9604 8.10926 0
    endloop
  endfacet
  facet normal 0.544659 0.838657 -0
    outer loop
      vertex 10.5 8.66987 0
      vertex 10.0611 8.95491 1
      vertex 10.5 8.66987 1
    endloop
  endfacet
  facet normal 0.544659 0.838657 0
    outer loop
      vertex 10.0611 8.95491 1
      vertex 10.5 8.66987 0
      vertex 10.0611 8.95491 0
    endloop
  endfacet
  facet normal -0.629263 0.777193 0
    outer loop
      vertex 16.3457 9.28428 0
      vertex 15.9389 8.95491 1
      vertex 16.3457 9.28428 1
    endloop
  endfacet
  facet normal -0.629263 0.777193 0
    outer loop
      vertex 15.9389 8.95491 1
      vertex 16.3457 9.28428 0
      vertex 15.9389 8.95491 0
    endloop
  endfacet
  facet normal 0.838657 0.544659 0
    outer loop
      vertex 8.95491 10.0611 1
      vertex 8.66987 10.5 0
      vertex 8.66987 10.5 1
    endloop
  endfacet
  facet normal 0.838657 0.544659 0
    outer loop
      vertex 8.66987 10.5 0
      vertex 8.95491 10.0611 1
      vertex 8.95491 10.0611 0
    endloop
  endfacet
  facet normal 0.838657 -0.544659 0
    outer loop
      vertex 8.66987 15.5 1
      vertex 8.95491 15.9389 0
      vertex 8.95491 15.9389 1
    endloop
  endfacet
  facet normal 0.838657 -0.544659 0
    outer loop
      vertex 8.95491 15.9389 0
      vertex 8.66987 15.5 1
      vertex 8.66987 15.5 0
    endloop
  endfacet
  facet normal -0.454003 -0.891 0
    outer loop
      vertex 15.0337 17.5677 0
      vertex 15.5 17.3301 1
      vertex 15.0337 17.5677 1
    endloop
  endfacet
  facet normal -0.454003 -0.891 -0
    outer loop
      vertex 15.5 17.3301 1
      vertex 15.0337 17.5677 0
      vertex 15.5 17.3301 0
    endloop
  endfacet
  facet normal 0.987693 0.156407 0
    outer loop
      vertex 8.10926 11.9604 1
      vertex 8.02739 12.4774 0
      vertex 8.02739 12.4774 1
    endloop
  endfacet
  facet normal 0.987693 0.156407 0
    outer loop
      vertex 8.02739 12.4774 0
      vertex 8.10926 11.9604 1
      vertex 8.10926 11.9604 0
    endloop
  endfacet
  facet normal 0.544605 -0.838692 0
    outer loop
      vertex 10.0611 17.0451 0
      vertex 10.5 17.3301 1
      vertex 10.0611 17.0451 1
    endloop
  endfacet
  facet normal 0.544605 -0.838692 0
    outer loop
      vertex 10.5 17.3301 1
      vertex 10.0611 17.0451 0
      vertex 10.5 17.3301 0
    endloop
  endfacet
  facet normal -0.965949 0.258733 0
    outer loop
      vertex 17.7553 11.4549 0
      vertex 17.8907 11.9604 1
      vertex 17.8907 11.9604 0
    endloop
  endfacet
  facet normal -0.965949 0.258733 0
    outer loop
      vertex 17.8907 11.9604 1
      vertex 17.7553 11.4549 0
      vertex 17.7553 11.4549 1
    endloop
  endfacet
  facet normal -0.544605 -0.838692 0
    outer loop
      vertex 15.5 17.3301 0
      vertex 15.9389 17.0451 1
      vertex 15.5 17.3301 1
    endloop
  endfacet
  facet normal -0.544605 -0.838692 -0
    outer loop
      vertex 15.9389 17.0451 1
      vertex 15.5 17.3301 0
      vertex 15.9389 17.0451 0
    endloop
  endfacet
  facet normal 0.70704 -0.707174 0
    outer loop
      vertex 9.28428 16.3457 1
      vertex 9.65435 16.7157 0
      vertex 9.65435 16.7157 1
    endloop
  endfacet
  facet normal 0.70704 -0.707174 0
    outer loop
      vertex 9.65435 16.7157 0
      vertex 9.28428 16.3457 1
      vertex 9.28428 16.3457 0
    endloop
  endfacet
  facet normal -0.777165 -0.629297 0
    outer loop
      vertex 17.0451 15.9389 0
      vertex 16.7157 16.3457 1
      vertex 16.7157 16.3457 0
    endloop
  endfacet
  facet normal -0.777165 -0.629297 0
    outer loop
      vertex 16.7157 16.3457 1
      vertex 17.0451 15.9389 0
      vertex 17.0451 15.9389 1
    endloop
  endfacet
  facet normal -0.707107 -0.707107 0
    outer loop
      vertex 16.7157 16.3457 0
      vertex 16.3457 16.7157 1
      vertex 16.3457 16.7157 0
    endloop
  endfacet
  facet normal -0.707107 -0.707107 0
    outer loop
      vertex 16.3457 16.7157 1
      vertex 16.7157 16.3457 0
      vertex 16.7157 16.3457 1
    endloop
  endfacet
  facet normal -0.707174 0.70704 0
    outer loop
      vertex 16.3457 9.28428 0
      vertex 16.7157 9.65435 1
      vertex 16.7157 9.65435 0
    endloop
  endfacet
  facet normal -0.707174 0.70704 0
    outer loop
      vertex 16.7157 9.65435 1
      vertex 16.3457 9.28428 0
      vertex 16.3457 9.28428 1
    endloop
  endfacet
  facet normal 0.0523582 -0.998628 0
    outer loop
      vertex 12.4774 17.9726 0
      vertex 13 18 1
      vertex 12.4774 17.9726 1
    endloop
  endfacet
  facet normal 0.0523582 -0.998628 0
    outer loop
      vertex 13 18 1
      vertex 12.4774 17.9726 0
      vertex 13 18 0
    endloop
  endfacet
  facet normal -0.987684 0.156463 0
    outer loop
      vertex 17.8907 11.9604 0
      vertex 17.9726 12.4774 1
      vertex 17.9726 12.4774 0
    endloop
  endfacet
  facet normal -0.987684 0.156463 0
    outer loop
      vertex 17.9726 12.4774 1
      vertex 17.8907 11.9604 0
      vertex 17.8907 11.9604 1
    endloop
  endfacet
  facet normal -0.0523392 0.998629 0
    outer loop
      vertex 13.5226 8.02739 0
      vertex 13 8 1
      vertex 13.5226 8.02739 1
    endloop
  endfacet
  facet normal -0.0523392 0.998629 0
    outer loop
      vertex 13 8 1
      vertex 13.5226 8.02739 0
      vertex 13 8 0
    endloop
  endfacet
  facet normal -0.998628 0.0523582 0
    outer loop
      vertex 17.9726 12.4774 0
      vertex 18 13 1
      vertex 18 13 0
    endloop
  endfacet
  facet normal -0.998628 0.0523582 0
    outer loop
      vertex 18 13 1
      vertex 17.9726 12.4774 0
      vertex 17.9726 12.4774 1
    endloop
  endfacet
  facet normal -0.358358 0.933584 0
    outer loop
      vertex 15.0337 8.43227 0
      vertex 14.5451 8.24472 1
      vertex 15.0337 8.43227 1
    endloop
  endfacet
  facet normal -0.358358 0.933584 0
    outer loop
      vertex 14.5451 8.24472 1
      vertex 15.0337 8.43227 0
      vertex 14.5451 8.24472 0
    endloop
  endfacet
  facet normal -0.25884 0.96592 0
    outer loop
      vertex 14.5451 8.24472 0
      vertex 14.0396 8.10926 1
      vertex 14.5451 8.24472 1
    endloop
  endfacet
  facet normal -0.25884 0.96592 0
    outer loop
      vertex 14.0396 8.10926 1
      vertex 14.5451 8.24472 0
      vertex 14.0396 8.10926 0
    endloop
  endfacet
  facet normal -0.933552 -0.358441 0
    outer loop
      vertex 17.7553 14.5451 0
      vertex 17.5677 15.0337 1
      vertex 17.5677 15.0337 0
    endloop
  endfacet
  facet normal -0.933552 -0.358441 0
    outer loop
      vertex 17.5677 15.0337 1
      vertex 17.7553 14.5451 0
      vertex 17.7553 14.5451 1
    endloop
  endfacet
  facet normal -0.838692 0.544605 0
    outer loop
      vertex 17.0451 10.0611 0
      vertex 17.3301 10.5 1
      vertex 17.3301 10.5 0
    endloop
  endfacet
  facet normal -0.838692 0.544605 0
    outer loop
      vertex 17.3301 10.5 1
      vertex 17.0451 10.0611 0
      vertex 17.0451 10.0611 1
    endloop
  endfacet
  facet normal -0.891 0.454003 0
    outer loop
      vertex 17.3301 10.5 0
      vertex 17.5677 10.9663 1
      vertex 17.5677 10.9663 0
    endloop
  endfacet
  facet normal -0.891 0.454003 0
    outer loop
      vertex 17.5677 10.9663 1
      vertex 17.3301 10.5 0
      vertex 17.3301 10.5 1
    endloop
  endfacet
  facet normal 0 0 -1
    outer loop
      vertex 17.9726 12.4774 1
      vertex 17.9726 13.5226 1
      vertex 18 13 1
    endloop
  endfacet
  facet normal 0 0 -1
    outer loop
      vertex 17.8907 11.9604 1
      vertex 17.9726 13.5226 1
      vertex 17.9726 12.4774 1
    endloop
  endfacet
  facet normal 0 0 -1
    outer loop
      vertex 17.8907 11.9604 1
      vertex 17.8907 14.0396 1
      vertex 17.9726 13.5226 1
    endloop
  endfacet
  facet normal 0 0 -1
    outer loop
      vertex 17.7553 11.4549 1
      vertex 17.8907 14.0396 1
      vertex 17.8907 11.9604 1
    endloop
  endfacet
  facet normal 0 0 -1
    outer loop
      vertex 17.7553 11.4549 1
      vertex 17.7553 14.5451 1
      vertex 17.8907 14.0396 1
    endloop
  endfacet
  facet normal 0 0 -1
    outer loop
      vertex 17.5677 10.9663 1
      vertex 17.7553 14.5451 1
      vertex 17.7553 11.4549 1
    endloop
  endfacet
  facet normal 0 0 -1
    outer loop
      vertex 17.5677 10.9663 1
      vertex 17.5677 15.0337 1
      vertex 17.7553 14.5451 1
    endloop
  endfacet
  facet normal 0 0 -1
    outer loop
      vertex 17.3301 10.5 1
      vertex 17.5677 15.0337 1
      vertex 17.5677 10.9663 1
    endloop
  endfacet
  facet normal 0 0 -1
    outer loop
      vertex 17.3301 10.5 1
      vertex 17.3301 15.5 1
      vertex 17.5677 15.0337 1
    endloop
  endfacet
  facet normal 0 0 -1
    outer loop
      vertex 17.0451 10.0611 1
      vertex 17.3301 15.5 1
      vertex 17.3301 10.5 1
    endloop
  endfacet
  facet normal 0 0 -1
    outer loop
      vertex 17.0451 10.0611 1
      vertex 17.0451 15.9389 1
      vertex 17.3301 15.5 1
    endloop
  endfacet
  facet normal 0 0 -1
    outer loop
      vertex 16.7157 9.65435 1
      vertex 17.0451 15.9389 1
      vertex 17.0451 10.0611 1
    endloop
  endfacet
  facet normal 0 0 -1
    outer loop
      vertex 16.7157 9.65435 1
      vertex 16.7157 16.3457 1
      vertex 17.0451 15.9389 1
    endloop
  endfacet
  facet normal 0 0 -1
    outer loop
      vertex 16.3457 9.28428 1
      vertex 16.7157 16.3457 1
      vertex 16.7157 9.65435 1
    endloop
  endfacet
  facet normal 0 0 -1
    outer loop
      vertex 16.3457 9.28428 1
      vertex 16.3457 16.7157 1
      vertex 16.7157 16.3457 1
    endloop
  endfacet
  facet normal 0 0 -1
    outer loop
      vertex 15.9389 8.95491 1
      vertex 16.3457 16.7157 1
      vertex 16.3457 9.28428 1
    endloop
  endfacet
  facet normal 0 0 -1
    outer loop
      vertex 15.9389 8.95491 1
      vertex 15.9389 17.0451 1
      vertex 16.3457 16.7157 1
    endloop
  endfacet
  facet normal 0 0 -1
    outer loop
      vertex 15.5 8.66987 1
      vertex 15.9389 17.0451 1
      vertex 15.9389 8.95491 1
    endloop
  endfacet
  facet normal 0 0 -1
    outer loop
      vertex 15.5 8.66987 1
      vertex 15.5 17.3301 1
      vertex 15.9389 17.0451 1
    endloop
  endfacet
  facet normal 0 0 -1
    outer loop
      vertex 15.0337 8.43227 1
      vertex 15.5 17.3301 1
      vertex 15.5 8.66987 1
    endloop
  endfacet
  facet normal 0 0 -1
    outer loop
      vertex 15.0337 8.43227 1
      vertex 15.0337 17.5677 1
      vertex 15.5 17.3301 1
    endloop
  endfacet
  facet normal 0 0 -1
    outer loop
      vertex 14.5451 8.24472 1
      vertex 15.0337 17.5677 1
      vertex 15.0337 8.43227 1
    endloop
  endfacet
  facet normal 0 0 -1
    outer loop
      vertex 14.5451 8.24472 1
      vertex 14.5451 17.7553 1
      vertex 15.0337 17.5677 1
    endloop
  endfacet
  facet normal 0 0 -1
    outer loop
      vertex 14.0396 8.10926 1
      vertex 14.5451 17.7553 1
      vertex 14.5451 8.24472 1
    endloop
  endfacet
  facet normal 0 0 -1
    outer loop
      vertex 14.0396 8.10926 1
      vertex 14.0396 17.8907 1
      vertex 14.5451 17.7553 1
    endloop
  endfacet
  facet normal 0 0 -1
    outer loop
      vertex 13.5226 8.02739 1
      vertex 14.0396 17.8907 1
      vertex 14.0396 8.10926 1
    endloop
  endfacet
  facet normal 0 0 -1
    outer loop
      vertex 13.5226 8.02739 1
      vertex 13.5226 17.9726 1
      vertex 14.0396 17.8907 1
    endloop
  endfacet
  facet normal 0 0 -1
    outer loop
      vertex 13 8 1
      vertex 13.5226 17.9726 1
      vertex 13.5226 8.02739 1
    endloop
  endfacet
  facet normal 0 0 -1
    outer loop
      vertex 13 8 1
      vertex 13 18 1
      vertex 13.5226 17.9726 1
    endloop
  endfacet
  facet normal 0 0 -1
    outer loop
      vertex 12.4774 8.02739 1
      vertex 13 18 1
      vertex 13 8 1
    endloop
  endfacet
  facet normal 0 0 -1
    outer loop
      vertex 12.4774 8.02739 1
      vertex 12.4774 17.9726 1
      vertex 13 18 1
    endloop
  endfacet
  facet normal 0 0 -1
    outer loop
      vertex 11.9604 8.10926 1
      vertex 12.4774 17.9726 1
      vertex 12.4774 8.02739 1
    endloop
  endfacet
  facet normal 0 0 -1
    outer loop
      vertex 11.9604 8.10926 1
      vertex 11.9604 17.8907 1
      vertex 12.4774 17.9726 1
    endloop
  endfacet
  facet normal 0 0 -1
    outer loop
      vertex 11.4549 8.24472 1
      vertex 11.9604 17.8907 1
      vertex 11.9604 8.10926 1
    endloop
  endfacet
  facet normal 0 0 -1
    outer loop
      vertex 11.4549 8.24472 1
      vertex 11.4549 17.7553 1
      vertex 11.9604 17.8907 1
    endloop
  endfacet
  facet normal 0 0 -1
    outer loop
      vertex 10.9663 8.43227 1
      vertex 11.4549 17.7553 1
      vertex 11.4549 8.24472 1
    endloop
  endfacet
  facet normal 0 0 -1
    outer loop
      vertex 10.9663 8.43227 1
      vertex 10.9663 17.5677 1
      vertex 11.4549 17.7553 1
    endloop
  endfacet
  facet normal 0 0 -1
    outer loop
      vertex 10.5 8.66987 1
      vertex 10.9663 17.5677 1
      vertex 10.9663 8.43227 1
    endloop
  endfacet
  facet normal 0 0 -1
    outer loop
      vertex 10.5 8.66987 1
      vertex 10.5 17.3301 1
      vertex 10.9663 17.5677 1
    endloop
  endfacet
  facet normal 0 0 -1
    outer loop
      vertex 10.0611 8.95491 1
      vertex 10.5 17.3301 1
      vertex 10.5 8.66987 1
    endloop
  endfacet
  facet normal 0 0 -1
    outer loop
      vertex 10.0611 8.95491 1
      vertex 10.0611 17.0451 1
      vertex 10.5 17.3301 1
    endloop
  endfacet
  facet normal 0 0 -1
    outer loop
      vertex 9.65435 9.28428 1
      vertex 10.0611 17.0451 1
      vertex 10.0611 8.95491 1
    endloop
  endfacet
  facet normal 0 0 -1
    outer loop
      vertex 9.65435 9.28428 1
      vertex 9.65435 16.7157 1
      vertex 10.0611 17.0451 1
    endloop
  endfacet
  facet normal 0 0 -1
    outer loop
      vertex 9.28428 9.65435 1
      vertex 9.65435 16.7157 1
      vertex 9.65435 9.28428 1
    endloop
  endfacet
  facet normal 0 0 -1
    outer loop
      vertex 9.28428 9.65435 1
      vertex 9.28428 16.3457 1
      vertex 9.65435 16.7157 1
    endloop
  endfacet
  facet normal 0 0 -1
    outer loop
      vertex 8.95491 10.0611 1
      vertex 9.28428 16.3457 1
      vertex 9.28428 9.65435 1
    endloop
  endfacet
  facet normal 0 0 -1
    outer loop
      vertex 8.95491 10.0611 1
      vertex 8.95491 15.9389 1
      vertex 9.28428 16.3457 1
    endloop
  endfacet
  facet normal 0 0 -1
    outer loop
      vertex 8.66987 10.5 1
      vertex 8.95491 15.9389 1
      vertex 8.95491 10.0611 1
    endloop
  endfacet
  facet normal 0 0 -1
    outer loop
      vertex 8.66987 10.5 1
      vertex 8.66987 15.5 1
      vertex 8.95491 15.9389 1
    endloop
  endfacet
  facet normal 0 0 -1
    outer loop
      vertex 8.43227 10.9663 1
      vertex 8.66987 15.5 1
      vertex 8.66987 10.5 1
    endloop
  endfacet
  facet normal 0 0 -1
    outer loop
      vertex 8.43227 10.9663 1
      vertex 8.43227 15.0337 1
      vertex 8.66987 15.5 1
    endloop
  endfacet
  facet normal 0 0 -1
    outer loop
      vertex 8.24472 11.4549 1
      vertex 8.43227 15.0337 1
      vertex 8.43227 10.9663 1
    endloop
  endfacet
  facet normal 0 0 -1
    outer loop
      vertex 8.24472 11.4549 1
      vertex 8.24472 14.5451 1
      vertex 8.43227 15.0337 1
    endloop
  endfacet
  facet normal 0 0 -1
    outer loop
      vertex 8.10926 11.9604 1
      vertex 8.24472 14.5451 1
      vertex 8.24472 11.4549 1
    endloop
  endfacet
  facet normal 0 0 -1
    outer loop
      vertex 8.10926 11.9604 1
      vertex 8.10926 14.0396 1
      vertex 8.24472 14.5451 1
    endloop
  endfacet
  facet normal 0 0 -1
    outer loop
      vertex 8.02739 12.4774 1
      vertex 8.10926 14.0396 1
      vertex 8.10926 11.9604 1
    endloop
  endfacet
  facet normal 0 0 -1
    outer loop
      vertex 8.02739 12.4774 1
      vertex 8.02739 13.5226 1
      vertex 8.10926 14.0396 1
    endloop
  endfacet
  facet normal 0 -0 -1
    outer loop
      vertex 8.02739 13.5226 1
      vertex 8.02739 12.4774 1
      vertex 8 13 1
    endloop
  endfacet
  facet normal 0.987693 -0.156407 0
    outer loop
      vertex 8.02739 13.5226 1
      vertex 8.10926 14.0396 0
      vertex 8.10926 14.0396 1
    endloop
  endfacet
  facet normal 0.987693 -0.156407 0
    outer loop
      vertex 8.10926 14.0396 0
      vertex 8.02739 13.5226 1
      vertex 8.02739 13.5226 0
    endloop
  endfacet
  facet normal 0.358441 -0.933552 0
    outer loop
      vertex 10.9663 17.5677 0
      vertex 11.4549 17.7553 1
      vertex 10.9663 17.5677 1
    endloop
  endfacet
  facet normal 0.358441 -0.933552 0
    outer loop
      vertex 11.4549 17.7553 1
      vertex 10.9663 17.5677 0
      vertex 11.4549 17.7553 0
    endloop
  endfacet
  facet normal -0.891 -0.454003 0
    outer loop
      vertex 17.5677 15.0337 0
      vertex 17.3301 15.5 1
      vertex 17.3301 15.5 0
    endloop
  endfacet
  facet normal -0.891 -0.454003 0
    outer loop
      vertex 17.3301 15.5 1
      vertex 17.5677 15.0337 0
      vertex 17.5677 15.0337 1
    endloop
  endfacet
  facet normal -0.838692 -0.544605 0
    outer loop
      vertex 17.3301 15.5 0
      vertex 17.0451 15.9389 1
      vertex 17.0451 15.9389 0
    endloop
  endfacet
  facet normal -0.838692 -0.544605 0
    outer loop
      vertex 17.0451 15.9389 1
      vertex 17.3301 15.5 0
      vertex 17.3301 15.5 1
    endloop
  endfacet
  facet normal 0.629309 0.777155 -0
    outer loop
      vertex 10.0611 8.95491 0
      vertex 9.65435 9.28428 1
      vertex 10.0611 8.95491 1
    endloop
  endfacet
  facet normal 0.629309 0.777155 0
    outer loop
      vertex 9.65435 9.28428 1
      vertex 10.0611 8.95491 0
      vertex 9.65435 9.28428 0
    endloop
  endfacet
  facet normal 0.454003 0.891 -0
    outer loop
      vertex 10.9663 8.43227 0
      vertex 10.5 8.66987 1
      vertex 10.9663 8.43227 1
    endloop
  endfacet
  facet normal 0.454003 0.891 0
    outer loop
      vertex 10.5 8.66987 1
      vertex 10.9663 8.43227 0
      vertex 10.5 8.66987 0
    endloop
  endfacet
  facet normal -0.156463 -0.987684 0
    outer loop
      vertex 13.5226 17.9726 0
      vertex 14.0396 17.8907 1
      vertex 13.5226 17.9726 1
    endloop
  endfacet
  facet normal -0.156463 -0.987684 -0
    outer loop
      vertex 14.0396 17.8907 1
      vertex 13.5226 17.9726 0
      vertex 14.0396 17.8907 0
    endloop
  endfacet
  facet normal -0.629297 -0.777165 0
    outer loop
      vertex 15.9389 17.0451 0
      vertex 16.3457 16.7157 1
      vertex 15.9389 17.0451 1
    endloop
  endfacet
  facet normal -0.629297 -0.777165 -0
    outer loop
      vertex 16.3457 16.7157 1
      vertex 15.9389 17.0451 0
      vertex 16.3457 16.7157 0
    endloop
  endfacet
  facet normal 0.891 0.454003 0
    outer loop
      vertex 8.66987 10.5 1
      vertex 8.43227 10.9663 0
      vertex 8.43227 10.9663 1
    endloop
  endfacet
  facet normal 0.891 0.454003 0
    outer loop
      vertex 8.43227 10.9663 0
      vertex 8.66987 10.5 1
      vertex 8.66987 10.5 0
    endloop
  endfacet
  facet normal -0.0523582 -0.998628 0
    outer loop
      vertex 13 18 0
      vertex 13.5226 17.9726 1
      vertex 13 18 1
    endloop
  endfacet
  facet normal -0.0523582 -0.998628 -0
    outer loop
      vertex 13.5226 17.9726 1
      vertex 13 18 0
      vertex 13.5226 17.9726 0
    endloop
  endfacet
  facet normal 0.96592 0.25884 0
    outer loop
      vertex 8.24472 11.4549 1
      vertex 8.10926 11.9604 0
      vertex 8.10926 11.9604 1
    endloop
  endfacet
  facet normal 0.96592 0.25884 0
    outer loop
      vertex 8.10926 11.9604 0
      vertex 8.24472 11.4549 1
      vertex 8.24472 11.4549 0
    endloop
  endfacet
  facet normal -0.258733 -0.965949 0
    outer loop
      vertex 14.0396 17.8907 0
      vertex 14.5451 17.7553 1
      vertex 14.0396 17.8907 1
    endloop
  endfacet
  facet normal -0.258733 -0.965949 -0
    outer loop
      vertex 14.5451 17.7553 1
      vertex 14.0396 17.8907 0
      vertex 14.5451 17.7553 0
    endloop
  endfacet
  facet normal 0.629344 -0.777127 0
    outer loop
      vertex 9.65435 16.7157 0
      vertex 10.0611 17.0451 1
      vertex 9.65435 16.7157 1
    endloop
  endfacet
  facet normal 0.629344 -0.777127 0
    outer loop
      vertex 10.0611 17.0451 1
      vertex 9.65435 16.7157 0
      vertex 10.0611 17.0451 0
    endloop
  endfacet
  facet normal 0.707107 0.707107 0
    outer loop
      vertex 9.65435 9.28428 1
      vertex 9.28428 9.65435 0
      vertex 9.28428 9.65435 1
    endloop
  endfacet
  facet normal 0.707107 0.707107 0
    outer loop
      vertex 9.28428 9.65435 0
      vertex 9.65435 9.28428 1
      vertex 9.65435 9.28428 0
    endloop
  endfacet
  facet normal 0.358358 0.933584 -0
    outer loop
      vertex 11.4549 8.24472 0
      vertex 10.9663 8.43227 1
      vertex 11.4549 8.24472 1
    endloop
  endfacet
  facet normal 0.358358 0.933584 0
    outer loop
      vertex 10.9663 8.43227 1
      vertex 11.4549 8.24472 0
      vertex 10.9663 8.43227 0
    endloop
  endfacet
  facet normal 0.96592 -0.25884 0
    outer loop
      vertex 8.10926 14.0396 1
      vertex 8.24472 14.5451 0
      vertex 8.24472 14.5451 1
    endloop
  endfacet
  facet normal 0.96592 -0.25884 0
    outer loop
      vertex 8.24472 14.5451 0
      vertex 8.10926 14.0396 1
      vertex 8.10926 14.0396 0
    endloop
  endfacet
  facet normal 0.998629 -0.0523392 0
    outer loop
      vertex 8 13 1
      vertex 8.02739 13.5226 0
      vertex 8.02739 13.5226 1
    endloop
  endfacet
  facet normal 0.998629 -0.0523392 0
    outer loop
      vertex 8.02739 13.5226 0
      vertex 8 13 1
      vertex 8 13 0
    endloop
  endfacet
  facet normal 0.998629 0.0523392 0
    outer loop
      vertex 8.02739 12.4774 1
      vertex 8 13 0
      vertex 8 13 1
    endloop
  endfacet
  facet normal 0.998629 0.0523392 0
    outer loop
      vertex 8 13 0
      vertex 8.02739 12.4774 1
      vertex 8.02739 12.4774 0
    endloop
  endfacet
  facet normal 0.891 -0.454003 0
    outer loop
      vertex 8.43227 15.0337 1
      vertex 8.66987 15.5 0
      vertex 8.66987 15.5 1
    endloop
  endfacet
  facet normal 0.891 -0.454003 0
    outer loop
      vertex 8.66987 15.5 0
      vertex 8.43227 15.0337 1
      vertex 8.43227 15.0337 0
    endloop
  endfacet
  facet normal 0.25884 0.96592 -0
    outer loop
      vertex 11.9604 8.10926 0
      vertex 11.4549 8.24472 1
      vertex 11.9604 8.10926 1
    endloop
  endfacet
  facet normal 0.25884 0.96592 0
    outer loop
      vertex 11.4549 8.24472 1
      vertex 11.9604 8.10926 0
      vertex 11.4549 8.24472 0
    endloop
  endfacet
  facet normal 0.933584 -0.358358 0
    outer loop
      vertex 8.24472 14.5451 1
      vertex 8.43227 15.0337 0
      vertex 8.43227 15.0337 1
    endloop
  endfacet
  facet normal 0.933584 -0.358358 0
    outer loop
      vertex 8.43227 15.0337 0
      vertex 8.24472 14.5451 1
      vertex 8.24472 14.5451 0
    endloop
  endfacet
  facet normal -0.777127 0.629344 0
    outer loop
      vertex 16.7157 9.65435 0
      vertex 17.0451 10.0611 1
      vertex 17.0451 10.0611 0
    endloop
  endfacet
  facet normal -0.777127 0.629344 0
    outer loop
      vertex 17.0451 10.0611 1
      vertex 16.7157 9.65435 0
      vertex 16.7157 9.65435 1
    endloop
  endfacet
  facet normal -0.987684 -0.156463 0
    outer loop
      vertex 67.9726 13.5226 0
      vertex 67.8907 14.0396 1
      vertex 67.8907 14.0396 0
    endloop
  endfacet
  facet normal -0.987684 -0.156463 0
    outer loop
      vertex 67.8907 14.0396 1
      vertex 67.9726 13.5226 0
      vertex 67.9726 13.5226 1
    endloop
  endfacet
  facet normal -0.998628 -0.0523582 0
    outer loop
      vertex 68 13 0
      vertex 67.9726 13.5226 1
      vertex 67.9726 13.5226 0
    endloop
  endfacet
  facet normal -0.998628 -0.0523582 0
    outer loop
      vertex 67.9726 13.5226 1
      vertex 68 13 0
      vertex 68 13 1
    endloop
  endfacet
  facet normal -0.965949 -0.258733 0
    outer loop
      vertex 67.8907 14.0396 0
      vertex 67.7553 14.5451 1
      vertex 67.7553 14.5451 0
    endloop
  endfacet
  facet normal -0.965949 -0.258733 0
    outer loop
      vertex 67.7553 14.5451 1
      vertex 67.8907 14.0396 0
      vertex 67.8907 14.0396 1
    endloop
  endfacet
  facet normal -0.454003 0.891 0
    outer loop
      vertex 65.5 8.66987 0
      vertex 65.0337 8.43227 1
      vertex 65.5 8.66987 1
    endloop
  endfacet
  facet normal -0.454003 0.891 0
    outer loop
      vertex 65.0337 8.43227 1
      vertex 65.5 8.66987 0
      vertex 65.0337 8.43227 0
    endloop
  endfacet
  facet normal 0.777165 -0.629297 0
    outer loop
      vertex 58.9549 15.9389 1
      vertex 59.2843 16.3457 0
      vertex 59.2843 16.3457 1
    endloop
  endfacet
  facet normal 0.777165 -0.629297 0
    outer loop
      vertex 59.2843 16.3457 0
      vertex 58.9549 15.9389 1
      vertex 58.9549 15.9389 0
    endloop
  endfacet
  facet normal 0.933552 0.358441 0
    outer loop
      vertex 58.4323 10.9663 1
      vertex 58.2447 11.4549 0
      vertex 58.2447 11.4549 1
    endloop
  endfacet
  facet normal 0.933552 0.358441 0
    outer loop
      vertex 58.2447 11.4549 0
      vertex 58.4323 10.9663 1
      vertex 58.4323 10.9663 0
    endloop
  endfacet
  facet normal 0.777127 0.629344 0
    outer loop
      vertex 59.2843 9.65435 1
      vertex 58.9549 10.0611 0
      vertex 58.9549 10.0611 1
    endloop
  endfacet
  facet normal 0.777127 0.629344 0
    outer loop
      vertex 58.9549 10.0611 0
      vertex 59.2843 9.65435 1
      vertex 59.2843 9.65435 0
    endloop
  endfacet
  facet normal -0.358441 -0.933552 0
    outer loop
      vertex 64.5451 17.7553 0
      vertex 65.0337 17.5677 1
      vertex 64.5451 17.7553 1
    endloop
  endfacet
  facet normal -0.358441 -0.933552 -0
    outer loop
      vertex 65.0337 17.5677 1
      vertex 64.5451 17.7553 0
      vertex 65.0337 17.5677 0
    endloop
  endfacet
  facet normal -0.933552 0.358441 0
    outer loop
      vertex 67.5677 10.9663 0
      vertex 67.7553 11.4549 1
      vertex 67.7553 11.4549 0
    endloop
  endfacet
  facet normal -0.933552 0.358441 0
    outer loop
      vertex 67.7553 11.4549 1
      vertex 67.5677 10.9663 0
      vertex 67.5677 10.9663 1
    endloop
  endfacet
  facet normal -0.544659 0.838657 0
    outer loop
      vertex 65.9389 8.95491 0
      vertex 65.5 8.66987 1
      vertex 65.9389 8.95491 1
    endloop
  endfacet
  facet normal -0.544659 0.838657 0
    outer loop
      vertex 65.5 8.66987 1
      vertex 65.9389 8.95491 0
      vertex 65.5 8.66987 0
    endloop
  endfacet
  facet normal 0.454003 -0.891 0
    outer loop
      vertex 60.5 17.3301 0
      vertex 60.9663 17.5677 1
      vertex 60.5 17.3301 1
    endloop
  endfacet
  facet normal 0.454003 -0.891 0
    outer loop
      vertex 60.9663 17.5677 1
      vertex 60.5 17.3301 0
      vertex 60.9663 17.5677 0
    endloop
  endfacet
  facet normal -0.156407 0.987693 0
    outer loop
      vertex 64.0396 8.10926 0
      vertex 63.5226 8.02739 1
      vertex 64.0396 8.10926 1
    endloop
  endfacet
  facet normal -0.156407 0.987693 0
    outer loop
      vertex 63.5226 8.02739 1
      vertex 64.0396 8.10926 0
      vertex 63.5226 8.02739 0
    endloop
  endfacet
  facet normal 0.156463 -0.987684 0
    outer loop
      vertex 61.9604 17.8907 0
      vertex 62.4774 17.9726 1
      vertex 61.9604 17.8907 1
    endloop
  endfacet
  facet normal 0.156463 -0.987684 0
    outer loop
      vertex 62.4774 17.9726 1
      vertex 61.9604 17.8907 0
      vertex 62.4774 17.9726 0
    endloop
  endfacet
  facet normal 0.0523392 0.998629 -0
    outer loop
      vertex 63 8 0
      vertex 62.4774 8.02739 1
      vertex 63 8 1
    endloop
  endfacet
  facet normal 0.0523392 0.998629 0
    outer loop
      vertex 62.4774 8.02739 1
      vertex 63 8 0
      vertex 62.4774 8.02739 0
    endloop
  endfacet
  facet normal 0.258733 -0.965949 0
    outer loop
      vertex 61.4549 17.7553 0
      vertex 61.9604 17.8907 1
      vertex 61.4549 17.7553 1
    endloop
  endfacet
  facet normal 0.258733 -0.965949 0
    outer loop
      vertex 61.9604 17.8907 1
      vertex 61.4549 17.7553 0
      vertex 61.9604 17.8907 0
    endloop
  endfacet
  facet normal 0.156407 0.987693 -0
    outer loop
      vertex 62.4774 8.02739 0
      vertex 61.9604 8.10926 1
      vertex 62.4774 8.02739 1
    endloop
  endfacet
  facet normal 0.156407 0.987693 0
    outer loop
      vertex 61.9604 8.10926 1
      vertex 62.4774 8.02739 0
      vertex 61.9604 8.10926 0
    endloop
  endfacet
  facet normal 0.544659 0.838657 -0
    outer loop
      vertex 60.5 8.66987 0
      vertex 60.0611 8.95491 1
      vertex 60.5 8.66987 1
    endloop
  endfacet
  facet normal 0.544659 0.838657 0
    outer loop
      vertex 60.0611 8.95491 1
      vertex 60.5 8.66987 0
      vertex 60.0611 8.95491 0
    endloop
  endfacet
  facet normal -0.629356 0.777117 0
    outer loop
      vertex 66.3456 9.28428 0
      vertex 65.9389 8.95491 1
      vertex 66.3456 9.28428 1
    endloop
  endfacet
  facet normal -0.629356 0.777117 0
    outer loop
      vertex 65.9389 8.95491 1
      vertex 66.3456 9.28428 0
      vertex 65.9389 8.95491 0
    endloop
  endfacet
  facet normal 0.838692 0.544605 0
    outer loop
      vertex 58.9549 10.0611 1
      vertex 58.6699 10.5 0
      vertex 58.6699 10.5 1
    endloop
  endfacet
  facet normal 0.838692 0.544605 0
    outer loop
      vertex 58.6699 10.5 0
      vertex 58.9549 10.0611 1
      vertex 58.9549 10.0611 0
    endloop
  endfacet
  facet normal 0.838692 -0.544605 0
    outer loop
      vertex 58.6699 15.5 1
      vertex 58.9549 15.9389 0
      vertex 58.9549 15.9389 1
    endloop
  endfacet
  facet normal 0.838692 -0.544605 0
    outer loop
      vertex 58.9549 15.9389 0
      vertex 58.6699 15.5 1
      vertex 58.6699 15.5 0
    endloop
  endfacet
  facet normal -0.454003 -0.891 0
    outer loop
      vertex 65.0337 17.5677 0
      vertex 65.5 17.3301 1
      vertex 65.0337 17.5677 1
    endloop
  endfacet
  facet normal -0.454003 -0.891 -0
    outer loop
      vertex 65.5 17.3301 1
      vertex 65.0337 17.5677 0
      vertex 65.5 17.3301 0
    endloop
  endfacet
  facet normal 0.987684 0.156463 0
    outer loop
      vertex 58.1093 11.9604 1
      vertex 58.0274 12.4774 0
      vertex 58.0274 12.4774 1
    endloop
  endfacet
  facet normal 0.987684 0.156463 0
    outer loop
      vertex 58.0274 12.4774 0
      vertex 58.1093 11.9604 1
      vertex 58.1093 11.9604 0
    endloop
  endfacet
  facet normal 0.544605 -0.838692 0
    outer loop
      vertex 60.0611 17.0451 0
      vertex 60.5 17.3301 1
      vertex 60.0611 17.0451 1
    endloop
  endfacet
  facet normal 0.544605 -0.838692 0
    outer loop
      vertex 60.5 17.3301 1
      vertex 60.0611 17.0451 0
      vertex 60.5 17.3301 0
    endloop
  endfacet
  facet normal -0.965949 0.258733 0
    outer loop
      vertex 67.7553 11.4549 0
      vertex 67.8907 11.9604 1
      vertex 67.8907 11.9604 0
    endloop
  endfacet
  facet normal -0.965949 0.258733 0
    outer loop
      vertex 67.8907 11.9604 1
      vertex 67.7553 11.4549 0
      vertex 67.7553 11.4549 1
    endloop
  endfacet
  facet normal -0.544605 -0.838692 0
    outer loop
      vertex 65.5 17.3301 0
      vertex 65.9389 17.0451 1
      vertex 65.5 17.3301 1
    endloop
  endfacet
  facet normal -0.544605 -0.838692 -0
    outer loop
      vertex 65.9389 17.0451 1
      vertex 65.5 17.3301 0
      vertex 65.9389 17.0451 0
    endloop
  endfacet
  facet normal 0.707107 -0.707107 0
    outer loop
      vertex 59.2843 16.3457 1
      vertex 59.6543 16.7157 0
      vertex 59.6543 16.7157 1
    endloop
  endfacet
  facet normal 0.707107 -0.707107 0
    outer loop
      vertex 59.6543 16.7157 0
      vertex 59.2843 16.3457 1
      vertex 59.2843 16.3457 0
    endloop
  endfacet
  facet normal -0.777165 -0.629297 0
    outer loop
      vertex 67.0451 15.9389 0
      vertex 66.7157 16.3457 1
      vertex 66.7157 16.3457 0
    endloop
  endfacet
  facet normal -0.777165 -0.629297 0
    outer loop
      vertex 66.7157 16.3457 1
      vertex 67.0451 15.9389 0
      vertex 67.0451 15.9389 1
    endloop
  endfacet
  facet normal -0.707011 -0.707202 0
    outer loop
      vertex 66.7157 16.3457 0
      vertex 66.3456 16.7157 1
      vertex 66.3456 16.7157 0
    endloop
  endfacet
  facet normal -0.707011 -0.707202 0
    outer loop
      vertex 66.3456 16.7157 1
      vertex 66.7157 16.3457 0
      vertex 66.7157 16.3457 1
    endloop
  endfacet
  facet normal -0.707078 0.707135 0
    outer loop
      vertex 66.3456 9.28428 0
      vertex 66.7157 9.65435 1
      vertex 66.7157 9.65435 0
    endloop
  endfacet
  facet normal -0.707078 0.707135 0
    outer loop
      vertex 66.7157 9.65435 1
      vertex 66.3456 9.28428 0
      vertex 66.3456 9.28428 1
    endloop
  endfacet
  facet normal 0.0523582 -0.998628 0
    outer loop
      vertex 62.4774 17.9726 0
      vertex 63 18 1
      vertex 62.4774 17.9726 1
    endloop
  endfacet
  facet normal 0.0523582 -0.998628 0
    outer loop
      vertex 63 18 1
      vertex 62.4774 17.9726 0
      vertex 63 18 0
    endloop
  endfacet
  facet normal -0.987684 0.156463 0
    outer loop
      vertex 67.8907 11.9604 0
      vertex 67.9726 12.4774 1
      vertex 67.9726 12.4774 0
    endloop
  endfacet
  facet normal -0.987684 0.156463 0
    outer loop
      vertex 67.9726 12.4774 1
      vertex 67.8907 11.9604 0
      vertex 67.8907 11.9604 1
    endloop
  endfacet
  facet normal -0.0523392 0.998629 0
    outer loop
      vertex 63.5226 8.02739 0
      vertex 63 8 1
      vertex 63.5226 8.02739 1
    endloop
  endfacet
  facet normal -0.0523392 0.998629 0
    outer loop
      vertex 63 8 1
      vertex 63.5226 8.02739 0
      vertex 63 8 0
    endloop
  endfacet
  facet normal -0.998628 0.0523582 0
    outer loop
      vertex 67.9726 12.4774 0
      vertex 68 13 1
      vertex 68 13 0
    endloop
  endfacet
  facet normal -0.998628 0.0523582 0
    outer loop
      vertex 68 13 1
      vertex 67.9726 12.4774 0
      vertex 67.9726 12.4774 1
    endloop
  endfacet
  facet normal -0.358358 0.933584 0
    outer loop
      vertex 65.0337 8.43227 0
      vertex 64.5451 8.24472 1
      vertex 65.0337 8.43227 1
    endloop
  endfacet
  facet normal -0.358358 0.933584 0
    outer loop
      vertex 64.5451 8.24472 1
      vertex 65.0337 8.43227 0
      vertex 64.5451 8.24472 0
    endloop
  endfacet
  facet normal -0.25884 0.96592 0
    outer loop
      vertex 64.5451 8.24472 0
      vertex 64.0396 8.10926 1
      vertex 64.5451 8.24472 1
    endloop
  endfacet
  facet normal -0.25884 0.96592 0
    outer loop
      vertex 64.0396 8.10926 1
      vertex 64.5451 8.24472 0
      vertex 64.0396 8.10926 0
    endloop
  endfacet
  facet normal -0.933552 -0.358441 0
    outer loop
      vertex 67.7553 14.5451 0
      vertex 67.5677 15.0337 1
      vertex 67.5677 15.0337 0
    endloop
  endfacet
  facet normal -0.933552 -0.358441 0
    outer loop
      vertex 67.5677 15.0337 1
      vertex 67.7553 14.5451 0
      vertex 67.7553 14.5451 1
    endloop
  endfacet
  facet normal -0.838692 0.544605 0
    outer loop
      vertex 67.0451 10.0611 0
      vertex 67.3301 10.5 1
      vertex 67.3301 10.5 0
    endloop
  endfacet
  facet normal -0.838692 0.544605 0
    outer loop
      vertex 67.3301 10.5 1
      vertex 67.0451 10.0611 0
      vertex 67.0451 10.0611 1
    endloop
  endfacet
  facet normal -0.891 0.454003 0
    outer loop
      vertex 67.3301 10.5 0
      vertex 67.5677 10.9663 1
      vertex 67.5677 10.9663 0
    endloop
  endfacet
  facet normal -0.891 0.454003 0
    outer loop
      vertex 67.5677 10.9663 1
      vertex 67.3301 10.5 0
      vertex 67.3301 10.5 1
    endloop
  endfacet
  facet normal 0 0 -1
    outer loop
      vertex 67.9726 12.4774 1
      vertex 67.9726 13.5226 1
      vertex 68 13 1
    endloop
  endfacet
  facet normal 0 0 -1
    outer loop
      vertex 67.8907 11.9604 1
      vertex 67.9726 13.5226 1
      vertex 67.9726 12.4774 1
    endloop
  endfacet
  facet normal 0 0 -1
    outer loop
      vertex 67.8907 11.9604 1
      vertex 67.8907 14.0396 1
      vertex 67.9726 13.5226 1
    endloop
  endfacet
  facet normal 0 0 -1
    outer loop
      vertex 67.7553 11.4549 1
      vertex 67.8907 14.0396 1
      vertex 67.8907 11.9604 1
    endloop
  endfacet
  facet normal 0 0 -1
    outer loop
      vertex 67.7553 11.4549 1
      vertex 67.7553 14.5451 1
      vertex 67.8907 14.0396 1
    endloop
  endfacet
  facet normal 0 0 -1
    outer loop
      vertex 67.5677 10.9663 1
      vertex 67.7553 14.5451 1
      vertex 67.7553 11.4549 1
    endloop
  endfacet
  facet normal 0 0 -1
    outer loop
      vertex 67.5677 10.9663 1
      vertex 67.5677 15.0337 1
      vertex 67.7553 14.5451 1
    endloop
  endfacet
  facet normal 0 0 -1
    outer loop
      vertex 67.3301 10.5 1
      vertex 67.5677 15.0337 1
      vertex 67.5677 10.9663 1
    endloop
  endfacet
  facet normal 0 0 -1
    outer loop
      vertex 67.3301 10.5 1
      vertex 67.3301 15.5 1
      vertex 67.5677 15.0337 1
    endloop
  endfacet
  facet normal 0 0 -1
    outer loop
      vertex 67.0451 10.0611 1
      vertex 67.3301 15.5 1
      vertex 67.3301 10.5 1
    endloop
  endfacet
  facet normal 0 0 -1
    outer loop
      vertex 67.0451 10.0611 1
      vertex 67.0451 15.9389 1
      vertex 67.3301 15.5 1
    endloop
  endfacet
  facet normal 0 0 -1
    outer loop
      vertex 66.7157 9.65435 1
      vertex 67.0451 15.9389 1
      vertex 67.0451 10.0611 1
    endloop
  endfacet
  facet normal 0 0 -1
    outer loop
      vertex 66.7157 9.65435 1
      vertex 66.7157 16.3457 1
      vertex 67.0451 15.9389 1
    endloop
  endfacet
  facet normal 0 0 -1
    outer loop
      vertex 66.3456 9.28428 1
      vertex 66.7157 16.3457 1
      vertex 66.7157 9.65435 1
    endloop
  endfacet
  facet normal 0 0 -1
    outer loop
      vertex 66.3456 9.28428 1
      vertex 66.3456 16.7157 1
      vertex 66.7157 16.3457 1
    endloop
  endfacet
  facet normal 0 0 -1
    outer loop
      vertex 65.9389 8.95491 1
      vertex 66.3456 16.7157 1
      vertex 66.3456 9.28428 1
    endloop
  endfacet
  facet normal 0 0 -1
    outer loop
      vertex 65.9389 8.95491 1
      vertex 65.9389 17.0451 1
      vertex 66.3456 16.7157 1
    endloop
  endfacet
  facet normal 0 0 -1
    outer loop
      vertex 65.5 8.66987 1
      vertex 65.9389 17.0451 1
      vertex 65.9389 8.95491 1
    endloop
  endfacet
  facet normal 0 0 -1
    outer loop
      vertex 65.5 8.66987 1
      vertex 65.5 17.3301 1
      vertex 65.9389 17.0451 1
    endloop
  endfacet
  facet normal 0 0 -1
    outer loop
      vertex 65.0337 8.43227 1
      vertex 65.5 17.3301 1
      vertex 65.5 8.66987 1
    endloop
  endfacet
  facet normal 0 0 -1
    outer loop
      vertex 65.0337 8.43227 1
      vertex 65.0337 17.5677 1
      vertex 65.5 17.3301 1
    endloop
  endfacet
  facet normal 0 0 -1
    outer loop
      vertex 64.5451 8.24472 1
      vertex 65.0337 17.5677 1
      vertex 65.0337 8.43227 1
    endloop
  endfacet
  facet normal 0 0 -1
    outer loop
      vertex 64.5451 8.24472 1
      vertex 64.5451 17.7553 1
      vertex 65.0337 17.5677 1
    endloop
  endfacet
  facet normal 0 0 -1
    outer loop
      vertex 64.0396 8.10926 1
      vertex 64.5451 17.7553 1
      vertex 64.5451 8.24472 1
    endloop
  endfacet
  facet normal 0 0 -1
    outer loop
      vertex 64.0396 8.10926 1
      vertex 64.0396 17.8907 1
      vertex 64.5451 17.7553 1
    endloop
  endfacet
  facet normal 0 0 -1
    outer loop
      vertex 63.5226 8.02739 1
      vertex 64.0396 17.8907 1
      vertex 64.0396 8.10926 1
    endloop
  endfacet
  facet normal 0 0 -1
    outer loop
      vertex 63.5226 8.02739 1
      vertex 63.5226 17.9726 1
      vertex 64.0396 17.8907 1
    endloop
  endfacet
  facet normal 0 0 -1
    outer loop
      vertex 63 8 1
      vertex 63.5226 17.9726 1
      vertex 63.5226 8.02739 1
    endloop
  endfacet
  facet normal 0 0 -1
    outer loop
      vertex 63 8 1
      vertex 63 18 1
      vertex 63.5226 17.9726 1
    endloop
  endfacet
  facet normal 0 0 -1
    outer loop
      vertex 62.4774 8.02739 1
      vertex 63 18 1
      vertex 63 8 1
    endloop
  endfacet
  facet normal 0 0 -1
    outer loop
      vertex 62.4774 8.02739 1
      vertex 62.4774 17.9726 1
      vertex 63 18 1
    endloop
  endfacet
  facet normal 0 0 -1
    outer loop
      vertex 61.9604 8.10926 1
      vertex 62.4774 17.9726 1
      vertex 62.4774 8.02739 1
    endloop
  endfacet
  facet normal 0 0 -1
    outer loop
      vertex 61.9604 8.10926 1
      vertex 61.9604 17.8907 1
      vertex 62.4774 17.9726 1
    endloop
  endfacet
  facet normal 0 0 -1
    outer loop
      vertex 61.4549 8.24472 1
      vertex 61.9604 17.8907 1
      vertex 61.9604 8.10926 1
    endloop
  endfacet
  facet normal 0 0 -1
    outer loop
      vertex 61.4549 8.24472 1
      vertex 61.4549 17.7553 1
      vertex 61.9604 17.8907 1
    endloop
  endfacet
  facet normal 0 0 -1
    outer loop
      vertex 60.9663 8.43227 1
      vertex 61.4549 17.7553 1
      vertex 61.4549 8.24472 1
    endloop
  endfacet
  facet normal 0 0 -1
    outer loop
      vertex 60.9663 8.43227 1
      vertex 60.9663 17.5677 1
      vertex 61.4549 17.7553 1
    endloop
  endfacet
  facet normal 0 0 -1
    outer loop
      vertex 60.5 8.66987 1
      vertex 60.9663 17.5677 1
      vertex 60.9663 8.43227 1
    endloop
  endfacet
  facet normal 0 0 -1
    outer loop
      vertex 60.5 8.66987 1
      vertex 60.5 17.3301 1
      vertex 60.9663 17.5677 1
    endloop
  endfacet
  facet normal 0 0 -1
    outer loop
      vertex 60.0611 8.95491 1
      vertex 60.5 17.3301 1
      vertex 60.5 8.66987 1
    endloop
  endfacet
  facet normal 0 0 -1
    outer loop
      vertex 60.0611 8.95491 1
      vertex 60.0611 17.0451 1
      vertex 60.5 17.3301 1
    endloop
  endfacet
  facet normal 0 0 -1
    outer loop
      vertex 59.6543 9.28428 1
      vertex 60.0611 17.0451 1
      vertex 60.0611 8.95491 1
    endloop
  endfacet
  facet normal 0 0 -1
    outer loop
      vertex 59.6543 9.28428 1
      vertex 59.6543 16.7157 1
      vertex 60.0611 17.0451 1
    endloop
  endfacet
  facet normal 0 0 -1
    outer loop
      vertex 59.2843 9.65435 1
      vertex 59.6543 16.7157 1
      vertex 59.6543 9.28428 1
    endloop
  endfacet
  facet normal 0 0 -1
    outer loop
      vertex 59.2843 9.65435 1
      vertex 59.2843 16.3457 1
      vertex 59.6543 16.7157 1
    endloop
  endfacet
  facet normal 0 0 -1
    outer loop
      vertex 58.9549 10.0611 1
      vertex 59.2843 16.3457 1
      vertex 59.2843 9.65435 1
    endloop
  endfacet
  facet normal 0 0 -1
    outer loop
      vertex 58.9549 10.0611 1
      vertex 58.9549 15.9389 1
      vertex 59.2843 16.3457 1
    endloop
  endfacet
  facet normal 0 0 -1
    outer loop
      vertex 58.6699 10.5 1
      vertex 58.9549 15.9389 1
      vertex 58.9549 10.0611 1
    endloop
  endfacet
  facet normal 0 0 -1
    outer loop
      vertex 58.6699 10.5 1
      vertex 58.6699 15.5 1
      vertex 58.9549 15.9389 1
    endloop
  endfacet
  facet normal 0 0 -1
    outer loop
      vertex 58.4323 10.9663 1
      vertex 58.6699 15.5 1
      vertex 58.6699 10.5 1
    endloop
  endfacet
  facet normal 0 0 -1
    outer loop
      vertex 58.4323 10.9663 1
      vertex 58.4323 15.0337 1
      vertex 58.6699 15.5 1
    endloop
  endfacet
  facet normal 0 0 -1
    outer loop
      vertex 58.2447 11.4549 1
      vertex 58.4323 15.0337 1
      vertex 58.4323 10.9663 1
    endloop
  endfacet
  facet normal 0 0 -1
    outer loop
      vertex 58.2447 11.4549 1
      vertex 58.2447 14.5451 1
      vertex 58.4323 15.0337 1
    endloop
  endfacet
  facet normal 0 0 -1
    outer loop
      vertex 58.1093 11.9604 1
      vertex 58.2447 14.5451 1
      vertex 58.2447 11.4549 1
    endloop
  endfacet
  facet normal 0 0 -1
    outer loop
      vertex 58.1093 11.9604 1
      vertex 58.1093 14.0396 1
      vertex 58.2447 14.5451 1
    endloop
  endfacet
  facet normal 0 0 -1
    outer loop
      vertex 58.0274 12.4774 1
      vertex 58.1093 14.0396 1
      vertex 58.1093 11.9604 1
    endloop
  endfacet
  facet normal 0 0 -1
    outer loop
      vertex 58.0274 12.4774 1
      vertex 58.0274 13.5226 1
      vertex 58.1093 14.0396 1
    endloop
  endfacet
  facet normal 0 -0 -1
    outer loop
      vertex 58.0274 13.5226 1
      vertex 58.0274 12.4774 1
      vertex 58 13 1
    endloop
  endfacet
  facet normal 0.987684 -0.156463 0
    outer loop
      vertex 58.0274 13.5226 1
      vertex 58.1093 14.0396 0
      vertex 58.1093 14.0396 1
    endloop
  endfacet
  facet normal 0.987684 -0.156463 0
    outer loop
      vertex 58.1093 14.0396 0
      vertex 58.0274 13.5226 1
      vertex 58.0274 13.5226 0
    endloop
  endfacet
  facet normal 0.358441 -0.933552 0
    outer loop
      vertex 60.9663 17.5677 0
      vertex 61.4549 17.7553 1
      vertex 60.9663 17.5677 1
    endloop
  endfacet
  facet normal 0.358441 -0.933552 0
    outer loop
      vertex 61.4549 17.7553 1
      vertex 60.9663 17.5677 0
      vertex 61.4549 17.7553 0
    endloop
  endfacet
  facet normal -0.891 -0.454003 0
    outer loop
      vertex 67.5677 15.0337 0
      vertex 67.3301 15.5 1
      vertex 67.3301 15.5 0
    endloop
  endfacet
  facet normal -0.891 -0.454003 0
    outer loop
      vertex 67.3301 15.5 1
      vertex 67.5677 15.0337 0
      vertex 67.5677 15.0337 1
    endloop
  endfacet
  facet normal -0.838692 -0.544605 0
    outer loop
      vertex 67.3301 15.5 0
      vertex 67.0451 15.9389 1
      vertex 67.0451 15.9389 0
    endloop
  endfacet
  facet normal -0.838692 -0.544605 0
    outer loop
      vertex 67.0451 15.9389 1
      vertex 67.3301 15.5 0
      vertex 67.3301 15.5 1
    endloop
  endfacet
  facet normal 0.629263 0.777193 -0
    outer loop
      vertex 60.0611 8.95491 0
      vertex 59.6543 9.28428 1
      vertex 60.0611 8.95491 1
    endloop
  endfacet
  facet normal 0.629263 0.777193 0
    outer loop
      vertex 59.6543 9.28428 1
      vertex 60.0611 8.95491 0
      vertex 59.6543 9.28428 0
    endloop
  endfacet
  facet normal 0.454003 0.891 -0
    outer loop
      vertex 60.9663 8.43227 0
      vertex 60.5 8.66987 1
      vertex 60.9663 8.43227 1
    endloop
  endfacet
  facet normal 0.454003 0.891 0
    outer loop
      vertex 60.5 8.66987 1
      vertex 60.9663 8.43227 0
      vertex 60.5 8.66987 0
    endloop
  endfacet
  facet normal -0.156463 -0.987684 0
    outer loop
      vertex 63.5226 17.9726 0
      vertex 64.0396 17.8907 1
      vertex 63.5226 17.9726 1
    endloop
  endfacet
  facet normal -0.156463 -0.987684 -0
    outer loop
      vertex 64.0396 17.8907 1
      vertex 63.5226 17.9726 0
      vertex 64.0396 17.8907 0
    endloop
  endfacet
  facet normal -0.629391 -0.777089 0
    outer loop
      vertex 65.9389 17.0451 0
      vertex 66.3456 16.7157 1
      vertex 65.9389 17.0451 1
    endloop
  endfacet
  facet normal -0.629391 -0.777089 -0
    outer loop
      vertex 66.3456 16.7157 1
      vertex 65.9389 17.0451 0
      vertex 66.3456 16.7157 0
    endloop
  endfacet
  facet normal 0.891 0.454003 0
    outer loop
      vertex 58.6699 10.5 1
      vertex 58.4323 10.9663 0
      vertex 58.4323 10.9663 1
    endloop
  endfacet
  facet normal 0.891 0.454003 0
    outer loop
      vertex 58.4323 10.9663 0
      vertex 58.6699 10.5 1
      vertex 58.6699 10.5 0
    endloop
  endfacet
  facet normal -0.0523582 -0.998628 0
    outer loop
      vertex 63 18 0
      vertex 63.5226 17.9726 1
      vertex 63 18 1
    endloop
  endfacet
  facet normal -0.0523582 -0.998628 -0
    outer loop
      vertex 63.5226 17.9726 1
      vertex 63 18 0
      vertex 63.5226 17.9726 0
    endloop
  endfacet
  facet normal -0.258733 -0.965949 0
    outer loop
      vertex 64.0396 17.8907 0
      vertex 64.5451 17.7553 1
      vertex 64.0396 17.8907 1
    endloop
  endfacet
  facet normal -0.258733 -0.965949 -0
    outer loop
      vertex 64.5451 17.7553 1
      vertex 64.0396 17.8907 0
      vertex 64.5451 17.7553 0
    endloop
  endfacet
  facet normal 0.629297 -0.777165 0
    outer loop
      vertex 59.6543 16.7157 0
      vertex 60.0611 17.0451 1
      vertex 59.6543 16.7157 1
    endloop
  endfacet
  facet normal 0.629297 -0.777165 0
    outer loop
      vertex 60.0611 17.0451 1
      vertex 59.6543 16.7157 0
      vertex 60.0611 17.0451 0
    endloop
  endfacet
  facet normal 0.707174 0.70704 0
    outer loop
      vertex 59.6543 9.28428 1
      vertex 59.2843 9.65435 0
      vertex 59.2843 9.65435 1
    endloop
  endfacet
  facet normal 0.707174 0.70704 0
    outer loop
      vertex 59.2843 9.65435 0
      vertex 59.6543 9.28428 1
      vertex 59.6543 9.28428 0
    endloop
  endfacet
  facet normal 0.965949 0.258733 0
    outer loop
      vertex 58.2447 11.4549 1
      vertex 58.1093 11.9604 0
      vertex 58.1093 11.9604 1
    endloop
  endfacet
  facet normal 0.965949 0.258733 0
    outer loop
      vertex 58.1093 11.9604 0
      vertex 58.2447 11.4549 1
      vertex 58.2447 11.4549 0
    endloop
  endfacet
  facet normal 0.358358 0.933584 -0
    outer loop
      vertex 61.4549 8.24472 0
      vertex 60.9663 8.43227 1
      vertex 61.4549 8.24472 1
    endloop
  endfacet
  facet normal 0.358358 0.933584 0
    outer loop
      vertex 60.9663 8.43227 1
      vertex 61.4549 8.24472 0
      vertex 60.9663 8.43227 0
    endloop
  endfacet
  facet normal 0.965949 -0.258733 0
    outer loop
      vertex 58.1093 14.0396 1
      vertex 58.2447 14.5451 0
      vertex 58.2447 14.5451 1
    endloop
  endfacet
  facet normal 0.965949 -0.258733 0
    outer loop
      vertex 58.2447 14.5451 0
      vertex 58.1093 14.0396 1
      vertex 58.1093 14.0396 0
    endloop
  endfacet
  facet normal 0.998628 -0.0523582 0
    outer loop
      vertex 58 13 1
      vertex 58.0274 13.5226 0
      vertex 58.0274 13.5226 1
    endloop
  endfacet
  facet normal 0.998628 -0.0523582 0
    outer loop
      vertex 58.0274 13.5226 0
      vertex 58 13 1
      vertex 58 13 0
    endloop
  endfacet
  facet normal 0.998628 0.0523582 0
    outer loop
      vertex 58.0274 12.4774 1
      vertex 58 13 0
      vertex 58 13 1
    endloop
  endfacet
  facet normal 0.998628 0.0523582 0
    outer loop
      vertex 58 13 0
      vertex 58.0274 12.4774 1
      vertex 58.0274 12.4774 0
    endloop
  endfacet
  facet normal 0.891 -0.454003 0
    outer loop
      vertex 58.4323 15.0337 1
      vertex 58.6699 15.5 0
      vertex 58.6699 15.5 1
    endloop
  endfacet
  facet normal 0.891 -0.454003 0
    outer loop
      vertex 58.6699 15.5 0
      vertex 58.4323 15.0337 1
      vertex 58.4323 15.0337 0
    endloop
  endfacet
  facet normal 0.25884 0.96592 -0
    outer loop
      vertex 61.9604 8.10926 0
      vertex 61.4549 8.24472 1
      vertex 61.9604 8.10926 1
    endloop
  endfacet
  facet normal 0.25884 0.96592 0
    outer loop
      vertex 61.4549 8.24472 1
      vertex 61.9604 8.10926 0
      vertex 61.4549 8.24472 0
    endloop
  endfacet
  facet normal 0.933552 -0.358441 0
    outer loop
      vertex 58.2447 14.5451 1
      vertex 58.4323 15.0337 0
      vertex 58.4323 15.0337 1
    endloop
  endfacet
  facet normal 0.933552 -0.358441 0
    outer loop
      vertex 58.4323 15.0337 0
      vertex 58.2447 14.5451 1
      vertex 58.2447 14.5451 0
    endloop
  endfacet
  facet normal -0.777127 0.629344 0
    outer loop
      vertex 66.7157 9.65435 0
      vertex 67.0451 10.0611 1
      vertex 67.0451 10.0611 0
    endloop
  endfacet
  facet normal -0.777127 0.629344 0
    outer loop
      vertex 67.0451 10.0611 1
      vertex 66.7157 9.65435 0
      vertex 66.7157 9.65435 1
    endloop
  endfacet
  facet normal -0.987684 -0.156463 0
    outer loop
      vertex 17.9726 79.5226 0
      vertex 17.8907 80.0396 1
      vertex 17.8907 80.0396 0
    endloop
  endfacet
  facet normal -0.987684 -0.156463 0
    outer loop
      vertex 17.8907 80.0396 1
      vertex 17.9726 79.5226 0
      vertex 17.9726 79.5226 1
    endloop
  endfacet
  facet normal -0.998628 -0.0523582 0
    outer loop
      vertex 18 79 0
      vertex 17.9726 79.5226 1
      vertex 17.9726 79.5226 0
    endloop
  endfacet
  facet normal -0.998628 -0.0523582 0
    outer loop
      vertex 17.9726 79.5226 1
      vertex 18 79 0
      vertex 18 79 1
    endloop
  endfacet
  facet normal -0.965949 -0.258733 0
    outer loop
      vertex 17.8907 80.0396 0
      vertex 17.7553 80.5451 1
      vertex 17.7553 80.5451 0
    endloop
  endfacet
  facet normal -0.965949 -0.258733 0
    outer loop
      vertex 17.7553 80.5451 1
      vertex 17.8907 80.0396 0
      vertex 17.8907 80.0396 1
    endloop
  endfacet
  facet normal -0.454003 0.891 0
    outer loop
      vertex 15.5 74.6699 0
      vertex 15.0337 74.4323 1
      vertex 15.5 74.6699 1
    endloop
  endfacet
  facet normal -0.454003 0.891 0
    outer loop
      vertex 15.0337 74.4323 1
      vertex 15.5 74.6699 0
      vertex 15.0337 74.4323 0
    endloop
  endfacet
  facet normal 0.777117 -0.629356 0
    outer loop
      vertex 8.95491 81.9389 1
      vertex 9.28428 82.3456 0
      vertex 9.28428 82.3456 1
    endloop
  endfacet
  facet normal 0.777117 -0.629356 0
    outer loop
      vertex 9.28428 82.3456 0
      vertex 8.95491 81.9389 1
      vertex 8.95491 81.9389 0
    endloop
  endfacet
  facet normal 0.933584 0.358358 0
    outer loop
      vertex 8.43227 76.9663 1
      vertex 8.24472 77.4549 0
      vertex 8.24472 77.4549 1
    endloop
  endfacet
  facet normal 0.933584 0.358358 0
    outer loop
      vertex 8.24472 77.4549 0
      vertex 8.43227 76.9663 1
      vertex 8.43227 76.9663 0
    endloop
  endfacet
  facet normal 0.777193 0.629263 0
    outer loop
      vertex 9.28428 75.6543 1
      vertex 8.95491 76.0611 0
      vertex 8.95491 76.0611 1
    endloop
  endfacet
  facet normal 0.777193 0.629263 0
    outer loop
      vertex 8.95491 76.0611 0
      vertex 9.28428 75.6543 1
      vertex 9.28428 75.6543 0
    endloop
  endfacet
  facet normal -0.358441 -0.933552 0
    outer loop
      vertex 14.5451 83.7553 0
      vertex 15.0337 83.5677 1
      vertex 14.5451 83.7553 1
    endloop
  endfacet
  facet normal -0.358441 -0.933552 -0
    outer loop
      vertex 15.0337 83.5677 1
      vertex 14.5451 83.7553 0
      vertex 15.0337 83.5677 0
    endloop
  endfacet
  facet normal -0.933552 0.358441 0
    outer loop
      vertex 17.5677 76.9663 0
      vertex 17.7553 77.4549 1
      vertex 17.7553 77.4549 0
    endloop
  endfacet
  facet normal -0.933552 0.358441 0
    outer loop
      vertex 17.7553 77.4549 1
      vertex 17.5677 76.9663 0
      vertex 17.5677 76.9663 1
    endloop
  endfacet
  facet normal -0.544605 0.838692 0
    outer loop
      vertex 15.9389 74.9549 0
      vertex 15.5 74.6699 1
      vertex 15.9389 74.9549 1
    endloop
  endfacet
  facet normal -0.544605 0.838692 0
    outer loop
      vertex 15.5 74.6699 1
      vertex 15.9389 74.9549 0
      vertex 15.5 74.6699 0
    endloop
  endfacet
  facet normal 0.454003 -0.891 0
    outer loop
      vertex 10.5 83.3301 0
      vertex 10.9663 83.5677 1
      vertex 10.5 83.3301 1
    endloop
  endfacet
  facet normal 0.454003 -0.891 0
    outer loop
      vertex 10.9663 83.5677 1
      vertex 10.5 83.3301 0
      vertex 10.9663 83.5677 0
    endloop
  endfacet
  facet normal -0.156463 0.987684 0
    outer loop
      vertex 14.0396 74.1093 0
      vertex 13.5226 74.0274 1
      vertex 14.0396 74.1093 1
    endloop
  endfacet
  facet normal -0.156463 0.987684 0
    outer loop
      vertex 13.5226 74.0274 1
      vertex 14.0396 74.1093 0
      vertex 13.5226 74.0274 0
    endloop
  endfacet
  facet normal 0.156463 -0.987684 0
    outer loop
      vertex 11.9604 83.8907 0
      vertex 12.4774 83.9726 1
      vertex 11.9604 83.8907 1
    endloop
  endfacet
  facet normal 0.156463 -0.987684 0
    outer loop
      vertex 12.4774 83.9726 1
      vertex 11.9604 83.8907 0
      vertex 12.4774 83.9726 0
    endloop
  endfacet
  facet normal 0.0523582 0.998628 -0
    outer loop
      vertex 13 74 0
      vertex 12.4774 74.0274 1
      vertex 13 74 1
    endloop
  endfacet
  facet normal 0.0523582 0.998628 0
    outer loop
      vertex 12.4774 74.0274 1
      vertex 13 74 0
      vertex 12.4774 74.0274 0
    endloop
  endfacet
  facet normal 0.258733 -0.965949 0
    outer loop
      vertex 11.4549 83.7553 0
      vertex 11.9604 83.8907 1
      vertex 11.4549 83.7553 1
    endloop
  endfacet
  facet normal 0.258733 -0.965949 0
    outer loop
      vertex 11.9604 83.8907 1
      vertex 11.4549 83.7553 0
      vertex 11.9604 83.8907 0
    endloop
  endfacet
  facet normal 0.156463 0.987684 -0
    outer loop
      vertex 12.4774 74.0274 0
      vertex 11.9604 74.1093 1
      vertex 12.4774 74.0274 1
    endloop
  endfacet
  facet normal 0.156463 0.987684 0
    outer loop
      vertex 11.9604 74.1093 1
      vertex 12.4774 74.0274 0
      vertex 11.9604 74.1093 0
    endloop
  endfacet
  facet normal 0.544605 0.838692 -0
    outer loop
      vertex 10.5 74.6699 0
      vertex 10.0611 74.9549 1
      vertex 10.5 74.6699 1
    endloop
  endfacet
  facet normal 0.544605 0.838692 0
    outer loop
      vertex 10.0611 74.9549 1
      vertex 10.5 74.6699 0
      vertex 10.0611 74.9549 0
    endloop
  endfacet
  facet normal -0.629297 0.777165 0
    outer loop
      vertex 16.3457 75.2843 0
      vertex 15.9389 74.9549 1
      vertex 16.3457 75.2843 1
    endloop
  endfacet
  facet normal -0.629297 0.777165 0
    outer loop
      vertex 15.9389 74.9549 1
      vertex 16.3457 75.2843 0
      vertex 15.9389 74.9549 0
    endloop
  endfacet
  facet normal 0.838657 0.544659 0
    outer loop
      vertex 8.95491 76.0611 1
      vertex 8.66987 76.5 0
      vertex 8.66987 76.5 1
    endloop
  endfacet
  facet normal 0.838657 0.544659 0
    outer loop
      vertex 8.66987 76.5 0
      vertex 8.95491 76.0611 1
      vertex 8.95491 76.0611 0
    endloop
  endfacet
  facet normal 0.838657 -0.544659 0
    outer loop
      vertex 8.66987 81.5 1
      vertex 8.95491 81.9389 0
      vertex 8.95491 81.9389 1
    endloop
  endfacet
  facet normal 0.838657 -0.544659 0
    outer loop
      vertex 8.95491 81.9389 0
      vertex 8.66987 81.5 1
      vertex 8.66987 81.5 0
    endloop
  endfacet
  facet normal -0.454003 -0.891 0
    outer loop
      vertex 15.0337 83.5677 0
      vertex 15.5 83.3301 1
      vertex 15.0337 83.5677 1
    endloop
  endfacet
  facet normal -0.454003 -0.891 -0
    outer loop
      vertex 15.5 83.3301 1
      vertex 15.0337 83.5677 0
      vertex 15.5 83.3301 0
    endloop
  endfacet
  facet normal 0.987693 0.156407 0
    outer loop
      vertex 8.10926 77.9604 1
      vertex 8.02739 78.4774 0
      vertex 8.02739 78.4774 1
    endloop
  endfacet
  facet normal 0.987693 0.156407 0
    outer loop
      vertex 8.02739 78.4774 0
      vertex 8.10926 77.9604 1
      vertex 8.10926 77.9604 0
    endloop
  endfacet
  facet normal 0.544605 -0.838692 0
    outer loop
      vertex 10.0611 83.0451 0
      vertex 10.5 83.3301 1
      vertex 10.0611 83.0451 1
    endloop
  endfacet
  facet normal 0.544605 -0.838692 0
    outer loop
      vertex 10.5 83.3301 1
      vertex 10.0611 83.0451 0
      vertex 10.5 83.3301 0
    endloop
  endfacet
  facet normal -0.965949 0.258733 0
    outer loop
      vertex 17.7553 77.4549 0
      vertex 17.8907 77.9604 1
      vertex 17.8907 77.9604 0
    endloop
  endfacet
  facet normal -0.965949 0.258733 0
    outer loop
      vertex 17.8907 77.9604 1
      vertex 17.7553 77.4549 0
      vertex 17.7553 77.4549 1
    endloop
  endfacet
  facet normal -0.544605 -0.838692 0
    outer loop
      vertex 15.5 83.3301 0
      vertex 15.9389 83.0451 1
      vertex 15.5 83.3301 1
    endloop
  endfacet
  facet normal -0.544605 -0.838692 -0
    outer loop
      vertex 15.9389 83.0451 1
      vertex 15.5 83.3301 0
      vertex 15.9389 83.0451 0
    endloop
  endfacet
  facet normal 0.707135 -0.707078 0
    outer loop
      vertex 9.28428 82.3456 1
      vertex 9.65435 82.7157 0
      vertex 9.65435 82.7157 1
    endloop
  endfacet
  facet normal 0.707135 -0.707078 0
    outer loop
      vertex 9.65435 82.7157 0
      vertex 9.28428 82.3456 1
      vertex 9.28428 82.3456 0
    endloop
  endfacet
  facet normal -0.777089 -0.629391 0
    outer loop
      vertex 17.0451 81.9389 0
      vertex 16.7157 82.3456 1
      vertex 16.7157 82.3456 0
    endloop
  endfacet
  facet normal -0.777089 -0.629391 0
    outer loop
      vertex 16.7157 82.3456 1
      vertex 17.0451 81.9389 0
      vertex 17.0451 81.9389 1
    endloop
  endfacet
  facet normal -0.707202 -0.707011 0
    outer loop
      vertex 16.7157 82.3456 0
      vertex 16.3457 82.7157 1
      vertex 16.3457 82.7157 0
    endloop
  endfacet
  facet normal -0.707202 -0.707011 0
    outer loop
      vertex 16.3457 82.7157 1
      vertex 16.7157 82.3456 0
      vertex 16.7157 82.3456 1
    endloop
  endfacet
  facet normal -0.707107 0.707107 0
    outer loop
      vertex 16.3457 75.2843 0
      vertex 16.7157 75.6543 1
      vertex 16.7157 75.6543 0
    endloop
  endfacet
  facet normal -0.707107 0.707107 0
    outer loop
      vertex 16.7157 75.6543 1
      vertex 16.3457 75.2843 0
      vertex 16.3457 75.2843 1
    endloop
  endfacet
  facet normal 0.0523582 -0.998628 0
    outer loop
      vertex 12.4774 83.9726 0
      vertex 13 84 1
      vertex 12.4774 83.9726 1
    endloop
  endfacet
  facet normal 0.0523582 -0.998628 0
    outer loop
      vertex 13 84 1
      vertex 12.4774 83.9726 0
      vertex 13 84 0
    endloop
  endfacet
  facet normal -0.987684 0.156463 0
    outer loop
      vertex 17.8907 77.9604 0
      vertex 17.9726 78.4774 1
      vertex 17.9726 78.4774 0
    endloop
  endfacet
  facet normal -0.987684 0.156463 0
    outer loop
      vertex 17.9726 78.4774 1
      vertex 17.8907 77.9604 0
      vertex 17.8907 77.9604 1
    endloop
  endfacet
  facet normal -0.0523582 0.998628 0
    outer loop
      vertex 13.5226 74.0274 0
      vertex 13 74 1
      vertex 13.5226 74.0274 1
    endloop
  endfacet
  facet normal -0.0523582 0.998628 0
    outer loop
      vertex 13 74 1
      vertex 13.5226 74.0274 0
      vertex 13 74 0
    endloop
  endfacet
  facet normal -0.998628 0.0523582 0
    outer loop
      vertex 17.9726 78.4774 0
      vertex 18 79 1
      vertex 18 79 0
    endloop
  endfacet
  facet normal -0.998628 0.0523582 0
    outer loop
      vertex 18 79 1
      vertex 17.9726 78.4774 0
      vertex 17.9726 78.4774 1
    endloop
  endfacet
  facet normal -0.358441 0.933552 0
    outer loop
      vertex 15.0337 74.4323 0
      vertex 14.5451 74.2447 1
      vertex 15.0337 74.4323 1
    endloop
  endfacet
  facet normal -0.358441 0.933552 0
    outer loop
      vertex 14.5451 74.2447 1
      vertex 15.0337 74.4323 0
      vertex 14.5451 74.2447 0
    endloop
  endfacet
  facet normal -0.258733 0.965949 0
    outer loop
      vertex 14.5451 74.2447 0
      vertex 14.0396 74.1093 1
      vertex 14.5451 74.2447 1
    endloop
  endfacet
  facet normal -0.258733 0.965949 0
    outer loop
      vertex 14.0396 74.1093 1
      vertex 14.5451 74.2447 0
      vertex 14.0396 74.1093 0
    endloop
  endfacet
  facet normal -0.933552 -0.358441 0
    outer loop
      vertex 17.7553 80.5451 0
      vertex 17.5677 81.0337 1
      vertex 17.5677 81.0337 0
    endloop
  endfacet
  facet normal -0.933552 -0.358441 0
    outer loop
      vertex 17.5677 81.0337 1
      vertex 17.7553 80.5451 0
      vertex 17.7553 80.5451 1
    endloop
  endfacet
  facet normal -0.838692 0.544605 0
    outer loop
      vertex 17.0451 76.0611 0
      vertex 17.3301 76.5 1
      vertex 17.3301 76.5 0
    endloop
  endfacet
  facet normal -0.838692 0.544605 0
    outer loop
      vertex 17.3301 76.5 1
      vertex 17.0451 76.0611 0
      vertex 17.0451 76.0611 1
    endloop
  endfacet
  facet normal -0.891 0.454003 0
    outer loop
      vertex 17.3301 76.5 0
      vertex 17.5677 76.9663 1
      vertex 17.5677 76.9663 0
    endloop
  endfacet
  facet normal -0.891 0.454003 0
    outer loop
      vertex 17.5677 76.9663 1
      vertex 17.3301 76.5 0
      vertex 17.3301 76.5 1
    endloop
  endfacet
  facet normal 0 0 -1
    outer loop
      vertex 17.9726 78.4774 1
      vertex 17.9726 79.5226 1
      vertex 18 79 1
    endloop
  endfacet
  facet normal 0 0 -1
    outer loop
      vertex 17.8907 77.9604 1
      vertex 17.9726 79.5226 1
      vertex 17.9726 78.4774 1
    endloop
  endfacet
  facet normal 0 0 -1
    outer loop
      vertex 17.8907 77.9604 1
      vertex 17.8907 80.0396 1
      vertex 17.9726 79.5226 1
    endloop
  endfacet
  facet normal 0 0 -1
    outer loop
      vertex 17.7553 77.4549 1
      vertex 17.8907 80.0396 1
      vertex 17.8907 77.9604 1
    endloop
  endfacet
  facet normal 0 0 -1
    outer loop
      vertex 17.7553 77.4549 1
      vertex 17.7553 80.5451 1
      vertex 17.8907 80.0396 1
    endloop
  endfacet
  facet normal 0 0 -1
    outer loop
      vertex 17.5677 76.9663 1
      vertex 17.7553 80.5451 1
      vertex 17.7553 77.4549 1
    endloop
  endfacet
  facet normal 0 0 -1
    outer loop
      vertex 17.5677 76.9663 1
      vertex 17.5677 81.0337 1
      vertex 17.7553 80.5451 1
    endloop
  endfacet
  facet normal 0 0 -1
    outer loop
      vertex 17.3301 76.5 1
      vertex 17.5677 81.0337 1
      vertex 17.5677 76.9663 1
    endloop
  endfacet
  facet normal 0 0 -1
    outer loop
      vertex 17.3301 76.5 1
      vertex 17.3301 81.5 1
      vertex 17.5677 81.0337 1
    endloop
  endfacet
  facet normal 0 0 -1
    outer loop
      vertex 17.0451 76.0611 1
      vertex 17.3301 81.5 1
      vertex 17.3301 76.5 1
    endloop
  endfacet
  facet normal 0 0 -1
    outer loop
      vertex 17.0451 76.0611 1
      vertex 17.0451 81.9389 1
      vertex 17.3301 81.5 1
    endloop
  endfacet
  facet normal 0 0 -1
    outer loop
      vertex 16.7157 75.6543 1
      vertex 17.0451 81.9389 1
      vertex 17.0451 76.0611 1
    endloop
  endfacet
  facet normal 0 0 -1
    outer loop
      vertex 16.7157 75.6543 1
      vertex 16.7157 82.3456 1
      vertex 17.0451 81.9389 1
    endloop
  endfacet
  facet normal 0 0 -1
    outer loop
      vertex 16.3457 75.2843 1
      vertex 16.7157 82.3456 1
      vertex 16.7157 75.6543 1
    endloop
  endfacet
  facet normal 0 0 -1
    outer loop
      vertex 16.3457 75.2843 1
      vertex 16.3457 82.7157 1
      vertex 16.7157 82.3456 1
    endloop
  endfacet
  facet normal 0 0 -1
    outer loop
      vertex 15.9389 74.9549 1
      vertex 16.3457 82.7157 1
      vertex 16.3457 75.2843 1
    endloop
  endfacet
  facet normal 0 0 -1
    outer loop
      vertex 15.9389 74.9549 1
      vertex 15.9389 83.0451 1
      vertex 16.3457 82.7157 1
    endloop
  endfacet
  facet normal 0 0 -1
    outer loop
      vertex 15.5 74.6699 1
      vertex 15.9389 83.0451 1
      vertex 15.9389 74.9549 1
    endloop
  endfacet
  facet normal 0 0 -1
    outer loop
      vertex 15.5 74.6699 1
      vertex 15.5 83.3301 1
      vertex 15.9389 83.0451 1
    endloop
  endfacet
  facet normal 0 0 -1
    outer loop
      vertex 15.0337 74.4323 1
      vertex 15.5 83.3301 1
      vertex 15.5 74.6699 1
    endloop
  endfacet
  facet normal 0 0 -1
    outer loop
      vertex 15.0337 74.4323 1
      vertex 15.0337 83.5677 1
      vertex 15.5 83.3301 1
    endloop
  endfacet
  facet normal 0 0 -1
    outer loop
      vertex 14.5451 74.2447 1
      vertex 15.0337 83.5677 1
      vertex 15.0337 74.4323 1
    endloop
  endfacet
  facet normal 0 0 -1
    outer loop
      vertex 14.5451 74.2447 1
      vertex 14.5451 83.7553 1
      vertex 15.0337 83.5677 1
    endloop
  endfacet
  facet normal 0 0 -1
    outer loop
      vertex 14.0396 74.1093 1
      vertex 14.5451 83.7553 1
      vertex 14.5451 74.2447 1
    endloop
  endfacet
  facet normal 0 0 -1
    outer loop
      vertex 14.0396 74.1093 1
      vertex 14.0396 83.8907 1
      vertex 14.5451 83.7553 1
    endloop
  endfacet
  facet normal 0 0 -1
    outer loop
      vertex 13.5226 74.0274 1
      vertex 14.0396 83.8907 1
      vertex 14.0396 74.1093 1
    endloop
  endfacet
  facet normal 0 0 -1
    outer loop
      vertex 13.5226 74.0274 1
      vertex 13.5226 83.9726 1
      vertex 14.0396 83.8907 1
    endloop
  endfacet
  facet normal 0 0 -1
    outer loop
      vertex 13 74 1
      vertex 13.5226 83.9726 1
      vertex 13.5226 74.0274 1
    endloop
  endfacet
  facet normal 0 0 -1
    outer loop
      vertex 13 74 1
      vertex 13 84 1
      vertex 13.5226 83.9726 1
    endloop
  endfacet
  facet normal 0 0 -1
    outer loop
      vertex 12.4774 74.0274 1
      vertex 13 84 1
      vertex 13 74 1
    endloop
  endfacet
  facet normal 0 0 -1
    outer loop
      vertex 12.4774 74.0274 1
      vertex 12.4774 83.9726 1
      vertex 13 84 1
    endloop
  endfacet
  facet normal 0 0 -1
    outer loop
      vertex 11.9604 74.1093 1
      vertex 12.4774 83.9726 1
      vertex 12.4774 74.0274 1
    endloop
  endfacet
  facet normal 0 0 -1
    outer loop
      vertex 11.9604 74.1093 1
      vertex 11.9604 83.8907 1
      vertex 12.4774 83.9726 1
    endloop
  endfacet
  facet normal 0 0 -1
    outer loop
      vertex 11.4549 74.2447 1
      vertex 11.9604 83.8907 1
      vertex 11.9604 74.1093 1
    endloop
  endfacet
  facet normal 0 0 -1
    outer loop
      vertex 11.4549 74.2447 1
      vertex 11.4549 83.7553 1
      vertex 11.9604 83.8907 1
    endloop
  endfacet
  facet normal 0 0 -1
    outer loop
      vertex 10.9663 74.4323 1
      vertex 11.4549 83.7553 1
      vertex 11.4549 74.2447 1
    endloop
  endfacet
  facet normal 0 0 -1
    outer loop
      vertex 10.9663 74.4323 1
      vertex 10.9663 83.5677 1
      vertex 11.4549 83.7553 1
    endloop
  endfacet
  facet normal 0 0 -1
    outer loop
      vertex 10.5 74.6699 1
      vertex 10.9663 83.5677 1
      vertex 10.9663 74.4323 1
    endloop
  endfacet
  facet normal 0 0 -1
    outer loop
      vertex 10.5 74.6699 1
      vertex 10.5 83.3301 1
      vertex 10.9663 83.5677 1
    endloop
  endfacet
  facet normal 0 0 -1
    outer loop
      vertex 10.0611 74.9549 1
      vertex 10.5 83.3301 1
      vertex 10.5 74.6699 1
    endloop
  endfacet
  facet normal 0 0 -1
    outer loop
      vertex 10.0611 74.9549 1
      vertex 10.0611 83.0451 1
      vertex 10.5 83.3301 1
    endloop
  endfacet
  facet normal 0 0 -1
    outer loop
      vertex 9.65435 75.2843 1
      vertex 10.0611 83.0451 1
      vertex 10.0611 74.9549 1
    endloop
  endfacet
  facet normal 0 0 -1
    outer loop
      vertex 9.65435 75.2843 1
      vertex 9.65435 82.7157 1
      vertex 10.0611 83.0451 1
    endloop
  endfacet
  facet normal 0 0 -1
    outer loop
      vertex 9.28428 75.6543 1
      vertex 9.65435 82.7157 1
      vertex 9.65435 75.2843 1
    endloop
  endfacet
  facet normal 0 0 -1
    outer loop
      vertex 9.28428 75.6543 1
      vertex 9.28428 82.3456 1
      vertex 9.65435 82.7157 1
    endloop
  endfacet
  facet normal 0 0 -1
    outer loop
      vertex 8.95491 76.0611 1
      vertex 9.28428 82.3456 1
      vertex 9.28428 75.6543 1
    endloop
  endfacet
  facet normal 0 0 -1
    outer loop
      vertex 8.95491 76.0611 1
      vertex 8.95491 81.9389 1
      vertex 9.28428 82.3456 1
    endloop
  endfacet
  facet normal 0 0 -1
    outer loop
      vertex 8.66987 76.5 1
      vertex 8.95491 81.9389 1
      vertex 8.95491 76.0611 1
    endloop
  endfacet
  facet normal 0 0 -1
    outer loop
      vertex 8.66987 76.5 1
      vertex 8.66987 81.5 1
      vertex 8.95491 81.9389 1
    endloop
  endfacet
  facet normal 0 0 -1
    outer loop
      vertex 8.43227 76.9663 1
      vertex 8.66987 81.5 1
      vertex 8.66987 76.5 1
    endloop
  endfacet
  facet normal 0 0 -1
    outer loop
      vertex 8.43227 76.9663 1
      vertex 8.43227 81.0337 1
      vertex 8.66987 81.5 1
    endloop
  endfacet
  facet normal 0 0 -1
    outer loop
      vertex 8.24472 77.4549 1
      vertex 8.43227 81.0337 1
      vertex 8.43227 76.9663 1
    endloop
  endfacet
  facet normal 0 0 -1
    outer loop
      vertex 8.24472 77.4549 1
      vertex 8.24472 80.5451 1
      vertex 8.43227 81.0337 1
    endloop
  endfacet
  facet normal 0 0 -1
    outer loop
      vertex 8.10926 77.9604 1
      vertex 8.24472 80.5451 1
      vertex 8.24472 77.4549 1
    endloop
  endfacet
  facet normal 0 0 -1
    outer loop
      vertex 8.10926 77.9604 1
      vertex 8.10926 80.0396 1
      vertex 8.24472 80.5451 1
    endloop
  endfacet
  facet normal 0 0 -1
    outer loop
      vertex 8.02739 78.4774 1
      vertex 8.10926 80.0396 1
      vertex 8.10926 77.9604 1
    endloop
  endfacet
  facet normal 0 0 -1
    outer loop
      vertex 8.02739 78.4774 1
      vertex 8.02739 79.5226 1
      vertex 8.10926 80.0396 1
    endloop
  endfacet
  facet normal 0 -0 -1
    outer loop
      vertex 8.02739 79.5226 1
      vertex 8.02739 78.4774 1
      vertex 8 79 1
    endloop
  endfacet
  facet normal 0.987693 -0.156407 0
    outer loop
      vertex 8.02739 79.5226 1
      vertex 8.10926 80.0396 0
      vertex 8.10926 80.0396 1
    endloop
  endfacet
  facet normal 0.987693 -0.156407 0
    outer loop
      vertex 8.10926 80.0396 0
      vertex 8.02739 79.5226 1
      vertex 8.02739 79.5226 0
    endloop
  endfacet
  facet normal 0.358441 -0.933552 0
    outer loop
      vertex 10.9663 83.5677 0
      vertex 11.4549 83.7553 1
      vertex 10.9663 83.5677 1
    endloop
  endfacet
  facet normal 0.358441 -0.933552 0
    outer loop
      vertex 11.4549 83.7553 1
      vertex 10.9663 83.5677 0
      vertex 11.4549 83.7553 0
    endloop
  endfacet
  facet normal -0.891 -0.454003 0
    outer loop
      vertex 17.5677 81.0337 0
      vertex 17.3301 81.5 1
      vertex 17.3301 81.5 0
    endloop
  endfacet
  facet normal -0.891 -0.454003 0
    outer loop
      vertex 17.3301 81.5 1
      vertex 17.5677 81.0337 0
      vertex 17.5677 81.0337 1
    endloop
  endfacet
  facet normal -0.838692 -0.544605 0
    outer loop
      vertex 17.3301 81.5 0
      vertex 17.0451 81.9389 1
      vertex 17.0451 81.9389 0
    endloop
  endfacet
  facet normal -0.838692 -0.544605 0
    outer loop
      vertex 17.0451 81.9389 1
      vertex 17.3301 81.5 0
      vertex 17.3301 81.5 1
    endloop
  endfacet
  facet normal 0.629344 0.777127 -0
    outer loop
      vertex 10.0611 74.9549 0
      vertex 9.65435 75.2843 1
      vertex 10.0611 74.9549 1
    endloop
  endfacet
  facet normal 0.629344 0.777127 0
    outer loop
      vertex 9.65435 75.2843 1
      vertex 10.0611 74.9549 0
      vertex 9.65435 75.2843 0
    endloop
  endfacet
  facet normal 0.454003 0.891 -0
    outer loop
      vertex 10.9663 74.4323 0
      vertex 10.5 74.6699 1
      vertex 10.9663 74.4323 1
    endloop
  endfacet
  facet normal 0.454003 0.891 0
    outer loop
      vertex 10.5 74.6699 1
      vertex 10.9663 74.4323 0
      vertex 10.5 74.6699 0
    endloop
  endfacet
  facet normal -0.156463 -0.987684 0
    outer loop
      vertex 13.5226 83.9726 0
      vertex 14.0396 83.8907 1
      vertex 13.5226 83.9726 1
    endloop
  endfacet
  facet normal -0.156463 -0.987684 -0
    outer loop
      vertex 14.0396 83.8907 1
      vertex 13.5226 83.9726 0
      vertex 14.0396 83.8907 0
    endloop
  endfacet
  facet normal -0.629297 -0.777165 0
    outer loop
      vertex 15.9389 83.0451 0
      vertex 16.3457 82.7157 1
      vertex 15.9389 83.0451 1
    endloop
  endfacet
  facet normal -0.629297 -0.777165 -0
    outer loop
      vertex 16.3457 82.7157 1
      vertex 15.9389 83.0451 0
      vertex 16.3457 82.7157 0
    endloop
  endfacet
  facet normal 0.891 0.454003 0
    outer loop
      vertex 8.66987 76.5 1
      vertex 8.43227 76.9663 0
      vertex 8.43227 76.9663 1
    endloop
  endfacet
  facet normal 0.891 0.454003 0
    outer loop
      vertex 8.43227 76.9663 0
      vertex 8.66987 76.5 1
      vertex 8.66987 76.5 0
    endloop
  endfacet
  facet normal -0.0523582 -0.998628 0
    outer loop
      vertex 13 84 0
      vertex 13.5226 83.9726 1
      vertex 13 84 1
    endloop
  endfacet
  facet normal -0.0523582 -0.998628 -0
    outer loop
      vertex 13.5226 83.9726 1
      vertex 13 84 0
      vertex 13.5226 83.9726 0
    endloop
  endfacet
  facet normal -0.258733 -0.965949 0
    outer loop
      vertex 14.0396 83.8907 0
      vertex 14.5451 83.7553 1
      vertex 14.0396 83.8907 1
    endloop
  endfacet
  facet normal -0.258733 -0.965949 -0
    outer loop
      vertex 14.5451 83.7553 1
      vertex 14.0396 83.8907 0
      vertex 14.5451 83.7553 0
    endloop
  endfacet
  facet normal 0.629344 -0.777127 0
    outer loop
      vertex 9.65435 82.7157 0
      vertex 10.0611 83.0451 1
      vertex 9.65435 82.7157 1
    endloop
  endfacet
  facet normal 0.629344 -0.777127 0
    outer loop
      vertex 10.0611 83.0451 1
      vertex 9.65435 82.7157 0
      vertex 10.0611 83.0451 0
    endloop
  endfacet
  facet normal 0.70704 0.707174 0
    outer loop
      vertex 9.65435 75.2843 1
      vertex 9.28428 75.6543 0
      vertex 9.28428 75.6543 1
    endloop
  endfacet
  facet normal 0.70704 0.707174 0
    outer loop
      vertex 9.28428 75.6543 0
      vertex 9.65435 75.2843 1
      vertex 9.65435 75.2843 0
    endloop
  endfacet
  facet normal 0.96592 0.25884 0
    outer loop
      vertex 8.24472 77.4549 1
      vertex 8.10926 77.9604 0
      vertex 8.10926 77.9604 1
    endloop
  endfacet
  facet normal 0.96592 0.25884 0
    outer loop
      vertex 8.10926 77.9604 0
      vertex 8.24472 77.4549 1
      vertex 8.24472 77.4549 0
    endloop
  endfacet
  facet normal 0.358441 0.933552 -0
    outer loop
      vertex 11.4549 74.2447 0
      vertex 10.9663 74.4323 1
      vertex 11.4549 74.2447 1
    endloop
  endfacet
  facet normal 0.358441 0.933552 0
    outer loop
      vertex 10.9663 74.4323 1
      vertex 11.4549 74.2447 0
      vertex 10.9663 74.4323 0
    endloop
  endfacet
  facet normal 0.96592 -0.25884 0
    outer loop
      vertex 8.10926 80.0396 1
      vertex 8.24472 80.5451 0
      vertex 8.24472 80.5451 1
    endloop
  endfacet
  facet normal 0.96592 -0.25884 0
    outer loop
      vertex 8.24472 80.5451 0
      vertex 8.10926 80.0396 1
      vertex 8.10926 80.0396 0
    endloop
  endfacet
  facet normal 0.998629 -0.0523392 0
    outer loop
      vertex 8 79 1
      vertex 8.02739 79.5226 0
      vertex 8.02739 79.5226 1
    endloop
  endfacet
  facet normal 0.998629 -0.0523392 0
    outer loop
      vertex 8.02739 79.5226 0
      vertex 8 79 1
      vertex 8 79 0
    endloop
  endfacet
  facet normal 0.998629 0.0523392 0
    outer loop
      vertex 8.02739 78.4774 1
      vertex 8 79 0
      vertex 8 79 1
    endloop
  endfacet
  facet normal 0.998629 0.0523392 0
    outer loop
      vertex 8 79 0
      vertex 8.02739 78.4774 1
      vertex 8.02739 78.4774 0
    endloop
  endfacet
  facet normal 0.891 -0.454003 0
    outer loop
      vertex 8.43227 81.0337 1
      vertex 8.66987 81.5 0
      vertex 8.66987 81.5 1
    endloop
  endfacet
  facet normal 0.891 -0.454003 0
    outer loop
      vertex 8.66987 81.5 0
      vertex 8.43227 81.0337 1
      vertex 8.43227 81.0337 0
    endloop
  endfacet
  facet normal 0.258733 0.965949 -0
    outer loop
      vertex 11.9604 74.1093 0
      vertex 11.4549 74.2447 1
      vertex 11.9604 74.1093 1
    endloop
  endfacet
  facet normal 0.258733 0.965949 0
    outer loop
      vertex 11.4549 74.2447 1
      vertex 11.9604 74.1093 0
      vertex 11.4549 74.2447 0
    endloop
  endfacet
  facet normal 0.933584 -0.358358 0
    outer loop
      vertex 8.24472 80.5451 1
      vertex 8.43227 81.0337 0
      vertex 8.43227 81.0337 1
    endloop
  endfacet
  facet normal 0.933584 -0.358358 0
    outer loop
      vertex 8.43227 81.0337 0
      vertex 8.24472 80.5451 1
      vertex 8.24472 80.5451 0
    endloop
  endfacet
  facet normal -0.777165 0.629297 0
    outer loop
      vertex 16.7157 75.6543 0
      vertex 17.0451 76.0611 1
      vertex 17.0451 76.0611 0
    endloop
  endfacet
  facet normal -0.777165 0.629297 0
    outer loop
      vertex 17.0451 76.0611 1
      vertex 16.7157 75.6543 0
      vertex 16.7157 75.6543 1
    endloop
  endfacet
  facet normal -0.987684 -0.156463 0
    outer loop
      vertex 67.9726 79.5226 0
      vertex 67.8907 80.0396 1
      vertex 67.8907 80.0396 0
    endloop
  endfacet
  facet normal -0.987684 -0.156463 0
    outer loop
      vertex 67.8907 80.0396 1
      vertex 67.9726 79.5226 0
      vertex 67.9726 79.5226 1
    endloop
  endfacet
  facet normal -0.998628 -0.0523582 0
    outer loop
      vertex 68 79 0
      vertex 67.9726 79.5226 1
      vertex 67.9726 79.5226 0
    endloop
  endfacet
  facet normal -0.998628 -0.0523582 0
    outer loop
      vertex 67.9726 79.5226 1
      vertex 68 79 0
      vertex 68 79 1
    endloop
  endfacet
  facet normal -0.965949 -0.258733 0
    outer loop
      vertex 67.8907 80.0396 0
      vertex 67.7553 80.5451 1
      vertex 67.7553 80.5451 0
    endloop
  endfacet
  facet normal -0.965949 -0.258733 0
    outer loop
      vertex 67.7553 80.5451 1
      vertex 67.8907 80.0396 0
      vertex 67.8907 80.0396 1
    endloop
  endfacet
  facet normal -0.454003 0.891 0
    outer loop
      vertex 65.5 74.6699 0
      vertex 65.0337 74.4323 1
      vertex 65.5 74.6699 1
    endloop
  endfacet
  facet normal -0.454003 0.891 0
    outer loop
      vertex 65.0337 74.4323 1
      vertex 65.5 74.6699 0
      vertex 65.0337 74.4323 0
    endloop
  endfacet
  facet normal 0.777089 -0.629391 0
    outer loop
      vertex 58.9549 81.9389 1
      vertex 59.2843 82.3456 0
      vertex 59.2843 82.3456 1
    endloop
  endfacet
  facet normal 0.777089 -0.629391 0
    outer loop
      vertex 59.2843 82.3456 0
      vertex 58.9549 81.9389 1
      vertex 58.9549 81.9389 0
    endloop
  endfacet
  facet normal 0.933552 0.358441 0
    outer loop
      vertex 58.4323 76.9663 1
      vertex 58.2447 77.4549 0
      vertex 58.2447 77.4549 1
    endloop
  endfacet
  facet normal 0.933552 0.358441 0
    outer loop
      vertex 58.2447 77.4549 0
      vertex 58.4323 76.9663 1
      vertex 58.4323 76.9663 0
    endloop
  endfacet
  facet normal 0.777165 0.629297 0
    outer loop
      vertex 59.2843 75.6543 1
      vertex 58.9549 76.0611 0
      vertex 58.9549 76.0611 1
    endloop
  endfacet
  facet normal 0.777165 0.629297 0
    outer loop
      vertex 58.9549 76.0611 0
      vertex 59.2843 75.6543 1
      vertex 59.2843 75.6543 0
    endloop
  endfacet
  facet normal -0.358441 -0.933552 0
    outer loop
      vertex 64.5451 83.7553 0
      vertex 65.0337 83.5677 1
      vertex 64.5451 83.7553 1
    endloop
  endfacet
  facet normal -0.358441 -0.933552 -0
    outer loop
      vertex 65.0337 83.5677 1
      vertex 64.5451 83.7553 0
      vertex 65.0337 83.5677 0
    endloop
  endfacet
  facet normal -0.933552 0.358441 0
    outer loop
      vertex 67.5677 76.9663 0
      vertex 67.7553 77.4549 1
      vertex 67.7553 77.4549 0
    endloop
  endfacet
  facet normal -0.933552 0.358441 0
    outer loop
      vertex 67.7553 77.4549 1
      vertex 67.5677 76.9663 0
      vertex 67.5677 76.9663 1
    endloop
  endfacet
  facet normal -0.544605 0.838692 0
    outer loop
      vertex 65.9389 74.9549 0
      vertex 65.5 74.6699 1
      vertex 65.9389 74.9549 1
    endloop
  endfacet
  facet normal -0.544605 0.838692 0
    outer loop
      vertex 65.5 74.6699 1
      vertex 65.9389 74.9549 0
      vertex 65.5 74.6699 0
    endloop
  endfacet
  facet normal 0.454003 -0.891 0
    outer loop
      vertex 60.5 83.3301 0
      vertex 60.9663 83.5677 1
      vertex 60.5 83.3301 1
    endloop
  endfacet
  facet normal 0.454003 -0.891 0
    outer loop
      vertex 60.9663 83.5677 1
      vertex 60.5 83.3301 0
      vertex 60.9663 83.5677 0
    endloop
  endfacet
  facet normal -0.156463 0.987684 0
    outer loop
      vertex 64.0396 74.1093 0
      vertex 63.5226 74.0274 1
      vertex 64.0396 74.1093 1
    endloop
  endfacet
  facet normal -0.156463 0.987684 0
    outer loop
      vertex 63.5226 74.0274 1
      vertex 64.0396 74.1093 0
      vertex 63.5226 74.0274 0
    endloop
  endfacet
  facet normal 0.156463 -0.987684 0
    outer loop
      vertex 61.9604 83.8907 0
      vertex 62.4774 83.9726 1
      vertex 61.9604 83.8907 1
    endloop
  endfacet
  facet normal 0.156463 -0.987684 0
    outer loop
      vertex 62.4774 83.9726 1
      vertex 61.9604 83.8907 0
      vertex 62.4774 83.9726 0
    endloop
  endfacet
  facet normal 0.0523582 0.998628 -0
    outer loop
      vertex 63 74 0
      vertex 62.4774 74.0274 1
      vertex 63 74 1
    endloop
  endfacet
  facet normal 0.0523582 0.998628 0
    outer loop
      vertex 62.4774 74.0274 1
      vertex 63 74 0
      vertex 62.4774 74.0274 0
    endloop
  endfacet
  facet normal 0.258733 -0.965949 0
    outer loop
      vertex 61.4549 83.7553 0
      vertex 61.9604 83.8907 1
      vertex 61.4549 83.7553 1
    endloop
  endfacet
  facet normal 0.258733 -0.965949 0
    outer loop
      vertex 61.9604 83.8907 1
      vertex 61.4549 83.7553 0
      vertex 61.9604 83.8907 0
    endloop
  endfacet
  facet normal 0.156463 0.987684 -0
    outer loop
      vertex 62.4774 74.0274 0
      vertex 61.9604 74.1093 1
      vertex 62.4774 74.0274 1
    endloop
  endfacet
  facet normal 0.156463 0.987684 0
    outer loop
      vertex 61.9604 74.1093 1
      vertex 62.4774 74.0274 0
      vertex 61.9604 74.1093 0
    endloop
  endfacet
  facet normal 0.544605 0.838692 -0
    outer loop
      vertex 60.5 74.6699 0
      vertex 60.0611 74.9549 1
      vertex 60.5 74.6699 1
    endloop
  endfacet
  facet normal 0.544605 0.838692 0
    outer loop
      vertex 60.0611 74.9549 1
      vertex 60.5 74.6699 0
      vertex 60.0611 74.9549 0
    endloop
  endfacet
  facet normal -0.629391 0.777089 0
    outer loop
      vertex 66.3456 75.2843 0
      vertex 65.9389 74.9549 1
      vertex 66.3456 75.2843 1
    endloop
  endfacet
  facet normal -0.629391 0.777089 0
    outer loop
      vertex 65.9389 74.9549 1
      vertex 66.3456 75.2843 0
      vertex 65.9389 74.9549 0
    endloop
  endfacet
  facet normal 0.838692 0.544605 0
    outer loop
      vertex 58.9549 76.0611 1
      vertex 58.6699 76.5 0
      vertex 58.6699 76.5 1
    endloop
  endfacet
  facet normal 0.838692 0.544605 0
    outer loop
      vertex 58.6699 76.5 0
      vertex 58.9549 76.0611 1
      vertex 58.9549 76.0611 0
    endloop
  endfacet
  facet normal 0.838692 -0.544605 0
    outer loop
      vertex 58.6699 81.5 1
      vertex 58.9549 81.9389 0
      vertex 58.9549 81.9389 1
    endloop
  endfacet
  facet normal 0.838692 -0.544605 0
    outer loop
      vertex 58.9549 81.9389 0
      vertex 58.6699 81.5 1
      vertex 58.6699 81.5 0
    endloop
  endfacet
  facet normal -0.454003 -0.891 0
    outer loop
      vertex 65.0337 83.5677 0
      vertex 65.5 83.3301 1
      vertex 65.0337 83.5677 1
    endloop
  endfacet
  facet normal -0.454003 -0.891 -0
    outer loop
      vertex 65.5 83.3301 1
      vertex 65.0337 83.5677 0
      vertex 65.5 83.3301 0
    endloop
  endfacet
  facet normal 0.987684 0.156463 0
    outer loop
      vertex 58.1093 77.9604 1
      vertex 58.0274 78.4774 0
      vertex 58.0274 78.4774 1
    endloop
  endfacet
  facet normal 0.987684 0.156463 0
    outer loop
      vertex 58.0274 78.4774 0
      vertex 58.1093 77.9604 1
      vertex 58.1093 77.9604 0
    endloop
  endfacet
  facet normal 0.544605 -0.838692 0
    outer loop
      vertex 60.0611 83.0451 0
      vertex 60.5 83.3301 1
      vertex 60.0611 83.0451 1
    endloop
  endfacet
  facet normal 0.544605 -0.838692 0
    outer loop
      vertex 60.5 83.3301 1
      vertex 60.0611 83.0451 0
      vertex 60.5 83.3301 0
    endloop
  endfacet
  facet normal -0.965949 0.258733 0
    outer loop
      vertex 67.7553 77.4549 0
      vertex 67.8907 77.9604 1
      vertex 67.8907 77.9604 0
    endloop
  endfacet
  facet normal -0.965949 0.258733 0
    outer loop
      vertex 67.8907 77.9604 1
      vertex 67.7553 77.4549 0
      vertex 67.7553 77.4549 1
    endloop
  endfacet
  facet normal -0.544605 -0.838692 0
    outer loop
      vertex 65.5 83.3301 0
      vertex 65.9389 83.0451 1
      vertex 65.5 83.3301 1
    endloop
  endfacet
  facet normal -0.544605 -0.838692 -0
    outer loop
      vertex 65.9389 83.0451 1
      vertex 65.5 83.3301 0
      vertex 65.9389 83.0451 0
    endloop
  endfacet
  facet normal 0.707202 -0.707011 0
    outer loop
      vertex 59.2843 82.3456 1
      vertex 59.6543 82.7157 0
      vertex 59.6543 82.7157 1
    endloop
  endfacet
  facet normal 0.707202 -0.707011 0
    outer loop
      vertex 59.6543 82.7157 0
      vertex 59.2843 82.3456 1
      vertex 59.2843 82.3456 0
    endloop
  endfacet
  facet normal -0.777089 -0.629391 0
    outer loop
      vertex 67.0451 81.9389 0
      vertex 66.7157 82.3456 1
      vertex 66.7157 82.3456 0
    endloop
  endfacet
  facet normal -0.777089 -0.629391 0
    outer loop
      vertex 66.7157 82.3456 1
      vertex 67.0451 81.9389 0
      vertex 67.0451 81.9389 1
    endloop
  endfacet
  facet normal -0.707107 -0.707107 0
    outer loop
      vertex 66.7157 82.3456 0
      vertex 66.3456 82.7157 1
      vertex 66.3456 82.7157 0
    endloop
  endfacet
  facet normal -0.707107 -0.707107 0
    outer loop
      vertex 66.3456 82.7157 1
      vertex 66.7157 82.3456 0
      vertex 66.7157 82.3456 1
    endloop
  endfacet
  facet normal -0.707011 0.707202 0
    outer loop
      vertex 66.3456 75.2843 0
      vertex 66.7157 75.6543 1
      vertex 66.7157 75.6543 0
    endloop
  endfacet
  facet normal -0.707011 0.707202 0
    outer loop
      vertex 66.7157 75.6543 1
      vertex 66.3456 75.2843 0
      vertex 66.3456 75.2843 1
    endloop
  endfacet
  facet normal 0.0523582 -0.998628 0
    outer loop
      vertex 62.4774 83.9726 0
      vertex 63 84 1
      vertex 62.4774 83.9726 1
    endloop
  endfacet
  facet normal 0.0523582 -0.998628 0
    outer loop
      vertex 63 84 1
      vertex 62.4774 83.9726 0
      vertex 63 84 0
    endloop
  endfacet
  facet normal -0.987684 0.156463 0
    outer loop
      vertex 67.8907 77.9604 0
      vertex 67.9726 78.4774 1
      vertex 67.9726 78.4774 0
    endloop
  endfacet
  facet normal -0.987684 0.156463 0
    outer loop
      vertex 67.9726 78.4774 1
      vertex 67.8907 77.9604 0
      vertex 67.8907 77.9604 1
    endloop
  endfacet
  facet normal -0.0523582 0.998628 0
    outer loop
      vertex 63.5226 74.0274 0
      vertex 63 74 1
      vertex 63.5226 74.0274 1
    endloop
  endfacet
  facet normal -0.0523582 0.998628 0
    outer loop
      vertex 63 74 1
      vertex 63.5226 74.0274 0
      vertex 63 74 0
    endloop
  endfacet
  facet normal -0.998628 0.0523582 0
    outer loop
      vertex 67.9726 78.4774 0
      vertex 68 79 1
      vertex 68 79 0
    endloop
  endfacet
  facet normal -0.998628 0.0523582 0
    outer loop
      vertex 68 79 1
      vertex 67.9726 78.4774 0
      vertex 67.9726 78.4774 1
    endloop
  endfacet
  facet normal -0.358441 0.933552 0
    outer loop
      vertex 65.0337 74.4323 0
      vertex 64.5451 74.2447 1
      vertex 65.0337 74.4323 1
    endloop
  endfacet
  facet normal -0.358441 0.933552 0
    outer loop
      vertex 64.5451 74.2447 1
      vertex 65.0337 74.4323 0
      vertex 64.5451 74.2447 0
    endloop
  endfacet
  facet normal -0.258733 0.965949 0
    outer loop
      vertex 64.5451 74.2447 0
      vertex 64.0396 74.1093 1
      vertex 64.5451 74.2447 1
    endloop
  endfacet
  facet normal -0.258733 0.965949 0
    outer loop
      vertex 64.0396 74.1093 1
      vertex 64.5451 74.2447 0
      vertex 64.0396 74.1093 0
    endloop
  endfacet
  facet normal -0.933552 -0.358441 0
    outer loop
      vertex 67.7553 80.5451 0
      vertex 67.5677 81.0337 1
      vertex 67.5677 81.0337 0
    endloop
  endfacet
  facet normal -0.933552 -0.358441 0
    outer loop
      vertex 67.5677 81.0337 1
      vertex 67.7553 80.5451 0
      vertex 67.7553 80.5451 1
    endloop
  endfacet
  facet normal -0.838692 0.544605 0
    outer loop
      vertex 67.0451 76.0611 0
      vertex 67.3301 76.5 1
      vertex 67.3301 76.5 0
    endloop
  endfacet
  facet normal -0.838692 0.544605 0
    outer loop
      vertex 67.3301 76.5 1
      vertex 67.0451 76.0611 0
      vertex 67.0451 76.0611 1
    endloop
  endfacet
  facet normal -0.891 0.454003 0
    outer loop
      vertex 67.3301 76.5 0
      vertex 67.5677 76.9663 1
      vertex 67.5677 76.9663 0
    endloop
  endfacet
  facet normal -0.891 0.454003 0
    outer loop
      vertex 67.5677 76.9663 1
      vertex 67.3301 76.5 0
      vertex 67.3301 76.5 1
    endloop
  endfacet
  facet normal 0 0 -1
    outer loop
      vertex 67.9726 78.4774 1
      vertex 67.9726 79.5226 1
      vertex 68 79 1
    endloop
  endfacet
  facet normal 0 0 -1
    outer loop
      vertex 67.8907 77.9604 1
      vertex 67.9726 79.5226 1
      vertex 67.9726 78.4774 1
    endloop
  endfacet
  facet normal 0 0 -1
    outer loop
      vertex 67.8907 77.9604 1
      vertex 67.8907 80.0396 1
      vertex 67.9726 79.5226 1
    endloop
  endfacet
  facet normal 0 0 -1
    outer loop
      vertex 67.7553 77.4549 1
      vertex 67.8907 80.0396 1
      vertex 67.8907 77.9604 1
    endloop
  endfacet
  facet normal 0 0 -1
    outer loop
      vertex 67.7553 77.4549 1
      vertex 67.7553 80.5451 1
      vertex 67.8907 80.0396 1
    endloop
  endfacet
  facet normal 0 0 -1
    outer loop
      vertex 67.5677 76.9663 1
      vertex 67.7553 80.5451 1
      vertex 67.7553 77.4549 1
    endloop
  endfacet
  facet normal 0 0 -1
    outer loop
      vertex 67.5677 76.9663 1
      vertex 67.5677 81.0337 1
      vertex 67.7553 80.5451 1
    endloop
  endfacet
  facet normal 0 0 -1
    outer loop
      vertex 67.3301 76.5 1
      vertex 67.5677 81.0337 1
      vertex 67.5677 76.9663 1
    endloop
  endfacet
  facet normal 0 0 -1
    outer loop
      vertex 67.3301 76.5 1
      vertex 67.3301 81.5 1
      vertex 67.5677 81.0337 1
    endloop
  endfacet
  facet normal 0 0 -1
    outer loop
      vertex 67.0451 76.0611 1
      vertex 67.3301 81.5 1
      vertex 67.3301 76.5 1
    endloop
  endfacet
  facet normal 0 0 -1
    outer loop
      vertex 67.0451 76.0611 1
      vertex 67.0451 81.9389 1
      vertex 67.3301 81.5 1
    endloop
  endfacet
  facet normal 0 0 -1
    outer loop
      vertex 66.7157 75.6543 1
      vertex 67.0451 81.9389 1
      vertex 67.0451 76.0611 1
    endloop
  endfacet
  facet normal 0 0 -1
    outer loop
      vertex 66.7157 75.6543 1
      vertex 66.7157 82.3456 1
      vertex 67.0451 81.9389 1
    endloop
  endfacet
  facet normal 0 0 -1
    outer loop
      vertex 66.3456 75.2843 1
      vertex 66.7157 82.3456 1
      vertex 66.7157 75.6543 1
    endloop
  endfacet
  facet normal 0 0 -1
    outer loop
      vertex 66.3456 75.2843 1
      vertex 66.3456 82.7157 1
      vertex 66.7157 82.3456 1
    endloop
  endfacet
  facet normal 0 0 -1
    outer loop
      vertex 65.9389 74.9549 1
      vertex 66.3456 82.7157 1
      vertex 66.3456 75.2843 1
    endloop
  endfacet
  facet normal 0 0 -1
    outer loop
      vertex 65.9389 74.9549 1
      vertex 65.9389 83.0451 1
      vertex 66.3456 82.7157 1
    endloop
  endfacet
  facet normal 0 0 -1
    outer loop
      vertex 65.5 74.6699 1
      vertex 65.9389 83.0451 1
      vertex 65.9389 74.9549 1
    endloop
  endfacet
  facet normal 0 0 -1
    outer loop
      vertex 65.5 74.6699 1
      vertex 65.5 83.3301 1
      vertex 65.9389 83.0451 1
    endloop
  endfacet
  facet normal 0 0 -1
    outer loop
      vertex 65.0337 74.4323 1
      vertex 65.5 83.3301 1
      vertex 65.5 74.6699 1
    endloop
  endfacet
  facet normal 0 0 -1
    outer loop
      vertex 65.0337 74.4323 1
      vertex 65.0337 83.5677 1
      vertex 65.5 83.3301 1
    endloop
  endfacet
  facet normal 0 0 -1
    outer loop
      vertex 64.5451 74.2447 1
      vertex 65.0337 83.5677 1
      vertex 65.0337 74.4323 1
    endloop
  endfacet
  facet normal 0 0 -1
    outer loop
      vertex 64.5451 74.2447 1
      vertex 64.5451 83.7553 1
      vertex 65.0337 83.5677 1
    endloop
  endfacet
  facet normal 0 0 -1
    outer loop
      vertex 64.0396 74.1093 1
      vertex 64.5451 83.7553 1
      vertex 64.5451 74.2447 1
    endloop
  endfacet
  facet normal 0 0 -1
    outer loop
      vertex 64.0396 74.1093 1
      vertex 64.0396 83.8907 1
      vertex 64.5451 83.7553 1
    endloop
  endfacet
  facet normal 0 0 -1
    outer loop
      vertex 63.5226 74.0274 1
      vertex 64.0396 83.8907 1
      vertex 64.0396 74.1093 1
    endloop
  endfacet
  facet normal 0 0 -1
    outer loop
      vertex 63.5226 74.0274 1
      vertex 63.5226 83.9726 1
      vertex 64.0396 83.8907 1
    endloop
  endfacet
  facet normal 0 0 -1
    outer loop
      vertex 63 74 1
      vertex 63.5226 83.9726 1
      vertex 63.5226 74.0274 1
    endloop
  endfacet
  facet normal 0 0 -1
    outer loop
      vertex 63 74 1
      vertex 63 84 1
      vertex 63.5226 83.9726 1
    endloop
  endfacet
  facet normal 0 0 -1
    outer loop
      vertex 62.4774 74.0274 1
      vertex 63 84 1
      vertex 63 74 1
    endloop
  endfacet
  facet normal 0 0 -1
    outer loop
      vertex 62.4774 74.0274 1
      vertex 62.4774 83.9726 1
      vertex 63 84 1
    endloop
  endfacet
  facet normal 0 0 -1
    outer loop
      vertex 61.9604 74.1093 1
      vertex 62.4774 83.9726 1
      vertex 62.4774 74.0274 1
    endloop
  endfacet
  facet normal 0 0 -1
    outer loop
      vertex 61.9604 74.1093 1
      vertex 61.9604 83.8907 1
      vertex 62.4774 83.9726 1
    endloop
  endfacet
  facet normal 0 0 -1
    outer loop
      vertex 61.4549 74.2447 1
      vertex 61.9604 83.8907 1
      vertex 61.9604 74.1093 1
    endloop
  endfacet
  facet normal 0 0 -1
    outer loop
      vertex 61.4549 74.2447 1
      vertex 61.4549 83.7553 1
      vertex 61.9604 83.8907 1
    endloop
  endfacet
  facet normal 0 0 -1
    outer loop
      vertex 60.9663 74.4323 1
      vertex 61.4549 83.7553 1
      vertex 61.4549 74.2447 1
    endloop
  endfacet
  facet normal 0 0 -1
    outer loop
      vertex 60.9663 74.4323 1
      vertex 60.9663 83.5677 1
      vertex 61.4549 83.7553 1
    endloop
  endfacet
  facet normal 0 0 -1
    outer loop
      vertex 60.5 74.6699 1
      vertex 60.9663 83.5677 1
      vertex 60.9663 74.4323 1
    endloop
  endfacet
  facet normal 0 0 -1
    outer loop
      vertex 60.5 74.6699 1
      vertex 60.5 83.3301 1
      vertex 60.9663 83.5677 1
    endloop
  endfacet
  facet normal 0 0 -1
    outer loop
      vertex 60.0611 74.9549 1
      vertex 60.5 83.3301 1
      vertex 60.5 74.6699 1
    endloop
  endfacet
  facet normal 0 0 -1
    outer loop
      vertex 60.0611 74.9549 1
      vertex 60.0611 83.0451 1
      vertex 60.5 83.3301 1
    endloop
  endfacet
  facet normal 0 0 -1
    outer loop
      vertex 59.6543 75.2843 1
      vertex 60.0611 83.0451 1
      vertex 60.0611 74.9549 1
    endloop
  endfacet
  facet normal 0 0 -1
    outer loop
      vertex 59.6543 75.2843 1
      vertex 59.6543 82.7157 1
      vertex 60.0611 83.0451 1
    endloop
  endfacet
  facet normal 0 0 -1
    outer loop
      vertex 59.2843 75.6543 1
      vertex 59.6543 82.7157 1
      vertex 59.6543 75.2843 1
    endloop
  endfacet
  facet normal 0 0 -1
    outer loop
      vertex 59.2843 75.6543 1
      vertex 59.2843 82.3456 1
      vertex 59.6543 82.7157 1
    endloop
  endfacet
  facet normal 0 0 -1
    outer loop
      vertex 58.9549 76.0611 1
      vertex 59.2843 82.3456 1
      vertex 59.2843 75.6543 1
    endloop
  endfacet
  facet normal 0 0 -1
    outer loop
      vertex 58.9549 76.0611 1
      vertex 58.9549 81.9389 1
      vertex 59.2843 82.3456 1
    endloop
  endfacet
  facet normal 0 0 -1
    outer loop
      vertex 58.6699 76.5 1
      vertex 58.9549 81.9389 1
      vertex 58.9549 76.0611 1
    endloop
  endfacet
  facet normal 0 0 -1
    outer loop
      vertex 58.6699 76.5 1
      vertex 58.6699 81.5 1
      vertex 58.9549 81.9389 1
    endloop
  endfacet
  facet normal 0 0 -1
    outer loop
      vertex 58.4323 76.9663 1
      vertex 58.6699 81.5 1
      vertex 58.6699 76.5 1
    endloop
  endfacet
  facet normal 0 0 -1
    outer loop
      vertex 58.4323 76.9663 1
      vertex 58.4323 81.0337 1
      vertex 58.6699 81.5 1
    endloop
  endfacet
  facet normal 0 0 -1
    outer loop
      vertex 58.2447 77.4549 1
      vertex 58.4323 81.0337 1
      vertex 58.4323 76.9663 1
    endloop
  endfacet
  facet normal 0 0 -1
    outer loop
      vertex 58.2447 77.4549 1
      vertex 58.2447 80.5451 1
      vertex 58.4323 81.0337 1
    endloop
  endfacet
  facet normal 0 0 -1
    outer loop
      vertex 58.1093 77.9604 1
      vertex 58.2447 80.5451 1
      vertex 58.2447 77.4549 1
    endloop
  endfacet
  facet normal 0 0 -1
    outer loop
      vertex 58.1093 77.9604 1
      vertex 58.1093 80.0396 1
      vertex 58.2447 80.5451 1
    endloop
  endfacet
  facet normal 0 0 -1
    outer loop
      vertex 58.0274 78.4774 1
      vertex 58.1093 80.0396 1
      vertex 58.1093 77.9604 1
    endloop
  endfacet
  facet normal 0 0 -1
    outer loop
      vertex 58.0274 78.4774 1
      vertex 58.0274 79.5226 1
      vertex 58.1093 80.0396 1
    endloop
  endfacet
  facet normal 0 -0 -1
    outer loop
      vertex 58.0274 79.5226 1
      vertex 58.0274 78.4774 1
      vertex 58 79 1
    endloop
  endfacet
  facet normal 0.987684 -0.156463 0
    outer loop
      vertex 58.0274 79.5226 1
      vertex 58.1093 80.0396 0
      vertex 58.1093 80.0396 1
    endloop
  endfacet
  facet normal 0.987684 -0.156463 0
    outer loop
      vertex 58.1093 80.0396 0
      vertex 58.0274 79.5226 1
      vertex 58.0274 79.5226 0
    endloop
  endfacet
  facet normal 0.358441 -0.933552 0
    outer loop
      vertex 60.9663 83.5677 0
      vertex 61.4549 83.7553 1
      vertex 60.9663 83.5677 1
    endloop
  endfacet
  facet normal 0.358441 -0.933552 0
    outer loop
      vertex 61.4549 83.7553 1
      vertex 60.9663 83.5677 0
      vertex 61.4549 83.7553 0
    endloop
  endfacet
  facet normal -0.891 -0.454003 0
    outer loop
      vertex 67.5677 81.0337 0
      vertex 67.3301 81.5 1
      vertex 67.3301 81.5 0
    endloop
  endfacet
  facet normal -0.891 -0.454003 0
    outer loop
      vertex 67.3301 81.5 1
      vertex 67.5677 81.0337 0
      vertex 67.5677 81.0337 1
    endloop
  endfacet
  facet normal -0.838692 -0.544605 0
    outer loop
      vertex 67.3301 81.5 0
      vertex 67.0451 81.9389 1
      vertex 67.0451 81.9389 0
    endloop
  endfacet
  facet normal -0.838692 -0.544605 0
    outer loop
      vertex 67.0451 81.9389 1
      vertex 67.3301 81.5 0
      vertex 67.3301 81.5 1
    endloop
  endfacet
  facet normal 0.629297 0.777165 -0
    outer loop
      vertex 60.0611 74.9549 0
      vertex 59.6543 75.2843 1
      vertex 60.0611 74.9549 1
    endloop
  endfacet
  facet normal 0.629297 0.777165 0
    outer loop
      vertex 59.6543 75.2843 1
      vertex 60.0611 74.9549 0
      vertex 59.6543 75.2843 0
    endloop
  endfacet
  facet normal 0.454003 0.891 -0
    outer loop
      vertex 60.9663 74.4323 0
      vertex 60.5 74.6699 1
      vertex 60.9663 74.4323 1
    endloop
  endfacet
  facet normal 0.454003 0.891 0
    outer loop
      vertex 60.5 74.6699 1
      vertex 60.9663 74.4323 0
      vertex 60.5 74.6699 0
    endloop
  endfacet
  facet normal -0.156463 -0.987684 0
    outer loop
      vertex 63.5226 83.9726 0
      vertex 64.0396 83.8907 1
      vertex 63.5226 83.9726 1
    endloop
  endfacet
  facet normal -0.156463 -0.987684 -0
    outer loop
      vertex 64.0396 83.8907 1
      vertex 63.5226 83.9726 0
      vertex 64.0396 83.8907 0
    endloop
  endfacet
  facet normal -0.629391 -0.777089 0
    outer loop
      vertex 65.9389 83.0451 0
      vertex 66.3456 82.7157 1
      vertex 65.9389 83.0451 1
    endloop
  endfacet
  facet normal -0.629391 -0.777089 -0
    outer loop
      vertex 66.3456 82.7157 1
      vertex 65.9389 83.0451 0
      vertex 66.3456 82.7157 0
    endloop
  endfacet
  facet normal 0.891 0.454003 0
    outer loop
      vertex 58.6699 76.5 1
      vertex 58.4323 76.9663 0
      vertex 58.4323 76.9663 1
    endloop
  endfacet
  facet normal 0.891 0.454003 0
    outer loop
      vertex 58.4323 76.9663 0
      vertex 58.6699 76.5 1
      vertex 58.6699 76.5 0
    endloop
  endfacet
  facet normal -0.0523582 -0.998628 0
    outer loop
      vertex 63 84 0
      vertex 63.5226 83.9726 1
      vertex 63 84 1
    endloop
  endfacet
  facet normal -0.0523582 -0.998628 -0
    outer loop
      vertex 63.5226 83.9726 1
      vertex 63 84 0
      vertex 63.5226 83.9726 0
    endloop
  endfacet
  facet normal -0.258733 -0.965949 0
    outer loop
      vertex 64.0396 83.8907 0
      vertex 64.5451 83.7553 1
      vertex 64.0396 83.8907 1
    endloop
  endfacet
  facet normal -0.258733 -0.965949 -0
    outer loop
      vertex 64.5451 83.7553 1
      vertex 64.0396 83.8907 0
      vertex 64.5451 83.7553 0
    endloop
  endfacet
  facet normal 0.629297 -0.777165 0
    outer loop
      vertex 59.6543 82.7157 0
      vertex 60.0611 83.0451 1
      vertex 59.6543 82.7157 1
    endloop
  endfacet
  facet normal 0.629297 -0.777165 0
    outer loop
      vertex 60.0611 83.0451 1
      vertex 59.6543 82.7157 0
      vertex 60.0611 83.0451 0
    endloop
  endfacet
  facet normal 0.707107 0.707107 0
    outer loop
      vertex 59.6543 75.2843 1
      vertex 59.2843 75.6543 0
      vertex 59.2843 75.6543 1
    endloop
  endfacet
  facet normal 0.707107 0.707107 0
    outer loop
      vertex 59.2843 75.6543 0
      vertex 59.6543 75.2843 1
      vertex 59.6543 75.2843 0
    endloop
  endfacet
  facet normal 0.965949 0.258733 0
    outer loop
      vertex 58.2447 77.4549 1
      vertex 58.1093 77.9604 0
      vertex 58.1093 77.9604 1
    endloop
  endfacet
  facet normal 0.965949 0.258733 0
    outer loop
      vertex 58.1093 77.9604 0
      vertex 58.2447 77.4549 1
      vertex 58.2447 77.4549 0
    endloop
  endfacet
  facet normal 0.358441 0.933552 -0
    outer loop
      vertex 61.4549 74.2447 0
      vertex 60.9663 74.4323 1
      vertex 61.4549 74.2447 1
    endloop
  endfacet
  facet normal 0.358441 0.933552 0
    outer loop
      vertex 60.9663 74.4323 1
      vertex 61.4549 74.2447 0
      vertex 60.9663 74.4323 0
    endloop
  endfacet
  facet normal 0.965949 -0.258733 0
    outer loop
      vertex 58.1093 80.0396 1
      vertex 58.2447 80.5451 0
      vertex 58.2447 80.5451 1
    endloop
  endfacet
  facet normal 0.965949 -0.258733 0
    outer loop
      vertex 58.2447 80.5451 0
      vertex 58.1093 80.0396 1
      vertex 58.1093 80.0396 0
    endloop
  endfacet
  facet normal 0.998628 -0.0523582 0
    outer loop
      vertex 58 79 1
      vertex 58.0274 79.5226 0
      vertex 58.0274 79.5226 1
    endloop
  endfacet
  facet normal 0.998628 -0.0523582 0
    outer loop
      vertex 58.0274 79.5226 0
      vertex 58 79 1
      vertex 58 79 0
    endloop
  endfacet
  facet normal 0.998628 0.0523582 0
    outer loop
      vertex 58.0274 78.4774 1
      vertex 58 79 0
      vertex 58 79 1
    endloop
  endfacet
  facet normal 0.998628 0.0523582 0
    outer loop
      vertex 58 79 0
      vertex 58.0274 78.4774 1
      vertex 58.0274 78.4774 0
    endloop
  endfacet
  facet normal 0.891 -0.454003 0
    outer loop
      vertex 58.4323 81.0337 1
      vertex 58.6699 81.5 0
      vertex 58.6699 81.5 1
    endloop
  endfacet
  facet normal 0.891 -0.454003 0
    outer loop
      vertex 58.6699 81.5 0
      vertex 58.4323 81.0337 1
      vertex 58.4323 81.0337 0
    endloop
  endfacet
  facet normal 0.258733 0.965949 -0
    outer loop
      vertex 61.9604 74.1093 0
      vertex 61.4549 74.2447 1
      vertex 61.9604 74.1093 1
    endloop
  endfacet
  facet normal 0.258733 0.965949 0
    outer loop
      vertex 61.4549 74.2447 1
      vertex 61.9604 74.1093 0
      vertex 61.4549 74.2447 0
    endloop
  endfacet
  facet normal 0.933552 -0.358441 0
    outer loop
      vertex 58.2447 80.5451 1
      vertex 58.4323 81.0337 0
      vertex 58.4323 81.0337 1
    endloop
  endfacet
  facet normal 0.933552 -0.358441 0
    outer loop
      vertex 58.4323 81.0337 0
      vertex 58.2447 80.5451 1
      vertex 58.2447 80.5451 0
    endloop
  endfacet
  facet normal -0.777165 0.629297 0
    outer loop
      vertex 66.7157 75.6543 0
      vertex 67.0451 76.0611 1
      vertex 67.0451 76.0611 0
    endloop
  endfacet
  facet normal -0.777165 0.629297 0
    outer loop
      vertex 67.0451 76.0611 1
      vertex 66.7157 75.6543 0
      vertex 66.7157 75.6543 1
    endloop
  endfacet
  facet normal -0.707107 -0.707107 0
    outer loop
      vertex 1.65435 1.28428 0
      vertex 1.28428 1.65435 2
      vertex 1.28428 1.65435 0
    endloop
  endfacet
  facet normal -0.707107 -0.707107 0
    outer loop
      vertex 1.28428 1.65435 2
      vertex 1.65435 1.28428 0
      vertex 1.65435 1.28428 2
    endloop
  endfacet
  facet normal -0.707135 0.707078 0
    outer loop
      vertex 1.28428 90.3456 0
      vertex 1.65435 90.7157 2
      vertex 1.65435 90.7157 0
    endloop
  endfacet
  facet normal -0.707135 0.707078 0
    outer loop
      vertex 1.65435 90.7157 2
      vertex 1.28428 90.3456 0
      vertex 1.28428 90.3456 2
    endloop
  endfacet
  facet normal 0.998629 -0.0523542 0
    outer loop
      vertex 75.9726 4.47736 2
      vertex 76 5 0
      vertex 76 5 2
    endloop
  endfacet
  facet normal 0.998629 -0.0523542 0
    outer loop
      vertex 76 5 0
      vertex 75.9726 4.47736 2
      vertex 75.9726 4.47736 0
    endloop
  endfacet
  facet normal -0.965926 -0.258817 0
    outer loop
      vertex 0.244717 3.45491 0
      vertex 0.109262 3.96044 2
      vertex 0.109262 3.96044 0
    endloop
  endfacet
  facet normal -0.965926 -0.258817 0
    outer loop
      vertex 0.109262 3.96044 2
      vertex 0.244717 3.45491 0
      vertex 0.244717 3.45491 2
    endloop
  endfacet
  facet normal 0.258733 0.965949 -0
    outer loop
      vertex 72.5451 91.7553 0
      vertex 72.0396 91.8907 2
      vertex 72.5451 91.7553 2
    endloop
  endfacet
  facet normal 0.258733 0.965949 0
    outer loop
      vertex 72.0396 91.8907 2
      vertex 72.5451 91.7553 0
      vertex 72.0396 91.8907 0
    endloop
  endfacet
  facet normal 0.777104 -0.629372 0
    outer loop
      vertex 74.7157 1.65435 2
      vertex 75.0451 2.06107 0
      vertex 75.0451 2.06107 2
    endloop
  endfacet
  facet normal 0.777104 -0.629372 0
    outer loop
      vertex 75.0451 2.06107 0
      vertex 74.7157 1.65435 2
      vertex 74.7157 1.65435 0
    endloop
  endfacet
  facet normal 0.998628 0.0523582 0
    outer loop
      vertex 76 87 2
      vertex 75.9726 87.5226 0
      vertex 75.9726 87.5226 2
    endloop
  endfacet
  facet normal 0.998628 0.0523582 0
    outer loop
      vertex 75.9726 87.5226 0
      vertex 76 87 2
      vertex 76 87 0
    endloop
  endfacet
  facet normal -0.987689 -0.156433 0
    outer loop
      vertex 0.109262 3.96044 0
      vertex 0.0273905 4.47736 2
      vertex 0.0273905 4.47736 0
    endloop
  endfacet
  facet normal -0.987689 -0.156433 0
    outer loop
      vertex 0.0273905 4.47736 2
      vertex 0.109262 3.96044 0
      vertex 0.109262 3.96044 2
    endloop
  endfacet
  facet normal -0.933579 -0.358373 0
    outer loop
      vertex 0.432272 2.96632 0
      vertex 0.244717 3.45491 2
      vertex 0.244717 3.45491 0
    endloop
  endfacet
  facet normal -0.933579 -0.358373 0
    outer loop
      vertex 0.244717 3.45491 2
      vertex 0.432272 2.96632 0
      vertex 0.432272 2.96632 2
    endloop
  endfacet
  facet normal 0.156463 0.987684 -0
    outer loop
      vertex 72.0396 91.8907 0
      vertex 71.5226 91.9726 2
      vertex 72.0396 91.8907 2
    endloop
  endfacet
  facet normal 0.156463 0.987684 0
    outer loop
      vertex 71.5226 91.9726 2
      vertex 72.0396 91.8907 0
      vertex 71.5226 91.9726 0
    endloop
  endfacet
  facet normal -0.544636 -0.838673 0
    outer loop
      vertex 2.06107 0.954914 0
      vertex 2.5 0.669872 2
      vertex 2.06107 0.954914 2
    endloop
  endfacet
  facet normal -0.544636 -0.838673 -0
    outer loop
      vertex 2.5 0.669872 2
      vertex 2.06107 0.954914 0
      vertex 2.5 0.669872 0
    endloop
  endfacet
  facet normal -1 0 0
    outer loop
      vertex 0 5 0
      vertex 0 87 2
      vertex 0 87 0
    endloop
  endfacet
  facet normal -1 -0 0
    outer loop
      vertex 0 87 2
      vertex 0 5 0
      vertex 0 5 2
    endloop
  endfacet
  facet normal -0.777136 -0.629333 0
    outer loop
      vertex 1.28428 1.65435 0
      vertex 0.954914 2.06107 2
      vertex 0.954914 2.06107 0
    endloop
  endfacet
  facet normal -0.777136 -0.629333 0
    outer loop
      vertex 0.954914 2.06107 2
      vertex 1.28428 1.65435 0
      vertex 1.28428 1.65435 2
    endloop
  endfacet
  facet normal -0.629333 -0.777136 0
    outer loop
      vertex 1.65435 1.28428 0
      vertex 2.06107 0.954914 2
      vertex 1.65435 1.28428 2
    endloop
  endfacet
  facet normal -0.629333 -0.777136 -0
    outer loop
      vertex 2.06107 0.954914 2
      vertex 1.65435 1.28428 0
      vertex 2.06107 0.954914 0
    endloop
  endfacet
  facet normal -0.838673 -0.544636 0
    outer loop
      vertex 0.954914 2.06107 0
      vertex 0.669872 2.5 2
      vertex 0.669872 2.5 0
    endloop
  endfacet
  facet normal -0.838673 -0.544636 0
    outer loop
      vertex 0.669872 2.5 2
      vertex 0.954914 2.06107 0
      vertex 0.954914 2.06107 2
    endloop
  endfacet
  facet normal 0.0523582 0.998628 -0
    outer loop
      vertex 71.5226 91.9726 0
      vertex 71 92 2
      vertex 71.5226 91.9726 2
    endloop
  endfacet
  facet normal 0.0523582 0.998628 0
    outer loop
      vertex 71 92 2
      vertex 71.5226 91.9726 0
      vertex 71 92 0
    endloop
  endfacet
  facet normal 0.965949 0.258733 0
    outer loop
      vertex 75.8907 88.0396 2
      vertex 75.7553 88.5451 0
      vertex 75.7553 88.5451 2
    endloop
  endfacet
  facet normal 0.965949 0.258733 0
    outer loop
      vertex 75.7553 88.5451 0
      vertex 75.8907 88.0396 2
      vertex 75.8907 88.0396 0
    endloop
  endfacet
  facet normal 1 -0 0
    outer loop
      vertex 76 5 2
      vertex 76 87 0
      vertex 76 87 2
    endloop
  endfacet
  facet normal 1 0 0
    outer loop
      vertex 76 87 0
      vertex 76 5 2
      vertex 76 5 0
    endloop
  endfacet
  facet normal -0.99863 -0.0523361 0
    outer loop
      vertex 0.0273905 4.47736 0
      vertex 0 5 2
      vertex 0 5 0
    endloop
  endfacet
  facet normal -0.99863 -0.0523361 0
    outer loop
      vertex 0 5 2
      vertex 0.0273905 4.47736 0
      vertex 0.0273905 4.47736 2
    endloop
  endfacet
  facet normal -0.998629 0.0523401 0
    outer loop
      vertex 0 87 0
      vertex 0.0273905 87.5226 2
      vertex 0.0273905 87.5226 0
    endloop
  endfacet
  facet normal -0.998629 0.0523401 0
    outer loop
      vertex 0.0273905 87.5226 2
      vertex 0 87 0
      vertex 0 87 2
    endloop
  endfacet
  facet normal 0.965953 -0.258719 0
    outer loop
      vertex 75.7553 3.45491 2
      vertex 75.8907 3.96044 0
      vertex 75.8907 3.96044 2
    endloop
  endfacet
  facet normal 0.965953 -0.258719 0
    outer loop
      vertex 75.8907 3.96044 0
      vertex 75.7553 3.45491 2
      vertex 75.7553 3.45491 0
    endloop
  endfacet
  facet normal 0 -1 0
    outer loop
      vertex 5 0 0
      vertex 71 0 2
      vertex 5 0 2
    endloop
  endfacet
  facet normal 0 -1 -0
    outer loop
      vertex 71 0 2
      vertex 5 0 0
      vertex 71 0 0
    endloop
  endfacet
  facet normal 0.707107 0.707107 0
    outer loop
      vertex 74.7157 90.3456 2
      vertex 74.3456 90.7157 0
      vertex 74.3456 90.7157 2
    endloop
  endfacet
  facet normal 0.707107 0.707107 0
    outer loop
      vertex 74.3456 90.7157 0
      vertex 74.7157 90.3456 2
      vertex 74.7157 90.3456 0
    endloop
  endfacet
  facet normal -0.453988 0.891008 0
    outer loop
      vertex 2.96632 91.5677 0
      vertex 2.5 91.3301 2
      vertex 2.96632 91.5677 2
    endloop
  endfacet
  facet normal -0.453988 0.891008 0
    outer loop
      vertex 2.5 91.3301 2
      vertex 2.96632 91.5677 0
      vertex 2.5 91.3301 0
    endloop
  endfacet
  facet normal 0.838692 0.544605 0
    outer loop
      vertex 75.3301 89.5 2
      vertex 75.0451 89.9389 0
      vertex 75.0451 89.9389 2
    endloop
  endfacet
  facet normal 0.838692 0.544605 0
    outer loop
      vertex 75.0451 89.9389 0
      vertex 75.3301 89.5 2
      vertex 75.3301 89.5 0
    endloop
  endfacet
  facet normal -0.891008 -0.453988 0
    outer loop
      vertex 0.669872 2.5 0
      vertex 0.432272 2.96632 2
      vertex 0.432272 2.96632 0
    endloop
  endfacet
  facet normal -0.891008 -0.453988 0
    outer loop
      vertex 0.432272 2.96632 2
      vertex 0.669872 2.5 0
      vertex 0.669872 2.5 2
    endloop
  endfacet
  facet normal -0.0523542 0.998629 0
    outer loop
      vertex 5 92 0
      vertex 4.47736 91.9726 2
      vertex 5 92 2
    endloop
  endfacet
  facet normal -0.0523542 0.998629 0
    outer loop
      vertex 4.47736 91.9726 2
      vertex 5 92 0
      vertex 4.47736 91.9726 0
    endloop
  endfacet
  facet normal 0.15641 -0.987692 0
    outer loop
      vertex 71.5226 0.0273905 0
      vertex 72.0396 0.109262 2
      vertex 71.5226 0.0273905 2
    endloop
  endfacet
  facet normal 0.15641 -0.987692 0
    outer loop
      vertex 72.0396 0.109262 2
      vertex 71.5226 0.0273905 0
      vertex 72.0396 0.109262 0
    endloop
  endfacet
  facet normal 0.629351 -0.777121 0
    outer loop
      vertex 73.9389 0.954914 0
      vertex 74.3456 1.28428 2
      vertex 73.9389 0.954914 2
    endloop
  endfacet
  facet normal 0.629351 -0.777121 0
    outer loop
      vertex 74.3456 1.28428 2
      vertex 73.9389 0.954914 0
      vertex 74.3456 1.28428 0
    endloop
  endfacet
  facet normal -0.258719 0.965953 0
    outer loop
      vertex 3.96044 91.8907 0
      vertex 3.45491 91.7553 2
      vertex 3.96044 91.8907 2
    endloop
  endfacet
  facet normal -0.258719 0.965953 0
    outer loop
      vertex 3.45491 91.7553 2
      vertex 3.96044 91.8907 0
      vertex 3.45491 91.7553 0
    endloop
  endfacet
  facet normal -0.777121 0.629351 0
    outer loop
      vertex 0.954914 89.9389 0
      vertex 1.28428 90.3456 2
      vertex 1.28428 90.3456 0
    endloop
  endfacet
  facet normal -0.777121 0.629351 0
    outer loop
      vertex 1.28428 90.3456 2
      vertex 0.954914 89.9389 0
      vertex 0.954914 89.9389 2
    endloop
  endfacet
  facet normal -0.156486 0.98768 0
    outer loop
      vertex 4.47736 91.9726 0
      vertex 3.96044 91.8907 2
      vertex 4.47736 91.9726 2
    endloop
  endfacet
  facet normal -0.156486 0.98768 0
    outer loop
      vertex 3.96044 91.8907 2
      vertex 4.47736 91.9726 0
      vertex 3.96044 91.8907 0
    endloop
  endfacet
  facet normal 0 1 0
    outer loop
      vertex 71 92 2
      vertex 44 92 1.3
      vertex 5 92 2
    endloop
  endfacet
  facet normal 0 1 -0
    outer loop
      vertex 71 92 0
      vertex 44 92 1.3
      vertex 71 92 2
    endloop
  endfacet
  facet normal 0 1 0
    outer loop
      vertex 44 92 1.3
      vertex 71 92 0
      vertex 44 92 0
    endloop
  endfacet
  facet normal 0 1 -0
    outer loop
      vertex 32 92 1.3
      vertex 5 92 2
      vertex 44 92 1.3
    endloop
  endfacet
  facet normal 0 1 0
    outer loop
      vertex 5 92 0
      vertex 32 92 1.3
      vertex 32 92 0
    endloop
  endfacet
  facet normal 0 1 0
    outer loop
      vertex 32 92 1.3
      vertex 5 92 0
      vertex 5 92 2
    endloop
  endfacet
  facet normal 0.891 0.454003 0
    outer loop
      vertex 75.5677 89.0337 2
      vertex 75.3301 89.5 0
      vertex 75.3301 89.5 2
    endloop
  endfacet
  facet normal 0.891 0.454003 0
    outer loop
      vertex 75.3301 89.5 0
      vertex 75.5677 89.0337 2
      vertex 75.5677 89.0337 0
    endloop
  endfacet
  facet normal 0.358441 0.933552 -0
    outer loop
      vertex 73.0337 91.5677 0
      vertex 72.5451 91.7553 2
      vertex 73.0337 91.5677 2
    endloop
  endfacet
  facet normal 0.358441 0.933552 0
    outer loop
      vertex 72.5451 91.7553 2
      vertex 73.0337 91.5677 0
      vertex 72.5451 91.7553 0
    endloop
  endfacet
  facet normal -0.838656 0.544662 0
    outer loop
      vertex 0.669872 89.5 0
      vertex 0.954914 89.9389 2
      vertex 0.954914 89.9389 0
    endloop
  endfacet
  facet normal -0.838656 0.544662 0
    outer loop
      vertex 0.954914 89.9389 2
      vertex 0.669872 89.5 0
      vertex 0.669872 89.5 2
    endloop
  endfacet
  facet normal 0.93355 -0.358448 0
    outer loop
      vertex 75.5677 2.96632 2
      vertex 75.7553 3.45491 0
      vertex 75.7553 3.45491 2
    endloop
  endfacet
  facet normal 0.93355 -0.358448 0
    outer loop
      vertex 75.7553 3.45491 0
      vertex 75.5677 2.96632 2
      vertex 75.5677 2.96632 0
    endloop
  endfacet
  facet normal -0.258817 -0.965926 0
    outer loop
      vertex 3.45491 0.244717 0
      vertex 3.96044 0.109262 2
      vertex 3.45491 0.244717 2
    endloop
  endfacet
  facet normal -0.258817 -0.965926 -0
    outer loop
      vertex 3.96044 0.109262 2
      vertex 3.45491 0.244717 0
      vertex 3.96044 0.109262 0
    endloop
  endfacet
  facet normal -0 0 1
    outer loop
      vertex 2.4 15.5 2
      vertex 3.8 14.5 2
      vertex 3.8 15.5 2
    endloop
  endfacet
  facet normal 0 0 1
    outer loop
      vertex 3.8 14.5 2
      vertex 2.4 15.5 2
      vertex 2.4 14.5 2
    endloop
  endfacet
  facet normal -0 0 1
    outer loop
      vertex 2.4 25.5 2
      vertex 3.8 24.5 2
      vertex 3.8 25.5 2
    endloop
  endfacet
  facet normal 0 0 1
    outer loop
      vertex 3.8 24.5 2
      vertex 2.4 25.5 2
      vertex 2.4 24.5 2
    endloop
  endfacet
  facet normal -0 0 1
    outer loop
      vertex 2.4 78.5 2
      vertex 3.8 77.5 2
      vertex 3.8 78.5 2
    endloop
  endfacet
  facet normal 0 0 1
    outer loop
      vertex 3.8 77.5 2
      vertex 2.4 78.5 2
      vertex 2.4 77.5 2
    endloop
  endfacet
  facet normal -0 0 1
    outer loop
      vertex 2.87821 88.5 2
      vertex 4.4 88.0392 2
      vertex 4.4 88.5 2
    endloop
  endfacet
  facet normal 0 0 1
    outer loop
      vertex 4.4 88.0392 2
      vertex 3.8 25.5 2
      vertex 4.4 3.96077 2
    endloop
  endfacet
  facet normal -0 0 1
    outer loop
      vertex 3.8 24.5 2
      vertex 4.4 3.96077 2
      vertex 3.8 25.5 2
    endloop
  endfacet
  facet normal -0 0 1
    outer loop
      vertex 3.8 15.5 2
      vertex 4.4 3.96077 2
      vertex 3.8 24.5 2
    endloop
  endfacet
  facet normal -0 0 1
    outer loop
      vertex 3.8 14.5 2
      vertex 4.4 3.96077 2
      vertex 3.8 15.5 2
    endloop
  endfacet
  facet normal -0 0 1
    outer loop
      vertex 3.8 5 2
      vertex 4.4 3.96077 2
      vertex 3.8 14.5 2
    endloop
  endfacet
  facet normal 0 0 1
    outer loop
      vertex 4.4 88.0392 2
      vertex 3.90982 87.5 2
      vertex 3.8 87 2
    endloop
  endfacet
  facet normal 0 0 1
    outer loop
      vertex 4.4 88.0392 2
      vertex 2.87821 88.5 2
      vertex 3.90982 87.5 2
    endloop
  endfacet
  facet normal 0 0 1
    outer loop
      vertex 2.87821 88.5 2
      vertex 2.45039 87.5 2
      vertex 3.90982 87.5 2
    endloop
  endfacet
  facet normal -0 0 1
    outer loop
      vertex 1.28428 90.3456 2
      vertex 3.06782 88.7397 2
      vertex 1.65435 90.7157 2
    endloop
  endfacet
  facet normal 0 0 1
    outer loop
      vertex 3.06782 88.7397 2
      vertex 1.28428 90.3456 2
      vertex 2.89656 88.5282 2
    endloop
  endfacet
  facet normal -0 0 1
    outer loop
      vertex 0.954914 89.9389 2
      vertex 2.89656 88.5282 2
      vertex 1.28428 90.3456 2
    endloop
  endfacet
  facet normal -0 0 1
    outer loop
      vertex 0 87 2
      vertex 2.4 78.5 2
      vertex 2.4 87 2
    endloop
  endfacet
  facet normal 0 0 1
    outer loop
      vertex 2.4 78.5 2
      vertex 0 87 2
      vertex 2.4 77.5 2
    endloop
  endfacet
  facet normal 0 0 1
    outer loop
      vertex 2.4 77.5 2
      vertex 0 87 2
      vertex 2.4 25.5 2
    endloop
  endfacet
  facet normal 0 0 1
    outer loop
      vertex 0 5 2
      vertex 2.4 25.5 2
      vertex 0 87 2
    endloop
  endfacet
  facet normal 0 0 1
    outer loop
      vertex 2.4 25.5 2
      vertex 0 5 2
      vertex 2.4 24.5 2
    endloop
  endfacet
  facet normal 0 0 1
    outer loop
      vertex 2.4 24.5 2
      vertex 0 5 2
      vertex 2.4 15.5 2
    endloop
  endfacet
  facet normal -0 0 1
    outer loop
      vertex 0.669872 89.5 2
      vertex 2.87821 88.5 2
      vertex 0.954914 89.9389 2
    endloop
  endfacet
  facet normal 0 0 1
    outer loop
      vertex 2.89656 88.5282 2
      vertex 0.954914 89.9389 2
      vertex 2.87821 88.5 2
    endloop
  endfacet
  facet normal 0 0 1
    outer loop
      vertex 3.85873 87.3708 2
      vertex 3.90982 87.5 2
      vertex 3.90375 87.4881 2
    endloop
  endfacet
  facet normal 0 0 1
    outer loop
      vertex 4.4 88.0392 2
      vertex 3.8 77.5 2
      vertex 3.8 25.5 2
    endloop
  endfacet
  facet normal 0 0 1
    outer loop
      vertex 3.90982 87.5 2
      vertex 3.85873 87.3708 2
      vertex 3.8 87 2
    endloop
  endfacet
  facet normal 0 0 1
    outer loop
      vertex 4.4 88.0392 2
      vertex 3.8 78.5 2
      vertex 3.8 77.5 2
    endloop
  endfacet
  facet normal 0 0 1
    outer loop
      vertex 3.8 87 2
      vertex 3.85873 87.3708 2
      vertex 3.82622 87.2495 2
    endloop
  endfacet
  facet normal 0 0 1
    outer loop
      vertex 4.4 3.96077 2
      vertex 3.8 5 2
      vertex 4.29466 4.02918 2
    endloop
  endfacet
  facet normal 0 0 1
    outer loop
      vertex 3.8 87 2
      vertex 3.82622 87.2495 2
      vertex 3.80657 87.1254 2
    endloop
  endfacet
  facet normal 0 0 1
    outer loop
      vertex 4.29466 4.02918 2
      vertex 3.8 5 2
      vertex 4.19704 4.10823 2
    endloop
  endfacet
  facet normal 0 0 1
    outer loop
      vertex 4.4 88.0392 2
      vertex 3.8 87 2
      vertex 3.8 78.5 2
    endloop
  endfacet
  facet normal 0 0 1
    outer loop
      vertex 4.19704 4.10823 2
      vertex 3.8 5 2
      vertex 4.10823 4.19704 2
    endloop
  endfacet
  facet normal 0 0 1
    outer loop
      vertex 4.10823 4.19704 2
      vertex 3.8 5 2
      vertex 4.02918 4.29466 2
    endloop
  endfacet
  facet normal 0 0 1
    outer loop
      vertex 4.02918 4.29466 2
      vertex 3.8 5 2
      vertex 3.96077 4.4 2
    endloop
  endfacet
  facet normal 0 0 1
    outer loop
      vertex 3.96077 4.4 2
      vertex 3.8 5 2
      vertex 3.90375 4.51192 2
    endloop
  endfacet
  facet normal 0 0 1
    outer loop
      vertex 3.90375 4.51192 2
      vertex 3.8 5 2
      vertex 3.85873 4.62918 2
    endloop
  endfacet
  facet normal 0 0 1
    outer loop
      vertex 3.85873 4.62918 2
      vertex 3.8 5 2
      vertex 3.82622 4.75051 2
    endloop
  endfacet
  facet normal 0 0 1
    outer loop
      vertex 3.82622 4.75051 2
      vertex 3.8 5 2
      vertex 3.80657 4.87457 2
    endloop
  endfacet
  facet normal 0 0 1
    outer loop
      vertex 20.7651 77.25 2
      vertex 42.5 88.2 2
      vertex 20.8839 77.4832 2
    endloop
  endfacet
  facet normal 0 0 1
    outer loop
      vertex 58.7775 50.9695 2
      vertex 21.0863 49.7613 2
      vertex 21.1 49.5 2
    endloop
  endfacet
  facet normal 0 0 1
    outer loop
      vertex 42.5 88.2 2
      vertex 20.7651 77.25 2
      vertex 58.6349 77.25 2
    endloop
  endfacet
  facet normal 0 0 1
    outer loop
      vertex 58.7775 50.9695 2
      vertex 21.0454 50.0198 2
      vertex 21.0863 49.7613 2
    endloop
  endfacet
  facet normal 0 0 1
    outer loop
      vertex 58.6349 77.25 2
      vertex 20.7651 77.25 2
      vertex 58.7775 77.0305 2
    endloop
  endfacet
  facet normal 0 0 1
    outer loop
      vertex 58.7775 50.9695 2
      vertex 20.9776 50.2725 2
      vertex 21.0454 50.0198 2
    endloop
  endfacet
  facet normal 0 0 1
    outer loop
      vertex 20.6225 77.0305 2
      vertex 58.7775 77.0305 2
      vertex 20.7651 77.25 2
    endloop
  endfacet
  facet normal 0 0 1
    outer loop
      vertex 58.7775 50.9695 2
      vertex 20.8839 50.5168 2
      vertex 20.9776 50.2725 2
    endloop
  endfacet
  facet normal 0 0 1
    outer loop
      vertex 58.7775 77.0305 2
      vertex 20.6225 77.0305 2
      vertex 58.7775 50.9695 2
    endloop
  endfacet
  facet normal 0 0 1
    outer loop
      vertex 58.7775 50.9695 2
      vertex 20.7651 50.75 2
      vertex 20.8839 50.5168 2
    endloop
  endfacet
  facet normal 0 0 1
    outer loop
      vertex 20.6225 50.9695 2
      vertex 58.7775 50.9695 2
      vertex 20.6225 77.0305 2
    endloop
  endfacet
  facet normal 0 0 1
    outer loop
      vertex 58.7775 50.9695 2
      vertex 20.6225 50.9695 2
      vertex 20.7651 50.75 2
    endloop
  endfacet
  facet normal -0 0 1
    outer loop
      vertex 20.4579 76.8272 2
      vertex 20.6225 50.9695 2
      vertex 20.6225 77.0305 2
    endloop
  endfacet
  facet normal 0 0 1
    outer loop
      vertex 20.4579 76.8272 2
      vertex 20.4579 51.1728 2
      vertex 20.6225 50.9695 2
    endloop
  endfacet
  facet normal -0 0 1
    outer loop
      vertex 20.2728 76.6421 2
      vertex 20.4579 51.1728 2
      vertex 20.4579 76.8272 2
    endloop
  endfacet
  facet normal 0 0 1
    outer loop
      vertex 20.2728 76.6421 2
      vertex 20.2728 51.3579 2
      vertex 20.4579 51.1728 2
    endloop
  endfacet
  facet normal -0 0 1
    outer loop
      vertex 20.0695 76.4775 2
      vertex 20.2728 51.3579 2
      vertex 20.2728 76.6421 2
    endloop
  endfacet
  facet normal 0 0 1
    outer loop
      vertex 20.0695 76.4775 2
      vertex 20.0695 51.5225 2
      vertex 20.2728 51.3579 2
    endloop
  endfacet
  facet normal -0 0 1
    outer loop
      vertex 19.85 76.3349 2
      vertex 20.0695 51.5225 2
      vertex 20.0695 76.4775 2
    endloop
  endfacet
  facet normal 0 0 1
    outer loop
      vertex 19.85 76.3349 2
      vertex 19.85 51.6651 2
      vertex 20.0695 51.5225 2
    endloop
  endfacet
  facet normal -0 0 1
    outer loop
      vertex 19.6168 76.2161 2
      vertex 19.85 51.6651 2
      vertex 19.85 76.3349 2
    endloop
  endfacet
  facet normal 0 0 1
    outer loop
      vertex 19.6168 76.2161 2
      vertex 19.6168 51.7839 2
      vertex 19.85 51.6651 2
    endloop
  endfacet
  facet normal -0 0 1
    outer loop
      vertex 19.3725 76.1224 2
      vertex 19.6168 51.7839 2
      vertex 19.6168 76.2161 2
    endloop
  endfacet
  facet normal 0 0 1
    outer loop
      vertex 19.3725 76.1224 2
      vertex 19.3725 51.8776 2
      vertex 19.6168 51.7839 2
    endloop
  endfacet
  facet normal -0 0 1
    outer loop
      vertex 19.1198 76.0546 2
      vertex 19.3725 51.8776 2
      vertex 19.3725 76.1224 2
    endloop
  endfacet
  facet normal 0 0 1
    outer loop
      vertex 19.1198 76.0546 2
      vertex 19.1198 51.9454 2
      vertex 19.3725 51.8776 2
    endloop
  endfacet
  facet normal -0 0 1
    outer loop
      vertex 18.8613 76.0137 2
      vertex 19.1198 51.9454 2
      vertex 19.1198 76.0546 2
    endloop
  endfacet
  facet normal 0 0 1
    outer loop
      vertex 18.8613 76.0137 2
      vertex 18.8613 51.9863 2
      vertex 19.1198 51.9454 2
    endloop
  endfacet
  facet normal -0 0 1
    outer loop
      vertex 18.6 76 2
      vertex 18.8613 51.9863 2
      vertex 18.8613 76.0137 2
    endloop
  endfacet
  facet normal 0 0 1
    outer loop
      vertex 18.6 76 2
      vertex 18.6 52 2
      vertex 18.8613 51.9863 2
    endloop
  endfacet
  facet normal 0 0 1
    outer loop
      vertex 18.3387 76.0137 2
      vertex 18.6 52 2
      vertex 18.6 76 2
    endloop
  endfacet
  facet normal 0 0 1
    outer loop
      vertex 18.3387 76.0137 2
      vertex 18.3387 51.9863 2
      vertex 18.6 52 2
    endloop
  endfacet
  facet normal 0 0 1
    outer loop
      vertex 18.0802 76.0546 2
      vertex 18.3387 51.9863 2
      vertex 18.3387 76.0137 2
    endloop
  endfacet
  facet normal 0 0 1
    outer loop
      vertex 18.0802 76.0546 2
      vertex 18.0802 51.9454 2
      vertex 18.3387 51.9863 2
    endloop
  endfacet
  facet normal 0 0 1
    outer loop
      vertex 17.8275 76.1224 2
      vertex 18.0802 51.9454 2
      vertex 18.0802 76.0546 2
    endloop
  endfacet
  facet normal 0 0 1
    outer loop
      vertex 17.8275 76.1224 2
      vertex 17.8275 51.8776 2
      vertex 18.0802 51.9454 2
    endloop
  endfacet
  facet normal 0 0 1
    outer loop
      vertex 17.5832 76.2161 2
      vertex 17.8275 51.8776 2
      vertex 17.8275 76.1224 2
    endloop
  endfacet
  facet normal 0 0 1
    outer loop
      vertex 17.5832 76.2161 2
      vertex 17.5832 51.7839 2
      vertex 17.8275 51.8776 2
    endloop
  endfacet
  facet normal 0 0 1
    outer loop
      vertex 17.35 76.3349 2
      vertex 17.5832 51.7839 2
      vertex 17.5832 76.2161 2
    endloop
  endfacet
  facet normal 0 0 1
    outer loop
      vertex 17.35 76.3349 2
      vertex 17.35 51.6651 2
      vertex 17.5832 51.7839 2
    endloop
  endfacet
  facet normal 0 0 1
    outer loop
      vertex 17.1305 76.4775 2
      vertex 17.35 51.6651 2
      vertex 17.35 76.3349 2
    endloop
  endfacet
  facet normal 0 0 1
    outer loop
      vertex 17.1305 76.4775 2
      vertex 17.1305 51.5225 2
      vertex 17.35 51.6651 2
    endloop
  endfacet
  facet normal 0 0 1
    outer loop
      vertex 16.9272 76.6421 2
      vertex 17.1305 51.5225 2
      vertex 17.1305 76.4775 2
    endloop
  endfacet
  facet normal 0 0 1
    outer loop
      vertex 16.9272 76.6421 2
      vertex 16.9272 51.3579 2
      vertex 17.1305 51.5225 2
    endloop
  endfacet
  facet normal 0 0 1
    outer loop
      vertex 16.7421 76.8272 2
      vertex 16.9272 51.3579 2
      vertex 16.9272 76.6421 2
    endloop
  endfacet
  facet normal 0 0 1
    outer loop
      vertex 16.7421 76.8272 2
      vertex 16.7421 51.1728 2
      vertex 16.9272 51.3579 2
    endloop
  endfacet
  facet normal 0 0 1
    outer loop
      vertex 16.5775 77.0305 2
      vertex 16.7421 51.1728 2
      vertex 16.7421 76.8272 2
    endloop
  endfacet
  facet normal 0 0 1
    outer loop
      vertex 16.5775 77.0305 2
      vertex 16.5775 50.9695 2
      vertex 16.7421 51.1728 2
    endloop
  endfacet
  facet normal 0 0 1
    outer loop
      vertex 16.4349 77.25 2
      vertex 16.5775 50.9695 2
      vertex 16.5775 77.0305 2
    endloop
  endfacet
  facet normal 0 0 1
    outer loop
      vertex 16.4349 77.25 2
      vertex 16.4349 50.75 2
      vertex 16.5775 50.9695 2
    endloop
  endfacet
  facet normal 0 0 1
    outer loop
      vertex 4.4 88.0392 2
      vertex 16.4349 77.25 2
      vertex 16.3161 77.4832 2
    endloop
  endfacet
  facet normal 0 0 1
    outer loop
      vertex 16.4349 77.25 2
      vertex 4.4 88.0392 2
      vertex 16.4349 50.75 2
    endloop
  endfacet
  facet normal 0 0 1
    outer loop
      vertex 4.4 88.0392 2
      vertex 16.3161 77.4832 2
      vertex 16.2224 77.7275 2
    endloop
  endfacet
  facet normal 0 0 1
    outer loop
      vertex 16.4349 50.75 2
      vertex 4.4 88.0392 2
      vertex 16.3161 50.5168 2
    endloop
  endfacet
  facet normal 0 0 1
    outer loop
      vertex 4.4 88.0392 2
      vertex 16.2224 77.7275 2
      vertex 16.1546 77.9802 2
    endloop
  endfacet
  facet normal 0 0 1
    outer loop
      vertex 16.3161 50.5168 2
      vertex 4.4 88.0392 2
      vertex 16.2224 50.2725 2
    endloop
  endfacet
  facet normal 0 0 1
    outer loop
      vertex 4.4 88.0392 2
      vertex 16.1546 77.9802 2
      vertex 16.1137 78.2387 2
    endloop
  endfacet
  facet normal 0 0 1
    outer loop
      vertex 16.2224 50.2725 2
      vertex 4.4 88.0392 2
      vertex 16.1546 50.0198 2
    endloop
  endfacet
  facet normal 0 0 1
    outer loop
      vertex 4.4 88.0392 2
      vertex 16.1137 78.2387 2
      vertex 16.1 78.5 2
    endloop
  endfacet
  facet normal 0 0 1
    outer loop
      vertex 16.1546 50.0198 2
      vertex 4.4 88.0392 2
      vertex 16.1137 49.7613 2
    endloop
  endfacet
  facet normal 0 0 1
    outer loop
      vertex 58.3546 48.9802 2
      vertex 32.5 3.8 2
      vertex 33.5 3.8 2
    endloop
  endfacet
  facet normal 0 0 1
    outer loop
      vertex 32.5 88.2 2
      vertex 21.0863 78.7613 2
      vertex 21.1 78.5 2
    endloop
  endfacet
  facet normal 0 0 1
    outer loop
      vertex 32.5 88.2 2
      vertex 21.0454 79.0198 2
      vertex 21.0863 78.7613 2
    endloop
  endfacet
  facet normal 0 0 1
    outer loop
      vertex 32.5 88.2 2
      vertex 20.9776 79.2725 2
      vertex 21.0454 79.0198 2
    endloop
  endfacet
  facet normal 0 0 1
    outer loop
      vertex 32.5 88.2 2
      vertex 20.8839 79.5168 2
      vertex 20.9776 79.2725 2
    endloop
  endfacet
  facet normal 0 0 1
    outer loop
      vertex 32.5 88.2 2
      vertex 20.7651 79.75 2
      vertex 20.8839 79.5168 2
    endloop
  endfacet
  facet normal 0 0 1
    outer loop
      vertex 32.5 88.2 2
      vertex 20.6225 79.9695 2
      vertex 20.7651 79.75 2
    endloop
  endfacet
  facet normal 0 0 1
    outer loop
      vertex 32.5 88.2 2
      vertex 20.4579 80.1728 2
      vertex 20.6225 79.9695 2
    endloop
  endfacet
  facet normal 0 0 1
    outer loop
      vertex 32.5 88.2 2
      vertex 20.2728 80.3579 2
      vertex 20.4579 80.1728 2
    endloop
  endfacet
  facet normal 0 0 1
    outer loop
      vertex 32.5 88.2 2
      vertex 20.0695 80.5225 2
      vertex 20.2728 80.3579 2
    endloop
  endfacet
  facet normal 0 0 1
    outer loop
      vertex 32.5 88.2 2
      vertex 19.85 80.6651 2
      vertex 20.0695 80.5225 2
    endloop
  endfacet
  facet normal 0 0 1
    outer loop
      vertex 32.5 88.2 2
      vertex 19.6168 80.7839 2
      vertex 19.85 80.6651 2
    endloop
  endfacet
  facet normal 0 0 1
    outer loop
      vertex 32.5 88.2 2
      vertex 19.3725 80.8776 2
      vertex 19.6168 80.7839 2
    endloop
  endfacet
  facet normal 0 0 1
    outer loop
      vertex 32.5 88.2 2
      vertex 19.1198 80.9454 2
      vertex 19.3725 80.8776 2
    endloop
  endfacet
  facet normal 0 0 1
    outer loop
      vertex 32.5 88.2 2
      vertex 18.8613 80.9863 2
      vertex 19.1198 80.9454 2
    endloop
  endfacet
  facet normal 0 0 1
    outer loop
      vertex 32.5 88.2 2
      vertex 18.6 81 2
      vertex 18.8613 80.9863 2
    endloop
  endfacet
  facet normal -0 0 1
    outer loop
      vertex 5 88.2 2
      vertex 18.6 81 2
      vertex 32.5 88.2 2
    endloop
  endfacet
  facet normal 0 0 1
    outer loop
      vertex 18.6 81 2
      vertex 5 88.2 2
      vertex 18.3387 80.9863 2
    endloop
  endfacet
  facet normal 0 0 1
    outer loop
      vertex 18.3387 80.9863 2
      vertex 5 88.2 2
      vertex 18.0802 80.9454 2
    endloop
  endfacet
  facet normal 0 0 1
    outer loop
      vertex 18.0802 80.9454 2
      vertex 5 88.2 2
      vertex 17.8275 80.8776 2
    endloop
  endfacet
  facet normal 0 0 1
    outer loop
      vertex 16.1137 78.7613 2
      vertex 4.4 88.0392 2
      vertex 16.1 78.5 2
    endloop
  endfacet
  facet normal -0 0 1
    outer loop
      vertex 4.4 88.0392 2
      vertex 16.1137 78.7613 2
      vertex 5 88.2 2
    endloop
  endfacet
  facet normal 0 0 1
    outer loop
      vertex 16.1546 79.0198 2
      vertex 5 88.2 2
      vertex 16.1137 78.7613 2
    endloop
  endfacet
  facet normal 0 0 1
    outer loop
      vertex 16.2224 79.2725 2
      vertex 5 88.2 2
      vertex 16.1546 79.0198 2
    endloop
  endfacet
  facet normal 0 0 1
    outer loop
      vertex 16.3161 79.5168 2
      vertex 5 88.2 2
      vertex 16.2224 79.2725 2
    endloop
  endfacet
  facet normal 0 0 1
    outer loop
      vertex 16.4349 79.75 2
      vertex 5 88.2 2
      vertex 16.3161 79.5168 2
    endloop
  endfacet
  facet normal 0 0 1
    outer loop
      vertex 16.5775 79.9695 2
      vertex 5 88.2 2
      vertex 16.4349 79.75 2
    endloop
  endfacet
  facet normal 0 0 1
    outer loop
      vertex 16.7421 80.1728 2
      vertex 5 88.2 2
      vertex 16.5775 79.9695 2
    endloop
  endfacet
  facet normal 0 0 1
    outer loop
      vertex 16.9272 80.3579 2
      vertex 5 88.2 2
      vertex 16.7421 80.1728 2
    endloop
  endfacet
  facet normal 0 0 1
    outer loop
      vertex 17.1305 80.5225 2
      vertex 5 88.2 2
      vertex 16.9272 80.3579 2
    endloop
  endfacet
  facet normal 0 0 1
    outer loop
      vertex 17.35 80.6651 2
      vertex 5 88.2 2
      vertex 17.1305 80.5225 2
    endloop
  endfacet
  facet normal 0 0 1
    outer loop
      vertex 17.5832 80.7839 2
      vertex 5 88.2 2
      vertex 17.35 80.6651 2
    endloop
  endfacet
  facet normal 0 0 1
    outer loop
      vertex 17.8275 80.8776 2
      vertex 5 88.2 2
      vertex 17.5832 80.7839 2
    endloop
  endfacet
  facet normal -0 0 1
    outer loop
      vertex 32.5 88.2 2
      vertex 21.0863 78.2387 2
      vertex 33.5 88.2 2
    endloop
  endfacet
  facet normal 0 0 1
    outer loop
      vertex 58.4224 48.7275 2
      vertex 42.5 3.8 2
      vertex 43.5 3.8 2
    endloop
  endfacet
  facet normal 0 0 1
    outer loop
      vertex 58.3137 49.2387 2
      vertex 21.0863 49.2387 2
      vertex 58.3546 48.9802 2
    endloop
  endfacet
  facet normal 0 0 1
    outer loop
      vertex 21.0454 48.9802 2
      vertex 58.3546 48.9802 2
      vertex 21.0863 49.2387 2
    endloop
  endfacet
  facet normal 0 0 1
    outer loop
      vertex 20.9776 48.7275 2
      vertex 58.3546 48.9802 2
      vertex 21.0454 48.9802 2
    endloop
  endfacet
  facet normal 0 0 1
    outer loop
      vertex 20.8839 48.4832 2
      vertex 58.3546 48.9802 2
      vertex 20.9776 48.7275 2
    endloop
  endfacet
  facet normal 0 0 1
    outer loop
      vertex 20.7651 48.25 2
      vertex 58.3546 48.9802 2
      vertex 20.8839 48.4832 2
    endloop
  endfacet
  facet normal 0 0 1
    outer loop
      vertex 20.6225 48.0305 2
      vertex 58.3546 48.9802 2
      vertex 20.7651 48.25 2
    endloop
  endfacet
  facet normal 0 0 1
    outer loop
      vertex 20.4579 47.8272 2
      vertex 58.3546 48.9802 2
      vertex 20.6225 48.0305 2
    endloop
  endfacet
  facet normal 0 0 1
    outer loop
      vertex 58.3546 48.9802 2
      vertex 20.4579 47.8272 2
      vertex 32.5 3.8 2
    endloop
  endfacet
  facet normal -0 0 1
    outer loop
      vertex 20.2728 47.6421 2
      vertex 32.5 3.8 2
      vertex 20.4579 47.8272 2
    endloop
  endfacet
  facet normal -0 0 1
    outer loop
      vertex 20.0695 47.4775 2
      vertex 32.5 3.8 2
      vertex 20.2728 47.6421 2
    endloop
  endfacet
  facet normal -0 0 1
    outer loop
      vertex 19.85 47.3349 2
      vertex 32.5 3.8 2
      vertex 20.0695 47.4775 2
    endloop
  endfacet
  facet normal -0 0 1
    outer loop
      vertex 19.6168 47.2161 2
      vertex 32.5 3.8 2
      vertex 19.85 47.3349 2
    endloop
  endfacet
  facet normal -0 0 1
    outer loop
      vertex 19.3725 47.1224 2
      vertex 32.5 3.8 2
      vertex 19.6168 47.2161 2
    endloop
  endfacet
  facet normal -0 0 1
    outer loop
      vertex 19.1198 47.0546 2
      vertex 32.5 3.8 2
      vertex 19.3725 47.1224 2
    endloop
  endfacet
  facet normal -0 0 1
    outer loop
      vertex 18.8613 47.0137 2
      vertex 32.5 3.8 2
      vertex 19.1198 47.0546 2
    endloop
  endfacet
  facet normal -0 0 1
    outer loop
      vertex 18.6 47 2
      vertex 32.5 3.8 2
      vertex 18.8613 47.0137 2
    endloop
  endfacet
  facet normal 0 0 1
    outer loop
      vertex 5 3.8 2
      vertex 18.6 47 2
      vertex 18.3387 47.0137 2
    endloop
  endfacet
  facet normal 0 0 1
    outer loop
      vertex 5 3.8 2
      vertex 18.3387 47.0137 2
      vertex 18.0802 47.0546 2
    endloop
  endfacet
  facet normal 0 0 1
    outer loop
      vertex 5 3.8 2
      vertex 18.0802 47.0546 2
      vertex 17.8275 47.1224 2
    endloop
  endfacet
  facet normal 0 0 1
    outer loop
      vertex 4.4 3.96077 2
      vertex 17.8275 47.1224 2
      vertex 17.5832 47.2161 2
    endloop
  endfacet
  facet normal 0 0 1
    outer loop
      vertex 4.4 3.96077 2
      vertex 17.5832 47.2161 2
      vertex 17.35 47.3349 2
    endloop
  endfacet
  facet normal 0 0 1
    outer loop
      vertex 4.4 3.96077 2
      vertex 17.35 47.3349 2
      vertex 17.1305 47.4775 2
    endloop
  endfacet
  facet normal 0 0 1
    outer loop
      vertex 4.4 3.96077 2
      vertex 17.1305 47.4775 2
      vertex 16.9272 47.6421 2
    endloop
  endfacet
  facet normal 0 0 1
    outer loop
      vertex 4.4 3.96077 2
      vertex 16.9272 47.6421 2
      vertex 16.7421 47.8272 2
    endloop
  endfacet
  facet normal 0 0 1
    outer loop
      vertex 4.4 3.96077 2
      vertex 16.7421 47.8272 2
      vertex 16.5775 48.0305 2
    endloop
  endfacet
  facet normal 0 0 1
    outer loop
      vertex 4.4 3.96077 2
      vertex 16.5775 48.0305 2
      vertex 16.4349 48.25 2
    endloop
  endfacet
  facet normal 0 0 1
    outer loop
      vertex 4.4 3.96077 2
      vertex 16.4349 48.25 2
      vertex 16.3161 48.4832 2
    endloop
  endfacet
  facet normal 0 0 1
    outer loop
      vertex 4.4 3.96077 2
      vertex 16.3161 48.4832 2
      vertex 16.2224 48.7275 2
    endloop
  endfacet
  facet normal 0 0 1
    outer loop
      vertex 16.1137 49.7613 2
      vertex 4.4 88.0392 2
      vertex 16.1 49.5 2
    endloop
  endfacet
  facet normal 0 0 1
    outer loop
      vertex 4.4 3.96077 2
      vertex 16.1 49.5 2
      vertex 4.4 88.0392 2
    endloop
  endfacet
  facet normal 0 0 1
    outer loop
      vertex 16.1 49.5 2
      vertex 4.4 3.96077 2
      vertex 16.1137 49.2387 2
    endloop
  endfacet
  facet normal 0 0 1
    outer loop
      vertex 18.6 47 2
      vertex 5 3.8 2
      vertex 32.5 3.8 2
    endloop
  endfacet
  facet normal 0 0 1
    outer loop
      vertex 16.1137 49.2387 2
      vertex 4.4 3.96077 2
      vertex 16.1546 48.9802 2
    endloop
  endfacet
  facet normal 0 0 1
    outer loop
      vertex 4.4 88.0392 2
      vertex 5 88.2 2
      vertex 4.87457 88.1934 2
    endloop
  endfacet
  facet normal 0 0 1
    outer loop
      vertex 16.1546 48.9802 2
      vertex 4.4 3.96077 2
      vertex 16.2224 48.7275 2
    endloop
  endfacet
  facet normal 0 0 1
    outer loop
      vertex 4.4 88.0392 2
      vertex 4.87457 88.1934 2
      vertex 4.75051 88.1738 2
    endloop
  endfacet
  facet normal 0 0 1
    outer loop
      vertex 17.8275 47.1224 2
      vertex 4.4 3.96077 2
      vertex 5 3.8 2
    endloop
  endfacet
  facet normal 0 0 1
    outer loop
      vertex 4.4 88.0392 2
      vertex 4.75051 88.1738 2
      vertex 4.62918 88.1413 2
    endloop
  endfacet
  facet normal 0 0 1
    outer loop
      vertex 5 3.8 2
      vertex 4.4 3.96077 2
      vertex 4.87457 3.80657 2
    endloop
  endfacet
  facet normal 0 0 1
    outer loop
      vertex 4.4 88.0392 2
      vertex 4.62918 88.1413 2
      vertex 4.51192 88.0963 2
    endloop
  endfacet
  facet normal 0 0 1
    outer loop
      vertex 4.87457 3.80657 2
      vertex 4.4 3.96077 2
      vertex 4.75051 3.82622 2
    endloop
  endfacet
  facet normal 0 0 1
    outer loop
      vertex 4.75051 3.82622 2
      vertex 4.4 3.96077 2
      vertex 4.62918 3.85873 2
    endloop
  endfacet
  facet normal 0 0 1
    outer loop
      vertex 4.62918 3.85873 2
      vertex 4.4 3.96077 2
      vertex 4.51192 3.90375 2
    endloop
  endfacet
  facet normal -0 0 1
    outer loop
      vertex 63.2454 77.9802 2
      vertex 72.2 77.5 2
      vertex 63.2863 78.2387 2
    endloop
  endfacet
  facet normal 0 0 1
    outer loop
      vertex 72.2 77.5 2
      vertex 63.2863 49.7613 2
      vertex 63.3 49.5 2
    endloop
  endfacet
  facet normal -0 0 1
    outer loop
      vertex 63.1776 77.7275 2
      vertex 72.2 77.5 2
      vertex 63.2454 77.9802 2
    endloop
  endfacet
  facet normal 0 0 1
    outer loop
      vertex 72.2 77.5 2
      vertex 63.2454 50.0198 2
      vertex 63.2863 49.7613 2
    endloop
  endfacet
  facet normal 0 0 1
    outer loop
      vertex 63.0839 77.4832 2
      vertex 72.2 77.5 2
      vertex 63.1776 77.7275 2
    endloop
  endfacet
  facet normal 0 0 1
    outer loop
      vertex 72.2 77.5 2
      vertex 63.1776 50.2725 2
      vertex 63.2454 50.0198 2
    endloop
  endfacet
  facet normal 0 0 1
    outer loop
      vertex 62.9651 77.25 2
      vertex 72.2 77.5 2
      vertex 63.0839 77.4832 2
    endloop
  endfacet
  facet normal 0 0 1
    outer loop
      vertex 72.2 77.5 2
      vertex 63.0839 50.5168 2
      vertex 63.1776 50.2725 2
    endloop
  endfacet
  facet normal 0 0 1
    outer loop
      vertex 62.8225 77.0305 2
      vertex 72.2 77.5 2
      vertex 62.9651 77.25 2
    endloop
  endfacet
  facet normal 0 0 1
    outer loop
      vertex 72.2 77.5 2
      vertex 62.9651 50.75 2
      vertex 63.0839 50.5168 2
    endloop
  endfacet
  facet normal 0 0 1
    outer loop
      vertex 62.6579 76.8272 2
      vertex 72.2 77.5 2
      vertex 62.8225 77.0305 2
    endloop
  endfacet
  facet normal 0 0 1
    outer loop
      vertex 72.2 77.5 2
      vertex 62.8225 50.9695 2
      vertex 62.9651 50.75 2
    endloop
  endfacet
  facet normal 0 0 1
    outer loop
      vertex 62.4728 76.6421 2
      vertex 72.2 77.5 2
      vertex 62.6579 76.8272 2
    endloop
  endfacet
  facet normal 0 0 1
    outer loop
      vertex 72.2 77.5 2
      vertex 62.6579 51.1728 2
      vertex 62.8225 50.9695 2
    endloop
  endfacet
  facet normal 0 0 1
    outer loop
      vertex 62.2695 76.4775 2
      vertex 72.2 77.5 2
      vertex 62.4728 76.6421 2
    endloop
  endfacet
  facet normal 0 0 1
    outer loop
      vertex 72.2 77.5 2
      vertex 62.4728 51.3579 2
      vertex 62.6579 51.1728 2
    endloop
  endfacet
  facet normal 0 0 1
    outer loop
      vertex 62.05 76.3349 2
      vertex 72.2 77.5 2
      vertex 62.2695 76.4775 2
    endloop
  endfacet
  facet normal 0 0 1
    outer loop
      vertex 72.2 77.5 2
      vertex 62.2695 51.5225 2
      vertex 62.4728 51.3579 2
    endloop
  endfacet
  facet normal 0 0 1
    outer loop
      vertex 62.05 51.6651 2
      vertex 72.2 77.5 2
      vertex 62.05 76.3349 2
    endloop
  endfacet
  facet normal 0 0 1
    outer loop
      vertex 72.2 77.5 2
      vertex 62.05 51.6651 2
      vertex 62.2695 51.5225 2
    endloop
  endfacet
  facet normal -0 0 1
    outer loop
      vertex 61.8168 76.2161 2
      vertex 62.05 51.6651 2
      vertex 62.05 76.3349 2
    endloop
  endfacet
  facet normal 0 0 1
    outer loop
      vertex 61.8168 76.2161 2
      vertex 61.8168 51.7839 2
      vertex 62.05 51.6651 2
    endloop
  endfacet
  facet normal -0 0 1
    outer loop
      vertex 61.5725 76.1224 2
      vertex 61.8168 51.7839 2
      vertex 61.8168 76.2161 2
    endloop
  endfacet
  facet normal 0 0 1
    outer loop
      vertex 61.5725 76.1224 2
      vertex 61.5725 51.8776 2
      vertex 61.8168 51.7839 2
    endloop
  endfacet
  facet normal -0 0 1
    outer loop
      vertex 61.3198 76.0546 2
      vertex 61.5725 51.8776 2
      vertex 61.5725 76.1224 2
    endloop
  endfacet
  facet normal 0 0 1
    outer loop
      vertex 61.3198 76.0546 2
      vertex 61.3198 51.9454 2
      vertex 61.5725 51.8776 2
    endloop
  endfacet
  facet normal -0 0 1
    outer loop
      vertex 61.0613 76.0137 2
      vertex 61.3198 51.9454 2
      vertex 61.3198 76.0546 2
    endloop
  endfacet
  facet normal 0 0 1
    outer loop
      vertex 61.0613 76.0137 2
      vertex 61.0613 51.9863 2
      vertex 61.3198 51.9454 2
    endloop
  endfacet
  facet normal -0 0 1
    outer loop
      vertex 60.8 76 2
      vertex 61.0613 51.9863 2
      vertex 61.0613 76.0137 2
    endloop
  endfacet
  facet normal 0 0 1
    outer loop
      vertex 60.8 76 2
      vertex 60.8 52 2
      vertex 61.0613 51.9863 2
    endloop
  endfacet
  facet normal 0 0 1
    outer loop
      vertex 60.5387 76.0137 2
      vertex 60.8 52 2
      vertex 60.8 76 2
    endloop
  endfacet
  facet normal 0 0 1
    outer loop
      vertex 60.5387 76.0137 2
      vertex 60.5387 51.9863 2
      vertex 60.8 52 2
    endloop
  endfacet
  facet normal 0 0 1
    outer loop
      vertex 60.2802 76.0546 2
      vertex 60.5387 51.9863 2
      vertex 60.5387 76.0137 2
    endloop
  endfacet
  facet normal 0 0 1
    outer loop
      vertex 60.2802 76.0546 2
      vertex 60.2802 51.9454 2
      vertex 60.5387 51.9863 2
    endloop
  endfacet
  facet normal 0 0 1
    outer loop
      vertex 60.0275 76.1224 2
      vertex 60.2802 51.9454 2
      vertex 60.2802 76.0546 2
    endloop
  endfacet
  facet normal 0 0 1
    outer loop
      vertex 60.0275 76.1224 2
      vertex 60.0275 51.8776 2
      vertex 60.2802 51.9454 2
    endloop
  endfacet
  facet normal 0 0 1
    outer loop
      vertex 59.7832 76.2161 2
      vertex 60.0275 51.8776 2
      vertex 60.0275 76.1224 2
    endloop
  endfacet
  facet normal 0 0 1
    outer loop
      vertex 59.7832 76.2161 2
      vertex 59.7832 51.7839 2
      vertex 60.0275 51.8776 2
    endloop
  endfacet
  facet normal 0 0 1
    outer loop
      vertex 59.55 76.3349 2
      vertex 59.7832 51.7839 2
      vertex 59.7832 76.2161 2
    endloop
  endfacet
  facet normal 0 0 1
    outer loop
      vertex 59.55 76.3349 2
      vertex 59.55 51.6651 2
      vertex 59.7832 51.7839 2
    endloop
  endfacet
  facet normal 0 0 1
    outer loop
      vertex 59.3305 76.4775 2
      vertex 59.55 51.6651 2
      vertex 59.55 76.3349 2
    endloop
  endfacet
  facet normal 0 0 1
    outer loop
      vertex 59.3305 76.4775 2
      vertex 59.3305 51.5225 2
      vertex 59.55 51.6651 2
    endloop
  endfacet
  facet normal 0 0 1
    outer loop
      vertex 59.1272 76.6421 2
      vertex 59.3305 51.5225 2
      vertex 59.3305 76.4775 2
    endloop
  endfacet
  facet normal 0 0 1
    outer loop
      vertex 59.1272 76.6421 2
      vertex 59.1272 51.3579 2
      vertex 59.3305 51.5225 2
    endloop
  endfacet
  facet normal 0 0 1
    outer loop
      vertex 58.9421 76.8272 2
      vertex 59.1272 51.3579 2
      vertex 59.1272 76.6421 2
    endloop
  endfacet
  facet normal 0 0 1
    outer loop
      vertex 58.9421 76.8272 2
      vertex 58.9421 51.1728 2
      vertex 59.1272 51.3579 2
    endloop
  endfacet
  facet normal 0 0 1
    outer loop
      vertex 58.7775 77.0305 2
      vertex 58.9421 51.1728 2
      vertex 58.9421 76.8272 2
    endloop
  endfacet
  facet normal 0 0 1
    outer loop
      vertex 58.7775 77.0305 2
      vertex 58.7775 50.9695 2
      vertex 58.9421 51.1728 2
    endloop
  endfacet
  facet normal 0 0 1
    outer loop
      vertex 58.5161 77.4832 2
      vertex 42.5 88.2 2
      vertex 58.6349 77.25 2
    endloop
  endfacet
  facet normal 0 0 1
    outer loop
      vertex 20.8839 77.4832 2
      vertex 33.5 88.2 2
      vertex 20.9776 77.7275 2
    endloop
  endfacet
  facet normal -0 0 1
    outer loop
      vertex 42.5 88.2 2
      vertex 58.5161 77.4832 2
      vertex 43.5 88.2 2
    endloop
  endfacet
  facet normal 0 0 1
    outer loop
      vertex 20.9776 77.7275 2
      vertex 33.5 88.2 2
      vertex 21.0454 77.9802 2
    endloop
  endfacet
  facet normal 0 0 1
    outer loop
      vertex 43.5 88.2 2
      vertex 58.5161 77.4832 2
      vertex 58.4224 77.7275 2
    endloop
  endfacet
  facet normal -0 0 1
    outer loop
      vertex 33.5 88.2 2
      vertex 20.8839 77.4832 2
      vertex 42.5 88.2 2
    endloop
  endfacet
  facet normal 0 0 1
    outer loop
      vertex 43.5 88.2 2
      vertex 58.4224 77.7275 2
      vertex 58.3546 77.9802 2
    endloop
  endfacet
  facet normal 0 0 1
    outer loop
      vertex 58.7775 50.9695 2
      vertex 21.1 49.5 2
      vertex 58.6349 50.75 2
    endloop
  endfacet
  facet normal 0 0 1
    outer loop
      vertex 43.5 88.2 2
      vertex 58.3546 77.9802 2
      vertex 58.3137 78.2387 2
    endloop
  endfacet
  facet normal 0 0 1
    outer loop
      vertex 58.6349 50.75 2
      vertex 21.1 49.5 2
      vertex 58.5161 50.5168 2
    endloop
  endfacet
  facet normal 0 0 1
    outer loop
      vertex 43.5 88.2 2
      vertex 58.3137 78.2387 2
      vertex 58.3 78.5 2
    endloop
  endfacet
  facet normal 0 0 1
    outer loop
      vertex 58.5161 50.5168 2
      vertex 21.1 49.5 2
      vertex 58.4224 50.2725 2
    endloop
  endfacet
  facet normal -0 0 1
    outer loop
      vertex 62.9651 79.75 2
      vertex 72.2 78.5 2
      vertex 72.2 87 2
    endloop
  endfacet
  facet normal -0 -0 1
    outer loop
      vertex 63.1776 79.2725 2
      vertex 72.2 78.5 2
      vertex 63.0839 79.5168 2
    endloop
  endfacet
  facet normal 0 0 1
    outer loop
      vertex 72.2 77.5 2
      vertex 63.3 49.5 2
      vertex 72.2 25.5 2
    endloop
  endfacet
  facet normal -0 0 1
    outer loop
      vertex 63.2863 49.2387 2
      vertex 72.2 25.5 2
      vertex 63.3 49.5 2
    endloop
  endfacet
  facet normal -0 0 1
    outer loop
      vertex 63.2454 48.9802 2
      vertex 72.2 25.5 2
      vertex 63.2863 49.2387 2
    endloop
  endfacet
  facet normal -0 0 1
    outer loop
      vertex 63.1776 48.7275 2
      vertex 72.2 25.5 2
      vertex 63.2454 48.9802 2
    endloop
  endfacet
  facet normal 0 0 1
    outer loop
      vertex 71 88.2 2
      vertex 72.2 87 2
      vertex 72.1934 87.1254 2
    endloop
  endfacet
  facet normal -0 0 1
    outer loop
      vertex 63.0839 48.4832 2
      vertex 72.2 25.5 2
      vertex 63.1776 48.7275 2
    endloop
  endfacet
  facet normal 0 0 1
    outer loop
      vertex 71 88.2 2
      vertex 72.1934 87.1254 2
      vertex 72.1738 87.2495 2
    endloop
  endfacet
  facet normal -0 0 1
    outer loop
      vertex 62.9651 48.25 2
      vertex 72.2 25.5 2
      vertex 63.0839 48.4832 2
    endloop
  endfacet
  facet normal 0 0 1
    outer loop
      vertex 71 88.2 2
      vertex 72.1738 87.2495 2
      vertex 72.1413 87.3708 2
    endloop
  endfacet
  facet normal -0 0 1
    outer loop
      vertex 62.8225 48.0305 2
      vertex 72.2 25.5 2
      vertex 62.9651 48.25 2
    endloop
  endfacet
  facet normal 0 0 1
    outer loop
      vertex 72.0902 87.5 2
      vertex 72.1413 87.3708 2
      vertex 72.0963 87.4881 2
    endloop
  endfacet
  facet normal -0 0 1
    outer loop
      vertex 62.6579 47.8272 2
      vertex 72.2 25.5 2
      vertex 62.8225 48.0305 2
    endloop
  endfacet
  facet normal 0 0 1
    outer loop
      vertex 72.1413 87.3708 2
      vertex 72.0902 87.5 2
      vertex 71 88.2 2
    endloop
  endfacet
  facet normal -0 0 1
    outer loop
      vertex 62.4728 47.6421 2
      vertex 72.2 25.5 2
      vertex 62.6579 47.8272 2
    endloop
  endfacet
  facet normal 0 0 1
    outer loop
      vertex 75.0451 89.9389 2
      vertex 73.1034 88.5282 2
      vertex 73.1218 88.5 2
    endloop
  endfacet
  facet normal 0 0 1
    outer loop
      vertex 72.3 89.2517 2
      vertex 73.5 91.3301 2
      vertex 73.0337 91.5677 2
    endloop
  endfacet
  facet normal 0 0 1
    outer loop
      vertex 73.9389 91.0451 2
      vertex 72.9322 88.7397 2
      vertex 73.1034 88.5282 2
    endloop
  endfacet
  facet normal 0 0 1
    outer loop
      vertex 73.9389 91.0451 2
      vertex 72.7397 88.9322 2
      vertex 72.9322 88.7397 2
    endloop
  endfacet
  facet normal 0 0 1
    outer loop
      vertex 72.0575 89.3752 2
      vertex 73.0337 91.5677 2
      vertex 72.5451 91.7553 2
    endloop
  endfacet
  facet normal 0 0 1
    outer loop
      vertex 73.9389 91.0451 2
      vertex 72.5282 89.1034 2
      vertex 72.7397 88.9322 2
    endloop
  endfacet
  facet normal 0 0 1
    outer loop
      vertex 73.5 91.3301 2
      vertex 72.3 89.2517 2
      vertex 72.5282 89.1034 2
    endloop
  endfacet
  facet normal 0 0 1
    outer loop
      vertex 73.0337 91.5677 2
      vertex 72.0575 89.3752 2
      vertex 72.3 89.2517 2
    endloop
  endfacet
  facet normal 0 0 1
    outer loop
      vertex 71.8034 89.4727 2
      vertex 72.5451 91.7553 2
      vertex 72.0396 91.8907 2
    endloop
  endfacet
  facet normal 0 0 1
    outer loop
      vertex 72.5451 91.7553 2
      vertex 71.8034 89.4727 2
      vertex 72.0575 89.3752 2
    endloop
  endfacet
  facet normal 0 0 1
    outer loop
      vertex 72.0396 91.8907 2
      vertex 71.5406 89.5432 2
      vertex 71.8034 89.4727 2
    endloop
  endfacet
  facet normal 0 0 1
    outer loop
      vertex 71.5226 91.9726 2
      vertex 71.5406 89.5432 2
      vertex 72.0396 91.8907 2
    endloop
  endfacet
  facet normal 0 0 1
    outer loop
      vertex 71.5226 91.9726 2
      vertex 71.2718 89.5858 2
      vertex 71.5406 89.5432 2
    endloop
  endfacet
  facet normal 0 0 1
    outer loop
      vertex 71 92 2
      vertex 71.2718 89.5858 2
      vertex 71.5226 91.9726 2
    endloop
  endfacet
  facet normal 0 0 1
    outer loop
      vertex 71 92 2
      vertex 71 89.6 2
      vertex 71.2718 89.5858 2
    endloop
  endfacet
  facet normal 0 0 1
    outer loop
      vertex 71 92 2
      vertex 43.5 89.6 2
      vertex 71 89.6 2
    endloop
  endfacet
  facet normal 0 0 1
    outer loop
      vertex 42.5 88.2 2
      vertex 43.5 88.2 2
      vertex 43.5 89.6 2
    endloop
  endfacet
  facet normal 0 0 1
    outer loop
      vertex 21.0454 77.9802 2
      vertex 33.5 88.2 2
      vertex 21.0863 78.2387 2
    endloop
  endfacet
  facet normal 0 0 1
    outer loop
      vertex 42.5 88.2 2
      vertex 43.5 89.6 2
      vertex 42.5 89.6 2
    endloop
  endfacet
  facet normal 0 0 1
    outer loop
      vertex 71 92 2
      vertex 42.5 89.6 2
      vertex 43.5 89.6 2
    endloop
  endfacet
  facet normal 0 0 1
    outer loop
      vertex 71 92 2
      vertex 33.5 89.6 2
      vertex 42.5 89.6 2
    endloop
  endfacet
  facet normal 0 0 1
    outer loop
      vertex 32.5 88.2 2
      vertex 33.5 88.2 2
      vertex 33.5 89.6 2
    endloop
  endfacet
  facet normal 0 0 1
    outer loop
      vertex 21.0863 78.2387 2
      vertex 32.5 88.2 2
      vertex 21.1 78.5 2
    endloop
  endfacet
  facet normal 0 0 1
    outer loop
      vertex 32.5 88.2 2
      vertex 33.5 89.6 2
      vertex 32.5 89.6 2
    endloop
  endfacet
  facet normal -0 0 1
    outer loop
      vertex 5 92 2
      vertex 33.5 89.6 2
      vertex 71 92 2
    endloop
  endfacet
  facet normal 0 0 1
    outer loop
      vertex 33.5 89.6 2
      vertex 5 92 2
      vertex 32.5 89.6 2
    endloop
  endfacet
  facet normal 0 0 1
    outer loop
      vertex 5 92 2
      vertex 5 89.6 2
      vertex 32.5 89.6 2
    endloop
  endfacet
  facet normal 0 0 1
    outer loop
      vertex 5 92 2
      vertex 4.72823 89.5858 2
      vertex 5 89.6 2
    endloop
  endfacet
  facet normal -0 0 1
    outer loop
      vertex 4.47736 91.9726 2
      vertex 4.72823 89.5858 2
      vertex 5 92 2
    endloop
  endfacet
  facet normal 0 0 1
    outer loop
      vertex 4.47736 91.9726 2
      vertex 4.45943 89.5432 2
      vertex 4.72823 89.5858 2
    endloop
  endfacet
  facet normal -0 0 1
    outer loop
      vertex 3.96044 91.8907 2
      vertex 4.45943 89.5432 2
      vertex 4.47736 91.9726 2
    endloop
  endfacet
  facet normal 0 0 1
    outer loop
      vertex 4.45943 89.5432 2
      vertex 3.96044 91.8907 2
      vertex 4.19656 89.4727 2
    endloop
  endfacet
  facet normal -0 0 1
    outer loop
      vertex 3.45491 91.7553 2
      vertex 4.19656 89.4727 2
      vertex 3.96044 91.8907 2
    endloop
  endfacet
  facet normal 0 0 1
    outer loop
      vertex 4.19656 89.4727 2
      vertex 3.45491 91.7553 2
      vertex 3.94248 89.3752 2
    endloop
  endfacet
  facet normal -0 0 1
    outer loop
      vertex 2.96632 91.5677 2
      vertex 3.94248 89.3752 2
      vertex 3.45491 91.7553 2
    endloop
  endfacet
  facet normal 0 0 1
    outer loop
      vertex 3.94248 89.3752 2
      vertex 2.96632 91.5677 2
      vertex 3.7 89.2517 2
    endloop
  endfacet
  facet normal -0 0 1
    outer loop
      vertex 2.5 91.3301 2
      vertex 3.7 89.2517 2
      vertex 2.96632 91.5677 2
    endloop
  endfacet
  facet normal 0 0 1
    outer loop
      vertex 3.7 89.2517 2
      vertex 2.5 91.3301 2
      vertex 3.47176 89.1034 2
    endloop
  endfacet
  facet normal -0 0 1
    outer loop
      vertex 2.06107 91.0451 2
      vertex 3.47176 89.1034 2
      vertex 2.5 91.3301 2
    endloop
  endfacet
  facet normal 0 0 1
    outer loop
      vertex 3.47176 89.1034 2
      vertex 2.06107 91.0451 2
      vertex 3.26026 88.9322 2
    endloop
  endfacet
  facet normal -0 0 1
    outer loop
      vertex 1.65435 90.7157 2
      vertex 3.26026 88.9322 2
      vertex 2.06107 91.0451 2
    endloop
  endfacet
  facet normal 0 0 1
    outer loop
      vertex 3.26026 88.9322 2
      vertex 1.65435 90.7157 2
      vertex 3.06782 88.7397 2
    endloop
  endfacet
  facet normal -0 0 1
    outer loop
      vertex 72.2 15.5 2
      vertex 73.6 14.5 2
      vertex 73.6 15.5 2
    endloop
  endfacet
  facet normal 0 0 1
    outer loop
      vertex 73.6 14.5 2
      vertex 72.2 15.5 2
      vertex 72.2 14.5 2
    endloop
  endfacet
  facet normal -0 0 1
    outer loop
      vertex 72.2 25.5 2
      vertex 73.6 24.5 2
      vertex 73.6 25.5 2
    endloop
  endfacet
  facet normal 0 0 1
    outer loop
      vertex 73.6 24.5 2
      vertex 72.2 25.5 2
      vertex 72.2 24.5 2
    endloop
  endfacet
  facet normal -0 0 1
    outer loop
      vertex 72.2 78.5 2
      vertex 73.6 77.5 2
      vertex 73.6 78.5 2
    endloop
  endfacet
  facet normal 0 0 1
    outer loop
      vertex 73.6 77.5 2
      vertex 72.2 78.5 2
      vertex 72.2 77.5 2
    endloop
  endfacet
  facet normal 0 0 1
    outer loop
      vertex 73.6 87 2
      vertex 76 87 2
      vertex 75.9726 87.5226 2
    endloop
  endfacet
  facet normal 0 0 1
    outer loop
      vertex 76 87 2
      vertex 73.6 25.5 2
      vertex 76 5 2
    endloop
  endfacet
  facet normal 0 0 1
    outer loop
      vertex 73.5496 87.5 2
      vertex 75.9726 87.5226 2
      vertex 75.8907 88.0396 2
    endloop
  endfacet
  facet normal -0 0 1
    outer loop
      vertex 73.6 24.5 2
      vertex 76 5 2
      vertex 73.6 25.5 2
    endloop
  endfacet
  facet normal 0 0 1
    outer loop
      vertex 73.5496 87.5 2
      vertex 75.8907 88.0396 2
      vertex 75.7553 88.5451 2
    endloop
  endfacet
  facet normal -0 0 1
    outer loop
      vertex 73.6 15.5 2
      vertex 76 5 2
      vertex 73.6 24.5 2
    endloop
  endfacet
  facet normal 0 0 1
    outer loop
      vertex 73.5496 87.5 2
      vertex 75.7553 88.5451 2
      vertex 75.5677 89.0337 2
    endloop
  endfacet
  facet normal -0 0 1
    outer loop
      vertex 73.6 14.5 2
      vertex 76 5 2
      vertex 73.6 15.5 2
    endloop
  endfacet
  facet normal 0 0 1
    outer loop
      vertex 73.1218 88.5 2
      vertex 75.5677 89.0337 2
      vertex 75.3301 89.5 2
    endloop
  endfacet
  facet normal 0 0 1
    outer loop
      vertex 73.6 5 2
      vertex 76 5 2
      vertex 73.6 14.5 2
    endloop
  endfacet
  facet normal 0 0 1
    outer loop
      vertex 73.1218 88.5 2
      vertex 75.3301 89.5 2
      vertex 75.0451 89.9389 2
    endloop
  endfacet
  facet normal 0 0 1
    outer loop
      vertex 76 5 2
      vertex 73.6 5 2
      vertex 75.9726 4.47736 2
    endloop
  endfacet
  facet normal 0 0 1
    outer loop
      vertex 73.1034 88.5282 2
      vertex 75.0451 89.9389 2
      vertex 74.7157 90.3456 2
    endloop
  endfacet
  facet normal -0 0 1
    outer loop
      vertex 73.5858 4.72823 2
      vertex 75.9726 4.47736 2
      vertex 73.6 5 2
    endloop
  endfacet
  facet normal 0 0 1
    outer loop
      vertex 73.1034 88.5282 2
      vertex 74.7157 90.3456 2
      vertex 74.3456 90.7157 2
    endloop
  endfacet
  facet normal 0 0 1
    outer loop
      vertex 75.9726 4.47736 2
      vertex 73.5858 4.72823 2
      vertex 75.8907 3.96044 2
    endloop
  endfacet
  facet normal 0 0 1
    outer loop
      vertex 73.1034 88.5282 2
      vertex 74.3456 90.7157 2
      vertex 73.9389 91.0451 2
    endloop
  endfacet
  facet normal -0 0 1
    outer loop
      vertex 73.5432 4.45943 2
      vertex 75.8907 3.96044 2
      vertex 73.5858 4.72823 2
    endloop
  endfacet
  facet normal 0 0 1
    outer loop
      vertex 76 87 2
      vertex 73.6 87 2
      vertex 73.6 78.5 2
    endloop
  endfacet
  facet normal 0 0 1
    outer loop
      vertex 75.9726 87.5226 2
      vertex 73.5858 87.2718 2
      vertex 73.6 87 2
    endloop
  endfacet
  facet normal 0 0 1
    outer loop
      vertex 75.9726 87.5226 2
      vertex 73.5496 87.5 2
      vertex 73.5858 87.2718 2
    endloop
  endfacet
  facet normal 0 0 1
    outer loop
      vertex 72.5282 89.1034 2
      vertex 73.9389 91.0451 2
      vertex 73.5 91.3301 2
    endloop
  endfacet
  facet normal 0 0 1
    outer loop
      vertex 75.5677 89.0337 2
      vertex 73.1218 88.5 2
      vertex 73.5496 87.5 2
    endloop
  endfacet
  facet normal 0 0 1
    outer loop
      vertex 73.1218 88.5 2
      vertex 72.0902 87.5 2
      vertex 73.5496 87.5 2
    endloop
  endfacet
  facet normal -0 0 1
    outer loop
      vertex 62.2695 47.4775 2
      vertex 72.2 25.5 2
      vertex 62.4728 47.6421 2
    endloop
  endfacet
  facet normal -0 0 1
    outer loop
      vertex 62.05 47.3349 2
      vertex 72.2 25.5 2
      vertex 62.2695 47.4775 2
    endloop
  endfacet
  facet normal -0 0 1
    outer loop
      vertex 61.8168 47.2161 2
      vertex 72.2 25.5 2
      vertex 62.05 47.3349 2
    endloop
  endfacet
  facet normal -0 0 1
    outer loop
      vertex 61.5725 47.1224 2
      vertex 72.2 25.5 2
      vertex 61.8168 47.2161 2
    endloop
  endfacet
  facet normal 0 0 1
    outer loop
      vertex 71.6 88.0392 2
      vertex 73.1218 88.5 2
      vertex 71.6 88.5 2
    endloop
  endfacet
  facet normal 0 0 1
    outer loop
      vertex 73.1218 88.5 2
      vertex 71.6 88.0392 2
      vertex 72.0902 87.5 2
    endloop
  endfacet
  facet normal 0 0 1
    outer loop
      vertex 71 88.2 2
      vertex 72.0902 87.5 2
      vertex 71.6 88.0392 2
    endloop
  endfacet
  facet normal -0 0 1
    outer loop
      vertex 61.3198 47.0546 2
      vertex 72.2 25.5 2
      vertex 61.5725 47.1224 2
    endloop
  endfacet
  facet normal 0 0 1
    outer loop
      vertex 71 88.2 2
      vertex 71.6 88.0392 2
      vertex 71.4881 88.0963 2
    endloop
  endfacet
  facet normal -0 0 1
    outer loop
      vertex 61.0613 47.0137 2
      vertex 72.2 25.5 2
      vertex 61.3198 47.0546 2
    endloop
  endfacet
  facet normal 0 0 1
    outer loop
      vertex 71 88.2 2
      vertex 71.4881 88.0963 2
      vertex 71.3708 88.1413 2
    endloop
  endfacet
  facet normal -0 0 1
    outer loop
      vertex 60.8 47 2
      vertex 72.2 25.5 2
      vertex 61.0613 47.0137 2
    endloop
  endfacet
  facet normal 0 0 1
    outer loop
      vertex 71 88.2 2
      vertex 71.3708 88.1413 2
      vertex 71.2495 88.1738 2
    endloop
  endfacet
  facet normal 0 0 1
    outer loop
      vertex 60.5387 47.0137 2
      vertex 72.2 25.5 2
      vertex 60.8 47 2
    endloop
  endfacet
  facet normal 0 0 1
    outer loop
      vertex 71 88.2 2
      vertex 71.2495 88.1738 2
      vertex 71.1254 88.1934 2
    endloop
  endfacet
  facet normal 0 0 1
    outer loop
      vertex 60.2802 47.0546 2
      vertex 72.2 25.5 2
      vertex 60.5387 47.0137 2
    endloop
  endfacet
  facet normal 0 0 1
    outer loop
      vertex 72.2 87 2
      vertex 71 88.2 2
      vertex 62.8225 79.9695 2
    endloop
  endfacet
  facet normal 0 0 1
    outer loop
      vertex 60.0275 47.1224 2
      vertex 72.2 25.5 2
      vertex 60.2802 47.0546 2
    endloop
  endfacet
  facet normal 0 0 1
    outer loop
      vertex 72.2 78.5 2
      vertex 63.2863 78.2387 2
      vertex 72.2 77.5 2
    endloop
  endfacet
  facet normal 0 0 1
    outer loop
      vertex 63.2863 78.2387 2
      vertex 72.2 78.5 2
      vertex 63.3 78.5 2
    endloop
  endfacet
  facet normal 0 -0 1
    outer loop
      vertex 63.3 78.5 2
      vertex 72.2 78.5 2
      vertex 63.2863 78.7613 2
    endloop
  endfacet
  facet normal -0 -0 1
    outer loop
      vertex 63.2863 78.7613 2
      vertex 72.2 78.5 2
      vertex 63.2454 79.0198 2
    endloop
  endfacet
  facet normal -0 -0 1
    outer loop
      vertex 63.2454 79.0198 2
      vertex 72.2 78.5 2
      vertex 63.1776 79.2725 2
    endloop
  endfacet
  facet normal 0 0 1
    outer loop
      vertex 72.2 78.5 2
      vertex 62.9651 79.75 2
      vertex 63.0839 79.5168 2
    endloop
  endfacet
  facet normal 0 0 1
    outer loop
      vertex 72.2 87 2
      vertex 62.8225 79.9695 2
      vertex 62.9651 79.75 2
    endloop
  endfacet
  facet normal 0 0 1
    outer loop
      vertex 71 88.2 2
      vertex 62.6579 80.1728 2
      vertex 62.8225 79.9695 2
    endloop
  endfacet
  facet normal 0 0 1
    outer loop
      vertex 71 88.2 2
      vertex 62.4728 80.3579 2
      vertex 62.6579 80.1728 2
    endloop
  endfacet
  facet normal 0 0 1
    outer loop
      vertex 71 88.2 2
      vertex 62.2695 80.5225 2
      vertex 62.4728 80.3579 2
    endloop
  endfacet
  facet normal 0 0 1
    outer loop
      vertex 71 88.2 2
      vertex 62.05 80.6651 2
      vertex 62.2695 80.5225 2
    endloop
  endfacet
  facet normal 0 0 1
    outer loop
      vertex 71 88.2 2
      vertex 61.8168 80.7839 2
      vertex 62.05 80.6651 2
    endloop
  endfacet
  facet normal 0 0 1
    outer loop
      vertex 71 88.2 2
      vertex 61.5725 80.8776 2
      vertex 61.8168 80.7839 2
    endloop
  endfacet
  facet normal 0 0 1
    outer loop
      vertex 71 88.2 2
      vertex 61.3198 80.9454 2
      vertex 61.5725 80.8776 2
    endloop
  endfacet
  facet normal 0 0 1
    outer loop
      vertex 71 88.2 2
      vertex 61.0613 80.9863 2
      vertex 61.3198 80.9454 2
    endloop
  endfacet
  facet normal 0 0 1
    outer loop
      vertex 71 88.2 2
      vertex 60.8 81 2
      vertex 61.0613 80.9863 2
    endloop
  endfacet
  facet normal 0 0 1
    outer loop
      vertex 71 88.2 2
      vertex 60.5387 80.9863 2
      vertex 60.8 81 2
    endloop
  endfacet
  facet normal 0 0 1
    outer loop
      vertex 71 88.2 2
      vertex 60.2802 80.9454 2
      vertex 60.5387 80.9863 2
    endloop
  endfacet
  facet normal -0 0 1
    outer loop
      vertex 43.5 88.2 2
      vertex 60.2802 80.9454 2
      vertex 71 88.2 2
    endloop
  endfacet
  facet normal 0 0 1
    outer loop
      vertex 60.2802 80.9454 2
      vertex 43.5 88.2 2
      vertex 60.0275 80.8776 2
    endloop
  endfacet
  facet normal 0 0 1
    outer loop
      vertex 60.0275 80.8776 2
      vertex 43.5 88.2 2
      vertex 59.7832 80.7839 2
    endloop
  endfacet
  facet normal 0 0 1
    outer loop
      vertex 59.7832 80.7839 2
      vertex 43.5 88.2 2
      vertex 59.55 80.6651 2
    endloop
  endfacet
  facet normal 0 0 1
    outer loop
      vertex 58.4224 50.2725 2
      vertex 21.1 49.5 2
      vertex 58.3546 50.0198 2
    endloop
  endfacet
  facet normal 0 0 1
    outer loop
      vertex 58.3137 78.7613 2
      vertex 43.5 88.2 2
      vertex 58.3 78.5 2
    endloop
  endfacet
  facet normal 0 0 1
    outer loop
      vertex 58.3546 79.0198 2
      vertex 43.5 88.2 2
      vertex 58.3137 78.7613 2
    endloop
  endfacet
  facet normal 0 0 1
    outer loop
      vertex 58.4224 79.2725 2
      vertex 43.5 88.2 2
      vertex 58.3546 79.0198 2
    endloop
  endfacet
  facet normal 0 0 1
    outer loop
      vertex 58.5161 79.5168 2
      vertex 43.5 88.2 2
      vertex 58.4224 79.2725 2
    endloop
  endfacet
  facet normal 0 0 1
    outer loop
      vertex 58.6349 79.75 2
      vertex 43.5 88.2 2
      vertex 58.5161 79.5168 2
    endloop
  endfacet
  facet normal 0 0 1
    outer loop
      vertex 58.7775 79.9695 2
      vertex 43.5 88.2 2
      vertex 58.6349 79.75 2
    endloop
  endfacet
  facet normal 0 0 1
    outer loop
      vertex 58.9421 80.1728 2
      vertex 43.5 88.2 2
      vertex 58.7775 79.9695 2
    endloop
  endfacet
  facet normal 0 0 1
    outer loop
      vertex 59.1272 80.3579 2
      vertex 43.5 88.2 2
      vertex 58.9421 80.1728 2
    endloop
  endfacet
  facet normal 0 0 1
    outer loop
      vertex 59.3305 80.5225 2
      vertex 43.5 88.2 2
      vertex 59.1272 80.3579 2
    endloop
  endfacet
  facet normal 0 0 1
    outer loop
      vertex 59.55 80.6651 2
      vertex 43.5 88.2 2
      vertex 59.3305 80.5225 2
    endloop
  endfacet
  facet normal 0 0 1
    outer loop
      vertex 76 87 2
      vertex 73.6 78.5 2
      vertex 73.6 77.5 2
    endloop
  endfacet
  facet normal 0 0 1
    outer loop
      vertex 76 87 2
      vertex 73.6 77.5 2
      vertex 73.6 25.5 2
    endloop
  endfacet
  facet normal 0 0 1
    outer loop
      vertex 75.8907 3.96044 2
      vertex 73.5432 4.45943 2
      vertex 75.7553 3.45491 2
    endloop
  endfacet
  facet normal -0 0 1
    outer loop
      vertex 73.4727 4.19656 2
      vertex 75.7553 3.45491 2
      vertex 73.5432 4.45943 2
    endloop
  endfacet
  facet normal 0 0 1
    outer loop
      vertex 75.7553 3.45491 2
      vertex 73.4727 4.19656 2
      vertex 75.5677 2.96632 2
    endloop
  endfacet
  facet normal -0 0 1
    outer loop
      vertex 73.3752 3.94248 2
      vertex 75.5677 2.96632 2
      vertex 73.4727 4.19656 2
    endloop
  endfacet
  facet normal 0 0 1
    outer loop
      vertex 75.5677 2.96632 2
      vertex 73.3752 3.94248 2
      vertex 75.3301 2.5 2
    endloop
  endfacet
  facet normal -0 0 1
    outer loop
      vertex 73.2517 3.7 2
      vertex 75.3301 2.5 2
      vertex 73.3752 3.94248 2
    endloop
  endfacet
  facet normal 0 0 1
    outer loop
      vertex 75.3301 2.5 2
      vertex 73.2517 3.7 2
      vertex 75.0451 2.06107 2
    endloop
  endfacet
  facet normal -0 0 1
    outer loop
      vertex 73.1034 3.47176 2
      vertex 75.0451 2.06107 2
      vertex 73.2517 3.7 2
    endloop
  endfacet
  facet normal 0 0 1
    outer loop
      vertex 75.0451 2.06107 2
      vertex 73.1034 3.47176 2
      vertex 74.7157 1.65435 2
    endloop
  endfacet
  facet normal -0 0 1
    outer loop
      vertex 72.9322 3.26026 2
      vertex 74.7157 1.65435 2
      vertex 73.1034 3.47176 2
    endloop
  endfacet
  facet normal 0 0 1
    outer loop
      vertex 74.7157 1.65435 2
      vertex 72.9322 3.26026 2
      vertex 74.3456 1.28428 2
    endloop
  endfacet
  facet normal -0 0 1
    outer loop
      vertex 72.7397 3.06782 2
      vertex 74.3456 1.28428 2
      vertex 72.9322 3.26026 2
    endloop
  endfacet
  facet normal 0 0 1
    outer loop
      vertex 74.3456 1.28428 2
      vertex 72.7397 3.06782 2
      vertex 73.9389 0.954914 2
    endloop
  endfacet
  facet normal -0 0 1
    outer loop
      vertex 72.5282 2.89656 2
      vertex 73.9389 0.954914 2
      vertex 72.7397 3.06782 2
    endloop
  endfacet
  facet normal 0 0 1
    outer loop
      vertex 73.9389 0.954914 2
      vertex 72.5282 2.89656 2
      vertex 73.5 0.669872 2
    endloop
  endfacet
  facet normal -0 0 1
    outer loop
      vertex 72.3 2.74833 2
      vertex 73.5 0.669872 2
      vertex 72.5282 2.89656 2
    endloop
  endfacet
  facet normal 0 0 1
    outer loop
      vertex 73.5 0.669872 2
      vertex 72.3 2.74833 2
      vertex 73.0337 0.432272 2
    endloop
  endfacet
  facet normal -0 0 1
    outer loop
      vertex 72.0575 2.62478 2
      vertex 73.0337 0.432272 2
      vertex 72.3 2.74833 2
    endloop
  endfacet
  facet normal 0 0 1
    outer loop
      vertex 73.0337 0.432272 2
      vertex 72.0575 2.62478 2
      vertex 72.5451 0.244717 2
    endloop
  endfacet
  facet normal -0 0 1
    outer loop
      vertex 71.8034 2.52725 2
      vertex 72.5451 0.244717 2
      vertex 72.0575 2.62478 2
    endloop
  endfacet
  facet normal 0 0 1
    outer loop
      vertex 72.5451 0.244717 2
      vertex 71.8034 2.52725 2
      vertex 72.0396 0.109262 2
    endloop
  endfacet
  facet normal -0 0 1
    outer loop
      vertex 71.5406 2.45682 2
      vertex 72.0396 0.109262 2
      vertex 71.8034 2.52725 2
    endloop
  endfacet
  facet normal 0 0 1
    outer loop
      vertex 71.5406 2.45682 2
      vertex 71.5226 0.0273905 2
      vertex 72.0396 0.109262 2
    endloop
  endfacet
  facet normal -0 0 1
    outer loop
      vertex 71.2718 2.41424 2
      vertex 71.5226 0.0273905 2
      vertex 71.5406 2.45682 2
    endloop
  endfacet
  facet normal -0 0 1
    outer loop
      vertex 71 2.4 2
      vertex 71.5226 0.0273905 2
      vertex 71.2718 2.41424 2
    endloop
  endfacet
  facet normal 0 0 1
    outer loop
      vertex 71 2.4 2
      vertex 71 0 2
      vertex 71.5226 0.0273905 2
    endloop
  endfacet
  facet normal -0 0 1
    outer loop
      vertex 43.5 2.4 2
      vertex 71 0 2
      vertex 71 2.4 2
    endloop
  endfacet
  facet normal 0 0 1
    outer loop
      vertex 58.3546 48.9802 2
      vertex 33.5 3.8 2
      vertex 58.4224 48.7275 2
    endloop
  endfacet
  facet normal 0 0 1
    outer loop
      vertex 43.5 3.8 2
      vertex 42.5 3.8 2
      vertex 43.5 2.4 2
    endloop
  endfacet
  facet normal 0 0 1
    outer loop
      vertex 42.5 2.4 2
      vertex 43.5 2.4 2
      vertex 42.5 3.8 2
    endloop
  endfacet
  facet normal -0 0 1
    outer loop
      vertex 42.5 2.4 2
      vertex 71 0 2
      vertex 43.5 2.4 2
    endloop
  endfacet
  facet normal -0 0 1
    outer loop
      vertex 33.5 2.4 2
      vertex 71 0 2
      vertex 42.5 2.4 2
    endloop
  endfacet
  facet normal 0 0 1
    outer loop
      vertex 58.4224 48.7275 2
      vertex 33.5 3.8 2
      vertex 42.5 3.8 2
    endloop
  endfacet
  facet normal 0 0 1
    outer loop
      vertex 33.5 3.8 2
      vertex 32.5 3.8 2
      vertex 33.5 2.4 2
    endloop
  endfacet
  facet normal 0 0 1
    outer loop
      vertex 32.5 2.4 2
      vertex 33.5 2.4 2
      vertex 32.5 3.8 2
    endloop
  endfacet
  facet normal 0 0 1
    outer loop
      vertex 5 0 2
      vertex 33.5 2.4 2
      vertex 32.5 2.4 2
    endloop
  endfacet
  facet normal 0 0 1
    outer loop
      vertex 33.5 2.4 2
      vertex 5 0 2
      vertex 71 0 2
    endloop
  endfacet
  facet normal -0 0 1
    outer loop
      vertex 5 2.4 2
      vertex 5 0 2
      vertex 32.5 2.4 2
    endloop
  endfacet
  facet normal 0 0 1
    outer loop
      vertex 4.72823 2.41424 2
      vertex 5 0 2
      vertex 5 2.4 2
    endloop
  endfacet
  facet normal 0 0 1
    outer loop
      vertex 4.72823 2.41424 2
      vertex 4.47736 0.0273905 2
      vertex 5 0 2
    endloop
  endfacet
  facet normal 0 0 1
    outer loop
      vertex 4.45943 2.45682 2
      vertex 4.47736 0.0273905 2
      vertex 4.72823 2.41424 2
    endloop
  endfacet
  facet normal 0 0 1
    outer loop
      vertex 3.96044 0.109262 2
      vertex 4.45943 2.45682 2
      vertex 4.19656 2.52725 2
    endloop
  endfacet
  facet normal 0 0 1
    outer loop
      vertex 4.45943 2.45682 2
      vertex 3.96044 0.109262 2
      vertex 4.47736 0.0273905 2
    endloop
  endfacet
  facet normal 0 0 1
    outer loop
      vertex 3.45491 0.244717 2
      vertex 4.19656 2.52725 2
      vertex 3.94248 2.62478 2
    endloop
  endfacet
  facet normal 0 0 1
    outer loop
      vertex 2.96632 0.432272 2
      vertex 3.94248 2.62478 2
      vertex 3.7 2.74833 2
    endloop
  endfacet
  facet normal 0 0 1
    outer loop
      vertex 2.5 0.669872 2
      vertex 3.7 2.74833 2
      vertex 3.47176 2.89656 2
    endloop
  endfacet
  facet normal 0 0 1
    outer loop
      vertex 4.19656 2.52725 2
      vertex 3.45491 0.244717 2
      vertex 3.96044 0.109262 2
    endloop
  endfacet
  facet normal 0 0 1
    outer loop
      vertex 2.06107 0.954914 2
      vertex 3.47176 2.89656 2
      vertex 3.26026 3.06782 2
    endloop
  endfacet
  facet normal 0 0 1
    outer loop
      vertex 1.65435 1.28428 2
      vertex 3.26026 3.06782 2
      vertex 3.06782 3.26026 2
    endloop
  endfacet
  facet normal 0 0 1
    outer loop
      vertex 3.94248 2.62478 2
      vertex 2.96632 0.432272 2
      vertex 3.45491 0.244717 2
    endloop
  endfacet
  facet normal 0 0 1
    outer loop
      vertex 1.28428 1.65435 2
      vertex 3.06782 3.26026 2
      vertex 2.89656 3.47176 2
    endloop
  endfacet
  facet normal 0 0 1
    outer loop
      vertex 0.954914 2.06107 2
      vertex 2.89656 3.47176 2
      vertex 2.74833 3.7 2
    endloop
  endfacet
  facet normal 0 0 1
    outer loop
      vertex 0.669872 2.5 2
      vertex 2.74833 3.7 2
      vertex 2.62478 3.94248 2
    endloop
  endfacet
  facet normal 0 0 1
    outer loop
      vertex 0.432272 2.96632 2
      vertex 2.62478 3.94248 2
      vertex 2.52725 4.19656 2
    endloop
  endfacet
  facet normal 0 0 1
    outer loop
      vertex 3.7 2.74833 2
      vertex 2.5 0.669872 2
      vertex 2.96632 0.432272 2
    endloop
  endfacet
  facet normal 0 0 1
    outer loop
      vertex 0.244717 3.45491 2
      vertex 2.52725 4.19656 2
      vertex 2.45682 4.45943 2
    endloop
  endfacet
  facet normal 0 0 1
    outer loop
      vertex 0.109262 3.96044 2
      vertex 2.45682 4.45943 2
      vertex 2.41424 4.72823 2
    endloop
  endfacet
  facet normal 0 0 1
    outer loop
      vertex 0.0273905 4.47736 2
      vertex 2.41424 4.72823 2
      vertex 2.4 5 2
    endloop
  endfacet
  facet normal 0 0 1
    outer loop
      vertex 3.47176 2.89656 2
      vertex 2.06107 0.954914 2
      vertex 2.5 0.669872 2
    endloop
  endfacet
  facet normal 0 0 1
    outer loop
      vertex 2.4 15.5 2
      vertex 0 5 2
      vertex 2.4 14.5 2
    endloop
  endfacet
  facet normal -0 0 1
    outer loop
      vertex 0.432272 89.0337 2
      vertex 2.87821 88.5 2
      vertex 0.669872 89.5 2
    endloop
  endfacet
  facet normal 0 0 1
    outer loop
      vertex 2.4 14.5 2
      vertex 0 5 2
      vertex 2.4 5 2
    endloop
  endfacet
  facet normal 0 0 1
    outer loop
      vertex 2.87821 88.5 2
      vertex 0.432272 89.0337 2
      vertex 2.45039 87.5 2
    endloop
  endfacet
  facet normal 0 -0 1
    outer loop
      vertex 0.0273905 4.47736 2
      vertex 2.4 5 2
      vertex 0 5 2
    endloop
  endfacet
  facet normal -0 0 1
    outer loop
      vertex 0.244717 88.5451 2
      vertex 2.45039 87.5 2
      vertex 0.432272 89.0337 2
    endloop
  endfacet
  facet normal 0 0 1
    outer loop
      vertex 3.26026 3.06782 2
      vertex 1.65435 1.28428 2
      vertex 2.06107 0.954914 2
    endloop
  endfacet
  facet normal -0 0 1
    outer loop
      vertex 0.109262 88.0396 2
      vertex 2.45039 87.5 2
      vertex 0.244717 88.5451 2
    endloop
  endfacet
  facet normal 0 0 1
    outer loop
      vertex 3.06782 3.26026 2
      vertex 1.28428 1.65435 2
      vertex 1.65435 1.28428 2
    endloop
  endfacet
  facet normal -0 0 1
    outer loop
      vertex 0.0273905 87.5226 2
      vertex 2.45039 87.5 2
      vertex 0.109262 88.0396 2
    endloop
  endfacet
  facet normal 0 0 1
    outer loop
      vertex 2.89656 3.47176 2
      vertex 0.954914 2.06107 2
      vertex 1.28428 1.65435 2
    endloop
  endfacet
  facet normal 0 0 1
    outer loop
      vertex 2.45039 87.5 2
      vertex 0.0273905 87.5226 2
      vertex 2.41424 87.2718 2
    endloop
  endfacet
  facet normal 0 0 1
    outer loop
      vertex 2.74833 3.7 2
      vertex 0.669872 2.5 2
      vertex 0.954914 2.06107 2
    endloop
  endfacet
  facet normal 0 0 1
    outer loop
      vertex 2.41424 87.2718 2
      vertex 0.0273905 87.5226 2
      vertex 2.4 87 2
    endloop
  endfacet
  facet normal 0 0 1
    outer loop
      vertex 2.62478 3.94248 2
      vertex 0.432272 2.96632 2
      vertex 0.669872 2.5 2
    endloop
  endfacet
  facet normal 0 0 1
    outer loop
      vertex 2.4 87 2
      vertex 0.0273905 87.5226 2
      vertex 0 87 2
    endloop
  endfacet
  facet normal 0 0 1
    outer loop
      vertex 2.52725 4.19656 2
      vertex 0.244717 3.45491 2
      vertex 0.432272 2.96632 2
    endloop
  endfacet
  facet normal 0 0 1
    outer loop
      vertex 2.45682 4.45943 2
      vertex 0.109262 3.96044 2
      vertex 0.244717 3.45491 2
    endloop
  endfacet
  facet normal 0 0 1
    outer loop
      vertex 2.41424 4.72823 2
      vertex 0.0273905 4.47736 2
      vertex 0.109262 3.96044 2
    endloop
  endfacet
  facet normal 0 0 1
    outer loop
      vertex 59.7832 47.2161 2
      vertex 72.2 25.5 2
      vertex 60.0275 47.1224 2
    endloop
  endfacet
  facet normal 0 0 1
    outer loop
      vertex 43.5 3.8 2
      vertex 72.2 25.5 2
      vertex 59.7832 47.2161 2
    endloop
  endfacet
  facet normal 0 -0 1
    outer loop
      vertex 71 3.8 2
      vertex 72.2 14.5 2
      vertex 43.5 3.8 2
    endloop
  endfacet
  facet normal 0 0 1
    outer loop
      vertex 72.2 14.5 2
      vertex 71 3.8 2
      vertex 72.2 5 2
    endloop
  endfacet
  facet normal 0 0 1
    outer loop
      vertex 72.2 5 2
      vertex 71 3.8 2
      vertex 72.1934 4.87457 2
    endloop
  endfacet
  facet normal 0 0 1
    outer loop
      vertex 72.1738 4.75051 2
      vertex 71 3.8 2
      vertex 72.1413 4.62918 2
    endloop
  endfacet
  facet normal 0 0 1
    outer loop
      vertex 72.0963 4.51192 2
      vertex 71 3.8 2
      vertex 72.0392 4.4 2
    endloop
  endfacet
  facet normal 0 0 1
    outer loop
      vertex 71.9708 4.29466 2
      vertex 71 3.8 2
      vertex 71.8918 4.19704 2
    endloop
  endfacet
  facet normal 0 0 1
    outer loop
      vertex 71.803 4.10823 2
      vertex 71 3.8 2
      vertex 71.7053 4.02918 2
    endloop
  endfacet
  facet normal 0 0 1
    outer loop
      vertex 71.7053 4.02918 2
      vertex 71 3.8 2
      vertex 71.6 3.96077 2
    endloop
  endfacet
  facet normal 0 0 1
    outer loop
      vertex 71.4881 3.90375 2
      vertex 71 3.8 2
      vertex 71.3708 3.85873 2
    endloop
  endfacet
  facet normal 0 0 1
    outer loop
      vertex 71.2495 3.82622 2
      vertex 71 3.8 2
      vertex 71.1254 3.80657 2
    endloop
  endfacet
  facet normal 0 0 1
    outer loop
      vertex 71.3708 3.85873 2
      vertex 71 3.8 2
      vertex 71.2495 3.82622 2
    endloop
  endfacet
  facet normal 0 0 1
    outer loop
      vertex 71.6 3.96077 2
      vertex 71 3.8 2
      vertex 71.4881 3.90375 2
    endloop
  endfacet
  facet normal 0 0 1
    outer loop
      vertex 71.8918 4.19704 2
      vertex 71 3.8 2
      vertex 71.803 4.10823 2
    endloop
  endfacet
  facet normal 0 0 1
    outer loop
      vertex 72.0392 4.4 2
      vertex 71 3.8 2
      vertex 71.9708 4.29466 2
    endloop
  endfacet
  facet normal 0 0 1
    outer loop
      vertex 72.1413 4.62918 2
      vertex 71 3.8 2
      vertex 72.0963 4.51192 2
    endloop
  endfacet
  facet normal 0 0 1
    outer loop
      vertex 72.2 25.5 2
      vertex 43.5 3.8 2
      vertex 72.2 24.5 2
    endloop
  endfacet
  facet normal 0 0 1
    outer loop
      vertex 72.2 15.5 2
      vertex 43.5 3.8 2
      vertex 72.2 14.5 2
    endloop
  endfacet
  facet normal 0 0 1
    outer loop
      vertex 72.2 24.5 2
      vertex 43.5 3.8 2
      vertex 72.2 15.5 2
    endloop
  endfacet
  facet normal 0 0 1
    outer loop
      vertex 43.5 3.8 2
      vertex 59.7832 47.2161 2
      vertex 59.55 47.3349 2
    endloop
  endfacet
  facet normal 0 0 1
    outer loop
      vertex 43.5 3.8 2
      vertex 59.55 47.3349 2
      vertex 59.3305 47.4775 2
    endloop
  endfacet
  facet normal 0 0 1
    outer loop
      vertex 43.5 3.8 2
      vertex 59.3305 47.4775 2
      vertex 59.1272 47.6421 2
    endloop
  endfacet
  facet normal 0 0 1
    outer loop
      vertex 43.5 3.8 2
      vertex 59.1272 47.6421 2
      vertex 58.9421 47.8272 2
    endloop
  endfacet
  facet normal 0 0 1
    outer loop
      vertex 43.5 3.8 2
      vertex 58.9421 47.8272 2
      vertex 58.7775 48.0305 2
    endloop
  endfacet
  facet normal 0 0 1
    outer loop
      vertex 43.5 3.8 2
      vertex 58.7775 48.0305 2
      vertex 58.6349 48.25 2
    endloop
  endfacet
  facet normal 0 0 1
    outer loop
      vertex 43.5 3.8 2
      vertex 58.6349 48.25 2
      vertex 58.5161 48.4832 2
    endloop
  endfacet
  facet normal 0 0 1
    outer loop
      vertex 43.5 3.8 2
      vertex 58.5161 48.4832 2
      vertex 58.4224 48.7275 2
    endloop
  endfacet
  facet normal 0 0 1
    outer loop
      vertex 58.3546 50.0198 2
      vertex 21.1 49.5 2
      vertex 58.3137 49.7613 2
    endloop
  endfacet
  facet normal 0 0 1
    outer loop
      vertex 58.3137 49.7613 2
      vertex 21.1 49.5 2
      vertex 58.3 49.5 2
    endloop
  endfacet
  facet normal 0 0 1
    outer loop
      vertex 58.3 49.5 2
      vertex 21.1 49.5 2
      vertex 58.3137 49.2387 2
    endloop
  endfacet
  facet normal 0 0 1
    outer loop
      vertex 21.0863 49.2387 2
      vertex 58.3137 49.2387 2
      vertex 21.1 49.5 2
    endloop
  endfacet
  facet normal 0 0 1
    outer loop
      vertex 72.1934 4.87457 2
      vertex 71 3.8 2
      vertex 72.1738 4.75051 2
    endloop
  endfacet
  facet normal 0.707078 -0.707135 0
    outer loop
      vertex 74.3456 1.28428 2
      vertex 74.7157 1.65435 0
      vertex 74.7157 1.65435 2
    endloop
  endfacet
  facet normal 0.707078 -0.707135 0
    outer loop
      vertex 74.7157 1.65435 0
      vertex 74.3456 1.28428 2
      vertex 74.3456 1.28428 0
    endloop
  endfacet
  facet normal -0.629372 0.777104 0
    outer loop
      vertex 2.06107 91.0451 0
      vertex 1.65435 90.7157 2
      vertex 2.06107 91.0451 2
    endloop
  endfacet
  facet normal -0.629372 0.777104 0
    outer loop
      vertex 1.65435 90.7157 2
      vertex 2.06107 91.0451 0
      vertex 1.65435 90.7157 0
    endloop
  endfacet
  facet normal -0.453988 -0.891008 0
    outer loop
      vertex 2.5 0.669872 0
      vertex 2.96632 0.432272 2
      vertex 2.5 0.669872 2
    endloop
  endfacet
  facet normal -0.453988 -0.891008 -0
    outer loop
      vertex 2.96632 0.432272 2
      vertex 2.5 0.669872 0
      vertex 2.96632 0.432272 0
    endloop
  endfacet
  facet normal -0.156433 -0.987689 0
    outer loop
      vertex 3.96044 0.109262 0
      vertex 4.47736 0.0273905 2
      vertex 3.96044 0.109262 2
    endloop
  endfacet
  facet normal -0.156433 -0.987689 -0
    outer loop
      vertex 4.47736 0.0273905 2
      vertex 3.96044 0.109262 0
      vertex 4.47736 0.0273905 0
    endloop
  endfacet
  facet normal -0.965923 0.258831 0
    outer loop
      vertex 0.109262 88.0396 0
      vertex 0.244717 88.5451 2
      vertex 0.244717 88.5451 0
    endloop
  endfacet
  facet normal -0.965923 0.258831 0
    outer loop
      vertex 0.244717 88.5451 2
      vertex 0.109262 88.0396 0
      vertex 0.109262 88.0396 2
    endloop
  endfacet
  facet normal 0.358366 -0.933581 0
    outer loop
      vertex 72.5451 0.244717 0
      vertex 73.0337 0.432272 2
      vertex 72.5451 0.244717 2
    endloop
  endfacet
  facet normal 0.358366 -0.933581 0
    outer loop
      vertex 73.0337 0.432272 2
      vertex 72.5451 0.244717 0
      vertex 73.0337 0.432272 0
    endloop
  endfacet
  facet normal -0.358373 -0.933579 0
    outer loop
      vertex 2.96632 0.432272 0
      vertex 3.45491 0.244717 2
      vertex 2.96632 0.432272 2
    endloop
  endfacet
  facet normal -0.358373 -0.933579 -0
    outer loop
      vertex 3.45491 0.244717 2
      vertex 2.96632 0.432272 0
      vertex 3.45491 0.244717 0
    endloop
  endfacet
  facet normal 0.629391 0.777089 -0
    outer loop
      vertex 74.3456 90.7157 0
      vertex 73.9389 91.0451 2
      vertex 74.3456 90.7157 2
    endloop
  endfacet
  facet normal 0.629391 0.777089 0
    outer loop
      vertex 73.9389 91.0451 2
      vertex 74.3456 90.7157 0
      vertex 73.9389 91.0451 0
    endloop
  endfacet
  facet normal 0.454003 -0.891 0
    outer loop
      vertex 73.0337 0.432272 0
      vertex 73.5 0.669872 2
      vertex 73.0337 0.432272 2
    endloop
  endfacet
  facet normal 0.454003 -0.891 0
    outer loop
      vertex 73.5 0.669872 2
      vertex 73.0337 0.432272 0
      vertex 73.5 0.669872 0
    endloop
  endfacet
  facet normal 0.838709 -0.544579 0
    outer loop
      vertex 75.0451 2.06107 2
      vertex 75.3301 2.5 0
      vertex 75.3301 2.5 2
    endloop
  endfacet
  facet normal 0.838709 -0.544579 0
    outer loop
      vertex 75.3301 2.5 0
      vertex 75.0451 2.06107 2
      vertex 75.0451 2.06107 0
    endloop
  endfacet
  facet normal 0.258831 -0.965923 0
    outer loop
      vertex 72.0396 0.109262 0
      vertex 72.5451 0.244717 2
      vertex 72.0396 0.109262 2
    endloop
  endfacet
  facet normal 0.258831 -0.965923 0
    outer loop
      vertex 72.5451 0.244717 2
      vertex 72.0396 0.109262 0
      vertex 72.5451 0.244717 0
    endloop
  endfacet
  facet normal 0 0 -1
    outer loop
      vertex 58.9549 15.9389 0
      vertex 17.0451 15.9389 0
      vertex 59.2843 16.3457 0
    endloop
  endfacet
  facet normal 0 0 -1
    outer loop
      vertex 59.6543 75.2843 0
      vertex 17.9726 78.4774 0
      vertex 18 79 0
    endloop
  endfacet
  facet normal 0 0 -1
    outer loop
      vertex 16.7157 16.3457 0
      vertex 59.2843 16.3457 0
      vertex 17.0451 15.9389 0
    endloop
  endfacet
  facet normal 0 0 -1
    outer loop
      vertex 59.6543 75.2843 0
      vertex 17.8907 77.9604 0
      vertex 17.9726 78.4774 0
    endloop
  endfacet
  facet normal 0 0 -1
    outer loop
      vertex 59.2843 16.3457 0
      vertex 16.7157 16.3457 0
      vertex 59.6543 16.7157 0
    endloop
  endfacet
  facet normal 0 0 -1
    outer loop
      vertex 59.6543 75.2843 0
      vertex 17.7553 77.4549 0
      vertex 17.8907 77.9604 0
    endloop
  endfacet
  facet normal 0 0 -1
    outer loop
      vertex 16.3457 16.7157 0
      vertex 59.6543 16.7157 0
      vertex 16.7157 16.3457 0
    endloop
  endfacet
  facet normal 0 0 -1
    outer loop
      vertex 59.6543 75.2843 0
      vertex 17.5677 76.9663 0
      vertex 17.7553 77.4549 0
    endloop
  endfacet
  facet normal 0 0 -1
    outer loop
      vertex 59.6543 16.7157 0
      vertex 16.3457 16.7157 0
      vertex 60.0611 17.0451 0
    endloop
  endfacet
  facet normal 0 0 -1
    outer loop
      vertex 59.6543 75.2843 0
      vertex 17.3301 76.5 0
      vertex 17.5677 76.9663 0
    endloop
  endfacet
  facet normal 0 0 -1
    outer loop
      vertex 15.9389 17.0451 0
      vertex 60.0611 17.0451 0
      vertex 16.3457 16.7157 0
    endloop
  endfacet
  facet normal 0 0 -1
    outer loop
      vertex 59.6543 75.2843 0
      vertex 17.0451 76.0611 0
      vertex 17.3301 76.5 0
    endloop
  endfacet
  facet normal 0 0 -1
    outer loop
      vertex 60.0611 17.0451 0
      vertex 15.9389 17.0451 0
      vertex 60.0611 74.9549 0
    endloop
  endfacet
  facet normal 0 0 -1
    outer loop
      vertex 59.6543 75.2843 0
      vertex 16.7157 75.6543 0
      vertex 17.0451 76.0611 0
    endloop
  endfacet
  facet normal 0 0 -1
    outer loop
      vertex 15.9389 74.9549 0
      vertex 60.0611 74.9549 0
      vertex 15.9389 17.0451 0
    endloop
  endfacet
  facet normal 0 0 -1
    outer loop
      vertex 59.6543 75.2843 0
      vertex 16.3457 75.2843 0
      vertex 16.7157 75.6543 0
    endloop
  endfacet
  facet normal 0 0 -1
    outer loop
      vertex 60.0611 74.9549 0
      vertex 15.9389 74.9549 0
      vertex 59.6543 75.2843 0
    endloop
  endfacet
  facet normal -0 0 -1
    outer loop
      vertex 59.6543 75.2843 0
      vertex 15.9389 74.9549 0
      vertex 16.3457 75.2843 0
    endloop
  endfacet
  facet normal 0 0 -1
    outer loop
      vertex 15.5 17.3301 0
      vertex 15.9389 74.9549 0
      vertex 15.9389 17.0451 0
    endloop
  endfacet
  facet normal 0 0 -1
    outer loop
      vertex 15.5 17.3301 0
      vertex 15.5 74.6699 0
      vertex 15.9389 74.9549 0
    endloop
  endfacet
  facet normal 0 0 -1
    outer loop
      vertex 15.0337 17.5677 0
      vertex 15.5 74.6699 0
      vertex 15.5 17.3301 0
    endloop
  endfacet
  facet normal 0 0 -1
    outer loop
      vertex 15.0337 17.5677 0
      vertex 15.0337 74.4323 0
      vertex 15.5 74.6699 0
    endloop
  endfacet
  facet normal 0 0 -1
    outer loop
      vertex 14.5451 17.7553 0
      vertex 15.0337 74.4323 0
      vertex 15.0337 17.5677 0
    endloop
  endfacet
  facet normal 0 0 -1
    outer loop
      vertex 14.5451 17.7553 0
      vertex 14.5451 74.2447 0
      vertex 15.0337 74.4323 0
    endloop
  endfacet
  facet normal 0 0 -1
    outer loop
      vertex 14.0396 17.8907 0
      vertex 14.5451 74.2447 0
      vertex 14.5451 17.7553 0
    endloop
  endfacet
  facet normal 0 0 -1
    outer loop
      vertex 14.0396 17.8907 0
      vertex 14.0396 74.1093 0
      vertex 14.5451 74.2447 0
    endloop
  endfacet
  facet normal 0 0 -1
    outer loop
      vertex 13.5226 17.9726 0
      vertex 14.0396 74.1093 0
      vertex 14.0396 17.8907 0
    endloop
  endfacet
  facet normal 0 0 -1
    outer loop
      vertex 13.5226 17.9726 0
      vertex 13.5226 74.0274 0
      vertex 14.0396 74.1093 0
    endloop
  endfacet
  facet normal 0 0 -1
    outer loop
      vertex 13 18 0
      vertex 13.5226 74.0274 0
      vertex 13.5226 17.9726 0
    endloop
  endfacet
  facet normal 0 0 -1
    outer loop
      vertex 13 18 0
      vertex 13 74 0
      vertex 13.5226 74.0274 0
    endloop
  endfacet
  facet normal 0 0 -1
    outer loop
      vertex 12.4774 17.9726 0
      vertex 13 74 0
      vertex 13 18 0
    endloop
  endfacet
  facet normal 0 0 -1
    outer loop
      vertex 12.4774 17.9726 0
      vertex 12.4774 74.0274 0
      vertex 13 74 0
    endloop
  endfacet
  facet normal 0 0 -1
    outer loop
      vertex 11.9604 17.8907 0
      vertex 12.4774 74.0274 0
      vertex 12.4774 17.9726 0
    endloop
  endfacet
  facet normal 0 0 -1
    outer loop
      vertex 11.9604 17.8907 0
      vertex 11.9604 74.1093 0
      vertex 12.4774 74.0274 0
    endloop
  endfacet
  facet normal 0 0 -1
    outer loop
      vertex 11.4549 17.7553 0
      vertex 11.9604 74.1093 0
      vertex 11.9604 17.8907 0
    endloop
  endfacet
  facet normal 0 0 -1
    outer loop
      vertex 11.4549 17.7553 0
      vertex 11.4549 74.2447 0
      vertex 11.9604 74.1093 0
    endloop
  endfacet
  facet normal 0 0 -1
    outer loop
      vertex 10.9663 17.5677 0
      vertex 11.4549 74.2447 0
      vertex 11.4549 17.7553 0
    endloop
  endfacet
  facet normal 0 0 -1
    outer loop
      vertex 10.9663 17.5677 0
      vertex 10.9663 74.4323 0
      vertex 11.4549 74.2447 0
    endloop
  endfacet
  facet normal 0 0 -1
    outer loop
      vertex 10.5 17.3301 0
      vertex 10.9663 74.4323 0
      vertex 10.9663 17.5677 0
    endloop
  endfacet
  facet normal 0 0 -1
    outer loop
      vertex 10.5 17.3301 0
      vertex 10.5 74.6699 0
      vertex 10.9663 74.4323 0
    endloop
  endfacet
  facet normal 0 0 -1
    outer loop
      vertex 10.0611 17.0451 0
      vertex 10.5 74.6699 0
      vertex 10.5 17.3301 0
    endloop
  endfacet
  facet normal 0 0 -1
    outer loop
      vertex 10.0611 17.0451 0
      vertex 10.0611 74.9549 0
      vertex 10.5 74.6699 0
    endloop
  endfacet
  facet normal 0 0 -1
    outer loop
      vertex 9.65435 16.7157 0
      vertex 10.0611 74.9549 0
      vertex 10.0611 17.0451 0
    endloop
  endfacet
  facet normal 0 0 -1
    outer loop
      vertex 9.65435 16.7157 0
      vertex 9.65435 75.2843 0
      vertex 10.0611 74.9549 0
    endloop
  endfacet
  facet normal 0 0 -1
    outer loop
      vertex 9.28428 16.3457 0
      vertex 9.65435 75.2843 0
      vertex 9.65435 16.7157 0
    endloop
  endfacet
  facet normal 0 0 -1
    outer loop
      vertex 9.28428 16.3457 0
      vertex 9.28428 75.6543 0
      vertex 9.65435 75.2843 0
    endloop
  endfacet
  facet normal 0 0 -1
    outer loop
      vertex 8.95491 15.9389 0
      vertex 9.28428 75.6543 0
      vertex 9.28428 16.3457 0
    endloop
  endfacet
  facet normal 0 0 -1
    outer loop
      vertex 8.95491 15.9389 0
      vertex 8.95491 76.0611 0
      vertex 9.28428 75.6543 0
    endloop
  endfacet
  facet normal 0 0 -1
    outer loop
      vertex 8.66987 15.5 0
      vertex 8.95491 76.0611 0
      vertex 8.95491 15.9389 0
    endloop
  endfacet
  facet normal 0 0 -1
    outer loop
      vertex 8.66987 15.5 0
      vertex 8.66987 76.5 0
      vertex 8.95491 76.0611 0
    endloop
  endfacet
  facet normal 0 0 -1
    outer loop
      vertex 0 5 0
      vertex 8.66987 15.5 0
      vertex 8.43227 15.0337 0
    endloop
  endfacet
  facet normal -0 0 -1
    outer loop
      vertex 8.66987 15.5 0
      vertex 0 5 0
      vertex 8.66987 76.5 0
    endloop
  endfacet
  facet normal 0 0 -1
    outer loop
      vertex 0 5 0
      vertex 8.43227 15.0337 0
      vertex 8.24472 14.5451 0
    endloop
  endfacet
  facet normal 0 0 -1
    outer loop
      vertex 0 87 0
      vertex 8.66987 76.5 0
      vertex 0 5 0
    endloop
  endfacet
  facet normal 0 0 -1
    outer loop
      vertex 0 5 0
      vertex 8.24472 14.5451 0
      vertex 8.10926 14.0396 0
    endloop
  endfacet
  facet normal 0 0 -1
    outer loop
      vertex 8.66987 76.5 0
      vertex 0 87 0
      vertex 8.43227 76.9663 0
    endloop
  endfacet
  facet normal 0 0 -1
    outer loop
      vertex 0 5 0
      vertex 8.10926 14.0396 0
      vertex 8.02739 13.5226 0
    endloop
  endfacet
  facet normal 0 0 -1
    outer loop
      vertex 8.43227 76.9663 0
      vertex 0 87 0
      vertex 8.24472 77.4549 0
    endloop
  endfacet
  facet normal 0 0 -1
    outer loop
      vertex 0 5 0
      vertex 8.02739 13.5226 0
      vertex 8 13 0
    endloop
  endfacet
  facet normal 0 0 -1
    outer loop
      vertex 8.24472 77.4549 0
      vertex 0 87 0
      vertex 8.10926 77.9604 0
    endloop
  endfacet
  facet normal 0 0 -1
    outer loop
      vertex 67.7553 14.5451 0
      vertex 76 5 0
      vertex 67.8907 14.0396 0
    endloop
  endfacet
  facet normal 0 0 -1
    outer loop
      vertex 76 87 0
      vertex 67.9726 78.4774 0
      vertex 68 79 0
    endloop
  endfacet
  facet normal 0 0 -1
    outer loop
      vertex 67.5677 15.0337 0
      vertex 76 5 0
      vertex 67.7553 14.5451 0
    endloop
  endfacet
  facet normal 0 0 -1
    outer loop
      vertex 76 87 0
      vertex 67.8907 77.9604 0
      vertex 67.9726 78.4774 0
    endloop
  endfacet
  facet normal 0 0 -1
    outer loop
      vertex 67.3301 15.5 0
      vertex 76 5 0
      vertex 67.5677 15.0337 0
    endloop
  endfacet
  facet normal 0 0 -1
    outer loop
      vertex 76 87 0
      vertex 67.7553 77.4549 0
      vertex 67.8907 77.9604 0
    endloop
  endfacet
  facet normal 0 0 -1
    outer loop
      vertex 76 5 0
      vertex 67.3301 15.5 0
      vertex 76 87 0
    endloop
  endfacet
  facet normal 0 0 -1
    outer loop
      vertex 76 87 0
      vertex 67.5677 76.9663 0
      vertex 67.7553 77.4549 0
    endloop
  endfacet
  facet normal 0 0 -1
    outer loop
      vertex 67.3301 76.5 0
      vertex 76 87 0
      vertex 67.3301 15.5 0
    endloop
  endfacet
  facet normal 0 0 -1
    outer loop
      vertex 76 87 0
      vertex 67.3301 76.5 0
      vertex 67.5677 76.9663 0
    endloop
  endfacet
  facet normal 0 0 -1
    outer loop
      vertex 67.0451 15.9389 0
      vertex 67.3301 76.5 0
      vertex 67.3301 15.5 0
    endloop
  endfacet
  facet normal 0 0 -1
    outer loop
      vertex 67.0451 15.9389 0
      vertex 67.0451 76.0611 0
      vertex 67.3301 76.5 0
    endloop
  endfacet
  facet normal 0 0 -1
    outer loop
      vertex 66.7157 16.3457 0
      vertex 67.0451 76.0611 0
      vertex 67.0451 15.9389 0
    endloop
  endfacet
  facet normal 0 0 -1
    outer loop
      vertex 66.7157 16.3457 0
      vertex 66.7157 75.6543 0
      vertex 67.0451 76.0611 0
    endloop
  endfacet
  facet normal 0 0 -1
    outer loop
      vertex 66.3456 16.7157 0
      vertex 66.7157 75.6543 0
      vertex 66.7157 16.3457 0
    endloop
  endfacet
  facet normal 0 0 -1
    outer loop
      vertex 66.3456 16.7157 0
      vertex 66.3456 75.2843 0
      vertex 66.7157 75.6543 0
    endloop
  endfacet
  facet normal 0 0 -1
    outer loop
      vertex 65.9389 17.0451 0
      vertex 66.3456 75.2843 0
      vertex 66.3456 16.7157 0
    endloop
  endfacet
  facet normal 0 0 -1
    outer loop
      vertex 65.9389 17.0451 0
      vertex 65.9389 74.9549 0
      vertex 66.3456 75.2843 0
    endloop
  endfacet
  facet normal 0 0 -1
    outer loop
      vertex 65.5 17.3301 0
      vertex 65.9389 74.9549 0
      vertex 65.9389 17.0451 0
    endloop
  endfacet
  facet normal 0 0 -1
    outer loop
      vertex 65.5 17.3301 0
      vertex 65.5 74.6699 0
      vertex 65.9389 74.9549 0
    endloop
  endfacet
  facet normal 0 0 -1
    outer loop
      vertex 65.0337 17.5677 0
      vertex 65.5 74.6699 0
      vertex 65.5 17.3301 0
    endloop
  endfacet
  facet normal 0 0 -1
    outer loop
      vertex 65.0337 17.5677 0
      vertex 65.0337 74.4323 0
      vertex 65.5 74.6699 0
    endloop
  endfacet
  facet normal 0 0 -1
    outer loop
      vertex 64.5451 17.7553 0
      vertex 65.0337 74.4323 0
      vertex 65.0337 17.5677 0
    endloop
  endfacet
  facet normal 0 0 -1
    outer loop
      vertex 64.5451 17.7553 0
      vertex 64.5451 74.2447 0
      vertex 65.0337 74.4323 0
    endloop
  endfacet
  facet normal 0 0 -1
    outer loop
      vertex 64.0396 17.8907 0
      vertex 64.5451 74.2447 0
      vertex 64.5451 17.7553 0
    endloop
  endfacet
  facet normal 0 0 -1
    outer loop
      vertex 64.0396 17.8907 0
      vertex 64.0396 74.1093 0
      vertex 64.5451 74.2447 0
    endloop
  endfacet
  facet normal 0 0 -1
    outer loop
      vertex 63.5226 17.9726 0
      vertex 64.0396 74.1093 0
      vertex 64.0396 17.8907 0
    endloop
  endfacet
  facet normal 0 0 -1
    outer loop
      vertex 63.5226 17.9726 0
      vertex 63.5226 74.0274 0
      vertex 64.0396 74.1093 0
    endloop
  endfacet
  facet normal 0 0 -1
    outer loop
      vertex 63 18 0
      vertex 63.5226 74.0274 0
      vertex 63.5226 17.9726 0
    endloop
  endfacet
  facet normal 0 0 -1
    outer loop
      vertex 63 18 0
      vertex 63 74 0
      vertex 63.5226 74.0274 0
    endloop
  endfacet
  facet normal 0 0 -1
    outer loop
      vertex 62.4774 17.9726 0
      vertex 63 74 0
      vertex 63 18 0
    endloop
  endfacet
  facet normal 0 0 -1
    outer loop
      vertex 62.4774 17.9726 0
      vertex 62.4774 74.0274 0
      vertex 63 74 0
    endloop
  endfacet
  facet normal 0 0 -1
    outer loop
      vertex 61.9604 17.8907 0
      vertex 62.4774 74.0274 0
      vertex 62.4774 17.9726 0
    endloop
  endfacet
  facet normal 0 0 -1
    outer loop
      vertex 61.9604 17.8907 0
      vertex 61.9604 74.1093 0
      vertex 62.4774 74.0274 0
    endloop
  endfacet
  facet normal 0 0 -1
    outer loop
      vertex 61.4549 17.7553 0
      vertex 61.9604 74.1093 0
      vertex 61.9604 17.8907 0
    endloop
  endfacet
  facet normal 0 0 -1
    outer loop
      vertex 61.4549 17.7553 0
      vertex 61.4549 74.2447 0
      vertex 61.9604 74.1093 0
    endloop
  endfacet
  facet normal 0 0 -1
    outer loop
      vertex 60.9663 17.5677 0
      vertex 61.4549 74.2447 0
      vertex 61.4549 17.7553 0
    endloop
  endfacet
  facet normal 0 0 -1
    outer loop
      vertex 60.9663 17.5677 0
      vertex 60.9663 74.4323 0
      vertex 61.4549 74.2447 0
    endloop
  endfacet
  facet normal 0 0 -1
    outer loop
      vertex 60.5 17.3301 0
      vertex 60.9663 74.4323 0
      vertex 60.9663 17.5677 0
    endloop
  endfacet
  facet normal 0 0 -1
    outer loop
      vertex 60.5 17.3301 0
      vertex 60.5 74.6699 0
      vertex 60.9663 74.4323 0
    endloop
  endfacet
  facet normal 0 0 -1
    outer loop
      vertex 60.0611 17.0451 0
      vertex 60.5 74.6699 0
      vertex 60.5 17.3301 0
    endloop
  endfacet
  facet normal 0 0 -1
    outer loop
      vertex 60.0611 17.0451 0
      vertex 60.0611 74.9549 0
      vertex 60.5 74.6699 0
    endloop
  endfacet
  facet normal 0 0 -1
    outer loop
      vertex 58.6699 15.5 0
      vertex 17.3301 15.5 0
      vertex 58.9549 15.9389 0
    endloop
  endfacet
  facet normal 0 0 -1
    outer loop
      vertex 17.0451 15.9389 0
      vertex 58.9549 15.9389 0
      vertex 17.3301 15.5 0
    endloop
  endfacet
  facet normal 0 0 -1
    outer loop
      vertex 17.5677 15.0337 0
      vertex 58.4323 15.0337 0
      vertex 17.7553 14.5451 0
    endloop
  endfacet
  facet normal 0 0 -1
    outer loop
      vertex 58.4323 15.0337 0
      vertex 17.5677 15.0337 0
      vertex 58.6699 15.5 0
    endloop
  endfacet
  facet normal 0 0 -1
    outer loop
      vertex 58.2447 14.5451 0
      vertex 17.7553 14.5451 0
      vertex 58.4323 15.0337 0
    endloop
  endfacet
  facet normal 0 0 -1
    outer loop
      vertex 17.3301 15.5 0
      vertex 58.6699 15.5 0
      vertex 17.5677 15.0337 0
    endloop
  endfacet
  facet normal 0 0 -1
    outer loop
      vertex 17.7553 14.5451 0
      vertex 58.2447 14.5451 0
      vertex 17.8907 14.0396 0
    endloop
  endfacet
  facet normal 0 0 -1
    outer loop
      vertex 59.6543 75.2843 0
      vertex 18 79 0
      vertex 59.2843 75.6543 0
    endloop
  endfacet
  facet normal 0 0 -1
    outer loop
      vertex 58.1093 14.0396 0
      vertex 17.8907 14.0396 0
      vertex 58.2447 14.5451 0
    endloop
  endfacet
  facet normal 0 0 -1
    outer loop
      vertex 59.2843 75.6543 0
      vertex 18 79 0
      vertex 58.9549 76.0611 0
    endloop
  endfacet
  facet normal 0 0 -1
    outer loop
      vertex 17.8907 14.0396 0
      vertex 58.1093 14.0396 0
      vertex 17.9726 13.5226 0
    endloop
  endfacet
  facet normal 0 0 -1
    outer loop
      vertex 58.9549 76.0611 0
      vertex 18 79 0
      vertex 58.6699 76.5 0
    endloop
  endfacet
  facet normal 0 0 -1
    outer loop
      vertex 58.0274 13.5226 0
      vertex 17.9726 13.5226 0
      vertex 58.1093 14.0396 0
    endloop
  endfacet
  facet normal 0 0 -1
    outer loop
      vertex 58.6699 76.5 0
      vertex 18 79 0
      vertex 58.4323 76.9663 0
    endloop
  endfacet
  facet normal 0 0 -1
    outer loop
      vertex 17.9726 13.5226 0
      vertex 58.0274 13.5226 0
      vertex 18 13 0
    endloop
  endfacet
  facet normal 0 -0 -1
    outer loop
      vertex 32 89 0
      vertex 58.4323 76.9663 0
      vertex 18 79 0
    endloop
  endfacet
  facet normal 0 0 -1
    outer loop
      vertex 18 13 0
      vertex 58.0274 13.5226 0
      vertex 58 13 0
    endloop
  endfacet
  facet normal -0 -0 -1
    outer loop
      vertex 44 89 0
      vertex 58.4323 76.9663 0
      vertex 32 89 0
    endloop
  endfacet
  facet normal 0 0 -1
    outer loop
      vertex 71 0 0
      vertex 76 5 0
      vertex 75.9726 4.47736 0
    endloop
  endfacet
  facet normal 0 0 -1
    outer loop
      vertex 67.9726 13.5226 0
      vertex 76 5 0
      vertex 68 13 0
    endloop
  endfacet
  facet normal 0 0 -1
    outer loop
      vertex 71 0 0
      vertex 75.9726 4.47736 0
      vertex 75.8907 3.96044 0
    endloop
  endfacet
  facet normal 0 0 -1
    outer loop
      vertex 67.8907 14.0396 0
      vertex 76 5 0
      vertex 67.9726 13.5226 0
    endloop
  endfacet
  facet normal 0 0 -1
    outer loop
      vertex 71 0 0
      vertex 75.8907 3.96044 0
      vertex 75.7553 3.45491 0
    endloop
  endfacet
  facet normal 0 0 -1
    outer loop
      vertex 67.9726 79.5226 0
      vertex 76 87 0
      vertex 68 79 0
    endloop
  endfacet
  facet normal 0 0 -1
    outer loop
      vertex 71 0 0
      vertex 75.7553 3.45491 0
      vertex 75.5677 2.96632 0
    endloop
  endfacet
  facet normal 0 0 -1
    outer loop
      vertex 67.8907 80.0396 0
      vertex 76 87 0
      vertex 67.9726 79.5226 0
    endloop
  endfacet
  facet normal 0 0 -1
    outer loop
      vertex 71 0 0
      vertex 75.5677 2.96632 0
      vertex 75.3301 2.5 0
    endloop
  endfacet
  facet normal 0 0 -1
    outer loop
      vertex 67.7553 80.5451 0
      vertex 76 87 0
      vertex 67.8907 80.0396 0
    endloop
  endfacet
  facet normal 0 0 -1
    outer loop
      vertex 71 0 0
      vertex 75.3301 2.5 0
      vertex 75.0451 2.06107 0
    endloop
  endfacet
  facet normal 0 0 -1
    outer loop
      vertex 67.5677 81.0337 0
      vertex 76 87 0
      vertex 67.7553 80.5451 0
    endloop
  endfacet
  facet normal 0 0 -1
    outer loop
      vertex 71 0 0
      vertex 75.0451 2.06107 0
      vertex 74.7157 1.65435 0
    endloop
  endfacet
  facet normal 0 0 -1
    outer loop
      vertex 67.3301 81.5 0
      vertex 76 87 0
      vertex 67.5677 81.0337 0
    endloop
  endfacet
  facet normal 0 0 -1
    outer loop
      vertex 71 0 0
      vertex 74.7157 1.65435 0
      vertex 74.3456 1.28428 0
    endloop
  endfacet
  facet normal 0 0 -1
    outer loop
      vertex 67.0451 81.9389 0
      vertex 76 87 0
      vertex 67.3301 81.5 0
    endloop
  endfacet
  facet normal 0 0 -1
    outer loop
      vertex 71 0 0
      vertex 74.3456 1.28428 0
      vertex 73.9389 0.954914 0
    endloop
  endfacet
  facet normal 0 0 -1
    outer loop
      vertex 66.7157 82.3456 0
      vertex 76 87 0
      vertex 67.0451 81.9389 0
    endloop
  endfacet
  facet normal 0 0 -1
    outer loop
      vertex 71 0 0
      vertex 73.9389 0.954914 0
      vertex 73.5 0.669872 0
    endloop
  endfacet
  facet normal 0 -0 -1
    outer loop
      vertex 71 92 0
      vertex 76 87 0
      vertex 66.7157 82.3456 0
    endloop
  endfacet
  facet normal 0 0 -1
    outer loop
      vertex 71 0 0
      vertex 73.5 0.669872 0
      vertex 73.0337 0.432272 0
    endloop
  endfacet
  facet normal 0 0 -1
    outer loop
      vertex 76 87 0
      vertex 71 92 0
      vertex 75.9726 87.5226 0
    endloop
  endfacet
  facet normal 0 0 -1
    outer loop
      vertex 71 0 0
      vertex 73.0337 0.432272 0
      vertex 72.5451 0.244717 0
    endloop
  endfacet
  facet normal 0 0 -1
    outer loop
      vertex 75.9726 87.5226 0
      vertex 71 92 0
      vertex 75.8907 88.0396 0
    endloop
  endfacet
  facet normal 0 0 -1
    outer loop
      vertex 71 0 0
      vertex 72.5451 0.244717 0
      vertex 72.0396 0.109262 0
    endloop
  endfacet
  facet normal 0 0 -1
    outer loop
      vertex 75.8907 88.0396 0
      vertex 71 92 0
      vertex 75.7553 88.5451 0
    endloop
  endfacet
  facet normal 0 0 -1
    outer loop
      vertex 71 0 0
      vertex 72.0396 0.109262 0
      vertex 71.5226 0.0273905 0
    endloop
  endfacet
  facet normal 0 0 -1
    outer loop
      vertex 75.7553 88.5451 0
      vertex 71 92 0
      vertex 75.5677 89.0337 0
    endloop
  endfacet
  facet normal -0 0 -1
    outer loop
      vertex 76 5 0
      vertex 71 0 0
      vertex 66.7157 9.65435 0
    endloop
  endfacet
  facet normal 0 0 -1
    outer loop
      vertex 75.5677 89.0337 0
      vertex 71 92 0
      vertex 75.3301 89.5 0
    endloop
  endfacet
  facet normal 0 0 -1
    outer loop
      vertex 75.3301 89.5 0
      vertex 71 92 0
      vertex 75.0451 89.9389 0
    endloop
  endfacet
  facet normal 0 0 -1
    outer loop
      vertex 76 5 0
      vertex 67.9726 12.4774 0
      vertex 68 13 0
    endloop
  endfacet
  facet normal 0 0 -1
    outer loop
      vertex 76 5 0
      vertex 67.8907 11.9604 0
      vertex 67.9726 12.4774 0
    endloop
  endfacet
  facet normal 0 0 -1
    outer loop
      vertex 76 5 0
      vertex 67.7553 11.4549 0
      vertex 67.8907 11.9604 0
    endloop
  endfacet
  facet normal 0 0 -1
    outer loop
      vertex 76 5 0
      vertex 67.5677 10.9663 0
      vertex 67.7553 11.4549 0
    endloop
  endfacet
  facet normal 0 0 -1
    outer loop
      vertex 76 5 0
      vertex 67.3301 10.5 0
      vertex 67.5677 10.9663 0
    endloop
  endfacet
  facet normal 0 0 -1
    outer loop
      vertex 76 5 0
      vertex 67.0451 10.0611 0
      vertex 67.3301 10.5 0
    endloop
  endfacet
  facet normal 0 0 -1
    outer loop
      vertex 76 5 0
      vertex 66.7157 9.65435 0
      vertex 67.0451 10.0611 0
    endloop
  endfacet
  facet normal 0 0 -1
    outer loop
      vertex 71 0 0
      vertex 66.3456 9.28428 0
      vertex 66.7157 9.65435 0
    endloop
  endfacet
  facet normal 0 0 -1
    outer loop
      vertex 71 0 0
      vertex 65.9389 8.95491 0
      vertex 66.3456 9.28428 0
    endloop
  endfacet
  facet normal 0 0 -1
    outer loop
      vertex 71 0 0
      vertex 65.5 8.66987 0
      vertex 65.9389 8.95491 0
    endloop
  endfacet
  facet normal 0 0 -1
    outer loop
      vertex 71 0 0
      vertex 65.0337 8.43227 0
      vertex 65.5 8.66987 0
    endloop
  endfacet
  facet normal 0 0 -1
    outer loop
      vertex 71 0 0
      vertex 64.5451 8.24472 0
      vertex 65.0337 8.43227 0
    endloop
  endfacet
  facet normal 0 0 -1
    outer loop
      vertex 71 0 0
      vertex 64.0396 8.10926 0
      vertex 64.5451 8.24472 0
    endloop
  endfacet
  facet normal 0 0 -1
    outer loop
      vertex 71 0 0
      vertex 63.5226 8.02739 0
      vertex 64.0396 8.10926 0
    endloop
  endfacet
  facet normal 0 0 -1
    outer loop
      vertex 71 0 0
      vertex 63 8 0
      vertex 63.5226 8.02739 0
    endloop
  endfacet
  facet normal 0 0 -1
    outer loop
      vertex 71 0 0
      vertex 62.4774 8.02739 0
      vertex 63 8 0
    endloop
  endfacet
  facet normal 0 0 -1
    outer loop
      vertex 71 0 0
      vertex 61.9604 8.10926 0
      vertex 62.4774 8.02739 0
    endloop
  endfacet
  facet normal 0 0 -1
    outer loop
      vertex 71 0 0
      vertex 61.4549 8.24472 0
      vertex 61.9604 8.10926 0
    endloop
  endfacet
  facet normal 0 0 -1
    outer loop
      vertex 71 0 0
      vertex 60.9663 8.43227 0
      vertex 61.4549 8.24472 0
    endloop
  endfacet
  facet normal 0 0 -1
    outer loop
      vertex 71 0 0
      vertex 60.5 8.66987 0
      vertex 60.9663 8.43227 0
    endloop
  endfacet
  facet normal 0 0 -1
    outer loop
      vertex 15.5 8.66987 0
      vertex 60.5 8.66987 0
      vertex 71 0 0
    endloop
  endfacet
  facet normal 0 0 -1
    outer loop
      vertex 60.5 8.66987 0
      vertex 15.5 8.66987 0
      vertex 60.0611 8.95491 0
    endloop
  endfacet
  facet normal 0 0 -1
    outer loop
      vertex 58.2447 77.4549 0
      vertex 44 89 0
      vertex 58.1093 77.9604 0
    endloop
  endfacet
  facet normal 0 0 -1
    outer loop
      vertex 18 13 0
      vertex 58 13 0
      vertex 58.0274 12.4774 0
    endloop
  endfacet
  facet normal 0 0 -1
    outer loop
      vertex 17.9726 12.4774 0
      vertex 58.0274 12.4774 0
      vertex 58.1093 11.9604 0
    endloop
  endfacet
  facet normal 0 0 -1
    outer loop
      vertex 58.0274 78.4774 0
      vertex 44 89 0
      vertex 58 79 0
    endloop
  endfacet
  facet normal 0 0 -1
    outer loop
      vertex 17.8907 11.9604 0
      vertex 58.1093 11.9604 0
      vertex 58.2447 11.4549 0
    endloop
  endfacet
  facet normal 0 0 -1
    outer loop
      vertex 58.1093 77.9604 0
      vertex 44 89 0
      vertex 58.0274 78.4774 0
    endloop
  endfacet
  facet normal 0 0 -1
    outer loop
      vertex 58.4323 76.9663 0
      vertex 44 89 0
      vertex 58.2447 77.4549 0
    endloop
  endfacet
  facet normal 0 0 -1
    outer loop
      vertex 17.7553 11.4549 0
      vertex 58.2447 11.4549 0
      vertex 58.4323 10.9663 0
    endloop
  endfacet
  facet normal 0 0 -1
    outer loop
      vertex 17.5677 10.9663 0
      vertex 58.4323 10.9663 0
      vertex 58.6699 10.5 0
    endloop
  endfacet
  facet normal 0 0 -1
    outer loop
      vertex 17.3301 10.5 0
      vertex 58.6699 10.5 0
      vertex 58.9549 10.0611 0
    endloop
  endfacet
  facet normal 0 0 -1
    outer loop
      vertex 17.0451 10.0611 0
      vertex 58.9549 10.0611 0
      vertex 59.2843 9.65435 0
    endloop
  endfacet
  facet normal 0 0 -1
    outer loop
      vertex 16.7157 9.65435 0
      vertex 59.2843 9.65435 0
      vertex 59.6543 9.28428 0
    endloop
  endfacet
  facet normal 0 -0 -1
    outer loop
      vertex 15.9389 8.95491 0
      vertex 60.0611 8.95491 0
      vertex 15.5 8.66987 0
    endloop
  endfacet
  facet normal 0 0 -1
    outer loop
      vertex 58.0274 12.4774 0
      vertex 17.9726 12.4774 0
      vertex 18 13 0
    endloop
  endfacet
  facet normal 0 0 -1
    outer loop
      vertex 58.1093 11.9604 0
      vertex 17.8907 11.9604 0
      vertex 17.9726 12.4774 0
    endloop
  endfacet
  facet normal 0 0 -1
    outer loop
      vertex 58.2447 11.4549 0
      vertex 17.7553 11.4549 0
      vertex 17.8907 11.9604 0
    endloop
  endfacet
  facet normal 0 0 -1
    outer loop
      vertex 58.4323 10.9663 0
      vertex 17.5677 10.9663 0
      vertex 17.7553 11.4549 0
    endloop
  endfacet
  facet normal 0 0 -1
    outer loop
      vertex 58.6699 10.5 0
      vertex 17.3301 10.5 0
      vertex 17.5677 10.9663 0
    endloop
  endfacet
  facet normal 0 0 -1
    outer loop
      vertex 58.9549 10.0611 0
      vertex 17.0451 10.0611 0
      vertex 17.3301 10.5 0
    endloop
  endfacet
  facet normal 0 0 -1
    outer loop
      vertex 59.2843 9.65435 0
      vertex 16.7157 9.65435 0
      vertex 17.0451 10.0611 0
    endloop
  endfacet
  facet normal 0 0 -1
    outer loop
      vertex 59.6543 9.28428 0
      vertex 16.3457 9.28428 0
      vertex 16.7157 9.65435 0
    endloop
  endfacet
  facet normal -0 0 -1
    outer loop
      vertex 59.6543 9.28428 0
      vertex 15.9389 8.95491 0
      vertex 16.3457 9.28428 0
    endloop
  endfacet
  facet normal 0 0 -1
    outer loop
      vertex 60.0611 8.95491 0
      vertex 15.9389 8.95491 0
      vertex 59.6543 9.28428 0
    endloop
  endfacet
  facet normal 0 0 -1
    outer loop
      vertex 5 0 0
      vertex 15.5 8.66987 0
      vertex 71 0 0
    endloop
  endfacet
  facet normal 0 0 -1
    outer loop
      vertex 15.5 8.66987 0
      vertex 5 0 0
      vertex 15.0337 8.43227 0
    endloop
  endfacet
  facet normal 0 0 -1
    outer loop
      vertex 15.0337 8.43227 0
      vertex 5 0 0
      vertex 14.5451 8.24472 0
    endloop
  endfacet
  facet normal 0 0 -1
    outer loop
      vertex 14.5451 8.24472 0
      vertex 5 0 0
      vertex 14.0396 8.10926 0
    endloop
  endfacet
  facet normal 0 0 -1
    outer loop
      vertex 14.0396 8.10926 0
      vertex 5 0 0
      vertex 13.5226 8.02739 0
    endloop
  endfacet
  facet normal 0 0 -1
    outer loop
      vertex 13.5226 8.02739 0
      vertex 5 0 0
      vertex 13 8 0
    endloop
  endfacet
  facet normal -0 0 -1
    outer loop
      vertex 8.02739 12.4774 0
      vertex 0 5 0
      vertex 8 13 0
    endloop
  endfacet
  facet normal -0 0 -1
    outer loop
      vertex 8.10926 11.9604 0
      vertex 0 5 0
      vertex 8.02739 12.4774 0
    endloop
  endfacet
  facet normal -0 0 -1
    outer loop
      vertex 8.24472 11.4549 0
      vertex 0 5 0
      vertex 8.10926 11.9604 0
    endloop
  endfacet
  facet normal -0 0 -1
    outer loop
      vertex 8.43227 10.9663 0
      vertex 0 5 0
      vertex 8.24472 11.4549 0
    endloop
  endfacet
  facet normal -0 0 -1
    outer loop
      vertex 8.66987 10.5 0
      vertex 0 5 0
      vertex 8.43227 10.9663 0
    endloop
  endfacet
  facet normal -0 0 -1
    outer loop
      vertex 8.95491 10.0611 0
      vertex 0 5 0
      vertex 8.66987 10.5 0
    endloop
  endfacet
  facet normal -0 0 -1
    outer loop
      vertex 9.28428 9.65435 0
      vertex 0 5 0
      vertex 8.95491 10.0611 0
    endloop
  endfacet
  facet normal 0 0 -1
    outer loop
      vertex 0 5 0
      vertex 9.28428 9.65435 0
      vertex 5 0 0
    endloop
  endfacet
  facet normal -0 0 -1
    outer loop
      vertex 9.65435 9.28428 0
      vertex 5 0 0
      vertex 9.28428 9.65435 0
    endloop
  endfacet
  facet normal -0 0 -1
    outer loop
      vertex 10.0611 8.95491 0
      vertex 5 0 0
      vertex 9.65435 9.28428 0
    endloop
  endfacet
  facet normal -0 0 -1
    outer loop
      vertex 10.5 8.66987 0
      vertex 5 0 0
      vertex 10.0611 8.95491 0
    endloop
  endfacet
  facet normal -0 0 -1
    outer loop
      vertex 10.9663 8.43227 0
      vertex 5 0 0
      vertex 10.5 8.66987 0
    endloop
  endfacet
  facet normal -0 0 -1
    outer loop
      vertex 11.4549 8.24472 0
      vertex 5 0 0
      vertex 10.9663 8.43227 0
    endloop
  endfacet
  facet normal -0 0 -1
    outer loop
      vertex 11.9604 8.10926 0
      vertex 5 0 0
      vertex 11.4549 8.24472 0
    endloop
  endfacet
  facet normal -0 0 -1
    outer loop
      vertex 12.4774 8.02739 0
      vertex 5 0 0
      vertex 11.9604 8.10926 0
    endloop
  endfacet
  facet normal -0 0 -1
    outer loop
      vertex 13 8 0
      vertex 5 0 0
      vertex 12.4774 8.02739 0
    endloop
  endfacet
  facet normal 0 0 -1
    outer loop
      vertex 75.0451 89.9389 0
      vertex 71 92 0
      vertex 74.7157 90.3456 0
    endloop
  endfacet
  facet normal 0 0 -1
    outer loop
      vertex 74.7157 90.3456 0
      vertex 71 92 0
      vertex 74.3456 90.7157 0
    endloop
  endfacet
  facet normal 0 0 -1
    outer loop
      vertex 74.3456 90.7157 0
      vertex 71 92 0
      vertex 73.9389 91.0451 0
    endloop
  endfacet
  facet normal 0 0 -1
    outer loop
      vertex 73.9389 91.0451 0
      vertex 71 92 0
      vertex 73.5 91.3301 0
    endloop
  endfacet
  facet normal 0 0 -1
    outer loop
      vertex 73.5 91.3301 0
      vertex 71 92 0
      vertex 73.0337 91.5677 0
    endloop
  endfacet
  facet normal 0 0 -1
    outer loop
      vertex 73.0337 91.5677 0
      vertex 71 92 0
      vertex 72.5451 91.7553 0
    endloop
  endfacet
  facet normal 0 0 -1
    outer loop
      vertex 72.5451 91.7553 0
      vertex 71 92 0
      vertex 72.0396 91.8907 0
    endloop
  endfacet
  facet normal 0 0 -1
    outer loop
      vertex 72.0396 91.8907 0
      vertex 71 92 0
      vertex 71.5226 91.9726 0
    endloop
  endfacet
  facet normal 0 0 -1
    outer loop
      vertex 66.3456 82.7157 0
      vertex 71 92 0
      vertex 66.7157 82.3456 0
    endloop
  endfacet
  facet normal 0 0 -1
    outer loop
      vertex 65.9389 83.0451 0
      vertex 71 92 0
      vertex 66.3456 82.7157 0
    endloop
  endfacet
  facet normal 0 0 -1
    outer loop
      vertex 65.5 83.3301 0
      vertex 71 92 0
      vertex 65.9389 83.0451 0
    endloop
  endfacet
  facet normal 0 0 -1
    outer loop
      vertex 65.0337 83.5677 0
      vertex 71 92 0
      vertex 65.5 83.3301 0
    endloop
  endfacet
  facet normal 0 0 -1
    outer loop
      vertex 64.5451 83.7553 0
      vertex 71 92 0
      vertex 65.0337 83.5677 0
    endloop
  endfacet
  facet normal 0 0 -1
    outer loop
      vertex 64.0396 83.8907 0
      vertex 71 92 0
      vertex 64.5451 83.7553 0
    endloop
  endfacet
  facet normal 0 0 -1
    outer loop
      vertex 63.5226 83.9726 0
      vertex 71 92 0
      vertex 64.0396 83.8907 0
    endloop
  endfacet
  facet normal 0 0 -1
    outer loop
      vertex 63 84 0
      vertex 71 92 0
      vertex 63.5226 83.9726 0
    endloop
  endfacet
  facet normal 0 0 -1
    outer loop
      vertex 62.4774 83.9726 0
      vertex 71 92 0
      vertex 63 84 0
    endloop
  endfacet
  facet normal 0 0 -1
    outer loop
      vertex 61.9604 83.8907 0
      vertex 71 92 0
      vertex 62.4774 83.9726 0
    endloop
  endfacet
  facet normal 0 0 -1
    outer loop
      vertex 61.4549 83.7553 0
      vertex 71 92 0
      vertex 61.9604 83.8907 0
    endloop
  endfacet
  facet normal 0 0 -1
    outer loop
      vertex 44 92 0
      vertex 61.4549 83.7553 0
      vertex 60.9663 83.5677 0
    endloop
  endfacet
  facet normal 0 0 -1
    outer loop
      vertex 44 92 0
      vertex 60.9663 83.5677 0
      vertex 60.5 83.3301 0
    endloop
  endfacet
  facet normal 0 0 -1
    outer loop
      vertex 44 92 0
      vertex 60.5 83.3301 0
      vertex 60.0611 83.0451 0
    endloop
  endfacet
  facet normal 0 0 -1
    outer loop
      vertex 44 92 0
      vertex 60.0611 83.0451 0
      vertex 59.6543 82.7157 0
    endloop
  endfacet
  facet normal 0 0 -1
    outer loop
      vertex 44 89 0
      vertex 58.0274 79.5226 0
      vertex 58 79 0
    endloop
  endfacet
  facet normal 0 0 -1
    outer loop
      vertex 44 89 0
      vertex 58.1093 80.0396 0
      vertex 58.0274 79.5226 0
    endloop
  endfacet
  facet normal 0 0 -1
    outer loop
      vertex 44 89 0
      vertex 58.2447 80.5451 0
      vertex 58.1093 80.0396 0
    endloop
  endfacet
  facet normal 0 0 -1
    outer loop
      vertex 44 89 0
      vertex 58.4323 81.0337 0
      vertex 58.2447 80.5451 0
    endloop
  endfacet
  facet normal 0 0 -1
    outer loop
      vertex 44 89 0
      vertex 58.6699 81.5 0
      vertex 58.4323 81.0337 0
    endloop
  endfacet
  facet normal 0 0 -1
    outer loop
      vertex 44 89 0
      vertex 58.9549 81.9389 0
      vertex 58.6699 81.5 0
    endloop
  endfacet
  facet normal 0 0 -1
    outer loop
      vertex 44 89 0
      vertex 59.2843 82.3456 0
      vertex 58.9549 81.9389 0
    endloop
  endfacet
  facet normal 0 0 -1
    outer loop
      vertex 44 89 0
      vertex 59.6543 82.7157 0
      vertex 59.2843 82.3456 0
    endloop
  endfacet
  facet normal 0 0 -1
    outer loop
      vertex 44 92 0
      vertex 59.6543 82.7157 0
      vertex 44 89 0
    endloop
  endfacet
  facet normal 0 0 -1
    outer loop
      vertex 61.4549 83.7553 0
      vertex 44 92 0
      vertex 71 92 0
    endloop
  endfacet
  facet normal 0 0 -1
    outer loop
      vertex 17.9726 79.5226 0
      vertex 32 89 0
      vertex 18 79 0
    endloop
  endfacet
  facet normal 0 0 -1
    outer loop
      vertex 17.8907 80.0396 0
      vertex 32 89 0
      vertex 17.9726 79.5226 0
    endloop
  endfacet
  facet normal 0 0 -1
    outer loop
      vertex 17.7553 80.5451 0
      vertex 32 89 0
      vertex 17.8907 80.0396 0
    endloop
  endfacet
  facet normal 0 0 -1
    outer loop
      vertex 17.5677 81.0337 0
      vertex 32 89 0
      vertex 17.7553 80.5451 0
    endloop
  endfacet
  facet normal 0 0 -1
    outer loop
      vertex 17.3301 81.5 0
      vertex 32 89 0
      vertex 17.5677 81.0337 0
    endloop
  endfacet
  facet normal 0 0 -1
    outer loop
      vertex 17.0451 81.9389 0
      vertex 32 89 0
      vertex 17.3301 81.5 0
    endloop
  endfacet
  facet normal 0 0 -1
    outer loop
      vertex 16.7157 82.3456 0
      vertex 32 89 0
      vertex 17.0451 81.9389 0
    endloop
  endfacet
  facet normal 0 0 -1
    outer loop
      vertex 16.3457 82.7157 0
      vertex 32 89 0
      vertex 16.7157 82.3456 0
    endloop
  endfacet
  facet normal -0 0 -1
    outer loop
      vertex 32 89 0
      vertex 16.3457 82.7157 0
      vertex 32 92 0
    endloop
  endfacet
  facet normal 0 0 -1
    outer loop
      vertex 15.9389 83.0451 0
      vertex 32 92 0
      vertex 16.3457 82.7157 0
    endloop
  endfacet
  facet normal 0 0 -1
    outer loop
      vertex 15.5 83.3301 0
      vertex 32 92 0
      vertex 15.9389 83.0451 0
    endloop
  endfacet
  facet normal 0 0 -1
    outer loop
      vertex 15.0337 83.5677 0
      vertex 32 92 0
      vertex 15.5 83.3301 0
    endloop
  endfacet
  facet normal 0 0 -1
    outer loop
      vertex 14.5451 83.7553 0
      vertex 32 92 0
      vertex 15.0337 83.5677 0
    endloop
  endfacet
  facet normal 0 0 -1
    outer loop
      vertex 5 92 0
      vertex 14.5451 83.7553 0
      vertex 14.0396 83.8907 0
    endloop
  endfacet
  facet normal 0 0 -1
    outer loop
      vertex 5 92 0
      vertex 14.0396 83.8907 0
      vertex 13.5226 83.9726 0
    endloop
  endfacet
  facet normal 0 0 -1
    outer loop
      vertex 5 92 0
      vertex 13.5226 83.9726 0
      vertex 13 84 0
    endloop
  endfacet
  facet normal 0 0 -1
    outer loop
      vertex 5 92 0
      vertex 13 84 0
      vertex 12.4774 83.9726 0
    endloop
  endfacet
  facet normal 0 0 -1
    outer loop
      vertex 5 92 0
      vertex 12.4774 83.9726 0
      vertex 11.9604 83.8907 0
    endloop
  endfacet
  facet normal 0 0 -1
    outer loop
      vertex 5 92 0
      vertex 11.9604 83.8907 0
      vertex 11.4549 83.7553 0
    endloop
  endfacet
  facet normal 0 0 -1
    outer loop
      vertex 5 92 0
      vertex 11.4549 83.7553 0
      vertex 10.9663 83.5677 0
    endloop
  endfacet
  facet normal 0 0 -1
    outer loop
      vertex 14.5451 83.7553 0
      vertex 5 92 0
      vertex 32 92 0
    endloop
  endfacet
  facet normal 0 0 -1
    outer loop
      vertex 10.5 83.3301 0
      vertex 5 92 0
      vertex 10.9663 83.5677 0
    endloop
  endfacet
  facet normal 0 0 -1
    outer loop
      vertex 10.0611 83.0451 0
      vertex 5 92 0
      vertex 10.5 83.3301 0
    endloop
  endfacet
  facet normal 0 0 -1
    outer loop
      vertex 9.65435 82.7157 0
      vertex 5 92 0
      vertex 10.0611 83.0451 0
    endloop
  endfacet
  facet normal 0 0 -1
    outer loop
      vertex 9.28428 82.3456 0
      vertex 5 92 0
      vertex 9.65435 82.7157 0
    endloop
  endfacet
  facet normal 0 0 -1
    outer loop
      vertex 0 87 0
      vertex 9.28428 82.3456 0
      vertex 8.95491 81.9389 0
    endloop
  endfacet
  facet normal 0 0 -1
    outer loop
      vertex 0 87 0
      vertex 8.95491 81.9389 0
      vertex 8.66987 81.5 0
    endloop
  endfacet
  facet normal 0 0 -1
    outer loop
      vertex 0 87 0
      vertex 8.66987 81.5 0
      vertex 8.43227 81.0337 0
    endloop
  endfacet
  facet normal 0 0 -1
    outer loop
      vertex 0 87 0
      vertex 8.43227 81.0337 0
      vertex 8.24472 80.5451 0
    endloop
  endfacet
  facet normal 0 0 -1
    outer loop
      vertex 0 87 0
      vertex 8.24472 80.5451 0
      vertex 8.10926 80.0396 0
    endloop
  endfacet
  facet normal 0 0 -1
    outer loop
      vertex 0 87 0
      vertex 8.10926 80.0396 0
      vertex 8.02739 79.5226 0
    endloop
  endfacet
  facet normal 0 0 -1
    outer loop
      vertex 0 87 0
      vertex 8.02739 79.5226 0
      vertex 8 79 0
    endloop
  endfacet
  facet normal 0 0 -1
    outer loop
      vertex 8.10926 77.9604 0
      vertex 0 87 0
      vertex 8.02739 78.4774 0
    endloop
  endfacet
  facet normal 0 0 -1
    outer loop
      vertex 0 5 0
      vertex 5 0 0
      vertex 4.47736 0.0273905 0
    endloop
  endfacet
  facet normal 0 0 -1
    outer loop
      vertex 8.02739 78.4774 0
      vertex 0 87 0
      vertex 8 79 0
    endloop
  endfacet
  facet normal 0 0 -1
    outer loop
      vertex 0 5 0
      vertex 4.47736 0.0273905 0
      vertex 3.96044 0.109262 0
    endloop
  endfacet
  facet normal 0 0 -1
    outer loop
      vertex 9.28428 82.3456 0
      vertex 0 87 0
      vertex 5 92 0
    endloop
  endfacet
  facet normal 0 0 -1
    outer loop
      vertex 0 5 0
      vertex 3.96044 0.109262 0
      vertex 3.45491 0.244717 0
    endloop
  endfacet
  facet normal 0 0 -1
    outer loop
      vertex 5 92 0
      vertex 0 87 0
      vertex 4.47736 91.9726 0
    endloop
  endfacet
  facet normal 0 0 -1
    outer loop
      vertex 0 5 0
      vertex 3.45491 0.244717 0
      vertex 2.96632 0.432272 0
    endloop
  endfacet
  facet normal 0 0 -1
    outer loop
      vertex 4.47736 91.9726 0
      vertex 0 87 0
      vertex 3.96044 91.8907 0
    endloop
  endfacet
  facet normal 0 0 -1
    outer loop
      vertex 0 5 0
      vertex 2.96632 0.432272 0
      vertex 2.5 0.669872 0
    endloop
  endfacet
  facet normal 0 0 -1
    outer loop
      vertex 3.96044 91.8907 0
      vertex 0 87 0
      vertex 3.45491 91.7553 0
    endloop
  endfacet
  facet normal 0 0 -1
    outer loop
      vertex 0 5 0
      vertex 2.5 0.669872 0
      vertex 2.06107 0.954914 0
    endloop
  endfacet
  facet normal 0 0 -1
    outer loop
      vertex 3.45491 91.7553 0
      vertex 0 87 0
      vertex 2.96632 91.5677 0
    endloop
  endfacet
  facet normal 0 0 -1
    outer loop
      vertex 0 5 0
      vertex 2.06107 0.954914 0
      vertex 1.65435 1.28428 0
    endloop
  endfacet
  facet normal 0 0 -1
    outer loop
      vertex 2.96632 91.5677 0
      vertex 0 87 0
      vertex 2.5 91.3301 0
    endloop
  endfacet
  facet normal 0 0 -1
    outer loop
      vertex 0 5 0
      vertex 1.65435 1.28428 0
      vertex 1.28428 1.65435 0
    endloop
  endfacet
  facet normal 0 0 -1
    outer loop
      vertex 2.5 91.3301 0
      vertex 0 87 0
      vertex 2.06107 91.0451 0
    endloop
  endfacet
  facet normal 0 0 -1
    outer loop
      vertex 0 5 0
      vertex 1.28428 1.65435 0
      vertex 0.954914 2.06107 0
    endloop
  endfacet
  facet normal 0 0 -1
    outer loop
      vertex 2.06107 91.0451 0
      vertex 0 87 0
      vertex 1.65435 90.7157 0
    endloop
  endfacet
  facet normal 0 0 -1
    outer loop
      vertex 0 5 0
      vertex 0.954914 2.06107 0
      vertex 0.669872 2.5 0
    endloop
  endfacet
  facet normal 0 0 -1
    outer loop
      vertex 1.65435 90.7157 0
      vertex 0 87 0
      vertex 1.28428 90.3456 0
    endloop
  endfacet
  facet normal 0 0 -1
    outer loop
      vertex 0 5 0
      vertex 0.669872 2.5 0
      vertex 0.432272 2.96632 0
    endloop
  endfacet
  facet normal 0 0 -1
    outer loop
      vertex 1.28428 90.3456 0
      vertex 0 87 0
      vertex 0.954914 89.9389 0
    endloop
  endfacet
  facet normal 0 0 -1
    outer loop
      vertex 0 5 0
      vertex 0.432272 2.96632 0
      vertex 0.244717 3.45491 0
    endloop
  endfacet
  facet normal 0 0 -1
    outer loop
      vertex 0.954914 89.9389 0
      vertex 0 87 0
      vertex 0.669872 89.5 0
    endloop
  endfacet
  facet normal 0 0 -1
    outer loop
      vertex 0 5 0
      vertex 0.244717 3.45491 0
      vertex 0.109262 3.96044 0
    endloop
  endfacet
  facet normal 0 0 -1
    outer loop
      vertex 0.669872 89.5 0
      vertex 0 87 0
      vertex 0.432272 89.0337 0
    endloop
  endfacet
  facet normal 0 0 -1
    outer loop
      vertex 0 5 0
      vertex 0.109262 3.96044 0
      vertex 0.0273905 4.47736 0
    endloop
  endfacet
  facet normal 0 0 -1
    outer loop
      vertex 0.432272 89.0337 0
      vertex 0 87 0
      vertex 0.244717 88.5451 0
    endloop
  endfacet
  facet normal 0 0 -1
    outer loop
      vertex 0.244717 88.5451 0
      vertex 0 87 0
      vertex 0.109262 88.0396 0
    endloop
  endfacet
  facet normal 0 0 -1
    outer loop
      vertex 0.109262 88.0396 0
      vertex 0 87 0
      vertex 0.0273905 87.5226 0
    endloop
  endfacet
  facet normal 0.933552 0.358441 0
    outer loop
      vertex 75.7553 88.5451 2
      vertex 75.5677 89.0337 0
      vertex 75.5677 89.0337 2
    endloop
  endfacet
  facet normal 0.933552 0.358441 0
    outer loop
      vertex 75.5677 89.0337 0
      vertex 75.7553 88.5451 2
      vertex 75.7553 88.5451 0
    endloop
  endfacet
  facet normal 0.891008 -0.453988 0
    outer loop
      vertex 75.3301 2.5 2
      vertex 75.5677 2.96632 0
      vertex 75.5677 2.96632 2
    endloop
  endfacet
  facet normal 0.891008 -0.453988 0
    outer loop
      vertex 75.5677 2.96632 0
      vertex 75.3301 2.5 2
      vertex 75.3301 2.5 0
    endloop
  endfacet
  facet normal -0.358448 0.93355 0
    outer loop
      vertex 3.45491 91.7553 0
      vertex 2.96632 91.5677 2
      vertex 3.45491 91.7553 2
    endloop
  endfacet
  facet normal -0.358448 0.93355 0
    outer loop
      vertex 2.96632 91.5677 2
      vertex 3.45491 91.7553 0
      vertex 2.96632 91.5677 0
    endloop
  endfacet
  facet normal -0.987692 0.15641 0
    outer loop
      vertex 0.0273905 87.5226 0
      vertex 0.109262 88.0396 2
      vertex 0.109262 88.0396 0
    endloop
  endfacet
  facet normal -0.987692 0.15641 0
    outer loop
      vertex 0.109262 88.0396 2
      vertex 0.0273905 87.5226 0
      vertex 0.0273905 87.5226 2
    endloop
  endfacet
  facet normal 0.987684 0.156463 0
    outer loop
      vertex 75.9726 87.5226 2
      vertex 75.8907 88.0396 0
      vertex 75.8907 88.0396 2
    endloop
  endfacet
  facet normal 0.987684 0.156463 0
    outer loop
      vertex 75.8907 88.0396 0
      vertex 75.9726 87.5226 2
      vertex 75.9726 87.5226 0
    endloop
  endfacet
  facet normal 0.544662 -0.838656 0
    outer loop
      vertex 73.5 0.669872 0
      vertex 73.9389 0.954914 2
      vertex 73.5 0.669872 2
    endloop
  endfacet
  facet normal 0.544662 -0.838656 0
    outer loop
      vertex 73.9389 0.954914 2
      vertex 73.5 0.669872 0
      vertex 73.9389 0.954914 0
    endloop
  endfacet
  facet normal -0.933581 0.358366 0
    outer loop
      vertex 0.244717 88.5451 0
      vertex 0.432272 89.0337 2
      vertex 0.432272 89.0337 0
    endloop
  endfacet
  facet normal -0.933581 0.358366 0
    outer loop
      vertex 0.432272 89.0337 2
      vertex 0.244717 88.5451 0
      vertex 0.244717 88.5451 2
    endloop
  endfacet
  facet normal 0.454003 0.891 -0
    outer loop
      vertex 73.5 91.3301 0
      vertex 73.0337 91.5677 2
      vertex 73.5 91.3301 2
    endloop
  endfacet
  facet normal 0.454003 0.891 0
    outer loop
      vertex 73.0337 91.5677 2
      vertex 73.5 91.3301 0
      vertex 73.0337 91.5677 0
    endloop
  endfacet
  facet normal 0.98768 -0.156486 0
    outer loop
      vertex 75.8907 3.96044 2
      vertex 75.9726 4.47736 0
      vertex 75.9726 4.47736 2
    endloop
  endfacet
  facet normal 0.98768 -0.156486 0
    outer loop
      vertex 75.9726 4.47736 0
      vertex 75.8907 3.96044 2
      vertex 75.8907 3.96044 0
    endloop
  endfacet
  facet normal -0.544579 0.838709 0
    outer loop
      vertex 2.5 91.3301 0
      vertex 2.06107 91.0451 2
      vertex 2.5 91.3301 2
    endloop
  endfacet
  facet normal -0.544579 0.838709 0
    outer loop
      vertex 2.06107 91.0451 2
      vertex 2.5 91.3301 0
      vertex 2.06107 91.0451 0
    endloop
  endfacet
  facet normal 0.777089 0.629391 0
    outer loop
      vertex 75.0451 89.9389 2
      vertex 74.7157 90.3456 0
      vertex 74.7157 90.3456 2
    endloop
  endfacet
  facet normal 0.777089 0.629391 0
    outer loop
      vertex 74.7157 90.3456 0
      vertex 75.0451 89.9389 2
      vertex 75.0451 89.9389 0
    endloop
  endfacet
  facet normal -0.891 0.454003 0
    outer loop
      vertex 0.432272 89.0337 0
      vertex 0.669872 89.5 2
      vertex 0.669872 89.5 0
    endloop
  endfacet
  facet normal -0.891 0.454003 0
    outer loop
      vertex 0.669872 89.5 2
      vertex 0.432272 89.0337 0
      vertex 0.432272 89.0337 2
    endloop
  endfacet
  facet normal 0.544605 0.838692 -0
    outer loop
      vertex 73.9389 91.0451 0
      vertex 73.5 91.3301 2
      vertex 73.9389 91.0451 2
    endloop
  endfacet
  facet normal 0.544605 0.838692 0
    outer loop
      vertex 73.5 91.3301 2
      vertex 73.9389 91.0451 0
      vertex 73.5 91.3301 0
    endloop
  endfacet
  facet normal 0.0523401 -0.998629 0
    outer loop
      vertex 71 0 0
      vertex 71.5226 0.0273905 2
      vertex 71 0 2
    endloop
  endfacet
  facet normal 0.0523401 -0.998629 0
    outer loop
      vertex 71.5226 0.0273905 2
      vertex 71 0 0
      vertex 71.5226 0.0273905 0
    endloop
  endfacet
  facet normal -0.0523361 -0.99863 0
    outer loop
      vertex 4.47736 0.0273905 0
      vertex 5 0 2
      vertex 4.47736 0.0273905 2
    endloop
  endfacet
  facet normal -0.0523361 -0.99863 -0
    outer loop
      vertex 5 0 2
      vertex 4.47736 0.0273905 0
      vertex 5 0 0
    endloop
  endfacet
  facet normal -1 0 0
    outer loop
      vertex 44 89 0
      vertex 44 92 1.3
      vertex 44 92 0
    endloop
  endfacet
  facet normal -1 -0 0
    outer loop
      vertex 44 92 1.3
      vertex 44 89 0
      vertex 44 89 1.3
    endloop
  endfacet
  facet normal 0 0 -1
    outer loop
      vertex 32 89 1.3
      vertex 44 92 1.3
      vertex 44 89 1.3
    endloop
  endfacet
  facet normal -0 0 -1
    outer loop
      vertex 44 92 1.3
      vertex 32 89 1.3
      vertex 32 92 1.3
    endloop
  endfacet
  facet normal 1 -0 0
    outer loop
      vertex 32 89 1.3
      vertex 32 92 0
      vertex 32 92 1.3
    endloop
  endfacet
  facet normal 1 0 0
    outer loop
      vertex 32 92 0
      vertex 32 89 1.3
      vertex 32 89 0
    endloop
  endfacet
  facet normal 0 1 -0
    outer loop
      vertex 44 89 0
      vertex 32 89 1.3
      vertex 44 89 1.3
    endloop
  endfacet
  facet normal 0 1 0
    outer loop
      vertex 32 89 1.3
      vertex 44 89 0
      vertex 32 89 0
    endloop
  endfacet
  facet normal 0 -1 0
    outer loop
      vertex 2.4 15.5 2
      vertex 3.8 15.5 6.6
      vertex 2.4 15.5 6.6
    endloop
  endfacet
  facet normal 0 -1 -0
    outer loop
      vertex 3.8 15.5 6.6
      vertex 2.4 15.5 2
      vertex 3.8 15.5 2
    endloop
  endfacet
  facet normal 0 1 -0
    outer loop
      vertex 3.8 14.5 2
      vertex 2.4 14.5 6.6
      vertex 3.8 14.5 6.6
    endloop
  endfacet
  facet normal 0 1 0
    outer loop
      vertex 2.4 14.5 6.6
      vertex 3.8 14.5 2
      vertex 2.4 14.5 2
    endloop
  endfacet
  facet normal 0 -1 0
    outer loop
      vertex 2.4 25.5 2
      vertex 3.8 25.5 6.6
      vertex 2.4 25.5 6.6
    endloop
  endfacet
  facet normal 0 -1 -0
    outer loop
      vertex 3.8 25.5 6.6
      vertex 2.4 25.5 2
      vertex 3.8 25.5 2
    endloop
  endfacet
  facet normal 0 1 0
    outer loop
      vertex 3.8 24.5 6.6
      vertex 2.9 24.5 5.6
      vertex 2.4 24.5 6.6
    endloop
  endfacet
  facet normal 0 1 0
    outer loop
      vertex 3.8 24.5 6.6
      vertex 2.9 24.5 4.6
      vertex 2.9 24.5 5.6
    endloop
  endfacet
  facet normal 0 1 -0
    outer loop
      vertex 3.8 24.5 2
      vertex 2.9 24.5 4.6
      vertex 3.8 24.5 6.6
    endloop
  endfacet
  facet normal 0 1 0
    outer loop
      vertex 2.4 24.5 2
      vertex 2.9 24.5 4.6
      vertex 3.8 24.5 2
    endloop
  endfacet
  facet normal 0 1 0
    outer loop
      vertex 2.9 24.5 4.6
      vertex 2.4 24.5 2
      vertex 2.4 24.5 4.6
    endloop
  endfacet
  facet normal 0 1 0
    outer loop
      vertex 2.4 24.5 6.6
      vertex 2.9 24.5 5.6
      vertex 2.4 24.5 5.6
    endloop
  endfacet
  facet normal 0 -1 0
    outer loop
      vertex 72.2 15.5 2
      vertex 73.6 15.5 6.6
      vertex 72.2 15.5 6.6
    endloop
  endfacet
  facet normal 0 -1 -0
    outer loop
      vertex 73.6 15.5 6.6
      vertex 72.2 15.5 2
      vertex 73.6 15.5 2
    endloop
  endfacet
  facet normal 0 1 -0
    outer loop
      vertex 73.6 14.5 2
      vertex 72.2 14.5 6.6
      vertex 73.6 14.5 6.6
    endloop
  endfacet
  facet normal 0 1 0
    outer loop
      vertex 72.2 14.5 6.6
      vertex 73.6 14.5 2
      vertex 72.2 14.5 2
    endloop
  endfacet
  facet normal 0 -1 0
    outer loop
      vertex 72.2 25.5 2
      vertex 73.6 25.5 6.6
      vertex 72.2 25.5 6.6
    endloop
  endfacet
  facet normal 0 -1 -0
    outer loop
      vertex 73.6 25.5 6.6
      vertex 72.2 25.5 2
      vertex 73.6 25.5 2
    endloop
  endfacet
  facet normal 0 1 0
    outer loop
      vertex 73.6 24.5 4.6
      vertex 73.6 24.5 2
      vertex 73.1 24.5 4.6
    endloop
  endfacet
  facet normal 0 1 0
    outer loop
      vertex 73.1 24.5 5.6
      vertex 73.6 24.5 6.6
      vertex 73.6 24.5 5.6
    endloop
  endfacet
  facet normal 0 1 0
    outer loop
      vertex 73.6 24.5 6.6
      vertex 73.1 24.5 5.6
      vertex 72.2 24.5 6.6
    endloop
  endfacet
  facet normal 0 1 -0
    outer loop
      vertex 73.1 24.5 4.6
      vertex 72.2 24.5 6.6
      vertex 73.1 24.5 5.6
    endloop
  endfacet
  facet normal 0 1 0
    outer loop
      vertex 72.2 24.5 2
      vertex 73.1 24.5 4.6
      vertex 73.6 24.5 2
    endloop
  endfacet
  facet normal 0 1 0
    outer loop
      vertex 73.1 24.5 4.6
      vertex 72.2 24.5 2
      vertex 72.2 24.5 6.6
    endloop
  endfacet
  facet normal 0 -1 0
    outer loop
      vertex 2.4 78.5 2
      vertex 3.8 78.5 6.6
      vertex 2.4 78.5 6.6
    endloop
  endfacet
  facet normal 0 -1 -0
    outer loop
      vertex 3.8 78.5 6.6
      vertex 2.4 78.5 2
      vertex 3.8 78.5 2
    endloop
  endfacet
  facet normal 0 1 -0
    outer loop
      vertex 3.8 77.5 2
      vertex 2.4 77.5 6.6
      vertex 3.8 77.5 6.6
    endloop
  endfacet
  facet normal 0 1 0
    outer loop
      vertex 2.4 77.5 6.6
      vertex 3.8 77.5 2
      vertex 2.4 77.5 2
    endloop
  endfacet
  facet normal -1 0 0
    outer loop
      vertex 4.4 88.0392 2
      vertex 4.4 88.5 6.6
      vertex 4.4 88.5 2
    endloop
  endfacet
  facet normal -1 -0 0
    outer loop
      vertex 4.4 88.5 6.6
      vertex 4.4 88.0392 2
      vertex 4.4 88.0392 6.6
    endloop
  endfacet
  facet normal 0 -1 0
    outer loop
      vertex 2.87821 88.5 2
      vertex 4.4 88.5 6.6
      vertex 2.87821 88.5 6.6
    endloop
  endfacet
  facet normal 0 -1 -0
    outer loop
      vertex 4.4 88.5 6.6
      vertex 2.87821 88.5 2
      vertex 4.4 88.5 2
    endloop
  endfacet
  facet normal 0 1 0
    outer loop
      vertex 3.90982 87.5 6.6
      vertex 2.9 87.5 5.6
      vertex 2.45039 87.5 6.6
    endloop
  endfacet
  facet normal 0 1 0
    outer loop
      vertex 3.90982 87.5 6.6
      vertex 2.9 87.5 4.6
      vertex 2.9 87.5 5.6
    endloop
  endfacet
  facet normal 0 1 -0
    outer loop
      vertex 3.90982 87.5 2
      vertex 2.9 87.5 4.6
      vertex 3.90982 87.5 6.6
    endloop
  endfacet
  facet normal 0 1 0
    outer loop
      vertex 2.45039 87.5 2
      vertex 2.9 87.5 4.6
      vertex 3.90982 87.5 2
    endloop
  endfacet
  facet normal 0 1 0
    outer loop
      vertex 2.9 87.5 4.6
      vertex 2.45039 87.5 2
      vertex 2.45039 87.5 4.6
    endloop
  endfacet
  facet normal 0 1 0
    outer loop
      vertex 2.45039 87.5 6.6
      vertex 2.9 87.5 5.6
      vertex 2.45039 87.5 5.6
    endloop
  endfacet
  facet normal 0 -1 0
    outer loop
      vertex 72.2 78.5 2
      vertex 73.6 78.5 6.6
      vertex 72.2 78.5 6.6
    endloop
  endfacet
  facet normal 0 -1 -0
    outer loop
      vertex 73.6 78.5 6.6
      vertex 72.2 78.5 2
      vertex 73.6 78.5 2
    endloop
  endfacet
  facet normal 0 1 -0
    outer loop
      vertex 73.6 77.5 2
      vertex 72.2 77.5 6.6
      vertex 73.6 77.5 6.6
    endloop
  endfacet
  facet normal 0 1 0
    outer loop
      vertex 72.2 77.5 6.6
      vertex 73.6 77.5 2
      vertex 72.2 77.5 2
    endloop
  endfacet
  facet normal 1 -0 0
    outer loop
      vertex 71.6 88.0392 6.6
      vertex 71.6 88.5 2
      vertex 71.6 88.5 6.6
    endloop
  endfacet
  facet normal 1 0 0
    outer loop
      vertex 71.6 88.5 2
      vertex 71.6 88.0392 6.6
      vertex 71.6 88.0392 2
    endloop
  endfacet
  facet normal 0 -1 0
    outer loop
      vertex 71.6 88.5 2
      vertex 73.1218 88.5 6.6
      vertex 71.6 88.5 6.6
    endloop
  endfacet
  facet normal 0 -1 -0
    outer loop
      vertex 73.1218 88.5 6.6
      vertex 71.6 88.5 2
      vertex 73.1218 88.5 2
    endloop
  endfacet
  facet normal 0 1 0
    outer loop
      vertex 73.5496 87.5 4.6
      vertex 73.5496 87.5 2
      vertex 73.1 87.5 4.6
    endloop
  endfacet
  facet normal 0 1 0
    outer loop
      vertex 73.1 87.5 5.6
      vertex 73.5496 87.5 6.6
      vertex 73.5496 87.5 5.6
    endloop
  endfacet
  facet normal 0 1 0
    outer loop
      vertex 73.5496 87.5 6.6
      vertex 73.1 87.5 5.6
      vertex 72.0902 87.5 6.6
    endloop
  endfacet
  facet normal 0 1 -0
    outer loop
      vertex 73.1 87.5 4.6
      vertex 72.0902 87.5 6.6
      vertex 73.1 87.5 5.6
    endloop
  endfacet
  facet normal 0 1 0
    outer loop
      vertex 72.0902 87.5 2
      vertex 73.1 87.5 4.6
      vertex 73.5496 87.5 2
    endloop
  endfacet
  facet normal 0 1 0
    outer loop
      vertex 73.1 87.5 4.6
      vertex 72.0902 87.5 2
      vertex 72.0902 87.5 6.6
    endloop
  endfacet
  facet normal -0.838172 0.545406 0
    outer loop
      vertex 2.87821 88.5 2
      vertex 2.89656 88.5282 6.6
      vertex 2.89656 88.5282 2
    endloop
  endfacet
  facet normal -0.838172 0.545406 0
    outer loop
      vertex 2.89656 88.5282 6.6
      vertex 2.87821 88.5 2
      vertex 2.87821 88.5 6.6
    endloop
  endfacet
  facet normal 0.156529 0.987673 -0
    outer loop
      vertex 71.5406 89.5432 2
      vertex 71.2718 89.5858 6.6
      vertex 71.5406 89.5432 6.6
    endloop
  endfacet
  facet normal 0.156529 0.987673 0
    outer loop
      vertex 71.2718 89.5858 6.6
      vertex 71.5406 89.5432 2
      vertex 71.2718 89.5858 2
    endloop
  endfacet
  facet normal 0 -1 0
    outer loop
      vertex 43.5 2.4 2
      vertex 71 2.4 6.6
      vertex 43.5 2.4 6.6
    endloop
  endfacet
  facet normal 0 -1 -0
    outer loop
      vertex 71 2.4 6.6
      vertex 43.5 2.4 2
      vertex 71 2.4 2
    endloop
  endfacet
  facet normal 0 -1 0
    outer loop
      vertex 5 2.4 2
      vertex 32.5 2.4 6.6
      vertex 5 2.4 6.6
    endloop
  endfacet
  facet normal 0 -1 -0
    outer loop
      vertex 32.5 2.4 6.6
      vertex 5 2.4 2
      vertex 32.5 2.4 2
    endloop
  endfacet
  facet normal 0 -1 0
    outer loop
      vertex 33.5 2.4 2
      vertex 42.5 2.4 4.6
      vertex 33.5 2.4 4.6
    endloop
  endfacet
  facet normal 0 -1 -0
    outer loop
      vertex 42.5 2.4 4.6
      vertex 33.5 2.4 2
      vertex 42.5 2.4 2
    endloop
  endfacet
  facet normal 0 -1 0
    outer loop
      vertex 33.5 2.4 5.6
      vertex 42.5 2.4 6.6
      vertex 33.5 2.4 6.6
    endloop
  endfacet
  facet normal 0 -1 -0
    outer loop
      vertex 42.5 2.4 6.6
      vertex 33.5 2.4 5.6
      vertex 42.5 2.4 5.6
    endloop
  endfacet
  facet normal -0 0 0
    outer loop
      vertex 33.5 2.4 5.6
      vertex 33.5 2.4 6.6
      vertex 33.5 2.4 2
    endloop
  endfacet
  facet normal 0 0 0
    outer loop
      vertex 33.5 2.4 2
      vertex 33.5 2.4 4.6
      vertex 33.5 2.4 5.6
    endloop
  endfacet
  facet normal 0 1 -0
    outer loop
      vertex 32.5 89.6 2
      vertex 5 89.6 6.6
      vertex 32.5 89.6 6.6
    endloop
  endfacet
  facet normal 0 1 0
    outer loop
      vertex 5 89.6 6.6
      vertex 32.5 89.6 2
      vertex 5 89.6 2
    endloop
  endfacet
  facet normal 0 1 -0
    outer loop
      vertex 71 89.6 2
      vertex 43.5 89.6 6.6
      vertex 71 89.6 6.6
    endloop
  endfacet
  facet normal 0 1 0
    outer loop
      vertex 43.5 89.6 6.6
      vertex 71 89.6 2
      vertex 43.5 89.6 2
    endloop
  endfacet
  facet normal 0 1 -0
    outer loop
      vertex 42.5 89.6 2
      vertex 33.5 89.6 4.6
      vertex 42.5 89.6 4.6
    endloop
  endfacet
  facet normal 0 1 0
    outer loop
      vertex 33.5 89.6 4.6
      vertex 42.5 89.6 2
      vertex 33.5 89.6 2
    endloop
  endfacet
  facet normal 0 1 -0
    outer loop
      vertex 42.5 89.6 5.6
      vertex 33.5 89.6 6.6
      vertex 42.5 89.6 6.6
    endloop
  endfacet
  facet normal 0 1 0
    outer loop
      vertex 33.5 89.6 6.6
      vertex 42.5 89.6 5.6
      vertex 33.5 89.6 5.6
    endloop
  endfacet
  facet normal 0 0 0
    outer loop
      vertex 33.5 89.6 5.6
      vertex 33.5 89.6 4.6
      vertex 33.5 89.6 2
    endloop
  endfacet
  facet normal 0 -0 0
    outer loop
      vertex 33.5 89.6 5.6
      vertex 33.5 89.6 2
      vertex 33.5 89.6 6.6
    endloop
  endfacet
  facet normal 0.453816 0.891096 -0
    outer loop
      vertex 72.3 89.2517 2
      vertex 72.0575 89.3752 6.6
      vertex 72.3 89.2517 6.6
    endloop
  endfacet
  facet normal 0.453816 0.891096 0
    outer loop
      vertex 72.0575 89.3752 6.6
      vertex 72.3 89.2517 2
      vertex 72.0575 89.3752 2
    endloop
  endfacet
  facet normal 1 -0 0
    outer loop
      vertex 73.6 78.5 4.6
      vertex 73.6 87 2
      vertex 73.6 87 4.6
    endloop
  endfacet
  facet normal 1 0 0
    outer loop
      vertex 73.6 87 2
      vertex 73.6 78.5 4.6
      vertex 73.6 78.5 2
    endloop
  endfacet
  facet normal 1 -0 0
    outer loop
      vertex 73.6 78.5 6.6
      vertex 73.6 87 5.6
      vertex 73.6 87 6.6
    endloop
  endfacet
  facet normal 1 0 0
    outer loop
      vertex 73.6 87 5.6
      vertex 73.6 78.5 6.6
      vertex 73.6 78.5 5.6
    endloop
  endfacet
  facet normal -0 0 0
    outer loop
      vertex 73.6 78.5 5.6
      vertex 73.6 78.5 6.6
      vertex 73.6 78.5 2
    endloop
  endfacet
  facet normal 0 0 0
    outer loop
      vertex 73.6 78.5 2
      vertex 73.6 78.5 4.6
      vertex 73.6 78.5 5.6
    endloop
  endfacet
  facet normal 1 -0 0
    outer loop
      vertex 73.6 5 6.6
      vertex 73.6 14.5 2
      vertex 73.6 14.5 6.6
    endloop
  endfacet
  facet normal 1 0 0
    outer loop
      vertex 73.6 14.5 2
      vertex 73.6 5 6.6
      vertex 73.6 5 2
    endloop
  endfacet
  facet normal 1 0 0
    outer loop
      vertex 73.6 24.5 6.6
      vertex 73.6 15.5 5.6
      vertex 73.6 24.5 5.6
    endloop
  endfacet
  facet normal -0 0 0
    outer loop
      vertex 73.6 15.5 5.6
      vertex 73.6 15.5 6.6
      vertex 73.6 15.5 4.6
    endloop
  endfacet
  facet normal 1 -0 0
    outer loop
      vertex 73.6 15.5 6.6
      vertex 73.6 15.5 5.6
      vertex 73.6 24.5 6.6
    endloop
  endfacet
  facet normal 1 -0 0
    outer loop
      vertex 73.6 15.5 4.6
      vertex 73.6 24.5 2
      vertex 73.6 24.5 4.6
    endloop
  endfacet
  facet normal 1 0 0
    outer loop
      vertex 73.6 15.5 4.6
      vertex 73.6 15.5 2
      vertex 73.6 24.5 2
    endloop
  endfacet
  facet normal 0 0 0
    outer loop
      vertex 73.6 15.5 2
      vertex 73.6 15.5 4.6
      vertex 73.6 15.5 6.6
    endloop
  endfacet
  facet normal 1 -0 0
    outer loop
      vertex 73.6 25.5 6.6
      vertex 73.6 77.5 2
      vertex 73.6 77.5 6.6
    endloop
  endfacet
  facet normal 1 0 0
    outer loop
      vertex 73.6 77.5 2
      vertex 73.6 25.5 6.6
      vertex 73.6 25.5 2
    endloop
  endfacet
  facet normal 0.998638 0.0521731 0
    outer loop
      vertex 73.6 87 4.6
      vertex 73.5858 87.2718 2
      vertex 73.5858 87.2718 4.6
    endloop
  endfacet
  facet normal 0.998638 0.0521731 0
    outer loop
      vertex 73.5858 87.2718 2
      vertex 73.6 87 4.6
      vertex 73.6 87 2
    endloop
  endfacet
  facet normal 0.998638 0.0521731 0
    outer loop
      vertex 73.6 87 6.6
      vertex 73.5858 87.2718 5.6
      vertex 73.5858 87.2718 6.6
    endloop
  endfacet
  facet normal 0.998638 0.0521731 0
    outer loop
      vertex 73.5858 87.2718 5.6
      vertex 73.6 87 6.6
      vertex 73.6 87 5.6
    endloop
  endfacet
  facet normal -0.965931 -0.258799 0
    outer loop
      vertex 2.52725 4.19656 2
      vertex 2.45682 4.45943 6.6
      vertex 2.45682 4.45943 2
    endloop
  endfacet
  facet normal -0.965931 -0.258799 0
    outer loop
      vertex 2.45682 4.45943 6.6
      vertex 2.52725 4.19656 2
      vertex 2.52725 4.19656 6.6
    endloop
  endfacet
  facet normal -1 0 0
    outer loop
      vertex 2.4 78.5 5.6
      vertex 2.4 87 6.6
      vertex 2.4 87 5.6
    endloop
  endfacet
  facet normal -1 -0 0
    outer loop
      vertex 2.4 87 6.6
      vertex 2.4 78.5 5.6
      vertex 2.4 78.5 6.6
    endloop
  endfacet
  facet normal -1 0 0
    outer loop
      vertex 2.4 78.5 2
      vertex 2.4 87 4.6
      vertex 2.4 87 2
    endloop
  endfacet
  facet normal -1 -0 0
    outer loop
      vertex 2.4 87 4.6
      vertex 2.4 78.5 2
      vertex 2.4 78.5 4.6
    endloop
  endfacet
  facet normal 0 -0 0
    outer loop
      vertex 2.4 78.5 4.6
      vertex 2.4 78.5 2
      vertex 2.4 78.5 6.6
    endloop
  endfacet
  facet normal 0 0 0
    outer loop
      vertex 2.4 78.5 4.6
      vertex 2.4 78.5 6.6
      vertex 2.4 78.5 5.6
    endloop
  endfacet
  facet normal -1 0 0
    outer loop
      vertex 2.4 5 2
      vertex 2.4 14.5 6.6
      vertex 2.4 14.5 2
    endloop
  endfacet
  facet normal -1 -0 0
    outer loop
      vertex 2.4 14.5 6.6
      vertex 2.4 5 2
      vertex 2.4 5 6.6
    endloop
  endfacet
  facet normal -1 0 0
    outer loop
      vertex 2.4 24.5 2
      vertex 2.4 15.5 4.6
      vertex 2.4 24.5 4.6
    endloop
  endfacet
  facet normal 0 -0 0
    outer loop
      vertex 2.4 15.5 4.6
      vertex 2.4 15.5 2
      vertex 2.4 15.5 5.6
    endloop
  endfacet
  facet normal -1 0 0
    outer loop
      vertex 2.4 15.5 2
      vertex 2.4 15.5 4.6
      vertex 2.4 24.5 2
    endloop
  endfacet
  facet normal -1 0 0
    outer loop
      vertex 2.4 15.5 5.6
      vertex 2.4 24.5 6.6
      vertex 2.4 24.5 5.6
    endloop
  endfacet
  facet normal -1 0 0
    outer loop
      vertex 2.4 15.5 5.6
      vertex 2.4 15.5 6.6
      vertex 2.4 24.5 6.6
    endloop
  endfacet
  facet normal 0 0 0
    outer loop
      vertex 2.4 15.5 6.6
      vertex 2.4 15.5 5.6
      vertex 2.4 15.5 2
    endloop
  endfacet
  facet normal -1 0 0
    outer loop
      vertex 2.4 25.5 2
      vertex 2.4 77.5 6.6
      vertex 2.4 77.5 2
    endloop
  endfacet
  facet normal -1 -0 0
    outer loop
      vertex 2.4 77.5 6.6
      vertex 2.4 25.5 2
      vertex 2.4 25.5 6.6
    endloop
  endfacet
  facet normal -0.777163 -0.6293 0
    outer loop
      vertex 3.06782 3.26026 2
      vertex 2.89656 3.47176 6.6
      vertex 2.89656 3.47176 2
    endloop
  endfacet
  facet normal -0.777163 -0.6293 0
    outer loop
      vertex 2.89656 3.47176 6.6
      vertex 3.06782 3.26026 2
      vertex 3.06782 3.26026 6.6
    endloop
  endfacet
  facet normal 0.837492 0.546449 0
    outer loop
      vertex 73.1218 88.5 6.6
      vertex 73.1034 88.5282 2
      vertex 73.1034 88.5282 6.6
    endloop
  endfacet
  facet normal 0.837492 0.546449 0
    outer loop
      vertex 73.1034 88.5282 2
      vertex 73.1218 88.5 6.6
      vertex 73.1218 88.5 2
    endloop
  endfacet
  facet normal -0.0523255 -0.99863 0
    outer loop
      vertex 4.72823 2.41424 2
      vertex 5 2.4 6.6
      vertex 4.72823 2.41424 6.6
    endloop
  endfacet
  facet normal -0.0523255 -0.99863 -0
    outer loop
      vertex 5 2.4 6.6
      vertex 4.72823 2.41424 2
      vertex 5 2.4 2
    endloop
  endfacet
  facet normal 0 0 1
    outer loop
      vertex 72.2 5 6.6
      vertex 73.6 5 6.6
      vertex 73.6 14.5 6.6
    endloop
  endfacet
  facet normal 0 0 1
    outer loop
      vertex 73.6 5 6.6
      vertex 72.2 5 6.6
      vertex 73.5858 4.72823 6.6
    endloop
  endfacet
  facet normal -0 0 1
    outer loop
      vertex 72.1934 4.87457 6.6
      vertex 73.5858 4.72823 6.6
      vertex 72.2 5 6.6
    endloop
  endfacet
  facet normal 0 0 1
    outer loop
      vertex 73.5858 4.72823 6.6
      vertex 72.1934 4.87457 6.6
      vertex 73.5432 4.45943 6.6
    endloop
  endfacet
  facet normal -0 0 1
    outer loop
      vertex 72.1738 4.75051 6.6
      vertex 73.5432 4.45943 6.6
      vertex 72.1934 4.87457 6.6
    endloop
  endfacet
  facet normal 0 0 1
    outer loop
      vertex 73.5432 4.45943 6.6
      vertex 72.1738 4.75051 6.6
      vertex 73.4727 4.19656 6.6
    endloop
  endfacet
  facet normal -0 0 1
    outer loop
      vertex 72.1413 4.62918 6.6
      vertex 73.4727 4.19656 6.6
      vertex 72.1738 4.75051 6.6
    endloop
  endfacet
  facet normal 0 0 1
    outer loop
      vertex 73.4727 4.19656 6.6
      vertex 72.1413 4.62918 6.6
      vertex 73.3752 3.94248 6.6
    endloop
  endfacet
  facet normal -0 0 1
    outer loop
      vertex 72.0963 4.51192 6.6
      vertex 73.3752 3.94248 6.6
      vertex 72.1413 4.62918 6.6
    endloop
  endfacet
  facet normal 0 0 1
    outer loop
      vertex 73.3752 3.94248 6.6
      vertex 72.0963 4.51192 6.6
      vertex 73.2517 3.7 6.6
    endloop
  endfacet
  facet normal 0 0 1
    outer loop
      vertex 72.2 5 6.6
      vertex 73.6 14.5 6.6
      vertex 72.2 14.5 6.6
    endloop
  endfacet
  facet normal -0 0 1
    outer loop
      vertex 72.0392 4.4 6.6
      vertex 73.2517 3.7 6.6
      vertex 72.0963 4.51192 6.6
    endloop
  endfacet
  facet normal 0 0 1
    outer loop
      vertex 73.2517 3.7 6.6
      vertex 72.0392 4.4 6.6
      vertex 73.1034 3.47176 6.6
    endloop
  endfacet
  facet normal -0 0 1
    outer loop
      vertex 71.9708 4.29466 6.6
      vertex 73.1034 3.47176 6.6
      vertex 72.0392 4.4 6.6
    endloop
  endfacet
  facet normal 0 0 1
    outer loop
      vertex 73.1034 3.47176 6.6
      vertex 71.9708 4.29466 6.6
      vertex 72.9322 3.26026 6.6
    endloop
  endfacet
  facet normal -0 0 1
    outer loop
      vertex 71.8918 4.19704 6.6
      vertex 72.9322 3.26026 6.6
      vertex 71.9708 4.29466 6.6
    endloop
  endfacet
  facet normal 0 0 1
    outer loop
      vertex 72.9322 3.26026 6.6
      vertex 71.8918 4.19704 6.6
      vertex 72.7397 3.06782 6.6
    endloop
  endfacet
  facet normal -0 0 1
    outer loop
      vertex 71.803 4.10823 6.6
      vertex 72.7397 3.06782 6.6
      vertex 71.8918 4.19704 6.6
    endloop
  endfacet
  facet normal 0 0 1
    outer loop
      vertex 72.7397 3.06782 6.6
      vertex 71.803 4.10823 6.6
      vertex 72.5282 2.89656 6.6
    endloop
  endfacet
  facet normal -0 0 1
    outer loop
      vertex 71.7053 4.02918 6.6
      vertex 72.5282 2.89656 6.6
      vertex 71.803 4.10823 6.6
    endloop
  endfacet
  facet normal 0 0 1
    outer loop
      vertex 72.5282 2.89656 6.6
      vertex 71.7053 4.02918 6.6
      vertex 72.3 2.74833 6.6
    endloop
  endfacet
  facet normal -0 0 1
    outer loop
      vertex 71.6 3.96077 6.6
      vertex 72.3 2.74833 6.6
      vertex 71.7053 4.02918 6.6
    endloop
  endfacet
  facet normal 0 0 1
    outer loop
      vertex 72.3 2.74833 6.6
      vertex 71.6 3.96077 6.6
      vertex 72.0575 2.62478 6.6
    endloop
  endfacet
  facet normal -0 0 1
    outer loop
      vertex 71.4881 3.90375 6.6
      vertex 72.0575 2.62478 6.6
      vertex 71.6 3.96077 6.6
    endloop
  endfacet
  facet normal 0 0 1
    outer loop
      vertex 72.0575 2.62478 6.6
      vertex 71.4881 3.90375 6.6
      vertex 71.8034 2.52725 6.6
    endloop
  endfacet
  facet normal -0 0 1
    outer loop
      vertex 71.3708 3.85873 6.6
      vertex 71.8034 2.52725 6.6
      vertex 71.4881 3.90375 6.6
    endloop
  endfacet
  facet normal 0 0 1
    outer loop
      vertex 71.8034 2.52725 6.6
      vertex 71.3708 3.85873 6.6
      vertex 71.5406 2.45682 6.6
    endloop
  endfacet
  facet normal -0 0 1
    outer loop
      vertex 71.2495 3.82622 6.6
      vertex 71.5406 2.45682 6.6
      vertex 71.3708 3.85873 6.6
    endloop
  endfacet
  facet normal 0 0 1
    outer loop
      vertex 71.5406 2.45682 6.6
      vertex 71.2495 3.82622 6.6
      vertex 71.2718 2.41424 6.6
    endloop
  endfacet
  facet normal -0 0 1
    outer loop
      vertex 71.1254 3.80657 6.6
      vertex 71.2718 2.41424 6.6
      vertex 71.2495 3.82622 6.6
    endloop
  endfacet
  facet normal -0 0 1
    outer loop
      vertex 71 3.8 6.6
      vertex 71.2718 2.41424 6.6
      vertex 71.1254 3.80657 6.6
    endloop
  endfacet
  facet normal 0 0 1
    outer loop
      vertex 71 3.8 6.6
      vertex 71 2.4 6.6
      vertex 71.2718 2.41424 6.6
    endloop
  endfacet
  facet normal -0 0 1
    outer loop
      vertex 43.5 3.8 6.6
      vertex 71 2.4 6.6
      vertex 71 3.8 6.6
    endloop
  endfacet
  facet normal 0 0 1
    outer loop
      vertex 71 2.4 6.6
      vertex 43.5 3.8 6.6
      vertex 43.5 2.4 6.6
    endloop
  endfacet
  facet normal 0 0 1
    outer loop
      vertex 2.4 5 6.6
      vertex 3.8 5 6.6
      vertex 3.8 14.5 6.6
    endloop
  endfacet
  facet normal 0 -0 1
    outer loop
      vertex 2.41424 4.72823 6.6
      vertex 3.8 5 6.6
      vertex 2.4 5 6.6
    endloop
  endfacet
  facet normal 0 0 1
    outer loop
      vertex 3.8 5 6.6
      vertex 3.47176 2.89656 6.6
      vertex 3.7 2.74833 6.6
    endloop
  endfacet
  facet normal 0 0 1
    outer loop
      vertex 3.8 5 6.6
      vertex 3.26026 3.06782 6.6
      vertex 3.47176 2.89656 6.6
    endloop
  endfacet
  facet normal 0 0 1
    outer loop
      vertex 3.8 5 6.6
      vertex 3.06782 3.26026 6.6
      vertex 3.26026 3.06782 6.6
    endloop
  endfacet
  facet normal 0 0 1
    outer loop
      vertex 3.8 5 6.6
      vertex 2.89656 3.47176 6.6
      vertex 3.06782 3.26026 6.6
    endloop
  endfacet
  facet normal 0 0 1
    outer loop
      vertex 3.8 5 6.6
      vertex 2.74833 3.7 6.6
      vertex 2.89656 3.47176 6.6
    endloop
  endfacet
  facet normal 0 0 1
    outer loop
      vertex 3.8 5 6.6
      vertex 2.62478 3.94248 6.6
      vertex 2.74833 3.7 6.6
    endloop
  endfacet
  facet normal 0 0 1
    outer loop
      vertex 3.8 5 6.6
      vertex 2.52725 4.19656 6.6
      vertex 2.62478 3.94248 6.6
    endloop
  endfacet
  facet normal 0 0 1
    outer loop
      vertex 3.8 5 6.6
      vertex 2.45682 4.45943 6.6
      vertex 2.52725 4.19656 6.6
    endloop
  endfacet
  facet normal 0 0 1
    outer loop
      vertex 2.4 5 6.6
      vertex 3.8 14.5 6.6
      vertex 2.4 14.5 6.6
    endloop
  endfacet
  facet normal 0 0 1
    outer loop
      vertex 3.8 5 6.6
      vertex 2.41424 4.72823 6.6
      vertex 2.45682 4.45943 6.6
    endloop
  endfacet
  facet normal -0 0 1
    outer loop
      vertex 5 3.8 6.6
      vertex 32.5 2.4 6.6
      vertex 32.5 3.8 6.6
    endloop
  endfacet
  facet normal 0 0 1
    outer loop
      vertex 5 3.8 6.6
      vertex 5 2.4 6.6
      vertex 32.5 2.4 6.6
    endloop
  endfacet
  facet normal 0 0 1
    outer loop
      vertex 4.87457 3.80657 6.6
      vertex 5 2.4 6.6
      vertex 5 3.8 6.6
    endloop
  endfacet
  facet normal 0 0 1
    outer loop
      vertex 4.72823 2.41424 6.6
      vertex 4.87457 3.80657 6.6
      vertex 4.75051 3.82622 6.6
    endloop
  endfacet
  facet normal 0 0 1
    outer loop
      vertex 4.87457 3.80657 6.6
      vertex 4.72823 2.41424 6.6
      vertex 5 2.4 6.6
    endloop
  endfacet
  facet normal 0 0 1
    outer loop
      vertex 4.45943 2.45682 6.6
      vertex 4.75051 3.82622 6.6
      vertex 4.62918 3.85873 6.6
    endloop
  endfacet
  facet normal 0 0 1
    outer loop
      vertex 4.19656 2.52725 6.6
      vertex 4.62918 3.85873 6.6
      vertex 4.51192 3.90375 6.6
    endloop
  endfacet
  facet normal 0 0 1
    outer loop
      vertex 4.75051 3.82622 6.6
      vertex 4.45943 2.45682 6.6
      vertex 4.72823 2.41424 6.6
    endloop
  endfacet
  facet normal 0 0 1
    outer loop
      vertex 3.94248 2.62478 6.6
      vertex 4.51192 3.90375 6.6
      vertex 4.4 3.96077 6.6
    endloop
  endfacet
  facet normal 0 0 1
    outer loop
      vertex 3.7 2.74833 6.6
      vertex 4.4 3.96077 6.6
      vertex 4.29466 4.02918 6.6
    endloop
  endfacet
  facet normal 0 0 1
    outer loop
      vertex 3.7 2.74833 6.6
      vertex 4.29466 4.02918 6.6
      vertex 4.19704 4.10823 6.6
    endloop
  endfacet
  facet normal 0 0 1
    outer loop
      vertex 4.62918 3.85873 6.6
      vertex 4.19656 2.52725 6.6
      vertex 4.45943 2.45682 6.6
    endloop
  endfacet
  facet normal 0 0 1
    outer loop
      vertex 3.7 2.74833 6.6
      vertex 4.19704 4.10823 6.6
      vertex 4.10823 4.19704 6.6
    endloop
  endfacet
  facet normal 0 0 1
    outer loop
      vertex 3.7 2.74833 6.6
      vertex 4.10823 4.19704 6.6
      vertex 4.02918 4.29466 6.6
    endloop
  endfacet
  facet normal 0 0 1
    outer loop
      vertex 3.7 2.74833 6.6
      vertex 4.02918 4.29466 6.6
      vertex 3.96077 4.4 6.6
    endloop
  endfacet
  facet normal 0 0 1
    outer loop
      vertex 4.51192 3.90375 6.6
      vertex 3.94248 2.62478 6.6
      vertex 4.19656 2.52725 6.6
    endloop
  endfacet
  facet normal 0 0 1
    outer loop
      vertex 3.7 2.74833 6.6
      vertex 3.96077 4.4 6.6
      vertex 3.90375 4.51192 6.6
    endloop
  endfacet
  facet normal 0 0 1
    outer loop
      vertex 3.7 2.74833 6.6
      vertex 3.90375 4.51192 6.6
      vertex 3.85873 4.62918 6.6
    endloop
  endfacet
  facet normal 0 0 1
    outer loop
      vertex 3.7 2.74833 6.6
      vertex 3.85873 4.62918 6.6
      vertex 3.82622 4.75051 6.6
    endloop
  endfacet
  facet normal 0 0 1
    outer loop
      vertex 3.7 2.74833 6.6
      vertex 3.82622 4.75051 6.6
      vertex 3.80657 4.87457 6.6
    endloop
  endfacet
  facet normal 0 0 1
    outer loop
      vertex 4.4 3.96077 6.6
      vertex 3.7 2.74833 6.6
      vertex 3.94248 2.62478 6.6
    endloop
  endfacet
  facet normal 0 0 1
    outer loop
      vertex 3.7 2.74833 6.6
      vertex 3.80657 4.87457 6.6
      vertex 3.8 5 6.6
    endloop
  endfacet
  facet normal 0 0 1
    outer loop
      vertex 71.6 88.5 6.6
      vertex 73.1034 88.5282 6.6
      vertex 72.9322 88.7397 6.6
    endloop
  endfacet
  facet normal 0 0 1
    outer loop
      vertex 71.6 88.5 6.6
      vertex 72.9322 88.7397 6.6
      vertex 72.7397 88.9322 6.6
    endloop
  endfacet
  facet normal 0 0 1
    outer loop
      vertex 71.6 88.5 6.6
      vertex 72.7397 88.9322 6.6
      vertex 72.5282 89.1034 6.6
    endloop
  endfacet
  facet normal 0 0 1
    outer loop
      vertex 71.6 88.5 6.6
      vertex 72.5282 89.1034 6.6
      vertex 72.3 89.2517 6.6
    endloop
  endfacet
  facet normal 0 0 1
    outer loop
      vertex 71.6 88.5 6.6
      vertex 72.3 89.2517 6.6
      vertex 72.0575 89.3752 6.6
    endloop
  endfacet
  facet normal 0 0 1
    outer loop
      vertex 71.6 88.5 6.6
      vertex 72.0575 89.3752 6.6
      vertex 71.8034 89.4727 6.6
    endloop
  endfacet
  facet normal 0 0 1
    outer loop
      vertex 73.1034 88.5282 6.6
      vertex 71.6 88.5 6.6
      vertex 73.1218 88.5 6.6
    endloop
  endfacet
  facet normal 0 0 1
    outer loop
      vertex 71.5406 89.5432 6.6
      vertex 71.6 88.5 6.6
      vertex 71.8034 89.4727 6.6
    endloop
  endfacet
  facet normal 0 0 1
    outer loop
      vertex 71.2718 89.5858 6.6
      vertex 71.6 88.5 6.6
      vertex 71.5406 89.5432 6.6
    endloop
  endfacet
  facet normal 0 0 1
    outer loop
      vertex 71.6 88.5 6.6
      vertex 71.4881 88.0963 6.6
      vertex 71.6 88.0392 6.6
    endloop
  endfacet
  facet normal 0 0 1
    outer loop
      vertex 71.6 88.5 6.6
      vertex 71.3708 88.1413 6.6
      vertex 71.4881 88.0963 6.6
    endloop
  endfacet
  facet normal 0 0 1
    outer loop
      vertex 71 89.6 6.6
      vertex 71.6 88.5 6.6
      vertex 71.2718 89.5858 6.6
    endloop
  endfacet
  facet normal 0 0 1
    outer loop
      vertex 71.6 88.5 6.6
      vertex 71.2495 88.1738 6.6
      vertex 71.3708 88.1413 6.6
    endloop
  endfacet
  facet normal 0 0 1
    outer loop
      vertex 71.6 88.5 6.6
      vertex 71.1254 88.1934 6.6
      vertex 71.2495 88.1738 6.6
    endloop
  endfacet
  facet normal 0 0 1
    outer loop
      vertex 71 88.2 6.6
      vertex 71.6 88.5 6.6
      vertex 71 89.6 6.6
    endloop
  endfacet
  facet normal 0 0 1
    outer loop
      vertex 71.6 88.5 6.6
      vertex 71 88.2 6.6
      vertex 71.1254 88.1934 6.6
    endloop
  endfacet
  facet normal -0 0 1
    outer loop
      vertex 43.5 89.6 6.6
      vertex 71 88.2 6.6
      vertex 71 89.6 6.6
    endloop
  endfacet
  facet normal 0 0 1
    outer loop
      vertex 71 88.2 6.6
      vertex 43.5 89.6 6.6
      vertex 43.5 88.2 6.6
    endloop
  endfacet
  facet normal -0 0 1
    outer loop
      vertex 2.45039 87.5 6.6
      vertex 3.90375 87.4881 6.6
      vertex 3.90982 87.5 6.6
    endloop
  endfacet
  facet normal 0 0 1
    outer loop
      vertex 2.45039 87.5 6.6
      vertex 3.85873 87.3708 6.6
      vertex 3.90375 87.4881 6.6
    endloop
  endfacet
  facet normal 0 0 1
    outer loop
      vertex 2.45039 87.5 6.6
      vertex 3.82622 87.2495 6.6
      vertex 3.85873 87.3708 6.6
    endloop
  endfacet
  facet normal 0 0 1
    outer loop
      vertex 2.45039 87.5 6.6
      vertex 3.80657 87.1254 6.6
      vertex 3.82622 87.2495 6.6
    endloop
  endfacet
  facet normal -0 0 1
    outer loop
      vertex 2.41424 87.2718 6.6
      vertex 3.80657 87.1254 6.6
      vertex 2.45039 87.5 6.6
    endloop
  endfacet
  facet normal 0 0 1
    outer loop
      vertex 3.80657 87.1254 6.6
      vertex 2.41424 87.2718 6.6
      vertex 3.8 87 6.6
    endloop
  endfacet
  facet normal 0 0 1
    outer loop
      vertex 3.8 87 6.6
      vertex 2.41424 87.2718 6.6
      vertex 2.4 87 6.6
    endloop
  endfacet
  facet normal 0 0 1
    outer loop
      vertex 3.8 87 6.6
      vertex 2.4 87 6.6
      vertex 3.8 78.5 6.6
    endloop
  endfacet
  facet normal 0 0 1
    outer loop
      vertex 3.8 78.5 6.6
      vertex 2.4 87 6.6
      vertex 2.4 78.5 6.6
    endloop
  endfacet
  facet normal 0 0 1
    outer loop
      vertex 73.5858 87.2718 6.6
      vertex 72.1934 87.1254 6.6
      vertex 72.2 87 6.6
    endloop
  endfacet
  facet normal 0 0 1
    outer loop
      vertex 73.5496 87.5 6.6
      vertex 72.1738 87.2495 6.6
      vertex 72.1934 87.1254 6.6
    endloop
  endfacet
  facet normal 0 0 1
    outer loop
      vertex 73.5496 87.5 6.6
      vertex 72.1413 87.3708 6.6
      vertex 72.1738 87.2495 6.6
    endloop
  endfacet
  facet normal 0 0 1
    outer loop
      vertex 73.5496 87.5 6.6
      vertex 72.0963 87.4881 6.6
      vertex 72.1413 87.3708 6.6
    endloop
  endfacet
  facet normal 0 -0 1
    outer loop
      vertex 72.0963 87.4881 6.6
      vertex 73.5496 87.5 6.6
      vertex 72.0902 87.5 6.6
    endloop
  endfacet
  facet normal 0 0 1
    outer loop
      vertex 72.2 87 6.6
      vertex 73.6 87 6.6
      vertex 73.5858 87.2718 6.6
    endloop
  endfacet
  facet normal 0 0 1
    outer loop
      vertex 72.1934 87.1254 6.6
      vertex 73.5858 87.2718 6.6
      vertex 73.5496 87.5 6.6
    endloop
  endfacet
  facet normal 0 0 1
    outer loop
      vertex 73.6 87 6.6
      vertex 72.2 87 6.6
      vertex 73.6 78.5 6.6
    endloop
  endfacet
  facet normal 0 0 1
    outer loop
      vertex 73.6 78.5 6.6
      vertex 72.2 87 6.6
      vertex 72.2 78.5 6.6
    endloop
  endfacet
  facet normal -0 0 1
    outer loop
      vertex 4.19656 89.4727 6.6
      vertex 4.4 88.5 6.6
      vertex 4.45943 89.5432 6.6
    endloop
  endfacet
  facet normal -0 0 1
    outer loop
      vertex 3.94248 89.3752 6.6
      vertex 4.4 88.5 6.6
      vertex 4.19656 89.4727 6.6
    endloop
  endfacet
  facet normal -0 0 1
    outer loop
      vertex 3.7 89.2517 6.6
      vertex 4.4 88.5 6.6
      vertex 3.94248 89.3752 6.6
    endloop
  endfacet
  facet normal -0 0 1
    outer loop
      vertex 3.47176 89.1034 6.6
      vertex 4.4 88.5 6.6
      vertex 3.7 89.2517 6.6
    endloop
  endfacet
  facet normal -0 0 1
    outer loop
      vertex 3.26026 88.9322 6.6
      vertex 4.4 88.5 6.6
      vertex 3.47176 89.1034 6.6
    endloop
  endfacet
  facet normal -0 0 1
    outer loop
      vertex 3.06782 88.7397 6.6
      vertex 4.4 88.5 6.6
      vertex 3.26026 88.9322 6.6
    endloop
  endfacet
  facet normal -0 0 1
    outer loop
      vertex 2.89656 88.5282 6.6
      vertex 4.4 88.5 6.6
      vertex 3.06782 88.7397 6.6
    endloop
  endfacet
  facet normal 0 0 1
    outer loop
      vertex 4.4 88.5 6.6
      vertex 2.89656 88.5282 6.6
      vertex 2.87821 88.5 6.6
    endloop
  endfacet
  facet normal -0 0 1
    outer loop
      vertex 5 89.6 6.6
      vertex 32.5 88.2 6.6
      vertex 32.5 89.6 6.6
    endloop
  endfacet
  facet normal 0 0 1
    outer loop
      vertex 5 89.6 6.6
      vertex 5 88.2 6.6
      vertex 32.5 88.2 6.6
    endloop
  endfacet
  facet normal -0 0 1
    outer loop
      vertex 4.4 88.5 6.6
      vertex 5 88.2 6.6
      vertex 5 89.6 6.6
    endloop
  endfacet
  facet normal 0 0 1
    outer loop
      vertex 5 88.2 6.6
      vertex 4.4 88.5 6.6
      vertex 4.87457 88.1934 6.6
    endloop
  endfacet
  facet normal 0 0 1
    outer loop
      vertex 4.4 88.5 6.6
      vertex 5 89.6 6.6
      vertex 4.72823 89.5858 6.6
    endloop
  endfacet
  facet normal 0 0 1
    outer loop
      vertex 4.87457 88.1934 6.6
      vertex 4.4 88.5 6.6
      vertex 4.75051 88.1738 6.6
    endloop
  endfacet
  facet normal 0 0 1
    outer loop
      vertex 4.75051 88.1738 6.6
      vertex 4.4 88.5 6.6
      vertex 4.62918 88.1413 6.6
    endloop
  endfacet
  facet normal 0 0 1
    outer loop
      vertex 4.4 88.5 6.6
      vertex 4.72823 89.5858 6.6
      vertex 4.45943 89.5432 6.6
    endloop
  endfacet
  facet normal 0 0 1
    outer loop
      vertex 4.62918 88.1413 6.6
      vertex 4.4 88.5 6.6
      vertex 4.51192 88.0963 6.6
    endloop
  endfacet
  facet normal 0 0 1
    outer loop
      vertex 4.51192 88.0963 6.6
      vertex 4.4 88.5 6.6
      vertex 4.4 88.0392 6.6
    endloop
  endfacet
  facet normal -0 0 1
    outer loop
      vertex 2.4 24.5 6.6
      vertex 3.8 15.5 6.6
      vertex 3.8 24.5 6.6
    endloop
  endfacet
  facet normal 0 0 1
    outer loop
      vertex 3.8 15.5 6.6
      vertex 2.4 24.5 6.6
      vertex 2.4 15.5 6.6
    endloop
  endfacet
  facet normal -0 0 1
    outer loop
      vertex 2.4 77.5 6.6
      vertex 3.8 25.5 6.6
      vertex 3.8 77.5 6.6
    endloop
  endfacet
  facet normal 0 0 1
    outer loop
      vertex 3.8 25.5 6.6
      vertex 2.4 77.5 6.6
      vertex 2.4 25.5 6.6
    endloop
  endfacet
  facet normal -0 0 1
    outer loop
      vertex 72.2 24.5 6.6
      vertex 73.6 15.5 6.6
      vertex 73.6 24.5 6.6
    endloop
  endfacet
  facet normal 0 0 1
    outer loop
      vertex 73.6 15.5 6.6
      vertex 72.2 24.5 6.6
      vertex 72.2 15.5 6.6
    endloop
  endfacet
  facet normal -0 0 1
    outer loop
      vertex 72.2 77.5 6.6
      vertex 73.6 25.5 6.6
      vertex 73.6 77.5 6.6
    endloop
  endfacet
  facet normal 0 0 1
    outer loop
      vertex 73.6 25.5 6.6
      vertex 72.2 77.5 6.6
      vertex 72.2 25.5 6.6
    endloop
  endfacet
  facet normal -0 0 1
    outer loop
      vertex 33.5 3.8 6.6
      vertex 42.5 2.4 6.6
      vertex 42.5 3.8 6.6
    endloop
  endfacet
  facet normal 0 0 1
    outer loop
      vertex 42.5 2.4 6.6
      vertex 33.5 3.8 6.6
      vertex 33.5 2.4 6.6
    endloop
  endfacet
  facet normal -0 0 1
    outer loop
      vertex 33.5 89.6 6.6
      vertex 42.5 88.2 6.6
      vertex 42.5 89.6 6.6
    endloop
  endfacet
  facet normal 0 0 1
    outer loop
      vertex 42.5 88.2 6.6
      vertex 33.5 89.6 6.6
      vertex 33.5 88.2 6.6
    endloop
  endfacet
  facet normal -0.258799 -0.965931 0
    outer loop
      vertex 4.19656 2.52725 2
      vertex 4.45943 2.45682 6.6
      vertex 4.19656 2.52725 6.6
    endloop
  endfacet
  facet normal -0.258799 -0.965931 -0
    outer loop
      vertex 4.45943 2.45682 6.6
      vertex 4.19656 2.52725 2
      vertex 4.45943 2.45682 2
    endloop
  endfacet
  facet normal 0.358336 -0.933593 0
    outer loop
      vertex 71.8034 2.52725 2
      vertex 72.0575 2.62478 6.6
      vertex 71.8034 2.52725 6.6
    endloop
  endfacet
  facet normal 0.358336 -0.933593 0
    outer loop
      vertex 72.0575 2.62478 6.6
      vertex 71.8034 2.52725 2
      vertex 72.0575 2.62478 2
    endloop
  endfacet
  facet normal -0.891006 -0.453991 0
    outer loop
      vertex 2.74833 3.7 2
      vertex 2.62478 3.94248 6.6
      vertex 2.62478 3.94248 2
    endloop
  endfacet
  facet normal -0.891006 -0.453991 0
    outer loop
      vertex 2.62478 3.94248 6.6
      vertex 2.74833 3.7 2
      vertex 2.74833 3.7 6.6
    endloop
  endfacet
  facet normal -0.156529 0.987673 0
    outer loop
      vertex 4.72823 89.5858 2
      vertex 4.45943 89.5432 6.6
      vertex 4.72823 89.5858 6.6
    endloop
  endfacet
  facet normal -0.156529 0.987673 0
    outer loop
      vertex 4.45943 89.5432 6.6
      vertex 4.72823 89.5858 2
      vertex 4.45943 89.5432 2
    endloop
  endfacet
  facet normal 0.156457 -0.987685 0
    outer loop
      vertex 71.2718 2.41424 2
      vertex 71.5406 2.45682 6.6
      vertex 71.2718 2.41424 6.6
    endloop
  endfacet
  facet normal 0.156457 -0.987685 0
    outer loop
      vertex 71.5406 2.45682 6.6
      vertex 71.2718 2.41424 2
      vertex 71.5406 2.45682 2
    endloop
  endfacet
  facet normal -0.453991 -0.891006 0
    outer loop
      vertex 3.7 2.74833 2
      vertex 3.94248 2.62478 6.6
      vertex 3.7 2.74833 6.6
    endloop
  endfacet
  facet normal -0.453991 -0.891006 -0
    outer loop
      vertex 3.94248 2.62478 6.6
      vertex 3.7 2.74833 2
      vertex 3.94248 2.62478 2
    endloop
  endfacet
  facet normal -0.99863 -0.0523255 0
    outer loop
      vertex 2.41424 4.72823 2
      vertex 2.4 5 6.6
      vertex 2.4 5 2
    endloop
  endfacet
  facet normal -0.99863 -0.0523255 0
    outer loop
      vertex 2.4 5 6.6
      vertex 2.41424 4.72823 2
      vertex 2.41424 4.72823 6.6
    endloop
  endfacet
  facet normal -0.0521789 0.998638 0
    outer loop
      vertex 5 89.6 2
      vertex 4.72823 89.5858 6.6
      vertex 5 89.6 6.6
    endloop
  endfacet
  facet normal -0.0521789 0.998638 0
    outer loop
      vertex 4.72823 89.5858 6.6
      vertex 5 89.6 2
      vertex 4.72823 89.5858 2
    endloop
  endfacet
  facet normal 0.89108 -0.453845 0
    outer loop
      vertex 73.2517 3.7 6.6
      vertex 73.3752 3.94248 2
      vertex 73.3752 3.94248 6.6
    endloop
  endfacet
  facet normal 0.89108 -0.453845 0
    outer loop
      vertex 73.3752 3.94248 2
      vertex 73.2517 3.7 6.6
      vertex 73.2517 3.7 2
    endloop
  endfacet
  facet normal 0.987673 -0.156529 0
    outer loop
      vertex 73.5432 4.45943 6.6
      vertex 73.5858 4.72823 2
      vertex 73.5858 4.72823 6.6
    endloop
  endfacet
  facet normal 0.987673 -0.156529 0
    outer loop
      vertex 73.5858 4.72823 2
      vertex 73.5432 4.45943 6.6
      vertex 73.5432 4.45943 2
    endloop
  endfacet
  facet normal -0.987685 -0.156457 0
    outer loop
      vertex 2.45682 4.45943 2
      vertex 2.41424 4.72823 6.6
      vertex 2.41424 4.72823 2
    endloop
  endfacet
  facet normal -0.987685 -0.156457 0
    outer loop
      vertex 2.41424 4.72823 6.6
      vertex 2.45682 4.45943 2
      vertex 2.45682 4.45943 6.6
    endloop
  endfacet
  facet normal 0.259103 0.96585 -0
    outer loop
      vertex 71.8034 89.4727 2
      vertex 71.5406 89.5432 6.6
      vertex 71.8034 89.4727 6.6
    endloop
  endfacet
  facet normal 0.259103 0.96585 0
    outer loop
      vertex 71.5406 89.5432 6.6
      vertex 71.8034 89.4727 2
      vertex 71.5406 89.5432 2
    endloop
  endfacet
  facet normal 0.777271 0.629167 0
    outer loop
      vertex 73.1034 88.5282 6.6
      vertex 72.9322 88.7397 2
      vertex 72.9322 88.7397 6.6
    endloop
  endfacet
  facet normal 0.777271 0.629167 0
    outer loop
      vertex 72.9322 88.7397 2
      vertex 73.1034 88.5282 6.6
      vertex 73.1034 88.5282 2
    endloop
  endfacet
  facet normal 0.93362 -0.358265 0
    outer loop
      vertex 73.3752 3.94248 6.6
      vertex 73.4727 4.19656 2
      vertex 73.4727 4.19656 6.6
    endloop
  endfacet
  facet normal 0.93362 -0.358265 0
    outer loop
      vertex 73.4727 4.19656 2
      vertex 73.3752 3.94248 6.6
      vertex 73.3752 3.94248 2
    endloop
  endfacet
  facet normal -0.453845 0.89108 0
    outer loop
      vertex 3.94248 89.3752 2
      vertex 3.7 89.2517 6.6
      vertex 3.94248 89.3752 6.6
    endloop
  endfacet
  facet normal -0.453845 0.89108 0
    outer loop
      vertex 3.7 89.2517 6.6
      vertex 3.94248 89.3752 2
      vertex 3.7 89.2517 2
    endloop
  endfacet
  facet normal 0.35824 0.933629 -0
    outer loop
      vertex 72.0575 89.3752 2
      vertex 71.8034 89.4727 6.6
      vertex 72.0575 89.3752 6.6
    endloop
  endfacet
  facet normal 0.35824 0.933629 0
    outer loop
      vertex 71.8034 89.4727 6.6
      vertex 72.0575 89.3752 2
      vertex 71.8034 89.4727 2
    endloop
  endfacet
  facet normal -0.259039 0.965867 0
    outer loop
      vertex 4.45943 89.5432 2
      vertex 4.19656 89.4727 6.6
      vertex 4.45943 89.5432 6.6
    endloop
  endfacet
  facet normal -0.259039 0.965867 0
    outer loop
      vertex 4.19656 89.4727 6.6
      vertex 4.45943 89.5432 2
      vertex 4.19656 89.4727 2
    endloop
  endfacet
  facet normal 0.629167 0.777271 -0
    outer loop
      vertex 72.7397 88.9322 2
      vertex 72.5282 89.1034 6.6
      vertex 72.7397 88.9322 6.6
    endloop
  endfacet
  facet normal 0.629167 0.777271 0
    outer loop
      vertex 72.5282 89.1034 6.6
      vertex 72.7397 88.9322 2
      vertex 72.5282 89.1034 2
    endloop
  endfacet
  facet normal -0.987684 0.156463 0
    outer loop
      vertex 2.41424 87.2718 2
      vertex 2.45039 87.5 4.6
      vertex 2.45039 87.5 2
    endloop
  endfacet
  facet normal -0.987684 0.156463 0
    outer loop
      vertex 2.45039 87.5 4.6
      vertex 2.41424 87.2718 2
      vertex 2.41424 87.2718 4.6
    endloop
  endfacet
  facet normal -0.987684 0.156463 0
    outer loop
      vertex 2.41424 87.2718 5.6
      vertex 2.45039 87.5 6.6
      vertex 2.45039 87.5 5.6
    endloop
  endfacet
  facet normal -0.987684 0.156463 0
    outer loop
      vertex 2.45039 87.5 6.6
      vertex 2.41424 87.2718 5.6
      vertex 2.41424 87.2718 6.6
    endloop
  endfacet
  facet normal -0.156457 -0.987685 0
    outer loop
      vertex 4.45943 2.45682 2
      vertex 4.72823 2.41424 6.6
      vertex 4.45943 2.45682 6.6
    endloop
  endfacet
  facet normal -0.156457 -0.987685 -0
    outer loop
      vertex 4.72823 2.41424 6.6
      vertex 4.45943 2.45682 2
      vertex 4.72823 2.41424 2
    endloop
  endfacet
  facet normal 0.707107 0.707107 0
    outer loop
      vertex 72.9322 88.7397 6.6
      vertex 72.7397 88.9322 2
      vertex 72.7397 88.9322 6.6
    endloop
  endfacet
  facet normal 0.707107 0.707107 0
    outer loop
      vertex 72.7397 88.9322 2
      vertex 72.9322 88.7397 6.6
      vertex 72.9322 88.7397 2
    endloop
  endfacet
  facet normal -0.99863 0.0523197 0
    outer loop
      vertex 2.4 87 5.6
      vertex 2.41424 87.2718 6.6
      vertex 2.41424 87.2718 5.6
    endloop
  endfacet
  facet normal -0.99863 0.0523197 0
    outer loop
      vertex 2.41424 87.2718 6.6
      vertex 2.4 87 5.6
      vertex 2.4 87 6.6
    endloop
  endfacet
  facet normal -0.99863 0.0523197 0
    outer loop
      vertex 2.4 87 2
      vertex 2.41424 87.2718 4.6
      vertex 2.41424 87.2718 2
    endloop
  endfacet
  facet normal -0.99863 0.0523197 0
    outer loop
      vertex 2.41424 87.2718 4.6
      vertex 2.4 87 2
      vertex 2.4 87 4.6
    endloop
  endfacet
  facet normal -0.358361 -0.933583 0
    outer loop
      vertex 3.94248 2.62478 2
      vertex 4.19656 2.52725 6.6
      vertex 3.94248 2.62478 6.6
    endloop
  endfacet
  facet normal -0.358361 -0.933583 -0
    outer loop
      vertex 4.19656 2.52725 6.6
      vertex 3.94248 2.62478 2
      vertex 4.19656 2.52725 2
    endloop
  endfacet
  facet normal 0.544911 0.838494 -0
    outer loop
      vertex 72.5282 89.1034 2
      vertex 72.3 89.2517 6.6
      vertex 72.5282 89.1034 6.6
    endloop
  endfacet
  facet normal 0.544911 0.838494 0
    outer loop
      vertex 72.3 89.2517 6.6
      vertex 72.5282 89.1034 2
      vertex 72.3 89.2517 2
    endloop
  endfacet
  facet normal -0.933583 -0.358361 0
    outer loop
      vertex 2.62478 3.94248 2
      vertex 2.52725 4.19656 6.6
      vertex 2.52725 4.19656 2
    endloop
  endfacet
  facet normal -0.933583 -0.358361 0
    outer loop
      vertex 2.52725 4.19656 6.6
      vertex 2.62478 3.94248 2
      vertex 2.62478 3.94248 6.6
    endloop
  endfacet
  facet normal -0.629167 0.777271 0
    outer loop
      vertex 3.47176 89.1034 2
      vertex 3.26026 88.9322 6.6
      vertex 3.47176 89.1034 6.6
    endloop
  endfacet
  facet normal -0.629167 0.777271 0
    outer loop
      vertex 3.26026 88.9322 6.6
      vertex 3.47176 89.1034 2
      vertex 3.26026 88.9322 2
    endloop
  endfacet
  facet normal 0.838538 -0.544844 0
    outer loop
      vertex 73.1034 3.47176 6.6
      vertex 73.2517 3.7 2
      vertex 73.2517 3.7 6.6
    endloop
  endfacet
  facet normal 0.838538 -0.544844 0
    outer loop
      vertex 73.2517 3.7 2
      vertex 73.1034 3.47176 6.6
      vertex 73.1034 3.47176 2
    endloop
  endfacet
  facet normal 0.0521731 0.998638 -0
    outer loop
      vertex 71.2718 89.5858 2
      vertex 71 89.6 6.6
      vertex 71.2718 89.5858 6.6
    endloop
  endfacet
  facet normal 0.0521731 0.998638 0
    outer loop
      vertex 71 89.6 6.6
      vertex 71.2718 89.5858 2
      vertex 71 89.6 2
    endloop
  endfacet
  facet normal 0.706997 -0.707217 0
    outer loop
      vertex 72.7397 3.06782 6.6
      vertex 72.9322 3.26026 2
      vertex 72.9322 3.26026 6.6
    endloop
  endfacet
  facet normal 0.706997 -0.707217 0
    outer loop
      vertex 72.9322 3.26026 2
      vertex 72.7397 3.06782 6.6
      vertex 72.7397 3.06782 2
    endloop
  endfacet
  facet normal -0.544844 0.838538 0
    outer loop
      vertex 3.7 89.2517 2
      vertex 3.47176 89.1034 6.6
      vertex 3.7 89.2517 6.6
    endloop
  endfacet
  facet normal -0.544844 0.838538 0
    outer loop
      vertex 3.47176 89.1034 6.6
      vertex 3.7 89.2517 2
      vertex 3.47176 89.1034 2
    endloop
  endfacet
  facet normal -0.707217 0.706997 0
    outer loop
      vertex 3.26026 88.9322 2
      vertex 3.06782 88.7397 6.6
      vertex 3.26026 88.9322 6.6
    endloop
  endfacet
  facet normal -0.707217 0.706997 0
    outer loop
      vertex 3.06782 88.7397 6.6
      vertex 3.26026 88.9322 2
      vertex 3.06782 88.7397 2
    endloop
  endfacet
  facet normal 0.6293 -0.777163 0
    outer loop
      vertex 72.5282 2.89656 2
      vertex 72.7397 3.06782 6.6
      vertex 72.5282 2.89656 6.6
    endloop
  endfacet
  facet normal 0.6293 -0.777163 0
    outer loop
      vertex 72.7397 3.06782 6.6
      vertex 72.5282 2.89656 2
      vertex 72.7397 3.06782 2
    endloop
  endfacet
  facet normal -0.544663 -0.838655 0
    outer loop
      vertex 3.47176 2.89656 2
      vertex 3.7 2.74833 6.6
      vertex 3.47176 2.89656 6.6
    endloop
  endfacet
  facet normal -0.544663 -0.838655 -0
    outer loop
      vertex 3.7 2.74833 6.6
      vertex 3.47176 2.89656 2
      vertex 3.7 2.74833 2
    endloop
  endfacet
  facet normal -0.358265 0.93362 0
    outer loop
      vertex 4.19656 89.4727 2
      vertex 3.94248 89.3752 6.6
      vertex 4.19656 89.4727 6.6
    endloop
  endfacet
  facet normal -0.358265 0.93362 0
    outer loop
      vertex 3.94248 89.3752 6.6
      vertex 4.19656 89.4727 2
      vertex 3.94248 89.3752 2
    endloop
  endfacet
  facet normal 0.453962 -0.891021 0
    outer loop
      vertex 72.0575 2.62478 2
      vertex 72.3 2.74833 6.6
      vertex 72.0575 2.62478 6.6
    endloop
  endfacet
  facet normal 0.453962 -0.891021 0
    outer loop
      vertex 72.3 2.74833 6.6
      vertex 72.0575 2.62478 2
      vertex 72.3 2.74833 2
    endloop
  endfacet
  facet normal -0.777163 0.6293 0
    outer loop
      vertex 2.89656 88.5282 2
      vertex 3.06782 88.7397 6.6
      vertex 3.06782 88.7397 2
    endloop
  endfacet
  facet normal -0.777163 0.6293 0
    outer loop
      vertex 3.06782 88.7397 6.6
      vertex 2.89656 88.5282 2
      vertex 2.89656 88.5282 6.6
    endloop
  endfacet
  facet normal -0.707107 -0.707107 0
    outer loop
      vertex 3.26026 3.06782 2
      vertex 3.06782 3.26026 6.6
      vertex 3.06782 3.26026 2
    endloop
  endfacet
  facet normal -0.707107 -0.707107 0
    outer loop
      vertex 3.06782 3.26026 6.6
      vertex 3.26026 3.06782 2
      vertex 3.26026 3.06782 6.6
    endloop
  endfacet
  facet normal -0.838655 -0.544663 0
    outer loop
      vertex 2.89656 3.47176 2
      vertex 2.74833 3.7 6.6
      vertex 2.74833 3.7 2
    endloop
  endfacet
  facet normal -0.838655 -0.544663 0
    outer loop
      vertex 2.74833 3.7 6.6
      vertex 2.89656 3.47176 2
      vertex 2.89656 3.47176 6.6
    endloop
  endfacet
  facet normal -0.6293 -0.777163 0
    outer loop
      vertex 3.26026 3.06782 2
      vertex 3.47176 2.89656 6.6
      vertex 3.26026 3.06782 6.6
    endloop
  endfacet
  facet normal -0.6293 -0.777163 -0
    outer loop
      vertex 3.47176 2.89656 6.6
      vertex 3.26026 3.06782 2
      vertex 3.47176 2.89656 2
    endloop
  endfacet
  facet normal 0.998638 -0.0521789 0
    outer loop
      vertex 73.5858 4.72823 6.6
      vertex 73.6 5 2
      vertex 73.6 5 6.6
    endloop
  endfacet
  facet normal 0.998638 -0.0521789 0
    outer loop
      vertex 73.6 5 2
      vertex 73.5858 4.72823 6.6
      vertex 73.5858 4.72823 2
    endloop
  endfacet
  facet normal 0.98765 0.156674 0
    outer loop
      vertex 73.5858 87.2718 6.6
      vertex 73.5496 87.5 5.6
      vertex 73.5496 87.5 6.6
    endloop
  endfacet
  facet normal 0.98765 0.156674 0
    outer loop
      vertex 73.5496 87.5 5.6
      vertex 73.5858 87.2718 6.6
      vertex 73.5858 87.2718 5.6
    endloop
  endfacet
  facet normal 0.98765 0.156674 0
    outer loop
      vertex 73.5858 87.2718 4.6
      vertex 73.5496 87.5 2
      vertex 73.5496 87.5 4.6
    endloop
  endfacet
  facet normal 0.98765 0.156674 0
    outer loop
      vertex 73.5496 87.5 2
      vertex 73.5858 87.2718 4.6
      vertex 73.5858 87.2718 2
    endloop
  endfacet
  facet normal 0.258863 -0.965914 0
    outer loop
      vertex 71.5406 2.45682 2
      vertex 71.8034 2.52725 6.6
      vertex 71.5406 2.45682 6.6
    endloop
  endfacet
  facet normal 0.258863 -0.965914 0
    outer loop
      vertex 71.8034 2.52725 6.6
      vertex 71.5406 2.45682 2
      vertex 71.8034 2.52725 2
    endloop
  endfacet
  facet normal 0.54473 -0.838611 0
    outer loop
      vertex 72.3 2.74833 2
      vertex 72.5282 2.89656 6.6
      vertex 72.3 2.74833 6.6
    endloop
  endfacet
  facet normal 0.54473 -0.838611 0
    outer loop
      vertex 72.5282 2.89656 6.6
      vertex 72.3 2.74833 2
      vertex 72.5282 2.89656 2
    endloop
  endfacet
  facet normal 0.0523197 -0.99863 0
    outer loop
      vertex 71 2.4 2
      vertex 71.2718 2.41424 6.6
      vertex 71 2.4 6.6
    endloop
  endfacet
  facet normal 0.0523197 -0.99863 0
    outer loop
      vertex 71.2718 2.41424 6.6
      vertex 71 2.4 2
      vertex 71.2718 2.41424 2
    endloop
  endfacet
  facet normal 0.777271 -0.629167 0
    outer loop
      vertex 72.9322 3.26026 6.6
      vertex 73.1034 3.47176 2
      vertex 73.1034 3.47176 6.6
    endloop
  endfacet
  facet normal 0.777271 -0.629167 0
    outer loop
      vertex 73.1034 3.47176 2
      vertex 72.9322 3.26026 6.6
      vertex 72.9322 3.26026 2
    endloop
  endfacet
  facet normal 0.965867 -0.259039 0
    outer loop
      vertex 73.4727 4.19656 6.6
      vertex 73.5432 4.45943 2
      vertex 73.5432 4.45943 6.6
    endloop
  endfacet
  facet normal 0.965867 -0.259039 0
    outer loop
      vertex 73.5432 4.45943 2
      vertex 73.4727 4.19656 6.6
      vertex 73.4727 4.19656 2
    endloop
  endfacet
  facet normal -0.358318 0.9336 0
    outer loop
      vertex 71.4881 3.90375 2
      vertex 71.3708 3.85873 6.6
      vertex 71.4881 3.90375 6.6
    endloop
  endfacet
  facet normal -0.358318 0.9336 0
    outer loop
      vertex 71.3708 3.85873 6.6
      vertex 71.4881 3.90375 2
      vertex 71.3708 3.85873 2
    endloop
  endfacet
  facet normal -0.258802 -0.96593 0
    outer loop
      vertex 71.2495 88.1738 2
      vertex 71.3708 88.1413 6.6
      vertex 71.2495 88.1738 6.6
    endloop
  endfacet
  facet normal -0.258802 -0.96593 -0
    outer loop
      vertex 71.3708 88.1413 6.6
      vertex 71.2495 88.1738 2
      vertex 71.3708 88.1413 2
    endloop
  endfacet
  facet normal 0.99863 -0.0523206 0
    outer loop
      vertex 3.8 87 6.6
      vertex 3.80657 87.1254 2
      vertex 3.80657 87.1254 6.6
    endloop
  endfacet
  facet normal 0.99863 -0.0523206 0
    outer loop
      vertex 3.80657 87.1254 2
      vertex 3.8 87 6.6
      vertex 3.8 87 2
    endloop
  endfacet
  facet normal -0.965946 0.258743 0
    outer loop
      vertex 72.1413 4.62918 2
      vertex 72.1738 4.75051 6.6
      vertex 72.1738 4.75051 2
    endloop
  endfacet
  facet normal -0.965946 0.258743 0
    outer loop
      vertex 72.1738 4.75051 6.6
      vertex 72.1413 4.62918 2
      vertex 72.1413 4.62918 6.6
    endloop
  endfacet
  facet normal 0 1 -0
    outer loop
      vertex 32.5 3.8 2
      vertex 5 3.8 6.6
      vertex 32.5 3.8 6.6
    endloop
  endfacet
  facet normal 0 1 0
    outer loop
      vertex 5 3.8 6.6
      vertex 32.5 3.8 2
      vertex 5 3.8 2
    endloop
  endfacet
  facet normal 0 1 -0
    outer loop
      vertex 71 3.8 2
      vertex 43.5 3.8 6.6
      vertex 71 3.8 6.6
    endloop
  endfacet
  facet normal 0 1 0
    outer loop
      vertex 43.5 3.8 6.6
      vertex 71 3.8 2
      vertex 43.5 3.8 2
    endloop
  endfacet
  facet normal 0 1 -0
    outer loop
      vertex 42.5 3.8 2
      vertex 33.5 3.8 6.6
      vertex 42.5 3.8 6.6
    endloop
  endfacet
  facet normal 0 1 0
    outer loop
      vertex 33.5 3.8 6.6
      vertex 42.5 3.8 2
      vertex 33.5 3.8 2
    endloop
  endfacet
  facet normal 0.156441 0.987687 -0
    outer loop
      vertex 4.87457 3.80657 2
      vertex 4.75051 3.82622 6.6
      vertex 4.87457 3.80657 6.6
    endloop
  endfacet
  facet normal 0.156441 0.987687 0
    outer loop
      vertex 4.75051 3.82622 6.6
      vertex 4.87457 3.80657 2
      vertex 4.75051 3.82622 2
    endloop
  endfacet
  facet normal -1 0 0
    outer loop
      vertex 72.2 78.5 2
      vertex 72.2 87 6.6
      vertex 72.2 87 2
    endloop
  endfacet
  facet normal -1 -0 0
    outer loop
      vertex 72.2 87 6.6
      vertex 72.2 78.5 2
      vertex 72.2 78.5 6.6
    endloop
  endfacet
  facet normal -1 0 0
    outer loop
      vertex 72.2 5 2
      vertex 72.2 14.5 6.6
      vertex 72.2 14.5 2
    endloop
  endfacet
  facet normal -1 -0 0
    outer loop
      vertex 72.2 14.5 6.6
      vertex 72.2 5 2
      vertex 72.2 5 6.6
    endloop
  endfacet
  facet normal -1 0 0
    outer loop
      vertex 72.2 15.5 2
      vertex 72.2 24.5 6.6
      vertex 72.2 24.5 2
    endloop
  endfacet
  facet normal -1 -0 0
    outer loop
      vertex 72.2 24.5 6.6
      vertex 72.2 15.5 2
      vertex 72.2 15.5 6.6
    endloop
  endfacet
  facet normal -1 0 0
    outer loop
      vertex 72.2 25.5 2
      vertex 72.2 77.5 6.6
      vertex 72.2 77.5 2
    endloop
  endfacet
  facet normal -1 -0 0
    outer loop
      vertex 72.2 77.5 6.6
      vertex 72.2 25.5 2
      vertex 72.2 25.5 6.6
    endloop
  endfacet
  facet normal -0.707147 0.707067 0
    outer loop
      vertex 71.8918 4.19704 2
      vertex 71.803 4.10823 6.6
      vertex 71.8918 4.19704 6.6
    endloop
  endfacet
  facet normal -0.707147 0.707067 0
    outer loop
      vertex 71.803 4.10823 6.6
      vertex 71.8918 4.19704 2
      vertex 71.803 4.10823 2
    endloop
  endfacet
  facet normal -0.890768 0.454457 0
    outer loop
      vertex 72.0392 4.4 2
      vertex 72.0963 4.51192 6.6
      vertex 72.0963 4.51192 2
    endloop
  endfacet
  facet normal -0.890768 0.454457 0
    outer loop
      vertex 72.0963 4.51192 6.6
      vertex 72.0392 4.4 2
      vertex 72.0392 4.4 6.6
    endloop
  endfacet
  facet normal 0.707107 0.707107 0
    outer loop
      vertex 4.19704 4.10823 6.6
      vertex 4.10823 4.19704 2
      vertex 4.10823 4.19704 6.6
    endloop
  endfacet
  facet normal 0.707107 0.707107 0
    outer loop
      vertex 4.10823 4.19704 2
      vertex 4.19704 4.10823 6.6
      vertex 4.19704 4.10823 2
    endloop
  endfacet
  facet normal 0.890805 -0.454385 0
    outer loop
      vertex 3.90375 87.4881 6.6
      vertex 3.90982 87.5 2
      vertex 3.90982 87.5 6.6
    endloop
  endfacet
  facet normal 0.890805 -0.454385 0
    outer loop
      vertex 3.90982 87.5 2
      vertex 3.90375 87.4881 6.6
      vertex 3.90375 87.4881 2
    endloop
  endfacet
  facet normal -0.987757 -0.156003 0
    outer loop
      vertex 72.1934 87.1254 2
      vertex 72.1738 87.2495 6.6
      vertex 72.1738 87.2495 2
    endloop
  endfacet
  facet normal -0.987757 -0.156003 0
    outer loop
      vertex 72.1738 87.2495 6.6
      vertex 72.1934 87.1254 2
      vertex 72.1934 87.1254 6.6
    endloop
  endfacet
  facet normal -0.889895 -0.456165 0
    outer loop
      vertex 72.0963 87.4881 2
      vertex 72.0902 87.5 6.6
      vertex 72.0902 87.5 2
    endloop
  endfacet
  facet normal -0.889895 -0.456165 0
    outer loop
      vertex 72.0902 87.5 6.6
      vertex 72.0963 87.4881 2
      vertex 72.0963 87.4881 6.6
    endloop
  endfacet
  facet normal 0.453952 0.891026 -0
    outer loop
      vertex 4.51192 3.90375 2
      vertex 4.4 3.96077 6.6
      vertex 4.51192 3.90375 6.6
    endloop
  endfacet
  facet normal 0.453952 0.891026 0
    outer loop
      vertex 4.4 3.96077 6.6
      vertex 4.51192 3.90375 2
      vertex 4.4 3.96077 2
    endloop
  endfacet
  facet normal 0.77715 0.629315 0
    outer loop
      vertex 4.10823 4.19704 6.6
      vertex 4.02918 4.29466 2
      vertex 4.02918 4.29466 6.6
    endloop
  endfacet
  facet normal 0.77715 0.629315 0
    outer loop
      vertex 4.02918 4.29466 2
      vertex 4.10823 4.19704 6.6
      vertex 4.10823 4.19704 2
    endloop
  endfacet
  facet normal 0.544647 0.838665 -0
    outer loop
      vertex 4.4 3.96077 2
      vertex 4.29466 4.02918 6.6
      vertex 4.4 3.96077 6.6
    endloop
  endfacet
  facet normal 0.544647 0.838665 0
    outer loop
      vertex 4.29466 4.02918 6.6
      vertex 4.4 3.96077 2
      vertex 4.29466 4.02918 2
    endloop
  endfacet
  facet normal -0.998618 0.0525463 0
    outer loop
      vertex 72.1934 4.87457 2
      vertex 72.2 5 6.6
      vertex 72.2 5 2
    endloop
  endfacet
  facet normal -0.998618 0.0525463 0
    outer loop
      vertex 72.2 5 6.6
      vertex 72.1934 4.87457 2
      vertex 72.1934 4.87457 6.6
    endloop
  endfacet
  facet normal 0.629315 0.77715 -0
    outer loop
      vertex 4.29466 4.02918 2
      vertex 4.19704 4.10823 6.6
      vertex 4.29466 4.02918 6.6
    endloop
  endfacet
  facet normal 0.629315 0.77715 0
    outer loop
      vertex 4.19704 4.10823 6.6
      vertex 4.29466 4.02918 2
      vertex 4.19704 4.10823 2
    endloop
  endfacet
  facet normal 0 -1 0
    outer loop
      vertex 5 88.2 2
      vertex 32.5 88.2 6.6
      vertex 5 88.2 6.6
    endloop
  endfacet
  facet normal 0 -1 -0
    outer loop
      vertex 32.5 88.2 6.6
      vertex 5 88.2 2
      vertex 32.5 88.2 2
    endloop
  endfacet
  facet normal 0 -1 0
    outer loop
      vertex 43.5 88.2 2
      vertex 71 88.2 6.6
      vertex 43.5 88.2 6.6
    endloop
  endfacet
  facet normal 0 -1 -0
    outer loop
      vertex 71 88.2 6.6
      vertex 43.5 88.2 2
      vertex 71 88.2 2
    endloop
  endfacet
  facet normal 0 -1 0
    outer loop
      vertex 33.5 88.2 2
      vertex 42.5 88.2 6.6
      vertex 33.5 88.2 6.6
    endloop
  endfacet
  facet normal 0 -1 -0
    outer loop
      vertex 42.5 88.2 6.6
      vertex 33.5 88.2 2
      vertex 42.5 88.2 2
    endloop
  endfacet
  facet normal 0.987695 -0.156392 0
    outer loop
      vertex 3.80657 87.1254 6.6
      vertex 3.82622 87.2495 2
      vertex 3.82622 87.2495 6.6
    endloop
  endfacet
  facet normal 0.987695 -0.156392 0
    outer loop
      vertex 3.82622 87.2495 2
      vertex 3.80657 87.1254 6.6
      vertex 3.80657 87.1254 2
    endloop
  endfacet
  facet normal 1 -0 0
    outer loop
      vertex 3.8 78.5 6.6
      vertex 3.8 87 2
      vertex 3.8 87 6.6
    endloop
  endfacet
  facet normal 1 0 0
    outer loop
      vertex 3.8 87 2
      vertex 3.8 78.5 6.6
      vertex 3.8 78.5 2
    endloop
  endfacet
  facet normal 1 -0 0
    outer loop
      vertex 3.8 5 6.6
      vertex 3.8 14.5 2
      vertex 3.8 14.5 6.6
    endloop
  endfacet
  facet normal 1 0 0
    outer loop
      vertex 3.8 14.5 2
      vertex 3.8 5 6.6
      vertex 3.8 5 2
    endloop
  endfacet
  facet normal 1 -0 0
    outer loop
      vertex 3.8 15.5 6.6
      vertex 3.8 24.5 2
      vertex 3.8 24.5 6.6
    endloop
  endfacet
  facet normal 1 0 0
    outer loop
      vertex 3.8 24.5 2
      vertex 3.8 15.5 6.6
      vertex 3.8 15.5 2
    endloop
  endfacet
  facet normal 1 -0 0
    outer loop
      vertex 3.8 25.5 6.6
      vertex 3.8 77.5 2
      vertex 3.8 77.5 6.6
    endloop
  endfacet
  facet normal 1 0 0
    outer loop
      vertex 3.8 77.5 2
      vertex 3.8 25.5 6.6
      vertex 3.8 25.5 2
    endloop
  endfacet
  facet normal 0.9336 -0.358318 0
    outer loop
      vertex 3.85873 87.3708 6.6
      vertex 3.90375 87.4881 2
      vertex 3.90375 87.4881 6.6
    endloop
  endfacet
  facet normal 0.9336 -0.358318 0
    outer loop
      vertex 3.90375 87.4881 2
      vertex 3.85873 87.3708 6.6
      vertex 3.85873 87.3708 2
    endloop
  endfacet
  facet normal -0.0523206 0.99863 0
    outer loop
      vertex 71.1254 3.80657 2
      vertex 71 3.8 6.6
      vertex 71.1254 3.80657 6.6
    endloop
  endfacet
  facet normal -0.0523206 0.99863 0
    outer loop
      vertex 71 3.8 6.6
      vertex 71.1254 3.80657 2
      vertex 71 3.8 2
    endloop
  endfacet
  facet normal 0.358424 0.933559 -0
    outer loop
      vertex 4.62918 3.85873 2
      vertex 4.51192 3.90375 6.6
      vertex 4.62918 3.85873 6.6
    endloop
  endfacet
  facet normal 0.358424 0.933559 0
    outer loop
      vertex 4.51192 3.90375 6.6
      vertex 4.62918 3.85873 2
      vertex 4.51192 3.90375 2
    endloop
  endfacet
  facet normal -0.998618 -0.0525588 0
    outer loop
      vertex 72.2 87 2
      vertex 72.1934 87.1254 6.6
      vertex 72.1934 87.1254 2
    endloop
  endfacet
  facet normal -0.998618 -0.0525588 0
    outer loop
      vertex 72.1934 87.1254 6.6
      vertex 72.2 87 2
      vertex 72.2 87 6.6
    endloop
  endfacet
  facet normal 0.838665 0.544647 0
    outer loop
      vertex 4.02918 4.29466 6.6
      vertex 3.96077 4.4 2
      vertex 3.96077 4.4 6.6
    endloop
  endfacet
  facet normal 0.838665 0.544647 0
    outer loop
      vertex 3.96077 4.4 2
      vertex 4.02918 4.29466 6.6
      vertex 4.02918 4.29466 2
    endloop
  endfacet
  facet normal 0.454457 -0.890768 0
    outer loop
      vertex 4.4 88.0392 2
      vertex 4.51192 88.0963 6.6
      vertex 4.4 88.0392 6.6
    endloop
  endfacet
  facet normal 0.454457 -0.890768 0
    outer loop
      vertex 4.51192 88.0963 6.6
      vertex 4.4 88.0392 2
      vertex 4.51192 88.0963 2
    endloop
  endfacet
  facet normal 0.0523081 0.998631 -0
    outer loop
      vertex 5 3.8 2
      vertex 4.87457 3.80657 6.6
      vertex 5 3.8 6.6
    endloop
  endfacet
  facet normal 0.0523081 0.998631 0
    outer loop
      vertex 4.87457 3.80657 6.6
      vertex 5 3.8 2
      vertex 4.87457 3.80657 2
    endloop
  endfacet
  facet normal -0.156392 0.987695 0
    outer loop
      vertex 71.2495 3.82622 2
      vertex 71.1254 3.80657 6.6
      vertex 71.2495 3.82622 6.6
    endloop
  endfacet
  facet normal -0.156392 0.987695 0
    outer loop
      vertex 71.1254 3.80657 6.6
      vertex 71.2495 3.82622 2
      vertex 71.1254 3.80657 2
    endloop
  endfacet
  facet normal -0.838702 0.544591 0
    outer loop
      vertex 71.9708 4.29466 2
      vertex 72.0392 4.4 6.6
      vertex 72.0392 4.4 2
    endloop
  endfacet
  facet normal -0.838702 0.544591 0
    outer loop
      vertex 72.0392 4.4 6.6
      vertex 71.9708 4.29466 2
      vertex 71.9708 4.29466 6.6
    endloop
  endfacet
  facet normal -0.156003 -0.987757 0
    outer loop
      vertex 71.1254 88.1934 2
      vertex 71.2495 88.1738 6.6
      vertex 71.1254 88.1934 6.6
    endloop
  endfacet
  facet normal -0.156003 -0.987757 -0
    outer loop
      vertex 71.2495 88.1738 6.6
      vertex 71.1254 88.1934 2
      vertex 71.2495 88.1738 2
    endloop
  endfacet
  facet normal -0.544792 0.838571 0
    outer loop
      vertex 71.7053 4.02918 2
      vertex 71.6 3.96077 6.6
      vertex 71.7053 4.02918 6.6
    endloop
  endfacet
  facet normal -0.544792 0.838571 0
    outer loop
      vertex 71.6 3.96077 6.6
      vertex 71.7053 4.02918 2
      vertex 71.6 3.96077 2
    endloop
  endfacet
  facet normal 0.156053 -0.987749 0
    outer loop
      vertex 4.75051 88.1738 2
      vertex 4.87457 88.1934 6.6
      vertex 4.75051 88.1738 6.6
    endloop
  endfacet
  facet normal 0.156053 -0.987749 0
    outer loop
      vertex 4.87457 88.1934 6.6
      vertex 4.75051 88.1738 2
      vertex 4.87457 88.1934 2
    endloop
  endfacet
  facet normal 0.891026 0.453952 0
    outer loop
      vertex 3.96077 4.4 6.6
      vertex 3.90375 4.51192 2
      vertex 3.90375 4.51192 6.6
    endloop
  endfacet
  facet normal 0.891026 0.453952 0
    outer loop
      vertex 3.90375 4.51192 2
      vertex 3.96077 4.4 6.6
      vertex 3.96077 4.4 2
    endloop
  endfacet
  facet normal 0.965926 0.258817 0
    outer loop
      vertex 3.85873 4.62918 6.6
      vertex 3.82622 4.75051 2
      vertex 3.82622 4.75051 6.6
    endloop
  endfacet
  facet normal 0.965926 0.258817 0
    outer loop
      vertex 3.82622 4.75051 2
      vertex 3.85873 4.62918 6.6
      vertex 3.85873 4.62918 2
    endloop
  endfacet
  facet normal 0.933559 0.358424 0
    outer loop
      vertex 3.90375 4.51192 6.6
      vertex 3.85873 4.62918 2
      vertex 3.85873 4.62918 6.6
    endloop
  endfacet
  facet normal 0.933559 0.358424 0
    outer loop
      vertex 3.85873 4.62918 2
      vertex 3.90375 4.51192 6.6
      vertex 3.90375 4.51192 2
    endloop
  endfacet
  facet normal 0.258743 -0.965946 0
    outer loop
      vertex 4.62918 88.1413 2
      vertex 4.75051 88.1738 6.6
      vertex 4.62918 88.1413 6.6
    endloop
  endfacet
  facet normal 0.258743 -0.965946 0
    outer loop
      vertex 4.75051 88.1738 6.6
      vertex 4.62918 88.1413 2
      vertex 4.75051 88.1738 2
    endloop
  endfacet
  facet normal -0.987749 0.156053 0
    outer loop
      vertex 72.1738 4.75051 2
      vertex 72.1934 4.87457 6.6
      vertex 72.1934 4.87457 2
    endloop
  endfacet
  facet normal -0.987749 0.156053 0
    outer loop
      vertex 72.1934 4.87457 6.6
      vertex 72.1738 4.75051 2
      vertex 72.1738 4.75051 6.6
    endloop
  endfacet
  facet normal -0.454016 0.890993 0
    outer loop
      vertex 71.6 3.96077 2
      vertex 71.4881 3.90375 6.6
      vertex 71.6 3.96077 6.6
    endloop
  endfacet
  facet normal -0.454016 0.890993 0
    outer loop
      vertex 71.4881 3.90375 6.6
      vertex 71.6 3.96077 2
      vertex 71.4881 3.90375 2
    endloop
  endfacet
  facet normal -0.777345 0.629075 0
    outer loop
      vertex 71.8918 4.19704 2
      vertex 71.9708 4.29466 6.6
      vertex 71.9708 4.29466 2
    endloop
  endfacet
  facet normal -0.777345 0.629075 0
    outer loop
      vertex 71.9708 4.29466 6.6
      vertex 71.8918 4.19704 2
      vertex 71.8918 4.19704 6.6
    endloop
  endfacet
  facet normal -0.454522 -0.890736 0
    outer loop
      vertex 71.4881 88.0963 2
      vertex 71.6 88.0392 6.6
      vertex 71.4881 88.0963 6.6
    endloop
  endfacet
  facet normal -0.454522 -0.890736 -0
    outer loop
      vertex 71.6 88.0392 6.6
      vertex 71.4881 88.0963 2
      vertex 71.6 88.0392 2
    endloop
  endfacet
  facet normal -0.933612 0.358285 0
    outer loop
      vertex 72.0963 4.51192 2
      vertex 72.1413 4.62918 6.6
      vertex 72.1413 4.62918 2
    endloop
  endfacet
  facet normal -0.933612 0.358285 0
    outer loop
      vertex 72.1413 4.62918 6.6
      vertex 72.0963 4.51192 2
      vertex 72.0963 4.51192 6.6
    endloop
  endfacet
  facet normal 0.358285 -0.933612 0
    outer loop
      vertex 4.51192 88.0963 2
      vertex 4.62918 88.1413 6.6
      vertex 4.51192 88.0963 6.6
    endloop
  endfacet
  facet normal 0.358285 -0.933612 0
    outer loop
      vertex 4.62918 88.1413 6.6
      vertex 4.51192 88.0963 2
      vertex 4.62918 88.1413 2
    endloop
  endfacet
  facet normal 0.258817 0.965926 -0
    outer loop
      vertex 4.75051 3.82622 2
      vertex 4.62918 3.85873 6.6
      vertex 4.75051 3.82622 6.6
    endloop
  endfacet
  facet normal 0.258817 0.965926 0
    outer loop
      vertex 4.62918 3.85873 6.6
      vertex 4.75051 3.82622 2
      vertex 4.62918 3.85873 2
    endloop
  endfacet
  facet normal 0.987687 0.156441 0
    outer loop
      vertex 3.82622 4.75051 6.6
      vertex 3.80657 4.87457 2
      vertex 3.80657 4.87457 6.6
    endloop
  endfacet
  facet normal 0.987687 0.156441 0
    outer loop
      vertex 3.80657 4.87457 2
      vertex 3.82622 4.75051 6.6
      vertex 3.82622 4.75051 2
    endloop
  endfacet
  facet normal -0.629004 0.777402 0
    outer loop
      vertex 71.803 4.10823 2
      vertex 71.7053 4.02918 6.6
      vertex 71.803 4.10823 6.6
    endloop
  endfacet
  facet normal -0.629004 0.777402 0
    outer loop
      vertex 71.7053 4.02918 6.6
      vertex 71.803 4.10823 2
      vertex 71.7053 4.02918 2
    endloop
  endfacet
  facet normal -0.96593 -0.258802 0
    outer loop
      vertex 72.1738 87.2495 2
      vertex 72.1413 87.3708 6.6
      vertex 72.1413 87.3708 2
    endloop
  endfacet
  facet normal -0.96593 -0.258802 0
    outer loop
      vertex 72.1413 87.3708 6.6
      vertex 72.1738 87.2495 2
      vertex 72.1738 87.2495 6.6
    endloop
  endfacet
  facet normal 0.998631 0.0523081 0
    outer loop
      vertex 3.80657 4.87457 6.6
      vertex 3.8 5 2
      vertex 3.8 5 6.6
    endloop
  endfacet
  facet normal 0.998631 0.0523081 0
    outer loop
      vertex 3.8 5 2
      vertex 3.80657 4.87457 6.6
      vertex 3.80657 4.87457 2
    endloop
  endfacet
  facet normal -0.258877 0.96591 0
    outer loop
      vertex 71.3708 3.85873 2
      vertex 71.2495 3.82622 6.6
      vertex 71.3708 3.85873 6.6
    endloop
  endfacet
  facet normal -0.258877 0.96591 0
    outer loop
      vertex 71.2495 3.82622 6.6
      vertex 71.3708 3.85873 2
      vertex 71.2495 3.82622 2
    endloop
  endfacet
  facet normal -0.358179 -0.933653 0
    outer loop
      vertex 71.3708 88.1413 2
      vertex 71.4881 88.0963 6.6
      vertex 71.3708 88.1413 6.6
    endloop
  endfacet
  facet normal -0.358179 -0.933653 -0
    outer loop
      vertex 71.4881 88.0963 6.6
      vertex 71.3708 88.1413 2
      vertex 71.4881 88.0963 2
    endloop
  endfacet
  facet normal 0.96591 -0.258877 0
    outer loop
      vertex 3.82622 87.2495 6.6
      vertex 3.85873 87.3708 2
      vertex 3.85873 87.3708 6.6
    endloop
  endfacet
  facet normal 0.96591 -0.258877 0
    outer loop
      vertex 3.85873 87.3708 2
      vertex 3.82622 87.2495 6.6
      vertex 3.82622 87.2495 2
    endloop
  endfacet
  facet normal 0.0525463 -0.998618 0
    outer loop
      vertex 4.87457 88.1934 2
      vertex 5 88.2 6.6
      vertex 4.87457 88.1934 6.6
    endloop
  endfacet
  facet normal 0.0525463 -0.998618 0
    outer loop
      vertex 5 88.2 6.6
      vertex 4.87457 88.1934 2
      vertex 5 88.2 2
    endloop
  endfacet
  facet normal -0.0525588 -0.998618 0
    outer loop
      vertex 71 88.2 2
      vertex 71.1254 88.1934 6.6
      vertex 71 88.2 6.6
    endloop
  endfacet
  facet normal -0.0525588 -0.998618 -0
    outer loop
      vertex 71.1254 88.1934 6.6
      vertex 71 88.2 2
      vertex 71.1254 88.1934 2
    endloop
  endfacet
  facet normal -0.933653 -0.358179 0
    outer loop
      vertex 72.1413 87.3708 2
      vertex 72.0963 87.4881 6.6
      vertex 72.0963 87.4881 2
    endloop
  endfacet
  facet normal -0.933653 -0.358179 0
    outer loop
      vertex 72.0963 87.4881 6.6
      vertex 72.1413 87.3708 2
      vertex 72.1413 87.3708 6.6
    endloop
  endfacet
  facet normal -1 0 0
    outer loop
      vertex 33.5 2.4 2
      vertex 33.5 3.8 6.6
      vertex 33.5 3.8 2
    endloop
  endfacet
  facet normal -1 -0 0
    outer loop
      vertex 33.5 3.8 6.6
      vertex 33.5 2.4 2
      vertex 33.5 2.4 6.6
    endloop
  endfacet
  facet normal 1 -0 0
    outer loop
      vertex 32.5 2.4 6.6
      vertex 32.5 3.8 2
      vertex 32.5 3.8 6.6
    endloop
  endfacet
  facet normal 1 0 0
    outer loop
      vertex 32.5 3.8 2
      vertex 32.5 2.4 6.6
      vertex 32.5 2.4 2
    endloop
  endfacet
  facet normal -1 0 0
    outer loop
      vertex 43.5 2.4 2
      vertex 43.5 3.8 6.6
      vertex 43.5 3.8 2
    endloop
  endfacet
  facet normal -1 -0 0
    outer loop
      vertex 43.5 3.8 6.6
      vertex 43.5 2.4 2
      vertex 43.5 2.4 6.6
    endloop
  endfacet
  facet normal 1 0 0
    outer loop
      vertex 42.5 2.9 4.6
      vertex 42.5 3.8 6.6
      vertex 42.5 2.9 5.6
    endloop
  endfacet
  facet normal 1 -0 0
    outer loop
      vertex 42.5 2.4 6.6
      vertex 42.5 2.9 5.6
      vertex 42.5 3.8 6.6
    endloop
  endfacet
  facet normal 1 0 0
    outer loop
      vertex 42.5 2.9 5.6
      vertex 42.5 2.4 6.6
      vertex 42.5 2.4 5.6
    endloop
  endfacet
  facet normal 1 0 0
    outer loop
      vertex 42.5 3.8 6.6
      vertex 42.5 2.9 4.6
      vertex 42.5 3.8 2
    endloop
  endfacet
  facet normal 1 0 0
    outer loop
      vertex 42.5 2.4 2
      vertex 42.5 2.9 4.6
      vertex 42.5 2.4 4.6
    endloop
  endfacet
  facet normal 1 0 0
    outer loop
      vertex 42.5 2.9 4.6
      vertex 42.5 2.4 2
      vertex 42.5 3.8 2
    endloop
  endfacet
  facet normal -1 0 0
    outer loop
      vertex 33.5 88.2 2
      vertex 33.5 89.6 6.6
      vertex 33.5 89.6 2
    endloop
  endfacet
  facet normal -1 -0 0
    outer loop
      vertex 33.5 89.6 6.6
      vertex 33.5 88.2 2
      vertex 33.5 88.2 6.6
    endloop
  endfacet
  facet normal 1 -0 0
    outer loop
      vertex 32.5 88.2 6.6
      vertex 32.5 89.6 2
      vertex 32.5 89.6 6.6
    endloop
  endfacet
  facet normal 1 0 0
    outer loop
      vertex 32.5 89.6 2
      vertex 32.5 88.2 6.6
      vertex 32.5 88.2 2
    endloop
  endfacet
  facet normal -1 0 0
    outer loop
      vertex 43.5 88.2 2
      vertex 43.5 89.6 6.6
      vertex 43.5 89.6 2
    endloop
  endfacet
  facet normal -1 -0 0
    outer loop
      vertex 43.5 89.6 6.6
      vertex 43.5 88.2 2
      vertex 43.5 88.2 6.6
    endloop
  endfacet
  facet normal 1 0 0
    outer loop
      vertex 42.5 89.6 6.6
      vertex 42.5 89.1 5.6
      vertex 42.5 89.6 5.6
    endloop
  endfacet
  facet normal 1 0 0
    outer loop
      vertex 42.5 89.1 5.6
      vertex 42.5 88.2 6.6
      vertex 42.5 89.1 4.6
    endloop
  endfacet
  facet normal 1 -0 0
    outer loop
      vertex 42.5 88.2 6.6
      vertex 42.5 89.1 5.6
      vertex 42.5 89.6 6.6
    endloop
  endfacet
  facet normal 1 -0 0
    outer loop
      vertex 42.5 89.1 4.6
      vertex 42.5 89.6 2
      vertex 42.5 89.6 4.6
    endloop
  endfacet
  facet normal 1 0 0
    outer loop
      vertex 42.5 88.2 2
      vertex 42.5 89.1 4.6
      vertex 42.5 88.2 6.6
    endloop
  endfacet
  facet normal 1 0 0
    outer loop
      vertex 42.5 89.1 4.6
      vertex 42.5 88.2 2
      vertex 42.5 89.6 2
    endloop
  endfacet
  facet normal -1 0 0
    outer loop
      vertex 1.75 15.5 4.6
      vertex 1.75 24.5 5
      vertex 1.75 24.5 4.6
    endloop
  endfacet
  facet normal -1 -0 0
    outer loop
      vertex 1.75 24.5 5
      vertex 1.75 15.5 4.6
      vertex 1.75 15.5 5
    endloop
  endfacet
  facet normal -0.917556 0 0.397607
    outer loop
      vertex 1.75 15.5 5
      vertex 2.01 24.5 5.6
      vertex 1.75 24.5 5
    endloop
  endfacet
  facet normal -0.917556 0 0.397607
    outer loop
      vertex 2.01 24.5 5.6
      vertex 1.75 15.5 5
      vertex 2.01 15.5 5.6
    endloop
  endfacet
  facet normal -0 0 1
    outer loop
      vertex 2.01 24.5 5.6
      vertex 2.4 15.5 5.6
      vertex 2.4 24.5 5.6
    endloop
  endfacet
  facet normal 0 0 1
    outer loop
      vertex 2.4 15.5 5.6
      vertex 2.01 24.5 5.6
      vertex 2.01 15.5 5.6
    endloop
  endfacet
  facet normal 0 0 0
    outer loop
      vertex 2.01 24.5 5.6
      vertex 2.4 24.5 5.6
      vertex 2.9 24.5 5.6
    endloop
  endfacet
  facet normal 0 0 -1
    outer loop
      vertex 1.75 15.5 4.6
      vertex 2.4 24.5 4.6
      vertex 2.4 15.5 4.6
    endloop
  endfacet
  facet normal -0 0 -1
    outer loop
      vertex 2.4 24.5 4.6
      vertex 1.75 15.5 4.6
      vertex 1.75 24.5 4.6
    endloop
  endfacet
  facet normal 0 0 -0
    outer loop
      vertex 2.4 24.5 4.6
      vertex 1.75 24.5 4.6
      vertex 2.9 24.5 4.6
    endloop
  endfacet
  facet normal 0 -1 0
    outer loop
      vertex 1.75 15.5 5
      vertex 2.4 15.5 5.6
      vertex 2.01 15.5 5.6
    endloop
  endfacet
  facet normal 0 -1 0
    outer loop
      vertex 2.4 15.5 4.6
      vertex 1.75 15.5 5
      vertex 1.75 15.5 4.6
    endloop
  endfacet
  facet normal 0 -1 0
    outer loop
      vertex 1.75 15.5 5
      vertex 2.4 15.5 4.6
      vertex 2.4 15.5 5.6
    endloop
  endfacet
  facet normal 0 1 -0
    outer loop
      vertex 2.9 24.5 4.6
      vertex 2.01 24.5 5.6
      vertex 2.9 24.5 5.6
    endloop
  endfacet
  facet normal 0 1 0
    outer loop
      vertex 2.01 24.5 5.6
      vertex 2.9 24.5 4.6
      vertex 1.75 24.5 5
    endloop
  endfacet
  facet normal 0 1 0
    outer loop
      vertex 1.75 24.5 5
      vertex 2.9 24.5 4.6
      vertex 1.75 24.5 4.6
    endloop
  endfacet
  facet normal 0 1 0
    outer loop
      vertex 73.1 24.5 4.6
      vertex 73.99 24.5 5.6
      vertex 74.25 24.5 5
    endloop
  endfacet
  facet normal 0 1 0
    outer loop
      vertex 73.1 24.5 4.6
      vertex 74.25 24.5 5
      vertex 74.25 24.5 4.6
    endloop
  endfacet
  facet normal 0 1 0
    outer loop
      vertex 73.99 24.5 5.6
      vertex 73.1 24.5 4.6
      vertex 73.1 24.5 5.6
    endloop
  endfacet
  facet normal 0 -1 0
    outer loop
      vertex 73.6 15.5 5.6
      vertex 74.25 15.5 5
      vertex 73.99 15.5 5.6
    endloop
  endfacet
  facet normal 0 -1 0
    outer loop
      vertex 73.6 15.5 4.6
      vertex 74.25 15.5 5
      vertex 73.6 15.5 5.6
    endloop
  endfacet
  facet normal 0 -1 -0
    outer loop
      vertex 74.25 15.5 5
      vertex 73.6 15.5 4.6
      vertex 74.25 15.5 4.6
    endloop
  endfacet
  facet normal 0 0 -1
    outer loop
      vertex 73.6 15.5 4.6
      vertex 74.25 24.5 4.6
      vertex 74.25 15.5 4.6
    endloop
  endfacet
  facet normal -0 0 -1
    outer loop
      vertex 74.25 24.5 4.6
      vertex 73.6 15.5 4.6
      vertex 73.6 24.5 4.6
    endloop
  endfacet
  facet normal 0 0 0
    outer loop
      vertex 74.25 24.5 4.6
      vertex 73.6 24.5 4.6
      vertex 73.1 24.5 4.6
    endloop
  endfacet
  facet normal 1 -0 0
    outer loop
      vertex 74.25 15.5 5
      vertex 74.25 24.5 4.6
      vertex 74.25 24.5 5
    endloop
  endfacet
  facet normal 1 0 0
    outer loop
      vertex 74.25 24.5 4.6
      vertex 74.25 15.5 5
      vertex 74.25 15.5 4.6
    endloop
  endfacet
  facet normal 0.917556 -0 0.397607
    outer loop
      vertex 73.99 15.5 5.6
      vertex 74.25 24.5 5
      vertex 73.99 24.5 5.6
    endloop
  endfacet
  facet normal 0.917556 0 0.397607
    outer loop
      vertex 74.25 24.5 5
      vertex 73.99 15.5 5.6
      vertex 74.25 15.5 5
    endloop
  endfacet
  facet normal -0 0 1
    outer loop
      vertex 73.6 24.5 5.6
      vertex 73.99 15.5 5.6
      vertex 73.99 24.5 5.6
    endloop
  endfacet
  facet normal 0 0 1
    outer loop
      vertex 73.99 15.5 5.6
      vertex 73.6 24.5 5.6
      vertex 73.6 15.5 5.6
    endloop
  endfacet
  facet normal 0 0 0
    outer loop
      vertex 73.99 24.5 5.6
      vertex 73.1 24.5 5.6
      vertex 73.6 24.5 5.6
    endloop
  endfacet
  facet normal -1 0 0
    outer loop
      vertex 1.75 78.5 4.6
      vertex 1.75 87.5 5
      vertex 1.75 87.5 4.6
    endloop
  endfacet
  facet normal -1 -0 0
    outer loop
      vertex 1.75 87.5 5
      vertex 1.75 78.5 4.6
      vertex 1.75 78.5 5
    endloop
  endfacet
  facet normal -0.917556 0 0.397607
    outer loop
      vertex 1.75 78.5 5
      vertex 2.01 87.5 5.6
      vertex 1.75 87.5 5
    endloop
  endfacet
  facet normal -0.917556 0 0.397607
    outer loop
      vertex 2.01 87.5 5.6
      vertex 1.75 78.5 5
      vertex 2.01 78.5 5.6
    endloop
  endfacet
  facet normal -0 0 1
    outer loop
      vertex 2.01 87.5 5.6
      vertex 2.41424 87.2718 5.6
      vertex 2.45039 87.5 5.6
    endloop
  endfacet
  facet normal 0 0 1
    outer loop
      vertex 2.01 87.5 5.6
      vertex 2.4 87 5.6
      vertex 2.41424 87.2718 5.6
    endloop
  endfacet
  facet normal 0 0 1
    outer loop
      vertex 2.01 78.5 5.6
      vertex 2.4 87 5.6
      vertex 2.01 87.5 5.6
    endloop
  endfacet
  facet normal 0 0 1
    outer loop
      vertex 2.4 87 5.6
      vertex 2.01 78.5 5.6
      vertex 2.4 78.5 5.6
    endloop
  endfacet
  facet normal 0 0 0
    outer loop
      vertex 2.01 87.5 5.6
      vertex 2.45039 87.5 5.6
      vertex 2.9 87.5 5.6
    endloop
  endfacet
  facet normal 0 0 -1
    outer loop
      vertex 2.4 78.5 4.6
      vertex 1.75 78.5 4.6
      vertex 2.4 87 4.6
    endloop
  endfacet
  facet normal 0 0 -1
    outer loop
      vertex 1.75 87.5 4.6
      vertex 2.4 87 4.6
      vertex 1.75 78.5 4.6
    endloop
  endfacet
  facet normal 0 0 -1
    outer loop
      vertex 2.41424 87.2718 4.6
      vertex 1.75 87.5 4.6
      vertex 2.45039 87.5 4.6
    endloop
  endfacet
  facet normal 0 0 -1
    outer loop
      vertex 2.4 87 4.6
      vertex 1.75 87.5 4.6
      vertex 2.41424 87.2718 4.6
    endloop
  endfacet
  facet normal 0 0 -0
    outer loop
      vertex 2.45039 87.5 4.6
      vertex 1.75 87.5 4.6
      vertex 2.9 87.5 4.6
    endloop
  endfacet
  facet normal 0 -1 0
    outer loop
      vertex 1.75 78.5 5
      vertex 2.4 78.5 5.6
      vertex 2.01 78.5 5.6
    endloop
  endfacet
  facet normal 0 -1 0
    outer loop
      vertex 2.4 78.5 4.6
      vertex 1.75 78.5 5
      vertex 1.75 78.5 4.6
    endloop
  endfacet
  facet normal 0 -1 0
    outer loop
      vertex 1.75 78.5 5
      vertex 2.4 78.5 4.6
      vertex 2.4 78.5 5.6
    endloop
  endfacet
  facet normal 0 1 -0
    outer loop
      vertex 2.9 87.5 4.6
      vertex 2.01 87.5 5.6
      vertex 2.9 87.5 5.6
    endloop
  endfacet
  facet normal 0 1 0
    outer loop
      vertex 2.01 87.5 5.6
      vertex 2.9 87.5 4.6
      vertex 1.75 87.5 5
    endloop
  endfacet
  facet normal 0 1 0
    outer loop
      vertex 1.75 87.5 5
      vertex 2.9 87.5 4.6
      vertex 1.75 87.5 4.6
    endloop
  endfacet
  facet normal 0 -1 0
    outer loop
      vertex 73.6 78.5 5.6
      vertex 74.25 78.5 5
      vertex 73.99 78.5 5.6
    endloop
  endfacet
  facet normal 0 -1 0
    outer loop
      vertex 73.6 78.5 4.6
      vertex 74.25 78.5 5
      vertex 73.6 78.5 5.6
    endloop
  endfacet
  facet normal 0 -1 -0
    outer loop
      vertex 74.25 78.5 5
      vertex 73.6 78.5 4.6
      vertex 74.25 78.5 4.6
    endloop
  endfacet
  facet normal 0 0 -1
    outer loop
      vertex 73.6 87 4.6
      vertex 74.25 78.5 4.6
      vertex 73.6 78.5 4.6
    endloop
  endfacet
  facet normal 0 0 -1
    outer loop
      vertex 74.25 78.5 4.6
      vertex 73.6 87 4.6
      vertex 74.25 87.5 4.6
    endloop
  endfacet
  facet normal 0 0 -1
    outer loop
      vertex 73.5858 87.2718 4.6
      vertex 74.25 87.5 4.6
      vertex 73.6 87 4.6
    endloop
  endfacet
  facet normal -0 0 -1
    outer loop
      vertex 74.25 87.5 4.6
      vertex 73.5858 87.2718 4.6
      vertex 73.5496 87.5 4.6
    endloop
  endfacet
  facet normal 0 0 0
    outer loop
      vertex 74.25 87.5 4.6
      vertex 73.5496 87.5 4.6
      vertex 73.1 87.5 4.6
    endloop
  endfacet
  facet normal 1 -0 0
    outer loop
      vertex 74.25 78.5 5
      vertex 74.25 87.5 4.6
      vertex 74.25 87.5 5
    endloop
  endfacet
  facet normal 1 0 0
    outer loop
      vertex 74.25 87.5 4.6
      vertex 74.25 78.5 5
      vertex 74.25 78.5 4.6
    endloop
  endfacet
  facet normal 0 0 1
    outer loop
      vertex 73.99 87.5 5.6
      vertex 73.6 87 5.6
      vertex 73.99 78.5 5.6
    endloop
  endfacet
  facet normal 0 0 1
    outer loop
      vertex 73.99 87.5 5.6
      vertex 73.5858 87.2718 5.6
      vertex 73.6 87 5.6
    endloop
  endfacet
  facet normal 0 -0 1
    outer loop
      vertex 73.5858 87.2718 5.6
      vertex 73.99 87.5 5.6
      vertex 73.5496 87.5 5.6
    endloop
  endfacet
  facet normal 0 0 1
    outer loop
      vertex 73.99 78.5 5.6
      vertex 73.6 87 5.6
      vertex 73.6 78.5 5.6
    endloop
  endfacet
  facet normal 0 0 0
    outer loop
      vertex 73.99 87.5 5.6
      vertex 73.1 87.5 5.6
      vertex 73.5496 87.5 5.6
    endloop
  endfacet
  facet normal 0.917556 -0 0.397607
    outer loop
      vertex 73.99 78.5 5.6
      vertex 74.25 87.5 5
      vertex 73.99 87.5 5.6
    endloop
  endfacet
  facet normal 0.917556 0 0.397607
    outer loop
      vertex 74.25 87.5 5
      vertex 73.99 78.5 5.6
      vertex 74.25 78.5 5
    endloop
  endfacet
  facet normal 0 1 0
    outer loop
      vertex 73.1 87.5 4.6
      vertex 73.99 87.5 5.6
      vertex 74.25 87.5 5
    endloop
  endfacet
  facet normal 0 1 0
    outer loop
      vertex 73.1 87.5 4.6
      vertex 74.25 87.5 5
      vertex 74.25 87.5 4.6
    endloop
  endfacet
  facet normal 0 1 0
    outer loop
      vertex 73.99 87.5 5.6
      vertex 73.1 87.5 4.6
      vertex 73.1 87.5 5.6
    endloop
  endfacet
  facet normal -0 0 1
    outer loop
      vertex 33.5 2.4 5.6
      vertex 42.5 2.01 5.6
      vertex 42.5 2.4 5.6
    endloop
  endfacet
  facet normal 0 0 1
    outer loop
      vertex 42.5 2.01 5.6
      vertex 33.5 2.4 5.6
      vertex 33.5 2.01 5.6
    endloop
  endfacet
  facet normal -0 0 0
    outer loop
      vertex 42.5 2.4 5.6
      vertex 42.5 2.01 5.6
      vertex 42.5 2.9 5.6
    endloop
  endfacet
  facet normal 0 -1 0
    outer loop
      vertex 33.5 1.75 4.6
      vertex 42.5 1.75 5
      vertex 33.5 1.75 5
    endloop
  endfacet
  facet normal 0 -1 -0
    outer loop
      vertex 42.5 1.75 5
      vertex 33.5 1.75 4.6
      vertex 42.5 1.75 4.6
    endloop
  endfacet
  facet normal 0 0 -1
    outer loop
      vertex 33.5 1.75 4.6
      vertex 42.5 2.4 4.6
      vertex 42.5 1.75 4.6
    endloop
  endfacet
  facet normal -0 0 -1
    outer loop
      vertex 42.5 2.4 4.6
      vertex 33.5 1.75 4.6
      vertex 33.5 2.4 4.6
    endloop
  endfacet
  facet normal 0 0 0
    outer loop
      vertex 42.5 1.75 4.6
      vertex 42.5 2.4 4.6
      vertex 42.5 2.9 4.6
    endloop
  endfacet
  facet normal 0 -0.917556 0.397607
    outer loop
      vertex 33.5 1.75 5
      vertex 42.5 2.01 5.6
      vertex 33.5 2.01 5.6
    endloop
  endfacet
  facet normal 0 -0.917556 0.397607
    outer loop
      vertex 42.5 2.01 5.6
      vertex 33.5 1.75 5
      vertex 42.5 1.75 5
    endloop
  endfacet
  facet normal -1 0 0
    outer loop
      vertex 33.5 1.75 5
      vertex 33.5 2.4 5.6
      vertex 33.5 2.4 4.6
    endloop
  endfacet
  facet normal -1 0 0
    outer loop
      vertex 33.5 1.75 5
      vertex 33.5 2.4 4.6
      vertex 33.5 1.75 4.6
    endloop
  endfacet
  facet normal -1 -0 0
    outer loop
      vertex 33.5 2.4 5.6
      vertex 33.5 1.75 5
      vertex 33.5 2.01 5.6
    endloop
  endfacet
  facet normal 1 -0 0
    outer loop
      vertex 42.5 2.01 5.6
      vertex 42.5 2.9 4.6
      vertex 42.5 2.9 5.6
    endloop
  endfacet
  facet normal 1 -0 0
    outer loop
      vertex 42.5 1.75 5
      vertex 42.5 2.9 4.6
      vertex 42.5 2.01 5.6
    endloop
  endfacet
  facet normal 1 0 0
    outer loop
      vertex 42.5 2.9 4.6
      vertex 42.5 1.75 5
      vertex 42.5 1.75 4.6
    endloop
  endfacet
  facet normal -0 0 1
    outer loop
      vertex 33.5 89.99 5.6
      vertex 42.5 89.6 5.6
      vertex 42.5 89.99 5.6
    endloop
  endfacet
  facet normal 0 0 1
    outer loop
      vertex 42.5 89.6 5.6
      vertex 33.5 89.99 5.6
      vertex 33.5 89.6 5.6
    endloop
  endfacet
  facet normal 0 0 0
    outer loop
      vertex 42.5 89.99 5.6
      vertex 42.5 89.6 5.6
      vertex 42.5 89.1 5.6
    endloop
  endfacet
  facet normal -1 0 0
    outer loop
      vertex 33.5 89.6 4.6
      vertex 33.5 90.25 5
      vertex 33.5 90.25 4.6
    endloop
  endfacet
  facet normal -1 0 0
    outer loop
      vertex 33.5 89.6 5.6
      vertex 33.5 90.25 5
      vertex 33.5 89.6 4.6
    endloop
  endfacet
  facet normal -1 0 0
    outer loop
      vertex 33.5 90.25 5
      vertex 33.5 89.6 5.6
      vertex 33.5 89.99 5.6
    endloop
  endfacet
  facet normal 1 0 0
    outer loop
      vertex 42.5 89.1 4.6
      vertex 42.5 90.25 5
      vertex 42.5 89.99 5.6
    endloop
  endfacet
  facet normal 1 0 0
    outer loop
      vertex 42.5 89.1 4.6
      vertex 42.5 89.99 5.6
      vertex 42.5 89.1 5.6
    endloop
  endfacet
  facet normal 1 0 0
    outer loop
      vertex 42.5 90.25 5
      vertex 42.5 89.1 4.6
      vertex 42.5 90.25 4.6
    endloop
  endfacet
  facet normal 0 0.917556 0.397607
    outer loop
      vertex 42.5 90.25 5
      vertex 33.5 89.99 5.6
      vertex 42.5 89.99 5.6
    endloop
  endfacet
  facet normal 0 0.917556 0.397607
    outer loop
      vertex 33.5 89.99 5.6
      vertex 42.5 90.25 5
      vertex 33.5 90.25 5
    endloop
  endfacet
  facet normal 0 0 -1
    outer loop
      vertex 33.5 89.6 4.6
      vertex 42.5 90.25 4.6
      vertex 42.5 89.6 4.6
    endloop
  endfacet
  facet normal -0 0 -1
    outer loop
      vertex 42.5 90.25 4.6
      vertex 33.5 89.6 4.6
      vertex 33.5 90.25 4.6
    endloop
  endfacet
  facet normal 0 0 -0
    outer loop
      vertex 42.5 89.6 4.6
      vertex 42.5 90.25 4.6
      vertex 42.5 89.1 4.6
    endloop
  endfacet
  facet normal 0 1 -0
    outer loop
      vertex 42.5 90.25 4.6
      vertex 33.5 90.25 5
      vertex 42.5 90.25 5
    endloop
  endfacet
  facet normal 0 1 0
    outer loop
      vertex 33.5 90.25 5
      vertex 42.5 90.25 4.6
      vertex 33.5 90.25 4.6
    endloop
  endfacet
  facet normal -0.705208 -0.705208 0.0732276
    outer loop
      vertex 17.1137 48.1617 8.8
      vertex 16.9272 47.6421 2
      vertex 17.2617 48.0137 8.8
    endloop
  endfacet
  facet normal 0.931173 -0.357147 0.0732306
    outer loop
      vertex 20.9776 48.7275 2
      vertex 20.4271 48.6865 8.8
      vertex 20.8839 48.4832 2
    endloop
  endfacet
  facet normal -0.985064 0.155837 0.0732363
    outer loop
      vertex 16.6437 49.9158 8.8
      vertex 16.1137 49.7613 2
      vertex 16.611 49.7091 8.8
    endloop
  endfacet
  facet normal 0.0523927 -0.995938 0.0732307
    outer loop
      vertex 18.6 47 2
      vertex 18.8091 47.511 8.8
      vertex 18.6 47.5 8.8
    endloop
  endfacet
  facet normal 0.0522176 -0.995947 0.0732368
    outer loop
      vertex 18.8091 47.511 8.8
      vertex 18.6 47 2
      vertex 18.8613 47.0137 2
    endloop
  endfacet
  facet normal 0.836323 0.543324 0.0732317
    outer loop
      vertex 20.6225 50.9695 2
      vertex 20.218 50.6756 8.8
      vertex 20.7651 50.75 2
    endloop
  endfacet
  facet normal 0.258442 0.963247 0.0732284
    outer loop
      vertex 19.3725 51.8776 2
      vertex 19.1198 51.9454 2
      vertex 19.218 51.4021 8.8
    endloop
  endfacet
  facet normal -0.888647 0.452707 0.0732308
    outer loop
      vertex 16.4349 50.75 2
      vertex 16.3161 50.5168 2
      vertex 16.7729 50.3135 8.8
    endloop
  endfacet
  facet normal -0.705208 0.705208 0.0732276
    outer loop
      vertex 17.2617 50.9863 8.8
      vertex 16.9272 51.3579 2
      vertex 17.1137 50.8383 8.8
    endloop
  endfacet
  facet normal -0.963307 0.258216 0.0732365
    outer loop
      vertex 16.6979 50.118 8.8
      vertex 16.1546 50.0198 2
      vertex 16.6437 49.9158 8.8
    endloop
  endfacet
  facet normal -0.452671 -0.888665 0.0732309
    outer loop
      vertex 17.6 47.7679 8.8
      vertex 17.5832 47.2161 2
      vertex 17.7865 47.6729 8.8
    endloop
  endfacet
  facet normal 0.627481 0.77518 0.0732319
    outer loop
      vertex 20.0695 51.5225 2
      vertex 19.7756 51.118 8.8
      vertex 19.9383 50.9863 8.8
    endloop
  endfacet
  facet normal 0.155857 -0.985061 0.0732357
    outer loop
      vertex 19.0158 47.5437 8.8
      vertex 18.8613 47.0137 2
      vertex 19.1198 47.0546 2
    endloop
  endfacet
  facet normal 0.888647 -0.452707 0.0732308
    outer loop
      vertex 20.8839 48.4832 2
      vertex 20.4271 48.6865 8.8
      vertex 20.7651 48.25 2
    endloop
  endfacet
  facet normal 0.357147 0.931173 0.0732283
    outer loop
      vertex 19.3725 51.8776 2
      vertex 19.218 51.4021 8.8
      vertex 19.6168 51.7839 2
    endloop
  endfacet
  facet normal 0.357217 0.931146 0.0732309
    outer loop
      vertex 19.6168 51.7839 2
      vertex 19.218 51.4021 8.8
      vertex 19.4135 51.3271 8.8
    endloop
  endfacet
  facet normal -0.155837 -0.985064 0.0732363
    outer loop
      vertex 18.3909 47.511 8.8
      vertex 18.1842 47.5437 8.8
      vertex 18.3387 47.0137 2
    endloop
  endfacet
  facet normal -0.452707 0.888646 0.0732426
    outer loop
      vertex 17.5832 51.7839 2
      vertex 17.35 51.6651 2
      vertex 17.6 51.232 8.8
    endloop
  endfacet
  facet normal -0.775114 -0.627564 0.0732315
    outer loop
      vertex 16.982 48.3244 8.8
      vertex 16.5775 48.0305 2
      vertex 16.7421 47.8272 2
    endloop
  endfacet
  facet normal -0.775114 0.627564 0.0732315
    outer loop
      vertex 16.7421 51.1728 2
      vertex 16.5775 50.9695 2
      vertex 16.982 50.6756 8.8
    endloop
  endfacet
  facet normal 0.963308 0.258216 0.0732275
    outer loop
      vertex 20.9776 50.2725 2
      vertex 20.5021 50.118 8.8
      vertex 20.5563 49.9158 8.8
    endloop
  endfacet
  facet normal 0.931146 0.357217 0.073228
    outer loop
      vertex 20.9776 50.2725 2
      vertex 20.4271 50.3135 8.8
      vertex 20.5021 50.118 8.8
    endloop
  endfacet
  facet normal -0.0522177 0.995947 0.0732314
    outer loop
      vertex 18.6 52 2
      vertex 18.3387 51.9863 2
      vertex 18.6 51.5 8.8
    endloop
  endfacet
  facet normal 0.77518 -0.627482 0.0732279
    outer loop
      vertex 20.218 48.3244 8.8
      vertex 20.0863 48.1617 8.8
      vertex 20.4579 47.8272 2
    endloop
  endfacet
  facet normal -0.627482 0.77518 0.0732279
    outer loop
      vertex 17.4244 51.118 8.8
      vertex 16.9272 51.3579 2
      vertex 17.2617 50.9863 8.8
    endloop
  endfacet
  facet normal 0.357147 -0.931173 0.0732283
    outer loop
      vertex 19.6168 47.2161 2
      vertex 19.218 47.5979 8.8
      vertex 19.3725 47.1224 2
    endloop
  endfacet
  facet normal 0.627564 0.775114 0.0732283
    outer loop
      vertex 20.0695 51.5225 2
      vertex 19.9383 50.9863 8.8
      vertex 20.2728 51.3579 2
    endloop
  endfacet
  facet normal -0.985064 -0.155837 0.0732363
    outer loop
      vertex 16.611 49.2909 8.8
      vertex 16.1137 49.2387 2
      vertex 16.6437 49.0842 8.8
    endloop
  endfacet
  facet normal 0.627564 -0.775114 0.0732283
    outer loop
      vertex 20.2728 47.6421 2
      vertex 19.9383 48.0137 8.8
      vertex 20.0695 47.4775 2
    endloop
  endfacet
  facet normal -0.627564 0.775114 0.0732315
    outer loop
      vertex 17.1305 51.5225 2
      vertex 16.9272 51.3579 2
      vertex 17.4244 51.118 8.8
    endloop
  endfacet
  facet normal -0.705208 0.705208 0.0732276
    outer loop
      vertex 16.9272 51.3579 2
      vertex 16.7421 51.1728 2
      vertex 17.1137 50.8383 8.8
    endloop
  endfacet
  facet normal 0.453049 0.888472 0.073244
    outer loop
      vertex 19.85 51.6651 2
      vertex 19.4135 51.3271 8.8
      vertex 19.6 51.232 8.8
    endloop
  endfacet
  facet normal -0.77518 -0.627482 0.0732279
    outer loop
      vertex 16.982 48.3244 8.8
      vertex 16.7421 47.8272 2
      vertex 17.1137 48.1617 8.8
    endloop
  endfacet
  facet normal 0.985061 -0.155857 0.0732363
    outer loop
      vertex 21.0863 49.2387 2
      vertex 20.589 49.2909 8.8
      vertex 21.0454 48.9802 2
    endloop
  endfacet
  facet normal 0.77518 0.627482 0.0732279
    outer loop
      vertex 20.4579 51.1728 2
      vertex 20.0863 50.8383 8.8
      vertex 20.218 50.6756 8.8
    endloop
  endfacet
  facet normal 0.543391 -0.83628 0.0732289
    outer loop
      vertex 19.7756 47.882 8.8
      vertex 19.6 47.7679 8.8
      vertex 19.85 47.3349 2
    endloop
  endfacet
  facet normal 0.452707 0.888647 0.0732308
    outer loop
      vertex 19.6168 51.7839 2
      vertex 19.4135 51.3271 8.8
      vertex 19.85 51.6651 2
    endloop
  endfacet
  facet normal -0.543324 0.836323 0.0732317
    outer loop
      vertex 17.35 51.6651 2
      vertex 17.1305 51.5225 2
      vertex 17.4244 51.118 8.8
    endloop
  endfacet
  facet normal -0.543056 0.836496 0.0732427
    outer loop
      vertex 17.6 51.232 8.8
      vertex 17.35 51.6651 2
      vertex 17.4244 51.118 8.8
    endloop
  endfacet
  facet normal -0.357217 0.931146 0.0732309
    outer loop
      vertex 17.982 51.4021 8.8
      vertex 17.5832 51.7839 2
      vertex 17.7865 51.3271 8.8
    endloop
  endfacet
  facet normal -0.357147 -0.931173 0.0732283
    outer loop
      vertex 17.982 47.5979 8.8
      vertex 17.5832 47.2161 2
      vertex 17.8275 47.1224 2
    endloop
  endfacet
  facet normal -0.258442 0.963247 0.0732284
    outer loop
      vertex 18.0802 51.9454 2
      vertex 17.8275 51.8776 2
      vertex 17.982 51.4021 8.8
    endloop
  endfacet
  facet normal -0.995947 -0.0522177 0.0732314
    outer loop
      vertex 16.6 49.5 8.8
      vertex 16.1 49.5 2
      vertex 16.1137 49.2387 2
    endloop
  endfacet
  facet normal 0.258216 0.963307 0.0732365
    outer loop
      vertex 19.1198 51.9454 2
      vertex 19.0158 51.4563 8.8
      vertex 19.218 51.4021 8.8
    endloop
  endfacet
  facet normal 0.357217 -0.931146 0.0732309
    outer loop
      vertex 19.4135 47.6729 8.8
      vertex 19.218 47.5979 8.8
      vertex 19.6168 47.2161 2
    endloop
  endfacet
  facet normal 0.155857 0.985061 0.0732357
    outer loop
      vertex 19.1198 51.9454 2
      vertex 18.8613 51.9863 2
      vertex 19.0158 51.4563 8.8
    endloop
  endfacet
  facet normal 0.543324 -0.836323 0.0732317
    outer loop
      vertex 20.0695 47.4775 2
      vertex 19.7756 47.882 8.8
      vertex 19.85 47.3349 2
    endloop
  endfacet
  facet normal -0.77518 0.627482 0.0732279
    outer loop
      vertex 17.1137 50.8383 8.8
      vertex 16.7421 51.1728 2
      vertex 16.982 50.6756 8.8
    endloop
  endfacet
  facet normal 0.705208 -0.705208 0.0732276
    outer loop
      vertex 19.9383 48.0137 8.8
      vertex 20.4579 47.8272 2
      vertex 20.0863 48.1617 8.8
    endloop
  endfacet
  facet normal 0.705208 -0.705208 0.0732276
    outer loop
      vertex 20.4579 47.8272 2
      vertex 19.9383 48.0137 8.8
      vertex 20.2728 47.6421 2
    endloop
  endfacet
  facet normal -0.155837 0.985064 0.0732363
    outer loop
      vertex 18.3387 51.9863 2
      vertex 18.1842 51.4563 8.8
      vertex 18.3909 51.489 8.8
    endloop
  endfacet
  facet normal -0.0523927 -0.995937 0.0732374
    outer loop
      vertex 18.3387 47.0137 2
      vertex 18.6 47.5 8.8
      vertex 18.3909 47.511 8.8
    endloop
  endfacet
  facet normal -0.0522177 -0.995947 0.0732314
    outer loop
      vertex 18.6 47.5 8.8
      vertex 18.3387 47.0137 2
      vertex 18.6 47 2
    endloop
  endfacet
  facet normal 0.258442 -0.963247 0.0732284
    outer loop
      vertex 19.218 47.5979 8.8
      vertex 19.1198 47.0546 2
      vertex 19.3725 47.1224 2
    endloop
  endfacet
  facet normal -0.357217 -0.931146 0.0732309
    outer loop
      vertex 17.7865 47.6729 8.8
      vertex 17.5832 47.2161 2
      vertex 17.982 47.5979 8.8
    endloop
  endfacet
  facet normal -0.258216 0.963307 0.0732365
    outer loop
      vertex 18.0802 51.9454 2
      vertex 17.982 51.4021 8.8
      vertex 18.1842 51.4563 8.8
    endloop
  endfacet
  facet normal -0.931146 0.357217 0.0732309
    outer loop
      vertex 16.7729 50.3135 8.8
      vertex 16.3161 50.5168 2
      vertex 16.6979 50.118 8.8
    endloop
  endfacet
  facet normal -0.995937 0.0523927 0.0732374
    outer loop
      vertex 16.611 49.7091 8.8
      vertex 16.1137 49.7613 2
      vertex 16.6 49.5 8.8
    endloop
  endfacet
  facet normal 0.888665 0.452671 0.0732294
    outer loop
      vertex 20.7651 50.75 2
      vertex 20.3321 50.5 8.8
      vertex 20.4271 50.3135 8.8
    endloop
  endfacet
  facet normal -0.836323 0.543324 0.0732317
    outer loop
      vertex 16.5775 50.9695 2
      vertex 16.4349 50.75 2
      vertex 16.982 50.6756 8.8
    endloop
  endfacet
  facet normal 0.543324 0.836323 0.0732317
    outer loop
      vertex 19.85 51.6651 2
      vertex 19.7756 51.118 8.8
      vertex 20.0695 51.5225 2
    endloop
  endfacet
  facet normal -0.45305 0.888473 0.0732293
    outer loop
      vertex 17.7865 51.3271 8.8
      vertex 17.5832 51.7839 2
      vertex 17.6 51.232 8.8
    endloop
  endfacet
  facet normal -0.83628 -0.543391 0.0732289
    outer loop
      vertex 16.8679 48.5 8.8
      vertex 16.4349 48.25 2
      vertex 16.982 48.3244 8.8
    endloop
  endfacet
  facet normal 0.931146 -0.357217 0.073228
    outer loop
      vertex 20.5021 48.882 8.8
      vertex 20.4271 48.6865 8.8
      vertex 20.9776 48.7275 2
    endloop
  endfacet
  facet normal 0.775114 0.627564 0.0732315
    outer loop
      vertex 20.4579 51.1728 2
      vertex 20.218 50.6756 8.8
      vertex 20.6225 50.9695 2
    endloop
  endfacet
  facet normal -0.888647 -0.452707 0.0732308
    outer loop
      vertex 16.7729 48.6865 8.8
      vertex 16.3161 48.4832 2
      vertex 16.4349 48.25 2
    endloop
  endfacet
  facet normal -0.931173 -0.357147 0.0732283
    outer loop
      vertex 16.6979 48.882 8.8
      vertex 16.2224 48.7275 2
      vertex 16.3161 48.4832 2
    endloop
  endfacet
  facet normal 0.705208 0.705208 0.0732276
    outer loop
      vertex 19.9383 50.9863 8.8
      vertex 20.4579 51.1728 2
      vertex 20.2728 51.3579 2
    endloop
  endfacet
  facet normal 0.705208 0.705208 0.0732276
    outer loop
      vertex 20.4579 51.1728 2
      vertex 19.9383 50.9863 8.8
      vertex 20.0863 50.8383 8.8
    endloop
  endfacet
  facet normal 0.995937 0.0523927 0.0732374
    outer loop
      vertex 20.6 49.5 8.8
      vertex 21.0863 49.7613 2
      vertex 20.589 49.7091 8.8
    endloop
  endfacet
  facet normal 0.995947 0.0522177 0.0732314
    outer loop
      vertex 21.0863 49.7613 2
      vertex 20.6 49.5 8.8
      vertex 21.1 49.5 2
    endloop
  endfacet
  facet normal 0.0522177 0.995947 0.0732314
    outer loop
      vertex 18.6 52 2
      vertex 18.6 51.5 8.8
      vertex 18.8613 51.9863 2
    endloop
  endfacet
  facet normal -0.995947 0.0522177 0.0732314
    outer loop
      vertex 16.1137 49.7613 2
      vertex 16.1 49.5 2
      vertex 16.6 49.5 8.8
    endloop
  endfacet
  facet normal 0.627481 -0.77518 0.0732319
    outer loop
      vertex 19.9383 48.0137 8.8
      vertex 19.7756 47.882 8.8
      vertex 20.0695 47.4775 2
    endloop
  endfacet
  facet normal -0.985061 0.155857 0.0732357
    outer loop
      vertex 16.1546 50.0198 2
      vertex 16.1137 49.7613 2
      vertex 16.6437 49.9158 8.8
    endloop
  endfacet
  facet normal -0.705208 -0.705208 0.0732276
    outer loop
      vertex 17.1137 48.1617 8.8
      vertex 16.7421 47.8272 2
      vertex 16.9272 47.6421 2
    endloop
  endfacet
  facet normal 0.995947 -0.0522176 0.0732368
    outer loop
      vertex 21.1 49.5 2
      vertex 20.589 49.2909 8.8
      vertex 21.0863 49.2387 2
    endloop
  endfacet
  facet normal 0.995938 -0.0523927 0.0732307
    outer loop
      vertex 20.6 49.5 8.8
      vertex 20.589 49.2909 8.8
      vertex 21.1 49.5 2
    endloop
  endfacet
  facet normal -0.83628 0.543391 0.0732289
    outer loop
      vertex 16.982 50.6756 8.8
      vertex 16.4349 50.75 2
      vertex 16.8679 50.5 8.8
    endloop
  endfacet
  facet normal 0.155837 0.985064 0.0732363
    outer loop
      vertex 18.8613 51.9863 2
      vertex 18.8091 51.489 8.8
      vertex 19.0158 51.4563 8.8
    endloop
  endfacet
  facet normal -0.963247 -0.258442 0.0732284
    outer loop
      vertex 16.6979 48.882 8.8
      vertex 16.1546 48.9802 2
      vertex 16.2224 48.7275 2
    endloop
  endfacet
  facet normal -0.258442 -0.963247 0.0732284
    outer loop
      vertex 17.982 47.5979 8.8
      vertex 17.8275 47.1224 2
      vertex 18.0802 47.0546 2
    endloop
  endfacet
  facet normal 0.836323 -0.543324 0.0732317
    outer loop
      vertex 20.7651 48.25 2
      vertex 20.218 48.3244 8.8
      vertex 20.6225 48.0305 2
    endloop
  endfacet
  facet normal -0.452707 -0.888647 0.0732296
    outer loop
      vertex 17.6 47.7679 8.8
      vertex 17.35 47.3349 2
      vertex 17.5832 47.2161 2
    endloop
  endfacet
  facet normal 0.452707 -0.888647 0.0732308
    outer loop
      vertex 19.85 47.3349 2
      vertex 19.4135 47.6729 8.8
      vertex 19.6168 47.2161 2
    endloop
  endfacet
  facet normal -0.995937 -0.0523927 0.0732374
    outer loop
      vertex 16.6 49.5 8.8
      vertex 16.1137 49.2387 2
      vertex 16.611 49.2909 8.8
    endloop
  endfacet
  facet normal -0.985061 -0.155857 0.0732357
    outer loop
      vertex 16.6437 49.0842 8.8
      vertex 16.1137 49.2387 2
      vertex 16.1546 48.9802 2
    endloop
  endfacet
  facet normal 0.258216 -0.963307 0.0732365
    outer loop
      vertex 19.218 47.5979 8.8
      vertex 19.0158 47.5437 8.8
      vertex 19.1198 47.0546 2
    endloop
  endfacet
  facet normal 0.155837 -0.985064 0.0732363
    outer loop
      vertex 19.0158 47.5437 8.8
      vertex 18.8091 47.511 8.8
      vertex 18.8613 47.0137 2
    endloop
  endfacet
  facet normal 0.888647 0.452707 0.0732308
    outer loop
      vertex 20.7651 50.75 2
      vertex 20.4271 50.3135 8.8
      vertex 20.8839 50.5168 2
    endloop
  endfacet
  facet normal 0.963247 0.258441 0.0732356
    outer loop
      vertex 20.9776 50.2725 2
      vertex 20.5563 49.9158 8.8
      vertex 21.0454 50.0198 2
    endloop
  endfacet
  facet normal 0.775114 -0.627564 0.0732315
    outer loop
      vertex 20.6225 48.0305 2
      vertex 20.218 48.3244 8.8
      vertex 20.4579 47.8272 2
    endloop
  endfacet
  facet normal -0.888665 0.452671 0.0732294
    outer loop
      vertex 16.8679 50.5 8.8
      vertex 16.4349 50.75 2
      vertex 16.7729 50.3135 8.8
    endloop
  endfacet
  facet normal 0.543056 0.836496 0.0732427
    outer loop
      vertex 19.85 51.6651 2
      vertex 19.6 51.232 8.8
      vertex 19.7756 51.118 8.8
    endloop
  endfacet
  facet normal 0.963247 -0.258441 0.0732356
    outer loop
      vertex 21.0454 48.9802 2
      vertex 20.5563 49.0842 8.8
      vertex 20.9776 48.7275 2
    endloop
  endfacet
  facet normal 0.963308 -0.258216 0.0732275
    outer loop
      vertex 20.5563 49.0842 8.8
      vertex 20.5021 48.882 8.8
      vertex 20.9776 48.7275 2
    endloop
  endfacet
  facet normal -0.836323 -0.543324 0.0732317
    outer loop
      vertex 16.982 48.3244 8.8
      vertex 16.4349 48.25 2
      vertex 16.5775 48.0305 2
    endloop
  endfacet
  facet normal 0.83628 0.543391 0.0732289
    outer loop
      vertex 20.7651 50.75 2
      vertex 20.218 50.6756 8.8
      vertex 20.3321 50.5 8.8
    endloop
  endfacet
  facet normal 0.0523927 0.995937 0.0732374
    outer loop
      vertex 18.8613 51.9863 2
      vertex 18.6 51.5 8.8
      vertex 18.8091 51.489 8.8
    endloop
  endfacet
  facet normal -0.155857 0.985061 0.0732357
    outer loop
      vertex 18.3387 51.9863 2
      vertex 18.0802 51.9454 2
      vertex 18.1842 51.4563 8.8
    endloop
  endfacet
  facet normal -0.627564 -0.775114 0.0732315
    outer loop
      vertex 17.4244 47.882 8.8
      vertex 16.9272 47.6421 2
      vertex 17.1305 47.4775 2
    endloop
  endfacet
  facet normal -0.155857 -0.985061 0.0732357
    outer loop
      vertex 18.1842 47.5437 8.8
      vertex 18.0802 47.0546 2
      vertex 18.3387 47.0137 2
    endloop
  endfacet
  facet normal -0.931146 -0.357217 0.0732309
    outer loop
      vertex 16.6979 48.882 8.8
      vertex 16.3161 48.4832 2
      vertex 16.7729 48.6865 8.8
    endloop
  endfacet
  facet normal 0.931173 0.357147 0.0732306
    outer loop
      vertex 20.8839 50.5168 2
      vertex 20.4271 50.3135 8.8
      vertex 20.9776 50.2725 2
    endloop
  endfacet
  facet normal 0.888665 -0.452671 0.0732294
    outer loop
      vertex 20.4271 48.6865 8.8
      vertex 20.3321 48.5 8.8
      vertex 20.7651 48.25 2
    endloop
  endfacet
  facet normal 0.985064 0.155837 0.0732356
    outer loop
      vertex 21.0454 50.0198 2
      vertex 20.5563 49.9158 8.8
      vertex 20.589 49.7091 8.8
    endloop
  endfacet
  facet normal 0.985061 0.155857 0.0732363
    outer loop
      vertex 21.0454 50.0198 2
      vertex 20.589 49.7091 8.8
      vertex 21.0863 49.7613 2
    endloop
  endfacet
  facet normal -0.627482 -0.77518 0.0732279
    outer loop
      vertex 17.2617 48.0137 8.8
      vertex 16.9272 47.6421 2
      vertex 17.4244 47.882 8.8
    endloop
  endfacet
  facet normal 0.83628 -0.543391 0.0732289
    outer loop
      vertex 20.3321 48.5 8.8
      vertex 20.218 48.3244 8.8
      vertex 20.7651 48.25 2
    endloop
  endfacet
  facet normal 0.452671 -0.888665 0.0732294
    outer loop
      vertex 19.6 47.7679 8.8
      vertex 19.4135 47.6729 8.8
      vertex 19.85 47.3349 2
    endloop
  endfacet
  facet normal 0.985064 -0.155837 0.0732356
    outer loop
      vertex 20.589 49.2909 8.8
      vertex 20.5563 49.0842 8.8
      vertex 21.0454 48.9802 2
    endloop
  endfacet
  facet normal -0.0523927 0.995937 0.0732374
    outer loop
      vertex 18.6 51.5 8.8
      vertex 18.3387 51.9863 2
      vertex 18.3909 51.489 8.8
    endloop
  endfacet
  facet normal -0.888665 -0.452671 0.0732294
    outer loop
      vertex 16.7729 48.6865 8.8
      vertex 16.4349 48.25 2
      vertex 16.8679 48.5 8.8
    endloop
  endfacet
  facet normal -0.963247 0.258442 0.0732284
    outer loop
      vertex 16.2224 50.2725 2
      vertex 16.1546 50.0198 2
      vertex 16.6979 50.118 8.8
    endloop
  endfacet
  facet normal -0.931173 0.357147 0.0732283
    outer loop
      vertex 16.3161 50.5168 2
      vertex 16.2224 50.2725 2
      vertex 16.6979 50.118 8.8
    endloop
  endfacet
  facet normal -0.963307 -0.258216 0.0732365
    outer loop
      vertex 16.6437 49.0842 8.8
      vertex 16.1546 48.9802 2
      vertex 16.6979 48.882 8.8
    endloop
  endfacet
  facet normal -0.258216 -0.963307 0.0732365
    outer loop
      vertex 18.1842 47.5437 8.8
      vertex 17.982 47.5979 8.8
      vertex 18.0802 47.0546 2
    endloop
  endfacet
  facet normal -0.543324 -0.836323 0.0732317
    outer loop
      vertex 17.4244 47.882 8.8
      vertex 17.1305 47.4775 2
      vertex 17.35 47.3349 2
    endloop
  endfacet
  facet normal -0.543391 -0.83628 0.0732289
    outer loop
      vertex 17.4244 47.882 8.8
      vertex 17.35 47.3349 2
      vertex 17.6 47.7679 8.8
    endloop
  endfacet
  facet normal -0.357147 0.931173 0.0732283
    outer loop
      vertex 17.8275 51.8776 2
      vertex 17.5832 51.7839 2
      vertex 17.982 51.4021 8.8
    endloop
  endfacet
  facet normal 0 0 1
    outer loop
      vertex 20.589 49.7091 8.8
      vertex 20.589 49.2909 8.8
      vertex 20.6 49.5 8.8
    endloop
  endfacet
  facet normal 0 0 1
    outer loop
      vertex 20.5563 49.9158 8.8
      vertex 20.589 49.2909 8.8
      vertex 20.589 49.7091 8.8
    endloop
  endfacet
  facet normal 0 0 1
    outer loop
      vertex 20.5563 49.9158 8.8
      vertex 20.5563 49.0842 8.8
      vertex 20.589 49.2909 8.8
    endloop
  endfacet
  facet normal 0 0 1
    outer loop
      vertex 20.5021 50.118 8.8
      vertex 20.5563 49.0842 8.8
      vertex 20.5563 49.9158 8.8
    endloop
  endfacet
  facet normal 0 0 1
    outer loop
      vertex 20.5021 50.118 8.8
      vertex 20.5021 48.882 8.8
      vertex 20.5563 49.0842 8.8
    endloop
  endfacet
  facet normal 0 0 1
    outer loop
      vertex 20.4271 50.3135 8.8
      vertex 20.5021 48.882 8.8
      vertex 20.5021 50.118 8.8
    endloop
  endfacet
  facet normal 0 0 1
    outer loop
      vertex 20.4271 50.3135 8.8
      vertex 20.4271 48.6865 8.8
      vertex 20.5021 48.882 8.8
    endloop
  endfacet
  facet normal 0 0 1
    outer loop
      vertex 20.3321 50.5 8.8
      vertex 20.4271 48.6865 8.8
      vertex 20.4271 50.3135 8.8
    endloop
  endfacet
  facet normal 0 0 1
    outer loop
      vertex 20.3321 50.5 8.8
      vertex 20.3321 48.5 8.8
      vertex 20.4271 48.6865 8.8
    endloop
  endfacet
  facet normal 0 0 1
    outer loop
      vertex 20.218 50.6756 8.8
      vertex 20.3321 48.5 8.8
      vertex 20.3321 50.5 8.8
    endloop
  endfacet
  facet normal 0 0 1
    outer loop
      vertex 20.218 50.6756 8.8
      vertex 20.218 48.3244 8.8
      vertex 20.3321 48.5 8.8
    endloop
  endfacet
  facet normal 0 0 1
    outer loop
      vertex 20.0863 50.8383 8.8
      vertex 20.218 48.3244 8.8
      vertex 20.218 50.6756 8.8
    endloop
  endfacet
  facet normal 0 0 1
    outer loop
      vertex 20.0863 50.8383 8.8
      vertex 20.0863 48.1617 8.8
      vertex 20.218 48.3244 8.8
    endloop
  endfacet
  facet normal 0 0 1
    outer loop
      vertex 19.9383 50.9863 8.8
      vertex 20.0863 48.1617 8.8
      vertex 20.0863 50.8383 8.8
    endloop
  endfacet
  facet normal 0 0 1
    outer loop
      vertex 19.9383 50.9863 8.8
      vertex 19.9383 48.0137 8.8
      vertex 20.0863 48.1617 8.8
    endloop
  endfacet
  facet normal 0 0 1
    outer loop
      vertex 19.7756 51.118 8.8
      vertex 19.9383 48.0137 8.8
      vertex 19.9383 50.9863 8.8
    endloop
  endfacet
  facet normal 0 0 1
    outer loop
      vertex 19.7756 51.118 8.8
      vertex 19.7756 47.882 8.8
      vertex 19.9383 48.0137 8.8
    endloop
  endfacet
  facet normal 0 0 1
    outer loop
      vertex 19.6 51.232 8.8
      vertex 19.7756 47.882 8.8
      vertex 19.7756 51.118 8.8
    endloop
  endfacet
  facet normal 0 0 1
    outer loop
      vertex 19.6 51.232 8.8
      vertex 19.6 47.7679 8.8
      vertex 19.7756 47.882 8.8
    endloop
  endfacet
  facet normal 0 0 1
    outer loop
      vertex 19.4135 51.3271 8.8
      vertex 19.6 47.7679 8.8
      vertex 19.6 51.232 8.8
    endloop
  endfacet
  facet normal 0 0 1
    outer loop
      vertex 19.4135 51.3271 8.8
      vertex 19.4135 47.6729 8.8
      vertex 19.6 47.7679 8.8
    endloop
  endfacet
  facet normal 0 0 1
    outer loop
      vertex 19.218 51.4021 8.8
      vertex 19.4135 47.6729 8.8
      vertex 19.4135 51.3271 8.8
    endloop
  endfacet
  facet normal 0 0 1
    outer loop
      vertex 19.218 51.4021 8.8
      vertex 19.218 47.5979 8.8
      vertex 19.4135 47.6729 8.8
    endloop
  endfacet
  facet normal 0 0 1
    outer loop
      vertex 19.0158 51.4563 8.8
      vertex 19.218 47.5979 8.8
      vertex 19.218 51.4021 8.8
    endloop
  endfacet
  facet normal 0 0 1
    outer loop
      vertex 19.0158 51.4563 8.8
      vertex 19.0158 47.5437 8.8
      vertex 19.218 47.5979 8.8
    endloop
  endfacet
  facet normal 0 0 1
    outer loop
      vertex 18.8091 51.489 8.8
      vertex 19.0158 47.5437 8.8
      vertex 19.0158 51.4563 8.8
    endloop
  endfacet
  facet normal 0 0 1
    outer loop
      vertex 18.8091 51.489 8.8
      vertex 18.8091 47.511 8.8
      vertex 19.0158 47.5437 8.8
    endloop
  endfacet
  facet normal 0 0 1
    outer loop
      vertex 18.6 51.5 8.8
      vertex 18.8091 47.511 8.8
      vertex 18.8091 51.489 8.8
    endloop
  endfacet
  facet normal 0 0 1
    outer loop
      vertex 18.6 51.5 8.8
      vertex 18.6 47.5 8.8
      vertex 18.8091 47.511 8.8
    endloop
  endfacet
  facet normal -0 0 1
    outer loop
      vertex 18.3909 51.489 8.8
      vertex 18.6 47.5 8.8
      vertex 18.6 51.5 8.8
    endloop
  endfacet
  facet normal 0 0 1
    outer loop
      vertex 18.3909 51.489 8.8
      vertex 18.3909 47.511 8.8
      vertex 18.6 47.5 8.8
    endloop
  endfacet
  facet normal -0 0 1
    outer loop
      vertex 18.1842 51.4563 8.8
      vertex 18.3909 47.511 8.8
      vertex 18.3909 51.489 8.8
    endloop
  endfacet
  facet normal 0 0 1
    outer loop
      vertex 18.1842 51.4563 8.8
      vertex 18.1842 47.5437 8.8
      vertex 18.3909 47.511 8.8
    endloop
  endfacet
  facet normal -0 0 1
    outer loop
      vertex 17.982 51.4021 8.8
      vertex 18.1842 47.5437 8.8
      vertex 18.1842 51.4563 8.8
    endloop
  endfacet
  facet normal 0 0 1
    outer loop
      vertex 17.982 51.4021 8.8
      vertex 17.982 47.5979 8.8
      vertex 18.1842 47.5437 8.8
    endloop
  endfacet
  facet normal -0 0 1
    outer loop
      vertex 17.7865 51.3271 8.8
      vertex 17.982 47.5979 8.8
      vertex 17.982 51.4021 8.8
    endloop
  endfacet
  facet normal 0 0 1
    outer loop
      vertex 17.7865 51.3271 8.8
      vertex 17.7865 47.6729 8.8
      vertex 17.982 47.5979 8.8
    endloop
  endfacet
  facet normal -0 0 1
    outer loop
      vertex 17.6 51.232 8.8
      vertex 17.7865 47.6729 8.8
      vertex 17.7865 51.3271 8.8
    endloop
  endfacet
  facet normal 0 0 1
    outer loop
      vertex 17.6 51.232 8.8
      vertex 17.6 47.7679 8.8
      vertex 17.7865 47.6729 8.8
    endloop
  endfacet
  facet normal -0 0 1
    outer loop
      vertex 17.4244 51.118 8.8
      vertex 17.6 47.7679 8.8
      vertex 17.6 51.232 8.8
    endloop
  endfacet
  facet normal 0 0 1
    outer loop
      vertex 17.4244 51.118 8.8
      vertex 17.4244 47.882 8.8
      vertex 17.6 47.7679 8.8
    endloop
  endfacet
  facet normal -0 0 1
    outer loop
      vertex 17.2617 50.9863 8.8
      vertex 17.4244 47.882 8.8
      vertex 17.4244 51.118 8.8
    endloop
  endfacet
  facet normal 0 0 1
    outer loop
      vertex 17.2617 50.9863 8.8
      vertex 17.2617 48.0137 8.8
      vertex 17.4244 47.882 8.8
    endloop
  endfacet
  facet normal -0 0 1
    outer loop
      vertex 17.1137 50.8383 8.8
      vertex 17.2617 48.0137 8.8
      vertex 17.2617 50.9863 8.8
    endloop
  endfacet
  facet normal 0 0 1
    outer loop
      vertex 17.1137 50.8383 8.8
      vertex 17.1137 48.1617 8.8
      vertex 17.2617 48.0137 8.8
    endloop
  endfacet
  facet normal -0 0 1
    outer loop
      vertex 16.982 50.6756 8.8
      vertex 17.1137 48.1617 8.8
      vertex 17.1137 50.8383 8.8
    endloop
  endfacet
  facet normal 0 0 1
    outer loop
      vertex 16.982 50.6756 8.8
      vertex 16.982 48.3244 8.8
      vertex 17.1137 48.1617 8.8
    endloop
  endfacet
  facet normal -0 0 1
    outer loop
      vertex 16.8679 50.5 8.8
      vertex 16.982 48.3244 8.8
      vertex 16.982 50.6756 8.8
    endloop
  endfacet
  facet normal 0 0 1
    outer loop
      vertex 16.8679 50.5 8.8
      vertex 16.8679 48.5 8.8
      vertex 16.982 48.3244 8.8
    endloop
  endfacet
  facet normal -0 0 1
    outer loop
      vertex 16.7729 50.3135 8.8
      vertex 16.8679 48.5 8.8
      vertex 16.8679 50.5 8.8
    endloop
  endfacet
  facet normal 0 0 1
    outer loop
      vertex 16.7729 50.3135 8.8
      vertex 16.7729 48.6865 8.8
      vertex 16.8679 48.5 8.8
    endloop
  endfacet
  facet normal -0 0 1
    outer loop
      vertex 16.6979 50.118 8.8
      vertex 16.7729 48.6865 8.8
      vertex 16.7729 50.3135 8.8
    endloop
  endfacet
  facet normal 0 0 1
    outer loop
      vertex 16.6979 50.118 8.8
      vertex 16.6979 48.882 8.8
      vertex 16.7729 48.6865 8.8
    endloop
  endfacet
  facet normal -0 0 1
    outer loop
      vertex 16.6437 49.9158 8.8
      vertex 16.6979 48.882 8.8
      vertex 16.6979 50.118 8.8
    endloop
  endfacet
  facet normal 0 0 1
    outer loop
      vertex 16.6437 49.9158 8.8
      vertex 16.6437 49.0842 8.8
      vertex 16.6979 48.882 8.8
    endloop
  endfacet
  facet normal -0 0 1
    outer loop
      vertex 16.611 49.7091 8.8
      vertex 16.6437 49.0842 8.8
      vertex 16.6437 49.9158 8.8
    endloop
  endfacet
  facet normal 0 0 1
    outer loop
      vertex 16.611 49.7091 8.8
      vertex 16.611 49.2909 8.8
      vertex 16.6437 49.0842 8.8
    endloop
  endfacet
  facet normal 0 -0 1
    outer loop
      vertex 16.611 49.2909 8.8
      vertex 16.611 49.7091 8.8
      vertex 16.6 49.5 8.8
    endloop
  endfacet
  facet normal 0.258216 -0.963307 0.0732365
    outer loop
      vertex 61.418 47.5979 8.8
      vertex 61.2158 47.5437 8.8
      vertex 61.3198 47.0546 2
    endloop
  endfacet
  facet normal 0.627481 0.77518 0.0732319
    outer loop
      vertex 62.2695 51.5225 2
      vertex 61.9756 51.118 8.8
      vertex 62.1383 50.9863 8.8
    endloop
  endfacet
  facet normal -0.155857 0.985061 0.0732357
    outer loop
      vertex 60.5387 51.9863 2
      vertex 60.2802 51.9454 2
      vertex 60.3842 51.4563 8.8
    endloop
  endfacet
  facet normal 0.77518 -0.627482 0.0732279
    outer loop
      vertex 62.418 48.3244 8.8
      vertex 62.2863 48.1617 8.8
      vertex 62.6579 47.8272 2
    endloop
  endfacet
  facet normal -0.836279 -0.543391 0.073232
    outer loop
      vertex 59.0679 48.5 8.8
      vertex 58.7775 48.0305 2
      vertex 59.182 48.3244 8.8
    endloop
  endfacet
  facet normal 0.836323 0.543324 0.0732317
    outer loop
      vertex 62.8225 50.9695 2
      vertex 62.418 50.6756 8.8
      vertex 62.9651 50.75 2
    endloop
  endfacet
  facet normal 0.963247 0.258442 0.0732284
    outer loop
      vertex 63.1776 50.2725 2
      vertex 62.7021 50.118 8.8
      vertex 63.2454 50.0198 2
    endloop
  endfacet
  facet normal 0.0523927 0.995937 0.0732374
    outer loop
      vertex 61.0613 51.9863 2
      vertex 60.8 51.5 8.8
      vertex 61.0091 51.489 8.8
    endloop
  endfacet
  facet normal -0.258216 0.963307 0.0732365
    outer loop
      vertex 60.2802 51.9454 2
      vertex 60.182 51.4021 8.8
      vertex 60.3842 51.4563 8.8
    endloop
  endfacet
  facet normal 0.258442 -0.963247 0.0732284
    outer loop
      vertex 61.418 47.5979 8.8
      vertex 61.3198 47.0546 2
      vertex 61.5725 47.1224 2
    endloop
  endfacet
  facet normal -0.836279 0.543391 0.073232
    outer loop
      vertex 59.182 50.6756 8.8
      vertex 58.7775 50.9695 2
      vertex 59.0679 50.5 8.8
    endloop
  endfacet
  facet normal 0.258442 0.963247 0.0732284
    outer loop
      vertex 61.5725 51.8776 2
      vertex 61.3198 51.9454 2
      vertex 61.418 51.4021 8.8
    endloop
  endfacet
  facet normal -0.543391 -0.83628 0.0732289
    outer loop
      vertex 59.6244 47.882 8.8
      vertex 59.55 47.3349 2
      vertex 59.8 47.7679 8.8
    endloop
  endfacet
  facet normal -0.258442 -0.963247 0.0732284
    outer loop
      vertex 60.182 47.5979 8.8
      vertex 60.0275 47.1224 2
      vertex 60.2802 47.0546 2
    endloop
  endfacet
  facet normal -0.963247 0.258442 0.0732284
    outer loop
      vertex 58.4224 50.2725 2
      vertex 58.3546 50.0198 2
      vertex 58.8979 50.118 8.8
    endloop
  endfacet
  facet normal 0.888647 -0.452707 0.0732308
    outer loop
      vertex 63.0839 48.4832 2
      vertex 62.6271 48.6865 8.8
      vertex 62.9651 48.25 2
    endloop
  endfacet
  facet normal -0.888647 0.452707 0.0732296
    outer loop
      vertex 58.6349 50.75 2
      vertex 58.5161 50.5168 2
      vertex 59.0679 50.5 8.8
    endloop
  endfacet
  facet normal 0.258216 0.963307 0.0732365
    outer loop
      vertex 61.3198 51.9454 2
      vertex 61.2158 51.4563 8.8
      vertex 61.418 51.4021 8.8
    endloop
  endfacet
  facet normal 0.985064 0.155837 0.0732356
    outer loop
      vertex 63.2454 50.0198 2
      vertex 62.7563 49.9158 8.8
      vertex 62.789 49.7091 8.8
    endloop
  endfacet
  facet normal 0.931146 -0.357217 0.073228
    outer loop
      vertex 62.7021 48.882 8.8
      vertex 62.6271 48.6865 8.8
      vertex 63.1776 48.7275 2
    endloop
  endfacet
  facet normal 0.931146 0.357217 0.073228
    outer loop
      vertex 63.1776 50.2725 2
      vertex 62.6271 50.3135 8.8
      vertex 62.7021 50.118 8.8
    endloop
  endfacet
  facet normal 0.543324 -0.836323 0.0732317
    outer loop
      vertex 62.2695 47.4775 2
      vertex 61.9756 47.882 8.8
      vertex 62.05 47.3349 2
    endloop
  endfacet
  facet normal -0.77518 0.627482 0.0732279
    outer loop
      vertex 59.3137 50.8383 8.8
      vertex 58.9421 51.1728 2
      vertex 59.182 50.6756 8.8
    endloop
  endfacet
  facet normal 0.0523927 -0.995938 0.0732307
    outer loop
      vertex 60.8 47 2
      vertex 61.0091 47.511 8.8
      vertex 60.8 47.5 8.8
    endloop
  endfacet
  facet normal 0.0522176 -0.995947 0.0732368
    outer loop
      vertex 61.0091 47.511 8.8
      vertex 60.8 47 2
      vertex 61.0613 47.0137 2
    endloop
  endfacet
  facet normal -0.775114 0.627564 0.0732315
    outer loop
      vertex 58.9421 51.1728 2
      vertex 58.7775 50.9695 2
      vertex 59.182 50.6756 8.8
    endloop
  endfacet
  facet normal 0.543391 -0.83628 0.0732289
    outer loop
      vertex 61.9756 47.882 8.8
      vertex 61.8 47.7679 8.8
      vertex 62.05 47.3349 2
    endloop
  endfacet
  facet normal 0.985061 -0.155857 0.0732363
    outer loop
      vertex 63.2863 49.2387 2
      vertex 62.789 49.2909 8.8
      vertex 63.2454 48.9802 2
    endloop
  endfacet
  facet normal 0.543056 0.836496 0.0732427
    outer loop
      vertex 62.05 51.6651 2
      vertex 61.8 51.232 8.8
      vertex 61.9756 51.118 8.8
    endloop
  endfacet
  facet normal 0.155837 0.985064 0.0732363
    outer loop
      vertex 61.0613 51.9863 2
      vertex 61.0091 51.489 8.8
      vertex 61.2158 51.4563 8.8
    endloop
  endfacet
  facet normal 0.453049 0.888472 0.073244
    outer loop
      vertex 62.05 51.6651 2
      vertex 61.6135 51.3271 8.8
      vertex 61.8 51.232 8.8
    endloop
  endfacet
  facet normal 0.452707 -0.888647 0.0732308
    outer loop
      vertex 62.05 47.3349 2
      vertex 61.6135 47.6729 8.8
      vertex 61.8168 47.2161 2
    endloop
  endfacet
  facet normal -0.995937 -0.0523927 0.0732374
    outer loop
      vertex 58.8 49.5 8.8
      vertex 58.3137 49.2387 2
      vertex 58.811 49.2909 8.8
    endloop
  endfacet
  facet normal -0.77518 -0.627482 0.0732279
    outer loop
      vertex 59.182 48.3244 8.8
      vertex 58.9421 47.8272 2
      vertex 59.3137 48.1617 8.8
    endloop
  endfacet
  facet normal 0.452707 0.888647 0.0732308
    outer loop
      vertex 61.8168 51.7839 2
      vertex 61.6135 51.3271 8.8
      vertex 62.05 51.6651 2
    endloop
  endfacet
  facet normal 0.83628 0.543391 0.0732289
    outer loop
      vertex 62.9651 50.75 2
      vertex 62.418 50.6756 8.8
      vertex 62.5321 50.5 8.8
    endloop
  endfacet
  facet normal -0.543056 0.836496 0.0732427
    outer loop
      vertex 59.8 51.232 8.8
      vertex 59.55 51.6651 2
      vertex 59.6244 51.118 8.8
    endloop
  endfacet
  facet normal -0.357217 -0.931146 0.0732309
    outer loop
      vertex 59.9865 47.6729 8.8
      vertex 59.7832 47.2161 2
      vertex 60.182 47.5979 8.8
    endloop
  endfacet
  facet normal -0.258442 0.963247 0.0732284
    outer loop
      vertex 60.2802 51.9454 2
      vertex 60.0275 51.8776 2
      vertex 60.182 51.4021 8.8
    endloop
  endfacet
  facet normal -0.627482 0.77518 0.0732279
    outer loop
      vertex 59.6244 51.118 8.8
      vertex 59.1272 51.3579 2
      vertex 59.4617 50.9863 8.8
    endloop
  endfacet
  facet normal 0.931173 -0.357147 0.0732306
    outer loop
      vertex 63.1776 48.7275 2
      vertex 62.6271 48.6865 8.8
      vertex 63.0839 48.4832 2
    endloop
  endfacet
  facet normal 0.627564 -0.775114 0.0732283
    outer loop
      vertex 62.4728 47.6421 2
      vertex 62.1383 48.0137 8.8
      vertex 62.2695 47.4775 2
    endloop
  endfacet
  facet normal 0.452671 -0.888665 0.0732294
    outer loop
      vertex 61.8 47.7679 8.8
      vertex 61.6135 47.6729 8.8
      vertex 62.05 47.3349 2
    endloop
  endfacet
  facet normal -0.357147 0.931173 0.0732283
    outer loop
      vertex 60.0275 51.8776 2
      vertex 59.7832 51.7839 2
      vertex 60.182 51.4021 8.8
    endloop
  endfacet
  facet normal 0.155837 -0.985064 0.0732363
    outer loop
      vertex 61.2158 47.5437 8.8
      vertex 61.0091 47.511 8.8
      vertex 61.0613 47.0137 2
    endloop
  endfacet
  facet normal -0.985061 0.155857 0.0732357
    outer loop
      vertex 58.3546 50.0198 2
      vertex 58.3137 49.7613 2
      vertex 58.8437 49.9158 8.8
    endloop
  endfacet
  facet normal -0.995947 0.0522177 0.0732314
    outer loop
      vertex 58.3137 49.7613 2
      vertex 58.3 49.5 2
      vertex 58.8 49.5 8.8
    endloop
  endfacet
  facet normal -0.452707 -0.888647 0.0732308
    outer loop
      vertex 59.9865 47.6729 8.8
      vertex 59.55 47.3349 2
      vertex 59.7832 47.2161 2
    endloop
  endfacet
  facet normal -0.775114 -0.627564 0.0732315
    outer loop
      vertex 59.182 48.3244 8.8
      vertex 58.7775 48.0305 2
      vertex 58.9421 47.8272 2
    endloop
  endfacet
  facet normal 0.543324 0.836323 0.0732317
    outer loop
      vertex 62.05 51.6651 2
      vertex 61.9756 51.118 8.8
      vertex 62.2695 51.5225 2
    endloop
  endfacet
  facet normal -0.931146 0.357217 0.0732309
    outer loop
      vertex 58.9729 50.3135 8.8
      vertex 58.5161 50.5168 2
      vertex 58.8979 50.118 8.8
    endloop
  endfacet
  facet normal 0.357217 0.931146 0.0732309
    outer loop
      vertex 61.8168 51.7839 2
      vertex 61.418 51.4021 8.8
      vertex 61.6135 51.3271 8.8
    endloop
  endfacet
  facet normal 0.627481 -0.77518 0.0732319
    outer loop
      vertex 62.1383 48.0137 8.8
      vertex 61.9756 47.882 8.8
      vertex 62.2695 47.4775 2
    endloop
  endfacet
  facet normal -0.627564 0.775114 0.0732315
    outer loop
      vertex 59.3305 51.5225 2
      vertex 59.1272 51.3579 2
      vertex 59.6244 51.118 8.8
    endloop
  endfacet
  facet normal -0.836323 -0.543324 0.0732293
    outer loop
      vertex 59.0679 48.5 8.8
      vertex 58.6349 48.25 2
      vertex 58.7775 48.0305 2
    endloop
  endfacet
  facet normal 0.888665 0.452671 0.0732294
    outer loop
      vertex 62.9651 50.75 2
      vertex 62.5321 50.5 8.8
      vertex 62.6271 50.3135 8.8
    endloop
  endfacet
  facet normal -0.357217 0.931146 0.0732309
    outer loop
      vertex 60.182 51.4021 8.8
      vertex 59.7832 51.7839 2
      vertex 59.9865 51.3271 8.8
    endloop
  endfacet
  facet normal -0.0522177 0.995947 0.0732314
    outer loop
      vertex 60.8 52 2
      vertex 60.5387 51.9863 2
      vertex 60.8 51.5 8.8
    endloop
  endfacet
  facet normal 0.627564 0.775114 0.0732283
    outer loop
      vertex 62.2695 51.5225 2
      vertex 62.1383 50.9863 8.8
      vertex 62.4728 51.3579 2
    endloop
  endfacet
  facet normal -0.963247 -0.258442 0.0732284
    outer loop
      vertex 58.8979 48.882 8.8
      vertex 58.3546 48.9802 2
      vertex 58.4224 48.7275 2
    endloop
  endfacet
  facet normal 0.357147 0.931173 0.0732283
    outer loop
      vertex 61.5725 51.8776 2
      vertex 61.418 51.4021 8.8
      vertex 61.8168 51.7839 2
    endloop
  endfacet
  facet normal -0.155837 0.985064 0.0732363
    outer loop
      vertex 60.5387 51.9863 2
      vertex 60.3842 51.4563 8.8
      vertex 60.5909 51.489 8.8
    endloop
  endfacet
  facet normal -0.888665 -0.452671 0.0732309
    outer loop
      vertex 58.9729 48.6865 8.8
      vertex 58.5161 48.4832 2
      vertex 59.0679 48.5 8.8
    endloop
  endfacet
  facet normal -0.995937 0.0523927 0.0732374
    outer loop
      vertex 58.811 49.7091 8.8
      vertex 58.3137 49.7613 2
      vertex 58.8 49.5 8.8
    endloop
  endfacet
  facet normal 0.963307 -0.258216 0.0732365
    outer loop
      vertex 62.7563 49.0842 8.8
      vertex 62.7021 48.882 8.8
      vertex 63.2454 48.9802 2
    endloop
  endfacet
  facet normal 0.705208 -0.705208 0.0732276
    outer loop
      vertex 62.1383 48.0137 8.8
      vertex 62.6579 47.8272 2
      vertex 62.2863 48.1617 8.8
    endloop
  endfacet
  facet normal 0.705208 -0.705208 0.0732276
    outer loop
      vertex 62.6579 47.8272 2
      vertex 62.1383 48.0137 8.8
      vertex 62.4728 47.6421 2
    endloop
  endfacet
  facet normal 0.77518 0.627482 0.0732279
    outer loop
      vertex 62.6579 51.1728 2
      vertex 62.2863 50.8383 8.8
      vertex 62.418 50.6756 8.8
    endloop
  endfacet
  facet normal 0.775114 0.627564 0.0732315
    outer loop
      vertex 62.6579 51.1728 2
      vertex 62.418 50.6756 8.8
      vertex 62.8225 50.9695 2
    endloop
  endfacet
  facet normal -0.543324 0.836323 0.0732317
    outer loop
      vertex 59.55 51.6651 2
      vertex 59.3305 51.5225 2
      vertex 59.6244 51.118 8.8
    endloop
  endfacet
  facet normal -0.963307 0.258216 0.0732365
    outer loop
      vertex 58.8979 50.118 8.8
      vertex 58.3546 50.0198 2
      vertex 58.8437 49.9158 8.8
    endloop
  endfacet
  facet normal 0.995937 0.0523927 0.0732374
    outer loop
      vertex 62.8 49.5 8.8
      vertex 63.2863 49.7613 2
      vertex 62.789 49.7091 8.8
    endloop
  endfacet
  facet normal 0.995947 0.0522177 0.0732314
    outer loop
      vertex 63.2863 49.7613 2
      vertex 62.8 49.5 8.8
      vertex 63.3 49.5 2
    endloop
  endfacet
  facet normal 0.775114 -0.627564 0.0732315
    outer loop
      vertex 62.8225 48.0305 2
      vertex 62.418 48.3244 8.8
      vertex 62.6579 47.8272 2
    endloop
  endfacet
  facet normal 0.357217 -0.931146 0.0732309
    outer loop
      vertex 61.6135 47.6729 8.8
      vertex 61.418 47.5979 8.8
      vertex 61.8168 47.2161 2
    endloop
  endfacet
  facet normal 0.357147 -0.931173 0.0732283
    outer loop
      vertex 61.8168 47.2161 2
      vertex 61.418 47.5979 8.8
      vertex 61.5725 47.1224 2
    endloop
  endfacet
  facet normal 0.836323 -0.543324 0.0732317
    outer loop
      vertex 62.9651 48.25 2
      vertex 62.418 48.3244 8.8
      vertex 62.8225 48.0305 2
    endloop
  endfacet
  facet normal 0.995947 -0.0522176 0.0732368
    outer loop
      vertex 63.3 49.5 2
      vertex 62.789 49.2909 8.8
      vertex 63.2863 49.2387 2
    endloop
  endfacet
  facet normal 0.995938 -0.0523927 0.0732307
    outer loop
      vertex 62.8 49.5 8.8
      vertex 62.789 49.2909 8.8
      vertex 63.3 49.5 2
    endloop
  endfacet
  facet normal -0.0523927 0.995937 0.0732374
    outer loop
      vertex 60.8 51.5 8.8
      vertex 60.5387 51.9863 2
      vertex 60.5909 51.489 8.8
    endloop
  endfacet
  facet normal -0.985064 0.155837 0.0732363
    outer loop
      vertex 58.8437 49.9158 8.8
      vertex 58.3137 49.7613 2
      vertex 58.811 49.7091 8.8
    endloop
  endfacet
  facet normal -0.705208 0.705208 0.0732276
    outer loop
      vertex 59.1272 51.3579 2
      vertex 59.3137 50.8383 8.8
      vertex 59.4617 50.9863 8.8
    endloop
  endfacet
  facet normal -0.705208 0.705208 0.0732276
    outer loop
      vertex 59.3137 50.8383 8.8
      vertex 59.1272 51.3579 2
      vertex 58.9421 51.1728 2
    endloop
  endfacet
  facet normal -0.963307 -0.258216 0.0732365
    outer loop
      vertex 58.8437 49.0842 8.8
      vertex 58.3546 48.9802 2
      vertex 58.8979 48.882 8.8
    endloop
  endfacet
  facet normal -0.888647 -0.452707 0.0732296
    outer loop
      vertex 59.0679 48.5 8.8
      vertex 58.5161 48.4832 2
      vertex 58.6349 48.25 2
    endloop
  endfacet
  facet normal -0.985061 -0.155857 0.0732357
    outer loop
      vertex 58.8437 49.0842 8.8
      vertex 58.3137 49.2387 2
      vertex 58.3546 48.9802 2
    endloop
  endfacet
  facet normal -0.453049 0.888472 0.073244
    outer loop
      vertex 59.9865 51.3271 8.8
      vertex 59.55 51.6651 2
      vertex 59.8 51.232 8.8
    endloop
  endfacet
  facet normal -0.452671 -0.888665 0.0732294
    outer loop
      vertex 59.8 47.7679 8.8
      vertex 59.55 47.3349 2
      vertex 59.9865 47.6729 8.8
    endloop
  endfacet
  facet normal 0.705208 0.705208 0.0732276
    outer loop
      vertex 62.1383 50.9863 8.8
      vertex 62.6579 51.1728 2
      vertex 62.4728 51.3579 2
    endloop
  endfacet
  facet normal 0.705208 0.705208 0.0732276
    outer loop
      vertex 62.6579 51.1728 2
      vertex 62.1383 50.9863 8.8
      vertex 62.2863 50.8383 8.8
    endloop
  endfacet
  facet normal -0.627482 -0.77518 0.0732279
    outer loop
      vertex 59.4617 48.0137 8.8
      vertex 59.1272 47.6421 2
      vertex 59.6244 47.882 8.8
    endloop
  endfacet
  facet normal -0.155837 -0.985064 0.0732363
    outer loop
      vertex 60.5909 47.511 8.8
      vertex 60.3842 47.5437 8.8
      vertex 60.5387 47.0137 2
    endloop
  endfacet
  facet normal -0.931173 0.357147 0.0732283
    outer loop
      vertex 58.5161 50.5168 2
      vertex 58.4224 50.2725 2
      vertex 58.8979 50.118 8.8
    endloop
  endfacet
  facet normal -0.357147 -0.931173 0.0732283
    outer loop
      vertex 60.182 47.5979 8.8
      vertex 59.7832 47.2161 2
      vertex 60.0275 47.1224 2
    endloop
  endfacet
  facet normal -0.155857 -0.985061 0.0732357
    outer loop
      vertex 60.3842 47.5437 8.8
      vertex 60.2802 47.0546 2
      vertex 60.5387 47.0137 2
    endloop
  endfacet
  facet normal 0.888647 0.452707 0.0732308
    outer loop
      vertex 62.9651 50.75 2
      vertex 62.6271 50.3135 8.8
      vertex 63.0839 50.5168 2
    endloop
  endfacet
  facet normal 0.0522177 0.995947 0.0732314
    outer loop
      vertex 60.8 52 2
      vertex 60.8 51.5 8.8
      vertex 61.0613 51.9863 2
    endloop
  endfacet
  facet normal 0.963247 -0.258442 0.0732284
    outer loop
      vertex 63.2454 48.9802 2
      vertex 62.7021 48.882 8.8
      vertex 63.1776 48.7275 2
    endloop
  endfacet
  facet normal 0.83628 -0.543391 0.0732289
    outer loop
      vertex 62.5321 48.5 8.8
      vertex 62.418 48.3244 8.8
      vertex 62.9651 48.25 2
    endloop
  endfacet
  facet normal -0.452707 0.888647 0.0732308
    outer loop
      vertex 59.7832 51.7839 2
      vertex 59.55 51.6651 2
      vertex 59.9865 51.3271 8.8
    endloop
  endfacet
  facet normal 0.155857 0.985061 0.0732357
    outer loop
      vertex 61.3198 51.9454 2
      vertex 61.0613 51.9863 2
      vertex 61.2158 51.4563 8.8
    endloop
  endfacet
  facet normal -0.836323 0.543324 0.0732293
    outer loop
      vertex 58.7775 50.9695 2
      vertex 58.6349 50.75 2
      vertex 59.0679 50.5 8.8
    endloop
  endfacet
  facet normal -0.627564 -0.775114 0.0732315
    outer loop
      vertex 59.6244 47.882 8.8
      vertex 59.1272 47.6421 2
      vertex 59.3305 47.4775 2
    endloop
  endfacet
  facet normal 0.931173 0.357147 0.0732306
    outer loop
      vertex 63.0839 50.5168 2
      vertex 62.6271 50.3135 8.8
      vertex 63.1776 50.2725 2
    endloop
  endfacet
  facet normal -0.931173 -0.357147 0.0732283
    outer loop
      vertex 58.8979 48.882 8.8
      vertex 58.4224 48.7275 2
      vertex 58.5161 48.4832 2
    endloop
  endfacet
  facet normal 0.155857 -0.985061 0.0732357
    outer loop
      vertex 61.2158 47.5437 8.8
      vertex 61.0613 47.0137 2
      vertex 61.3198 47.0546 2
    endloop
  endfacet
  facet normal 0.985061 0.155857 0.0732363
    outer loop
      vertex 63.2454 50.0198 2
      vertex 62.789 49.7091 8.8
      vertex 63.2863 49.7613 2
    endloop
  endfacet
  facet normal -0.543324 -0.836323 0.0732317
    outer loop
      vertex 59.6244 47.882 8.8
      vertex 59.3305 47.4775 2
      vertex 59.55 47.3349 2
    endloop
  endfacet
  facet normal -0.258216 -0.963307 0.0732365
    outer loop
      vertex 60.3842 47.5437 8.8
      vertex 60.182 47.5979 8.8
      vertex 60.2802 47.0546 2
    endloop
  endfacet
  facet normal 0.985064 -0.155837 0.0732356
    outer loop
      vertex 62.789 49.2909 8.8
      vertex 62.7563 49.0842 8.8
      vertex 63.2454 48.9802 2
    endloop
  endfacet
  facet normal -0.888665 0.452671 0.0732309
    outer loop
      vertex 59.0679 50.5 8.8
      vertex 58.5161 50.5168 2
      vertex 58.9729 50.3135 8.8
    endloop
  endfacet
  facet normal 0.888665 -0.452671 0.0732294
    outer loop
      vertex 62.6271 48.6865 8.8
      vertex 62.5321 48.5 8.8
      vertex 62.9651 48.25 2
    endloop
  endfacet
  facet normal -0.705208 -0.705208 0.0732276
    outer loop
      vertex 58.9421 47.8272 2
      vertex 59.4617 48.0137 8.8
      vertex 59.3137 48.1617 8.8
    endloop
  endfacet
  facet normal -0.705208 -0.705208 0.0732276
    outer loop
      vertex 59.4617 48.0137 8.8
      vertex 58.9421 47.8272 2
      vertex 59.1272 47.6421 2
    endloop
  endfacet
  facet normal -0.985064 -0.155837 0.0732363
    outer loop
      vertex 58.811 49.2909 8.8
      vertex 58.3137 49.2387 2
      vertex 58.8437 49.0842 8.8
    endloop
  endfacet
  facet normal -0.995947 -0.0522177 0.0732314
    outer loop
      vertex 58.8 49.5 8.8
      vertex 58.3 49.5 2
      vertex 58.3137 49.2387 2
    endloop
  endfacet
  facet normal 0.963307 0.258216 0.0732365
    outer loop
      vertex 63.2454 50.0198 2
      vertex 62.7021 50.118 8.8
      vertex 62.7563 49.9158 8.8
    endloop
  endfacet
  facet normal -0.0523927 -0.995937 0.0732374
    outer loop
      vertex 60.5387 47.0137 2
      vertex 60.8 47.5 8.8
      vertex 60.5909 47.511 8.8
    endloop
  endfacet
  facet normal -0.0522177 -0.995947 0.0732314
    outer loop
      vertex 60.8 47.5 8.8
      vertex 60.5387 47.0137 2
      vertex 60.8 47 2
    endloop
  endfacet
  facet normal -0.931146 -0.357217 0.0732309
    outer loop
      vertex 58.8979 48.882 8.8
      vertex 58.5161 48.4832 2
      vertex 58.9729 48.6865 8.8
    endloop
  endfacet
  facet normal 0 0 1
    outer loop
      vertex 62.789 49.7091 8.8
      vertex 62.789 49.2909 8.8
      vertex 62.8 49.5 8.8
    endloop
  endfacet
  facet normal 0 0 1
    outer loop
      vertex 62.7563 49.9158 8.8
      vertex 62.789 49.2909 8.8
      vertex 62.789 49.7091 8.8
    endloop
  endfacet
  facet normal 0 0 1
    outer loop
      vertex 62.7563 49.9158 8.8
      vertex 62.7563 49.0842 8.8
      vertex 62.789 49.2909 8.8
    endloop
  endfacet
  facet normal 0 0 1
    outer loop
      vertex 62.7021 50.118 8.8
      vertex 62.7563 49.0842 8.8
      vertex 62.7563 49.9158 8.8
    endloop
  endfacet
  facet normal 0 0 1
    outer loop
      vertex 62.7021 50.118 8.8
      vertex 62.7021 48.882 8.8
      vertex 62.7563 49.0842 8.8
    endloop
  endfacet
  facet normal 0 0 1
    outer loop
      vertex 62.6271 50.3135 8.8
      vertex 62.7021 48.882 8.8
      vertex 62.7021 50.118 8.8
    endloop
  endfacet
  facet normal 0 0 1
    outer loop
      vertex 62.6271 50.3135 8.8
      vertex 62.6271 48.6865 8.8
      vertex 62.7021 48.882 8.8
    endloop
  endfacet
  facet normal 0 0 1
    outer loop
      vertex 62.5321 50.5 8.8
      vertex 62.6271 48.6865 8.8
      vertex 62.6271 50.3135 8.8
    endloop
  endfacet
  facet normal 0 0 1
    outer loop
      vertex 62.5321 50.5 8.8
      vertex 62.5321 48.5 8.8
      vertex 62.6271 48.6865 8.8
    endloop
  endfacet
  facet normal 0 0 1
    outer loop
      vertex 62.418 50.6756 8.8
      vertex 62.5321 48.5 8.8
      vertex 62.5321 50.5 8.8
    endloop
  endfacet
  facet normal 0 0 1
    outer loop
      vertex 62.418 50.6756 8.8
      vertex 62.418 48.3244 8.8
      vertex 62.5321 48.5 8.8
    endloop
  endfacet
  facet normal 0 0 1
    outer loop
      vertex 62.2863 50.8383 8.8
      vertex 62.418 48.3244 8.8
      vertex 62.418 50.6756 8.8
    endloop
  endfacet
  facet normal 0 0 1
    outer loop
      vertex 62.2863 50.8383 8.8
      vertex 62.2863 48.1617 8.8
      vertex 62.418 48.3244 8.8
    endloop
  endfacet
  facet normal 0 0 1
    outer loop
      vertex 62.1383 50.9863 8.8
      vertex 62.2863 48.1617 8.8
      vertex 62.2863 50.8383 8.8
    endloop
  endfacet
  facet normal 0 0 1
    outer loop
      vertex 62.1383 50.9863 8.8
      vertex 62.1383 48.0137 8.8
      vertex 62.2863 48.1617 8.8
    endloop
  endfacet
  facet normal 0 0 1
    outer loop
      vertex 61.9756 51.118 8.8
      vertex 62.1383 48.0137 8.8
      vertex 62.1383 50.9863 8.8
    endloop
  endfacet
  facet normal 0 0 1
    outer loop
      vertex 61.9756 51.118 8.8
      vertex 61.9756 47.882 8.8
      vertex 62.1383 48.0137 8.8
    endloop
  endfacet
  facet normal 0 0 1
    outer loop
      vertex 61.8 51.232 8.8
      vertex 61.9756 47.882 8.8
      vertex 61.9756 51.118 8.8
    endloop
  endfacet
  facet normal 0 0 1
    outer loop
      vertex 61.8 51.232 8.8
      vertex 61.8 47.7679 8.8
      vertex 61.9756 47.882 8.8
    endloop
  endfacet
  facet normal 0 0 1
    outer loop
      vertex 61.6135 51.3271 8.8
      vertex 61.8 47.7679 8.8
      vertex 61.8 51.232 8.8
    endloop
  endfacet
  facet normal 0 0 1
    outer loop
      vertex 61.6135 51.3271 8.8
      vertex 61.6135 47.6729 8.8
      vertex 61.8 47.7679 8.8
    endloop
  endfacet
  facet normal 0 0 1
    outer loop
      vertex 61.418 51.4021 8.8
      vertex 61.6135 47.6729 8.8
      vertex 61.6135 51.3271 8.8
    endloop
  endfacet
  facet normal 0 0 1
    outer loop
      vertex 61.418 51.4021 8.8
      vertex 61.418 47.5979 8.8
      vertex 61.6135 47.6729 8.8
    endloop
  endfacet
  facet normal 0 0 1
    outer loop
      vertex 61.2158 51.4563 8.8
      vertex 61.418 47.5979 8.8
      vertex 61.418 51.4021 8.8
    endloop
  endfacet
  facet normal 0 0 1
    outer loop
      vertex 61.2158 51.4563 8.8
      vertex 61.2158 47.5437 8.8
      vertex 61.418 47.5979 8.8
    endloop
  endfacet
  facet normal 0 0 1
    outer loop
      vertex 61.0091 51.489 8.8
      vertex 61.2158 47.5437 8.8
      vertex 61.2158 51.4563 8.8
    endloop
  endfacet
  facet normal 0 0 1
    outer loop
      vertex 61.0091 51.489 8.8
      vertex 61.0091 47.511 8.8
      vertex 61.2158 47.5437 8.8
    endloop
  endfacet
  facet normal 0 0 1
    outer loop
      vertex 60.8 51.5 8.8
      vertex 61.0091 47.511 8.8
      vertex 61.0091 51.489 8.8
    endloop
  endfacet
  facet normal 0 0 1
    outer loop
      vertex 60.8 51.5 8.8
      vertex 60.8 47.5 8.8
      vertex 61.0091 47.511 8.8
    endloop
  endfacet
  facet normal -0 0 1
    outer loop
      vertex 60.5909 51.489 8.8
      vertex 60.8 47.5 8.8
      vertex 60.8 51.5 8.8
    endloop
  endfacet
  facet normal 0 0 1
    outer loop
      vertex 60.5909 51.489 8.8
      vertex 60.5909 47.511 8.8
      vertex 60.8 47.5 8.8
    endloop
  endfacet
  facet normal -0 0 1
    outer loop
      vertex 60.3842 51.4563 8.8
      vertex 60.5909 47.511 8.8
      vertex 60.5909 51.489 8.8
    endloop
  endfacet
  facet normal 0 0 1
    outer loop
      vertex 60.3842 51.4563 8.8
      vertex 60.3842 47.5437 8.8
      vertex 60.5909 47.511 8.8
    endloop
  endfacet
  facet normal -0 0 1
    outer loop
      vertex 60.182 51.4021 8.8
      vertex 60.3842 47.5437 8.8
      vertex 60.3842 51.4563 8.8
    endloop
  endfacet
  facet normal 0 0 1
    outer loop
      vertex 60.182 51.4021 8.8
      vertex 60.182 47.5979 8.8
      vertex 60.3842 47.5437 8.8
    endloop
  endfacet
  facet normal -0 0 1
    outer loop
      vertex 59.9865 51.3271 8.8
      vertex 60.182 47.5979 8.8
      vertex 60.182 51.4021 8.8
    endloop
  endfacet
  facet normal 0 0 1
    outer loop
      vertex 59.9865 51.3271 8.8
      vertex 59.9865 47.6729 8.8
      vertex 60.182 47.5979 8.8
    endloop
  endfacet
  facet normal -0 0 1
    outer loop
      vertex 59.8 51.232 8.8
      vertex 59.9865 47.6729 8.8
      vertex 59.9865 51.3271 8.8
    endloop
  endfacet
  facet normal 0 0 1
    outer loop
      vertex 59.8 51.232 8.8
      vertex 59.8 47.7679 8.8
      vertex 59.9865 47.6729 8.8
    endloop
  endfacet
  facet normal -0 0 1
    outer loop
      vertex 59.6244 51.118 8.8
      vertex 59.8 47.7679 8.8
      vertex 59.8 51.232 8.8
    endloop
  endfacet
  facet normal 0 0 1
    outer loop
      vertex 59.6244 51.118 8.8
      vertex 59.6244 47.882 8.8
      vertex 59.8 47.7679 8.8
    endloop
  endfacet
  facet normal -0 0 1
    outer loop
      vertex 59.4617 50.9863 8.8
      vertex 59.6244 47.882 8.8
      vertex 59.6244 51.118 8.8
    endloop
  endfacet
  facet normal 0 0 1
    outer loop
      vertex 59.4617 50.9863 8.8
      vertex 59.4617 48.0137 8.8
      vertex 59.6244 47.882 8.8
    endloop
  endfacet
  facet normal -0 0 1
    outer loop
      vertex 59.3137 50.8383 8.8
      vertex 59.4617 48.0137 8.8
      vertex 59.4617 50.9863 8.8
    endloop
  endfacet
  facet normal 0 0 1
    outer loop
      vertex 59.3137 50.8383 8.8
      vertex 59.3137 48.1617 8.8
      vertex 59.4617 48.0137 8.8
    endloop
  endfacet
  facet normal -0 0 1
    outer loop
      vertex 59.182 50.6756 8.8
      vertex 59.3137 48.1617 8.8
      vertex 59.3137 50.8383 8.8
    endloop
  endfacet
  facet normal 0 0 1
    outer loop
      vertex 59.182 50.6756 8.8
      vertex 59.182 48.3244 8.8
      vertex 59.3137 48.1617 8.8
    endloop
  endfacet
  facet normal -0 0 1
    outer loop
      vertex 59.0679 50.5 8.8
      vertex 59.182 48.3244 8.8
      vertex 59.182 50.6756 8.8
    endloop
  endfacet
  facet normal 0 0 1
    outer loop
      vertex 59.0679 50.5 8.8
      vertex 59.0679 48.5 8.8
      vertex 59.182 48.3244 8.8
    endloop
  endfacet
  facet normal -0 0 1
    outer loop
      vertex 58.9729 50.3135 8.8
      vertex 59.0679 48.5 8.8
      vertex 59.0679 50.5 8.8
    endloop
  endfacet
  facet normal 0 0 1
    outer loop
      vertex 58.9729 50.3135 8.8
      vertex 58.9729 48.6865 8.8
      vertex 59.0679 48.5 8.8
    endloop
  endfacet
  facet normal -0 0 1
    outer loop
      vertex 58.8979 50.118 8.8
      vertex 58.9729 48.6865 8.8
      vertex 58.9729 50.3135 8.8
    endloop
  endfacet
  facet normal 0 0 1
    outer loop
      vertex 58.8979 50.118 8.8
      vertex 58.8979 48.882 8.8
      vertex 58.9729 48.6865 8.8
    endloop
  endfacet
  facet normal -0 0 1
    outer loop
      vertex 58.8437 49.9158 8.8
      vertex 58.8979 48.882 8.8
      vertex 58.8979 50.118 8.8
    endloop
  endfacet
  facet normal 0 0 1
    outer loop
      vertex 58.8437 49.9158 8.8
      vertex 58.8437 49.0842 8.8
      vertex 58.8979 48.882 8.8
    endloop
  endfacet
  facet normal -0 0 1
    outer loop
      vertex 58.811 49.7091 8.8
      vertex 58.8437 49.0842 8.8
      vertex 58.8437 49.9158 8.8
    endloop
  endfacet
  facet normal 0 0 1
    outer loop
      vertex 58.811 49.7091 8.8
      vertex 58.811 49.2909 8.8
      vertex 58.8437 49.0842 8.8
    endloop
  endfacet
  facet normal 0 -0 1
    outer loop
      vertex 58.811 49.2909 8.8
      vertex 58.811 49.7091 8.8
      vertex 58.8 49.5 8.8
    endloop
  endfacet
  facet normal -0.706601 -0.706601 0.0377978
    outer loop
      vertex 17.1137 77.1617 15.2
      vertex 16.9272 76.6421 2
      vertex 17.2617 77.0137 15.2
    endloop
  endfacet
  facet normal 0.933013 -0.357852 0.0377994
    outer loop
      vertex 20.9776 77.7275 2
      vertex 20.4271 77.6865 15.2
      vertex 20.8839 77.4832 2
    endloop
  endfacet
  facet normal -0.98701 0.156145 0.0378024
    outer loop
      vertex 16.6437 78.9158 15.2
      vertex 16.1137 78.7613 2
      vertex 16.611 78.7091 15.2
    endloop
  endfacet
  facet normal 0.0524962 -0.997905 0.0377995
    outer loop
      vertex 18.6 76 2
      vertex 18.8091 76.511 15.2
      vertex 18.6 76.5 15.2
    endloop
  endfacet
  facet normal 0.0523208 -0.997915 0.0378026
    outer loop
      vertex 18.8091 76.511 15.2
      vertex 18.6 76 2
      vertex 18.8613 76.0137 2
    endloop
  endfacet
  facet normal 0.837975 0.544398 0.0378
    outer loop
      vertex 20.6225 79.9695 2
      vertex 20.218 79.6756 15.2
      vertex 20.7651 79.75 2
    endloop
  endfacet
  facet normal 0.258952 0.96515 0.0377983
    outer loop
      vertex 19.3725 80.8776 2
      vertex 19.1198 80.9454 2
      vertex 19.218 80.4021 15.2
    endloop
  endfacet
  facet normal -0.890403 0.453601 0.0377995
    outer loop
      vertex 16.4349 79.75 2
      vertex 16.3161 79.5168 2
      vertex 16.7729 79.3135 15.2
    endloop
  endfacet
  facet normal -0.706601 0.706601 0.0377978
    outer loop
      vertex 17.2617 79.9863 15.2
      vertex 16.9272 80.3579 2
      vertex 17.1137 79.8383 15.2
    endloop
  endfacet
  facet normal -0.965211 0.258726 0.0378024
    outer loop
      vertex 16.6979 79.118 15.2
      vertex 16.1546 79.0198 2
      vertex 16.6437 78.9158 15.2
    endloop
  endfacet
  facet normal -0.453945 -0.890228 0.0377987
    outer loop
      vertex 17.6 76.768 15.2
      vertex 17.5832 76.2161 2
      vertex 17.7865 76.6729 15.2
    endloop
  endfacet
  facet normal 0.628721 0.776712 0.0378001
    outer loop
      vertex 20.0695 80.5225 2
      vertex 19.7756 80.118 15.2
      vertex 19.9383 79.9863 15.2
    endloop
  endfacet
  facet normal 0.156165 -0.987007 0.037802
    outer loop
      vertex 19.0158 76.5437 15.2
      vertex 18.8613 76.0137 2
      vertex 19.1198 76.0546 2
    endloop
  endfacet
  facet normal 0.890403 -0.453601 0.0377995
    outer loop
      vertex 20.8839 77.4832 2
      vertex 20.4271 77.6865 15.2
      vertex 20.7651 77.25 2
    endloop
  endfacet
  facet normal 0.357852 0.933013 0.0377982
    outer loop
      vertex 19.3725 80.8776 2
      vertex 19.218 80.4021 15.2
      vertex 19.6168 80.7839 2
    endloop
  endfacet
  facet normal 0.357923 0.932986 0.0377995
    outer loop
      vertex 19.6168 80.7839 2
      vertex 19.218 80.4021 15.2
      vertex 19.4135 80.3271 15.2
    endloop
  endfacet
  facet normal -0.156145 -0.98701 0.0378024
    outer loop
      vertex 18.3909 76.511 15.2
      vertex 18.1842 76.5437 15.2
      vertex 18.3387 76.0137 2
    endloop
  endfacet
  facet normal -0.453601 0.890403 0.0378056
    outer loop
      vertex 17.5832 80.7839 2
      vertex 17.35 80.6651 2
      vertex 17.6 80.232 15.2
    endloop
  endfacet
  facet normal -0.776645 -0.628804 0.0377999
    outer loop
      vertex 16.982 77.3244 15.2
      vertex 16.5775 77.0305 2
      vertex 16.7421 76.8272 2
    endloop
  endfacet
  facet normal -0.776645 0.628804 0.0377999
    outer loop
      vertex 16.7421 80.1728 2
      vertex 16.5775 79.9695 2
      vertex 16.982 79.6756 15.2
    endloop
  endfacet
  facet normal 0.965211 0.258726 0.0377978
    outer loop
      vertex 20.9776 79.2725 2
      vertex 20.5021 79.118 15.2
      vertex 20.5563 78.9158 15.2
    endloop
  endfacet
  facet normal 0.932986 0.357923 0.037798
    outer loop
      vertex 20.9776 79.2725 2
      vertex 20.4271 79.3135 15.2
      vertex 20.5021 79.118 15.2
    endloop
  endfacet
  facet normal -0.0523208 0.997915 0.0377998
    outer loop
      vertex 18.6 81 2
      vertex 18.3387 80.9863 2
      vertex 18.6 80.5 15.2
    endloop
  endfacet
  facet normal 0.776712 -0.628721 0.037798
    outer loop
      vertex 20.218 77.3244 15.2
      vertex 20.0863 77.1617 15.2
      vertex 20.4579 76.8272 2
    endloop
  endfacet
  facet normal -0.628721 0.776712 0.037798
    outer loop
      vertex 17.4244 80.118 15.2
      vertex 16.9272 80.3579 2
      vertex 17.2617 79.9863 15.2
    endloop
  endfacet
  facet normal 0.357852 -0.933013 0.0377982
    outer loop
      vertex 19.6168 76.2161 2
      vertex 19.218 76.5979 15.2
      vertex 19.3725 76.1224 2
    endloop
  endfacet
  facet normal 0.628804 0.776645 0.0377982
    outer loop
      vertex 20.0695 80.5225 2
      vertex 19.9383 79.9863 15.2
      vertex 20.2728 80.3579 2
    endloop
  endfacet
  facet normal -0.98701 -0.156145 0.0378024
    outer loop
      vertex 16.611 78.2909 15.2
      vertex 16.1137 78.2387 2
      vertex 16.6437 78.0842 15.2
    endloop
  endfacet
  facet normal 0.628804 -0.776645 0.0377982
    outer loop
      vertex 20.2728 76.6421 2
      vertex 19.9383 77.0137 15.2
      vertex 20.0695 76.4775 2
    endloop
  endfacet
  facet normal -0.628804 0.776645 0.0377999
    outer loop
      vertex 17.1305 80.5225 2
      vertex 16.9272 80.3579 2
      vertex 17.4244 80.118 15.2
    endloop
  endfacet
  facet normal -0.706601 0.706601 0.0377978
    outer loop
      vertex 16.9272 80.3579 2
      vertex 16.7421 80.1728 2
      vertex 17.1137 79.8383 15.2
    endloop
  endfacet
  facet normal 0.453944 0.890228 0.0378063
    outer loop
      vertex 19.85 80.6651 2
      vertex 19.4135 80.3271 15.2
      vertex 19.6 80.232 15.2
    endloop
  endfacet
  facet normal -0.776712 -0.628721 0.037798
    outer loop
      vertex 16.982 77.3244 15.2
      vertex 16.7421 76.8272 2
      vertex 17.1137 77.1617 15.2
    endloop
  endfacet
  facet normal 0.987007 -0.156165 0.0378023
    outer loop
      vertex 21.0863 78.2387 2
      vertex 20.589 78.2909 15.2
      vertex 21.0454 77.9802 2
    endloop
  endfacet
  facet normal 0.776712 0.628721 0.037798
    outer loop
      vertex 20.4579 80.1728 2
      vertex 20.0863 79.8383 15.2
      vertex 20.218 79.6756 15.2
    endloop
  endfacet
  facet normal 0.544129 -0.838149 0.0378057
    outer loop
      vertex 19.7756 76.882 15.2
      vertex 19.6 76.768 15.2
      vertex 19.85 76.3349 2
    endloop
  endfacet
  facet normal 0.453601 0.890403 0.0377995
    outer loop
      vertex 19.6168 80.7839 2
      vertex 19.4135 80.3271 15.2
      vertex 19.85 80.6651 2
    endloop
  endfacet
  facet normal -0.544398 0.837975 0.0378
    outer loop
      vertex 17.35 80.6651 2
      vertex 17.1305 80.5225 2
      vertex 17.4244 80.118 15.2
    endloop
  endfacet
  facet normal -0.544129 0.838149 0.0378057
    outer loop
      vertex 17.6 80.232 15.2
      vertex 17.35 80.6651 2
      vertex 17.4244 80.118 15.2
    endloop
  endfacet
  facet normal -0.357923 0.932986 0.0377995
    outer loop
      vertex 17.982 80.4021 15.2
      vertex 17.5832 80.7839 2
      vertex 17.7865 80.3271 15.2
    endloop
  endfacet
  facet normal -0.357852 -0.933013 0.0377982
    outer loop
      vertex 17.982 76.5979 15.2
      vertex 17.5832 76.2161 2
      vertex 17.8275 76.1224 2
    endloop
  endfacet
  facet normal -0.258952 0.96515 0.0377983
    outer loop
      vertex 18.0802 80.9454 2
      vertex 17.8275 80.8776 2
      vertex 17.982 80.4021 15.2
    endloop
  endfacet
  facet normal -0.997915 -0.0523208 0.0377998
    outer loop
      vertex 16.6 78.5 15.2
      vertex 16.1 78.5 2
      vertex 16.1137 78.2387 2
    endloop
  endfacet
  facet normal 0.258726 0.965211 0.0378024
    outer loop
      vertex 19.1198 80.9454 2
      vertex 19.0158 80.4563 15.2
      vertex 19.218 80.4021 15.2
    endloop
  endfacet
  facet normal 0.357923 -0.932986 0.0377995
    outer loop
      vertex 19.4135 76.6729 15.2
      vertex 19.218 76.5979 15.2
      vertex 19.6168 76.2161 2
    endloop
  endfacet
  facet normal 0.156165 0.987007 0.037802
    outer loop
      vertex 19.1198 80.9454 2
      vertex 18.8613 80.9863 2
      vertex 19.0158 80.4563 15.2
    endloop
  endfacet
  facet normal 0.544398 -0.837975 0.0378
    outer loop
      vertex 20.0695 76.4775 2
      vertex 19.7756 76.882 15.2
      vertex 19.85 76.3349 2
    endloop
  endfacet
  facet normal -0.776712 0.628721 0.037798
    outer loop
      vertex 17.1137 79.8383 15.2
      vertex 16.7421 80.1728 2
      vertex 16.982 79.6756 15.2
    endloop
  endfacet
  facet normal 0.706601 -0.706601 0.0377978
    outer loop
      vertex 20.2728 76.6421 2
      vertex 20.0863 77.1617 15.2
      vertex 19.9383 77.0137 15.2
    endloop
  endfacet
  facet normal 0.706601 -0.706601 0.0377978
    outer loop
      vertex 20.0863 77.1617 15.2
      vertex 20.2728 76.6421 2
      vertex 20.4579 76.8272 2
    endloop
  endfacet
  facet normal -0.156145 0.98701 0.0378024
    outer loop
      vertex 18.3387 80.9863 2
      vertex 18.1842 80.4563 15.2
      vertex 18.3909 80.489 15.2
    endloop
  endfacet
  facet normal -0.0524962 -0.997905 0.0378029
    outer loop
      vertex 18.3387 76.0137 2
      vertex 18.6 76.5 15.2
      vertex 18.3909 76.511 15.2
    endloop
  endfacet
  facet normal -0.0523208 -0.997915 0.0377998
    outer loop
      vertex 18.6 76.5 15.2
      vertex 18.3387 76.0137 2
      vertex 18.6 76 2
    endloop
  endfacet
  facet normal 0.258952 -0.96515 0.0377983
    outer loop
      vertex 19.218 76.5979 15.2
      vertex 19.1198 76.0546 2
      vertex 19.3725 76.1224 2
    endloop
  endfacet
  facet normal -0.357923 -0.932986 0.0377995
    outer loop
      vertex 17.7865 76.6729 15.2
      vertex 17.5832 76.2161 2
      vertex 17.982 76.5979 15.2
    endloop
  endfacet
  facet normal -0.258726 0.965211 0.0378024
    outer loop
      vertex 18.0802 80.9454 2
      vertex 17.982 80.4021 15.2
      vertex 18.1842 80.4563 15.2
    endloop
  endfacet
  facet normal -0.932986 0.357923 0.0377995
    outer loop
      vertex 16.7729 79.3135 15.2
      vertex 16.3161 79.5168 2
      vertex 16.6979 79.118 15.2
    endloop
  endfacet
  facet normal -0.997905 0.0524962 0.0378029
    outer loop
      vertex 16.611 78.7091 15.2
      vertex 16.1137 78.7613 2
      vertex 16.6 78.5 15.2
    endloop
  endfacet
  facet normal 0.890421 0.453566 0.0377988
    outer loop
      vertex 20.7651 79.75 2
      vertex 20.3321 79.5 15.2
      vertex 20.4271 79.3135 15.2
    endloop
  endfacet
  facet normal -0.837975 0.544398 0.0378
    outer loop
      vertex 16.5775 79.9695 2
      vertex 16.4349 79.75 2
      vertex 16.982 79.6756 15.2
    endloop
  endfacet
  facet normal 0.544398 0.837975 0.0378
    outer loop
      vertex 19.85 80.6651 2
      vertex 19.7756 80.118 15.2
      vertex 20.0695 80.5225 2
    endloop
  endfacet
  facet normal -0.453945 0.890228 0.0377987
    outer loop
      vertex 17.7865 80.3271 15.2
      vertex 17.5832 80.7839 2
      vertex 17.6 80.232 15.2
    endloop
  endfacet
  facet normal -0.837932 -0.544465 0.0377985
    outer loop
      vertex 16.8679 77.5 15.2
      vertex 16.4349 77.25 2
      vertex 16.982 77.3244 15.2
    endloop
  endfacet
  facet normal 0.932986 -0.357923 0.037798
    outer loop
      vertex 20.5021 77.882 15.2
      vertex 20.4271 77.6865 15.2
      vertex 20.9776 77.7275 2
    endloop
  endfacet
  facet normal 0.776645 0.628804 0.0377999
    outer loop
      vertex 20.4579 80.1728 2
      vertex 20.218 79.6756 15.2
      vertex 20.6225 79.9695 2
    endloop
  endfacet
  facet normal -0.890403 -0.453601 0.0377995
    outer loop
      vertex 16.7729 77.6865 15.2
      vertex 16.3161 77.4832 2
      vertex 16.4349 77.25 2
    endloop
  endfacet
  facet normal -0.933013 -0.357852 0.0377982
    outer loop
      vertex 16.6979 77.882 15.2
      vertex 16.2224 77.7275 2
      vertex 16.3161 77.4832 2
    endloop
  endfacet
  facet normal 0.706601 0.706601 0.0377978
    outer loop
      vertex 20.2728 80.3579 2
      vertex 20.0863 79.8383 15.2
      vertex 20.4579 80.1728 2
    endloop
  endfacet
  facet normal 0.706601 0.706601 0.0377978
    outer loop
      vertex 20.0863 79.8383 15.2
      vertex 20.2728 80.3579 2
      vertex 19.9383 79.9863 15.2
    endloop
  endfacet
  facet normal 0.997905 0.0524962 0.0378029
    outer loop
      vertex 20.6 78.5 15.2
      vertex 21.0863 78.7613 2
      vertex 20.589 78.7091 15.2
    endloop
  endfacet
  facet normal 0.997915 0.0523208 0.0377998
    outer loop
      vertex 21.0863 78.7613 2
      vertex 20.6 78.5 15.2
      vertex 21.1 78.5 2
    endloop
  endfacet
  facet normal 0.0523208 0.997915 0.0377998
    outer loop
      vertex 18.6 81 2
      vertex 18.6 80.5 15.2
      vertex 18.8613 80.9863 2
    endloop
  endfacet
  facet normal -0.997915 0.0523208 0.0377998
    outer loop
      vertex 16.1137 78.7613 2
      vertex 16.1 78.5 2
      vertex 16.6 78.5 15.2
    endloop
  endfacet
  facet normal 0.628721 -0.776712 0.0378001
    outer loop
      vertex 19.9383 77.0137 15.2
      vertex 19.7756 76.882 15.2
      vertex 20.0695 76.4775 2
    endloop
  endfacet
  facet normal -0.987007 0.156165 0.037802
    outer loop
      vertex 16.1546 79.0198 2
      vertex 16.1137 78.7613 2
      vertex 16.6437 78.9158 15.2
    endloop
  endfacet
  facet normal -0.706601 -0.706601 0.0377978
    outer loop
      vertex 17.1137 77.1617 15.2
      vertex 16.7421 76.8272 2
      vertex 16.9272 76.6421 2
    endloop
  endfacet
  facet normal 0.997915 -0.0523208 0.0378026
    outer loop
      vertex 21.1 78.5 2
      vertex 20.589 78.2909 15.2
      vertex 21.0863 78.2387 2
    endloop
  endfacet
  facet normal 0.997905 -0.0524962 0.0377995
    outer loop
      vertex 20.6 78.5 15.2
      vertex 20.589 78.2909 15.2
      vertex 21.1 78.5 2
    endloop
  endfacet
  facet normal -0.837932 0.544465 0.0377985
    outer loop
      vertex 16.982 79.6756 15.2
      vertex 16.4349 79.75 2
      vertex 16.8679 79.5 15.2
    endloop
  endfacet
  facet normal 0.156145 0.98701 0.0378024
    outer loop
      vertex 18.8613 80.9863 2
      vertex 18.8091 80.489 15.2
      vertex 19.0158 80.4563 15.2
    endloop
  endfacet
  facet normal -0.96515 -0.258952 0.0377983
    outer loop
      vertex 16.6979 77.882 15.2
      vertex 16.1546 77.9802 2
      vertex 16.2224 77.7275 2
    endloop
  endfacet
  facet normal -0.258952 -0.96515 0.0377983
    outer loop
      vertex 17.982 76.5979 15.2
      vertex 17.8275 76.1224 2
      vertex 18.0802 76.0546 2
    endloop
  endfacet
  facet normal 0.837975 -0.544398 0.0378
    outer loop
      vertex 20.7651 77.25 2
      vertex 20.218 77.3244 15.2
      vertex 20.6225 77.0305 2
    endloop
  endfacet
  facet normal -0.453601 -0.890403 0.0378056
    outer loop
      vertex 17.6 76.768 15.2
      vertex 17.35 76.3349 2
      vertex 17.5832 76.2161 2
    endloop
  endfacet
  facet normal 0.453601 -0.890403 0.0377995
    outer loop
      vertex 19.85 76.3349 2
      vertex 19.4135 76.6729 15.2
      vertex 19.6168 76.2161 2
    endloop
  endfacet
  facet normal -0.997905 -0.0524962 0.0378029
    outer loop
      vertex 16.6 78.5 15.2
      vertex 16.1137 78.2387 2
      vertex 16.611 78.2909 15.2
    endloop
  endfacet
  facet normal -0.987007 -0.156165 0.037802
    outer loop
      vertex 16.6437 78.0842 15.2
      vertex 16.1137 78.2387 2
      vertex 16.1546 77.9802 2
    endloop
  endfacet
  facet normal 0.258726 -0.965211 0.0378024
    outer loop
      vertex 19.218 76.5979 15.2
      vertex 19.0158 76.5437 15.2
      vertex 19.1198 76.0546 2
    endloop
  endfacet
  facet normal 0.156145 -0.98701 0.0378024
    outer loop
      vertex 19.0158 76.5437 15.2
      vertex 18.8091 76.511 15.2
      vertex 18.8613 76.0137 2
    endloop
  endfacet
  facet normal 0.890403 0.453601 0.0377995
    outer loop
      vertex 20.7651 79.75 2
      vertex 20.4271 79.3135 15.2
      vertex 20.8839 79.5168 2
    endloop
  endfacet
  facet normal 0.96515 0.258952 0.037802
    outer loop
      vertex 20.9776 79.2725 2
      vertex 20.5563 78.9158 15.2
      vertex 21.0454 79.0198 2
    endloop
  endfacet
  facet normal 0.776645 -0.628804 0.0377999
    outer loop
      vertex 20.6225 77.0305 2
      vertex 20.218 77.3244 15.2
      vertex 20.4579 76.8272 2
    endloop
  endfacet
  facet normal -0.890421 0.453566 0.0377988
    outer loop
      vertex 16.8679 79.5 15.2
      vertex 16.4349 79.75 2
      vertex 16.7729 79.3135 15.2
    endloop
  endfacet
  facet normal 0.544129 0.838149 0.0378057
    outer loop
      vertex 19.85 80.6651 2
      vertex 19.6 80.232 15.2
      vertex 19.7756 80.118 15.2
    endloop
  endfacet
  facet normal 0.96515 -0.258952 0.037802
    outer loop
      vertex 21.0454 77.9802 2
      vertex 20.5563 78.0842 15.2
      vertex 20.9776 77.7275 2
    endloop
  endfacet
  facet normal 0.965211 -0.258726 0.0377978
    outer loop
      vertex 20.5563 78.0842 15.2
      vertex 20.5021 77.882 15.2
      vertex 20.9776 77.7275 2
    endloop
  endfacet
  facet normal -0.837975 -0.544398 0.0378
    outer loop
      vertex 16.982 77.3244 15.2
      vertex 16.4349 77.25 2
      vertex 16.5775 77.0305 2
    endloop
  endfacet
  facet normal 0.837932 0.544465 0.0377985
    outer loop
      vertex 20.7651 79.75 2
      vertex 20.218 79.6756 15.2
      vertex 20.3321 79.5 15.2
    endloop
  endfacet
  facet normal 0.0524962 0.997905 0.0378029
    outer loop
      vertex 18.8613 80.9863 2
      vertex 18.6 80.5 15.2
      vertex 18.8091 80.489 15.2
    endloop
  endfacet
  facet normal -0.156165 0.987007 0.037802
    outer loop
      vertex 18.3387 80.9863 2
      vertex 18.0802 80.9454 2
      vertex 18.1842 80.4563 15.2
    endloop
  endfacet
  facet normal -0.628804 -0.776645 0.0377999
    outer loop
      vertex 17.4244 76.882 15.2
      vertex 16.9272 76.6421 2
      vertex 17.1305 76.4775 2
    endloop
  endfacet
  facet normal -0.156165 -0.987007 0.037802
    outer loop
      vertex 18.1842 76.5437 15.2
      vertex 18.0802 76.0546 2
      vertex 18.3387 76.0137 2
    endloop
  endfacet
  facet normal -0.932986 -0.357923 0.0377995
    outer loop
      vertex 16.6979 77.882 15.2
      vertex 16.3161 77.4832 2
      vertex 16.7729 77.6865 15.2
    endloop
  endfacet
  facet normal 0.933013 0.357852 0.0377994
    outer loop
      vertex 20.8839 79.5168 2
      vertex 20.4271 79.3135 15.2
      vertex 20.9776 79.2725 2
    endloop
  endfacet
  facet normal 0.890421 -0.453566 0.0377988
    outer loop
      vertex 20.4271 77.6865 15.2
      vertex 20.3321 77.5 15.2
      vertex 20.7651 77.25 2
    endloop
  endfacet
  facet normal 0.98701 0.156145 0.037802
    outer loop
      vertex 21.0454 79.0198 2
      vertex 20.5563 78.9158 15.2
      vertex 20.589 78.7091 15.2
    endloop
  endfacet
  facet normal 0.987007 0.156165 0.0378023
    outer loop
      vertex 21.0454 79.0198 2
      vertex 20.589 78.7091 15.2
      vertex 21.0863 78.7613 2
    endloop
  endfacet
  facet normal -0.628721 -0.776712 0.037798
    outer loop
      vertex 17.2617 77.0137 15.2
      vertex 16.9272 76.6421 2
      vertex 17.4244 76.882 15.2
    endloop
  endfacet
  facet normal 0.837932 -0.544465 0.0377985
    outer loop
      vertex 20.3321 77.5 15.2
      vertex 20.218 77.3244 15.2
      vertex 20.7651 77.25 2
    endloop
  endfacet
  facet normal 0.453944 -0.890228 0.0378063
    outer loop
      vertex 19.6 76.768 15.2
      vertex 19.4135 76.6729 15.2
      vertex 19.85 76.3349 2
    endloop
  endfacet
  facet normal 0.98701 -0.156145 0.037802
    outer loop
      vertex 20.589 78.2909 15.2
      vertex 20.5563 78.0842 15.2
      vertex 21.0454 77.9802 2
    endloop
  endfacet
  facet normal -0.0524962 0.997905 0.0378029
    outer loop
      vertex 18.6 80.5 15.2
      vertex 18.3387 80.9863 2
      vertex 18.3909 80.489 15.2
    endloop
  endfacet
  facet normal -0.890421 -0.453566 0.0377988
    outer loop
      vertex 16.7729 77.6865 15.2
      vertex 16.4349 77.25 2
      vertex 16.8679 77.5 15.2
    endloop
  endfacet
  facet normal -0.96515 0.258952 0.0377983
    outer loop
      vertex 16.2224 79.2725 2
      vertex 16.1546 79.0198 2
      vertex 16.6979 79.118 15.2
    endloop
  endfacet
  facet normal -0.933013 0.357852 0.0377982
    outer loop
      vertex 16.3161 79.5168 2
      vertex 16.2224 79.2725 2
      vertex 16.6979 79.118 15.2
    endloop
  endfacet
  facet normal -0.965211 -0.258726 0.0378024
    outer loop
      vertex 16.6437 78.0842 15.2
      vertex 16.1546 77.9802 2
      vertex 16.6979 77.882 15.2
    endloop
  endfacet
  facet normal -0.258726 -0.965211 0.0378024
    outer loop
      vertex 18.1842 76.5437 15.2
      vertex 17.982 76.5979 15.2
      vertex 18.0802 76.0546 2
    endloop
  endfacet
  facet normal -0.544398 -0.837975 0.0378
    outer loop
      vertex 17.4244 76.882 15.2
      vertex 17.1305 76.4775 2
      vertex 17.35 76.3349 2
    endloop
  endfacet
  facet normal -0.544129 -0.838149 0.0378057
    outer loop
      vertex 17.4244 76.882 15.2
      vertex 17.35 76.3349 2
      vertex 17.6 76.768 15.2
    endloop
  endfacet
  facet normal -0.357852 0.933013 0.0377982
    outer loop
      vertex 17.8275 80.8776 2
      vertex 17.5832 80.7839 2
      vertex 17.982 80.4021 15.2
    endloop
  endfacet
  facet normal 0 0 1
    outer loop
      vertex 20.589 78.7091 15.2
      vertex 20.589 78.2909 15.2
      vertex 20.6 78.5 15.2
    endloop
  endfacet
  facet normal 0 0 1
    outer loop
      vertex 20.5563 78.9158 15.2
      vertex 20.589 78.2909 15.2
      vertex 20.589 78.7091 15.2
    endloop
  endfacet
  facet normal 0 0 1
    outer loop
      vertex 20.5563 78.9158 15.2
      vertex 20.5563 78.0842 15.2
      vertex 20.589 78.2909 15.2
    endloop
  endfacet
  facet normal 0 0 1
    outer loop
      vertex 20.5021 79.118 15.2
      vertex 20.5563 78.0842 15.2
      vertex 20.5563 78.9158 15.2
    endloop
  endfacet
  facet normal 0 0 1
    outer loop
      vertex 20.5021 79.118 15.2
      vertex 20.5021 77.882 15.2
      vertex 20.5563 78.0842 15.2
    endloop
  endfacet
  facet normal 0 0 1
    outer loop
      vertex 20.4271 79.3135 15.2
      vertex 20.5021 77.882 15.2
      vertex 20.5021 79.118 15.2
    endloop
  endfacet
  facet normal 0 0 1
    outer loop
      vertex 20.4271 79.3135 15.2
      vertex 20.4271 77.6865 15.2
      vertex 20.5021 77.882 15.2
    endloop
  endfacet
  facet normal 0 0 1
    outer loop
      vertex 20.3321 79.5 15.2
      vertex 20.4271 77.6865 15.2
      vertex 20.4271 79.3135 15.2
    endloop
  endfacet
  facet normal 0 0 1
    outer loop
      vertex 20.3321 79.5 15.2
      vertex 20.3321 77.5 15.2
      vertex 20.4271 77.6865 15.2
    endloop
  endfacet
  facet normal 0 0 1
    outer loop
      vertex 20.218 79.6756 15.2
      vertex 20.3321 77.5 15.2
      vertex 20.3321 79.5 15.2
    endloop
  endfacet
  facet normal 0 0 1
    outer loop
      vertex 20.218 79.6756 15.2
      vertex 20.218 77.3244 15.2
      vertex 20.3321 77.5 15.2
    endloop
  endfacet
  facet normal 0 0 1
    outer loop
      vertex 20.0863 79.8383 15.2
      vertex 20.218 77.3244 15.2
      vertex 20.218 79.6756 15.2
    endloop
  endfacet
  facet normal 0 0 1
    outer loop
      vertex 20.0863 79.8383 15.2
      vertex 20.0863 77.1617 15.2
      vertex 20.218 77.3244 15.2
    endloop
  endfacet
  facet normal 0 0 1
    outer loop
      vertex 19.9383 79.9863 15.2
      vertex 20.0863 77.1617 15.2
      vertex 20.0863 79.8383 15.2
    endloop
  endfacet
  facet normal 0 0 1
    outer loop
      vertex 19.9383 79.9863 15.2
      vertex 19.9383 77.0137 15.2
      vertex 20.0863 77.1617 15.2
    endloop
  endfacet
  facet normal 0 0 1
    outer loop
      vertex 19.7756 80.118 15.2
      vertex 19.9383 77.0137 15.2
      vertex 19.9383 79.9863 15.2
    endloop
  endfacet
  facet normal 0 0 1
    outer loop
      vertex 19.7756 80.118 15.2
      vertex 19.7756 76.882 15.2
      vertex 19.9383 77.0137 15.2
    endloop
  endfacet
  facet normal 0 0 1
    outer loop
      vertex 19.6 80.232 15.2
      vertex 19.7756 76.882 15.2
      vertex 19.7756 80.118 15.2
    endloop
  endfacet
  facet normal 0 0 1
    outer loop
      vertex 19.6 80.232 15.2
      vertex 19.6 76.768 15.2
      vertex 19.7756 76.882 15.2
    endloop
  endfacet
  facet normal 0 0 1
    outer loop
      vertex 19.4135 80.3271 15.2
      vertex 19.6 76.768 15.2
      vertex 19.6 80.232 15.2
    endloop
  endfacet
  facet normal 0 0 1
    outer loop
      vertex 19.4135 80.3271 15.2
      vertex 19.4135 76.6729 15.2
      vertex 19.6 76.768 15.2
    endloop
  endfacet
  facet normal 0 0 1
    outer loop
      vertex 19.218 80.4021 15.2
      vertex 19.4135 76.6729 15.2
      vertex 19.4135 80.3271 15.2
    endloop
  endfacet
  facet normal 0 0 1
    outer loop
      vertex 19.218 80.4021 15.2
      vertex 19.218 76.5979 15.2
      vertex 19.4135 76.6729 15.2
    endloop
  endfacet
  facet normal 0 0 1
    outer loop
      vertex 19.0158 80.4563 15.2
      vertex 19.218 76.5979 15.2
      vertex 19.218 80.4021 15.2
    endloop
  endfacet
  facet normal 0 0 1
    outer loop
      vertex 19.0158 80.4563 15.2
      vertex 19.0158 76.5437 15.2
      vertex 19.218 76.5979 15.2
    endloop
  endfacet
  facet normal 0 0 1
    outer loop
      vertex 18.8091 80.489 15.2
      vertex 19.0158 76.5437 15.2
      vertex 19.0158 80.4563 15.2
    endloop
  endfacet
  facet normal 0 0 1
    outer loop
      vertex 18.8091 80.489 15.2
      vertex 18.8091 76.511 15.2
      vertex 19.0158 76.5437 15.2
    endloop
  endfacet
  facet normal 0 0 1
    outer loop
      vertex 18.6 80.5 15.2
      vertex 18.8091 76.511 15.2
      vertex 18.8091 80.489 15.2
    endloop
  endfacet
  facet normal 0 0 1
    outer loop
      vertex 18.6 80.5 15.2
      vertex 18.6 76.5 15.2
      vertex 18.8091 76.511 15.2
    endloop
  endfacet
  facet normal -0 0 1
    outer loop
      vertex 18.3909 80.489 15.2
      vertex 18.6 76.5 15.2
      vertex 18.6 80.5 15.2
    endloop
  endfacet
  facet normal 0 0 1
    outer loop
      vertex 18.3909 80.489 15.2
      vertex 18.3909 76.511 15.2
      vertex 18.6 76.5 15.2
    endloop
  endfacet
  facet normal -0 0 1
    outer loop
      vertex 18.1842 80.4563 15.2
      vertex 18.3909 76.511 15.2
      vertex 18.3909 80.489 15.2
    endloop
  endfacet
  facet normal 0 0 1
    outer loop
      vertex 18.1842 80.4563 15.2
      vertex 18.1842 76.5437 15.2
      vertex 18.3909 76.511 15.2
    endloop
  endfacet
  facet normal -0 0 1
    outer loop
      vertex 17.982 80.4021 15.2
      vertex 18.1842 76.5437 15.2
      vertex 18.1842 80.4563 15.2
    endloop
  endfacet
  facet normal 0 0 1
    outer loop
      vertex 17.982 80.4021 15.2
      vertex 17.982 76.5979 15.2
      vertex 18.1842 76.5437 15.2
    endloop
  endfacet
  facet normal -0 0 1
    outer loop
      vertex 17.7865 80.3271 15.2
      vertex 17.982 76.5979 15.2
      vertex 17.982 80.4021 15.2
    endloop
  endfacet
  facet normal 0 0 1
    outer loop
      vertex 17.7865 80.3271 15.2
      vertex 17.7865 76.6729 15.2
      vertex 17.982 76.5979 15.2
    endloop
  endfacet
  facet normal -0 0 1
    outer loop
      vertex 17.6 80.232 15.2
      vertex 17.7865 76.6729 15.2
      vertex 17.7865 80.3271 15.2
    endloop
  endfacet
  facet normal 0 0 1
    outer loop
      vertex 17.6 80.232 15.2
      vertex 17.6 76.768 15.2
      vertex 17.7865 76.6729 15.2
    endloop
  endfacet
  facet normal -0 0 1
    outer loop
      vertex 17.4244 80.118 15.2
      vertex 17.6 76.768 15.2
      vertex 17.6 80.232 15.2
    endloop
  endfacet
  facet normal 0 0 1
    outer loop
      vertex 17.4244 80.118 15.2
      vertex 17.4244 76.882 15.2
      vertex 17.6 76.768 15.2
    endloop
  endfacet
  facet normal -0 0 1
    outer loop
      vertex 17.2617 79.9863 15.2
      vertex 17.4244 76.882 15.2
      vertex 17.4244 80.118 15.2
    endloop
  endfacet
  facet normal 0 0 1
    outer loop
      vertex 17.2617 79.9863 15.2
      vertex 17.2617 77.0137 15.2
      vertex 17.4244 76.882 15.2
    endloop
  endfacet
  facet normal -0 0 1
    outer loop
      vertex 17.1137 79.8383 15.2
      vertex 17.2617 77.0137 15.2
      vertex 17.2617 79.9863 15.2
    endloop
  endfacet
  facet normal 0 0 1
    outer loop
      vertex 17.1137 79.8383 15.2
      vertex 17.1137 77.1617 15.2
      vertex 17.2617 77.0137 15.2
    endloop
  endfacet
  facet normal -0 0 1
    outer loop
      vertex 16.982 79.6756 15.2
      vertex 17.1137 77.1617 15.2
      vertex 17.1137 79.8383 15.2
    endloop
  endfacet
  facet normal 0 0 1
    outer loop
      vertex 16.982 79.6756 15.2
      vertex 16.982 77.3244 15.2
      vertex 17.1137 77.1617 15.2
    endloop
  endfacet
  facet normal -0 0 1
    outer loop
      vertex 16.8679 79.5 15.2
      vertex 16.982 77.3244 15.2
      vertex 16.982 79.6756 15.2
    endloop
  endfacet
  facet normal 0 0 1
    outer loop
      vertex 16.8679 79.5 15.2
      vertex 16.8679 77.5 15.2
      vertex 16.982 77.3244 15.2
    endloop
  endfacet
  facet normal -0 0 1
    outer loop
      vertex 16.7729 79.3135 15.2
      vertex 16.8679 77.5 15.2
      vertex 16.8679 79.5 15.2
    endloop
  endfacet
  facet normal 0 0 1
    outer loop
      vertex 16.7729 79.3135 15.2
      vertex 16.7729 77.6865 15.2
      vertex 16.8679 77.5 15.2
    endloop
  endfacet
  facet normal -0 0 1
    outer loop
      vertex 16.6979 79.118 15.2
      vertex 16.7729 77.6865 15.2
      vertex 16.7729 79.3135 15.2
    endloop
  endfacet
  facet normal 0 0 1
    outer loop
      vertex 16.6979 79.118 15.2
      vertex 16.6979 77.882 15.2
      vertex 16.7729 77.6865 15.2
    endloop
  endfacet
  facet normal -0 0 1
    outer loop
      vertex 16.6437 78.9158 15.2
      vertex 16.6979 77.882 15.2
      vertex 16.6979 79.118 15.2
    endloop
  endfacet
  facet normal 0 0 1
    outer loop
      vertex 16.6437 78.9158 15.2
      vertex 16.6437 78.0842 15.2
      vertex 16.6979 77.882 15.2
    endloop
  endfacet
  facet normal -0 0 1
    outer loop
      vertex 16.611 78.7091 15.2
      vertex 16.6437 78.0842 15.2
      vertex 16.6437 78.9158 15.2
    endloop
  endfacet
  facet normal 0 0 1
    outer loop
      vertex 16.611 78.7091 15.2
      vertex 16.611 78.2909 15.2
      vertex 16.6437 78.0842 15.2
    endloop
  endfacet
  facet normal 0 -0 1
    outer loop
      vertex 16.611 78.2909 15.2
      vertex 16.611 78.7091 15.2
      vertex 16.6 78.5 15.2
    endloop
  endfacet
  facet normal 0.258726 -0.965211 0.0378024
    outer loop
      vertex 61.418 76.5979 15.2
      vertex 61.2158 76.5437 15.2
      vertex 61.3198 76.0546 2
    endloop
  endfacet
  facet normal 0.628721 0.776712 0.0378001
    outer loop
      vertex 62.2695 80.5225 2
      vertex 61.9756 80.118 15.2
      vertex 62.1383 79.9863 15.2
    endloop
  endfacet
  facet normal -0.156165 0.987007 0.037802
    outer loop
      vertex 60.5387 80.9863 2
      vertex 60.2802 80.9454 2
      vertex 60.3842 80.4563 15.2
    endloop
  endfacet
  facet normal 0.776712 -0.628721 0.037798
    outer loop
      vertex 62.418 77.3244 15.2
      vertex 62.2863 77.1617 15.2
      vertex 62.6579 76.8272 2
    endloop
  endfacet
  facet normal -0.837932 -0.544465 0.0378001
    outer loop
      vertex 59.0679 77.5 15.2
      vertex 58.7775 77.0305 2
      vertex 59.182 77.3244 15.2
    endloop
  endfacet
  facet normal 0.837975 0.544398 0.0378
    outer loop
      vertex 62.8225 79.9695 2
      vertex 62.418 79.6756 15.2
      vertex 62.9651 79.75 2
    endloop
  endfacet
  facet normal 0.96515 0.258952 0.0377983
    outer loop
      vertex 63.1776 79.2725 2
      vertex 62.7021 79.118 15.2
      vertex 63.2454 79.0198 2
    endloop
  endfacet
  facet normal 0.0524962 0.997905 0.0378029
    outer loop
      vertex 61.0613 80.9863 2
      vertex 60.8 80.5 15.2
      vertex 61.0091 80.489 15.2
    endloop
  endfacet
  facet normal -0.258726 0.965211 0.0378024
    outer loop
      vertex 60.2802 80.9454 2
      vertex 60.182 80.4021 15.2
      vertex 60.3842 80.4563 15.2
    endloop
  endfacet
  facet normal 0.258952 -0.96515 0.0377983
    outer loop
      vertex 61.418 76.5979 15.2
      vertex 61.3198 76.0546 2
      vertex 61.5725 76.1224 2
    endloop
  endfacet
  facet normal -0.837932 0.544465 0.0378001
    outer loop
      vertex 59.182 79.6756 15.2
      vertex 58.7775 79.9695 2
      vertex 59.0679 79.5 15.2
    endloop
  endfacet
  facet normal 0.258952 0.96515 0.0377983
    outer loop
      vertex 61.5725 80.8776 2
      vertex 61.3198 80.9454 2
      vertex 61.418 80.4021 15.2
    endloop
  endfacet
  facet normal -0.544129 -0.838149 0.0378057
    outer loop
      vertex 59.6244 76.882 15.2
      vertex 59.55 76.3349 2
      vertex 59.8 76.768 15.2
    endloop
  endfacet
  facet normal -0.258952 -0.96515 0.0377983
    outer loop
      vertex 60.182 76.5979 15.2
      vertex 60.0275 76.1224 2
      vertex 60.2802 76.0546 2
    endloop
  endfacet
  facet normal -0.96515 0.258952 0.0377983
    outer loop
      vertex 58.4224 79.2725 2
      vertex 58.3546 79.0198 2
      vertex 58.8979 79.118 15.2
    endloop
  endfacet
  facet normal 0.890403 -0.453601 0.0377995
    outer loop
      vertex 63.0839 77.4832 2
      vertex 62.6271 77.6865 15.2
      vertex 62.9651 77.25 2
    endloop
  endfacet
  facet normal -0.890403 0.453601 0.0377988
    outer loop
      vertex 58.6349 79.75 2
      vertex 58.5161 79.5168 2
      vertex 59.0679 79.5 15.2
    endloop
  endfacet
  facet normal 0.258726 0.965211 0.0378024
    outer loop
      vertex 61.3198 80.9454 2
      vertex 61.2158 80.4563 15.2
      vertex 61.418 80.4021 15.2
    endloop
  endfacet
  facet normal 0.98701 0.156145 0.037802
    outer loop
      vertex 63.2454 79.0198 2
      vertex 62.7563 78.9158 15.2
      vertex 62.789 78.7091 15.2
    endloop
  endfacet
  facet normal 0.932986 -0.357923 0.037798
    outer loop
      vertex 62.7021 77.882 15.2
      vertex 62.6271 77.6865 15.2
      vertex 63.1776 77.7275 2
    endloop
  endfacet
  facet normal 0.932986 0.357923 0.037798
    outer loop
      vertex 63.1776 79.2725 2
      vertex 62.6271 79.3135 15.2
      vertex 62.7021 79.118 15.2
    endloop
  endfacet
  facet normal 0.544398 -0.837975 0.0378
    outer loop
      vertex 62.2695 76.4775 2
      vertex 61.9756 76.882 15.2
      vertex 62.05 76.3349 2
    endloop
  endfacet
  facet normal -0.776712 0.628721 0.037798
    outer loop
      vertex 59.3137 79.8383 15.2
      vertex 58.9421 80.1728 2
      vertex 59.182 79.6756 15.2
    endloop
  endfacet
  facet normal 0.0524962 -0.997905 0.0377995
    outer loop
      vertex 60.8 76 2
      vertex 61.0091 76.511 15.2
      vertex 60.8 76.5 15.2
    endloop
  endfacet
  facet normal 0.0523208 -0.997915 0.0378026
    outer loop
      vertex 61.0091 76.511 15.2
      vertex 60.8 76 2
      vertex 61.0613 76.0137 2
    endloop
  endfacet
  facet normal -0.776645 0.628804 0.0377999
    outer loop
      vertex 58.9421 80.1728 2
      vertex 58.7775 79.9695 2
      vertex 59.182 79.6756 15.2
    endloop
  endfacet
  facet normal 0.544129 -0.838149 0.0378057
    outer loop
      vertex 61.9756 76.882 15.2
      vertex 61.8 76.768 15.2
      vertex 62.05 76.3349 2
    endloop
  endfacet
  facet normal 0.987007 -0.156165 0.0378023
    outer loop
      vertex 63.2863 78.2387 2
      vertex 62.789 78.2909 15.2
      vertex 63.2454 77.9802 2
    endloop
  endfacet
  facet normal 0.544129 0.838149 0.0378057
    outer loop
      vertex 62.05 80.6651 2
      vertex 61.8 80.232 15.2
      vertex 61.9756 80.118 15.2
    endloop
  endfacet
  facet normal 0.156145 0.98701 0.0378024
    outer loop
      vertex 61.0613 80.9863 2
      vertex 61.0091 80.489 15.2
      vertex 61.2158 80.4563 15.2
    endloop
  endfacet
  facet normal 0.453944 0.890228 0.0378063
    outer loop
      vertex 62.05 80.6651 2
      vertex 61.6135 80.3271 15.2
      vertex 61.8 80.232 15.2
    endloop
  endfacet
  facet normal 0.453601 -0.890403 0.0377995
    outer loop
      vertex 62.05 76.3349 2
      vertex 61.6135 76.6729 15.2
      vertex 61.8168 76.2161 2
    endloop
  endfacet
  facet normal -0.997905 -0.0524962 0.0378029
    outer loop
      vertex 58.8 78.5 15.2
      vertex 58.3137 78.2387 2
      vertex 58.811 78.2909 15.2
    endloop
  endfacet
  facet normal -0.776712 -0.628721 0.037798
    outer loop
      vertex 59.182 77.3244 15.2
      vertex 58.9421 76.8272 2
      vertex 59.3137 77.1617 15.2
    endloop
  endfacet
  facet normal 0.453601 0.890403 0.0377995
    outer loop
      vertex 61.8168 80.7839 2
      vertex 61.6135 80.3271 15.2
      vertex 62.05 80.6651 2
    endloop
  endfacet
  facet normal 0.837932 0.544465 0.0377985
    outer loop
      vertex 62.9651 79.75 2
      vertex 62.418 79.6756 15.2
      vertex 62.5321 79.5 15.2
    endloop
  endfacet
  facet normal -0.544129 0.838149 0.0378057
    outer loop
      vertex 59.8 80.232 15.2
      vertex 59.55 80.6651 2
      vertex 59.6244 80.118 15.2
    endloop
  endfacet
  facet normal -0.357923 -0.932986 0.0377995
    outer loop
      vertex 59.9865 76.6729 15.2
      vertex 59.7832 76.2161 2
      vertex 60.182 76.5979 15.2
    endloop
  endfacet
  facet normal -0.258952 0.96515 0.0377983
    outer loop
      vertex 60.2802 80.9454 2
      vertex 60.0275 80.8776 2
      vertex 60.182 80.4021 15.2
    endloop
  endfacet
  facet normal -0.628721 0.776712 0.037798
    outer loop
      vertex 59.6244 80.118 15.2
      vertex 59.1272 80.3579 2
      vertex 59.4617 79.9863 15.2
    endloop
  endfacet
  facet normal 0.933013 -0.357852 0.0377994
    outer loop
      vertex 63.1776 77.7275 2
      vertex 62.6271 77.6865 15.2
      vertex 63.0839 77.4832 2
    endloop
  endfacet
  facet normal 0.628804 -0.776645 0.0377982
    outer loop
      vertex 62.4728 76.6421 2
      vertex 62.1383 77.0137 15.2
      vertex 62.2695 76.4775 2
    endloop
  endfacet
  facet normal 0.453944 -0.890228 0.0378063
    outer loop
      vertex 61.8 76.768 15.2
      vertex 61.6135 76.6729 15.2
      vertex 62.05 76.3349 2
    endloop
  endfacet
  facet normal -0.357852 0.933013 0.0377982
    outer loop
      vertex 60.0275 80.8776 2
      vertex 59.7832 80.7839 2
      vertex 60.182 80.4021 15.2
    endloop
  endfacet
  facet normal 0.156145 -0.98701 0.0378024
    outer loop
      vertex 61.2158 76.5437 15.2
      vertex 61.0091 76.511 15.2
      vertex 61.0613 76.0137 2
    endloop
  endfacet
  facet normal -0.987007 0.156165 0.037802
    outer loop
      vertex 58.3546 79.0198 2
      vertex 58.3137 78.7613 2
      vertex 58.8437 78.9158 15.2
    endloop
  endfacet
  facet normal -0.997915 0.0523208 0.0377998
    outer loop
      vertex 58.3137 78.7613 2
      vertex 58.3 78.5 2
      vertex 58.8 78.5 15.2
    endloop
  endfacet
  facet normal -0.453601 -0.890403 0.0377995
    outer loop
      vertex 59.9865 76.6729 15.2
      vertex 59.55 76.3349 2
      vertex 59.7832 76.2161 2
    endloop
  endfacet
  facet normal -0.776645 -0.628804 0.0377999
    outer loop
      vertex 59.182 77.3244 15.2
      vertex 58.7775 77.0305 2
      vertex 58.9421 76.8272 2
    endloop
  endfacet
  facet normal 0.544398 0.837975 0.0378
    outer loop
      vertex 62.05 80.6651 2
      vertex 61.9756 80.118 15.2
      vertex 62.2695 80.5225 2
    endloop
  endfacet
  facet normal -0.932986 0.357923 0.0377995
    outer loop
      vertex 58.9729 79.3135 15.2
      vertex 58.5161 79.5168 2
      vertex 58.8979 79.118 15.2
    endloop
  endfacet
  facet normal 0.357923 0.932986 0.0377995
    outer loop
      vertex 61.8168 80.7839 2
      vertex 61.418 80.4021 15.2
      vertex 61.6135 80.3271 15.2
    endloop
  endfacet
  facet normal 0.628721 -0.776712 0.0378001
    outer loop
      vertex 62.1383 77.0137 15.2
      vertex 61.9756 76.882 15.2
      vertex 62.2695 76.4775 2
    endloop
  endfacet
  facet normal -0.628804 0.776645 0.0377999
    outer loop
      vertex 59.3305 80.5225 2
      vertex 59.1272 80.3579 2
      vertex 59.6244 80.118 15.2
    endloop
  endfacet
  facet normal -0.837975 -0.544398 0.0377987
    outer loop
      vertex 59.0679 77.5 15.2
      vertex 58.6349 77.25 2
      vertex 58.7775 77.0305 2
    endloop
  endfacet
  facet normal 0.890421 0.453566 0.0377988
    outer loop
      vertex 62.9651 79.75 2
      vertex 62.5321 79.5 15.2
      vertex 62.6271 79.3135 15.2
    endloop
  endfacet
  facet normal -0.357923 0.932986 0.0377995
    outer loop
      vertex 60.182 80.4021 15.2
      vertex 59.7832 80.7839 2
      vertex 59.9865 80.3271 15.2
    endloop
  endfacet
  facet normal -0.0523208 0.997915 0.0377998
    outer loop
      vertex 60.8 81 2
      vertex 60.5387 80.9863 2
      vertex 60.8 80.5 15.2
    endloop
  endfacet
  facet normal 0.628804 0.776645 0.0377982
    outer loop
      vertex 62.2695 80.5225 2
      vertex 62.1383 79.9863 15.2
      vertex 62.4728 80.3579 2
    endloop
  endfacet
  facet normal -0.96515 -0.258952 0.0377983
    outer loop
      vertex 58.8979 77.882 15.2
      vertex 58.3546 77.9802 2
      vertex 58.4224 77.7275 2
    endloop
  endfacet
  facet normal 0.357852 0.933013 0.0377982
    outer loop
      vertex 61.5725 80.8776 2
      vertex 61.418 80.4021 15.2
      vertex 61.8168 80.7839 2
    endloop
  endfacet
  facet normal -0.156145 0.98701 0.0378024
    outer loop
      vertex 60.5387 80.9863 2
      vertex 60.3842 80.4563 15.2
      vertex 60.5909 80.489 15.2
    endloop
  endfacet
  facet normal -0.890421 -0.453566 0.0377996
    outer loop
      vertex 58.9729 77.6865 15.2
      vertex 58.5161 77.4832 2
      vertex 59.0679 77.5 15.2
    endloop
  endfacet
  facet normal -0.997905 0.0524962 0.0378029
    outer loop
      vertex 58.811 78.7091 15.2
      vertex 58.3137 78.7613 2
      vertex 58.8 78.5 15.2
    endloop
  endfacet
  facet normal 0.965211 -0.258726 0.0378024
    outer loop
      vertex 62.7563 78.0842 15.2
      vertex 62.7021 77.882 15.2
      vertex 63.2454 77.9802 2
    endloop
  endfacet
  facet normal 0.706601 -0.706601 0.0377978
    outer loop
      vertex 62.4728 76.6421 2
      vertex 62.2863 77.1617 15.2
      vertex 62.1383 77.0137 15.2
    endloop
  endfacet
  facet normal 0.706601 -0.706601 0.0377978
    outer loop
      vertex 62.2863 77.1617 15.2
      vertex 62.4728 76.6421 2
      vertex 62.6579 76.8272 2
    endloop
  endfacet
  facet normal 0.776712 0.628721 0.037798
    outer loop
      vertex 62.6579 80.1728 2
      vertex 62.2863 79.8383 15.2
      vertex 62.418 79.6756 15.2
    endloop
  endfacet
  facet normal 0.776645 0.628804 0.0377999
    outer loop
      vertex 62.6579 80.1728 2
      vertex 62.418 79.6756 15.2
      vertex 62.8225 79.9695 2
    endloop
  endfacet
  facet normal -0.544398 0.837975 0.0378
    outer loop
      vertex 59.55 80.6651 2
      vertex 59.3305 80.5225 2
      vertex 59.6244 80.118 15.2
    endloop
  endfacet
  facet normal -0.965211 0.258726 0.0378024
    outer loop
      vertex 58.8979 79.118 15.2
      vertex 58.3546 79.0198 2
      vertex 58.8437 78.9158 15.2
    endloop
  endfacet
  facet normal 0.997905 0.0524962 0.0378029
    outer loop
      vertex 62.8 78.5 15.2
      vertex 63.2863 78.7613 2
      vertex 62.789 78.7091 15.2
    endloop
  endfacet
  facet normal 0.997915 0.0523208 0.0377998
    outer loop
      vertex 63.2863 78.7613 2
      vertex 62.8 78.5 15.2
      vertex 63.3 78.5 2
    endloop
  endfacet
  facet normal 0.776645 -0.628804 0.0377999
    outer loop
      vertex 62.8225 77.0305 2
      vertex 62.418 77.3244 15.2
      vertex 62.6579 76.8272 2
    endloop
  endfacet
  facet normal 0.357923 -0.932986 0.0377995
    outer loop
      vertex 61.6135 76.6729 15.2
      vertex 61.418 76.5979 15.2
      vertex 61.8168 76.2161 2
    endloop
  endfacet
  facet normal 0.357852 -0.933013 0.0377982
    outer loop
      vertex 61.8168 76.2161 2
      vertex 61.418 76.5979 15.2
      vertex 61.5725 76.1224 2
    endloop
  endfacet
  facet normal 0.837975 -0.544398 0.0378
    outer loop
      vertex 62.9651 77.25 2
      vertex 62.418 77.3244 15.2
      vertex 62.8225 77.0305 2
    endloop
  endfacet
  facet normal 0.997915 -0.0523208 0.0378026
    outer loop
      vertex 63.3 78.5 2
      vertex 62.789 78.2909 15.2
      vertex 63.2863 78.2387 2
    endloop
  endfacet
  facet normal 0.997905 -0.0524962 0.0377995
    outer loop
      vertex 62.8 78.5 15.2
      vertex 62.789 78.2909 15.2
      vertex 63.3 78.5 2
    endloop
  endfacet
  facet normal -0.0524962 0.997905 0.0378029
    outer loop
      vertex 60.8 80.5 15.2
      vertex 60.5387 80.9863 2
      vertex 60.5909 80.489 15.2
    endloop
  endfacet
  facet normal -0.98701 0.156145 0.0378024
    outer loop
      vertex 58.8437 78.9158 15.2
      vertex 58.3137 78.7613 2
      vertex 58.811 78.7091 15.2
    endloop
  endfacet
  facet normal -0.706601 0.706601 0.0377978
    outer loop
      vertex 58.9421 80.1728 2
      vertex 59.4617 79.9863 15.2
      vertex 59.1272 80.3579 2
    endloop
  endfacet
  facet normal -0.706601 0.706601 0.0377978
    outer loop
      vertex 59.4617 79.9863 15.2
      vertex 58.9421 80.1728 2
      vertex 59.3137 79.8383 15.2
    endloop
  endfacet
  facet normal -0.965211 -0.258726 0.0378024
    outer loop
      vertex 58.8437 78.0842 15.2
      vertex 58.3546 77.9802 2
      vertex 58.8979 77.882 15.2
    endloop
  endfacet
  facet normal -0.890403 -0.453601 0.0377988
    outer loop
      vertex 59.0679 77.5 15.2
      vertex 58.5161 77.4832 2
      vertex 58.6349 77.25 2
    endloop
  endfacet
  facet normal -0.987007 -0.156165 0.037802
    outer loop
      vertex 58.8437 78.0842 15.2
      vertex 58.3137 78.2387 2
      vertex 58.3546 77.9802 2
    endloop
  endfacet
  facet normal -0.453944 0.890228 0.0378063
    outer loop
      vertex 59.9865 80.3271 15.2
      vertex 59.55 80.6651 2
      vertex 59.8 80.232 15.2
    endloop
  endfacet
  facet normal -0.453944 -0.890228 0.0378063
    outer loop
      vertex 59.8 76.768 15.2
      vertex 59.55 76.3349 2
      vertex 59.9865 76.6729 15.2
    endloop
  endfacet
  facet normal 0.706601 0.706601 0.0377978
    outer loop
      vertex 62.4728 80.3579 2
      vertex 62.2863 79.8383 15.2
      vertex 62.6579 80.1728 2
    endloop
  endfacet
  facet normal 0.706601 0.706601 0.0377978
    outer loop
      vertex 62.2863 79.8383 15.2
      vertex 62.4728 80.3579 2
      vertex 62.1383 79.9863 15.2
    endloop
  endfacet
  facet normal -0.628721 -0.776712 0.037798
    outer loop
      vertex 59.4617 77.0137 15.2
      vertex 59.1272 76.6421 2
      vertex 59.6244 76.882 15.2
    endloop
  endfacet
  facet normal -0.156145 -0.98701 0.0378024
    outer loop
      vertex 60.5909 76.511 15.2
      vertex 60.3842 76.5437 15.2
      vertex 60.5387 76.0137 2
    endloop
  endfacet
  facet normal -0.933013 0.357852 0.0377982
    outer loop
      vertex 58.5161 79.5168 2
      vertex 58.4224 79.2725 2
      vertex 58.8979 79.118 15.2
    endloop
  endfacet
  facet normal -0.357852 -0.933013 0.0377982
    outer loop
      vertex 60.182 76.5979 15.2
      vertex 59.7832 76.2161 2
      vertex 60.0275 76.1224 2
    endloop
  endfacet
  facet normal -0.156165 -0.987007 0.037802
    outer loop
      vertex 60.3842 76.5437 15.2
      vertex 60.2802 76.0546 2
      vertex 60.5387 76.0137 2
    endloop
  endfacet
  facet normal 0.890403 0.453601 0.0377995
    outer loop
      vertex 62.9651 79.75 2
      vertex 62.6271 79.3135 15.2
      vertex 63.0839 79.5168 2
    endloop
  endfacet
  facet normal 0.0523208 0.997915 0.0377998
    outer loop
      vertex 60.8 81 2
      vertex 60.8 80.5 15.2
      vertex 61.0613 80.9863 2
    endloop
  endfacet
  facet normal 0.96515 -0.258952 0.0377983
    outer loop
      vertex 63.2454 77.9802 2
      vertex 62.7021 77.882 15.2
      vertex 63.1776 77.7275 2
    endloop
  endfacet
  facet normal 0.837932 -0.544465 0.0377985
    outer loop
      vertex 62.5321 77.5 15.2
      vertex 62.418 77.3244 15.2
      vertex 62.9651 77.25 2
    endloop
  endfacet
  facet normal -0.453601 0.890403 0.0377995
    outer loop
      vertex 59.7832 80.7839 2
      vertex 59.55 80.6651 2
      vertex 59.9865 80.3271 15.2
    endloop
  endfacet
  facet normal 0.156165 0.987007 0.037802
    outer loop
      vertex 61.3198 80.9454 2
      vertex 61.0613 80.9863 2
      vertex 61.2158 80.4563 15.2
    endloop
  endfacet
  facet normal -0.837975 0.544398 0.0377987
    outer loop
      vertex 58.7775 79.9695 2
      vertex 58.6349 79.75 2
      vertex 59.0679 79.5 15.2
    endloop
  endfacet
  facet normal -0.628804 -0.776645 0.0377999
    outer loop
      vertex 59.6244 76.882 15.2
      vertex 59.1272 76.6421 2
      vertex 59.3305 76.4775 2
    endloop
  endfacet
  facet normal 0.933013 0.357852 0.0377994
    outer loop
      vertex 63.0839 79.5168 2
      vertex 62.6271 79.3135 15.2
      vertex 63.1776 79.2725 2
    endloop
  endfacet
  facet normal -0.933013 -0.357852 0.0377982
    outer loop
      vertex 58.8979 77.882 15.2
      vertex 58.4224 77.7275 2
      vertex 58.5161 77.4832 2
    endloop
  endfacet
  facet normal 0.156165 -0.987007 0.037802
    outer loop
      vertex 61.2158 76.5437 15.2
      vertex 61.0613 76.0137 2
      vertex 61.3198 76.0546 2
    endloop
  endfacet
  facet normal 0.987007 0.156165 0.0378023
    outer loop
      vertex 63.2454 79.0198 2
      vertex 62.789 78.7091 15.2
      vertex 63.2863 78.7613 2
    endloop
  endfacet
  facet normal -0.544398 -0.837975 0.0378
    outer loop
      vertex 59.6244 76.882 15.2
      vertex 59.3305 76.4775 2
      vertex 59.55 76.3349 2
    endloop
  endfacet
  facet normal -0.258726 -0.965211 0.0378024
    outer loop
      vertex 60.3842 76.5437 15.2
      vertex 60.182 76.5979 15.2
      vertex 60.2802 76.0546 2
    endloop
  endfacet
  facet normal 0.98701 -0.156145 0.037802
    outer loop
      vertex 62.789 78.2909 15.2
      vertex 62.7563 78.0842 15.2
      vertex 63.2454 77.9802 2
    endloop
  endfacet
  facet normal -0.890421 0.453566 0.0377996
    outer loop
      vertex 59.0679 79.5 15.2
      vertex 58.5161 79.5168 2
      vertex 58.9729 79.3135 15.2
    endloop
  endfacet
  facet normal 0.890421 -0.453566 0.0377988
    outer loop
      vertex 62.6271 77.6865 15.2
      vertex 62.5321 77.5 15.2
      vertex 62.9651 77.25 2
    endloop
  endfacet
  facet normal -0.706601 -0.706601 0.0377978
    outer loop
      vertex 59.1272 76.6421 2
      vertex 59.3137 77.1617 15.2
      vertex 58.9421 76.8272 2
    endloop
  endfacet
  facet normal -0.706601 -0.706601 0.0377978
    outer loop
      vertex 59.3137 77.1617 15.2
      vertex 59.1272 76.6421 2
      vertex 59.4617 77.0137 15.2
    endloop
  endfacet
  facet normal -0.98701 -0.156145 0.0378024
    outer loop
      vertex 58.811 78.2909 15.2
      vertex 58.3137 78.2387 2
      vertex 58.8437 78.0842 15.2
    endloop
  endfacet
  facet normal -0.997915 -0.0523208 0.0377998
    outer loop
      vertex 58.8 78.5 15.2
      vertex 58.3 78.5 2
      vertex 58.3137 78.2387 2
    endloop
  endfacet
  facet normal 0.965211 0.258726 0.0378024
    outer loop
      vertex 63.2454 79.0198 2
      vertex 62.7021 79.118 15.2
      vertex 62.7563 78.9158 15.2
    endloop
  endfacet
  facet normal -0.0524962 -0.997905 0.0378029
    outer loop
      vertex 60.5387 76.0137 2
      vertex 60.8 76.5 15.2
      vertex 60.5909 76.511 15.2
    endloop
  endfacet
  facet normal -0.0523208 -0.997915 0.0377998
    outer loop
      vertex 60.8 76.5 15.2
      vertex 60.5387 76.0137 2
      vertex 60.8 76 2
    endloop
  endfacet
  facet normal -0.932986 -0.357923 0.0377995
    outer loop
      vertex 58.8979 77.882 15.2
      vertex 58.5161 77.4832 2
      vertex 58.9729 77.6865 15.2
    endloop
  endfacet
  facet normal 0 0 1
    outer loop
      vertex 62.789 78.7091 15.2
      vertex 62.789 78.2909 15.2
      vertex 62.8 78.5 15.2
    endloop
  endfacet
  facet normal 0 0 1
    outer loop
      vertex 62.7563 78.9158 15.2
      vertex 62.789 78.2909 15.2
      vertex 62.789 78.7091 15.2
    endloop
  endfacet
  facet normal 0 0 1
    outer loop
      vertex 62.7563 78.9158 15.2
      vertex 62.7563 78.0842 15.2
      vertex 62.789 78.2909 15.2
    endloop
  endfacet
  facet normal 0 0 1
    outer loop
      vertex 62.7021 79.118 15.2
      vertex 62.7563 78.0842 15.2
      vertex 62.7563 78.9158 15.2
    endloop
  endfacet
  facet normal 0 0 1
    outer loop
      vertex 62.7021 79.118 15.2
      vertex 62.7021 77.882 15.2
      vertex 62.7563 78.0842 15.2
    endloop
  endfacet
  facet normal 0 0 1
    outer loop
      vertex 62.6271 79.3135 15.2
      vertex 62.7021 77.882 15.2
      vertex 62.7021 79.118 15.2
    endloop
  endfacet
  facet normal 0 0 1
    outer loop
      vertex 62.6271 79.3135 15.2
      vertex 62.6271 77.6865 15.2
      vertex 62.7021 77.882 15.2
    endloop
  endfacet
  facet normal 0 0 1
    outer loop
      vertex 62.5321 79.5 15.2
      vertex 62.6271 77.6865 15.2
      vertex 62.6271 79.3135 15.2
    endloop
  endfacet
  facet normal 0 0 1
    outer loop
      vertex 62.5321 79.5 15.2
      vertex 62.5321 77.5 15.2
      vertex 62.6271 77.6865 15.2
    endloop
  endfacet
  facet normal 0 0 1
    outer loop
      vertex 62.418 79.6756 15.2
      vertex 62.5321 77.5 15.2
      vertex 62.5321 79.5 15.2
    endloop
  endfacet
  facet normal 0 0 1
    outer loop
      vertex 62.418 79.6756 15.2
      vertex 62.418 77.3244 15.2
      vertex 62.5321 77.5 15.2
    endloop
  endfacet
  facet normal 0 0 1
    outer loop
      vertex 62.2863 79.8383 15.2
      vertex 62.418 77.3244 15.2
      vertex 62.418 79.6756 15.2
    endloop
  endfacet
  facet normal 0 0 1
    outer loop
      vertex 62.2863 79.8383 15.2
      vertex 62.2863 77.1617 15.2
      vertex 62.418 77.3244 15.2
    endloop
  endfacet
  facet normal 0 0 1
    outer loop
      vertex 62.1383 79.9863 15.2
      vertex 62.2863 77.1617 15.2
      vertex 62.2863 79.8383 15.2
    endloop
  endfacet
  facet normal 0 0 1
    outer loop
      vertex 62.1383 79.9863 15.2
      vertex 62.1383 77.0137 15.2
      vertex 62.2863 77.1617 15.2
    endloop
  endfacet
  facet normal 0 0 1
    outer loop
      vertex 61.9756 80.118 15.2
      vertex 62.1383 77.0137 15.2
      vertex 62.1383 79.9863 15.2
    endloop
  endfacet
  facet normal 0 0 1
    outer loop
      vertex 61.9756 80.118 15.2
      vertex 61.9756 76.882 15.2
      vertex 62.1383 77.0137 15.2
    endloop
  endfacet
  facet normal 0 0 1
    outer loop
      vertex 61.8 80.232 15.2
      vertex 61.9756 76.882 15.2
      vertex 61.9756 80.118 15.2
    endloop
  endfacet
  facet normal 0 0 1
    outer loop
      vertex 61.8 80.232 15.2
      vertex 61.8 76.768 15.2
      vertex 61.9756 76.882 15.2
    endloop
  endfacet
  facet normal 0 0 1
    outer loop
      vertex 61.6135 80.3271 15.2
      vertex 61.8 76.768 15.2
      vertex 61.8 80.232 15.2
    endloop
  endfacet
  facet normal 0 0 1
    outer loop
      vertex 61.6135 80.3271 15.2
      vertex 61.6135 76.6729 15.2
      vertex 61.8 76.768 15.2
    endloop
  endfacet
  facet normal 0 0 1
    outer loop
      vertex 61.418 80.4021 15.2
      vertex 61.6135 76.6729 15.2
      vertex 61.6135 80.3271 15.2
    endloop
  endfacet
  facet normal 0 0 1
    outer loop
      vertex 61.418 80.4021 15.2
      vertex 61.418 76.5979 15.2
      vertex 61.6135 76.6729 15.2
    endloop
  endfacet
  facet normal 0 0 1
    outer loop
      vertex 61.2158 80.4563 15.2
      vertex 61.418 76.5979 15.2
      vertex 61.418 80.4021 15.2
    endloop
  endfacet
  facet normal 0 0 1
    outer loop
      vertex 61.2158 80.4563 15.2
      vertex 61.2158 76.5437 15.2
      vertex 61.418 76.5979 15.2
    endloop
  endfacet
  facet normal 0 0 1
    outer loop
      vertex 61.0091 80.489 15.2
      vertex 61.2158 76.5437 15.2
      vertex 61.2158 80.4563 15.2
    endloop
  endfacet
  facet normal 0 0 1
    outer loop
      vertex 61.0091 80.489 15.2
      vertex 61.0091 76.511 15.2
      vertex 61.2158 76.5437 15.2
    endloop
  endfacet
  facet normal 0 0 1
    outer loop
      vertex 60.8 80.5 15.2
      vertex 61.0091 76.511 15.2
      vertex 61.0091 80.489 15.2
    endloop
  endfacet
  facet normal 0 0 1
    outer loop
      vertex 60.8 80.5 15.2
      vertex 60.8 76.5 15.2
      vertex 61.0091 76.511 15.2
    endloop
  endfacet
  facet normal -0 0 1
    outer loop
      vertex 60.5909 80.489 15.2
      vertex 60.8 76.5 15.2
      vertex 60.8 80.5 15.2
    endloop
  endfacet
  facet normal 0 0 1
    outer loop
      vertex 60.5909 80.489 15.2
      vertex 60.5909 76.511 15.2
      vertex 60.8 76.5 15.2
    endloop
  endfacet
  facet normal -0 0 1
    outer loop
      vertex 60.3842 80.4563 15.2
      vertex 60.5909 76.511 15.2
      vertex 60.5909 80.489 15.2
    endloop
  endfacet
  facet normal 0 0 1
    outer loop
      vertex 60.3842 80.4563 15.2
      vertex 60.3842 76.5437 15.2
      vertex 60.5909 76.511 15.2
    endloop
  endfacet
  facet normal -0 0 1
    outer loop
      vertex 60.182 80.4021 15.2
      vertex 60.3842 76.5437 15.2
      vertex 60.3842 80.4563 15.2
    endloop
  endfacet
  facet normal 0 0 1
    outer loop
      vertex 60.182 80.4021 15.2
      vertex 60.182 76.5979 15.2
      vertex 60.3842 76.5437 15.2
    endloop
  endfacet
  facet normal -0 0 1
    outer loop
      vertex 59.9865 80.3271 15.2
      vertex 60.182 76.5979 15.2
      vertex 60.182 80.4021 15.2
    endloop
  endfacet
  facet normal 0 0 1
    outer loop
      vertex 59.9865 80.3271 15.2
      vertex 59.9865 76.6729 15.2
      vertex 60.182 76.5979 15.2
    endloop
  endfacet
  facet normal -0 0 1
    outer loop
      vertex 59.8 80.232 15.2
      vertex 59.9865 76.6729 15.2
      vertex 59.9865 80.3271 15.2
    endloop
  endfacet
  facet normal 0 0 1
    outer loop
      vertex 59.8 80.232 15.2
      vertex 59.8 76.768 15.2
      vertex 59.9865 76.6729 15.2
    endloop
  endfacet
  facet normal -0 0 1
    outer loop
      vertex 59.6244 80.118 15.2
      vertex 59.8 76.768 15.2
      vertex 59.8 80.232 15.2
    endloop
  endfacet
  facet normal 0 0 1
    outer loop
      vertex 59.6244 80.118 15.2
      vertex 59.6244 76.882 15.2
      vertex 59.8 76.768 15.2
    endloop
  endfacet
  facet normal -0 0 1
    outer loop
      vertex 59.4617 79.9863 15.2
      vertex 59.6244 76.882 15.2
      vertex 59.6244 80.118 15.2
    endloop
  endfacet
  facet normal 0 0 1
    outer loop
      vertex 59.4617 79.9863 15.2
      vertex 59.4617 77.0137 15.2
      vertex 59.6244 76.882 15.2
    endloop
  endfacet
  facet normal -0 0 1
    outer loop
      vertex 59.3137 79.8383 15.2
      vertex 59.4617 77.0137 15.2
      vertex 59.4617 79.9863 15.2
    endloop
  endfacet
  facet normal 0 0 1
    outer loop
      vertex 59.3137 79.8383 15.2
      vertex 59.3137 77.1617 15.2
      vertex 59.4617 77.0137 15.2
    endloop
  endfacet
  facet normal -0 0 1
    outer loop
      vertex 59.182 79.6756 15.2
      vertex 59.3137 77.1617 15.2
      vertex 59.3137 79.8383 15.2
    endloop
  endfacet
  facet normal 0 0 1
    outer loop
      vertex 59.182 79.6756 15.2
      vertex 59.182 77.3244 15.2
      vertex 59.3137 77.1617 15.2
    endloop
  endfacet
  facet normal -0 0 1
    outer loop
      vertex 59.0679 79.5 15.2
      vertex 59.182 77.3244 15.2
      vertex 59.182 79.6756 15.2
    endloop
  endfacet
  facet normal 0 0 1
    outer loop
      vertex 59.0679 79.5 15.2
      vertex 59.0679 77.5 15.2
      vertex 59.182 77.3244 15.2
    endloop
  endfacet
  facet normal -0 0 1
    outer loop
      vertex 58.9729 79.3135 15.2
      vertex 59.0679 77.5 15.2
      vertex 59.0679 79.5 15.2
    endloop
  endfacet
  facet normal 0 0 1
    outer loop
      vertex 58.9729 79.3135 15.2
      vertex 58.9729 77.6865 15.2
      vertex 59.0679 77.5 15.2
    endloop
  endfacet
  facet normal -0 0 1
    outer loop
      vertex 58.8979 79.118 15.2
      vertex 58.9729 77.6865 15.2
      vertex 58.9729 79.3135 15.2
    endloop
  endfacet
  facet normal 0 0 1
    outer loop
      vertex 58.8979 79.118 15.2
      vertex 58.8979 77.882 15.2
      vertex 58.9729 77.6865 15.2
    endloop
  endfacet
  facet normal -0 0 1
    outer loop
      vertex 58.8437 78.9158 15.2
      vertex 58.8979 77.882 15.2
      vertex 58.8979 79.118 15.2
    endloop
  endfacet
  facet normal 0 0 1
    outer loop
      vertex 58.8437 78.9158 15.2
      vertex 58.8437 78.0842 15.2
      vertex 58.8979 77.882 15.2
    endloop
  endfacet
  facet normal -0 0 1
    outer loop
      vertex 58.811 78.7091 15.2
      vertex 58.8437 78.0842 15.2
      vertex 58.8437 78.9158 15.2
    endloop
  endfacet
  facet normal 0 0 1
    outer loop
      vertex 58.811 78.7091 15.2
      vertex 58.811 78.2909 15.2
      vertex 58.8437 78.0842 15.2
    endloop
  endfacet
  facet normal 0 -0 1
    outer loop
      vertex 58.811 78.2909 15.2
      vertex 58.811 78.7091 15.2
      vertex 58.8 78.5 15.2
    endloop
  endfacet
endsolid OpenSCAD_Model
