solid OpenSCAD_Model
  facet normal -0.838668 -0.544643 0
    outer loop
      vertex 0.859423 1.85497 0
      vertex 0.602885 2.25 15
      vertex 0.602885 2.25 0
    endloop
  endfacet
  facet normal -0.838668 -0.544643 0
    outer loop
      vertex 0.602885 2.25 15
      vertex 0.859423 1.85497 0
      vertex 0.859423 1.85497 15
    endloop
  endfacet
  facet normal 1 0 0
    outer loop
      vertex 76 81.5 35
      vertex 76 76.5046 12.2883
      vertex 76 81.5 0
    endloop
  endfacet
  facet normal 1 0 0
    outer loop
      vertex 76 81.5 35
      vertex 76 69.9057 30.1055
      vertex 76 76.5046 12.2883
    endloop
  endfacet
  facet normal 1 0 -0
    outer loop
      vertex 76 69.9057 30.1055
      vertex 76 81.5 35
      vertex 76 63.6716 27.7966
    endloop
  endfacet
  facet normal 1 -0 0
    outer loop
      vertex 76 53.9987 3.95275
      vertex 76 81.5 0
      vertex 76 76.5046 12.2883
    endloop
  endfacet
  facet normal 1 -0 0
    outer loop
      vertex 76 32 15
      vertex 76 53.9987 3.95275
      vertex 76 47.5762 21.2934
    endloop
  endfacet
  facet normal 1 0 0
    outer loop
      vertex 76 4.5 0
      vertex 76 32 15
      vertex 76 4.5 15
    endloop
  endfacet
  facet normal 1 0 0
    outer loop
      vertex 76 53.9987 3.95275
      vertex 76 4.5 0
      vertex 76 81.5 0
    endloop
  endfacet
  facet normal 1 0 0
    outer loop
      vertex 76 32 15
      vertex 76 4.5 0
      vertex 76 53.9987 3.95275
    endloop
  endfacet
  facet normal -0.707107 -0.707107 0
    outer loop
      vertex 1.48891 1.15585 0
      vertex 1.15585 1.48891 15
      vertex 1.15585 1.48891 0
    endloop
  endfacet
  facet normal -0.707107 -0.707107 0
    outer loop
      vertex 1.15585 1.48891 15
      vertex 1.48891 1.15585 0
      vertex 1.48891 1.15585 15
    endloop
  endfacet
  facet normal -0.987688 -0.156437 0
    outer loop
      vertex 0.0983353 3.5644 0
      vertex 0.0246506 4.02962 15
      vertex 0.0246506 4.02962 0
    endloop
  endfacet
  facet normal -0.987688 -0.156437 0
    outer loop
      vertex 0.0246506 4.02962 15
      vertex 0.0983353 3.5644 0
      vertex 0.0983353 3.5644 15
    endloop
  endfacet
  facet normal -0.0523339 -0.99863 0
    outer loop
      vertex 4.02962 0.0246506 0
      vertex 4.5 0 15
      vertex 4.02962 0.0246506 15
    endloop
  endfacet
  facet normal -0.0523339 -0.99863 -0
    outer loop
      vertex 4.5 0 15
      vertex 4.02962 0.0246506 0
      vertex 4.5 0 0
    endloop
  endfacet
  facet normal 0.987716 -0.156261 0
    outer loop
      vertex 75.9017 3.5644 15
      vertex 75.9753 4.02962 0
      vertex 75.9753 4.02962 15
    endloop
  endfacet
  facet normal 0.987716 -0.156261 0
    outer loop
      vertex 75.9753 4.02962 0
      vertex 75.9017 3.5644 15
      vertex 75.9017 3.5644 0
    endloop
  endfacet
  facet normal 0.777177 -0.629283 0
    outer loop
      vertex 74.8442 1.48891 15
      vertex 75.1406 1.85497 0
      vertex 75.1406 1.85497 15
    endloop
  endfacet
  facet normal 0.777177 -0.629283 0
    outer loop
      vertex 75.1406 1.85497 0
      vertex 74.8442 1.48891 15
      vertex 74.8442 1.48891 0
    endloop
  endfacet
  facet normal 0.838705 -0.544586 0
    outer loop
      vertex 75.1406 1.85497 15
      vertex 75.3971 2.25 0
      vertex 75.3971 2.25 15
    endloop
  endfacet
  facet normal 0.838705 -0.544586 0
    outer loop
      vertex 75.3971 2.25 0
      vertex 75.1406 1.85497 15
      vertex 75.1406 1.85497 0
    endloop
  endfacet
  facet normal -1 0 0
    outer loop
      vertex 0 81.5 0
      vertex 0 32 15
      vertex 0 81.5 35
    endloop
  endfacet
  facet normal -1 0 0
    outer loop
      vertex 0 4.5 0
      vertex 0 32 15
      vertex 0 81.5 0
    endloop
  endfacet
  facet normal -1 -0 0
    outer loop
      vertex 0 32 15
      vertex 0 4.5 0
      vertex 0 4.5 15
    endloop
  endfacet
  facet normal -0.358367 -0.933581 0
    outer loop
      vertex 2.66968 0.389045 0
      vertex 3.10942 0.220245 15
      vertex 2.66968 0.389045 15
    endloop
  endfacet
  facet normal -0.358367 -0.933581 -0
    outer loop
      vertex 3.10942 0.220245 15
      vertex 2.66968 0.389045 0
      vertex 3.10942 0.220245 0
    endloop
  endfacet
  facet normal 0 -1 0
    outer loop
      vertex 4.5 0 0
      vertex 71.5 0 15
      vertex 4.5 0 15
    endloop
  endfacet
  facet normal 0 -1 -0
    outer loop
      vertex 71.5 0 15
      vertex 4.5 0 0
      vertex 71.5 0 0
    endloop
  endfacet
  facet normal 0.965932 -0.258796 0
    outer loop
      vertex 75.7798 3.10942 15
      vertex 75.9017 3.5644 0
      vertex 75.9017 3.5644 15
    endloop
  endfacet
  facet normal 0.965932 -0.258796 0
    outer loop
      vertex 75.9017 3.5644 0
      vertex 75.7798 3.10942 15
      vertex 75.7798 3.10942 0
    endloop
  endfacet
  facet normal -0.453994 -0.891004 0
    outer loop
      vertex 2.25 0.602885 0
      vertex 2.66968 0.389045 15
      vertex 2.25 0.602885 15
    endloop
  endfacet
  facet normal -0.453994 -0.891004 -0
    outer loop
      vertex 2.66968 0.389045 15
      vertex 2.25 0.602885 0
      vertex 2.66968 0.389045 0
    endloop
  endfacet
  facet normal -0.258815 -0.965927 0
    outer loop
      vertex 3.10942 0.220245 0
      vertex 3.5644 0.0983353 15
      vertex 3.10942 0.220245 15
    endloop
  endfacet
  facet normal -0.258815 -0.965927 -0
    outer loop
      vertex 3.5644 0.0983353 15
      vertex 3.10942 0.220245 0
      vertex 3.5644 0.0983353 0
    endloop
  endfacet
  facet normal 0.933581 -0.358367 0
    outer loop
      vertex 75.611 2.66968 15
      vertex 75.7798 3.10942 0
      vertex 75.7798 3.10942 15
    endloop
  endfacet
  facet normal 0.933581 -0.358367 0
    outer loop
      vertex 75.7798 3.10942 0
      vertex 75.611 2.66968 15
      vertex 75.611 2.66968 0
    endloop
  endfacet
  facet normal 0.544672 -0.838649 0
    outer loop
      vertex 73.75 0.602885 0
      vertex 74.145 0.859423 15
      vertex 73.75 0.602885 15
    endloop
  endfacet
  facet normal 0.544672 -0.838649 0
    outer loop
      vertex 74.145 0.859423 15
      vertex 73.75 0.602885 0
      vertex 74.145 0.859423 0
    endloop
  endfacet
  facet normal 0.998624 -0.0524385 0
    outer loop
      vertex 75.9753 4.02962 15
      vertex 76 4.5 0
      vertex 76 4.5 15
    endloop
  endfacet
  facet normal 0.998624 -0.0524385 0
    outer loop
      vertex 76 4.5 0
      vertex 75.9753 4.02962 15
      vertex 75.9753 4.02962 0
    endloop
  endfacet
  facet normal 0.890953 -0.454096 0
    outer loop
      vertex 75.3971 2.25 15
      vertex 75.611 2.66968 0
      vertex 75.611 2.66968 15
    endloop
  endfacet
  facet normal 0.890953 -0.454096 0
    outer loop
      vertex 75.611 2.66968 0
      vertex 75.3971 2.25 15
      vertex 75.3971 2.25 0
    endloop
  endfacet
  facet normal 0.358396 -0.93357 0
    outer loop
      vertex 72.8906 0.220245 0
      vertex 73.3303 0.389045 15
      vertex 72.8906 0.220245 15
    endloop
  endfacet
  facet normal 0.358396 -0.93357 0
    outer loop
      vertex 73.3303 0.389045 15
      vertex 72.8906 0.220245 0
      vertex 73.3303 0.389045 0
    endloop
  endfacet
  facet normal -0.933581 -0.358367 0
    outer loop
      vertex 0.389045 2.66968 0
      vertex 0.220245 3.10942 15
      vertex 0.220245 3.10942 0
    endloop
  endfacet
  facet normal -0.933581 -0.358367 0
    outer loop
      vertex 0.220245 3.10942 15
      vertex 0.389045 2.66968 0
      vertex 0.389045 2.66968 15
    endloop
  endfacet
  facet normal 0.453977 -0.891013 0
    outer loop
      vertex 73.3303 0.389045 0
      vertex 73.75 0.602885 15
      vertex 73.3303 0.389045 15
    endloop
  endfacet
  facet normal 0.453977 -0.891013 0
    outer loop
      vertex 73.75 0.602885 15
      vertex 73.3303 0.389045 0
      vertex 73.75 0.602885 0
    endloop
  endfacet
  facet normal -0.891004 -0.453994 0
    outer loop
      vertex 0.602885 2.25 0
      vertex 0.389045 2.66968 15
      vertex 0.389045 2.66968 0
    endloop
  endfacet
  facet normal -0.891004 -0.453994 0
    outer loop
      vertex 0.389045 2.66968 15
      vertex 0.602885 2.25 0
      vertex 0.602885 2.25 15
    endloop
  endfacet
  facet normal -0.965927 -0.258815 0
    outer loop
      vertex 0.220245 3.10942 0
      vertex 0.0983353 3.5644 15
      vertex 0.0983353 3.5644 0
    endloop
  endfacet
  facet normal -0.965927 -0.258815 0
    outer loop
      vertex 0.0983353 3.5644 15
      vertex 0.220245 3.10942 0
      vertex 0.220245 3.10942 15
    endloop
  endfacet
  facet normal -0.156437 -0.987688 0
    outer loop
      vertex 3.5644 0.0983353 0
      vertex 4.02962 0.0246506 15
      vertex 3.5644 0.0983353 15
    endloop
  endfacet
  facet normal -0.156437 -0.987688 -0
    outer loop
      vertex 4.02962 0.0246506 15
      vertex 3.5644 0.0983353 0
      vertex 4.02962 0.0246506 0
    endloop
  endfacet
  facet normal -0.544643 -0.838668 0
    outer loop
      vertex 1.85497 0.859423 0
      vertex 2.25 0.602885 15
      vertex 1.85497 0.859423 15
    endloop
  endfacet
  facet normal -0.544643 -0.838668 -0
    outer loop
      vertex 2.25 0.602885 15
      vertex 1.85497 0.859423 0
      vertex 2.25 0.602885 0
    endloop
  endfacet
  facet normal -0.777149 -0.629317 0
    outer loop
      vertex 1.15585 1.48891 0
      vertex 0.859423 1.85497 15
      vertex 0.859423 1.85497 0
    endloop
  endfacet
  facet normal -0.777149 -0.629317 0
    outer loop
      vertex 0.859423 1.85497 15
      vertex 1.15585 1.48891 0
      vertex 1.15585 1.48891 15
    endloop
  endfacet
  facet normal -0.99863 -0.0523339 0
    outer loop
      vertex 0.0246506 4.02962 0
      vertex 0 4.5 15
      vertex 0 4.5 0
    endloop
  endfacet
  facet normal -0.99863 -0.0523339 0
    outer loop
      vertex 0 4.5 15
      vertex 0.0246506 4.02962 0
      vertex 0.0246506 4.02962 15
    endloop
  endfacet
  facet normal -0.629317 -0.777149 0
    outer loop
      vertex 1.48891 1.15585 0
      vertex 1.85497 0.859423 15
      vertex 1.48891 1.15585 15
    endloop
  endfacet
  facet normal -0.629317 -0.777149 -0
    outer loop
      vertex 1.85497 0.859423 15
      vertex 1.48891 1.15585 0
      vertex 1.85497 0.859423 0
    endloop
  endfacet
  facet normal 0 0 1
    outer loop
      vertex 21.475 14.6 15
      vertex 21.175 14.6 15
      vertex 21.475 9.5 15
    endloop
  endfacet
  facet normal 0 0 1
    outer loop
      vertex 26.575 9.5 15
      vertex 21.475 9.5 15
      vertex 26.575 9.2 15
    endloop
  endfacet
  facet normal 0 0 1
    outer loop
      vertex 35.775 18.4 15
      vertex 35.475 23.5 15
      vertex 35.475 18.4 15
    endloop
  endfacet
  facet normal 0 0 1
    outer loop
      vertex 35.475 23.5 15
      vertex 30.375 23.8 15
      vertex 30.375 23.5 15
    endloop
  endfacet
  facet normal 0 0 1
    outer loop
      vertex 40.525 14.6 15
      vertex 40.225 14.6 15
      vertex 40.525 9.5 15
    endloop
  endfacet
  facet normal 0 0 1
    outer loop
      vertex 45.625 9.5 15
      vertex 40.525 9.5 15
      vertex 45.625 9.2 15
    endloop
  endfacet
  facet normal -0 0 1
    outer loop
      vertex 75.9753 31.5296 15
      vertex 76 4.5 15
      vertex 76 32 15
    endloop
  endfacet
  facet normal -0 0 1
    outer loop
      vertex 75.9017 31.0644 15
      vertex 76 4.5 15
      vertex 75.9753 31.5296 15
    endloop
  endfacet
  facet normal -0 0 1
    outer loop
      vertex 75.7798 30.6094 15
      vertex 76 4.5 15
      vertex 75.9017 31.0644 15
    endloop
  endfacet
  facet normal -0 0 1
    outer loop
      vertex 75.611 30.1697 15
      vertex 76 4.5 15
      vertex 75.7798 30.6094 15
    endloop
  endfacet
  facet normal -0 0 1
    outer loop
      vertex 75.3971 29.75 15
      vertex 76 4.5 15
      vertex 75.611 30.1697 15
    endloop
  endfacet
  facet normal -0 0 1
    outer loop
      vertex 75.1406 29.355 15
      vertex 76 4.5 15
      vertex 75.3971 29.75 15
    endloop
  endfacet
  facet normal -0 0 1
    outer loop
      vertex 74.8442 28.9889 15
      vertex 76 4.5 15
      vertex 75.1406 29.355 15
    endloop
  endfacet
  facet normal -0 0 1
    outer loop
      vertex 74.5111 28.6558 15
      vertex 76 4.5 15
      vertex 74.8442 28.9889 15
    endloop
  endfacet
  facet normal -0 0 1
    outer loop
      vertex 74.145 28.3594 15
      vertex 76 4.5 15
      vertex 74.5111 28.6558 15
    endloop
  endfacet
  facet normal -0 0 1
    outer loop
      vertex 73.75 28.1029 15
      vertex 76 4.5 15
      vertex 74.145 28.3594 15
    endloop
  endfacet
  facet normal -0 0 1
    outer loop
      vertex 73.3303 27.889 15
      vertex 76 4.5 15
      vertex 73.75 28.1029 15
    endloop
  endfacet
  facet normal -0 0 1
    outer loop
      vertex 72.8906 27.7202 15
      vertex 76 4.5 15
      vertex 73.3303 27.889 15
    endloop
  endfacet
  facet normal -0 0 1
    outer loop
      vertex 72.4356 27.5983 15
      vertex 76 4.5 15
      vertex 72.8906 27.7202 15
    endloop
  endfacet
  facet normal -0 0 1
    outer loop
      vertex 71.9704 27.5247 15
      vertex 76 4.5 15
      vertex 72.4356 27.5983 15
    endloop
  endfacet
  facet normal -0 0 1
    outer loop
      vertex 71.5 27.5 15
      vertex 76 4.5 15
      vertex 71.9704 27.5247 15
    endloop
  endfacet
  facet normal -0 0 1
    outer loop
      vertex 54.825 14.6 15
      vertex 76 4.5 15
      vertex 71.5 27.5 15
    endloop
  endfacet
  facet normal -0 0 1
    outer loop
      vertex 54.525 9.5 15
      vertex 76 4.5 15
      vertex 54.825 14.6 15
    endloop
  endfacet
  facet normal 0 -0 1
    outer loop
      vertex 71.5 0 15
      vertex 76 4.5 15
      vertex 54.525 9.5 15
    endloop
  endfacet
  facet normal 0 0 1
    outer loop
      vertex 76 4.5 15
      vertex 71.5 0 15
      vertex 75.9753 4.02962 15
    endloop
  endfacet
  facet normal 0 0 1
    outer loop
      vertex 75.9753 4.02962 15
      vertex 71.5 0 15
      vertex 75.9017 3.5644 15
    endloop
  endfacet
  facet normal 0 0 1
    outer loop
      vertex 75.7798 3.10942 15
      vertex 71.5 0 15
      vertex 75.611 2.66968 15
    endloop
  endfacet
  facet normal 0 0 1
    outer loop
      vertex 75.611 2.66968 15
      vertex 71.5 0 15
      vertex 75.3971 2.25 15
    endloop
  endfacet
  facet normal 0 0 1
    outer loop
      vertex 75.3971 2.25 15
      vertex 71.5 0 15
      vertex 75.1406 1.85497 15
    endloop
  endfacet
  facet normal 0 0 1
    outer loop
      vertex 75.1406 1.85497 15
      vertex 71.5 0 15
      vertex 74.8442 1.48891 15
    endloop
  endfacet
  facet normal 0 0 1
    outer loop
      vertex 74.8442 1.48891 15
      vertex 71.5 0 15
      vertex 74.5111 1.15585 15
    endloop
  endfacet
  facet normal 0 0 1
    outer loop
      vertex 74.145 0.859423 15
      vertex 71.5 0 15
      vertex 73.75 0.602885 15
    endloop
  endfacet
  facet normal 0 0 1
    outer loop
      vertex 73.75 0.602885 15
      vertex 71.5 0 15
      vertex 73.3303 0.389045 15
    endloop
  endfacet
  facet normal 0 0 1
    outer loop
      vertex 73.3303 0.389045 15
      vertex 71.5 0 15
      vertex 72.8906 0.220245 15
    endloop
  endfacet
  facet normal 0 0 1
    outer loop
      vertex 72.8906 0.220245 15
      vertex 71.5 0 15
      vertex 72.4356 0.0983353 15
    endloop
  endfacet
  facet normal 0 0 1
    outer loop
      vertex 72.4356 0.0983353 15
      vertex 71.5 0 15
      vertex 71.9704 0.0246506 15
    endloop
  endfacet
  facet normal 0 0 1
    outer loop
      vertex 54.825 14.6 15
      vertex 71.5 27.5 15
      vertex 54.825 18.4 15
    endloop
  endfacet
  facet normal 0 0 1
    outer loop
      vertex 71.5 27.5 15
      vertex 54.525 23.5 15
      vertex 54.825 18.4 15
    endloop
  endfacet
  facet normal 0 0 1
    outer loop
      vertex 71.5 27.5 15
      vertex 49.425 23.8 15
      vertex 54.525 23.5 15
    endloop
  endfacet
  facet normal 0 0 1
    outer loop
      vertex 71.5 27.5 15
      vertex 45.625 23.8 15
      vertex 49.425 23.8 15
    endloop
  endfacet
  facet normal 0 0 1
    outer loop
      vertex 45.625 23.8 15
      vertex 40.525 23.5 15
      vertex 45.625 23.5 15
    endloop
  endfacet
  facet normal 0 0 1
    outer loop
      vertex 30.375 23.8 15
      vertex 45.625 23.8 15
      vertex 71.5 27.5 15
    endloop
  endfacet
  facet normal 0 0 1
    outer loop
      vertex 40.525 23.5 15
      vertex 40.225 18.4 15
      vertex 40.525 18.4 15
    endloop
  endfacet
  facet normal 0 0 1
    outer loop
      vertex 40.225 18.4 15
      vertex 35.775 18.4 15
      vertex 40.225 14.6 15
    endloop
  endfacet
  facet normal 0 0 1
    outer loop
      vertex 40.525 23.5 15
      vertex 35.775 18.4 15
      vertex 40.225 18.4 15
    endloop
  endfacet
  facet normal 0 0 1
    outer loop
      vertex 40.525 23.5 15
      vertex 35.475 23.5 15
      vertex 35.775 18.4 15
    endloop
  endfacet
  facet normal 0 0 1
    outer loop
      vertex 45.625 23.8 15
      vertex 30.375 23.8 15
      vertex 40.525 23.5 15
    endloop
  endfacet
  facet normal 0 0 1
    outer loop
      vertex 40.525 23.5 15
      vertex 30.375 23.8 15
      vertex 35.475 23.5 15
    endloop
  endfacet
  facet normal -0 0 1
    outer loop
      vertex 4.5 27.5 15
      vertex 30.375 23.8 15
      vertex 71.5 27.5 15
    endloop
  endfacet
  facet normal 0 0 1
    outer loop
      vertex 26.575 23.8 15
      vertex 21.475 23.5 15
      vertex 26.575 23.5 15
    endloop
  endfacet
  facet normal 0 0 1
    outer loop
      vertex 30.375 23.8 15
      vertex 4.5 27.5 15
      vertex 26.575 23.8 15
    endloop
  endfacet
  facet normal 0 0 1
    outer loop
      vertex 21.475 23.5 15
      vertex 21.175 18.4 15
      vertex 21.475 18.4 15
    endloop
  endfacet
  facet normal 0 0 1
    outer loop
      vertex 21.175 18.4 15
      vertex 4.5 27.5 15
      vertex 21.175 14.6 15
    endloop
  endfacet
  facet normal 0 0 1
    outer loop
      vertex 21.475 23.5 15
      vertex 4.5 27.5 15
      vertex 21.175 18.4 15
    endloop
  endfacet
  facet normal 0 0 1
    outer loop
      vertex 26.575 23.8 15
      vertex 4.5 27.5 15
      vertex 21.475 23.5 15
    endloop
  endfacet
  facet normal 0 0 1
    outer loop
      vertex 74.5111 1.15585 15
      vertex 71.5 0 15
      vertex 74.145 0.859423 15
    endloop
  endfacet
  facet normal 0 0 1
    outer loop
      vertex 54.525 9.5 15
      vertex 54.825 14.6 15
      vertex 54.525 14.6 15
    endloop
  endfacet
  facet normal 0 0 1
    outer loop
      vertex 75.9017 3.5644 15
      vertex 71.5 0 15
      vertex 75.7798 3.10942 15
    endloop
  endfacet
  facet normal 0 0 1
    outer loop
      vertex 49.425 9.2 15
      vertex 54.525 9.5 15
      vertex 49.425 9.5 15
    endloop
  endfacet
  facet normal 0 0 1
    outer loop
      vertex 54.525 9.5 15
      vertex 49.425 9.2 15
      vertex 71.5 0 15
    endloop
  endfacet
  facet normal -0 0 1
    outer loop
      vertex 45.625 9.2 15
      vertex 71.5 0 15
      vertex 49.425 9.2 15
    endloop
  endfacet
  facet normal 0 0 1
    outer loop
      vertex 40.525 9.5 15
      vertex 71.5 0 15
      vertex 45.625 9.2 15
    endloop
  endfacet
  facet normal 0 0 1
    outer loop
      vertex 35.775 14.6 15
      vertex 40.225 14.6 15
      vertex 35.775 18.4 15
    endloop
  endfacet
  facet normal 0 0 1
    outer loop
      vertex 40.225 14.6 15
      vertex 35.775 14.6 15
      vertex 40.525 9.5 15
    endloop
  endfacet
  facet normal 0 0 1
    outer loop
      vertex 35.475 9.5 15
      vertex 35.775 14.6 15
      vertex 35.475 14.6 15
    endloop
  endfacet
  facet normal 0 0 1
    outer loop
      vertex 35.775 14.6 15
      vertex 35.475 9.5 15
      vertex 40.525 9.5 15
    endloop
  endfacet
  facet normal -0 0 1
    outer loop
      vertex 35.475 9.5 15
      vertex 71.5 0 15
      vertex 40.525 9.5 15
    endloop
  endfacet
  facet normal 0 0 1
    outer loop
      vertex 30.375 9.2 15
      vertex 35.475 9.5 15
      vertex 30.375 9.5 15
    endloop
  endfacet
  facet normal 0 0 1
    outer loop
      vertex 4.5 0 15
      vertex 35.475 9.5 15
      vertex 30.375 9.2 15
    endloop
  endfacet
  facet normal 0 0 1
    outer loop
      vertex 4.5 0 15
      vertex 30.375 9.2 15
      vertex 26.575 9.2 15
    endloop
  endfacet
  facet normal 0 0 1
    outer loop
      vertex 4.5 0 15
      vertex 26.575 9.2 15
      vertex 21.475 9.5 15
    endloop
  endfacet
  facet normal 0 0 1
    outer loop
      vertex 0 4.5 15
      vertex 21.175 14.6 15
      vertex 4.5 27.5 15
    endloop
  endfacet
  facet normal 0 0 1
    outer loop
      vertex 35.475 9.5 15
      vertex 4.5 0 15
      vertex 71.5 0 15
    endloop
  endfacet
  facet normal 0 0 1
    outer loop
      vertex 21.175 14.6 15
      vertex 0 4.5 15
      vertex 21.475 9.5 15
    endloop
  endfacet
  facet normal 0 0 1
    outer loop
      vertex 0 4.5 15
      vertex 4.5 27.5 15
      vertex 4.02962 27.5247 15
    endloop
  endfacet
  facet normal 0 0 1
    outer loop
      vertex 21.475 9.5 15
      vertex 0 4.5 15
      vertex 4.5 0 15
    endloop
  endfacet
  facet normal 0 0 1
    outer loop
      vertex 0 4.5 15
      vertex 4.02962 27.5247 15
      vertex 3.5644 27.5983 15
    endloop
  endfacet
  facet normal 0 0 1
    outer loop
      vertex 4.5 0 15
      vertex 0 4.5 15
      vertex 4.02962 0.0246506 15
    endloop
  endfacet
  facet normal 0 0 1
    outer loop
      vertex 0 4.5 15
      vertex 3.5644 27.5983 15
      vertex 3.10942 27.7202 15
    endloop
  endfacet
  facet normal 0 0 1
    outer loop
      vertex 4.02962 0.0246506 15
      vertex 0 4.5 15
      vertex 3.5644 0.0983353 15
    endloop
  endfacet
  facet normal 0 0 1
    outer loop
      vertex 0 4.5 15
      vertex 3.10942 27.7202 15
      vertex 2.66968 27.889 15
    endloop
  endfacet
  facet normal 0 0 1
    outer loop
      vertex 3.5644 0.0983353 15
      vertex 0 4.5 15
      vertex 3.10942 0.220245 15
    endloop
  endfacet
  facet normal 0 0 1
    outer loop
      vertex 0 4.5 15
      vertex 2.66968 27.889 15
      vertex 2.25 28.1029 15
    endloop
  endfacet
  facet normal 0 0 1
    outer loop
      vertex 3.10942 0.220245 15
      vertex 0 4.5 15
      vertex 2.66968 0.389045 15
    endloop
  endfacet
  facet normal 0 0 1
    outer loop
      vertex 0 4.5 15
      vertex 2.25 28.1029 15
      vertex 1.85497 28.3594 15
    endloop
  endfacet
  facet normal 0 0 1
    outer loop
      vertex 2.66968 0.389045 15
      vertex 0 4.5 15
      vertex 2.25 0.602885 15
    endloop
  endfacet
  facet normal 0 0 1
    outer loop
      vertex 0 4.5 15
      vertex 1.85497 28.3594 15
      vertex 1.48891 28.6558 15
    endloop
  endfacet
  facet normal 0 0 1
    outer loop
      vertex 2.25 0.602885 15
      vertex 0 4.5 15
      vertex 1.85497 0.859423 15
    endloop
  endfacet
  facet normal 0 0 1
    outer loop
      vertex 0 4.5 15
      vertex 1.48891 28.6558 15
      vertex 1.15585 28.9889 15
    endloop
  endfacet
  facet normal 0 0 1
    outer loop
      vertex 1.85497 0.859423 15
      vertex 0 4.5 15
      vertex 1.48891 1.15585 15
    endloop
  endfacet
  facet normal 0 0 1
    outer loop
      vertex 0 4.5 15
      vertex 1.15585 28.9889 15
      vertex 0.859423 29.355 15
    endloop
  endfacet
  facet normal 0 0 1
    outer loop
      vertex 1.48891 1.15585 15
      vertex 0 4.5 15
      vertex 1.15585 1.48891 15
    endloop
  endfacet
  facet normal 0 0 1
    outer loop
      vertex 0 4.5 15
      vertex 0.859423 29.355 15
      vertex 0.602885 29.75 15
    endloop
  endfacet
  facet normal 0 0 1
    outer loop
      vertex 1.15585 1.48891 15
      vertex 0 4.5 15
      vertex 0.859423 1.85497 15
    endloop
  endfacet
  facet normal 0 0 1
    outer loop
      vertex 0 4.5 15
      vertex 0.602885 29.75 15
      vertex 0.389045 30.1697 15
    endloop
  endfacet
  facet normal 0 0 1
    outer loop
      vertex 0.859423 1.85497 15
      vertex 0 4.5 15
      vertex 0.602885 2.25 15
    endloop
  endfacet
  facet normal 0 0 1
    outer loop
      vertex 0 4.5 15
      vertex 0.389045 30.1697 15
      vertex 0.220245 30.6094 15
    endloop
  endfacet
  facet normal 0 0 1
    outer loop
      vertex 0.602885 2.25 15
      vertex 0 4.5 15
      vertex 0.389045 2.66968 15
    endloop
  endfacet
  facet normal 0 0 1
    outer loop
      vertex 0 4.5 15
      vertex 0.220245 30.6094 15
      vertex 0.0983353 31.0644 15
    endloop
  endfacet
  facet normal 0 0 1
    outer loop
      vertex 0.389045 2.66968 15
      vertex 0 4.5 15
      vertex 0.220245 3.10942 15
    endloop
  endfacet
  facet normal 0 0 1
    outer loop
      vertex 0 4.5 15
      vertex 0.0983353 31.0644 15
      vertex 0.0246506 31.5296 15
    endloop
  endfacet
  facet normal 0 0 1
    outer loop
      vertex 0.220245 3.10942 15
      vertex 0 4.5 15
      vertex 0.0983353 3.5644 15
    endloop
  endfacet
  facet normal 0 0 1
    outer loop
      vertex 0 4.5 15
      vertex 0.0246506 31.5296 15
      vertex 0 32 15
    endloop
  endfacet
  facet normal 0 0 1
    outer loop
      vertex 0.0983353 3.5644 15
      vertex 0 4.5 15
      vertex 0.0246506 4.02962 15
    endloop
  endfacet
  facet normal 0 0 1
    outer loop
      vertex 54.825 18.4 15
      vertex 54.525 23.5 15
      vertex 54.525 18.4 15
    endloop
  endfacet
  facet normal 0 0 1
    outer loop
      vertex 54.525 23.5 15
      vertex 49.425 23.8 15
      vertex 49.425 23.5 15
    endloop
  endfacet
  facet normal 0.156443 -0.987687 0
    outer loop
      vertex 71.9704 0.0246506 0
      vertex 72.4356 0.0983353 15
      vertex 71.9704 0.0246506 15
    endloop
  endfacet
  facet normal 0.156443 -0.987687 0
    outer loop
      vertex 72.4356 0.0983353 15
      vertex 71.9704 0.0246506 0
      vertex 72.4356 0.0983353 0
    endloop
  endfacet
  facet normal 0.0523317 -0.99863 0
    outer loop
      vertex 71.5 0 0
      vertex 71.9704 0.0246506 15
      vertex 71.5 0 15
    endloop
  endfacet
  facet normal 0.0523317 -0.99863 0
    outer loop
      vertex 71.9704 0.0246506 15
      vertex 71.5 0 0
      vertex 71.9704 0.0246506 0
    endloop
  endfacet
  facet normal 0.258805 -0.96593 0
    outer loop
      vertex 72.4356 0.0983353 0
      vertex 72.8906 0.220245 15
      vertex 72.4356 0.0983353 15
    endloop
  endfacet
  facet normal 0.258805 -0.96593 0
    outer loop
      vertex 72.8906 0.220245 15
      vertex 72.4356 0.0983353 0
      vertex 72.8906 0.220245 0
    endloop
  endfacet
  facet normal 0.707064 -0.707149 0
    outer loop
      vertex 74.5111 1.15585 0
      vertex 74.8442 1.48891 15
      vertex 74.5111 1.15585 15
    endloop
  endfacet
  facet normal 0.707064 -0.707149 0
    outer loop
      vertex 74.8442 1.48891 15
      vertex 74.5111 1.15585 0
      vertex 74.8442 1.48891 0
    endloop
  endfacet
  facet normal 0.629276 -0.777182 0
    outer loop
      vertex 74.145 0.859423 0
      vertex 74.5111 1.15585 15
      vertex 74.145 0.859423 15
    endloop
  endfacet
  facet normal 0.629276 -0.777182 0
    outer loop
      vertex 74.5111 1.15585 15
      vertex 74.145 0.859423 0
      vertex 74.5111 1.15585 0
    endloop
  endfacet
  facet normal 0 0 -1
    outer loop
      vertex 73.8 4.45 0
      vertex 76 4.5 0
      vertex 75.9753 4.02962 0
    endloop
  endfacet
  facet normal -0 0 -1
    outer loop
      vertex 76 4.5 0
      vertex 73.8 4.45 0
      vertex 76 81.5 0
    endloop
  endfacet
  facet normal 0 0 -1
    outer loop
      vertex 73.7877 4.21481 0
      vertex 75.9753 4.02962 0
      vertex 75.9017 3.5644 0
    endloop
  endfacet
  facet normal 0 0 -1
    outer loop
      vertex 73.8 81.55 0
      vertex 76 81.5 0
      vertex 73.8 4.45 0
    endloop
  endfacet
  facet normal 0 0 -1
    outer loop
      vertex 73.7508 3.9822 0
      vertex 75.9017 3.5644 0
      vertex 75.7798 3.10942 0
    endloop
  endfacet
  facet normal 0 0 -1
    outer loop
      vertex 76 81.5 0
      vertex 73.8 81.55 0
      vertex 75.9753 81.9704 0
    endloop
  endfacet
  facet normal 0 0 -1
    outer loop
      vertex 73.6899 3.75471 0
      vertex 75.7798 3.10942 0
      vertex 75.611 2.66968 0
    endloop
  endfacet
  facet normal 0 0 -1
    outer loop
      vertex 73.7877 81.7852 0
      vertex 75.9753 81.9704 0
      vertex 73.8 81.55 0
    endloop
  endfacet
  facet normal 0 0 -1
    outer loop
      vertex 73.6055 3.53484 0
      vertex 75.611 2.66968 0
      vertex 75.3971 2.25 0
    endloop
  endfacet
  facet normal -0 0 -1
    outer loop
      vertex 75.9753 81.9704 0
      vertex 73.7877 81.7852 0
      vertex 75.9017 82.4356 0
    endloop
  endfacet
  facet normal 0 0 -1
    outer loop
      vertex 73.4986 3.325 0
      vertex 75.3971 2.25 0
      vertex 75.1406 1.85497 0
    endloop
  endfacet
  facet normal 0 0 -1
    outer loop
      vertex 73.7508 82.0178 0
      vertex 75.9017 82.4356 0
      vertex 73.7877 81.7852 0
    endloop
  endfacet
  facet normal 0 0 -1
    outer loop
      vertex 73.3703 3.12748 0
      vertex 75.1406 1.85497 0
      vertex 74.8442 1.48891 0
    endloop
  endfacet
  facet normal -0 0 -1
    outer loop
      vertex 75.9017 82.4356 0
      vertex 73.7508 82.0178 0
      vertex 75.7798 82.8906 0
    endloop
  endfacet
  facet normal 0 0 -1
    outer loop
      vertex 73.2221 2.94446 0
      vertex 74.8442 1.48891 0
      vertex 74.5111 1.15585 0
    endloop
  endfacet
  facet normal 0 0 -1
    outer loop
      vertex 73.6899 82.2453 0
      vertex 75.7798 82.8906 0
      vertex 73.7508 82.0178 0
    endloop
  endfacet
  facet normal 0 0 -1
    outer loop
      vertex 73.0555 2.77792 0
      vertex 74.5111 1.15585 0
      vertex 74.145 0.859423 0
    endloop
  endfacet
  facet normal -0 0 -1
    outer loop
      vertex 75.7798 82.8906 0
      vertex 73.6899 82.2453 0
      vertex 75.611 83.3303 0
    endloop
  endfacet
  facet normal 0 0 -1
    outer loop
      vertex 73.6055 82.4652 0
      vertex 75.611 83.3303 0
      vertex 73.6899 82.2453 0
    endloop
  endfacet
  facet normal 0 0 -1
    outer loop
      vertex 75.9753 4.02962 0
      vertex 73.7877 4.21481 0
      vertex 73.8 4.45 0
    endloop
  endfacet
  facet normal 0 0 -1
    outer loop
      vertex 75.9017 3.5644 0
      vertex 73.7508 3.9822 0
      vertex 73.7877 4.21481 0
    endloop
  endfacet
  facet normal 0 0 -1
    outer loop
      vertex 72.675 2.50144 0
      vertex 74.145 0.859423 0
      vertex 73.75 0.602885 0
    endloop
  endfacet
  facet normal 0 0 -1
    outer loop
      vertex 75.7798 3.10942 0
      vertex 73.6899 3.75471 0
      vertex 73.7508 3.9822 0
    endloop
  endfacet
  facet normal 0 0 -1
    outer loop
      vertex 75.611 2.66968 0
      vertex 73.6055 3.53484 0
      vertex 73.6899 3.75471 0
    endloop
  endfacet
  facet normal 0 0 -1
    outer loop
      vertex 75.3971 2.25 0
      vertex 73.4986 3.325 0
      vertex 73.6055 3.53484 0
    endloop
  endfacet
  facet normal 0 0 -1
    outer loop
      vertex 75.1406 1.85497 0
      vertex 73.3703 3.12748 0
      vertex 73.4986 3.325 0
    endloop
  endfacet
  facet normal 0 0 -1
    outer loop
      vertex 72.4652 2.39452 0
      vertex 73.75 0.602885 0
      vertex 73.3303 0.389045 0
    endloop
  endfacet
  facet normal 0 0 -1
    outer loop
      vertex 74.8442 1.48891 0
      vertex 73.2221 2.94446 0
      vertex 73.3703 3.12748 0
    endloop
  endfacet
  facet normal 0 0 -1
    outer loop
      vertex 74.5111 1.15585 0
      vertex 73.0555 2.77792 0
      vertex 73.2221 2.94446 0
    endloop
  endfacet
  facet normal 0 0 -1
    outer loop
      vertex 72.2453 2.31012 0
      vertex 73.3303 0.389045 0
      vertex 72.8906 0.220245 0
    endloop
  endfacet
  facet normal 0 0 -1
    outer loop
      vertex 74.145 0.859423 0
      vertex 72.8725 2.62971 0
      vertex 73.0555 2.77792 0
    endloop
  endfacet
  facet normal 0 0 -1
    outer loop
      vertex 74.145 0.859423 0
      vertex 72.675 2.50144 0
      vertex 72.8725 2.62971 0
    endloop
  endfacet
  facet normal 0 0 -1
    outer loop
      vertex 73.75 0.602885 0
      vertex 72.4652 2.39452 0
      vertex 72.675 2.50144 0
    endloop
  endfacet
  facet normal 0 0 -1
    outer loop
      vertex 72.0178 2.24917 0
      vertex 72.8906 0.220245 0
      vertex 72.4356 0.0983353 0
    endloop
  endfacet
  facet normal 0 0 -1
    outer loop
      vertex 73.3303 0.389045 0
      vertex 72.2453 2.31012 0
      vertex 72.4652 2.39452 0
    endloop
  endfacet
  facet normal 0 0 -1
    outer loop
      vertex 72.8906 0.220245 0
      vertex 72.0178 2.24917 0
      vertex 72.2453 2.31012 0
    endloop
  endfacet
  facet normal 0 0 -1
    outer loop
      vertex 71.7852 2.21233 0
      vertex 72.4356 0.0983353 0
      vertex 71.9704 0.0246506 0
    endloop
  endfacet
  facet normal 0 0 -1
    outer loop
      vertex 72.4356 0.0983353 0
      vertex 71.7852 2.21233 0
      vertex 72.0178 2.24917 0
    endloop
  endfacet
  facet normal 0 0 -1
    outer loop
      vertex 71.9704 0.0246506 0
      vertex 71.55 2.2 0
      vertex 71.7852 2.21233 0
    endloop
  endfacet
  facet normal 0 0 -1
    outer loop
      vertex 71.5 0 0
      vertex 71.55 2.2 0
      vertex 71.9704 0.0246506 0
    endloop
  endfacet
  facet normal 0 0 -1
    outer loop
      vertex 4.5 0 0
      vertex 71.55 2.2 0
      vertex 71.5 0 0
    endloop
  endfacet
  facet normal 0 0 -1
    outer loop
      vertex 4.5 0 0
      vertex 4.45 2.2 0
      vertex 71.55 2.2 0
    endloop
  endfacet
  facet normal 0 0 -1
    outer loop
      vertex 4.02962 0.0246506 0
      vertex 4.45 2.2 0
      vertex 4.5 0 0
    endloop
  endfacet
  facet normal -0 0 -1
    outer loop
      vertex 4.45 2.2 0
      vertex 4.02962 0.0246506 0
      vertex 4.21481 2.21233 0
    endloop
  endfacet
  facet normal 0 0 -1
    outer loop
      vertex 3.5644 0.0983353 0
      vertex 4.21481 2.21233 0
      vertex 4.02962 0.0246506 0
    endloop
  endfacet
  facet normal -0 0 -1
    outer loop
      vertex 4.21481 2.21233 0
      vertex 3.5644 0.0983353 0
      vertex 3.9822 2.24917 0
    endloop
  endfacet
  facet normal 0 0 -1
    outer loop
      vertex 3.10942 0.220245 0
      vertex 3.9822 2.24917 0
      vertex 3.5644 0.0983353 0
    endloop
  endfacet
  facet normal -0 0 -1
    outer loop
      vertex 3.9822 2.24917 0
      vertex 3.10942 0.220245 0
      vertex 3.75471 2.31012 0
    endloop
  endfacet
  facet normal 0 0 -1
    outer loop
      vertex 2.66968 0.389045 0
      vertex 3.75471 2.31012 0
      vertex 3.10942 0.220245 0
    endloop
  endfacet
  facet normal -0 0 -1
    outer loop
      vertex 3.75471 2.31012 0
      vertex 2.66968 0.389045 0
      vertex 3.53484 2.39452 0
    endloop
  endfacet
  facet normal 0 0 -1
    outer loop
      vertex 2.25 0.602885 0
      vertex 3.53484 2.39452 0
      vertex 2.66968 0.389045 0
    endloop
  endfacet
  facet normal -0 0 -1
    outer loop
      vertex 3.53484 2.39452 0
      vertex 2.25 0.602885 0
      vertex 3.325 2.50144 0
    endloop
  endfacet
  facet normal 0 0 -1
    outer loop
      vertex 1.85497 0.859423 0
      vertex 3.325 2.50144 0
      vertex 2.25 0.602885 0
    endloop
  endfacet
  facet normal -0 0 -1
    outer loop
      vertex 3.325 2.50144 0
      vertex 1.85497 0.859423 0
      vertex 3.12748 2.62971 0
    endloop
  endfacet
  facet normal -0 0 -1
    outer loop
      vertex 3.12748 2.62971 0
      vertex 1.85497 0.859423 0
      vertex 2.94446 2.77792 0
    endloop
  endfacet
  facet normal 0 0 -1
    outer loop
      vertex 1.48891 1.15585 0
      vertex 2.94446 2.77792 0
      vertex 1.85497 0.859423 0
    endloop
  endfacet
  facet normal -0 0 -1
    outer loop
      vertex 2.94446 2.77792 0
      vertex 1.48891 1.15585 0
      vertex 2.77792 2.94446 0
    endloop
  endfacet
  facet normal 0 0 -1
    outer loop
      vertex 1.15585 1.48891 0
      vertex 2.77792 2.94446 0
      vertex 1.48891 1.15585 0
    endloop
  endfacet
  facet normal -0 0 -1
    outer loop
      vertex 2.77792 2.94446 0
      vertex 1.15585 1.48891 0
      vertex 2.62971 3.12748 0
    endloop
  endfacet
  facet normal 0 0 -1
    outer loop
      vertex 0.859423 1.85497 0
      vertex 2.62971 3.12748 0
      vertex 1.15585 1.48891 0
    endloop
  endfacet
  facet normal -0 0 -1
    outer loop
      vertex 2.62971 3.12748 0
      vertex 0.859423 1.85497 0
      vertex 2.50144 3.325 0
    endloop
  endfacet
  facet normal 0 0 -1
    outer loop
      vertex 0.602885 2.25 0
      vertex 2.50144 3.325 0
      vertex 0.859423 1.85497 0
    endloop
  endfacet
  facet normal 0 0 -1
    outer loop
      vertex 0.389045 2.66968 0
      vertex 2.39452 3.53484 0
      vertex 0.602885 2.25 0
    endloop
  endfacet
  facet normal -0 0 -1
    outer loop
      vertex 2.50144 3.325 0
      vertex 0.602885 2.25 0
      vertex 2.39452 3.53484 0
    endloop
  endfacet
  facet normal -0 0 -1
    outer loop
      vertex 75.611 83.3303 0
      vertex 73.6055 82.4652 0
      vertex 75.3971 83.75 0
    endloop
  endfacet
  facet normal 0 0 -1
    outer loop
      vertex 73.4986 82.675 0
      vertex 75.3971 83.75 0
      vertex 73.6055 82.4652 0
    endloop
  endfacet
  facet normal -0 0 -1
    outer loop
      vertex 75.3971 83.75 0
      vertex 73.4986 82.675 0
      vertex 75.1406 84.145 0
    endloop
  endfacet
  facet normal 0 0 -1
    outer loop
      vertex 73.3703 82.8725 0
      vertex 75.1406 84.145 0
      vertex 73.4986 82.675 0
    endloop
  endfacet
  facet normal -0 0 -1
    outer loop
      vertex 75.1406 84.145 0
      vertex 73.3703 82.8725 0
      vertex 74.8442 84.5111 0
    endloop
  endfacet
  facet normal 0 0 -1
    outer loop
      vertex 73.2221 83.0555 0
      vertex 74.8442 84.5111 0
      vertex 73.3703 82.8725 0
    endloop
  endfacet
  facet normal -0 0 -1
    outer loop
      vertex 74.8442 84.5111 0
      vertex 73.2221 83.0555 0
      vertex 74.5111 84.8442 0
    endloop
  endfacet
  facet normal 0 0 -1
    outer loop
      vertex 73.0555 83.2221 0
      vertex 74.5111 84.8442 0
      vertex 73.2221 83.0555 0
    endloop
  endfacet
  facet normal -0 0 -1
    outer loop
      vertex 74.5111 84.8442 0
      vertex 73.0555 83.2221 0
      vertex 74.145 85.1406 0
    endloop
  endfacet
  facet normal 0 0 -1
    outer loop
      vertex 72.8725 83.3703 0
      vertex 74.145 85.1406 0
      vertex 73.0555 83.2221 0
    endloop
  endfacet
  facet normal 0 0 -1
    outer loop
      vertex 72.675 83.4986 0
      vertex 74.145 85.1406 0
      vertex 72.8725 83.3703 0
    endloop
  endfacet
  facet normal -0 0 -1
    outer loop
      vertex 74.145 85.1406 0
      vertex 72.675 83.4986 0
      vertex 73.75 85.3971 0
    endloop
  endfacet
  facet normal 0 0 -1
    outer loop
      vertex 72.4652 83.6055 0
      vertex 73.75 85.3971 0
      vertex 72.675 83.4986 0
    endloop
  endfacet
  facet normal -0 0 -1
    outer loop
      vertex 73.75 85.3971 0
      vertex 72.4652 83.6055 0
      vertex 73.3303 85.611 0
    endloop
  endfacet
  facet normal 0 0 -1
    outer loop
      vertex 72.2453 83.6899 0
      vertex 73.3303 85.611 0
      vertex 72.4652 83.6055 0
    endloop
  endfacet
  facet normal -0 0 -1
    outer loop
      vertex 73.3303 85.611 0
      vertex 72.2453 83.6899 0
      vertex 72.8906 85.7798 0
    endloop
  endfacet
  facet normal 0 0 -1
    outer loop
      vertex 72.0178 83.7508 0
      vertex 72.8906 85.7798 0
      vertex 72.2453 83.6899 0
    endloop
  endfacet
  facet normal -0 0 -1
    outer loop
      vertex 72.8906 85.7798 0
      vertex 72.0178 83.7508 0
      vertex 72.4356 85.9017 0
    endloop
  endfacet
  facet normal 0 0 -1
    outer loop
      vertex 71.7852 83.7877 0
      vertex 72.4356 85.9017 0
      vertex 72.0178 83.7508 0
    endloop
  endfacet
  facet normal -0 0 -1
    outer loop
      vertex 72.4356 85.9017 0
      vertex 71.7852 83.7877 0
      vertex 71.9704 85.9753 0
    endloop
  endfacet
  facet normal 0 0 -1
    outer loop
      vertex 71.55 83.8 0
      vertex 71.9704 85.9753 0
      vertex 71.7852 83.7877 0
    endloop
  endfacet
  facet normal 0 0 -1
    outer loop
      vertex 71.55 83.8 0
      vertex 71.5 86 0
      vertex 71.9704 85.9753 0
    endloop
  endfacet
  facet normal 0 0 -1
    outer loop
      vertex 71.55 83.8 0
      vertex 44 84 0
      vertex 71.5 86 0
    endloop
  endfacet
  facet normal 0 0 -1
    outer loop
      vertex 71.55 83.8 0
      vertex 32 84 0
      vertex 44 84 0
    endloop
  endfacet
  facet normal 0 0 -1
    outer loop
      vertex 32 84 0
      vertex 4.5 86 0
      vertex 32 86 0
    endloop
  endfacet
  facet normal 0 0 -1
    outer loop
      vertex 4.45 83.8 0
      vertex 32 84 0
      vertex 71.55 83.8 0
    endloop
  endfacet
  facet normal 0 0 -1
    outer loop
      vertex 4.45 83.8 0
      vertex 4.5 86 0
      vertex 32 84 0
    endloop
  endfacet
  facet normal 0 0 -1
    outer loop
      vertex 4.02962 85.9753 0
      vertex 4.45 83.8 0
      vertex 4.21481 83.7877 0
    endloop
  endfacet
  facet normal 0 0 -1
    outer loop
      vertex 4.45 83.8 0
      vertex 4.02962 85.9753 0
      vertex 4.5 86 0
    endloop
  endfacet
  facet normal 0 0 -1
    outer loop
      vertex 3.5644 85.9017 0
      vertex 4.21481 83.7877 0
      vertex 3.9822 83.7508 0
    endloop
  endfacet
  facet normal 0 0 -1
    outer loop
      vertex 3.10942 85.7798 0
      vertex 3.9822 83.7508 0
      vertex 3.75471 83.6899 0
    endloop
  endfacet
  facet normal 0 0 -1
    outer loop
      vertex 4.21481 83.7877 0
      vertex 3.5644 85.9017 0
      vertex 4.02962 85.9753 0
    endloop
  endfacet
  facet normal 0 0 -1
    outer loop
      vertex 2.66968 85.611 0
      vertex 3.75471 83.6899 0
      vertex 3.53484 83.6055 0
    endloop
  endfacet
  facet normal 0 0 -1
    outer loop
      vertex 2.25 85.3971 0
      vertex 3.53484 83.6055 0
      vertex 3.325 83.4986 0
    endloop
  endfacet
  facet normal 0 0 -1
    outer loop
      vertex 1.85497 85.1406 0
      vertex 3.325 83.4986 0
      vertex 3.12748 83.3703 0
    endloop
  endfacet
  facet normal 0 0 -1
    outer loop
      vertex 3.9822 83.7508 0
      vertex 3.10942 85.7798 0
      vertex 3.5644 85.9017 0
    endloop
  endfacet
  facet normal 0 0 -1
    outer loop
      vertex 1.85497 85.1406 0
      vertex 3.12748 83.3703 0
      vertex 2.94446 83.2221 0
    endloop
  endfacet
  facet normal 0 0 -1
    outer loop
      vertex 1.48891 84.8442 0
      vertex 2.94446 83.2221 0
      vertex 2.77792 83.0555 0
    endloop
  endfacet
  facet normal 0 0 -1
    outer loop
      vertex 3.75471 83.6899 0
      vertex 2.66968 85.611 0
      vertex 3.10942 85.7798 0
    endloop
  endfacet
  facet normal 0 0 -1
    outer loop
      vertex 1.15585 84.5111 0
      vertex 2.77792 83.0555 0
      vertex 2.62971 82.8725 0
    endloop
  endfacet
  facet normal 0 0 -1
    outer loop
      vertex 0.859423 84.145 0
      vertex 2.62971 82.8725 0
      vertex 2.50144 82.675 0
    endloop
  endfacet
  facet normal 0 0 -1
    outer loop
      vertex 0.602885 83.75 0
      vertex 2.50144 82.675 0
      vertex 2.39452 82.4652 0
    endloop
  endfacet
  facet normal 0 0 -1
    outer loop
      vertex 0.389045 83.3303 0
      vertex 2.39452 82.4652 0
      vertex 2.31012 82.2453 0
    endloop
  endfacet
  facet normal 0 0 -1
    outer loop
      vertex 3.53484 83.6055 0
      vertex 2.25 85.3971 0
      vertex 2.66968 85.611 0
    endloop
  endfacet
  facet normal 0 0 -1
    outer loop
      vertex 0.220245 82.8906 0
      vertex 2.31012 82.2453 0
      vertex 2.24917 82.0178 0
    endloop
  endfacet
  facet normal 0 0 -1
    outer loop
      vertex 0.0983353 82.4356 0
      vertex 2.24917 82.0178 0
      vertex 2.21233 81.7852 0
    endloop
  endfacet
  facet normal 0 0 -1
    outer loop
      vertex 0.0246506 81.9704 0
      vertex 2.21233 81.7852 0
      vertex 2.2 81.55 0
    endloop
  endfacet
  facet normal 0 0 -1
    outer loop
      vertex 3.325 83.4986 0
      vertex 1.85497 85.1406 0
      vertex 2.25 85.3971 0
    endloop
  endfacet
  facet normal 0 0 -1
    outer loop
      vertex 2.2 4.45 0
      vertex 0 4.5 0
      vertex 2.2 81.55 0
    endloop
  endfacet
  facet normal -0 0 -1
    outer loop
      vertex 2.39452 3.53484 0
      vertex 0.389045 2.66968 0
      vertex 2.31012 3.75471 0
    endloop
  endfacet
  facet normal 0 0 -1
    outer loop
      vertex 0 81.5 0
      vertex 2.2 81.55 0
      vertex 0 4.5 0
    endloop
  endfacet
  facet normal 0 0 -1
    outer loop
      vertex 0.220245 3.10942 0
      vertex 2.31012 3.75471 0
      vertex 0.389045 2.66968 0
    endloop
  endfacet
  facet normal 0 -0 -1
    outer loop
      vertex 0.0246506 81.9704 0
      vertex 2.2 81.55 0
      vertex 0 81.5 0
    endloop
  endfacet
  facet normal -0 0 -1
    outer loop
      vertex 2.31012 3.75471 0
      vertex 0.220245 3.10942 0
      vertex 2.24917 3.9822 0
    endloop
  endfacet
  facet normal 0 0 -1
    outer loop
      vertex 2.94446 83.2221 0
      vertex 1.48891 84.8442 0
      vertex 1.85497 85.1406 0
    endloop
  endfacet
  facet normal 0 0 -1
    outer loop
      vertex 0.0983353 3.5644 0
      vertex 2.24917 3.9822 0
      vertex 0.220245 3.10942 0
    endloop
  endfacet
  facet normal 0 0 -1
    outer loop
      vertex 2.77792 83.0555 0
      vertex 1.15585 84.5111 0
      vertex 1.48891 84.8442 0
    endloop
  endfacet
  facet normal -0 0 -1
    outer loop
      vertex 2.24917 3.9822 0
      vertex 0.0983353 3.5644 0
      vertex 2.21233 4.21481 0
    endloop
  endfacet
  facet normal 0 0 -1
    outer loop
      vertex 2.62971 82.8725 0
      vertex 0.859423 84.145 0
      vertex 1.15585 84.5111 0
    endloop
  endfacet
  facet normal 0 0 -1
    outer loop
      vertex 0.0246506 4.02962 0
      vertex 2.21233 4.21481 0
      vertex 0.0983353 3.5644 0
    endloop
  endfacet
  facet normal 0 0 -1
    outer loop
      vertex 2.50144 82.675 0
      vertex 0.602885 83.75 0
      vertex 0.859423 84.145 0
    endloop
  endfacet
  facet normal -0 0 -1
    outer loop
      vertex 2.21233 4.21481 0
      vertex 0.0246506 4.02962 0
      vertex 2.2 4.45 0
    endloop
  endfacet
  facet normal 0 0 -1
    outer loop
      vertex 2.39452 82.4652 0
      vertex 0.389045 83.3303 0
      vertex 0.602885 83.75 0
    endloop
  endfacet
  facet normal -0 0 -1
    outer loop
      vertex 2.2 4.45 0
      vertex 0.0246506 4.02962 0
      vertex 0 4.5 0
    endloop
  endfacet
  facet normal 0 0 -1
    outer loop
      vertex 2.31012 82.2453 0
      vertex 0.220245 82.8906 0
      vertex 0.389045 83.3303 0
    endloop
  endfacet
  facet normal 0 0 -1
    outer loop
      vertex 2.24917 82.0178 0
      vertex 0.0983353 82.4356 0
      vertex 0.220245 82.8906 0
    endloop
  endfacet
  facet normal 0 0 -1
    outer loop
      vertex 2.21233 81.7852 0
      vertex 0.0246506 81.9704 0
      vertex 0.0983353 82.4356 0
    endloop
  endfacet
  facet normal -0 0 -1
    outer loop
      vertex 71.5 86 0
      vertex 44 84 0
      vertex 44 86 0
    endloop
  endfacet
  facet normal -0.454096 0.890953 0
    outer loop
      vertex 2.66968 85.611 0
      vertex 2.25 85.3971 35
      vertex 2.66968 85.611 35
    endloop
  endfacet
  facet normal -0.454096 0.890953 0
    outer loop
      vertex 2.25 85.3971 35
      vertex 2.66968 85.611 0
      vertex 2.25 85.3971 0
    endloop
  endfacet
  facet normal 0 1 0
    outer loop
      vertex 71.5 86 35
      vertex 44 86 2.1
      vertex 4.5 86 35
    endloop
  endfacet
  facet normal 0 1 -0
    outer loop
      vertex 71.5 86 0
      vertex 44 86 2.1
      vertex 71.5 86 35
    endloop
  endfacet
  facet normal 0 1 0
    outer loop
      vertex 44 86 2.1
      vertex 71.5 86 0
      vertex 44 86 0
    endloop
  endfacet
  facet normal 0 1 -0
    outer loop
      vertex 32 86 2.1
      vertex 4.5 86 35
      vertex 44 86 2.1
    endloop
  endfacet
  facet normal 0 1 0
    outer loop
      vertex 4.5 86 0
      vertex 32 86 2.1
      vertex 32 86 0
    endloop
  endfacet
  facet normal 0 1 0
    outer loop
      vertex 32 86 2.1
      vertex 4.5 86 0
      vertex 4.5 86 35
    endloop
  endfacet
  facet normal 0.0196668 -0.374545 0.927
    outer loop
      vertex 71.5 77 35
      vertex 71.9704 27.5247 15
      vertex 71.9704 77.0247 35
    endloop
  endfacet
  facet normal 0.0196668 -0.374545 0.927
    outer loop
      vertex 71.9704 27.5247 15
      vertex 71.5 77 35
      vertex 71.5 27.5 15
    endloop
  endfacet
  facet normal 6.69003e-06 -0.374618 0.927179
    outer loop
      vertex 67.7 43.2338 21.3571
      vertex 71.5 77 35
      vertex 67.7 73.009 33.3875
    endloop
  endfacet
  facet normal 1.60785e-05 -0.374626 0.927176
    outer loop
      vertex 71.5 77 35
      vertex 67.6847 73.2805 33.4972
      vertex 67.7 73.009 33.3875
    endloop
  endfacet
  facet normal -0.000238968 -0.374401 0.927267
    outer loop
      vertex 71.5 77 35
      vertex 67.6388 73.549 33.6056
      vertex 67.6847 73.2805 33.4972
    endloop
  endfacet
  facet normal -1.33312e-05 -0.374618 0.927179
    outer loop
      vertex 71.5 77 35
      vertex 67.563 73.8116 33.7117
      vertex 67.6388 73.549 33.6056
    endloop
  endfacet
  facet normal 0.000110687 -0.37475 0.927126
    outer loop
      vertex 71.5 77 35
      vertex 67.4579 74.0654 33.8143
      vertex 67.563 73.8116 33.7117
    endloop
  endfacet
  facet normal 8.17926e-05 -0.374716 0.92714
    outer loop
      vertex 71.5 77 35
      vertex 67.3249 74.3076 33.9122
      vertex 67.4579 74.0654 33.8143
    endloop
  endfacet
  facet normal -3.24477e-05 -0.374563 0.927201
    outer loop
      vertex 71.5 77 35
      vertex 67.1652 74.5356 34.0043
      vertex 67.3249 74.3076 33.9122
    endloop
  endfacet
  facet normal -0.000120503 -0.37443 0.927255
    outer loop
      vertex 71.5 77 35
      vertex 66.9808 74.7469 34.0896
      vertex 67.1652 74.5356 34.0043
    endloop
  endfacet
  facet normal 6.03931e-05 -0.374742 0.927129
    outer loop
      vertex 71.5 77 35
      vertex 66.7736 74.9391 34.1673
      vertex 66.9808 74.7469 34.0896
    endloop
  endfacet
  facet normal -4.84442e-05 -0.374527 0.927216
    outer loop
      vertex 71.5 77 35
      vertex 66.5458 75.1102 34.2364
      vertex 66.7736 74.9391 34.1673
    endloop
  endfacet
  facet normal 0.000144133 -0.374961 0.92704
    outer loop
      vertex 71.5 77 35
      vertex 66.3 75.2582 34.2963
      vertex 66.5458 75.1102 34.2364
    endloop
  endfacet
  facet normal -0.000139745 -0.374233 0.927335
    outer loop
      vertex 71.5 77 35
      vertex 66.0389 75.3817 34.3461
      vertex 66.3 75.2582 34.2963
    endloop
  endfacet
  facet normal 6.76745e-05 -0.374835 0.927092
    outer loop
      vertex 71.5 77 35
      vertex 65.7652 75.4791 34.3855
      vertex 66.0389 75.3817 34.3461
    endloop
  endfacet
  facet normal -6.44027e-06 -0.374594 0.927189
    outer loop
      vertex 71.5 77 35
      vertex 65.4822 75.5494 34.4139
      vertex 65.7652 75.4791 34.3855
    endloop
  endfacet
  facet normal -2.40473e-05 -0.374532 0.927214
    outer loop
      vertex 71.5 77 35
      vertex 65.1927 75.592 34.4311
      vertex 65.4822 75.5494 34.4139
    endloop
  endfacet
  facet normal 0.000162627 -0.37525 0.926923
    outer loop
      vertex 71.5 77 35
      vertex 64.9 75.6062 34.4369
      vertex 65.1927 75.592 34.4311
    endloop
  endfacet
  facet normal 0 -0.374588 0.927191
    outer loop
      vertex 71.5 77 35
      vertex 11.1 75.6062 34.4369
      vertex 64.9 75.6062 34.4369
    endloop
  endfacet
  facet normal -6.69003e-06 -0.374618 0.927179
    outer loop
      vertex 8.3 73.009 33.3875
      vertex 4.5 77 35
      vertex 8.3 43.2338 21.3571
    endloop
  endfacet
  facet normal -1.60762e-05 -0.374626 0.927176
    outer loop
      vertex 8.31534 73.2805 33.4972
      vertex 4.5 77 35
      vertex 8.3 73.009 33.3875
    endloop
  endfacet
  facet normal 0.000239003 -0.374401 0.927267
    outer loop
      vertex 8.36119 73.549 33.6056
      vertex 4.5 77 35
      vertex 8.31534 73.2805 33.4972
    endloop
  endfacet
  facet normal 1.33294e-05 -0.374618 0.927179
    outer loop
      vertex 8.43704 73.8116 33.7117
      vertex 4.5 77 35
      vertex 8.36119 73.549 33.6056
    endloop
  endfacet
  facet normal -0.000110705 -0.37475 0.927126
    outer loop
      vertex 8.54207 74.0654 33.8143
      vertex 4.5 77 35
      vertex 8.43704 73.8116 33.7117
    endloop
  endfacet
  facet normal -8.17825e-05 -0.374716 0.92714
    outer loop
      vertex 8.67513 74.3076 33.9122
      vertex 4.5 77 35
      vertex 8.54207 74.0654 33.8143
    endloop
  endfacet
  facet normal 3.24526e-05 -0.374563 0.927201
    outer loop
      vertex 8.83475 74.5356 34.0043
      vertex 4.5 77 35
      vertex 8.67513 74.3076 33.9122
    endloop
  endfacet
  facet normal 0.000120495 -0.37443 0.927255
    outer loop
      vertex 9.01919 74.7469 34.0896
      vertex 4.5 77 35
      vertex 8.83475 74.5356 34.0043
    endloop
  endfacet
  facet normal -6.03891e-05 -0.374742 0.927129
    outer loop
      vertex 9.22643 74.9391 34.1673
      vertex 4.5 77 35
      vertex 9.01919 74.7469 34.0896
    endloop
  endfacet
  facet normal 4.84464e-05 -0.374527 0.927216
    outer loop
      vertex 9.4542 75.1102 34.2364
      vertex 4.5 77 35
      vertex 9.22643 74.9391 34.1673
    endloop
  endfacet
  facet normal -0.000144133 -0.374961 0.92704
    outer loop
      vertex 9.7 75.2582 34.2963
      vertex 4.5 77 35
      vertex 9.4542 75.1102 34.2364
    endloop
  endfacet
  facet normal 0.000139736 -0.374233 0.927335
    outer loop
      vertex 9.96114 75.3817 34.3461
      vertex 4.5 77 35
      vertex 9.7 75.2582 34.2963
    endloop
  endfacet
  facet normal -6.76788e-05 -0.374835 0.927092
    outer loop
      vertex 10.2348 75.4791 34.3855
      vertex 4.5 77 35
      vertex 9.96114 75.3817 34.3461
    endloop
  endfacet
  facet normal 6.44027e-06 -0.374594 0.927189
    outer loop
      vertex 10.5178 75.5494 34.4139
      vertex 4.5 77 35
      vertex 10.2348 75.4791 34.3855
    endloop
  endfacet
  facet normal 2.40473e-05 -0.374532 0.927214
    outer loop
      vertex 10.8073 75.592 34.4311
      vertex 4.5 77 35
      vertex 10.5178 75.5494 34.4139
    endloop
  endfacet
  facet normal -0.000162627 -0.37525 0.926923
    outer loop
      vertex 11.1 75.6062 34.4369
      vertex 4.5 77 35
      vertex 10.8073 75.592 34.4311
    endloop
  endfacet
  facet normal 0 -0.374588 0.927191
    outer loop
      vertex 4.5 77 35
      vertex 11.1 75.6062 34.4369
      vertex 71.5 77 35
    endloop
  endfacet
  facet normal 2.21813e-06 -0.374618 0.927179
    outer loop
      vertex 71.5 77 35
      vertex 67.7 43.2338 21.3571
      vertex 71.5 27.5 15
    endloop
  endfacet
  facet normal -3.29431e-05 -0.374625 0.927176
    outer loop
      vertex 67.6847 42.9623 21.2474
      vertex 71.5 27.5 15
      vertex 67.7 43.2338 21.3571
    endloop
  endfacet
  facet normal -0.000124389 -0.374645 0.927168
    outer loop
      vertex 67.6388 42.6938 21.1389
      vertex 71.5 27.5 15
      vertex 67.6847 42.9623 21.2474
    endloop
  endfacet
  facet normal 5.54859e-06 -0.374616 0.92718
    outer loop
      vertex 67.563 42.4312 21.0328
      vertex 71.5 27.5 15
      vertex 67.6388 42.6938 21.1389
    endloop
  endfacet
  facet normal 0.000244262 -0.374562 0.927202
    outer loop
      vertex 67.4579 42.1774 20.9303
      vertex 71.5 27.5 15
      vertex 67.563 42.4312 21.0328
    endloop
  endfacet
  facet normal -0.000189412 -0.374665 0.92716
    outer loop
      vertex 67.3249 41.9352 20.8324
      vertex 71.5 27.5 15
      vertex 67.4579 42.1774 20.9303
    endloop
  endfacet
  facet normal 8.68998e-05 -0.374596 0.927188
    outer loop
      vertex 67.1652 41.7072 20.7403
      vertex 71.5 27.5 15
      vertex 67.3249 41.9352 20.8324
    endloop
  endfacet
  facet normal -9.68902e-05 -0.374644 0.927169
    outer loop
      vertex 66.9808 41.4959 20.6549
      vertex 71.5 27.5 15
      vertex 67.1652 41.7072 20.7403
    endloop
  endfacet
  facet normal -0.00014999 -0.374659 0.927163
    outer loop
      vertex 66.7736 41.3037 20.5772
      vertex 71.5 27.5 15
      vertex 66.9808 41.4959 20.6549
    endloop
  endfacet
  facet normal 9.92708e-05 -0.374586 0.927192
    outer loop
      vertex 66.5458 41.1326 20.5081
      vertex 71.5 27.5 15
      vertex 66.7736 41.3037 20.5772
    endloop
  endfacet
  facet normal 0.000118068 -0.37458 0.927195
    outer loop
      vertex 66.3 40.9845 20.4483
      vertex 71.5 27.5 15
      vertex 66.5458 41.1326 20.5081
    endloop
  endfacet
  facet normal -0.000123918 -0.37466 0.927162
    outer loop
      vertex 66.0389 40.8611 20.3984
      vertex 71.5 27.5 15
      vertex 66.3 40.9845 20.4483
    endloop
  endfacet
  facet normal 0.000157807 -0.374561 0.927202
    outer loop
      vertex 65.7652 40.7637 20.3591
      vertex 71.5 27.5 15
      vertex 66.0389 40.8611 20.3984
    endloop
  endfacet
  facet normal -0.000163874 -0.374681 0.927154
    outer loop
      vertex 65.4822 40.6933 20.3306
      vertex 71.5 27.5 15
      vertex 65.7652 40.7637 20.3591
    endloop
  endfacet
  facet normal -8.51492e-05 -0.37465 0.927166
    outer loop
      vertex 65.1927 40.6508 20.3134
      vertex 71.5 27.5 15
      vertex 65.4822 40.6933 20.3306
    endloop
  endfacet
  facet normal 0.000115516 -0.374567 0.9272
    outer loop
      vertex 64.9 40.6366 20.3077
      vertex 71.5 27.5 15
      vertex 65.1927 40.6508 20.3134
    endloop
  endfacet
  facet normal 0 -0.374617 0.92718
    outer loop
      vertex 11.1 40.6366 20.3077
      vertex 71.5 27.5 15
      vertex 64.9 40.6366 20.3077
    endloop
  endfacet
  facet normal -0.000115516 -0.374567 0.9272
    outer loop
      vertex 4.5 27.5 15
      vertex 11.1 40.6366 20.3077
      vertex 10.8073 40.6508 20.3134
    endloop
  endfacet
  facet normal 8.51492e-05 -0.37465 0.927166
    outer loop
      vertex 4.5 27.5 15
      vertex 10.8073 40.6508 20.3134
      vertex 10.5178 40.6933 20.3306
    endloop
  endfacet
  facet normal -2.21813e-06 -0.374618 0.927179
    outer loop
      vertex 4.5 27.5 15
      vertex 8.3 43.2338 21.3571
      vertex 4.5 77 35
    endloop
  endfacet
  facet normal 0 -0.374617 0.92718
    outer loop
      vertex 11.1 40.6366 20.3077
      vertex 4.5 27.5 15
      vertex 71.5 27.5 15
    endloop
  endfacet
  facet normal 0.000163874 -0.374681 0.927154
    outer loop
      vertex 10.2348 40.7637 20.3591
      vertex 4.5 27.5 15
      vertex 10.5178 40.6933 20.3306
    endloop
  endfacet
  facet normal -0.000157827 -0.374561 0.927202
    outer loop
      vertex 9.96114 40.8611 20.3984
      vertex 4.5 27.5 15
      vertex 10.2348 40.7637 20.3591
    endloop
  endfacet
  facet normal 0.000123902 -0.37466 0.927162
    outer loop
      vertex 9.7 40.9845 20.4483
      vertex 4.5 27.5 15
      vertex 9.96114 40.8611 20.3984
    endloop
  endfacet
  facet normal -0.000118068 -0.37458 0.927195
    outer loop
      vertex 9.4542 41.1326 20.5081
      vertex 4.5 27.5 15
      vertex 9.7 40.9845 20.4483
    endloop
  endfacet
  facet normal -9.9281e-05 -0.374586 0.927192
    outer loop
      vertex 9.22643 41.3037 20.5772
      vertex 4.5 27.5 15
      vertex 9.4542 41.1326 20.5081
    endloop
  endfacet
  facet normal 0.000149968 -0.374659 0.927163
    outer loop
      vertex 9.01919 41.4959 20.6549
      vertex 4.5 27.5 15
      vertex 9.22643 41.3037 20.5772
    endloop
  endfacet
  facet normal 9.68749e-05 -0.374644 0.927169
    outer loop
      vertex 8.83475 41.7072 20.7403
      vertex 4.5 27.5 15
      vertex 9.01919 41.4959 20.6549
    endloop
  endfacet
  facet normal -8.69304e-05 -0.374596 0.927188
    outer loop
      vertex 8.67513 41.9352 20.8324
      vertex 4.5 27.5 15
      vertex 8.83475 41.7072 20.7403
    endloop
  endfacet
  facet normal 0.000189356 -0.374665 0.92716
    outer loop
      vertex 8.54207 42.1774 20.9303
      vertex 4.5 27.5 15
      vertex 8.67513 41.9352 20.8324
    endloop
  endfacet
  facet normal -0.00024436 -0.374562 0.927202
    outer loop
      vertex 8.43704 42.4312 21.0328
      vertex 4.5 27.5 15
      vertex 8.54207 42.1774 20.9303
    endloop
  endfacet
  facet normal -5.54665e-06 -0.374616 0.92718
    outer loop
      vertex 8.36119 42.6938 21.1389
      vertex 4.5 27.5 15
      vertex 8.43704 42.4312 21.0328
    endloop
  endfacet
  facet normal 0.000124443 -0.374645 0.927168
    outer loop
      vertex 8.31534 42.9623 21.2474
      vertex 4.5 27.5 15
      vertex 8.36119 42.6938 21.1389
    endloop
  endfacet
  facet normal 3.29268e-05 -0.374625 0.927176
    outer loop
      vertex 8.3 43.2338 21.3571
      vertex 4.5 27.5 15
      vertex 8.31534 42.9623 21.2474
    endloop
  endfacet
  facet normal -0.707149 0.707064 0
    outer loop
      vertex 1.15585 84.5111 0
      vertex 1.48891 84.8442 35
      vertex 1.48891 84.8442 0
    endloop
  endfacet
  facet normal -0.707149 0.707064 0
    outer loop
      vertex 1.48891 84.8442 35
      vertex 1.15585 84.5111 0
      vertex 1.15585 84.5111 35
    endloop
  endfacet
  facet normal -0.921054 -0.145889 0.361075
    outer loop
      vertex 0.0246506 31.5296 15
      vertex 0.0983353 80.5644 35
      vertex 0.0246506 81.0296 35
    endloop
  endfacet
  facet normal -0.921054 -0.145889 0.361075
    outer loop
      vertex 0.0983353 80.5644 35
      vertex 0.0246506 31.5296 15
      vertex 0.0983353 31.0644 15
    endloop
  endfacet
  facet normal -0.0524385 0.998624 0
    outer loop
      vertex 4.5 86 0
      vertex 4.02962 85.9753 35
      vertex 4.5 86 35
    endloop
  endfacet
  facet normal -0.0524385 0.998624 0
    outer loop
      vertex 4.02962 85.9753 35
      vertex 4.5 86 0
      vertex 4.02962 85.9753 0
    endloop
  endfacet
  facet normal -0.813375 -0.21793 0.539377
    outer loop
      vertex 0.0983353 31.0644 15
      vertex 0.220245 80.1094 35
      vertex 0.0983353 80.5644 35
    endloop
  endfacet
  facet normal -0.813375 -0.21793 0.539377
    outer loop
      vertex 0.220245 80.1094 35
      vertex 0.0983353 31.0644 15
      vertex 0.220245 30.6094 15
    endloop
  endfacet
  facet normal 0.454078 0.890962 -0
    outer loop
      vertex 73.75 85.3971 0
      vertex 73.3303 85.611 35
      vertex 73.75 85.3971 35
    endloop
  endfacet
  facet normal 0.454078 0.890962 0
    outer loop
      vertex 73.3303 85.611 35
      vertex 73.75 85.3971 0
      vertex 73.3303 85.611 0
    endloop
  endfacet
  facet normal -0.0591625 -0.373962 0.925555
    outer loop
      vertex 3.5644 27.5983 15
      vertex 4.02962 77.0247 35
      vertex 3.5644 77.0983 35
    endloop
  endfacet
  facet normal -0.0591625 -0.373962 0.925555
    outer loop
      vertex 4.02962 77.0247 35
      vertex 3.5644 27.5983 15
      vertex 4.02962 27.5247 15
    endloop
  endfacet
  facet normal -0.0196677 -0.374545 0.927
    outer loop
      vertex 4.02962 27.5247 15
      vertex 4.5 77 35
      vertex 4.02962 77.0247 35
    endloop
  endfacet
  facet normal -0.0196677 -0.374545 0.927
    outer loop
      vertex 4.5 77 35
      vertex 4.02962 27.5247 15
      vertex 4.5 27.5 15
    endloop
  endfacet
  facet normal 0.499705 -0.324492 0.803118
    outer loop
      vertex 75.1406 78.855 35
      vertex 75.3971 29.75 15
      vertex 75.3971 79.25 35
    endloop
  endfacet
  facet normal 0.499705 -0.324492 0.803118
    outer loop
      vertex 75.3971 29.75 15
      vertex 75.1406 78.855 35
      vertex 75.1406 29.355 15
    endloop
  endfacet
  facet normal 0 0 1
    outer loop
      vertex 75.9753 81.9704 35
      vertex 75.9753 81.0296 35
      vertex 76 81.5 35
    endloop
  endfacet
  facet normal 0 0 1
    outer loop
      vertex 75.9017 82.4356 35
      vertex 75.9753 81.0296 35
      vertex 75.9753 81.9704 35
    endloop
  endfacet
  facet normal 0 0 1
    outer loop
      vertex 75.9017 82.4356 35
      vertex 75.9017 80.5644 35
      vertex 75.9753 81.0296 35
    endloop
  endfacet
  facet normal 0 0 1
    outer loop
      vertex 75.7798 82.8906 35
      vertex 75.9017 80.5644 35
      vertex 75.9017 82.4356 35
    endloop
  endfacet
  facet normal 0 0 1
    outer loop
      vertex 75.7798 82.8906 35
      vertex 75.7798 80.1094 35
      vertex 75.9017 80.5644 35
    endloop
  endfacet
  facet normal 0 0 1
    outer loop
      vertex 75.611 83.3303 35
      vertex 75.7798 80.1094 35
      vertex 75.7798 82.8906 35
    endloop
  endfacet
  facet normal 0 0 1
    outer loop
      vertex 75.611 83.3303 35
      vertex 75.611 79.6697 35
      vertex 75.7798 80.1094 35
    endloop
  endfacet
  facet normal 0 0 1
    outer loop
      vertex 75.3971 83.75 35
      vertex 75.611 79.6697 35
      vertex 75.611 83.3303 35
    endloop
  endfacet
  facet normal 0 0 1
    outer loop
      vertex 75.3971 83.75 35
      vertex 75.3971 79.25 35
      vertex 75.611 79.6697 35
    endloop
  endfacet
  facet normal 0 0 1
    outer loop
      vertex 75.1406 84.145 35
      vertex 75.3971 79.25 35
      vertex 75.3971 83.75 35
    endloop
  endfacet
  facet normal 0 0 1
    outer loop
      vertex 75.1406 84.145 35
      vertex 75.1406 78.855 35
      vertex 75.3971 79.25 35
    endloop
  endfacet
  facet normal 0 0 1
    outer loop
      vertex 74.8442 84.5111 35
      vertex 75.1406 78.855 35
      vertex 75.1406 84.145 35
    endloop
  endfacet
  facet normal 0 0 1
    outer loop
      vertex 74.8442 84.5111 35
      vertex 74.8442 78.4889 35
      vertex 75.1406 78.855 35
    endloop
  endfacet
  facet normal 0 0 1
    outer loop
      vertex 74.5111 84.8442 35
      vertex 74.8442 78.4889 35
      vertex 74.8442 84.5111 35
    endloop
  endfacet
  facet normal 0 0 1
    outer loop
      vertex 74.5111 84.8442 35
      vertex 74.5111 78.1558 35
      vertex 74.8442 78.4889 35
    endloop
  endfacet
  facet normal 0 0 1
    outer loop
      vertex 74.145 85.1406 35
      vertex 74.5111 78.1558 35
      vertex 74.5111 84.8442 35
    endloop
  endfacet
  facet normal 0 0 1
    outer loop
      vertex 74.145 85.1406 35
      vertex 74.145 77.8594 35
      vertex 74.5111 78.1558 35
    endloop
  endfacet
  facet normal 0 0 1
    outer loop
      vertex 73.75 85.3971 35
      vertex 74.145 77.8594 35
      vertex 74.145 85.1406 35
    endloop
  endfacet
  facet normal 0 0 1
    outer loop
      vertex 73.75 85.3971 35
      vertex 73.75 77.6029 35
      vertex 74.145 77.8594 35
    endloop
  endfacet
  facet normal 0 0 1
    outer loop
      vertex 73.3303 85.611 35
      vertex 73.75 77.6029 35
      vertex 73.75 85.3971 35
    endloop
  endfacet
  facet normal 0 0 1
    outer loop
      vertex 73.3303 85.611 35
      vertex 73.3303 77.389 35
      vertex 73.75 77.6029 35
    endloop
  endfacet
  facet normal 0 0 1
    outer loop
      vertex 72.8906 85.7798 35
      vertex 73.3303 77.389 35
      vertex 73.3303 85.611 35
    endloop
  endfacet
  facet normal 0 0 1
    outer loop
      vertex 72.8906 85.7798 35
      vertex 72.8906 77.2202 35
      vertex 73.3303 77.389 35
    endloop
  endfacet
  facet normal 0 0 1
    outer loop
      vertex 72.4356 85.9017 35
      vertex 72.8906 77.2202 35
      vertex 72.8906 85.7798 35
    endloop
  endfacet
  facet normal 0 0 1
    outer loop
      vertex 72.4356 85.9017 35
      vertex 72.4356 77.0983 35
      vertex 72.8906 77.2202 35
    endloop
  endfacet
  facet normal 0 0 1
    outer loop
      vertex 71.9704 85.9753 35
      vertex 72.4356 77.0983 35
      vertex 72.4356 85.9017 35
    endloop
  endfacet
  facet normal 0 0 1
    outer loop
      vertex 71.9704 85.9753 35
      vertex 71.9704 77.0247 35
      vertex 72.4356 77.0983 35
    endloop
  endfacet
  facet normal 0 0 1
    outer loop
      vertex 71.5 86 35
      vertex 71.9704 77.0247 35
      vertex 71.9704 85.9753 35
    endloop
  endfacet
  facet normal 0 0 1
    outer loop
      vertex 71.5 86 35
      vertex 71.5 77 35
      vertex 71.9704 77.0247 35
    endloop
  endfacet
  facet normal -0 0 1
    outer loop
      vertex 4.5 86 35
      vertex 71.5 77 35
      vertex 71.5 86 35
    endloop
  endfacet
  facet normal 0 0 1
    outer loop
      vertex 4.5 86 35
      vertex 4.5 77 35
      vertex 71.5 77 35
    endloop
  endfacet
  facet normal -0 0 1
    outer loop
      vertex 4.02962 85.9753 35
      vertex 4.5 77 35
      vertex 4.5 86 35
    endloop
  endfacet
  facet normal 0 0 1
    outer loop
      vertex 4.02962 85.9753 35
      vertex 4.02962 77.0247 35
      vertex 4.5 77 35
    endloop
  endfacet
  facet normal -0 0 1
    outer loop
      vertex 3.5644 85.9017 35
      vertex 4.02962 77.0247 35
      vertex 4.02962 85.9753 35
    endloop
  endfacet
  facet normal 0 0 1
    outer loop
      vertex 3.5644 85.9017 35
      vertex 3.5644 77.0983 35
      vertex 4.02962 77.0247 35
    endloop
  endfacet
  facet normal -0 0 1
    outer loop
      vertex 3.10942 85.7798 35
      vertex 3.5644 77.0983 35
      vertex 3.5644 85.9017 35
    endloop
  endfacet
  facet normal 0 0 1
    outer loop
      vertex 3.10942 85.7798 35
      vertex 3.10942 77.2202 35
      vertex 3.5644 77.0983 35
    endloop
  endfacet
  facet normal -0 0 1
    outer loop
      vertex 2.66968 85.611 35
      vertex 3.10942 77.2202 35
      vertex 3.10942 85.7798 35
    endloop
  endfacet
  facet normal 0 0 1
    outer loop
      vertex 2.66968 85.611 35
      vertex 2.66968 77.389 35
      vertex 3.10942 77.2202 35
    endloop
  endfacet
  facet normal -0 0 1
    outer loop
      vertex 2.25 85.3971 35
      vertex 2.66968 77.389 35
      vertex 2.66968 85.611 35
    endloop
  endfacet
  facet normal 0 0 1
    outer loop
      vertex 2.25 85.3971 35
      vertex 2.25 77.6029 35
      vertex 2.66968 77.389 35
    endloop
  endfacet
  facet normal -0 0 1
    outer loop
      vertex 1.85497 85.1406 35
      vertex 2.25 77.6029 35
      vertex 2.25 85.3971 35
    endloop
  endfacet
  facet normal 0 0 1
    outer loop
      vertex 1.85497 85.1406 35
      vertex 1.85497 77.8594 35
      vertex 2.25 77.6029 35
    endloop
  endfacet
  facet normal -0 0 1
    outer loop
      vertex 1.48891 84.8442 35
      vertex 1.85497 77.8594 35
      vertex 1.85497 85.1406 35
    endloop
  endfacet
  facet normal 0 0 1
    outer loop
      vertex 1.48891 84.8442 35
      vertex 1.48891 78.1558 35
      vertex 1.85497 77.8594 35
    endloop
  endfacet
  facet normal -0 0 1
    outer loop
      vertex 1.15585 84.5111 35
      vertex 1.48891 78.1558 35
      vertex 1.48891 84.8442 35
    endloop
  endfacet
  facet normal 0 0 1
    outer loop
      vertex 1.15585 84.5111 35
      vertex 1.15585 78.4889 35
      vertex 1.48891 78.1558 35
    endloop
  endfacet
  facet normal -0 0 1
    outer loop
      vertex 0.859423 84.145 35
      vertex 1.15585 78.4889 35
      vertex 1.15585 84.5111 35
    endloop
  endfacet
  facet normal 0 0 1
    outer loop
      vertex 0.859423 84.145 35
      vertex 0.859423 78.855 35
      vertex 1.15585 78.4889 35
    endloop
  endfacet
  facet normal -0 0 1
    outer loop
      vertex 0.602885 83.75 35
      vertex 0.859423 78.855 35
      vertex 0.859423 84.145 35
    endloop
  endfacet
  facet normal 0 0 1
    outer loop
      vertex 0.602885 83.75 35
      vertex 0.602885 79.25 35
      vertex 0.859423 78.855 35
    endloop
  endfacet
  facet normal -0 0 1
    outer loop
      vertex 0.389045 83.3303 35
      vertex 0.602885 79.25 35
      vertex 0.602885 83.75 35
    endloop
  endfacet
  facet normal 0 0 1
    outer loop
      vertex 0.389045 83.3303 35
      vertex 0.389045 79.6697 35
      vertex 0.602885 79.25 35
    endloop
  endfacet
  facet normal -0 0 1
    outer loop
      vertex 0.220245 82.8906 35
      vertex 0.389045 79.6697 35
      vertex 0.389045 83.3303 35
    endloop
  endfacet
  facet normal 0 0 1
    outer loop
      vertex 0.220245 82.8906 35
      vertex 0.220245 80.1094 35
      vertex 0.389045 79.6697 35
    endloop
  endfacet
  facet normal -0 0 1
    outer loop
      vertex 0.0983353 82.4356 35
      vertex 0.220245 80.1094 35
      vertex 0.220245 82.8906 35
    endloop
  endfacet
  facet normal 0 0 1
    outer loop
      vertex 0.0983353 82.4356 35
      vertex 0.0983353 80.5644 35
      vertex 0.220245 80.1094 35
    endloop
  endfacet
  facet normal -0 0 1
    outer loop
      vertex 0.0246506 81.9704 35
      vertex 0.0983353 80.5644 35
      vertex 0.0983353 82.4356 35
    endloop
  endfacet
  facet normal 0 0 1
    outer loop
      vertex 0.0246506 81.9704 35
      vertex 0.0246506 81.0296 35
      vertex 0.0983353 80.5644 35
    endloop
  endfacet
  facet normal 0 -0 1
    outer loop
      vertex 0.0246506 81.0296 35
      vertex 0.0246506 81.9704 35
      vertex 0 81.5 35
    endloop
  endfacet
  facet normal -0.49965 -0.324504 0.803148
    outer loop
      vertex 0.602885 29.75 15
      vertex 0.859423 78.855 35
      vertex 0.602885 79.25 35
    endloop
  endfacet
  facet normal -0.49965 -0.324504 0.803148
    outer loop
      vertex 0.859423 78.855 35
      vertex 0.602885 29.75 15
      vertex 0.859423 29.355 15
    endloop
  endfacet
  facet normal -0.891013 0.453977 0
    outer loop
      vertex 0.389045 83.3303 0
      vertex 0.602885 83.75 35
      vertex 0.602885 83.75 0
    endloop
  endfacet
  facet normal -0.891013 0.453977 0
    outer loop
      vertex 0.602885 83.75 35
      vertex 0.389045 83.3303 0
      vertex 0.389045 83.3303 35
    endloop
  endfacet
  facet normal -0.698403 -0.268116 0.663586
    outer loop
      vertex 0.220245 30.6094 15
      vertex 0.389045 79.6697 35
      vertex 0.220245 80.1094 35
    endloop
  endfacet
  facet normal -0.698403 -0.268116 0.663586
    outer loop
      vertex 0.389045 79.6697 35
      vertex 0.220245 30.6094 15
      vertex 0.389045 30.1697 15
    endloop
  endfacet
  facet normal 0.544615 0.838686 -0
    outer loop
      vertex 74.145 85.1406 0
      vertex 73.75 85.3971 35
      vertex 74.145 85.1406 35
    endloop
  endfacet
  facet normal 0.544615 0.838686 0
    outer loop
      vertex 73.75 85.3971 35
      vertex 74.145 85.1406 0
      vertex 73.75 85.3971 0
    endloop
  endfacet
  facet normal -0.93357 0.358396 0
    outer loop
      vertex 0.220245 82.8906 0
      vertex 0.389045 83.3303 35
      vertex 0.389045 83.3303 0
    endloop
  endfacet
  facet normal -0.93357 0.358396 0
    outer loop
      vertex 0.389045 83.3303 35
      vertex 0.220245 82.8906 0
      vertex 0.220245 82.8906 35
    endloop
  endfacet
  facet normal 0.156268 0.987715 -0
    outer loop
      vertex 72.4356 85.9017 0
      vertex 71.9704 85.9753 35
      vertex 72.4356 85.9017 35
    endloop
  endfacet
  facet normal 0.156268 0.987715 0
    outer loop
      vertex 71.9704 85.9753 35
      vertex 72.4356 85.9017 0
      vertex 71.9704 85.9753 0
    endloop
  endfacet
  facet normal 0.0524363 0.998624 -0
    outer loop
      vertex 71.9704 85.9753 0
      vertex 71.5 86 35
      vertex 71.9704 85.9753 35
    endloop
  endfacet
  facet normal 0.0524363 0.998624 0
    outer loop
      vertex 71.5 86 35
      vertex 71.9704 85.9753 0
      vertex 71.5 86 0
    endloop
  endfacet
  facet normal 0.29024 -0.358492 0.887268
    outer loop
      vertex 74.145 77.8594 35
      vertex 74.5111 28.6558 15
      vertex 74.5111 78.1558 35
    endloop
  endfacet
  facet normal 0.29024 -0.358492 0.887268
    outer loop
      vertex 74.5111 28.6558 15
      vertex 74.145 77.8594 35
      vertex 74.145 28.3594 15
    endloop
  endfacet
  facet normal -0.358367 0.933581 0
    outer loop
      vertex 3.10942 85.7798 0
      vertex 2.66968 85.611 35
      vertex 3.10942 85.7798 35
    endloop
  endfacet
  facet normal -0.358367 0.933581 0
    outer loop
      vertex 2.66968 85.611 35
      vertex 3.10942 85.7798 0
      vertex 2.66968 85.611 0
    endloop
  endfacet
  facet normal 0.142351 -0.370803 0.917737
    outer loop
      vertex 72.8906 77.2202 35
      vertex 73.3303 27.889 15
      vertex 73.3303 77.389 35
    endloop
  endfacet
  facet normal 0.142351 -0.370803 0.917737
    outer loop
      vertex 73.3303 27.889 15
      vertex 72.8906 77.2202 35
      vertex 72.8906 27.7202 15
    endloop
  endfacet
  facet normal 0.990316 -0.052009 0.128723
    outer loop
      vertex 75.9753 47.515 21.4587
      vertex 76 32 15
      vertex 76 47.5762 21.2934
    endloop
  endfacet
  facet normal 0.990319 -0.0520002 0.128701
    outer loop
      vertex 76 32 15
      vertex 75.9753 47.515 21.4587
      vertex 75.9753 31.5296 15
    endloop
  endfacet
  facet normal 0.990319 -0.0520002 0.1287
    outer loop
      vertex 75.9753 81.0296 35
      vertex 76 63.6716 27.7966
      vertex 76 81.5 35
    endloop
  endfacet
  facet normal 0.990315 -0.0520112 0.128727
    outer loop
      vertex 76 63.6716 27.7966
      vertex 75.9753 81.0296 35
      vertex 75.9753 58.0271 25.706
    endloop
  endfacet
  facet normal 0.358396 0.93357 -0
    outer loop
      vertex 73.3303 85.611 0
      vertex 72.8906 85.7798 35
      vertex 73.3303 85.611 35
    endloop
  endfacet
  facet normal 0.358396 0.93357 0
    outer loop
      vertex 72.8906 85.7798 35
      vertex 73.3303 85.611 0
      vertex 72.8906 85.7798 0
    endloop
  endfacet
  facet normal -0.350847 -0.350805 0.868241
    outer loop
      vertex 1.15585 28.9889 15
      vertex 1.48891 78.1558 35
      vertex 1.15585 78.4889 35
    endloop
  endfacet
  facet normal -0.350847 -0.350805 0.868241
    outer loop
      vertex 1.48891 78.1558 35
      vertex 1.15585 28.9889 15
      vertex 1.48891 28.6558 15
    endloop
  endfacet
  facet normal -0.419904 -0.339991 0.841479
    outer loop
      vertex 0.859423 29.355 15
      vertex 1.15585 78.4889 35
      vertex 0.859423 78.855 35
    endloop
  endfacet
  facet normal -0.419904 -0.339991 0.841479
    outer loop
      vertex 1.15585 78.4889 35
      vertex 0.859423 29.355 15
      vertex 1.15585 28.9889 15
    endloop
  endfacet
  facet normal 0.629241 0.77721 -0
    outer loop
      vertex 74.5111 84.8442 0
      vertex 74.145 85.1406 35
      vertex 74.5111 84.8442 35
    endloop
  endfacet
  facet normal 0.629241 0.77721 0
    outer loop
      vertex 74.145 85.1406 35
      vertex 74.5111 84.8442 0
      vertex 74.145 85.1406 0
    endloop
  endfacet
  facet normal 0.890962 0.454078 0
    outer loop
      vertex 75.611 83.3303 35
      vertex 75.3971 83.75 0
      vertex 75.3971 83.75 35
    endloop
  endfacet
  facet normal 0.890962 0.454078 0
    outer loop
      vertex 75.3971 83.75 0
      vertex 75.611 83.3303 35
      vertex 75.611 83.3303 0
    endloop
  endfacet
  facet normal 0.707107 0.707107 0
    outer loop
      vertex 74.8442 84.5111 35
      vertex 74.5111 84.8442 0
      vertex 74.5111 84.8442 35
    endloop
  endfacet
  facet normal 0.707107 0.707107 0
    outer loop
      vertex 74.5111 84.8442 0
      vertex 74.8442 84.5111 35
      vertex 74.8442 84.5111 0
    endloop
  endfacet
  facet normal 0.258786 0.965935 -0
    outer loop
      vertex 72.8906 85.7798 0
      vertex 72.4356 85.9017 35
      vertex 72.8906 85.7798 35
    endloop
  endfacet
  facet normal 0.258786 0.965935 0
    outer loop
      vertex 72.4356 85.9017 35
      vertex 72.8906 85.7798 0
      vertex 72.4356 85.9017 0
    endloop
  endfacet
  facet normal 0.698403 -0.268116 0.663586
    outer loop
      vertex 75.611 79.6697 35
      vertex 75.7798 30.6094 15
      vertex 75.7798 80.1094 35
    endloop
  endfacet
  facet normal 0.698403 -0.268116 0.663586
    outer loop
      vertex 75.7798 30.6094 15
      vertex 75.611 79.6697 35
      vertex 75.611 30.1697 15
    endloop
  endfacet
  facet normal -0.838649 0.544672 0
    outer loop
      vertex 0.602885 83.75 0
      vertex 0.859423 84.145 35
      vertex 0.859423 84.145 0
    endloop
  endfacet
  facet normal -0.838649 0.544672 0
    outer loop
      vertex 0.859423 84.145 35
      vertex 0.602885 83.75 0
      vertex 0.602885 83.75 35
    endloop
  endfacet
  facet normal -0.99863 0.0523317 0
    outer loop
      vertex 0 81.5 0
      vertex 0.0246506 81.9704 35
      vertex 0.0246506 81.9704 0
    endloop
  endfacet
  facet normal -0.99863 0.0523317 0
    outer loop
      vertex 0.0246506 81.9704 35
      vertex 0 81.5 0
      vertex 0 81.5 35
    endloop
  endfacet
  facet normal -0.290269 -0.358489 0.88726
    outer loop
      vertex 1.48891 28.6558 15
      vertex 1.85497 77.8594 35
      vertex 1.48891 78.1558 35
    endloop
  endfacet
  facet normal -0.290269 -0.358489 0.88726
    outer loop
      vertex 1.85497 77.8594 35
      vertex 1.48891 28.6558 15
      vertex 1.85497 28.3594 15
    endloop
  endfacet
  facet normal -0.629283 0.777177 0
    outer loop
      vertex 1.85497 85.1406 0
      vertex 1.48891 84.8442 35
      vertex 1.85497 85.1406 35
    endloop
  endfacet
  facet normal -0.629283 0.777177 0
    outer loop
      vertex 1.48891 84.8442 35
      vertex 1.85497 85.1406 0
      vertex 1.48891 84.8442 0
    endloop
  endfacet
  facet normal -0.187545 -0.367971 0.910727
    outer loop
      vertex 2.25 28.1029 15
      vertex 2.66968 77.389 35
      vertex 2.25 77.6029 35
    endloop
  endfacet
  facet normal -0.187545 -0.367971 0.910727
    outer loop
      vertex 2.66968 77.389 35
      vertex 2.25 28.1029 15
      vertex 2.66968 27.889 15
    endloop
  endfacet
  facet normal 0.838686 0.544615 0
    outer loop
      vertex 75.3971 83.75 35
      vertex 75.1406 84.145 0
      vertex 75.1406 84.145 35
    endloop
  endfacet
  facet normal 0.838686 0.544615 0
    outer loop
      vertex 75.1406 84.145 0
      vertex 75.3971 83.75 35
      vertex 75.3971 83.75 0
    endloop
  endfacet
  facet normal -0.236354 -0.364004 0.900909
    outer loop
      vertex 1.85497 28.3594 15
      vertex 2.25 77.6029 35
      vertex 1.85497 77.8594 35
    endloop
  endfacet
  facet normal -0.236354 -0.364004 0.900909
    outer loop
      vertex 2.25 77.6029 35
      vertex 1.85497 28.3594 15
      vertex 2.25 28.1029 15
    endloop
  endfacet
  facet normal 0.059165 -0.373962 0.925555
    outer loop
      vertex 71.9704 77.0247 35
      vertex 72.4356 27.5983 15
      vertex 72.4356 77.0983 35
    endloop
  endfacet
  facet normal 0.059165 -0.373962 0.925555
    outer loop
      vertex 72.4356 27.5983 15
      vertex 71.9704 77.0247 35
      vertex 71.9704 27.5247 15
    endloop
  endfacet
  facet normal -0.59237 -0.301817 0.746997
    outer loop
      vertex 0.389045 30.1697 15
      vertex 0.602885 79.25 35
      vertex 0.389045 79.6697 35
    endloop
  endfacet
  facet normal -0.59237 -0.301817 0.746997
    outer loop
      vertex 0.602885 79.25 35
      vertex 0.389045 30.1697 15
      vertex 0.602885 29.75 15
    endloop
  endfacet
  facet normal 0.965935 0.258786 0
    outer loop
      vertex 75.9017 82.4356 35
      vertex 75.7798 82.8906 0
      vertex 75.7798 82.8906 35
    endloop
  endfacet
  facet normal 0.965935 0.258786 0
    outer loop
      vertex 75.7798 82.8906 0
      vertex 75.9017 82.4356 35
      vertex 75.9017 82.4356 0
    endloop
  endfacet
  facet normal -0.987687 0.156443 0
    outer loop
      vertex 0.0246506 81.9704 0
      vertex 0.0983353 82.4356 35
      vertex 0.0983353 82.4356 0
    endloop
  endfacet
  facet normal -0.987687 0.156443 0
    outer loop
      vertex 0.0983353 82.4356 35
      vertex 0.0246506 81.9704 0
      vertex 0.0246506 81.9704 35
    endloop
  endfacet
  facet normal -0.258796 0.965932 0
    outer loop
      vertex 3.5644 85.9017 0
      vertex 3.10942 85.7798 35
      vertex 3.5644 85.9017 35
    endloop
  endfacet
  facet normal -0.258796 0.965932 0
    outer loop
      vertex 3.10942 85.7798 35
      vertex 3.5644 85.9017 0
      vertex 3.10942 85.7798 0
    endloop
  endfacet
  facet normal 0.77721 0.629241 0
    outer loop
      vertex 75.1406 84.145 35
      vertex 74.8442 84.5111 0
      vertex 74.8442 84.5111 35
    endloop
  endfacet
  facet normal 0.77721 0.629241 0
    outer loop
      vertex 74.8442 84.5111 0
      vertex 75.1406 84.145 35
      vertex 75.1406 84.145 0
    endloop
  endfacet
  facet normal 0.35081 -0.35081 0.868254
    outer loop
      vertex 74.5111 78.1558 35
      vertex 74.8442 28.9889 15
      vertex 74.8442 78.4889 35
    endloop
  endfacet
  facet normal 0.35081 -0.35081 0.868254
    outer loop
      vertex 74.8442 28.9889 15
      vertex 74.5111 78.1558 35
      vertex 74.5111 28.6558 15
    endloop
  endfacet
  facet normal -0.142338 -0.370804 0.917739
    outer loop
      vertex 2.66968 27.889 15
      vertex 3.10942 77.2202 35
      vertex 2.66968 77.389 35
    endloop
  endfacet
  facet normal -0.142338 -0.370804 0.917739
    outer loop
      vertex 3.10942 77.2202 35
      vertex 2.66968 27.889 15
      vertex 3.10942 27.7202 15
    endloop
  endfacet
  facet normal 0.236371 -0.364002 0.900906
    outer loop
      vertex 73.75 77.6029 35
      vertex 74.145 28.3594 15
      vertex 74.145 77.8594 35
    endloop
  endfacet
  facet normal 0.236371 -0.364002 0.900906
    outer loop
      vertex 74.145 28.3594 15
      vertex 73.75 77.6029 35
      vertex 73.75 28.1029 15
    endloop
  endfacet
  facet normal -0.990357 -0.0518982 0.128448
    outer loop
      vertex 0 32 15
      vertex 0.0246506 81.0296 35
      vertex 0 81.5 35
    endloop
  endfacet
  facet normal -0.990357 -0.0518982 0.128448
    outer loop
      vertex 0.0246506 81.0296 35
      vertex 0 32 15
      vertex 0.0246506 31.5296 15
    endloop
  endfacet
  facet normal 0.998624 0.0524363 0
    outer loop
      vertex 76 81.5 35
      vertex 75.9753 81.9704 0
      vertex 75.9753 81.9704 35
    endloop
  endfacet
  facet normal 0.998624 0.0524363 0
    outer loop
      vertex 75.9753 81.9704 0
      vertex 76 81.5 35
      vertex 76 81.5 0
    endloop
  endfacet
  facet normal -0.0998673 -0.372745 0.922544
    outer loop
      vertex 3.10942 27.7202 15
      vertex 3.5644 77.0983 35
      vertex 3.10942 77.2202 35
    endloop
  endfacet
  facet normal -0.0998673 -0.372745 0.922544
    outer loop
      vertex 3.5644 77.0983 35
      vertex 3.10942 27.7202 15
      vertex 3.5644 27.5983 15
    endloop
  endfacet
  facet normal 0.419935 -0.339986 0.841465
    outer loop
      vertex 74.8442 78.4889 35
      vertex 75.1406 29.355 15
      vertex 75.1406 78.855 35
    endloop
  endfacet
  facet normal 0.419935 -0.339986 0.841465
    outer loop
      vertex 75.1406 29.355 15
      vertex 74.8442 78.4889 35
      vertex 74.8442 28.9889 15
    endloop
  endfacet
  facet normal -0.96593 0.258805 0
    outer loop
      vertex 0.0983353 82.4356 0
      vertex 0.220245 82.8906 35
      vertex 0.220245 82.8906 0
    endloop
  endfacet
  facet normal -0.96593 0.258805 0
    outer loop
      vertex 0.220245 82.8906 35
      vertex 0.0983353 82.4356 0
      vertex 0.0983353 82.4356 35
    endloop
  endfacet
  facet normal 0.987715 0.156268 0
    outer loop
      vertex 75.9753 81.9704 35
      vertex 75.9017 82.4356 0
      vertex 75.9017 82.4356 35
    endloop
  endfacet
  facet normal 0.987715 0.156268 0
    outer loop
      vertex 75.9017 82.4356 0
      vertex 75.9753 81.9704 35
      vertex 75.9753 81.9704 0
    endloop
  endfacet
  facet normal -0.544586 0.838705 0
    outer loop
      vertex 2.25 85.3971 0
      vertex 1.85497 85.1406 35
      vertex 2.25 85.3971 35
    endloop
  endfacet
  facet normal -0.544586 0.838705 0
    outer loop
      vertex 1.85497 85.1406 35
      vertex 2.25 85.3971 0
      vertex 1.85497 85.1406 0
    endloop
  endfacet
  facet normal 0.592263 -0.301846 0.74707
    outer loop
      vertex 75.3971 79.25 35
      vertex 75.611 30.1697 15
      vertex 75.611 79.6697 35
    endloop
  endfacet
  facet normal 0.592263 -0.301846 0.74707
    outer loop
      vertex 75.611 30.1697 15
      vertex 75.3971 79.25 35
      vertex 75.3971 29.75 15
    endloop
  endfacet
  facet normal 0.099863 -0.372745 0.922545
    outer loop
      vertex 72.4356 77.0983 35
      vertex 72.8906 27.7202 15
      vertex 72.8906 77.2202 35
    endloop
  endfacet
  facet normal 0.099863 -0.372745 0.922545
    outer loop
      vertex 72.8906 27.7202 15
      vertex 72.4356 77.0983 35
      vertex 72.4356 27.5983 15
    endloop
  endfacet
  facet normal 0.813396 -0.217919 0.53935
    outer loop
      vertex 75.7798 80.1094 35
      vertex 75.9017 52.4444 23.6384
      vertex 75.9017 80.5644 35
    endloop
  endfacet
  facet normal 0.813255 -0.217994 0.539531
    outer loop
      vertex 75.7798 80.1094 35
      vertex 75.789 47.3997 21.77
      vertex 75.9017 52.4444 23.6384
    endloop
  endfacet
  facet normal 0.813394 -0.217918 0.539354
    outer loop
      vertex 75.789 47.3997 21.77
      vertex 75.7798 30.6094 15
      vertex 75.9017 31.0644 15
    endloop
  endfacet
  facet normal 0.815073 -0.217038 0.537169
    outer loop
      vertex 75.7798 30.6094 15
      vertex 75.789 47.3997 21.77
      vertex 75.7798 80.1094 35
    endloop
  endfacet
  facet normal 0.813295 -0.217971 0.539481
    outer loop
      vertex 75.9017 47.4544 21.6222
      vertex 75.789 47.3997 21.77
      vertex 75.9017 31.0644 15
    endloop
  endfacet
  facet normal 0.921216 -0.145747 0.360721
    outer loop
      vertex 75.9017 80.5644 35
      vertex 75.9753 58.0271 25.706
      vertex 75.9753 81.0296 35
    endloop
  endfacet
  facet normal 0.921269 -0.145698 0.360604
    outer loop
      vertex 75.9753 58.0271 25.706
      vertex 75.9017 80.5644 35
      vertex 75.9017 52.4444 23.6384
    endloop
  endfacet
  facet normal 0.921233 -0.145729 0.360683
    outer loop
      vertex 75.9017 47.4544 21.6222
      vertex 75.9753 31.5296 15
      vertex 75.9753 47.515 21.4587
    endloop
  endfacet
  facet normal 0.921214 -0.145747 0.360724
    outer loop
      vertex 75.9753 31.5296 15
      vertex 75.9017 47.4544 21.6222
      vertex 75.9017 31.0644 15
    endloop
  endfacet
  facet normal -0.156261 0.987716 0
    outer loop
      vertex 4.02962 85.9753 0
      vertex 3.5644 85.9017 35
      vertex 4.02962 85.9753 35
    endloop
  endfacet
  facet normal -0.156261 0.987716 0
    outer loop
      vertex 3.5644 85.9017 35
      vertex 4.02962 85.9753 0
      vertex 3.5644 85.9017 0
    endloop
  endfacet
  facet normal -0.777182 0.629276 0
    outer loop
      vertex 0.859423 84.145 0
      vertex 1.15585 84.5111 35
      vertex 1.15585 84.5111 0
    endloop
  endfacet
  facet normal -0.777182 0.629276 0
    outer loop
      vertex 1.15585 84.5111 35
      vertex 0.859423 84.145 0
      vertex 0.859423 84.145 35
    endloop
  endfacet
  facet normal 0.187536 -0.367971 0.910729
    outer loop
      vertex 73.3303 77.389 35
      vertex 73.75 28.1029 15
      vertex 73.75 77.6029 35
    endloop
  endfacet
  facet normal 0.187536 -0.367971 0.910729
    outer loop
      vertex 73.75 28.1029 15
      vertex 73.3303 77.389 35
      vertex 73.3303 27.889 15
    endloop
  endfacet
  facet normal 0.93357 0.358396 0
    outer loop
      vertex 75.7798 82.8906 35
      vertex 75.611 83.3303 0
      vertex 75.611 83.3303 35
    endloop
  endfacet
  facet normal 0.93357 0.358396 0
    outer loop
      vertex 75.611 83.3303 0
      vertex 75.7798 82.8906 35
      vertex 75.7798 82.8906 0
    endloop
  endfacet
  facet normal -0.933581 0.358367 0
    outer loop
      vertex 73.6055 3.53484 0
      vertex 73.6899 3.75471 11.2
      vertex 73.6899 3.75471 0
    endloop
  endfacet
  facet normal -0.933581 0.358367 0
    outer loop
      vertex 73.6899 3.75471 11.2
      vertex 73.6055 3.53484 0
      vertex 73.6055 3.53484 11.2
    endloop
  endfacet
  facet normal -1 0 0
    outer loop
      vertex 73.8 70 4
      vertex 73.8 76.5046 12.2883
      vertex 73.8 80 4
    endloop
  endfacet
  facet normal -1 0 0
    outer loop
      vertex 73.8 76.5046 12.2883
      vertex 73.8 70 4
      vertex 73.8 53.9987 3.95275
    endloop
  endfacet
  facet normal -1 0 0
    outer loop
      vertex 73.8 80 4
      vertex 73.8 81.55 0
      vertex 73.8 80 2.6
    endloop
  endfacet
  facet normal -1 0 0
    outer loop
      vertex 73.8 81.55 0
      vertex 73.8 70 2.6
      vertex 73.8 80 2.6
    endloop
  endfacet
  facet normal -1 0 0
    outer loop
      vertex 73.8 70 2.6
      vertex 73.8 53.9987 3.95275
      vertex 73.8 70 4
    endloop
  endfacet
  facet normal -1 0 0
    outer loop
      vertex 73.8 81.55 0
      vertex 73.8 53.9987 3.95275
      vertex 73.8 70 2.6
    endloop
  endfacet
  facet normal -1 0 0
    outer loop
      vertex 73.8 53.9987 3.95275
      vertex 73.8 32 11.2
      vertex 73.8 48.8026 17.9821
    endloop
  endfacet
  facet normal -1 -0 0
    outer loop
      vertex 73.8 53.9987 3.95275
      vertex 73.8 22 2.6
      vertex 73.8 32 11.2
    endloop
  endfacet
  facet normal -1 0 0
    outer loop
      vertex 73.8 81.55 0
      vertex 73.8 22 2.6
      vertex 73.8 53.9987 3.95275
    endloop
  endfacet
  facet normal -1 0 0
    outer loop
      vertex 73.8 4.45 0
      vertex 73.8 22 2.6
      vertex 73.8 81.55 0
    endloop
  endfacet
  facet normal -1 -0 0
    outer loop
      vertex 73.8 12 2.6
      vertex 73.8 4.45 0
      vertex 73.8 12 4
    endloop
  endfacet
  facet normal -1 -0 0
    outer loop
      vertex 73.8 22 2.6
      vertex 73.8 4.45 0
      vertex 73.8 12 2.6
    endloop
  endfacet
  facet normal -1 0 0
    outer loop
      vertex 73.8 81.55 0
      vertex 73.8 80 4
      vertex 73.8 81.55 31.2
    endloop
  endfacet
  facet normal -1 0 0
    outer loop
      vertex 73.8 76.5046 12.2883
      vertex 73.8 81.55 31.2
      vertex 73.8 80 4
    endloop
  endfacet
  facet normal -1 0 0
    outer loop
      vertex 73.8 81.55 31.2
      vertex 73.8 76.5046 12.2883
      vertex 73.8 71.0674 26.9689
    endloop
  endfacet
  facet normal -1 0 0
    outer loop
      vertex 73.8 22 4
      vertex 73.8 32 11.2
      vertex 73.8 22 2.6
    endloop
  endfacet
  facet normal -1 0 0
    outer loop
      vertex 73.8 4.45 11.2
      vertex 73.8 22 4
      vertex 73.8 12 4
    endloop
  endfacet
  facet normal -1 0 0
    outer loop
      vertex 73.8 22 4
      vertex 73.8 4.45 11.2
      vertex 73.8 32 11.2
    endloop
  endfacet
  facet normal -1 0 0
    outer loop
      vertex 73.8 4.45 11.2
      vertex 73.8 12 4
      vertex 73.8 4.45 0
    endloop
  endfacet
  facet normal 0 1 0
    outer loop
      vertex 71.55 2.2 11.2
      vertex 43 2.2 4
      vertex 4.45 2.2 11.2
    endloop
  endfacet
  facet normal 0 1 -0
    outer loop
      vertex 71.55 2.2 0
      vertex 43 2.2 4
      vertex 71.55 2.2 11.2
    endloop
  endfacet
  facet normal 0 1 0
    outer loop
      vertex 43 2.2 2.6
      vertex 71.55 2.2 0
      vertex 33 2.2 2.6
    endloop
  endfacet
  facet normal 0 1 0
    outer loop
      vertex 43 2.2 4
      vertex 71.55 2.2 0
      vertex 43 2.2 2.6
    endloop
  endfacet
  facet normal 0 1 -0
    outer loop
      vertex 33 2.2 4
      vertex 4.45 2.2 11.2
      vertex 43 2.2 4
    endloop
  endfacet
  facet normal 0 1 0
    outer loop
      vertex 4.45 2.2 0
      vertex 33 2.2 4
      vertex 33 2.2 2.6
    endloop
  endfacet
  facet normal 0 1 0
    outer loop
      vertex 33 2.2 4
      vertex 4.45 2.2 0
      vertex 4.45 2.2 11.2
    endloop
  endfacet
  facet normal 0 1 0
    outer loop
      vertex 4.45 2.2 0
      vertex 33 2.2 2.6
      vertex 71.55 2.2 0
    endloop
  endfacet
  facet normal -0.77716 0.629303 0
    outer loop
      vertex 73.2221 2.94446 0
      vertex 73.3703 3.12748 11.2
      vertex 73.3703 3.12748 0
    endloop
  endfacet
  facet normal -0.77716 0.629303 0
    outer loop
      vertex 73.3703 3.12748 11.2
      vertex 73.2221 2.94446 0
      vertex 73.2221 2.94446 11.2
    endloop
  endfacet
  facet normal 0.629329 0.777139 -0
    outer loop
      vertex 3.12748 2.62971 0
      vertex 2.94446 2.77792 11.2
      vertex 3.12748 2.62971 11.2
    endloop
  endfacet
  facet normal 0.629329 0.777139 0
    outer loop
      vertex 2.94446 2.77792 11.2
      vertex 3.12748 2.62971 0
      vertex 2.94446 2.77792 0
    endloop
  endfacet
  facet normal -0.0523516 0.998629 0
    outer loop
      vertex 71.7852 2.21233 0
      vertex 71.55 2.2 11.2
      vertex 71.7852 2.21233 11.2
    endloop
  endfacet
  facet normal -0.0523516 0.998629 0
    outer loop
      vertex 71.55 2.2 11.2
      vertex 71.7852 2.21233 0
      vertex 71.55 2.2 0
    endloop
  endfacet
  facet normal 1 -0 0
    outer loop
      vertex 2.2 4.45 11.2
      vertex 2.2 22 4
      vertex 2.2 32 11.2
    endloop
  endfacet
  facet normal 1 0 0
    outer loop
      vertex 2.2 4.45 0
      vertex 2.2 12 4
      vertex 2.2 4.45 11.2
    endloop
  endfacet
  facet normal 1 0 0
    outer loop
      vertex 2.2 22 4
      vertex 2.2 4.45 11.2
      vertex 2.2 12 4
    endloop
  endfacet
  facet normal 1 0 0
    outer loop
      vertex 2.2 81.55 31.2
      vertex 2.2 80 4
      vertex 2.2 81.55 0
    endloop
  endfacet
  facet normal 1 0 0
    outer loop
      vertex 2.2 81.55 31.2
      vertex 2.2 70 4
      vertex 2.2 80 4
    endloop
  endfacet
  facet normal 1 0 0
    outer loop
      vertex 2.2 70 4
      vertex 2.2 32 11.2
      vertex 2.2 70 2.6
    endloop
  endfacet
  facet normal 1 -0 0
    outer loop
      vertex 2.2 32 11.2
      vertex 2.2 70 4
      vertex 2.2 81.55 31.2
    endloop
  endfacet
  facet normal 1 -0 0
    outer loop
      vertex 2.2 80 2.6
      vertex 2.2 81.55 0
      vertex 2.2 80 4
    endloop
  endfacet
  facet normal 1 -0 0
    outer loop
      vertex 2.2 70 2.6
      vertex 2.2 81.55 0
      vertex 2.2 80 2.6
    endloop
  endfacet
  facet normal 1 0 0
    outer loop
      vertex 2.2 22 2.6
      vertex 2.2 32 11.2
      vertex 2.2 22 4
    endloop
  endfacet
  facet normal 1 0 0
    outer loop
      vertex 2.2 32 11.2
      vertex 2.2 22 2.6
      vertex 2.2 70 2.6
    endloop
  endfacet
  facet normal 1 0 0
    outer loop
      vertex 2.2 70 2.6
      vertex 2.2 22 2.6
      vertex 2.2 81.55 0
    endloop
  endfacet
  facet normal 1 0 0
    outer loop
      vertex 2.2 4.45 0
      vertex 2.2 22 2.6
      vertex 2.2 12 2.6
    endloop
  endfacet
  facet normal 1 0 0
    outer loop
      vertex 2.2 22 2.6
      vertex 2.2 4.45 0
      vertex 2.2 81.55 0
    endloop
  endfacet
  facet normal 1 0 0
    outer loop
      vertex 2.2 12 4
      vertex 2.2 4.45 0
      vertex 2.2 12 2.6
    endloop
  endfacet
  facet normal -0.891039 0.453927 0
    outer loop
      vertex 73.4986 3.325 0
      vertex 73.6055 3.53484 11.2
      vertex 73.6055 3.53484 0
    endloop
  endfacet
  facet normal -0.891039 0.453927 0
    outer loop
      vertex 73.6055 3.53484 11.2
      vertex 73.4986 3.325 0
      vertex 73.4986 3.325 11.2
    endloop
  endfacet
  facet normal 0.358367 0.933581 -0
    outer loop
      vertex 3.75471 2.31012 0
      vertex 3.53484 2.39452 11.2
      vertex 3.75471 2.31012 11.2
    endloop
  endfacet
  facet normal 0.358367 0.933581 0
    outer loop
      vertex 3.53484 2.39452 11.2
      vertex 3.75471 2.31012 0
      vertex 3.53484 2.39452 0
    endloop
  endfacet
  facet normal 0.453994 0.891004 -0
    outer loop
      vertex 3.53484 2.39452 0
      vertex 3.325 2.50144 11.2
      vertex 3.53484 2.39452 11.2
    endloop
  endfacet
  facet normal 0.453994 0.891004 0
    outer loop
      vertex 3.325 2.50144 11.2
      vertex 3.53484 2.39452 0
      vertex 3.325 2.50144 0
    endloop
  endfacet
  facet normal 0.258796 0.965932 -0
    outer loop
      vertex 3.9822 2.24917 0
      vertex 3.75471 2.31012 11.2
      vertex 3.9822 2.24917 11.2
    endloop
  endfacet
  facet normal 0.258796 0.965932 0
    outer loop
      vertex 3.75471 2.31012 11.2
      vertex 3.9822 2.24917 0
      vertex 3.75471 2.31012 0
    endloop
  endfacet
  facet normal -0.706979 0.707234 0
    outer loop
      vertex 73.2221 2.94446 0
      vertex 73.0555 2.77792 11.2
      vertex 73.2221 2.94446 11.2
    endloop
  endfacet
  facet normal -0.706979 0.707234 0
    outer loop
      vertex 73.0555 2.77792 11.2
      vertex 73.2221 2.94446 0
      vertex 73.0555 2.77792 0
    endloop
  endfacet
  facet normal -0.358325 0.933597 0
    outer loop
      vertex 72.4652 2.39452 0
      vertex 72.2453 2.31012 11.2
      vertex 72.4652 2.39452 11.2
    endloop
  endfacet
  facet normal -0.358325 0.933597 0
    outer loop
      vertex 72.2453 2.31012 11.2
      vertex 72.4652 2.39452 0
      vertex 72.2453 2.31012 0
    endloop
  endfacet
  facet normal 0.998629 0.0523538 0
    outer loop
      vertex 2.21233 4.21481 11.2
      vertex 2.2 4.45 0
      vertex 2.2 4.45 11.2
    endloop
  endfacet
  facet normal 0.998629 0.0523538 0
    outer loop
      vertex 2.2 4.45 0
      vertex 2.21233 4.21481 11.2
      vertex 2.21233 4.21481 0
    endloop
  endfacet
  facet normal -0.62937 0.777105 0
    outer loop
      vertex 73.0555 2.77792 0
      vertex 72.8725 2.62971 11.2
      vertex 73.0555 2.77792 11.2
    endloop
  endfacet
  facet normal -0.62937 0.777105 0
    outer loop
      vertex 72.8725 2.62971 11.2
      vertex 73.0555 2.77792 0
      vertex 72.8725 2.62971 0
    endloop
  endfacet
  facet normal -0.998635 0.0522268 0
    outer loop
      vertex 73.7877 4.21481 0
      vertex 73.8 4.45 11.2
      vertex 73.8 4.45 0
    endloop
  endfacet
  facet normal -0.998635 0.0522268 0
    outer loop
      vertex 73.8 4.45 11.2
      vertex 73.7877 4.21481 0
      vertex 73.7877 4.21481 11.2
    endloop
  endfacet
  facet normal -0.454063 0.890969 0
    outer loop
      vertex 72.675 2.50144 0
      vertex 72.4652 2.39452 11.2
      vertex 72.675 2.50144 11.2
    endloop
  endfacet
  facet normal -0.454063 0.890969 0
    outer loop
      vertex 72.4652 2.39452 11.2
      vertex 72.675 2.50144 0
      vertex 72.4652 2.39452 0
    endloop
  endfacet
  facet normal -0.544675 0.838647 0
    outer loop
      vertex 72.8725 2.62971 0
      vertex 72.675 2.50144 11.2
      vertex 72.8725 2.62971 11.2
    endloop
  endfacet
  facet normal -0.544675 0.838647 0
    outer loop
      vertex 72.675 2.50144 11.2
      vertex 72.8725 2.62971 0
      vertex 72.675 2.50144 0
    endloop
  endfacet
  facet normal 0.544636 0.838672 -0
    outer loop
      vertex 3.325 2.50144 0
      vertex 3.12748 2.62971 11.2
      vertex 3.325 2.50144 11.2
    endloop
  endfacet
  facet normal 0.544636 0.838672 0
    outer loop
      vertex 3.12748 2.62971 11.2
      vertex 3.325 2.50144 0
      vertex 3.12748 2.62971 0
    endloop
  endfacet
  facet normal -0.258786 0.965935 0
    outer loop
      vertex 72.2453 2.31012 0
      vertex 72.0178 2.24917 11.2
      vertex 72.2453 2.31012 11.2
    endloop
  endfacet
  facet normal -0.258786 0.965935 0
    outer loop
      vertex 72.0178 2.24917 11.2
      vertex 72.2453 2.31012 0
      vertex 72.0178 2.24917 0
    endloop
  endfacet
  facet normal -0.156434 0.987688 0
    outer loop
      vertex 72.0178 2.24917 0
      vertex 71.7852 2.21233 11.2
      vertex 72.0178 2.24917 11.2
    endloop
  endfacet
  facet normal -0.156434 0.987688 0
    outer loop
      vertex 71.7852 2.21233 11.2
      vertex 72.0178 2.24917 0
      vertex 71.7852 2.21233 0
    endloop
  endfacet
  facet normal 0.891004 0.453994 0
    outer loop
      vertex 2.50144 3.325 11.2
      vertex 2.39452 3.53484 0
      vertex 2.39452 3.53484 11.2
    endloop
  endfacet
  facet normal 0.891004 0.453994 0
    outer loop
      vertex 2.39452 3.53484 0
      vertex 2.50144 3.325 11.2
      vertex 2.50144 3.325 0
    endloop
  endfacet
  facet normal 0.838672 0.544636 0
    outer loop
      vertex 2.62971 3.12748 11.2
      vertex 2.50144 3.325 0
      vertex 2.50144 3.325 11.2
    endloop
  endfacet
  facet normal 0.838672 0.544636 0
    outer loop
      vertex 2.50144 3.325 0
      vertex 2.62971 3.12748 11.2
      vertex 2.62971 3.12748 0
    endloop
  endfacet
  facet normal 0.777139 0.629329 0
    outer loop
      vertex 2.77792 2.94446 11.2
      vertex 2.62971 3.12748 0
      vertex 2.62971 3.12748 11.2
    endloop
  endfacet
  facet normal 0.777139 0.629329 0
    outer loop
      vertex 2.62971 3.12748 0
      vertex 2.77792 2.94446 11.2
      vertex 2.77792 2.94446 0
    endloop
  endfacet
  facet normal 0.707107 0.707107 0
    outer loop
      vertex 2.94446 2.77792 11.2
      vertex 2.77792 2.94446 0
      vertex 2.77792 2.94446 11.2
    endloop
  endfacet
  facet normal 0.707107 0.707107 0
    outer loop
      vertex 2.77792 2.94446 0
      vertex 2.94446 2.77792 11.2
      vertex 2.94446 2.77792 0
    endloop
  endfacet
  facet normal 0.0523538 0.998629 -0
    outer loop
      vertex 4.45 2.2 0
      vertex 4.21481 2.21233 11.2
      vertex 4.45 2.2 11.2
    endloop
  endfacet
  facet normal 0.0523538 0.998629 0
    outer loop
      vertex 4.21481 2.21233 11.2
      vertex 4.45 2.2 0
      vertex 4.21481 2.21233 0
    endloop
  endfacet
  facet normal 0.156427 0.98769 -0
    outer loop
      vertex 4.21481 2.21233 0
      vertex 3.9822 2.24917 11.2
      vertex 4.21481 2.21233 11.2
    endloop
  endfacet
  facet normal 0.156427 0.98769 0
    outer loop
      vertex 3.9822 2.24917 11.2
      vertex 4.21481 2.21233 0
      vertex 3.9822 2.24917 0
    endloop
  endfacet
  facet normal -0.965985 0.258598 0
    outer loop
      vertex 73.6899 3.75471 0
      vertex 73.7508 3.9822 11.2
      vertex 73.7508 3.9822 0
    endloop
  endfacet
  facet normal -0.965985 0.258598 0
    outer loop
      vertex 73.7508 3.9822 11.2
      vertex 73.6899 3.75471 0
      vertex 73.6899 3.75471 11.2
    endloop
  endfacet
  facet normal 0 0 -1
    outer loop
      vertex 71.55 2.2 11.2
      vertex 73.8 4.45 11.2
      vertex 73.7877 4.21481 11.2
    endloop
  endfacet
  facet normal 0 0 -1
    outer loop
      vertex 73.8 4.45 11.2
      vertex 73.7877 31.7648 11.2
      vertex 73.8 32 11.2
    endloop
  endfacet
  facet normal 0 0 -1
    outer loop
      vertex 71.55 2.2 11.2
      vertex 73.7877 4.21481 11.2
      vertex 73.7508 3.9822 11.2
    endloop
  endfacet
  facet normal 0 0 -1
    outer loop
      vertex 73.8 4.45 11.2
      vertex 73.7508 31.5322 11.2
      vertex 73.7877 31.7648 11.2
    endloop
  endfacet
  facet normal 0 0 -1
    outer loop
      vertex 71.55 2.2 11.2
      vertex 73.7508 3.9822 11.2
      vertex 73.6899 3.75471 11.2
    endloop
  endfacet
  facet normal 0 0 -1
    outer loop
      vertex 73.8 4.45 11.2
      vertex 73.6899 31.3047 11.2
      vertex 73.7508 31.5322 11.2
    endloop
  endfacet
  facet normal 0 0 -1
    outer loop
      vertex 71.55 2.2 11.2
      vertex 73.6899 3.75471 11.2
      vertex 73.6055 3.53484 11.2
    endloop
  endfacet
  facet normal 0 0 -1
    outer loop
      vertex 73.8 4.45 11.2
      vertex 73.6055 31.0848 11.2
      vertex 73.6899 31.3047 11.2
    endloop
  endfacet
  facet normal 0 0 -1
    outer loop
      vertex 71.55 2.2 11.2
      vertex 73.6055 3.53484 11.2
      vertex 73.4986 3.325 11.2
    endloop
  endfacet
  facet normal 0 0 -1
    outer loop
      vertex 73.8 4.45 11.2
      vertex 73.4986 30.875 11.2
      vertex 73.6055 31.0848 11.2
    endloop
  endfacet
  facet normal 0 0 -1
    outer loop
      vertex 71.55 2.2 11.2
      vertex 73.4986 3.325 11.2
      vertex 73.3703 3.12748 11.2
    endloop
  endfacet
  facet normal 0 0 -1
    outer loop
      vertex 73.8 4.45 11.2
      vertex 73.3703 30.6775 11.2
      vertex 73.4986 30.875 11.2
    endloop
  endfacet
  facet normal 0 0 -1
    outer loop
      vertex 71.55 2.2 11.2
      vertex 73.3703 3.12748 11.2
      vertex 73.2221 2.94446 11.2
    endloop
  endfacet
  facet normal 0 0 -1
    outer loop
      vertex 73.8 4.45 11.2
      vertex 73.2221 30.4945 11.2
      vertex 73.3703 30.6775 11.2
    endloop
  endfacet
  facet normal 0 0 -1
    outer loop
      vertex 71.55 2.2 11.2
      vertex 73.2221 2.94446 11.2
      vertex 73.0555 2.77792 11.2
    endloop
  endfacet
  facet normal 0 0 -1
    outer loop
      vertex 73.8 4.45 11.2
      vertex 73.0555 30.3279 11.2
      vertex 73.2221 30.4945 11.2
    endloop
  endfacet
  facet normal 0 0 -1
    outer loop
      vertex 71.55 2.2 11.2
      vertex 73.0555 2.77792 11.2
      vertex 72.8725 2.62971 11.2
    endloop
  endfacet
  facet normal 0 0 -1
    outer loop
      vertex 73.8 4.45 11.2
      vertex 72.8725 30.1797 11.2
      vertex 73.0555 30.3279 11.2
    endloop
  endfacet
  facet normal 0 0 -1
    outer loop
      vertex 71.55 2.2 11.2
      vertex 72.8725 2.62971 11.2
      vertex 72.675 2.50144 11.2
    endloop
  endfacet
  facet normal 0 0 -1
    outer loop
      vertex 73.8 4.45 11.2
      vertex 72.675 30.0514 11.2
      vertex 72.8725 30.1797 11.2
    endloop
  endfacet
  facet normal 0 0 -1
    outer loop
      vertex 71.55 2.2 11.2
      vertex 72.675 2.50144 11.2
      vertex 72.4652 2.39452 11.2
    endloop
  endfacet
  facet normal 0 0 -1
    outer loop
      vertex 73.8 4.45 11.2
      vertex 72.4652 29.9445 11.2
      vertex 72.675 30.0514 11.2
    endloop
  endfacet
  facet normal 0 0 -1
    outer loop
      vertex 71.55 2.2 11.2
      vertex 72.4652 2.39452 11.2
      vertex 72.2453 2.31012 11.2
    endloop
  endfacet
  facet normal 0 0 -1
    outer loop
      vertex 73.8 4.45 11.2
      vertex 72.2453 29.8601 11.2
      vertex 72.4652 29.9445 11.2
    endloop
  endfacet
  facet normal 0 0 -1
    outer loop
      vertex 71.55 2.2 11.2
      vertex 72.2453 2.31012 11.2
      vertex 72.0178 2.24917 11.2
    endloop
  endfacet
  facet normal 0 0 -1
    outer loop
      vertex 73.8 4.45 11.2
      vertex 72.0178 29.7992 11.2
      vertex 72.2453 29.8601 11.2
    endloop
  endfacet
  facet normal 0 0 -1
    outer loop
      vertex 71.55 2.2 11.2
      vertex 72.0178 2.24917 11.2
      vertex 71.7852 2.21233 11.2
    endloop
  endfacet
  facet normal 0 0 -1
    outer loop
      vertex 73.8 4.45 11.2
      vertex 71.7852 29.7623 11.2
      vertex 72.0178 29.7992 11.2
    endloop
  endfacet
  facet normal -0 0 -1
    outer loop
      vertex 73.8 4.45 11.2
      vertex 71.55 2.2 11.2
      vertex 55.525 8.5 11.2
    endloop
  endfacet
  facet normal 0 0 -1
    outer loop
      vertex 73.8 4.45 11.2
      vertex 71.55 29.75 11.2
      vertex 71.7852 29.7623 11.2
    endloop
  endfacet
  facet normal 0 0 -1
    outer loop
      vertex 73.8 4.45 11.2
      vertex 55.525 8.5 11.2
      vertex 71.55 29.75 11.2
    endloop
  endfacet
  facet normal 0 0 -1
    outer loop
      vertex 71.55 2.2 11.2
      vertex 39.525 8.5 11.2
      vertex 55.525 8.5 11.2
    endloop
  endfacet
  facet normal 0 0 -1
    outer loop
      vertex 39.525 8.5 11.2
      vertex 36.475 8.5 11.2
      vertex 39.525 24.5 11.2
    endloop
  endfacet
  facet normal 0 0 -1
    outer loop
      vertex 71.55 2.2 11.2
      vertex 36.475 8.5 11.2
      vertex 39.525 8.5 11.2
    endloop
  endfacet
  facet normal 0 0 -1
    outer loop
      vertex 4.45 2.2 11.2
      vertex 36.475 8.5 11.2
      vertex 71.55 2.2 11.2
    endloop
  endfacet
  facet normal 0 0 -1
    outer loop
      vertex 2.2 4.45 11.2
      vertex 20.475 8.5 11.2
      vertex 4.45 2.2 11.2
    endloop
  endfacet
  facet normal -0 0 -1
    outer loop
      vertex 36.475 8.5 11.2
      vertex 4.45 2.2 11.2
      vertex 20.475 8.5 11.2
    endloop
  endfacet
  facet normal 0 0 -1
    outer loop
      vertex 55.525 24.5 11.2
      vertex 71.55 29.75 11.2
      vertex 55.525 8.5 11.2
    endloop
  endfacet
  facet normal 0 0 -1
    outer loop
      vertex 39.525 24.5 11.2
      vertex 71.55 29.75 11.2
      vertex 55.525 24.5 11.2
    endloop
  endfacet
  facet normal 0 0 -1
    outer loop
      vertex 36.475 24.5 11.2
      vertex 39.525 24.5 11.2
      vertex 36.475 8.5 11.2
    endloop
  endfacet
  facet normal 0 0 -1
    outer loop
      vertex 36.475 24.5 11.2
      vertex 71.55 29.75 11.2
      vertex 39.525 24.5 11.2
    endloop
  endfacet
  facet normal 0 0 -1
    outer loop
      vertex 4.45 29.75 11.2
      vertex 36.475 24.5 11.2
      vertex 20.475 24.5 11.2
    endloop
  endfacet
  facet normal 0 0 -1
    outer loop
      vertex 36.475 24.5 11.2
      vertex 4.45 29.75 11.2
      vertex 71.55 29.75 11.2
    endloop
  endfacet
  facet normal -0 0 -1
    outer loop
      vertex 20.475 8.5 11.2
      vertex 2.2 4.45 11.2
      vertex 20.475 24.5 11.2
    endloop
  endfacet
  facet normal 0 0 -1
    outer loop
      vertex 2.2 4.45 11.2
      vertex 4.45 2.2 11.2
      vertex 4.21481 2.21233 11.2
    endloop
  endfacet
  facet normal -0 0 -1
    outer loop
      vertex 20.475 24.5 11.2
      vertex 2.2 4.45 11.2
      vertex 4.45 29.75 11.2
    endloop
  endfacet
  facet normal 0 0 -1
    outer loop
      vertex 2.2 4.45 11.2
      vertex 4.21481 2.21233 11.2
      vertex 3.9822 2.24917 11.2
    endloop
  endfacet
  facet normal -0 0 -1
    outer loop
      vertex 4.45 29.75 11.2
      vertex 2.2 4.45 11.2
      vertex 4.21481 29.7623 11.2
    endloop
  endfacet
  facet normal 0 0 -1
    outer loop
      vertex 2.2 4.45 11.2
      vertex 3.9822 2.24917 11.2
      vertex 3.75471 2.31012 11.2
    endloop
  endfacet
  facet normal -0 0 -1
    outer loop
      vertex 4.21481 29.7623 11.2
      vertex 2.2 4.45 11.2
      vertex 3.9822 29.7992 11.2
    endloop
  endfacet
  facet normal 0 0 -1
    outer loop
      vertex 2.2 4.45 11.2
      vertex 3.75471 2.31012 11.2
      vertex 3.53484 2.39452 11.2
    endloop
  endfacet
  facet normal -0 0 -1
    outer loop
      vertex 3.9822 29.7992 11.2
      vertex 2.2 4.45 11.2
      vertex 3.75471 29.8601 11.2
    endloop
  endfacet
  facet normal 0 0 -1
    outer loop
      vertex 2.2 4.45 11.2
      vertex 3.53484 2.39452 11.2
      vertex 3.325 2.50144 11.2
    endloop
  endfacet
  facet normal -0 0 -1
    outer loop
      vertex 3.75471 29.8601 11.2
      vertex 2.2 4.45 11.2
      vertex 3.53484 29.9445 11.2
    endloop
  endfacet
  facet normal 0 0 -1
    outer loop
      vertex 2.2 4.45 11.2
      vertex 3.325 2.50144 11.2
      vertex 3.12748 2.62971 11.2
    endloop
  endfacet
  facet normal -0 0 -1
    outer loop
      vertex 3.53484 29.9445 11.2
      vertex 2.2 4.45 11.2
      vertex 3.325 30.0514 11.2
    endloop
  endfacet
  facet normal 0 0 -1
    outer loop
      vertex 2.2 4.45 11.2
      vertex 3.12748 2.62971 11.2
      vertex 2.94446 2.77792 11.2
    endloop
  endfacet
  facet normal -0 0 -1
    outer loop
      vertex 3.325 30.0514 11.2
      vertex 2.2 4.45 11.2
      vertex 3.12748 30.1797 11.2
    endloop
  endfacet
  facet normal 0 0 -1
    outer loop
      vertex 2.2 4.45 11.2
      vertex 2.94446 2.77792 11.2
      vertex 2.77792 2.94446 11.2
    endloop
  endfacet
  facet normal -0 0 -1
    outer loop
      vertex 3.12748 30.1797 11.2
      vertex 2.2 4.45 11.2
      vertex 2.94446 30.3279 11.2
    endloop
  endfacet
  facet normal 0 0 -1
    outer loop
      vertex 2.2 4.45 11.2
      vertex 2.77792 2.94446 11.2
      vertex 2.62971 3.12748 11.2
    endloop
  endfacet
  facet normal -0 0 -1
    outer loop
      vertex 2.94446 30.3279 11.2
      vertex 2.2 4.45 11.2
      vertex 2.77792 30.4945 11.2
    endloop
  endfacet
  facet normal 0 0 -1
    outer loop
      vertex 2.2 4.45 11.2
      vertex 2.62971 3.12748 11.2
      vertex 2.50144 3.325 11.2
    endloop
  endfacet
  facet normal -0 0 -1
    outer loop
      vertex 2.77792 30.4945 11.2
      vertex 2.2 4.45 11.2
      vertex 2.62971 30.6775 11.2
    endloop
  endfacet
  facet normal 0 0 -1
    outer loop
      vertex 2.2 4.45 11.2
      vertex 2.50144 3.325 11.2
      vertex 2.39452 3.53484 11.2
    endloop
  endfacet
  facet normal -0 0 -1
    outer loop
      vertex 2.62971 30.6775 11.2
      vertex 2.2 4.45 11.2
      vertex 2.50144 30.875 11.2
    endloop
  endfacet
  facet normal 0 0 -1
    outer loop
      vertex 2.2 4.45 11.2
      vertex 2.39452 3.53484 11.2
      vertex 2.31012 3.75471 11.2
    endloop
  endfacet
  facet normal -0 0 -1
    outer loop
      vertex 2.50144 30.875 11.2
      vertex 2.2 4.45 11.2
      vertex 2.39452 31.0848 11.2
    endloop
  endfacet
  facet normal 0 0 -1
    outer loop
      vertex 2.2 4.45 11.2
      vertex 2.31012 3.75471 11.2
      vertex 2.24917 3.9822 11.2
    endloop
  endfacet
  facet normal -0 0 -1
    outer loop
      vertex 2.39452 31.0848 11.2
      vertex 2.2 4.45 11.2
      vertex 2.31012 31.3047 11.2
    endloop
  endfacet
  facet normal 0 0 -1
    outer loop
      vertex 2.2 4.45 11.2
      vertex 2.24917 3.9822 11.2
      vertex 2.21233 4.21481 11.2
    endloop
  endfacet
  facet normal -0 0 -1
    outer loop
      vertex 2.31012 31.3047 11.2
      vertex 2.2 4.45 11.2
      vertex 2.24917 31.5322 11.2
    endloop
  endfacet
  facet normal -0 0 -1
    outer loop
      vertex 2.24917 31.5322 11.2
      vertex 2.2 4.45 11.2
      vertex 2.21233 31.7648 11.2
    endloop
  endfacet
  facet normal -0 0 -1
    outer loop
      vertex 2.21233 31.7648 11.2
      vertex 2.2 4.45 11.2
      vertex 2.2 32 11.2
    endloop
  endfacet
  facet normal -0.98765 0.156676 0
    outer loop
      vertex 73.7508 3.9822 0
      vertex 73.7877 4.21481 11.2
      vertex 73.7877 4.21481 0
    endloop
  endfacet
  facet normal -0.98765 0.156676 0
    outer loop
      vertex 73.7877 4.21481 11.2
      vertex 73.7508 3.9822 0
      vertex 73.7508 3.9822 11.2
    endloop
  endfacet
  facet normal -0.838614 0.544726 0
    outer loop
      vertex 73.3703 3.12748 0
      vertex 73.4986 3.325 11.2
      vertex 73.4986 3.325 0
    endloop
  endfacet
  facet normal -0.838614 0.544726 0
    outer loop
      vertex 73.4986 3.325 11.2
      vertex 73.3703 3.12748 0
      vertex 73.3703 3.12748 11.2
    endloop
  endfacet
  facet normal 0.933581 0.358367 0
    outer loop
      vertex 2.39452 3.53484 11.2
      vertex 2.31012 3.75471 0
      vertex 2.31012 3.75471 11.2
    endloop
  endfacet
  facet normal 0.933581 0.358367 0
    outer loop
      vertex 2.31012 3.75471 0
      vertex 2.39452 3.53484 11.2
      vertex 2.39452 3.53484 0
    endloop
  endfacet
  facet normal 0.965932 0.258796 0
    outer loop
      vertex 2.31012 3.75471 11.2
      vertex 2.24917 3.9822 0
      vertex 2.24917 3.9822 11.2
    endloop
  endfacet
  facet normal 0.965932 0.258796 0
    outer loop
      vertex 2.24917 3.9822 0
      vertex 2.31012 3.75471 11.2
      vertex 2.31012 3.75471 0
    endloop
  endfacet
  facet normal 0.98769 0.156427 0
    outer loop
      vertex 2.24917 3.9822 11.2
      vertex 2.21233 4.21481 0
      vertex 2.21233 4.21481 11.2
    endloop
  endfacet
  facet normal 0.98769 0.156427 0
    outer loop
      vertex 2.21233 4.21481 0
      vertex 2.24917 3.9822 11.2
      vertex 2.24917 3.9822 0
    endloop
  endfacet
  facet normal -0.838589 -0.544764 0
    outer loop
      vertex 73.4986 82.675 0
      vertex 73.3703 82.8725 31.2
      vertex 73.3703 82.8725 0
    endloop
  endfacet
  facet normal -0.838589 -0.544764 0
    outer loop
      vertex 73.3703 82.8725 31.2
      vertex 73.4986 82.675 0
      vertex 73.4986 82.675 31.2
    endloop
  endfacet
  facet normal 0.290053 0.358202 -0.887446
    outer loop
      vertex 2.94446 79.8779 31.2
      vertex 3.12748 30.1797 11.2
      vertex 2.94446 30.3279 11.2
    endloop
  endfacet
  facet normal 0.142217 0.370488 -0.917885
    outer loop
      vertex 3.53484 29.9445 11.2
      vertex 3.75471 79.4101 31.2
      vertex 3.75471 29.8601 11.2
    endloop
  endfacet
  facet normal 0.142217 0.370488 -0.917885
    outer loop
      vertex 3.75471 79.4101 31.2
      vertex 3.53484 29.9445 11.2
      vertex 3.53484 79.4945 31.2
    endloop
  endfacet
  facet normal -0.350876 0.350495 -0.868354
    outer loop
      vertex 73.2221 48.6068 18.5107
      vertex 73.2221 30.4945 11.2
      vertex 73.161 48.5989 18.5322
    endloop
  endfacet
  facet normal -0.350598 0.350535 -0.86845
    outer loop
      vertex 73.0555 79.8779 31.2
      vertex 73.2221 70.8716 27.4975
      vertex 73.086 70.8539 27.5453
    endloop
  endfacet
  facet normal -0.350544 0.350544 -0.868469
    outer loop
      vertex 73.2221 70.8716 27.4975
      vertex 73.0555 79.8779 31.2
      vertex 73.2221 80.0445 31.2
    endloop
  endfacet
  facet normal -0.289925 0.358214 -0.887483
    outer loop
      vertex 72.8725 79.7297 31.2
      vertex 73.0223 70.8464 27.5655
      vertex 72.8725 70.8307 27.6081
    endloop
  endfacet
  facet normal -0.290079 0.358195 -0.887441
    outer loop
      vertex 73.0223 70.8464 27.5655
      vertex 72.8725 79.7297 31.2
      vertex 73.0555 79.8779 31.2
    endloop
  endfacet
  facet normal -0.290125 0.358195 -0.887425
    outer loop
      vertex 72.8725 48.5659 18.6213
      vertex 72.9403 48.573 18.602
      vertex 72.8725 30.1797 11.2
    endloop
  endfacet
  facet normal 0.544726 -0.838614 0
    outer loop
      vertex 3.12748 83.3703 0
      vertex 3.325 83.4986 31.2
      vertex 3.12748 83.3703 31.2
    endloop
  endfacet
  facet normal 0.544726 -0.838614 0
    outer loop
      vertex 3.325 83.4986 31.2
      vertex 3.12748 83.3703 0
      vertex 3.325 83.4986 0
    endloop
  endfacet
  facet normal -0.987649 -0.156682 0
    outer loop
      vertex 73.7877 81.7852 0
      vertex 73.7508 82.0178 31.2
      vertex 73.7508 82.0178 0
    endloop
  endfacet
  facet normal -0.987649 -0.156682 0
    outer loop
      vertex 73.7508 82.0178 31.2
      vertex 73.7877 81.7852 0
      vertex 73.7877 81.7852 31.2
    endloop
  endfacet
  facet normal -0.777126 -0.629345 0
    outer loop
      vertex 73.3703 82.8725 0
      vertex 73.2221 83.0555 31.2
      vertex 73.2221 83.0555 0
    endloop
  endfacet
  facet normal -0.777126 -0.629345 0
    outer loop
      vertex 73.2221 83.0555 31.2
      vertex 73.3703 82.8725 0
      vertex 73.3703 82.8725 31.2
    endloop
  endfacet
  facet normal -0.350541 0.350541 -0.868471
    outer loop
      vertex 73.0555 48.5852 18.5692
      vertex 73.2221 30.4945 11.2
      vertex 73.0555 30.3279 11.2
    endloop
  endfacet
  facet normal -0.350156 0.350599 -0.868603
    outer loop
      vertex 73.2221 30.4945 11.2
      vertex 73.0555 48.5852 18.5692
      vertex 73.161 48.5989 18.5322
    endloop
  endfacet
  facet normal -0.350636 0.35053 -0.868437
    outer loop
      vertex 73.0555 79.8779 31.2
      vertex 73.086 70.8539 27.5453
      vertex 73.0555 70.8499 27.556
    endloop
  endfacet
  facet normal 0.591945 0.301672 -0.747392
    outer loop
      vertex 2.39452 31.0848 11.2
      vertex 2.50144 80.425 31.2
      vertex 2.50144 30.875 11.2
    endloop
  endfacet
  facet normal 0.591945 0.301672 -0.747392
    outer loop
      vertex 2.50144 80.425 31.2
      vertex 2.39452 31.0848 11.2
      vertex 2.39452 80.6348 31.2
    endloop
  endfacet
  facet normal 0 -1 0
    outer loop
      vertex 4.45 83.8 31.2
      vertex 33 83.8 4
      vertex 71.55 83.8 31.2
    endloop
  endfacet
  facet normal 0 -1 0
    outer loop
      vertex 4.45 83.8 0
      vertex 33 83.8 4
      vertex 4.45 83.8 31.2
    endloop
  endfacet
  facet normal 0 -1 -0
    outer loop
      vertex 33 83.8 2.6
      vertex 4.45 83.8 0
      vertex 43 83.8 2.6
    endloop
  endfacet
  facet normal 0 -1 -0
    outer loop
      vertex 33 83.8 4
      vertex 4.45 83.8 0
      vertex 33 83.8 2.6
    endloop
  endfacet
  facet normal 0 -1 0
    outer loop
      vertex 43 83.8 4
      vertex 71.55 83.8 31.2
      vertex 33 83.8 4
    endloop
  endfacet
  facet normal 0 -1 0
    outer loop
      vertex 71.55 83.8 0
      vertex 43 83.8 4
      vertex 43 83.8 2.6
    endloop
  endfacet
  facet normal 0 -1 0
    outer loop
      vertex 43 83.8 4
      vertex 71.55 83.8 0
      vertex 71.55 83.8 31.2
    endloop
  endfacet
  facet normal 0 -1 0
    outer loop
      vertex 71.55 83.8 0
      vertex 43 83.8 2.6
      vertex 4.45 83.8 0
    endloop
  endfacet
  facet normal 0.187304 0.367669 -0.910899
    outer loop
      vertex 3.325 30.0514 11.2
      vertex 3.53484 79.4945 31.2
      vertex 3.53484 29.9445 11.2
    endloop
  endfacet
  facet normal 0.187304 0.367669 -0.910899
    outer loop
      vertex 3.53484 79.4945 31.2
      vertex 3.325 30.0514 11.2
      vertex 3.325 79.6014 31.2
    endloop
  endfacet
  facet normal 2.96118e-06 0.374295 -0.92731
    outer loop
      vertex 71.55 29.75 11.2
      vertex 63 42.851 16.488
      vertex 71.55 48.51 18.7722
    endloop
  endfacet
  facet normal 0 0.374293 -0.92731
    outer loop
      vertex 71.55 29.75 11.2
      vertex 13 42.851 16.488
      vertex 63 42.851 16.488
    endloop
  endfacet
  facet normal 8.75539e-07 0.374293 -0.927311
    outer loop
      vertex 4.45 79.3 31.2
      vertex 13 42.851 16.488
      vertex 4.45 29.75 11.2
    endloop
  endfacet
  facet normal 0 0.374293 -0.92731
    outer loop
      vertex 4.45 29.75 11.2
      vertex 13 42.851 16.488
      vertex 71.55 29.75 11.2
    endloop
  endfacet
  facet normal 0 0.374299 -0.927308
    outer loop
      vertex 71.55 48.51 18.7722
      vertex 63 42.851 16.488
      vertex 63 48.51 18.7722
    endloop
  endfacet
  facet normal 0 0.374305 -0.927306
    outer loop
      vertex 63 76.4337 30.0431
      vertex 71.55 70.7748 27.7589
      vertex 63 70.7748 27.7589
    endloop
  endfacet
  facet normal -5.35658e-06 0.374298 -0.927309
    outer loop
      vertex 71.55 70.7748 27.7589
      vertex 63 76.4337 30.0431
      vertex 71.55 79.3 31.2
    endloop
  endfacet
  facet normal 0 0.374284 -0.927314
    outer loop
      vertex 13 76.4337 30.0431
      vertex 71.55 79.3 31.2
      vertex 63 76.4337 30.0431
    endloop
  endfacet
  facet normal 0 0.374284 -0.927314
    outer loop
      vertex 13 76.4337 30.0431
      vertex 4.45 79.3 31.2
      vertex 71.55 79.3 31.2
    endloop
  endfacet
  facet normal 3.73822e-06 0.374293 -0.92731
    outer loop
      vertex 13 42.851 16.488
      vertex 4.45 79.3 31.2
      vertex 13 76.4337 30.0431
    endloop
  endfacet
  facet normal 0 0 -1
    outer loop
      vertex 73.7877 81.3148 31.2
      vertex 73.7877 81.7852 31.2
      vertex 73.8 81.55 31.2
    endloop
  endfacet
  facet normal 0 0 -1
    outer loop
      vertex 73.7508 81.0822 31.2
      vertex 73.7877 81.7852 31.2
      vertex 73.7877 81.3148 31.2
    endloop
  endfacet
  facet normal 0 0 -1
    outer loop
      vertex 73.7508 81.0822 31.2
      vertex 73.7508 82.0178 31.2
      vertex 73.7877 81.7852 31.2
    endloop
  endfacet
  facet normal 0 0 -1
    outer loop
      vertex 73.6899 80.8547 31.2
      vertex 73.7508 82.0178 31.2
      vertex 73.7508 81.0822 31.2
    endloop
  endfacet
  facet normal 0 0 -1
    outer loop
      vertex 73.6899 80.8547 31.2
      vertex 73.6899 82.2453 31.2
      vertex 73.7508 82.0178 31.2
    endloop
  endfacet
  facet normal 0 0 -1
    outer loop
      vertex 73.6055 80.6348 31.2
      vertex 73.6899 82.2453 31.2
      vertex 73.6899 80.8547 31.2
    endloop
  endfacet
  facet normal 0 0 -1
    outer loop
      vertex 73.6055 80.6348 31.2
      vertex 73.6055 82.4652 31.2
      vertex 73.6899 82.2453 31.2
    endloop
  endfacet
  facet normal 0 0 -1
    outer loop
      vertex 73.4986 80.425 31.2
      vertex 73.6055 82.4652 31.2
      vertex 73.6055 80.6348 31.2
    endloop
  endfacet
  facet normal 0 0 -1
    outer loop
      vertex 73.4986 80.425 31.2
      vertex 73.4986 82.675 31.2
      vertex 73.6055 82.4652 31.2
    endloop
  endfacet
  facet normal 0 0 -1
    outer loop
      vertex 73.3703 80.2275 31.2
      vertex 73.4986 82.675 31.2
      vertex 73.4986 80.425 31.2
    endloop
  endfacet
  facet normal 0 0 -1
    outer loop
      vertex 73.3703 80.2275 31.2
      vertex 73.3703 82.8725 31.2
      vertex 73.4986 82.675 31.2
    endloop
  endfacet
  facet normal 0 0 -1
    outer loop
      vertex 73.2221 80.0445 31.2
      vertex 73.3703 82.8725 31.2
      vertex 73.3703 80.2275 31.2
    endloop
  endfacet
  facet normal 0 0 -1
    outer loop
      vertex 73.2221 80.0445 31.2
      vertex 73.2221 83.0555 31.2
      vertex 73.3703 82.8725 31.2
    endloop
  endfacet
  facet normal 0 0 -1
    outer loop
      vertex 73.0555 79.8779 31.2
      vertex 73.2221 83.0555 31.2
      vertex 73.2221 80.0445 31.2
    endloop
  endfacet
  facet normal 0 0 -1
    outer loop
      vertex 73.0555 79.8779 31.2
      vertex 73.0555 83.2221 31.2
      vertex 73.2221 83.0555 31.2
    endloop
  endfacet
  facet normal 0 0 -1
    outer loop
      vertex 72.8725 79.7297 31.2
      vertex 73.0555 83.2221 31.2
      vertex 73.0555 79.8779 31.2
    endloop
  endfacet
  facet normal 0 0 -1
    outer loop
      vertex 72.8725 79.7297 31.2
      vertex 72.8725 83.3703 31.2
      vertex 73.0555 83.2221 31.2
    endloop
  endfacet
  facet normal 0 0 -1
    outer loop
      vertex 72.675 79.6014 31.2
      vertex 72.8725 83.3703 31.2
      vertex 72.8725 79.7297 31.2
    endloop
  endfacet
  facet normal 0 0 -1
    outer loop
      vertex 72.675 79.6014 31.2
      vertex 72.675 83.4986 31.2
      vertex 72.8725 83.3703 31.2
    endloop
  endfacet
  facet normal 0 0 -1
    outer loop
      vertex 72.4652 79.4945 31.2
      vertex 72.675 83.4986 31.2
      vertex 72.675 79.6014 31.2
    endloop
  endfacet
  facet normal 0 0 -1
    outer loop
      vertex 72.4652 79.4945 31.2
      vertex 72.4652 83.6055 31.2
      vertex 72.675 83.4986 31.2
    endloop
  endfacet
  facet normal 0 0 -1
    outer loop
      vertex 72.2453 79.4101 31.2
      vertex 72.4652 83.6055 31.2
      vertex 72.4652 79.4945 31.2
    endloop
  endfacet
  facet normal 0 0 -1
    outer loop
      vertex 72.2453 79.4101 31.2
      vertex 72.2453 83.6899 31.2
      vertex 72.4652 83.6055 31.2
    endloop
  endfacet
  facet normal 0 0 -1
    outer loop
      vertex 72.0178 79.3492 31.2
      vertex 72.2453 83.6899 31.2
      vertex 72.2453 79.4101 31.2
    endloop
  endfacet
  facet normal 0 0 -1
    outer loop
      vertex 72.0178 79.3492 31.2
      vertex 72.0178 83.7508 31.2
      vertex 72.2453 83.6899 31.2
    endloop
  endfacet
  facet normal 0 0 -1
    outer loop
      vertex 71.7852 79.3123 31.2
      vertex 72.0178 83.7508 31.2
      vertex 72.0178 79.3492 31.2
    endloop
  endfacet
  facet normal 0 0 -1
    outer loop
      vertex 71.7852 79.3123 31.2
      vertex 71.7852 83.7877 31.2
      vertex 72.0178 83.7508 31.2
    endloop
  endfacet
  facet normal 0 0 -1
    outer loop
      vertex 71.55 79.3 31.2
      vertex 71.7852 83.7877 31.2
      vertex 71.7852 79.3123 31.2
    endloop
  endfacet
  facet normal 0 0 -1
    outer loop
      vertex 71.55 79.3 31.2
      vertex 71.55 83.8 31.2
      vertex 71.7852 83.7877 31.2
    endloop
  endfacet
  facet normal 0 0 -1
    outer loop
      vertex 4.45 79.3 31.2
      vertex 71.55 83.8 31.2
      vertex 71.55 79.3 31.2
    endloop
  endfacet
  facet normal 0 0 -1
    outer loop
      vertex 4.45 79.3 31.2
      vertex 4.45 83.8 31.2
      vertex 71.55 83.8 31.2
    endloop
  endfacet
  facet normal 0 0 -1
    outer loop
      vertex 4.21481 79.3123 31.2
      vertex 4.45 83.8 31.2
      vertex 4.45 79.3 31.2
    endloop
  endfacet
  facet normal 0 0 -1
    outer loop
      vertex 4.21481 79.3123 31.2
      vertex 4.21481 83.7877 31.2
      vertex 4.45 83.8 31.2
    endloop
  endfacet
  facet normal 0 0 -1
    outer loop
      vertex 3.9822 79.3492 31.2
      vertex 4.21481 83.7877 31.2
      vertex 4.21481 79.3123 31.2
    endloop
  endfacet
  facet normal 0 0 -1
    outer loop
      vertex 3.9822 79.3492 31.2
      vertex 3.9822 83.7508 31.2
      vertex 4.21481 83.7877 31.2
    endloop
  endfacet
  facet normal 0 0 -1
    outer loop
      vertex 3.75471 79.4101 31.2
      vertex 3.9822 83.7508 31.2
      vertex 3.9822 79.3492 31.2
    endloop
  endfacet
  facet normal 0 0 -1
    outer loop
      vertex 3.75471 79.4101 31.2
      vertex 3.75471 83.6899 31.2
      vertex 3.9822 83.7508 31.2
    endloop
  endfacet
  facet normal 0 0 -1
    outer loop
      vertex 3.53484 79.4945 31.2
      vertex 3.75471 83.6899 31.2
      vertex 3.75471 79.4101 31.2
    endloop
  endfacet
  facet normal 0 0 -1
    outer loop
      vertex 3.53484 79.4945 31.2
      vertex 3.53484 83.6055 31.2
      vertex 3.75471 83.6899 31.2
    endloop
  endfacet
  facet normal 0 0 -1
    outer loop
      vertex 3.325 79.6014 31.2
      vertex 3.53484 83.6055 31.2
      vertex 3.53484 79.4945 31.2
    endloop
  endfacet
  facet normal 0 0 -1
    outer loop
      vertex 3.325 79.6014 31.2
      vertex 3.325 83.4986 31.2
      vertex 3.53484 83.6055 31.2
    endloop
  endfacet
  facet normal 0 0 -1
    outer loop
      vertex 3.12748 79.7297 31.2
      vertex 3.325 83.4986 31.2
      vertex 3.325 79.6014 31.2
    endloop
  endfacet
  facet normal 0 0 -1
    outer loop
      vertex 3.12748 79.7297 31.2
      vertex 3.12748 83.3703 31.2
      vertex 3.325 83.4986 31.2
    endloop
  endfacet
  facet normal 0 0 -1
    outer loop
      vertex 2.94446 79.8779 31.2
      vertex 3.12748 83.3703 31.2
      vertex 3.12748 79.7297 31.2
    endloop
  endfacet
  facet normal 0 0 -1
    outer loop
      vertex 2.94446 79.8779 31.2
      vertex 2.94446 83.2221 31.2
      vertex 3.12748 83.3703 31.2
    endloop
  endfacet
  facet normal 0 0 -1
    outer loop
      vertex 2.77792 80.0445 31.2
      vertex 2.94446 83.2221 31.2
      vertex 2.94446 79.8779 31.2
    endloop
  endfacet
  facet normal 0 0 -1
    outer loop
      vertex 2.77792 80.0445 31.2
      vertex 2.77792 83.0555 31.2
      vertex 2.94446 83.2221 31.2
    endloop
  endfacet
  facet normal 0 0 -1
    outer loop
      vertex 2.62971 80.2275 31.2
      vertex 2.77792 83.0555 31.2
      vertex 2.77792 80.0445 31.2
    endloop
  endfacet
  facet normal 0 0 -1
    outer loop
      vertex 2.62971 80.2275 31.2
      vertex 2.62971 82.8725 31.2
      vertex 2.77792 83.0555 31.2
    endloop
  endfacet
  facet normal 0 0 -1
    outer loop
      vertex 2.50144 80.425 31.2
      vertex 2.62971 82.8725 31.2
      vertex 2.62971 80.2275 31.2
    endloop
  endfacet
  facet normal 0 0 -1
    outer loop
      vertex 2.50144 80.425 31.2
      vertex 2.50144 82.675 31.2
      vertex 2.62971 82.8725 31.2
    endloop
  endfacet
  facet normal 0 0 -1
    outer loop
      vertex 2.39452 80.6348 31.2
      vertex 2.50144 82.675 31.2
      vertex 2.50144 80.425 31.2
    endloop
  endfacet
  facet normal 0 0 -1
    outer loop
      vertex 2.39452 80.6348 31.2
      vertex 2.39452 82.4652 31.2
      vertex 2.50144 82.675 31.2
    endloop
  endfacet
  facet normal 0 0 -1
    outer loop
      vertex 2.31012 80.8547 31.2
      vertex 2.39452 82.4652 31.2
      vertex 2.39452 80.6348 31.2
    endloop
  endfacet
  facet normal 0 0 -1
    outer loop
      vertex 2.31012 80.8547 31.2
      vertex 2.31012 82.2453 31.2
      vertex 2.39452 82.4652 31.2
    endloop
  endfacet
  facet normal 0 0 -1
    outer loop
      vertex 2.24917 81.0822 31.2
      vertex 2.31012 82.2453 31.2
      vertex 2.31012 80.8547 31.2
    endloop
  endfacet
  facet normal 0 0 -1
    outer loop
      vertex 2.24917 81.0822 31.2
      vertex 2.24917 82.0178 31.2
      vertex 2.31012 82.2453 31.2
    endloop
  endfacet
  facet normal 0 0 -1
    outer loop
      vertex 2.21233 81.3148 31.2
      vertex 2.24917 82.0178 31.2
      vertex 2.24917 81.0822 31.2
    endloop
  endfacet
  facet normal 0 0 -1
    outer loop
      vertex 2.21233 81.3148 31.2
      vertex 2.21233 81.7852 31.2
      vertex 2.24917 82.0178 31.2
    endloop
  endfacet
  facet normal 0 -0 -1
    outer loop
      vertex 2.21233 81.7852 31.2
      vertex 2.21233 81.3148 31.2
      vertex 2.2 81.55 31.2
    endloop
  endfacet
  facet normal 0.933597 -0.358325 0
    outer loop
      vertex 2.31012 82.2453 31.2
      vertex 2.39452 82.4652 0
      vertex 2.39452 82.4652 31.2
    endloop
  endfacet
  facet normal 0.933597 -0.358325 0
    outer loop
      vertex 2.39452 82.4652 0
      vertex 2.31012 82.2453 31.2
      vertex 2.31012 82.2453 0
    endloop
  endfacet
  facet normal 0.813158 0.217855 -0.539735
    outer loop
      vertex 2.31012 80.8547 31.2
      vertex 2.24917 31.5322 11.2
      vertex 2.24917 81.0822 31.2
    endloop
  endfacet
  facet normal 0.813158 0.217855 -0.539735
    outer loop
      vertex 2.24917 31.5322 11.2
      vertex 2.31012 80.8547 31.2
      vertex 2.31012 31.3047 11.2
    endloop
  endfacet
  facet normal 0.0592714 0.373635 -0.92568
    outer loop
      vertex 4.21481 79.3123 31.2
      vertex 4.21481 29.7623 11.2
      vertex 3.9822 79.3492 31.2
    endloop
  endfacet
  facet normal 0.0195711 0.374221 -0.927133
    outer loop
      vertex 4.21481 29.7623 11.2
      vertex 4.45 79.3 31.2
      vertex 4.45 29.75 11.2
    endloop
  endfacet
  facet normal 0.0195711 0.374221 -0.927133
    outer loop
      vertex 4.45 79.3 31.2
      vertex 4.21481 29.7623 11.2
      vertex 4.21481 79.3123 31.2
    endloop
  endfacet
  facet normal 0.419517 0.339763 -0.841764
    outer loop
      vertex 2.62971 30.6775 11.2
      vertex 2.77792 80.0445 31.2
      vertex 2.77792 30.4945 11.2
    endloop
  endfacet
  facet normal 0.419517 0.339763 -0.841764
    outer loop
      vertex 2.77792 80.0445 31.2
      vertex 2.62971 30.6775 11.2
      vertex 2.62971 80.2275 31.2
    endloop
  endfacet
  facet normal -0.698177 0.267968 -0.663884
    outer loop
      vertex 73.6899 70.977 27.213
      vertex 73.6055 80.6348 31.2
      vertex 73.6899 80.8547 31.2
    endloop
  endfacet
  facet normal -0.698114 0.267992 -0.663941
    outer loop
      vertex 73.6055 80.6348 31.2
      vertex 73.6899 70.977 27.213
      vertex 73.6055 70.9484 27.2902
    endloop
  endfacet
  facet normal -0.698114 0.267988 -0.663943
    outer loop
      vertex 73.6899 31.3047 11.2
      vertex 73.6055 48.6836 18.3034
      vertex 73.6899 48.7122 18.2262
    endloop
  endfacet
  facet normal -0.698172 0.267966 -0.66389
    outer loop
      vertex 73.6055 48.6836 18.3034
      vertex 73.6899 31.3047 11.2
      vertex 73.6055 31.0848 11.2
    endloop
  endfacet
  facet normal -0.965988 -0.258588 0
    outer loop
      vertex 73.7508 82.0178 0
      vertex 73.6899 82.2453 31.2
      vertex 73.6899 82.2453 0
    endloop
  endfacet
  facet normal -0.965988 -0.258588 0
    outer loop
      vertex 73.6899 82.2453 31.2
      vertex 73.7508 82.0178 0
      vertex 73.7508 82.0178 31.2
    endloop
  endfacet
  facet normal 0.236242 0.363698 -0.901062
    outer loop
      vertex 3.12748 30.1797 11.2
      vertex 3.325 79.6014 31.2
      vertex 3.325 30.0514 11.2
    endloop
  endfacet
  facet normal 0.236242 0.363698 -0.901062
    outer loop
      vertex 3.325 79.6014 31.2
      vertex 3.12748 30.1797 11.2
      vertex 3.12748 79.7297 31.2
    endloop
  endfacet
  facet normal 0.290053 0.358202 -0.887446
    outer loop
      vertex 3.12748 79.7297 31.2
      vertex 3.12748 30.1797 11.2
      vertex 2.94446 79.8779 31.2
    endloop
  endfacet
  facet normal -0.0522246 -0.998635 0
    outer loop
      vertex 71.55 83.8 0
      vertex 71.7852 83.7877 31.2
      vertex 71.55 83.8 31.2
    endloop
  endfacet
  facet normal -0.0522246 -0.998635 -0
    outer loop
      vertex 71.7852 83.7877 31.2
      vertex 71.55 83.8 0
      vertex 71.7852 83.7877 0
    endloop
  endfacet
  facet normal -0.990383 0.051784 -0.128294
    outer loop
      vertex 73.8 32 11.2
      vertex 73.7877 48.772 18.0647
      vertex 73.8 48.8026 17.9821
    endloop
  endfacet
  facet normal -0.99038 0.0517928 -0.128316
    outer loop
      vertex 73.7877 48.772 18.0647
      vertex 73.8 32 11.2
      vertex 73.7877 31.7648 11.2
    endloop
  endfacet
  facet normal -0.99038 0.0517928 -0.128317
    outer loop
      vertex 73.8 71.0674 26.9689
      vertex 73.7877 81.3148 31.2
      vertex 73.8 81.55 31.2
    endloop
  endfacet
  facet normal -0.990383 0.0517835 -0.128295
    outer loop
      vertex 73.7877 81.3148 31.2
      vertex 73.8 71.0674 26.9689
      vertex 73.7877 71.0368 27.0515
    endloop
  endfacet
  facet normal 0.350654 0.350527 -0.868431
    outer loop
      vertex 2.94446 79.8779 31.2
      vertex 2.94446 30.3279 11.2
      vertex 2.77792 30.4945 11.2
    endloop
  endfacet
  facet normal 0.350654 0.350527 -0.868431
    outer loop
      vertex 2.77792 80.0445 31.2
      vertex 2.94446 79.8779 31.2
      vertex 2.77792 30.4945 11.2
    endloop
  endfacet
  facet normal 0.838647 -0.544675 0
    outer loop
      vertex 2.50144 82.675 31.2
      vertex 2.62971 82.8725 0
      vertex 2.62971 82.8725 31.2
    endloop
  endfacet
  facet normal 0.838647 -0.544675 0
    outer loop
      vertex 2.62971 82.8725 0
      vertex 2.50144 82.675 31.2
      vertex 2.50144 82.675 0
    endloop
  endfacet
  facet normal 0.890969 -0.454063 0
    outer loop
      vertex 2.39452 82.4652 31.2
      vertex 2.50144 82.675 0
      vertex 2.50144 82.675 31.2
    endloop
  endfacet
  facet normal 0.890969 -0.454063 0
    outer loop
      vertex 2.50144 82.675 0
      vertex 2.39452 82.4652 31.2
      vertex 2.39452 82.4652 0
    endloop
  endfacet
  facet normal 0.965935 -0.258786 0
    outer loop
      vertex 2.24917 82.0178 31.2
      vertex 2.31012 82.2453 0
      vertex 2.31012 82.2453 31.2
    endloop
  endfacet
  facet normal 0.965935 -0.258786 0
    outer loop
      vertex 2.31012 82.2453 0
      vertex 2.24917 82.0178 31.2
      vertex 2.24917 82.0178 0
    endloop
  endfacet
  facet normal 0.0997005 0.372428 -0.92269
    outer loop
      vertex 3.75471 79.4101 31.2
      vertex 3.9822 79.3492 31.2
      vertex 3.75471 29.8601 11.2
    endloop
  endfacet
  facet normal -0.0590546 0.373643 -0.925691
    outer loop
      vertex 71.7852 79.3123 31.2
      vertex 71.9776 70.7803 27.7439
      vertex 71.7852 70.7764 27.7546
    endloop
  endfacet
  facet normal -0.0592738 0.373633 -0.925681
    outer loop
      vertex 71.9776 70.7803 27.7439
      vertex 71.7852 79.3123 31.2
      vertex 72.0178 79.3492 31.2
    endloop
  endfacet
  facet normal -0.0591864 0.373635 -0.925685
    outer loop
      vertex 71.7852 48.5116 18.7678
      vertex 71.8732 48.5134 18.7629
      vertex 71.7852 29.7623 11.2
    endloop
  endfacet
  facet normal 0.0522268 -0.998635 0
    outer loop
      vertex 4.21481 83.7877 0
      vertex 4.45 83.8 31.2
      vertex 4.21481 83.7877 31.2
    endloop
  endfacet
  facet normal 0.0522268 -0.998635 0
    outer loop
      vertex 4.45 83.8 31.2
      vertex 4.21481 83.7877 0
      vertex 4.45 83.8 0
    endloop
  endfacet
  facet normal 0.707234 -0.706979 0
    outer loop
      vertex 2.77792 83.0555 31.2
      vertex 2.94446 83.2221 0
      vertex 2.94446 83.2221 31.2
    endloop
  endfacet
  facet normal 0.707234 -0.706979 0
    outer loop
      vertex 2.94446 83.2221 0
      vertex 2.77792 83.0555 31.2
      vertex 2.77792 83.0555 0
    endloop
  endfacet
  facet normal -0.453996 -0.891004 0
    outer loop
      vertex 72.4652 83.6055 0
      vertex 72.675 83.4986 31.2
      vertex 72.4652 83.6055 31.2
    endloop
  endfacet
  facet normal -0.453996 -0.891004 -0
    outer loop
      vertex 72.675 83.4986 31.2
      vertex 72.4652 83.6055 0
      vertex 72.675 83.4986 0
    endloop
  endfacet
  facet normal -0.0998899 0.372415 -0.922675
    outer loop
      vertex 72.0178 79.3492 31.2
      vertex 72.2453 70.7891 27.7203
      vertex 72.0572 70.7825 27.738
    endloop
  endfacet
  facet normal -0.0996957 0.372427 -0.922691
    outer loop
      vertex 72.2453 70.7891 27.7203
      vertex 72.0178 79.3492 31.2
      vertex 72.2453 79.4101 31.2
    endloop
  endfacet
  facet normal -0.100125 0.372413 -0.92265
    outer loop
      vertex 72.2453 48.5243 18.7335
      vertex 72.2453 29.8601 11.2
      vertex 72.1595 48.5213 18.7416
    endloop
  endfacet
  facet normal -0.592016 0.301652 -0.747344
    outer loop
      vertex 73.4986 48.6563 18.3771
      vertex 73.6055 31.0848 11.2
      vertex 73.4986 30.875 11.2
    endloop
  endfacet
  facet normal -0.592185 0.301604 -0.747229
    outer loop
      vertex 73.6055 31.0848 11.2
      vertex 73.4986 48.6563 18.3771
      vertex 73.6055 48.6836 18.3034
    endloop
  endfacet
  facet normal -0.592185 0.301607 -0.747228
    outer loop
      vertex 73.4986 80.425 31.2
      vertex 73.6055 70.9484 27.2902
      vertex 73.4986 70.9211 27.3639
    endloop
  endfacet
  facet normal -0.592021 0.301654 -0.747339
    outer loop
      vertex 73.6055 70.9484 27.2902
      vertex 73.4986 80.425 31.2
      vertex 73.6055 80.6348 31.2
    endloop
  endfacet
  facet normal -0.499236 0.324314 -0.803483
    outer loop
      vertex 73.3703 48.6306 18.4465
      vertex 73.4986 30.875 11.2
      vertex 73.3703 30.6775 11.2
    endloop
  endfacet
  facet normal -0.499497 0.324255 -0.803344
    outer loop
      vertex 73.4986 30.875 11.2
      vertex 73.3703 48.6306 18.4465
      vertex 73.4986 48.6563 18.3771
    endloop
  endfacet
  facet normal -0.499497 0.324253 -0.803345
    outer loop
      vertex 73.3703 80.2275 31.2
      vertex 73.4986 70.9211 27.3639
      vertex 73.3703 70.8954 27.4333
    endloop
  endfacet
  facet normal -0.499235 0.324313 -0.803483
    outer loop
      vertex 73.4986 70.9211 27.3639
      vertex 73.3703 80.2275 31.2
      vertex 73.4986 80.425 31.2
    endloop
  endfacet
  facet normal 0.920942 0.145862 -0.361373
    outer loop
      vertex 2.24917 81.0822 31.2
      vertex 2.21233 31.7648 11.2
      vertex 2.21233 81.3148 31.2
    endloop
  endfacet
  facet normal 0.920942 0.145862 -0.361373
    outer loop
      vertex 2.21233 31.7648 11.2
      vertex 2.24917 81.0822 31.2
      vertex 2.24917 31.5322 11.2
    endloop
  endfacet
  facet normal 0.629303 -0.77716 0
    outer loop
      vertex 2.94446 83.2221 0
      vertex 3.12748 83.3703 31.2
      vertex 2.94446 83.2221 31.2
    endloop
  endfacet
  facet normal 0.629303 -0.77716 0
    outer loop
      vertex 3.12748 83.3703 31.2
      vertex 2.94446 83.2221 0
      vertex 3.12748 83.3703 0
    endloop
  endfacet
  facet normal 0.358367 -0.933581 0
    outer loop
      vertex 3.53484 83.6055 0
      vertex 3.75471 83.6899 31.2
      vertex 3.53484 83.6055 31.2
    endloop
  endfacet
  facet normal 0.358367 -0.933581 0
    outer loop
      vertex 3.75471 83.6899 31.2
      vertex 3.53484 83.6055 0
      vertex 3.75471 83.6899 0
    endloop
  endfacet
  facet normal 0.777105 -0.62937 0
    outer loop
      vertex 2.62971 82.8725 31.2
      vertex 2.77792 83.0555 0
      vertex 2.77792 83.0555 31.2
    endloop
  endfacet
  facet normal 0.777105 -0.62937 0
    outer loop
      vertex 2.77792 83.0555 0
      vertex 2.62971 82.8725 31.2
      vertex 2.62971 82.8725 0
    endloop
  endfacet
  facet normal 0.990334 0.0519167 -0.128624
    outer loop
      vertex 2.21233 81.3148 31.2
      vertex 2.2 32 11.2
      vertex 2.2 81.55 31.2
    endloop
  endfacet
  facet normal 0.990334 0.0519167 -0.128624
    outer loop
      vertex 2.2 32 11.2
      vertex 2.21233 81.3148 31.2
      vertex 2.21233 31.7648 11.2
    endloop
  endfacet
  facet normal -0.156682 -0.987649 0
    outer loop
      vertex 71.7852 83.7877 0
      vertex 72.0178 83.7508 31.2
      vertex 71.7852 83.7877 31.2
    endloop
  endfacet
  facet normal -0.156682 -0.987649 -0
    outer loop
      vertex 72.0178 83.7508 31.2
      vertex 71.7852 83.7877 0
      vertex 72.0178 83.7508 0
    endloop
  endfacet
  facet normal 0.987688 -0.156434 0
    outer loop
      vertex 2.21233 81.7852 31.2
      vertex 2.24917 82.0178 0
      vertex 2.24917 82.0178 31.2
    endloop
  endfacet
  facet normal 0.987688 -0.156434 0
    outer loop
      vertex 2.24917 82.0178 0
      vertex 2.21233 81.7852 31.2
      vertex 2.21233 81.7852 0
    endloop
  endfacet
  facet normal 0.998629 -0.0523516 0
    outer loop
      vertex 2.2 81.55 31.2
      vertex 2.21233 81.7852 0
      vertex 2.21233 81.7852 31.2
    endloop
  endfacet
  facet normal 0.998629 -0.0523516 0
    outer loop
      vertex 2.21233 81.7852 0
      vertex 2.2 81.55 31.2
      vertex 2.2 81.55 0
    endloop
  endfacet
  facet normal -0.544764 -0.838589 0
    outer loop
      vertex 72.675 83.4986 0
      vertex 72.8725 83.3703 31.2
      vertex 72.675 83.4986 31.2
    endloop
  endfacet
  facet normal -0.544764 -0.838589 -0
    outer loop
      vertex 72.8725 83.3703 31.2
      vertex 72.675 83.4986 0
      vertex 72.8725 83.3703 0
    endloop
  endfacet
  facet normal -0.358325 -0.933597 0
    outer loop
      vertex 72.2453 83.6899 0
      vertex 72.4652 83.6055 31.2
      vertex 72.2453 83.6899 31.2
    endloop
  endfacet
  facet normal -0.358325 -0.933597 -0
    outer loop
      vertex 72.4652 83.6055 31.2
      vertex 72.2453 83.6899 0
      vertex 72.4652 83.6055 0
    endloop
  endfacet
  facet normal -0.629345 -0.777126 0
    outer loop
      vertex 72.8725 83.3703 0
      vertex 73.0555 83.2221 31.2
      vertex 72.8725 83.3703 31.2
    endloop
  endfacet
  facet normal -0.629345 -0.777126 -0
    outer loop
      vertex 73.0555 83.2221 31.2
      vertex 72.8725 83.3703 0
      vertex 73.0555 83.2221 0
    endloop
  endfacet
  facet normal -0.0989443 0.372454 -0.922761
    outer loop
      vertex 72.0178 79.3492 31.2
      vertex 72.0572 70.7825 27.738
      vertex 72.0178 70.7812 27.7417
    endloop
  endfacet
  facet normal -0.0996964 0.372429 -0.92269
    outer loop
      vertex 72.0178 48.5164 18.7549
      vertex 72.2453 29.8601 11.2
      vertex 72.0178 29.7992 11.2
    endloop
  endfacet
  facet normal -0.0994847 0.372439 -0.922709
    outer loop
      vertex 72.2453 29.8601 11.2
      vertex 72.0178 48.5164 18.7549
      vertex 72.1595 48.5213 18.7416
    endloop
  endfacet
  facet normal -0.0590249 0.373638 -0.925695
    outer loop
      vertex 72.0178 79.3492 31.2
      vertex 72.0178 70.7812 27.7417
      vertex 71.9776 70.7803 27.7439
    endloop
  endfacet
  facet normal -0.0589661 0.373643 -0.925697
    outer loop
      vertex 72.0178 29.7992 11.2
      vertex 71.8732 48.5134 18.7629
      vertex 72.0178 48.5164 18.7549
    endloop
  endfacet
  facet normal -0.0592738 0.373634 -0.92568
    outer loop
      vertex 71.8732 48.5134 18.7629
      vertex 72.0178 29.7992 11.2
      vertex 71.7852 29.7623 11.2
    endloop
  endfacet
  facet normal -0.998635 -0.0522246 0
    outer loop
      vertex 73.8 81.55 0
      vertex 73.7877 81.7852 31.2
      vertex 73.7877 81.7852 0
    endloop
  endfacet
  facet normal -0.998635 -0.0522246 0
    outer loop
      vertex 73.7877 81.7852 31.2
      vertex 73.8 81.55 0
      vertex 73.8 81.55 31.2
    endloop
  endfacet
  facet normal -0.813387 0.217737 -0.539437
    outer loop
      vertex 73.7508 71.0066 27.1331
      vertex 73.6899 80.8547 31.2
      vertex 73.7508 81.0822 31.2
    endloop
  endfacet
  facet normal -0.813447 0.217705 -0.53936
    outer loop
      vertex 73.6899 80.8547 31.2
      vertex 73.7508 71.0066 27.1331
      vertex 73.6899 70.977 27.213
    endloop
  endfacet
  facet normal -0.813147 0.217862 -0.539749
    outer loop
      vertex 73.7508 31.5322 11.2
      vertex 73.6899 48.7122 18.2262
      vertex 73.7508 48.7418 18.1464
    endloop
  endfacet
  facet normal -0.813382 0.217736 -0.539444
    outer loop
      vertex 73.6899 48.7122 18.2262
      vertex 73.7508 31.5322 11.2
      vertex 73.6899 31.3047 11.2
    endloop
  endfacet
  facet normal 0.698174 0.267967 -0.663888
    outer loop
      vertex 2.39452 80.6348 31.2
      vertex 2.31012 31.3047 11.2
      vertex 2.31012 80.8547 31.2
    endloop
  endfacet
  facet normal 0.698174 0.267967 -0.663888
    outer loop
      vertex 2.31012 31.3047 11.2
      vertex 2.39452 80.6348 31.2
      vertex 2.39452 31.0848 11.2
    endloop
  endfacet
  facet normal -0.707107 -0.707107 0
    outer loop
      vertex 73.2221 83.0555 0
      vertex 73.0555 83.2221 31.2
      vertex 73.0555 83.2221 0
    endloop
  endfacet
  facet normal -0.707107 -0.707107 0
    outer loop
      vertex 73.0555 83.2221 31.2
      vertex 73.2221 83.0555 0
      vertex 73.2221 83.0555 31.2
    endloop
  endfacet
  facet normal 0.453927 -0.891039 0
    outer loop
      vertex 3.325 83.4986 0
      vertex 3.53484 83.6055 31.2
      vertex 3.325 83.4986 31.2
    endloop
  endfacet
  facet normal 0.453927 -0.891039 0
    outer loop
      vertex 3.53484 83.6055 31.2
      vertex 3.325 83.4986 0
      vertex 3.53484 83.6055 0
    endloop
  endfacet
  facet normal 0.0592714 0.373635 -0.92568
    outer loop
      vertex 3.9822 79.3492 31.2
      vertex 4.21481 29.7623 11.2
      vertex 3.9822 29.7992 11.2
    endloop
  endfacet
  facet normal 0.0997005 0.372428 -0.92269
    outer loop
      vertex 3.9822 79.3492 31.2
      vertex 3.9822 29.7992 11.2
      vertex 3.75471 29.8601 11.2
    endloop
  endfacet
  facet normal -0.0195704 0.374223 -0.927132
    outer loop
      vertex 71.55 48.51 18.7722
      vertex 71.7852 29.7623 11.2
      vertex 71.55 29.75 11.2
    endloop
  endfacet
  facet normal -0.0198899 0.374218 -0.927128
    outer loop
      vertex 71.7852 29.7623 11.2
      vertex 71.55 48.51 18.7722
      vertex 71.7852 48.5116 18.7678
    endloop
  endfacet
  facet normal -0.0194959 0.374226 -0.927132
    outer loop
      vertex 71.55 79.3 31.2
      vertex 71.7852 70.7764 27.7546
      vertex 71.55 70.7748 27.7589
    endloop
  endfacet
  facet normal -0.0195704 0.374224 -0.927132
    outer loop
      vertex 71.7852 70.7764 27.7546
      vertex 71.55 79.3 31.2
      vertex 71.7852 79.3123 31.2
    endloop
  endfacet
  facet normal -0.933597 -0.358325 0
    outer loop
      vertex 73.6899 82.2453 0
      vertex 73.6055 82.4652 31.2
      vertex 73.6055 82.4652 0
    endloop
  endfacet
  facet normal -0.933597 -0.358325 0
    outer loop
      vertex 73.6055 82.4652 31.2
      vertex 73.6899 82.2453 0
      vertex 73.6899 82.2453 31.2
    endloop
  endfacet
  facet normal -0.41954 0.339759 -0.841754
    outer loop
      vertex 73.2221 48.6068 18.5107
      vertex 73.3703 30.6775 11.2
      vertex 73.2221 30.4945 11.2
    endloop
  endfacet
  facet normal -0.419268 0.339808 -0.84187
    outer loop
      vertex 73.3703 30.6775 11.2
      vertex 73.2221 48.6068 18.5107
      vertex 73.3703 48.6306 18.4465
    endloop
  endfacet
  facet normal -0.419268 0.339808 -0.84187
    outer loop
      vertex 73.2221 80.0445 31.2
      vertex 73.3703 70.8954 27.4333
      vertex 73.2221 70.8716 27.4975
    endloop
  endfacet
  facet normal -0.419538 0.339757 -0.841756
    outer loop
      vertex 73.3703 70.8954 27.4333
      vertex 73.2221 80.0445 31.2
      vertex 73.3703 80.2275 31.2
    endloop
  endfacet
  facet normal -0.920721 0.146058 -0.361856
    outer loop
      vertex 73.7877 31.7648 11.2
      vertex 73.7508 48.7418 18.1464
      vertex 73.7877 48.772 18.0647
    endloop
  endfacet
  facet normal -0.920715 0.146064 -0.36187
    outer loop
      vertex 73.7508 48.7418 18.1464
      vertex 73.7877 31.7648 11.2
      vertex 73.7508 31.5322 11.2
    endloop
  endfacet
  facet normal -0.920713 0.146063 -0.361875
    outer loop
      vertex 73.7877 71.0368 27.0515
      vertex 73.7508 81.0822 31.2
      vertex 73.7877 81.3148 31.2
    endloop
  endfacet
  facet normal -0.920571 0.146191 -0.362183
    outer loop
      vertex 73.7508 81.0822 31.2
      vertex 73.7877 71.0368 27.0515
      vertex 73.7508 71.0066 27.1331
    endloop
  endfacet
  facet normal 0.499322 0.324294 -0.803437
    outer loop
      vertex 2.50144 30.875 11.2
      vertex 2.62971 80.2275 31.2
      vertex 2.62971 30.6775 11.2
    endloop
  endfacet
  facet normal 0.499322 0.324294 -0.803437
    outer loop
      vertex 2.62971 80.2275 31.2
      vertex 2.50144 30.875 11.2
      vertex 2.50144 80.425 31.2
    endloop
  endfacet
  facet normal -0.142498 0.370472 -0.917848
    outer loop
      vertex 72.2453 79.4101 31.2
      vertex 72.4652 70.8001 27.6906
      vertex 72.2453 70.7891 27.7203
    endloop
  endfacet
  facet normal -0.1422 0.370494 -0.917885
    outer loop
      vertex 72.4652 70.8001 27.6906
      vertex 72.2453 79.4101 31.2
      vertex 72.4652 79.4945 31.2
    endloop
  endfacet
  facet normal -0.142198 0.37049 -0.917887
    outer loop
      vertex 72.2453 48.5243 18.7335
      vertex 72.4652 29.9445 11.2
      vertex 72.2453 29.8601 11.2
    endloop
  endfacet
  facet normal -0.142498 0.370471 -0.917848
    outer loop
      vertex 72.4652 29.9445 11.2
      vertex 72.2453 48.5243 18.7335
      vertex 72.4652 48.5353 18.7038
    endloop
  endfacet
  facet normal 0.258598 -0.965985 0
    outer loop
      vertex 3.75471 83.6899 0
      vertex 3.9822 83.7508 31.2
      vertex 3.75471 83.6899 31.2
    endloop
  endfacet
  facet normal 0.258598 -0.965985 0
    outer loop
      vertex 3.9822 83.7508 31.2
      vertex 3.75471 83.6899 0
      vertex 3.9822 83.7508 0
    endloop
  endfacet
  facet normal 0.156676 -0.98765 0
    outer loop
      vertex 3.9822 83.7508 0
      vertex 4.21481 83.7877 31.2
      vertex 3.9822 83.7508 31.2
    endloop
  endfacet
  facet normal 0.156676 -0.98765 0
    outer loop
      vertex 4.21481 83.7877 31.2
      vertex 3.9822 83.7508 0
      vertex 4.21481 83.7877 0
    endloop
  endfacet
  facet normal -0.236264 0.363696 -0.901058
    outer loop
      vertex 72.675 48.5492 18.6663
      vertex 72.8725 30.1797 11.2
      vertex 72.675 30.0514 11.2
    endloop
  endfacet
  facet normal -0.236069 0.363715 -0.901101
    outer loop
      vertex 72.8725 30.1797 11.2
      vertex 72.675 48.5492 18.6663
      vertex 72.8725 48.5659 18.6213
    endloop
  endfacet
  facet normal -0.236069 0.363716 -0.901101
    outer loop
      vertex 72.675 79.6014 31.2
      vertex 72.8725 70.8307 27.6081
      vertex 72.675 70.814 27.6531
    endloop
  endfacet
  facet normal -0.236263 0.363694 -0.901059
    outer loop
      vertex 72.8725 70.8307 27.6081
      vertex 72.675 79.6014 31.2
      vertex 72.8725 79.7297 31.2
    endloop
  endfacet
  facet normal -0.891004 -0.453996 0
    outer loop
      vertex 73.6055 82.4652 0
      vertex 73.4986 82.675 31.2
      vertex 73.4986 82.675 0
    endloop
  endfacet
  facet normal -0.891004 -0.453996 0
    outer loop
      vertex 73.4986 82.675 31.2
      vertex 73.6055 82.4652 0
      vertex 73.6055 82.4652 31.2
    endloop
  endfacet
  facet normal -0.258588 -0.965988 0
    outer loop
      vertex 72.0178 83.7508 0
      vertex 72.2453 83.6899 31.2
      vertex 72.0178 83.7508 31.2
    endloop
  endfacet
  facet normal -0.258588 -0.965988 -0
    outer loop
      vertex 72.2453 83.6899 31.2
      vertex 72.0178 83.7508 0
      vertex 72.2453 83.6899 0
    endloop
  endfacet
  facet normal -0.187337 0.367664 -0.910894
    outer loop
      vertex 72.4652 48.5353 18.7038
      vertex 72.675 30.0514 11.2
      vertex 72.4652 29.9445 11.2
    endloop
  endfacet
  facet normal -0.187179 0.367677 -0.910921
    outer loop
      vertex 72.675 30.0514 11.2
      vertex 72.4652 48.5353 18.7038
      vertex 72.675 48.5492 18.6663
    endloop
  endfacet
  facet normal -0.187179 0.367683 -0.910919
    outer loop
      vertex 72.4652 79.4945 31.2
      vertex 72.675 70.814 27.6531
      vertex 72.4652 70.8001 27.6906
    endloop
  endfacet
  facet normal -0.187339 0.367668 -0.910892
    outer loop
      vertex 72.675 70.814 27.6531
      vertex 72.4652 79.4945 31.2
      vertex 72.675 79.6014 31.2
    endloop
  endfacet
  facet normal -0.29156 0.358031 -0.887021
    outer loop
      vertex 73.0555 79.8779 31.2
      vertex 73.0555 70.8499 27.556
      vertex 73.0223 70.8464 27.5655
    endloop
  endfacet
  facet normal -0.290563 0.358142 -0.887303
    outer loop
      vertex 73.0555 30.3279 11.2
      vertex 72.9403 48.573 18.602
      vertex 73.0555 48.5852 18.5692
    endloop
  endfacet
  facet normal -0.290083 0.3582 -0.887437
    outer loop
      vertex 72.9403 48.573 18.602
      vertex 73.0555 30.3279 11.2
      vertex 72.8725 30.1797 11.2
    endloop
  endfacet
  facet normal 0 0 -1
    outer loop
      vertex 1.4 12 4
      vertex 2.2 22 4
      vertex 2.2 12 4
    endloop
  endfacet
  facet normal -0 0 -1
    outer loop
      vertex 2.2 22 4
      vertex 1.4 12 4
      vertex 1.4 22 4
    endloop
  endfacet
  facet normal -0 0 1
    outer loop
      vertex 1.4 22 2.6
      vertex 2.2 12 2.6
      vertex 2.2 22 2.6
    endloop
  endfacet
  facet normal 0 0 1
    outer loop
      vertex 2.2 12 2.6
      vertex 1.4 22 2.6
      vertex 1.4 12 2.6
    endloop
  endfacet
  facet normal 1 -0 0
    outer loop
      vertex 1.4 12 4
      vertex 1.4 22 2.6
      vertex 1.4 22 4
    endloop
  endfacet
  facet normal 1 0 0
    outer loop
      vertex 1.4 22 2.6
      vertex 1.4 12 4
      vertex 1.4 12 2.6
    endloop
  endfacet
  facet normal 0 -1 0
    outer loop
      vertex 1.4 22 2.6
      vertex 2.2 22 4
      vertex 1.4 22 4
    endloop
  endfacet
  facet normal 0 -1 -0
    outer loop
      vertex 2.2 22 4
      vertex 1.4 22 2.6
      vertex 2.2 22 2.6
    endloop
  endfacet
  facet normal 0 1 -0
    outer loop
      vertex 2.2 12 2.6
      vertex 1.4 12 4
      vertex 2.2 12 4
    endloop
  endfacet
  facet normal 0 1 0
    outer loop
      vertex 1.4 12 4
      vertex 2.2 12 2.6
      vertex 1.4 12 2.6
    endloop
  endfacet
  facet normal -1 0 0
    outer loop
      vertex 74.6 12 2.6
      vertex 74.6 22 4
      vertex 74.6 22 2.6
    endloop
  endfacet
  facet normal -1 -0 0
    outer loop
      vertex 74.6 22 4
      vertex 74.6 12 2.6
      vertex 74.6 12 4
    endloop
  endfacet
  facet normal 0 0 -1
    outer loop
      vertex 73.8 12 4
      vertex 74.6 22 4
      vertex 74.6 12 4
    endloop
  endfacet
  facet normal -0 0 -1
    outer loop
      vertex 74.6 22 4
      vertex 73.8 12 4
      vertex 73.8 22 4
    endloop
  endfacet
  facet normal -0 0 1
    outer loop
      vertex 73.8 22 2.6
      vertex 74.6 12 2.6
      vertex 74.6 22 2.6
    endloop
  endfacet
  facet normal 0 0 1
    outer loop
      vertex 74.6 12 2.6
      vertex 73.8 22 2.6
      vertex 73.8 12 2.6
    endloop
  endfacet
  facet normal 0 -1 0
    outer loop
      vertex 73.8 22 2.6
      vertex 74.6 22 4
      vertex 73.8 22 4
    endloop
  endfacet
  facet normal 0 -1 -0
    outer loop
      vertex 74.6 22 4
      vertex 73.8 22 2.6
      vertex 74.6 22 2.6
    endloop
  endfacet
  facet normal 0 1 -0
    outer loop
      vertex 74.6 12 2.6
      vertex 73.8 12 4
      vertex 74.6 12 4
    endloop
  endfacet
  facet normal 0 1 0
    outer loop
      vertex 73.8 12 4
      vertex 74.6 12 2.6
      vertex 73.8 12 2.6
    endloop
  endfacet
  facet normal 0 0 -1
    outer loop
      vertex 1.4 70 4
      vertex 2.2 80 4
      vertex 2.2 70 4
    endloop
  endfacet
  facet normal -0 0 -1
    outer loop
      vertex 2.2 80 4
      vertex 1.4 70 4
      vertex 1.4 80 4
    endloop
  endfacet
  facet normal -0 0 1
    outer loop
      vertex 1.4 80 2.6
      vertex 2.2 70 2.6
      vertex 2.2 80 2.6
    endloop
  endfacet
  facet normal 0 0 1
    outer loop
      vertex 2.2 70 2.6
      vertex 1.4 80 2.6
      vertex 1.4 70 2.6
    endloop
  endfacet
  facet normal 1 -0 0
    outer loop
      vertex 1.4 70 4
      vertex 1.4 80 2.6
      vertex 1.4 80 4
    endloop
  endfacet
  facet normal 1 0 0
    outer loop
      vertex 1.4 80 2.6
      vertex 1.4 70 4
      vertex 1.4 70 2.6
    endloop
  endfacet
  facet normal 0 -1 0
    outer loop
      vertex 1.4 80 2.6
      vertex 2.2 80 4
      vertex 1.4 80 4
    endloop
  endfacet
  facet normal 0 -1 -0
    outer loop
      vertex 2.2 80 4
      vertex 1.4 80 2.6
      vertex 2.2 80 2.6
    endloop
  endfacet
  facet normal 0 1 -0
    outer loop
      vertex 2.2 70 2.6
      vertex 1.4 70 4
      vertex 2.2 70 4
    endloop
  endfacet
  facet normal 0 1 0
    outer loop
      vertex 1.4 70 4
      vertex 2.2 70 2.6
      vertex 1.4 70 2.6
    endloop
  endfacet
  facet normal -1 0 0
    outer loop
      vertex 74.6 70 2.6
      vertex 74.6 80 4
      vertex 74.6 80 2.6
    endloop
  endfacet
  facet normal -1 -0 0
    outer loop
      vertex 74.6 80 4
      vertex 74.6 70 2.6
      vertex 74.6 70 4
    endloop
  endfacet
  facet normal 0 0 -1
    outer loop
      vertex 73.8 70 4
      vertex 74.6 80 4
      vertex 74.6 70 4
    endloop
  endfacet
  facet normal -0 0 -1
    outer loop
      vertex 74.6 80 4
      vertex 73.8 70 4
      vertex 73.8 80 4
    endloop
  endfacet
  facet normal -0 0 1
    outer loop
      vertex 73.8 80 2.6
      vertex 74.6 70 2.6
      vertex 74.6 80 2.6
    endloop
  endfacet
  facet normal 0 0 1
    outer loop
      vertex 74.6 70 2.6
      vertex 73.8 80 2.6
      vertex 73.8 70 2.6
    endloop
  endfacet
  facet normal 0 -1 0
    outer loop
      vertex 73.8 80 2.6
      vertex 74.6 80 4
      vertex 73.8 80 4
    endloop
  endfacet
  facet normal 0 -1 -0
    outer loop
      vertex 74.6 80 4
      vertex 73.8 80 2.6
      vertex 74.6 80 2.6
    endloop
  endfacet
  facet normal 0 1 -0
    outer loop
      vertex 74.6 70 2.6
      vertex 73.8 70 4
      vertex 74.6 70 4
    endloop
  endfacet
  facet normal 0 1 0
    outer loop
      vertex 73.8 70 4
      vertex 74.6 70 2.6
      vertex 73.8 70 2.6
    endloop
  endfacet
  facet normal -1 0 0
    outer loop
      vertex 35.475 23.5 13.5
      vertex 35.475 18.4 14.9
      vertex 35.475 23.5 15
    endloop
  endfacet
  facet normal -1 0 0
    outer loop
      vertex 35.475 23.5 13.5
      vertex 35.475 14.6 14.9
      vertex 35.475 18.4 14.9
    endloop
  endfacet
  facet normal -1 0 0
    outer loop
      vertex 35.475 9.5 13.5
      vertex 35.475 14.6 14.9
      vertex 35.475 23.5 13.5
    endloop
  endfacet
  facet normal -1 0 0
    outer loop
      vertex 35.475 9.5 15
      vertex 35.475 14.6 14.9
      vertex 35.475 9.5 13.5
    endloop
  endfacet
  facet normal -1 0 0
    outer loop
      vertex 35.475 14.6 14.9
      vertex 35.475 9.5 15
      vertex 35.475 14.6 15
    endloop
  endfacet
  facet normal -1 -0 0
    outer loop
      vertex 35.475 23.5 15
      vertex 35.475 18.4 14.9
      vertex 35.475 18.4 15
    endloop
  endfacet
  facet normal 1 0 0
    outer loop
      vertex 21.475 14.6 15
      vertex 21.475 9.5 15
      vertex 21.475 14.6 14.9
    endloop
  endfacet
  facet normal 1 0 0
    outer loop
      vertex 21.475 18.4 14.9
      vertex 21.475 23.5 15
      vertex 21.475 18.4 15
    endloop
  endfacet
  facet normal 1 0 0
    outer loop
      vertex 21.475 23.5 15
      vertex 21.475 18.4 14.9
      vertex 21.475 23.5 13.5
    endloop
  endfacet
  facet normal 1 -0 0
    outer loop
      vertex 21.475 14.6 14.9
      vertex 21.475 23.5 13.5
      vertex 21.475 18.4 14.9
    endloop
  endfacet
  facet normal 1 0 0
    outer loop
      vertex 21.475 9.5 13.5
      vertex 21.475 14.6 14.9
      vertex 21.475 9.5 15
    endloop
  endfacet
  facet normal 1 0 0
    outer loop
      vertex 21.475 14.6 14.9
      vertex 21.475 9.5 13.5
      vertex 21.475 23.5 13.5
    endloop
  endfacet
  facet normal 0 -1 0
    outer loop
      vertex 21.475 23.5 15
      vertex 26.575 23.5 14.9
      vertex 26.575 23.5 15
    endloop
  endfacet
  facet normal 0 -1 -0
    outer loop
      vertex 26.575 23.5 14.9
      vertex 21.475 23.5 13.5
      vertex 30.375 23.5 14.9
    endloop
  endfacet
  facet normal 0 -1 0
    outer loop
      vertex 21.475 23.5 13.5
      vertex 26.575 23.5 14.9
      vertex 21.475 23.5 15
    endloop
  endfacet
  facet normal 0 -1 0
    outer loop
      vertex 30.375 23.5 14.9
      vertex 35.475 23.5 15
      vertex 30.375 23.5 15
    endloop
  endfacet
  facet normal 0 -1 0
    outer loop
      vertex 35.475 23.5 13.5
      vertex 30.375 23.5 14.9
      vertex 21.475 23.5 13.5
    endloop
  endfacet
  facet normal 0 -1 0
    outer loop
      vertex 30.375 23.5 14.9
      vertex 35.475 23.5 13.5
      vertex 35.475 23.5 15
    endloop
  endfacet
  facet normal 0 1 0
    outer loop
      vertex 35.475 9.5 15
      vertex 30.375 9.5 14.9
      vertex 30.375 9.5 15
    endloop
  endfacet
  facet normal 0 1 0
    outer loop
      vertex 30.375 9.5 14.9
      vertex 35.475 9.5 13.5
      vertex 26.575 9.5 14.9
    endloop
  endfacet
  facet normal 0 1 -0
    outer loop
      vertex 35.475 9.5 13.5
      vertex 30.375 9.5 14.9
      vertex 35.475 9.5 15
    endloop
  endfacet
  facet normal 0 1 -0
    outer loop
      vertex 26.575 9.5 14.9
      vertex 21.475 9.5 15
      vertex 26.575 9.5 15
    endloop
  endfacet
  facet normal 0 1 0
    outer loop
      vertex 21.475 9.5 13.5
      vertex 26.575 9.5 14.9
      vertex 35.475 9.5 13.5
    endloop
  endfacet
  facet normal 0 1 0
    outer loop
      vertex 26.575 9.5 14.9
      vertex 21.475 9.5 13.5
      vertex 21.475 9.5 15
    endloop
  endfacet
  facet normal -1 0 0
    outer loop
      vertex 35.775 14.6 14.9
      vertex 35.775 18.4 15
      vertex 35.775 18.4 14.9
    endloop
  endfacet
  facet normal -1 -0 0
    outer loop
      vertex 35.775 18.4 15
      vertex 35.775 14.6 14.9
      vertex 35.775 14.6 15
    endloop
  endfacet
  facet normal -0 0 1
    outer loop
      vertex 35.475 18.4 14.9
      vertex 35.775 14.6 14.9
      vertex 35.775 18.4 14.9
    endloop
  endfacet
  facet normal 0 0 1
    outer loop
      vertex 35.775 14.6 14.9
      vertex 35.475 18.4 14.9
      vertex 35.475 14.6 14.9
    endloop
  endfacet
  facet normal -0 0 1
    outer loop
      vertex 21.175 18.4 14.9
      vertex 21.475 14.6 14.9
      vertex 21.475 18.4 14.9
    endloop
  endfacet
  facet normal 0 0 1
    outer loop
      vertex 21.475 14.6 14.9
      vertex 21.175 18.4 14.9
      vertex 21.175 14.6 14.9
    endloop
  endfacet
  facet normal 1 -0 0
    outer loop
      vertex 21.175 14.6 15
      vertex 21.175 18.4 14.9
      vertex 21.175 18.4 15
    endloop
  endfacet
  facet normal 1 0 0
    outer loop
      vertex 21.175 18.4 14.9
      vertex 21.175 14.6 15
      vertex 21.175 14.6 14.9
    endloop
  endfacet
  facet normal 0 -1 0
    outer loop
      vertex 21.175 18.4 14.9
      vertex 21.475 18.4 15
      vertex 21.175 18.4 15
    endloop
  endfacet
  facet normal 0 -1 -0
    outer loop
      vertex 21.475 18.4 15
      vertex 21.175 18.4 14.9
      vertex 21.475 18.4 14.9
    endloop
  endfacet
  facet normal 0 -1 0
    outer loop
      vertex 35.475 18.4 14.9
      vertex 35.775 18.4 15
      vertex 35.475 18.4 15
    endloop
  endfacet
  facet normal 0 -1 -0
    outer loop
      vertex 35.775 18.4 15
      vertex 35.475 18.4 14.9
      vertex 35.775 18.4 14.9
    endloop
  endfacet
  facet normal 0 1 -0
    outer loop
      vertex 21.475 14.6 14.9
      vertex 21.175 14.6 15
      vertex 21.475 14.6 15
    endloop
  endfacet
  facet normal 0 1 0
    outer loop
      vertex 21.175 14.6 15
      vertex 21.475 14.6 14.9
      vertex 21.175 14.6 14.9
    endloop
  endfacet
  facet normal 0 1 -0
    outer loop
      vertex 35.775 14.6 14.9
      vertex 35.475 14.6 15
      vertex 35.775 14.6 15
    endloop
  endfacet
  facet normal 0 1 0
    outer loop
      vertex 35.475 14.6 15
      vertex 35.775 14.6 14.9
      vertex 35.475 14.6 14.9
    endloop
  endfacet
  facet normal -1 0 0
    outer loop
      vertex 30.375 23.5 14.9
      vertex 30.375 23.8 15
      vertex 30.375 23.8 14.9
    endloop
  endfacet
  facet normal -1 -0 0
    outer loop
      vertex 30.375 23.8 15
      vertex 30.375 23.5 14.9
      vertex 30.375 23.5 15
    endloop
  endfacet
  facet normal -1 0 0
    outer loop
      vertex 30.375 9.2 14.9
      vertex 30.375 9.5 15
      vertex 30.375 9.5 14.9
    endloop
  endfacet
  facet normal -1 -0 0
    outer loop
      vertex 30.375 9.5 15
      vertex 30.375 9.2 14.9
      vertex 30.375 9.2 15
    endloop
  endfacet
  facet normal -0 0 1
    outer loop
      vertex 26.575 23.8 14.9
      vertex 30.375 23.5 14.9
      vertex 30.375 23.8 14.9
    endloop
  endfacet
  facet normal 0 0 1
    outer loop
      vertex 30.375 23.5 14.9
      vertex 26.575 23.8 14.9
      vertex 26.575 23.5 14.9
    endloop
  endfacet
  facet normal -0 0 1
    outer loop
      vertex 26.575 9.5 14.9
      vertex 30.375 9.2 14.9
      vertex 30.375 9.5 14.9
    endloop
  endfacet
  facet normal 0 0 1
    outer loop
      vertex 30.375 9.2 14.9
      vertex 26.575 9.5 14.9
      vertex 26.575 9.2 14.9
    endloop
  endfacet
  facet normal 1 -0 0
    outer loop
      vertex 26.575 23.5 15
      vertex 26.575 23.8 14.9
      vertex 26.575 23.8 15
    endloop
  endfacet
  facet normal 1 0 0
    outer loop
      vertex 26.575 23.8 14.9
      vertex 26.575 23.5 15
      vertex 26.575 23.5 14.9
    endloop
  endfacet
  facet normal 1 -0 0
    outer loop
      vertex 26.575 9.2 15
      vertex 26.575 9.5 14.9
      vertex 26.575 9.5 15
    endloop
  endfacet
  facet normal 1 0 0
    outer loop
      vertex 26.575 9.5 14.9
      vertex 26.575 9.2 15
      vertex 26.575 9.2 14.9
    endloop
  endfacet
  facet normal 0 -1 0
    outer loop
      vertex 26.575 23.8 14.9
      vertex 30.375 23.8 15
      vertex 26.575 23.8 15
    endloop
  endfacet
  facet normal 0 -1 -0
    outer loop
      vertex 30.375 23.8 15
      vertex 26.575 23.8 14.9
      vertex 30.375 23.8 14.9
    endloop
  endfacet
  facet normal 0 1 -0
    outer loop
      vertex 30.375 9.2 14.9
      vertex 26.575 9.2 15
      vertex 30.375 9.2 15
    endloop
  endfacet
  facet normal 0 1 0
    outer loop
      vertex 26.575 9.2 15
      vertex 30.375 9.2 14.9
      vertex 26.575 9.2 14.9
    endloop
  endfacet
  facet normal -1 0 0
    outer loop
      vertex 36.475 8.5 11.2
      vertex 36.475 24.5 13.5
      vertex 36.475 24.5 11.2
    endloop
  endfacet
  facet normal -1 -0 0
    outer loop
      vertex 36.475 24.5 13.5
      vertex 36.475 8.5 11.2
      vertex 36.475 8.5 13.5
    endloop
  endfacet
  facet normal 0 0 -1
    outer loop
      vertex 36.475 8.5 13.5
      vertex 35.475 9.5 13.5
      vertex 36.475 24.5 13.5
    endloop
  endfacet
  facet normal 0 0 -1
    outer loop
      vertex 36.475 8.5 13.5
      vertex 21.475 9.5 13.5
      vertex 35.475 9.5 13.5
    endloop
  endfacet
  facet normal -0 0 -1
    outer loop
      vertex 21.475 9.5 13.5
      vertex 20.475 8.5 13.5
      vertex 21.475 23.5 13.5
    endloop
  endfacet
  facet normal 0 0 -1
    outer loop
      vertex 20.475 8.5 13.5
      vertex 21.475 9.5 13.5
      vertex 36.475 8.5 13.5
    endloop
  endfacet
  facet normal 0 0 -1
    outer loop
      vertex 35.475 23.5 13.5
      vertex 36.475 24.5 13.5
      vertex 35.475 9.5 13.5
    endloop
  endfacet
  facet normal 0 0 -1
    outer loop
      vertex 21.475 23.5 13.5
      vertex 36.475 24.5 13.5
      vertex 35.475 23.5 13.5
    endloop
  endfacet
  facet normal 0 0 -1
    outer loop
      vertex 21.475 23.5 13.5
      vertex 20.475 24.5 13.5
      vertex 36.475 24.5 13.5
    endloop
  endfacet
  facet normal 0 0 -1
    outer loop
      vertex 20.475 24.5 13.5
      vertex 21.475 23.5 13.5
      vertex 20.475 8.5 13.5
    endloop
  endfacet
  facet normal 1 -0 0
    outer loop
      vertex 20.475 8.5 13.5
      vertex 20.475 24.5 11.2
      vertex 20.475 24.5 13.5
    endloop
  endfacet
  facet normal 1 0 0
    outer loop
      vertex 20.475 24.5 11.2
      vertex 20.475 8.5 13.5
      vertex 20.475 8.5 11.2
    endloop
  endfacet
  facet normal 0 -1 0
    outer loop
      vertex 20.475 24.5 11.2
      vertex 36.475 24.5 13.5
      vertex 20.475 24.5 13.5
    endloop
  endfacet
  facet normal 0 -1 -0
    outer loop
      vertex 36.475 24.5 13.5
      vertex 20.475 24.5 11.2
      vertex 36.475 24.5 11.2
    endloop
  endfacet
  facet normal 0 1 -0
    outer loop
      vertex 36.475 8.5 11.2
      vertex 20.475 8.5 13.5
      vertex 36.475 8.5 13.5
    endloop
  endfacet
  facet normal 0 1 0
    outer loop
      vertex 20.475 8.5 13.5
      vertex 36.475 8.5 11.2
      vertex 20.475 8.5 11.2
    endloop
  endfacet
  facet normal -1 0 0
    outer loop
      vertex 54.525 23.5 13.5
      vertex 54.525 18.4 14.9
      vertex 54.525 23.5 15
    endloop
  endfacet
  facet normal -1 0 0
    outer loop
      vertex 54.525 23.5 13.5
      vertex 54.525 14.6 14.9
      vertex 54.525 18.4 14.9
    endloop
  endfacet
  facet normal -1 0 0
    outer loop
      vertex 54.525 9.5 13.5
      vertex 54.525 14.6 14.9
      vertex 54.525 23.5 13.5
    endloop
  endfacet
  facet normal -1 0 0
    outer loop
      vertex 54.525 9.5 15
      vertex 54.525 14.6 14.9
      vertex 54.525 9.5 13.5
    endloop
  endfacet
  facet normal -1 0 0
    outer loop
      vertex 54.525 14.6 14.9
      vertex 54.525 9.5 15
      vertex 54.525 14.6 15
    endloop
  endfacet
  facet normal -1 -0 0
    outer loop
      vertex 54.525 23.5 15
      vertex 54.525 18.4 14.9
      vertex 54.525 18.4 15
    endloop
  endfacet
  facet normal 1 0 0
    outer loop
      vertex 40.525 14.6 15
      vertex 40.525 9.5 15
      vertex 40.525 14.6 14.9
    endloop
  endfacet
  facet normal 1 0 0
    outer loop
      vertex 40.525 18.4 14.9
      vertex 40.525 23.5 15
      vertex 40.525 18.4 15
    endloop
  endfacet
  facet normal 1 0 0
    outer loop
      vertex 40.525 23.5 15
      vertex 40.525 18.4 14.9
      vertex 40.525 23.5 13.5
    endloop
  endfacet
  facet normal 1 -0 0
    outer loop
      vertex 40.525 14.6 14.9
      vertex 40.525 23.5 13.5
      vertex 40.525 18.4 14.9
    endloop
  endfacet
  facet normal 1 0 0
    outer loop
      vertex 40.525 9.5 13.5
      vertex 40.525 14.6 14.9
      vertex 40.525 9.5 15
    endloop
  endfacet
  facet normal 1 0 0
    outer loop
      vertex 40.525 14.6 14.9
      vertex 40.525 9.5 13.5
      vertex 40.525 23.5 13.5
    endloop
  endfacet
  facet normal 0 -1 0
    outer loop
      vertex 40.525 23.5 15
      vertex 45.625 23.5 14.9
      vertex 45.625 23.5 15
    endloop
  endfacet
  facet normal 0 -1 -0
    outer loop
      vertex 45.625 23.5 14.9
      vertex 40.525 23.5 13.5
      vertex 49.425 23.5 14.9
    endloop
  endfacet
  facet normal 0 -1 0
    outer loop
      vertex 40.525 23.5 13.5
      vertex 45.625 23.5 14.9
      vertex 40.525 23.5 15
    endloop
  endfacet
  facet normal 0 -1 0
    outer loop
      vertex 49.425 23.5 14.9
      vertex 54.525 23.5 15
      vertex 49.425 23.5 15
    endloop
  endfacet
  facet normal 0 -1 0
    outer loop
      vertex 54.525 23.5 13.5
      vertex 49.425 23.5 14.9
      vertex 40.525 23.5 13.5
    endloop
  endfacet
  facet normal 0 -1 0
    outer loop
      vertex 49.425 23.5 14.9
      vertex 54.525 23.5 13.5
      vertex 54.525 23.5 15
    endloop
  endfacet
  facet normal 0 1 0
    outer loop
      vertex 54.525 9.5 15
      vertex 49.425 9.5 14.9
      vertex 49.425 9.5 15
    endloop
  endfacet
  facet normal 0 1 0
    outer loop
      vertex 49.425 9.5 14.9
      vertex 54.525 9.5 13.5
      vertex 45.625 9.5 14.9
    endloop
  endfacet
  facet normal 0 1 -0
    outer loop
      vertex 54.525 9.5 13.5
      vertex 49.425 9.5 14.9
      vertex 54.525 9.5 15
    endloop
  endfacet
  facet normal 0 1 -0
    outer loop
      vertex 45.625 9.5 14.9
      vertex 40.525 9.5 15
      vertex 45.625 9.5 15
    endloop
  endfacet
  facet normal 0 1 0
    outer loop
      vertex 40.525 9.5 13.5
      vertex 45.625 9.5 14.9
      vertex 54.525 9.5 13.5
    endloop
  endfacet
  facet normal 0 1 0
    outer loop
      vertex 45.625 9.5 14.9
      vertex 40.525 9.5 13.5
      vertex 40.525 9.5 15
    endloop
  endfacet
  facet normal -1 0 0
    outer loop
      vertex 54.825 14.6 14.9
      vertex 54.825 18.4 15
      vertex 54.825 18.4 14.9
    endloop
  endfacet
  facet normal -1 -0 0
    outer loop
      vertex 54.825 18.4 15
      vertex 54.825 14.6 14.9
      vertex 54.825 14.6 15
    endloop
  endfacet
  facet normal -0 0 1
    outer loop
      vertex 54.525 18.4 14.9
      vertex 54.825 14.6 14.9
      vertex 54.825 18.4 14.9
    endloop
  endfacet
  facet normal 0 0 1
    outer loop
      vertex 54.825 14.6 14.9
      vertex 54.525 18.4 14.9
      vertex 54.525 14.6 14.9
    endloop
  endfacet
  facet normal -0 0 1
    outer loop
      vertex 40.225 18.4 14.9
      vertex 40.525 14.6 14.9
      vertex 40.525 18.4 14.9
    endloop
  endfacet
  facet normal 0 0 1
    outer loop
      vertex 40.525 14.6 14.9
      vertex 40.225 18.4 14.9
      vertex 40.225 14.6 14.9
    endloop
  endfacet
  facet normal 1 -0 0
    outer loop
      vertex 40.225 14.6 15
      vertex 40.225 18.4 14.9
      vertex 40.225 18.4 15
    endloop
  endfacet
  facet normal 1 0 0
    outer loop
      vertex 40.225 18.4 14.9
      vertex 40.225 14.6 15
      vertex 40.225 14.6 14.9
    endloop
  endfacet
  facet normal 0 -1 0
    outer loop
      vertex 40.225 18.4 14.9
      vertex 40.525 18.4 15
      vertex 40.225 18.4 15
    endloop
  endfacet
  facet normal 0 -1 -0
    outer loop
      vertex 40.525 18.4 15
      vertex 40.225 18.4 14.9
      vertex 40.525 18.4 14.9
    endloop
  endfacet
  facet normal 0 -1 0
    outer loop
      vertex 54.525 18.4 14.9
      vertex 54.825 18.4 15
      vertex 54.525 18.4 15
    endloop
  endfacet
  facet normal 0 -1 -0
    outer loop
      vertex 54.825 18.4 15
      vertex 54.525 18.4 14.9
      vertex 54.825 18.4 14.9
    endloop
  endfacet
  facet normal 0 1 -0
    outer loop
      vertex 40.525 14.6 14.9
      vertex 40.225 14.6 15
      vertex 40.525 14.6 15
    endloop
  endfacet
  facet normal 0 1 0
    outer loop
      vertex 40.225 14.6 15
      vertex 40.525 14.6 14.9
      vertex 40.225 14.6 14.9
    endloop
  endfacet
  facet normal 0 1 -0
    outer loop
      vertex 54.825 14.6 14.9
      vertex 54.525 14.6 15
      vertex 54.825 14.6 15
    endloop
  endfacet
  facet normal 0 1 0
    outer loop
      vertex 54.525 14.6 15
      vertex 54.825 14.6 14.9
      vertex 54.525 14.6 14.9
    endloop
  endfacet
  facet normal -1 0 0
    outer loop
      vertex 49.425 23.5 14.9
      vertex 49.425 23.8 15
      vertex 49.425 23.8 14.9
    endloop
  endfacet
  facet normal -1 -0 0
    outer loop
      vertex 49.425 23.8 15
      vertex 49.425 23.5 14.9
      vertex 49.425 23.5 15
    endloop
  endfacet
  facet normal -1 0 0
    outer loop
      vertex 49.425 9.2 14.9
      vertex 49.425 9.5 15
      vertex 49.425 9.5 14.9
    endloop
  endfacet
  facet normal -1 -0 0
    outer loop
      vertex 49.425 9.5 15
      vertex 49.425 9.2 14.9
      vertex 49.425 9.2 15
    endloop
  endfacet
  facet normal -0 0 1
    outer loop
      vertex 45.625 23.8 14.9
      vertex 49.425 23.5 14.9
      vertex 49.425 23.8 14.9
    endloop
  endfacet
  facet normal 0 0 1
    outer loop
      vertex 49.425 23.5 14.9
      vertex 45.625 23.8 14.9
      vertex 45.625 23.5 14.9
    endloop
  endfacet
  facet normal -0 0 1
    outer loop
      vertex 45.625 9.5 14.9
      vertex 49.425 9.2 14.9
      vertex 49.425 9.5 14.9
    endloop
  endfacet
  facet normal 0 0 1
    outer loop
      vertex 49.425 9.2 14.9
      vertex 45.625 9.5 14.9
      vertex 45.625 9.2 14.9
    endloop
  endfacet
  facet normal 1 -0 0
    outer loop
      vertex 45.625 23.5 15
      vertex 45.625 23.8 14.9
      vertex 45.625 23.8 15
    endloop
  endfacet
  facet normal 1 0 0
    outer loop
      vertex 45.625 23.8 14.9
      vertex 45.625 23.5 15
      vertex 45.625 23.5 14.9
    endloop
  endfacet
  facet normal 1 -0 0
    outer loop
      vertex 45.625 9.2 15
      vertex 45.625 9.5 14.9
      vertex 45.625 9.5 15
    endloop
  endfacet
  facet normal 1 0 0
    outer loop
      vertex 45.625 9.5 14.9
      vertex 45.625 9.2 15
      vertex 45.625 9.2 14.9
    endloop
  endfacet
  facet normal 0 -1 0
    outer loop
      vertex 45.625 23.8 14.9
      vertex 49.425 23.8 15
      vertex 45.625 23.8 15
    endloop
  endfacet
  facet normal 0 -1 -0
    outer loop
      vertex 49.425 23.8 15
      vertex 45.625 23.8 14.9
      vertex 49.425 23.8 14.9
    endloop
  endfacet
  facet normal 0 1 -0
    outer loop
      vertex 49.425 9.2 14.9
      vertex 45.625 9.2 15
      vertex 49.425 9.2 15
    endloop
  endfacet
  facet normal 0 1 0
    outer loop
      vertex 45.625 9.2 15
      vertex 49.425 9.2 14.9
      vertex 45.625 9.2 14.9
    endloop
  endfacet
  facet normal -1 0 0
    outer loop
      vertex 55.525 8.5 11.2
      vertex 55.525 24.5 13.5
      vertex 55.525 24.5 11.2
    endloop
  endfacet
  facet normal -1 -0 0
    outer loop
      vertex 55.525 24.5 13.5
      vertex 55.525 8.5 11.2
      vertex 55.525 8.5 13.5
    endloop
  endfacet
  facet normal 0 0 -1
    outer loop
      vertex 55.525 8.5 13.5
      vertex 54.525 9.5 13.5
      vertex 55.525 24.5 13.5
    endloop
  endfacet
  facet normal 0 0 -1
    outer loop
      vertex 55.525 8.5 13.5
      vertex 40.525 9.5 13.5
      vertex 54.525 9.5 13.5
    endloop
  endfacet
  facet normal -0 0 -1
    outer loop
      vertex 40.525 9.5 13.5
      vertex 39.525 8.5 13.5
      vertex 40.525 23.5 13.5
    endloop
  endfacet
  facet normal 0 0 -1
    outer loop
      vertex 39.525 8.5 13.5
      vertex 40.525 9.5 13.5
      vertex 55.525 8.5 13.5
    endloop
  endfacet
  facet normal 0 0 -1
    outer loop
      vertex 54.525 23.5 13.5
      vertex 55.525 24.5 13.5
      vertex 54.525 9.5 13.5
    endloop
  endfacet
  facet normal 0 0 -1
    outer loop
      vertex 40.525 23.5 13.5
      vertex 55.525 24.5 13.5
      vertex 54.525 23.5 13.5
    endloop
  endfacet
  facet normal 0 0 -1
    outer loop
      vertex 40.525 23.5 13.5
      vertex 39.525 24.5 13.5
      vertex 55.525 24.5 13.5
    endloop
  endfacet
  facet normal 0 0 -1
    outer loop
      vertex 39.525 24.5 13.5
      vertex 40.525 23.5 13.5
      vertex 39.525 8.5 13.5
    endloop
  endfacet
  facet normal 1 -0 0
    outer loop
      vertex 39.525 8.5 13.5
      vertex 39.525 24.5 11.2
      vertex 39.525 24.5 13.5
    endloop
  endfacet
  facet normal 1 0 0
    outer loop
      vertex 39.525 24.5 11.2
      vertex 39.525 8.5 13.5
      vertex 39.525 8.5 11.2
    endloop
  endfacet
  facet normal 0 -1 0
    outer loop
      vertex 39.525 24.5 11.2
      vertex 55.525 24.5 13.5
      vertex 39.525 24.5 13.5
    endloop
  endfacet
  facet normal 0 -1 -0
    outer loop
      vertex 55.525 24.5 13.5
      vertex 39.525 24.5 11.2
      vertex 55.525 24.5 11.2
    endloop
  endfacet
  facet normal 0 1 -0
    outer loop
      vertex 55.525 8.5 11.2
      vertex 39.525 8.5 13.5
      vertex 55.525 8.5 13.5
    endloop
  endfacet
  facet normal 0 1 0
    outer loop
      vertex 39.525 8.5 13.5
      vertex 55.525 8.5 11.2
      vertex 39.525 8.5 11.2
    endloop
  endfacet
  facet normal -0.156354 0.926211 0.343054
    outer loop
      vertex 65.4822 41.7976 17.3491
      vertex 65.1927 40.6508 20.3134
      vertex 65.4822 40.6933 20.3306
    endloop
  endfacet
  facet normal -0.156412 0.926205 0.343046
    outer loop
      vertex 65.1927 40.6508 20.3134
      vertex 65.4822 41.7976 17.3491
      vertex 65.1927 41.7546 17.3332
    endloop
  endfacet
  facet normal -0.544559 -0.786507 -0.291312
    outer loop
      vertex 66.3 76.7416 30.2913
      vertex 66.5458 75.1102 34.2364
      vertex 66.3 75.2582 34.2963
    endloop
  endfacet
  facet normal -0.544717 -0.786415 -0.291264
    outer loop
      vertex 66.5458 75.1102 34.2364
      vertex 66.3 76.7416 30.2913
      vertex 66.5458 76.5919 30.2358
    endloop
  endfacet
  facet normal 0.358183 0.875531 0.324268
    outer loop
      vertex 10.2348 40.7637 20.3591
      vertex 9.96114 41.9672 17.4119
      vertex 9.96114 40.8611 20.3984
    endloop
  endfacet
  facet normal 0.358359 0.875474 0.324228
    outer loop
      vertex 9.96114 41.9672 17.4119
      vertex 10.2348 40.7637 20.3591
      vertex 10.2348 41.8687 17.3754
    endloop
  endfacet
  facet normal -0.838565 -0.510889 -0.189215
    outer loop
      vertex 67.3249 74.3076 33.9122
      vertex 67.1652 76.011 30.0207
      vertex 67.3249 75.7805 29.9353
    endloop
  endfacet
  facet normal -0.838547 -0.510913 -0.189226
    outer loop
      vertex 67.1652 76.011 30.0207
      vertex 67.3249 74.3076 33.9122
      vertex 67.1652 74.5356 34.0043
    endloop
  endfacet
  facet normal -1 -0 0
    outer loop
      vertex 67.7 48.1638 19.7069
      vertex 67.7 44.3659 18.3003
      vertex 67.7 47.3997 21.77
    endloop
  endfacet
  facet normal -1 0 0
    outer loop
      vertex 67.7 69.9057 30.1055
      vertex 67.7 74.4676 29.4491
      vertex 67.7 70.6698 28.0425
    endloop
  endfacet
  facet normal -1 0 0
    outer loop
      vertex 67.7 74.4676 29.4491
      vertex 67.7 69.9057 30.1055
      vertex 67.7 73.009 33.3875
    endloop
  endfacet
  facet normal -1 0 0
    outer loop
      vertex 67.7 47.3997 21.77
      vertex 67.7 73.009 33.3875
      vertex 67.7 69.9057 30.1055
    endloop
  endfacet
  facet normal -1 -0 0
    outer loop
      vertex 67.7 47.3997 21.77
      vertex 67.7 43.2338 21.3571
      vertex 67.7 73.009 33.3875
    endloop
  endfacet
  facet normal -1 0 0
    outer loop
      vertex 67.7 43.2338 21.3571
      vertex 67.7 47.3997 21.77
      vertex 67.7 44.3659 18.3003
    endloop
  endfacet
  facet normal 0.156666 -0.926166 -0.343033
    outer loop
      vertex 10.5178 75.5494 34.4139
      vertex 10.8073 77.079 30.4163
      vertex 10.8073 75.592 34.4311
    endloop
  endfacet
  facet normal 0.156527 -0.926184 -0.34305
    outer loop
      vertex 10.8073 77.079 30.4163
      vertex 10.5178 75.5494 34.4139
      vertex 10.5178 77.036 30.4003
    endloop
  endfacet
  facet normal 0.777156 -0.590132 -0.218567
    outer loop
      vertex 8.83475 74.5356 34.0043
      vertex 9.01919 76.2246 30.0998
      vertex 9.01919 74.7469 34.0896
    endloop
  endfacet
  facet normal 0.777161 -0.590127 -0.218565
    outer loop
      vertex 9.01919 76.2246 30.0998
      vertex 8.83475 74.5356 34.0043
      vertex 8.83475 76.011 30.0207
    endloop
  endfacet
  facet normal 0.629328 -0.728762 -0.269911
    outer loop
      vertex 9.22643 74.9391 34.1673
      vertex 9.4542 76.5919 30.2358
      vertex 9.4542 75.1102 34.2364
    endloop
  endfacet
  facet normal 0.62935 -0.728746 -0.269903
    outer loop
      vertex 9.4542 76.5919 30.2358
      vertex 9.22643 74.9391 34.1673
      vertex 9.22643 76.4189 30.1718
    endloop
  endfacet
  facet normal 0 -0.937752 -0.347304
    outer loop
      vertex 11.1 77.0933 30.4216
      vertex 64.9 75.6062 34.4369
      vertex 11.1 75.6062 34.4369
    endloop
  endfacet
  facet normal 0 -0.937752 -0.347304
    outer loop
      vertex 64.9 75.6062 34.4369
      vertex 11.1 77.0933 30.4216
      vertex 64.9 77.0933 30.4216
    endloop
  endfacet
  facet normal 1 0 0
    outer loop
      vertex 8.3 43.2338 21.3571
      vertex 8.3 74.4676 29.4491
      vertex 8.3 73.009 33.3875
    endloop
  endfacet
  facet normal 1 0 0
    outer loop
      vertex 8.3 74.4676 29.4491
      vertex 8.3 43.2338 21.3571
      vertex 8.3 44.3659 18.3003
    endloop
  endfacet
  facet normal 0.998629 0.0490792 0.0181767
    outer loop
      vertex 8.31534 42.9623 21.2474
      vertex 8.3 44.3659 18.3003
      vertex 8.3 43.2338 21.3571
    endloop
  endfacet
  facet normal 0.998629 0.0490791 0.0181767
    outer loop
      vertex 8.3 44.3659 18.3003
      vertex 8.31534 42.9623 21.2474
      vertex 8.31534 44.0914 18.1987
    endloop
  endfacet
  facet normal 0.156354 0.926211 0.343054
    outer loop
      vertex 10.8073 40.6508 20.3134
      vertex 10.5178 41.7976 17.3491
      vertex 10.5178 40.6933 20.3306
    endloop
  endfacet
  facet normal 0.156412 0.926205 0.343046
    outer loop
      vertex 10.5178 41.7976 17.3491
      vertex 10.8073 40.6508 20.3134
      vertex 10.8073 41.7546 17.3332
    endloop
  endfacet
  facet normal 0.454128 -0.835479 -0.309423
    outer loop
      vertex 9.7 75.2582 34.2963
      vertex 9.96114 76.8663 30.3375
      vertex 9.96114 75.3817 34.3461
    endloop
  endfacet
  facet normal 0.453789 -0.835632 -0.309507
    outer loop
      vertex 9.96114 76.8663 30.3375
      vertex 9.7 75.2582 34.2963
      vertex 9.7 76.7416 30.2913
    endloop
  endfacet
  facet normal 0 0.937756 0.347296
    outer loop
      vertex 64.9 41.7402 17.3278
      vertex 11.1 40.6366 20.3077
      vertex 64.9 40.6366 20.3077
    endloop
  endfacet
  facet normal 0 0.937756 0.347296
    outer loop
      vertex 11.1 40.6366 20.3077
      vertex 64.9 41.7402 17.3278
      vertex 11.1 41.7402 17.3278
    endloop
  endfacet
  facet normal -0.358138 0.875548 0.324274
    outer loop
      vertex 66.0389 41.9672 17.4119
      vertex 65.7652 40.7637 20.3591
      vertex 66.0389 40.8611 20.3984
    endloop
  endfacet
  facet normal -0.358313 0.875491 0.324234
    outer loop
      vertex 65.7652 40.7637 20.3591
      vertex 66.0389 41.9672 17.4119
      vertex 65.7652 41.8687 17.3754
    endloop
  endfacet
  facet normal 0.987684 -0.146721 -0.0543427
    outer loop
      vertex 8.31534 73.2805 33.4972
      vertex 8.36119 75.0136 29.6513
      vertex 8.36119 73.549 33.6056
    endloop
  endfacet
  facet normal 0.987693 -0.146671 -0.05432
    outer loop
      vertex 8.36119 75.0136 29.6513
      vertex 8.31534 73.2805 33.4972
      vertex 8.31534 74.7421 29.5507
    endloop
  endfacet
  facet normal -0.987666 -0.146827 -0.0543778
    outer loop
      vertex 67.6847 73.2805 33.4972
      vertex 67.6388 75.0136 29.6513
      vertex 67.6847 74.7421 29.5507
    endloop
  endfacet
  facet normal -0.987658 -0.146877 -0.0544005
    outer loop
      vertex 67.6388 75.0136 29.6513
      vertex 67.6847 73.2805 33.4972
      vertex 67.6388 73.549 33.6056
    endloop
  endfacet
  facet normal -0.259094 0.905734 0.335435
    outer loop
      vertex 65.7652 41.8687 17.3754
      vertex 65.4822 40.6933 20.3306
      vertex 65.7652 40.7637 20.3591
    endloop
  endfacet
  facet normal -0.258751 0.905809 0.335497
    outer loop
      vertex 65.4822 40.6933 20.3306
      vertex 65.7652 41.8687 17.3754
      vertex 65.4822 41.7976 17.3491
    endloop
  endfacet
  facet normal -0.258685 -0.905823 -0.335509
    outer loop
      vertex 65.4822 77.036 30.4003
      vertex 65.7652 75.4791 34.3855
      vertex 65.4822 75.5494 34.4139
    endloop
  endfacet
  facet normal -0.25905 -0.905741 -0.33545
    outer loop
      vertex 65.7652 75.4791 34.3855
      vertex 65.4822 77.036 30.4003
      vertex 65.7652 76.9648 30.374
    endloop
  endfacet
  facet normal 0.544701 0.786423 0.291274
    outer loop
      vertex 9.7 40.9845 20.4483
      vertex 9.4542 42.2417 17.5136
      vertex 9.4542 41.1326 20.5081
    endloop
  endfacet
  facet normal 0.544717 0.786413 0.291269
    outer loop
      vertex 9.4542 42.2417 17.5136
      vertex 9.7 40.9845 20.4483
      vertex 9.7 42.092 17.4581
    endloop
  endfacet
  facet normal 0.0523043 -0.936469 -0.346829
    outer loop
      vertex 10.8073 75.592 34.4311
      vertex 11.1 77.0933 30.4216
      vertex 11.1 75.6062 34.4369
    endloop
  endfacet
  facet normal 0.0520325 -0.936476 -0.346851
    outer loop
      vertex 11.1 77.0933 30.4216
      vertex 10.8073 75.592 34.4311
      vertex 10.8073 77.079 30.4163
    endloop
  endfacet
  facet normal -0.987659 0.146873 0.0543962
    outer loop
      vertex 67.6388 42.6938 21.1389
      vertex 67.6847 44.0914 18.1987
      vertex 67.6388 43.82 18.0981
    endloop
  endfacet
  facet normal -0.987661 0.146861 0.0543907
    outer loop
      vertex 67.6847 44.0914 18.1987
      vertex 67.6388 42.6938 21.1389
      vertex 67.6847 42.9623 21.2474
    endloop
  endfacet
  facet normal -0.0523043 -0.936469 -0.346829
    outer loop
      vertex 64.9 77.0933 30.4216
      vertex 65.1927 75.592 34.4311
      vertex 64.9 75.6062 34.4369
    endloop
  endfacet
  facet normal -0.0520325 -0.936476 -0.346851
    outer loop
      vertex 65.1927 75.592 34.4311
      vertex 64.9 77.0933 30.4216
      vertex 65.1927 77.079 30.4163
    endloop
  endfacet
  facet normal 0.890992 0.425758 0.15768
    outer loop
      vertex 8.67513 41.9352 20.8324
      vertex 8.54207 43.2979 17.9048
      vertex 8.54207 42.1774 20.9303
    endloop
  endfacet
  facet normal 0.890948 0.425836 0.157718
    outer loop
      vertex 8.54207 43.2979 17.9048
      vertex 8.67513 41.9352 20.8324
      vertex 8.67513 43.0531 17.8141
    endloop
  endfacet
  facet normal 0.259094 0.905734 0.335435
    outer loop
      vertex 10.5178 40.6933 20.3306
      vertex 10.2348 41.8687 17.3754
      vertex 10.2348 40.7637 20.3591
    endloop
  endfacet
  facet normal 0.258751 0.905809 0.335497
    outer loop
      vertex 10.2348 41.8687 17.3754
      vertex 10.5178 40.6933 20.3306
      vertex 10.5178 41.7976 17.3491
    endloop
  endfacet
  facet normal -0.933504 0.336247 0.12453
    outer loop
      vertex 67.4579 42.1774 20.9303
      vertex 67.563 43.5545 17.9998
      vertex 67.4579 43.2979 17.9048
    endloop
  endfacet
  facet normal -0.933495 0.336269 0.12454
    outer loop
      vertex 67.563 43.5545 17.9998
      vertex 67.4579 42.1774 20.9303
      vertex 67.563 42.4312 21.0328
    endloop
  endfacet
  facet normal -0.629278 -0.7288 -0.269925
    outer loop
      vertex 66.5458 76.5919 30.2358
      vertex 66.7736 74.9391 34.1673
      vertex 66.5458 75.1102 34.2364
    endloop
  endfacet
  facet normal -0.629299 -0.728784 -0.269917
    outer loop
      vertex 66.7736 74.9391 34.1673
      vertex 66.5458 76.5919 30.2358
      vertex 66.7736 76.4189 30.1718
    endloop
  endfacet
  facet normal 0.453968 0.835549 0.309468
    outer loop
      vertex 9.96114 40.8611 20.3984
      vertex 9.7 42.092 17.4581
      vertex 9.7 40.9845 20.4483
    endloop
  endfacet
  facet normal 0.454043 0.835516 0.309447
    outer loop
      vertex 9.7 42.092 17.4581
      vertex 9.96114 40.8611 20.3984
      vertex 9.96114 41.9672 17.4119
    endloop
  endfacet
  facet normal -0.891031 0.425683 0.157662
    outer loop
      vertex 67.3249 41.9352 20.8324
      vertex 67.4579 43.2979 17.9048
      vertex 67.3249 43.0531 17.8141
    endloop
  endfacet
  facet normal -0.891075 0.425605 0.157624
    outer loop
      vertex 67.4579 43.2979 17.9048
      vertex 67.3249 41.9352 20.8324
      vertex 67.4579 42.1774 20.9303
    endloop
  endfacet
  facet normal 0.358287 -0.875496 -0.324249
    outer loop
      vertex 9.96114 75.3817 34.3461
      vertex 10.2348 76.9648 30.374
      vertex 10.2348 75.4791 34.3855
    endloop
  endfacet
  facet normal 0.358359 -0.875472 -0.324234
    outer loop
      vertex 10.2348 76.9648 30.374
      vertex 9.96114 75.3817 34.3461
      vertex 9.96114 76.8663 30.3375
    endloop
  endfacet
  facet normal 0.965932 0.242686 0.0898821
    outer loop
      vertex 8.43704 42.4312 21.0328
      vertex 8.36119 43.82 18.0981
      vertex 8.36119 42.6938 21.1389
    endloop
  endfacet
  facet normal 0.965934 0.242678 0.0898782
    outer loop
      vertex 8.36119 43.82 18.0981
      vertex 8.43704 42.4312 21.0328
      vertex 8.43704 43.5545 17.9998
    endloop
  endfacet
  facet normal -0.965956 -0.242602 -0.0898554
    outer loop
      vertex 67.6388 73.549 33.6056
      vertex 67.563 75.279 29.7496
      vertex 67.6388 75.0136 29.6513
    endloop
  endfacet
  facet normal -0.965975 -0.242537 -0.089826
    outer loop
      vertex 67.563 75.279 29.7496
      vertex 67.6388 73.549 33.6056
      vertex 67.563 73.8116 33.7117
    endloop
  endfacet
  facet normal -0.777228 0.590048 0.218541
    outer loop
      vertex 66.9808 41.4959 20.6549
      vertex 67.1652 42.8226 17.7287
      vertex 66.9808 42.609 17.6496
    endloop
  endfacet
  facet normal -0.77727 0.590001 0.218517
    outer loop
      vertex 67.1652 42.8226 17.7287
      vertex 66.9808 41.4959 20.6549
      vertex 67.1652 41.7072 20.7403
    endloop
  endfacet
  facet normal 0.258685 -0.905823 -0.335509
    outer loop
      vertex 10.2348 75.4791 34.3855
      vertex 10.5178 77.036 30.4003
      vertex 10.5178 75.5494 34.4139
    endloop
  endfacet
  facet normal 0.25905 -0.905741 -0.33545
    outer loop
      vertex 10.5178 77.036 30.4003
      vertex 10.2348 75.4791 34.3855
      vertex 10.2348 76.9648 30.374
    endloop
  endfacet
  facet normal -0.156666 -0.926166 -0.343033
    outer loop
      vertex 65.1927 77.079 30.4163
      vertex 65.4822 75.5494 34.4139
      vertex 65.1927 75.592 34.4311
    endloop
  endfacet
  facet normal -0.156527 -0.926184 -0.34305
    outer loop
      vertex 65.4822 75.5494 34.4139
      vertex 65.1927 77.079 30.4163
      vertex 65.4822 77.036 30.4003
    endloop
  endfacet
  facet normal -0.707286 0.662925 0.245514
    outer loop
      vertex 66.7736 41.3037 20.5772
      vertex 66.9808 42.609 17.6496
      vertex 66.7736 42.4146 17.5776
    endloop
  endfacet
  facet normal -0.707144 0.663052 0.245581
    outer loop
      vertex 66.9808 42.609 17.6496
      vertex 66.7736 41.3037 20.5772
      vertex 66.9808 41.4959 20.6549
    endloop
  endfacet
  facet normal 0.0521861 0.936469 0.346847
    outer loop
      vertex 11.1 40.6366 20.3077
      vertex 10.8073 41.7546 17.3332
      vertex 10.8073 40.6508 20.3134
    endloop
  endfacet
  facet normal 0.0524697 0.936464 0.346818
    outer loop
      vertex 10.8073 41.7546 17.3332
      vertex 11.1 40.6366 20.3077
      vertex 11.1 41.7402 17.3278
    endloop
  endfacet
  facet normal -0.454183 -0.835453 -0.309413
    outer loop
      vertex 66.0389 76.8663 30.3375
      vertex 66.3 75.2582 34.2963
      vertex 66.0389 75.3817 34.3461
    endloop
  endfacet
  facet normal -0.453844 -0.835606 -0.309497
    outer loop
      vertex 66.3 75.2582 34.2963
      vertex 66.0389 76.8663 30.3375
      vertex 66.3 76.7416 30.2913
    endloop
  endfacet
  facet normal -0.544701 0.786423 0.291274
    outer loop
      vertex 66.5458 42.2417 17.5136
      vertex 66.3 40.9845 20.4483
      vertex 66.5458 41.1326 20.5081
    endloop
  endfacet
  facet normal -0.544717 0.786413 0.291269
    outer loop
      vertex 66.3 40.9845 20.4483
      vertex 66.5458 42.2417 17.5136
      vertex 66.3 42.092 17.4581
    endloop
  endfacet
  facet normal 0.544559 -0.786507 -0.291312
    outer loop
      vertex 9.4542 75.1102 34.2364
      vertex 9.7 76.7416 30.2913
      vertex 9.7 75.2582 34.2963
    endloop
  endfacet
  facet normal 0.544717 -0.786415 -0.291264
    outer loop
      vertex 9.7 76.7416 30.2913
      vertex 9.4542 75.1102 34.2364
      vertex 9.4542 76.5919 30.2358
    endloop
  endfacet
  facet normal -0.629278 0.728805 0.269912
    outer loop
      vertex 66.7736 42.4146 17.5776
      vertex 66.5458 41.1326 20.5081
      vertex 66.7736 41.3037 20.5772
    endloop
  endfacet
  facet normal -0.629106 0.728928 0.26998
    outer loop
      vertex 66.5458 41.1326 20.5081
      vertex 66.7736 42.4146 17.5776
      vertex 66.5458 42.2417 17.5136
    endloop
  endfacet
  facet normal 0.965932 -0.242687 -0.0898813
    outer loop
      vertex 8.36119 73.549 33.6056
      vertex 8.43704 75.279 29.7496
      vertex 8.43704 73.8116 33.7117
    endloop
  endfacet
  facet normal 0.965913 -0.242752 -0.0899107
    outer loop
      vertex 8.43704 75.279 29.7496
      vertex 8.36119 73.549 33.6056
      vertex 8.36119 75.0136 29.6513
    endloop
  endfacet
  facet normal -0.838565 0.510888 0.189217
    outer loop
      vertex 67.1652 41.7072 20.7403
      vertex 67.3249 43.0531 17.8141
      vertex 67.1652 42.8226 17.7287
    endloop
  endfacet
  facet normal -0.838547 0.510912 0.189229
    outer loop
      vertex 67.3249 43.0531 17.8141
      vertex 67.1652 41.7072 20.7403
      vertex 67.3249 41.9352 20.8324
    endloop
  endfacet
  facet normal -0.998637 -0.0489515 -0.0181294
    outer loop
      vertex 67.7 73.009 33.3875
      vertex 67.6847 74.7421 29.5507
      vertex 67.7 74.4676 29.4491
    endloop
  endfacet
  facet normal -0.998637 -0.0489516 -0.0181294
    outer loop
      vertex 67.6847 74.7421 29.5507
      vertex 67.7 73.009 33.3875
      vertex 67.6847 73.2805 33.4972
    endloop
  endfacet
  facet normal 0.707075 -0.663119 -0.245597
    outer loop
      vertex 9.01919 74.7469 34.0896
      vertex 9.22643 76.4189 30.1718
      vertex 9.22643 74.9391 34.1673
    endloop
  endfacet
  facet normal 0.707058 -0.663135 -0.245605
    outer loop
      vertex 9.22643 76.4189 30.1718
      vertex 9.01919 74.7469 34.0896
      vertex 9.01919 76.2246 30.0998
    endloop
  endfacet
  facet normal 0.93359 -0.336037 -0.124453
    outer loop
      vertex 8.43704 73.8116 33.7117
      vertex 8.54207 75.5356 29.8446
      vertex 8.54207 74.0654 33.8143
    endloop
  endfacet
  facet normal 0.933584 -0.336051 -0.12446
    outer loop
      vertex 8.54207 75.5356 29.8446
      vertex 8.43704 73.8116 33.7117
      vertex 8.43704 75.279 29.7496
    endloop
  endfacet
  facet normal 0.998629 -0.0490792 -0.0181766
    outer loop
      vertex 8.3 73.009 33.3875
      vertex 8.31534 74.7421 29.5507
      vertex 8.31534 73.2805 33.4972
    endloop
  endfacet
  facet normal 0.998629 -0.0490792 -0.0181766
    outer loop
      vertex 8.31534 74.7421 29.5507
      vertex 8.3 73.009 33.3875
      vertex 8.3 74.4676 29.4491
    endloop
  endfacet
  facet normal 0.890992 -0.425756 -0.157685
    outer loop
      vertex 8.54207 74.0654 33.8143
      vertex 8.67513 75.7805 29.9353
      vertex 8.67513 74.3076 33.9122
    endloop
  endfacet
  facet normal 0.891014 -0.425717 -0.157666
    outer loop
      vertex 8.67513 75.7805 29.9353
      vertex 8.54207 74.0654 33.8143
      vertex 8.54207 75.5356 29.8446
    endloop
  endfacet
  facet normal 0.838672 -0.510733 -0.18916
    outer loop
      vertex 8.67513 74.3076 33.9122
      vertex 8.83475 76.011 30.0207
      vertex 8.83475 74.5356 34.0043
    endloop
  endfacet
  facet normal 0.838689 -0.510709 -0.189148
    outer loop
      vertex 8.83475 76.011 30.0207
      vertex 8.67513 74.3076 33.9122
      vertex 8.67513 75.7805 29.9353
    endloop
  endfacet
  facet normal 0.629328 0.728767 0.269898
    outer loop
      vertex 9.4542 41.1326 20.5081
      vertex 9.22643 42.4146 17.5776
      vertex 9.22643 41.3037 20.5772
    endloop
  endfacet
  facet normal 0.629156 0.72889 0.269966
    outer loop
      vertex 9.22643 42.4146 17.5776
      vertex 9.4542 41.1326 20.5081
      vertex 9.4542 42.2417 17.5136
    endloop
  endfacet
  facet normal -0.965977 0.242529 0.0898229
    outer loop
      vertex 67.563 42.4312 21.0328
      vertex 67.6388 43.82 18.0981
      vertex 67.563 43.5545 17.9998
    endloop
  endfacet
  facet normal -0.965975 0.242537 0.0898268
    outer loop
      vertex 67.6388 43.82 18.0981
      vertex 67.563 42.4312 21.0328
      vertex 67.6388 42.6938 21.1389
    endloop
  endfacet
  facet normal 0.987687 0.146705 0.0543329
    outer loop
      vertex 8.36119 42.6938 21.1389
      vertex 8.31534 44.0914 18.1987
      vertex 8.31534 42.9623 21.2474
    endloop
  endfacet
  facet normal 0.987685 0.146717 0.0543384
    outer loop
      vertex 8.31534 44.0914 18.1987
      vertex 8.36119 42.6938 21.1389
      vertex 8.36119 43.82 18.0981
    endloop
  endfacet
  facet normal 0.933575 0.336073 0.124468
    outer loop
      vertex 8.54207 42.1774 20.9303
      vertex 8.43704 43.5545 17.9998
      vertex 8.43704 42.4312 21.0328
    endloop
  endfacet
  facet normal 0.933584 0.336052 0.124457
    outer loop
      vertex 8.43704 43.5545 17.9998
      vertex 8.54207 42.1774 20.9303
      vertex 8.54207 43.2979 17.9048
    endloop
  endfacet
  facet normal -0.358241 -0.875512 -0.324255
    outer loop
      vertex 65.7652 76.9648 30.374
      vertex 66.0389 75.3817 34.3461
      vertex 65.7652 75.4791 34.3855
    endloop
  endfacet
  facet normal -0.358313 -0.875488 -0.32424
    outer loop
      vertex 66.0389 75.3817 34.3461
      vertex 65.7652 76.9648 30.374
      vertex 66.0389 76.8663 30.3375
    endloop
  endfacet
  facet normal -0.0521861 0.936469 0.346847
    outer loop
      vertex 65.1927 41.7546 17.3332
      vertex 64.9 40.6366 20.3077
      vertex 65.1927 40.6508 20.3134
    endloop
  endfacet
  facet normal -0.0524697 0.936464 0.346818
    outer loop
      vertex 64.9 40.6366 20.3077
      vertex 65.1927 41.7546 17.3332
      vertex 64.9 41.7402 17.3278
    endloop
  endfacet
  facet normal 0.707076 0.663116 0.245604
    outer loop
      vertex 9.22643 41.3037 20.5772
      vertex 9.01919 42.609 17.6496
      vertex 9.01919 41.4959 20.6549
    endloop
  endfacet
  facet normal 0.707218 0.662989 0.245538
    outer loop
      vertex 9.01919 42.609 17.6496
      vertex 9.22643 41.3037 20.5772
      vertex 9.22643 42.4146 17.5776
    endloop
  endfacet
  facet normal -0.454023 0.835523 0.309458
    outer loop
      vertex 66.3 42.092 17.4581
      vertex 66.0389 40.8611 20.3984
      vertex 66.3 40.9845 20.4483
    endloop
  endfacet
  facet normal -0.454099 0.83549 0.309438
    outer loop
      vertex 66.0389 40.8611 20.3984
      vertex 66.3 42.092 17.4581
      vertex 66.0389 41.9672 17.4119
    endloop
  endfacet
  facet normal -0.707126 -0.663071 -0.245581
    outer loop
      vertex 66.9808 74.7469 34.0896
      vertex 66.7736 76.4189 30.1718
      vertex 66.9808 76.2246 30.0998
    endloop
  endfacet
  facet normal -0.707144 -0.663055 -0.245573
    outer loop
      vertex 66.7736 76.4189 30.1718
      vertex 66.9808 74.7469 34.0896
      vertex 66.7736 74.9391 34.1673
    endloop
  endfacet
  facet normal -0.998637 0.0489515 0.0181294
    outer loop
      vertex 67.6847 42.9623 21.2474
      vertex 67.7 44.3659 18.3003
      vertex 67.6847 44.0914 18.1987
    endloop
  endfacet
  facet normal -0.998637 0.0489515 0.0181294
    outer loop
      vertex 67.7 44.3659 18.3003
      vertex 67.6847 42.9623 21.2474
      vertex 67.7 43.2338 21.3571
    endloop
  endfacet
  facet normal 0.777203 0.590078 0.218546
    outer loop
      vertex 9.01919 41.4959 20.6549
      vertex 8.83475 42.8226 17.7287
      vertex 8.83475 41.7072 20.7403
    endloop
  endfacet
  facet normal 0.777161 0.590125 0.21857
    outer loop
      vertex 8.83475 42.8226 17.7287
      vertex 9.01919 41.4959 20.6549
      vertex 9.01919 42.609 17.6496
    endloop
  endfacet
  facet normal -0.933504 -0.336246 -0.124532
    outer loop
      vertex 67.563 73.8116 33.7117
      vertex 67.4579 75.5356 29.8446
      vertex 67.563 75.279 29.7496
    endloop
  endfacet
  facet normal -0.93351 -0.336232 -0.124525
    outer loop
      vertex 67.4579 75.5356 29.8446
      vertex 67.563 73.8116 33.7117
      vertex 67.4579 74.0654 33.8143
    endloop
  endfacet
  facet normal -0.891097 -0.425564 -0.15761
    outer loop
      vertex 67.4579 74.0654 33.8143
      vertex 67.3249 75.7805 29.9353
      vertex 67.4579 75.5356 29.8446
    endloop
  endfacet
  facet normal -0.891075 -0.425604 -0.157628
    outer loop
      vertex 67.3249 75.7805 29.9353
      vertex 67.4579 74.0654 33.8143
      vertex 67.3249 74.3076 33.9122
    endloop
  endfacet
  facet normal -0.777228 -0.59005 -0.218536
    outer loop
      vertex 67.1652 74.5356 34.0043
      vertex 66.9808 76.2246 30.0998
      vertex 67.1652 76.011 30.0207
    endloop
  endfacet
  facet normal -0.777223 -0.590055 -0.218538
    outer loop
      vertex 66.9808 76.2246 30.0998
      vertex 67.1652 74.5356 34.0043
      vertex 66.9808 74.7469 34.0896
    endloop
  endfacet
  facet normal 0.838672 0.510732 0.189162
    outer loop
      vertex 8.83475 41.7072 20.7403
      vertex 8.67513 43.0531 17.8141
      vertex 8.67513 41.9352 20.8324
    endloop
  endfacet
  facet normal 0.838689 0.510708 0.18915
    outer loop
      vertex 8.67513 43.0531 17.8141
      vertex 8.83475 41.7072 20.7403
      vertex 8.83475 42.8226 17.7287
    endloop
  endfacet
  facet normal 0 -0.347336 0.937741
    outer loop
      vertex 64.9 77.0933 30.4216
      vertex 13 76.39 30.1611
      vertex 63 76.39 30.1611
    endloop
  endfacet
  facet normal 4.79784e-06 -0.347325 0.937745
    outer loop
      vertex 8.3 74.4676 29.4491
      vertex 13 76.39 30.1611
      vertex 11.1 77.0933 30.4216
    endloop
  endfacet
  facet normal 0 -0.347336 0.937741
    outer loop
      vertex 11.1 77.0933 30.4216
      vertex 13 76.39 30.1611
      vertex 64.9 77.0933 30.4216
    endloop
  endfacet
  facet normal 0.00053932 -0.347088 0.937833
    outer loop
      vertex 66.7736 76.4189 30.1718
      vertex 67.7 74.4676 29.4491
      vertex 67.6847 74.7421 29.5507
    endloop
  endfacet
  facet normal -0.00031603 -0.347496 0.937681
    outer loop
      vertex 66.7736 76.4189 30.1718
      vertex 67.6847 74.7421 29.5507
      vertex 67.6388 75.0136 29.6513
    endloop
  endfacet
  facet normal -2.2091e-06 -0.347326 0.937744
    outer loop
      vertex 66.7736 76.4189 30.1718
      vertex 67.6388 75.0136 29.6513
      vertex 67.563 75.279 29.7496
    endloop
  endfacet
  facet normal 0.000907859 -0.346868 0.937913
    outer loop
      vertex 67.3249 75.7805 29.9353
      vertex 67.563 75.279 29.7496
      vertex 67.4579 75.5356 29.8446
    endloop
  endfacet
  facet normal 0.000902286 -0.34687 0.937913
    outer loop
      vertex 67.1652 76.011 30.0207
      vertex 67.563 75.279 29.7496
      vertex 67.3249 75.7805 29.9353
    endloop
  endfacet
  facet normal -0.000108004 -0.347353 0.937734
    outer loop
      vertex 66.9808 76.2246 30.0998
      vertex 67.563 75.279 29.7496
      vertex 67.1652 76.011 30.0207
    endloop
  endfacet
  facet normal 0.000445553 -0.347054 0.937845
    outer loop
      vertex 66.7736 76.4189 30.1718
      vertex 67.563 75.279 29.7496
      vertex 66.9808 76.2246 30.0998
    endloop
  endfacet
  facet normal -0.000474712 -0.347511 0.937676
    outer loop
      vertex 67.7 74.4676 29.4491
      vertex 66.7736 76.4189 30.1718
      vertex 66.5458 76.5919 30.2358
    endloop
  endfacet
  facet normal 0.00034805 -0.347118 0.937821
    outer loop
      vertex 67.7 74.4676 29.4491
      vertex 66.5458 76.5919 30.2358
      vertex 66.3 76.7416 30.2913
    endloop
  endfacet
  facet normal 8.15701e-05 -0.347262 0.937768
    outer loop
      vertex 67.7 74.4676 29.4491
      vertex 66.3 76.7416 30.2913
      vertex 66.0389 76.8663 30.3375
    endloop
  endfacet
  facet normal 8.58993e-05 -0.347259 0.937769
    outer loop
      vertex 67.7 74.4676 29.4491
      vertex 66.0389 76.8663 30.3375
      vertex 65.7652 76.9648 30.374
    endloop
  endfacet
  facet normal -0.000290919 -0.347516 0.937674
    outer loop
      vertex 67.7 74.4676 29.4491
      vertex 65.7652 76.9648 30.374
      vertex 65.4822 77.036 30.4003
    endloop
  endfacet
  facet normal 0.000278954 -0.347083 0.937834
    outer loop
      vertex 67.7 74.4676 29.4491
      vertex 65.4822 77.036 30.4003
      vertex 65.1927 77.079 30.4163
    endloop
  endfacet
  facet normal 1.21772e-05 -0.347309 0.937751
    outer loop
      vertex 67.7 74.4676 29.4491
      vertex 65.1927 77.079 30.4163
      vertex 64.9 77.0933 30.4216
    endloop
  endfacet
  facet normal -4.79784e-06 -0.347325 0.937745
    outer loop
      vertex 67.7 74.4676 29.4491
      vertex 64.9 77.0933 30.4216
      vertex 63 76.39 30.1611
    endloop
  endfacet
  facet normal -4.96692e-07 -0.347315 0.937748
    outer loop
      vertex 67.7 74.4676 29.4491
      vertex 63 76.39 30.1611
      vertex 63 70.6698 28.0425
    endloop
  endfacet
  facet normal 0 -0.347316 0.937748
    outer loop
      vertex 67.7 74.4676 29.4491
      vertex 63 70.6698 28.0425
      vertex 67.7 70.6698 28.0425
    endloop
  endfacet
  facet normal 0 -0.347308 0.937751
    outer loop
      vertex 63 48.1638 19.7069
      vertex 67.7 44.3659 18.3003
      vertex 67.7 48.1638 19.7069
    endloop
  endfacet
  facet normal -1.98674e-06 -0.34731 0.93775
    outer loop
      vertex 63 42.4435 17.5883
      vertex 67.7 44.3659 18.3003
      vertex 63 48.1638 19.7069
    endloop
  endfacet
  facet normal 4.79784e-06 -0.347325 0.937745
    outer loop
      vertex 64.9 41.7402 17.3278
      vertex 67.7 44.3659 18.3003
      vertex 63 42.4435 17.5883
    endloop
  endfacet
  facet normal -0.000225086 -0.347109 0.937825
    outer loop
      vertex 65.1927 41.7546 17.3332
      vertex 67.7 44.3659 18.3003
      vertex 64.9 41.7402 17.3278
    endloop
  endfacet
  facet normal 0.000138447 -0.347412 0.937712
    outer loop
      vertex 65.7652 41.8687 17.3754
      vertex 67.7 44.3659 18.3003
      vertex 65.4822 41.7976 17.3491
    endloop
  endfacet
  facet normal -8.58993e-05 -0.347259 0.937769
    outer loop
      vertex 66.0389 41.9672 17.4119
      vertex 67.7 44.3659 18.3003
      vertex 65.7652 41.8687 17.3754
    endloop
  endfacet
  facet normal -0.00196784 -0.346486 0.938053
    outer loop
      vertex 67.563 43.5545 17.9998
      vertex 67.3249 43.0531 17.8141
      vertex 67.4579 43.2979 17.9048
    endloop
  endfacet
  facet normal -0.000584859 -0.347064 0.937841
    outer loop
      vertex 67.563 43.5545 17.9998
      vertex 67.1652 42.8226 17.7287
      vertex 67.3249 43.0531 17.8141
    endloop
  endfacet
  facet normal 0.000256405 -0.347466 0.937693
    outer loop
      vertex 67.563 43.5545 17.9998
      vertex 66.9808 42.609 17.6496
      vertex 67.1652 42.8226 17.7287
    endloop
  endfacet
  facet normal 3.26454e-05 -0.347345 0.937737
    outer loop
      vertex 67.563 43.5545 17.9998
      vertex 66.7736 42.4146 17.5776
      vertex 66.9808 42.609 17.6496
    endloop
  endfacet
  facet normal -0.000319226 -0.347131 0.937817
    outer loop
      vertex 67.6388 43.82 18.0981
      vertex 66.7736 42.4146 17.5776
      vertex 67.563 43.5545 17.9998
    endloop
  endfacet
  facet normal 0.000658123 -0.34766 0.937621
    outer loop
      vertex 67.6847 44.0914 18.1987
      vertex 66.7736 42.4146 17.5776
      vertex 67.6388 43.82 18.0981
    endloop
  endfacet
  facet normal -0.00053932 -0.347088 0.937833
    outer loop
      vertex 67.7 44.3659 18.3003
      vertex 66.7736 42.4146 17.5776
      vertex 67.6847 44.0914 18.1987
    endloop
  endfacet
  facet normal 0.000236233 -0.347411 0.937713
    outer loop
      vertex 66.7736 42.4146 17.5776
      vertex 67.7 44.3659 18.3003
      vertex 66.5458 42.2417 17.5136
    endloop
  endfacet
  facet normal -0.000333173 -0.347139 0.937814
    outer loop
      vertex 66.5458 42.2417 17.5136
      vertex 67.7 44.3659 18.3003
      vertex 66.3 42.092 17.4581
    endloop
  endfacet
  facet normal 0.000117228 -0.347383 0.937723
    outer loop
      vertex 66.3 42.092 17.4581
      vertex 67.7 44.3659 18.3003
      vertex 66.0389 41.9672 17.4119
    endloop
  endfacet
  facet normal 9.49505e-05 -0.347379 0.937725
    outer loop
      vertex 65.4822 41.7976 17.3491
      vertex 67.7 44.3659 18.3003
      vertex 65.1927 41.7546 17.3332
    endloop
  endfacet
  facet normal 0 -0.347336 0.937741
    outer loop
      vertex 13 42.4435 17.5883
      vertex 64.9 41.7402 17.3278
      vertex 63 42.4435 17.5883
    endloop
  endfacet
  facet normal 0 -0.347336 0.937741
    outer loop
      vertex 13 42.4435 17.5883
      vertex 11.1 41.7402 17.3278
      vertex 64.9 41.7402 17.3278
    endloop
  endfacet
  facet normal 2.51087e-07 -0.347315 0.937749
    outer loop
      vertex 13 76.39 30.1611
      vertex 8.3 74.4676 29.4491
      vertex 13 42.4435 17.5883
    endloop
  endfacet
  facet normal -1.21772e-05 -0.347309 0.937751
    outer loop
      vertex 8.3 74.4676 29.4491
      vertex 11.1 77.0933 30.4216
      vertex 10.8073 77.079 30.4163
    endloop
  endfacet
  facet normal -2.83158e-07 -0.347315 0.937749
    outer loop
      vertex 8.3 44.3659 18.3003
      vertex 13 42.4435 17.5883
      vertex 8.3 74.4676 29.4491
    endloop
  endfacet
  facet normal -0.000278954 -0.347083 0.937834
    outer loop
      vertex 8.3 74.4676 29.4491
      vertex 10.8073 77.079 30.4163
      vertex 10.5178 77.036 30.4003
    endloop
  endfacet
  facet normal -4.79784e-06 -0.347325 0.937745
    outer loop
      vertex 13 42.4435 17.5883
      vertex 8.3 44.3659 18.3003
      vertex 11.1 41.7402 17.3278
    endloop
  endfacet
  facet normal 0.000290919 -0.347516 0.937674
    outer loop
      vertex 8.3 74.4676 29.4491
      vertex 10.5178 77.036 30.4003
      vertex 10.2348 76.9648 30.374
    endloop
  endfacet
  facet normal 0.000225086 -0.347109 0.937825
    outer loop
      vertex 11.1 41.7402 17.3278
      vertex 8.3 44.3659 18.3003
      vertex 10.8073 41.7546 17.3332
    endloop
  endfacet
  facet normal -8.59167e-05 -0.347259 0.937769
    outer loop
      vertex 8.3 74.4676 29.4491
      vertex 10.2348 76.9648 30.374
      vertex 9.96114 76.8663 30.3375
    endloop
  endfacet
  facet normal -9.49505e-05 -0.347379 0.937725
    outer loop
      vertex 10.8073 41.7546 17.3332
      vertex 8.3 44.3659 18.3003
      vertex 10.5178 41.7976 17.3491
    endloop
  endfacet
  facet normal -8.15524e-05 -0.347262 0.937768
    outer loop
      vertex 8.3 74.4676 29.4491
      vertex 9.96114 76.8663 30.3375
      vertex 9.7 76.7416 30.2913
    endloop
  endfacet
  facet normal -0.000138447 -0.347412 0.937712
    outer loop
      vertex 10.5178 41.7976 17.3491
      vertex 8.3 44.3659 18.3003
      vertex 10.2348 41.8687 17.3754
    endloop
  endfacet
  facet normal -0.00034805 -0.347118 0.937821
    outer loop
      vertex 8.3 74.4676 29.4491
      vertex 9.7 76.7416 30.2913
      vertex 9.4542 76.5919 30.2358
    endloop
  endfacet
  facet normal 8.59167e-05 -0.347259 0.937769
    outer loop
      vertex 10.2348 41.8687 17.3754
      vertex 8.3 44.3659 18.3003
      vertex 9.96114 41.9672 17.4119
    endloop
  endfacet
  facet normal 0.000474818 -0.347511 0.937676
    outer loop
      vertex 8.3 74.4676 29.4491
      vertex 9.4542 76.5919 30.2358
      vertex 9.22643 76.4189 30.1718
    endloop
  endfacet
  facet normal -0.000117202 -0.347383 0.937723
    outer loop
      vertex 9.96114 41.9672 17.4119
      vertex 8.3 44.3659 18.3003
      vertex 9.7 42.092 17.4581
    endloop
  endfacet
  facet normal -0.000305059 -0.347185 0.937796
    outer loop
      vertex 8.3 74.4676 29.4491
      vertex 9.22643 76.4189 30.1718
      vertex 9.01919 76.2246 30.0998
    endloop
  endfacet
  facet normal 0.000333173 -0.347139 0.937814
    outer loop
      vertex 9.7 42.092 17.4581
      vertex 8.3 44.3659 18.3003
      vertex 9.4542 42.2417 17.5136
    endloop
  endfacet
  facet normal 5.95301e-05 -0.347317 0.937748
    outer loop
      vertex 8.3 74.4676 29.4491
      vertex 9.01919 76.2246 30.0998
      vertex 8.83475 76.011 30.0207
    endloop
  endfacet
  facet normal -0.000236285 -0.347411 0.937713
    outer loop
      vertex 9.4542 42.2417 17.5136
      vertex 8.3 44.3659 18.3003
      vertex 9.22643 42.4146 17.5776
    endloop
  endfacet
  facet normal -0.00040042 -0.347176 0.9378
    outer loop
      vertex 8.3 74.4676 29.4491
      vertex 8.83475 76.011 30.0207
      vertex 8.67513 75.7805 29.9353
    endloop
  endfacet
  facet normal 3.01031e-06 -0.347312 0.93775
    outer loop
      vertex 9.22643 42.4146 17.5776
      vertex 8.3 44.3659 18.3003
      vertex 9.01919 42.609 17.6496
    endloop
  endfacet
  facet normal -0.00010926 -0.34725 0.937773
    outer loop
      vertex 8.3 74.4676 29.4491
      vertex 8.67513 75.7805 29.9353
      vertex 8.54207 75.5356 29.8446
    endloop
  endfacet
  facet normal -0.00010306 -0.34735 0.937736
    outer loop
      vertex 9.01919 42.609 17.6496
      vertex 8.3 44.3659 18.3003
      vertex 8.83475 42.8226 17.7287
    endloop
  endfacet
  facet normal 0.000473952 -0.347366 0.93773
    outer loop
      vertex 8.3 74.4676 29.4491
      vertex 8.54207 75.5356 29.8446
      vertex 8.43704 75.279 29.7496
    endloop
  endfacet
  facet normal 0.000335398 -0.347216 0.937785
    outer loop
      vertex 8.83475 42.8226 17.7287
      vertex 8.3 44.3659 18.3003
      vertex 8.67513 43.0531 17.8141
    endloop
  endfacet
  facet normal -0.00029503 -0.347252 0.937772
    outer loop
      vertex 8.3 74.4676 29.4491
      vertex 8.43704 75.279 29.7496
      vertex 8.36119 75.0136 29.6513
    endloop
  endfacet
  facet normal 0.000556915 -0.34716 0.937806
    outer loop
      vertex 8.67513 43.0531 17.8141
      vertex 8.3 44.3659 18.3003
      vertex 8.54207 43.2979 17.9048
    endloop
  endfacet
  facet normal -0.00337462 -0.346946 0.937879
    outer loop
      vertex 8.3 74.4676 29.4491
      vertex 8.36119 75.0136 29.6513
      vertex 8.31534 74.7421 29.5507
    endloop
  endfacet
  facet normal -0.000473952 -0.347366 0.93773
    outer loop
      vertex 8.54207 43.2979 17.9048
      vertex 8.3 44.3659 18.3003
      vertex 8.43704 43.5545 17.9998
    endloop
  endfacet
  facet normal -0.000824764 -0.347418 0.93771
    outer loop
      vertex 8.43704 43.5545 17.9998
      vertex 8.3 44.3659 18.3003
      vertex 8.36119 43.82 18.0981
    endloop
  endfacet
  facet normal 0.00450543 -0.346889 0.937895
    outer loop
      vertex 8.36119 43.82 18.0981
      vertex 8.3 44.3659 18.3003
      vertex 8.31534 44.0914 18.1987
    endloop
  endfacet
  facet normal -1 0 0
    outer loop
      vertex 63 70.6698 28.0425
      vertex 63 76.4337 30.0431
      vertex 63 70.7748 27.7589
    endloop
  endfacet
  facet normal -1 -0 0
    outer loop
      vertex 63 76.4337 30.0431
      vertex 63 70.6698 28.0425
      vertex 63 76.39 30.1611
    endloop
  endfacet
  facet normal -1 0 0
    outer loop
      vertex 63 42.4435 17.5883
      vertex 63 48.51 18.7722
      vertex 63 42.851 16.488
    endloop
  endfacet
  facet normal -1 -0 0
    outer loop
      vertex 63 48.51 18.7722
      vertex 63 42.4435 17.5883
      vertex 63 48.1638 19.7069
    endloop
  endfacet
  facet normal 8.4473e-06 0.347321 -0.937746
    outer loop
      vertex 67.7 69.9057 30.1055
      vertex 76 63.6716 27.7966
      vertex 75.9753 58.0271 25.706
    endloop
  endfacet
  facet normal 6.09031e-06 0.347304 -0.937752
    outer loop
      vertex 67.7 47.3997 21.77
      vertex 75.9753 58.0271 25.706
      vertex 75.9017 52.4444 23.6384
    endloop
  endfacet
  facet normal 0 0.347313 -0.937749
    outer loop
      vertex 67.7 47.3997 21.77
      vertex 75.9017 52.4444 23.6384
      vertex 75.789 47.3997 21.77
    endloop
  endfacet
  facet normal -5.42125e-06 0.347312 -0.93775
    outer loop
      vertex 75.9753 58.0271 25.706
      vertex 67.7 47.3997 21.77
      vertex 67.7 69.9057 30.1055
    endloop
  endfacet
  facet normal 0 0.347311 -0.93775
    outer loop
      vertex 76 63.6716 27.7966
      vertex 67.7 69.9057 30.1055
      vertex 76 69.9057 30.1055
    endloop
  endfacet
  facet normal 0 -0.347316 0.937748
    outer loop
      vertex 73.8 76.5046 12.2883
      vertex 76 53.9987 3.95275
      vertex 76 76.5046 12.2883
    endloop
  endfacet
  facet normal 0 -0.347316 0.937748
    outer loop
      vertex 76 53.9987 3.95275
      vertex 73.8 76.5046 12.2883
      vertex 73.8 53.9987 3.95275
    endloop
  endfacet
  facet normal 1 0 0
    outer loop
      vertex 13 42.4435 17.5883
      vertex 13 76.4337 30.0431
      vertex 13 76.39 30.1611
    endloop
  endfacet
  facet normal 1 0 0
    outer loop
      vertex 13 76.4337 30.0431
      vertex 13 42.4435 17.5883
      vertex 13 42.851 16.488
    endloop
  endfacet
  facet normal 0 -0.937758 -0.347288
    outer loop
      vertex 13 76.4337 30.0431
      vertex 63 76.39 30.1611
      vertex 13 76.39 30.1611
    endloop
  endfacet
  facet normal 0 -0.937758 -0.347288
    outer loop
      vertex 63 76.39 30.1611
      vertex 13 76.4337 30.0431
      vertex 63 76.4337 30.0431
    endloop
  endfacet
  facet normal 0 0.937754 0.3473
    outer loop
      vertex 63 42.851 16.488
      vertex 13 42.4435 17.5883
      vertex 63 42.4435 17.5883
    endloop
  endfacet
  facet normal 0 0.937754 0.3473
    outer loop
      vertex 13 42.4435 17.5883
      vertex 63 42.851 16.488
      vertex 13 42.851 16.488
    endloop
  endfacet
  facet normal 0 -0.937789 -0.347207
    outer loop
      vertex 63 70.6698 28.0425
      vertex 63 70.7748 27.7589
      vertex 67.7 70.6698 28.0425
    endloop
  endfacet
  facet normal -9.88921e-06 -0.937745 -0.347325
    outer loop
      vertex 71.55 70.7748 27.7589
      vertex 67.7 69.9057 30.1055
      vertex 67.7 70.6698 28.0425
    endloop
  endfacet
  facet normal -0 -0.937789 -0.347207
    outer loop
      vertex 71.55 70.7748 27.7589
      vertex 67.7 70.6698 28.0425
      vertex 63 70.7748 27.7589
    endloop
  endfacet
  facet normal 3.05311e-05 -0.937767 -0.347266
    outer loop
      vertex 71.7852 70.7764 27.7546
      vertex 67.7 69.9057 30.1055
      vertex 71.55 70.7748 27.7589
    endloop
  endfacet
  facet normal 0 -0.937749 -0.347313
    outer loop
      vertex 67.7 69.9057 30.1055
      vertex 71.7852 70.7764 27.7546
      vertex 76 69.9057 30.1055
    endloop
  endfacet
  facet normal -0.000279029 -0.937912 -0.346873
    outer loop
      vertex 71.9776 70.7803 27.7439
      vertex 76 69.9057 30.1055
      vertex 71.7852 70.7764 27.7546
    endloop
  endfacet
  facet normal 0.00181707 -0.936744 -0.350011
    outer loop
      vertex 72.0178 70.7812 27.7417
      vertex 76 69.9057 30.1055
      vertex 71.9776 70.7803 27.7439
    endloop
  endfacet
  facet normal -0.0014479 -0.938537 -0.345175
    outer loop
      vertex 72.0572 70.7825 27.738
      vertex 76 69.9057 30.1055
      vertex 72.0178 70.7812 27.7417
    endloop
  endfacet
  facet normal 0.000193204 -0.937651 -0.347579
    outer loop
      vertex 72.2453 70.7891 27.7203
      vertex 76 69.9057 30.1055
      vertex 72.0572 70.7825 27.738
    endloop
  endfacet
  facet normal 3.24369e-07 -0.93775 -0.347312
    outer loop
      vertex 72.4652 70.8001 27.6906
      vertex 76 69.9057 30.1055
      vertex 72.2453 70.7891 27.7203
    endloop
  endfacet
  facet normal 3.97713e-05 -0.937731 -0.347363
    outer loop
      vertex 72.675 70.814 27.6531
      vertex 76 69.9057 30.1055
      vertex 72.4652 70.8001 27.6906
    endloop
  endfacet
  facet normal 0.000120663 -0.937695 -0.347459
    outer loop
      vertex 72.8725 70.8307 27.6081
      vertex 76 69.9057 30.1055
      vertex 72.675 70.814 27.6531
    endloop
  endfacet
  facet normal -0.000362 -0.937892 -0.346928
    outer loop
      vertex 73.0223 70.8464 27.5655
      vertex 76 69.9057 30.1055
      vertex 72.8725 70.8307 27.6081
    endloop
  endfacet
  facet normal -0.000388516 -0.937902 -0.346901
    outer loop
      vertex 73.0555 70.8499 27.556
      vertex 76 69.9057 30.1055
      vertex 73.0223 70.8464 27.5655
    endloop
  endfacet
  facet normal 0.000815569 -0.937448 -0.348123
    outer loop
      vertex 73.086 70.8539 27.5453
      vertex 76 69.9057 30.1055
      vertex 73.0555 70.8499 27.556
    endloop
  endfacet
  facet normal -1.6189e-05 -0.937757 -0.347291
    outer loop
      vertex 73.2221 70.8716 27.4975
      vertex 76 69.9057 30.1055
      vertex 73.086 70.8539 27.5453
    endloop
  endfacet
  facet normal 9.89768e-05 -0.937717 -0.347399
    outer loop
      vertex 73.3703 70.8954 27.4333
      vertex 76 69.9057 30.1055
      vertex 73.2221 70.8716 27.4975
    endloop
  endfacet
  facet normal -1.72077e-05 -0.937755 -0.347298
    outer loop
      vertex 73.4986 70.9211 27.3639
      vertex 76 69.9057 30.1055
      vertex 73.3703 70.8954 27.4333
    endloop
  endfacet
  facet normal 2.10164e-05 -0.937743 -0.347329
    outer loop
      vertex 73.6055 70.9484 27.2902
      vertex 76 69.9057 30.1055
      vertex 73.4986 70.9211 27.3639
    endloop
  endfacet
  facet normal 4.69238e-05 -0.937736 -0.347348
    outer loop
      vertex 73.6899 70.977 27.213
      vertex 76 69.9057 30.1055
      vertex 73.6055 70.9484 27.2902
    endloop
  endfacet
  facet normal 5.49284e-05 -0.937734 -0.347354
    outer loop
      vertex 73.7508 71.0066 27.1331
      vertex 76 69.9057 30.1055
      vertex 73.6899 70.977 27.213
    endloop
  endfacet
  facet normal -0.00021416 -0.9378 -0.347175
    outer loop
      vertex 73.7877 71.0368 27.0515
      vertex 76 69.9057 30.1055
      vertex 73.7508 71.0066 27.1331
    endloop
  endfacet
  facet normal 0.0001002 -0.937726 -0.347375
    outer loop
      vertex 73.8 71.0674 26.9689
      vertex 76 69.9057 30.1055
      vertex 73.7877 71.0368 27.0515
    endloop
  endfacet
  facet normal -0 -0.93775 -0.347311
    outer loop
      vertex 76 76.5046 12.2883
      vertex 73.8 71.0674 26.9689
      vertex 73.8 76.5046 12.2883
    endloop
  endfacet
  facet normal -3.14594e-06 -0.93775 -0.347311
    outer loop
      vertex 73.8 71.0674 26.9689
      vertex 76 76.5046 12.2883
      vertex 76 69.9057 30.1055
    endloop
  endfacet
  facet normal 0.000694285 0.93766 0.347553
    outer loop
      vertex 76 47.5762 21.2934
      vertex 75.789 47.3997 21.77
      vertex 75.9017 47.4544 21.6222
    endloop
  endfacet
  facet normal -0.00126699 0.937851 0.347037
    outer loop
      vertex 76 47.5762 21.2934
      vertex 75.9017 47.4544 21.6222
      vertex 75.9753 47.515 21.4587
    endloop
  endfacet
  facet normal 3.24684e-05 0.937756 0.347295
    outer loop
      vertex 73.161 48.5989 18.5322
      vertex 75.789 47.3997 21.77
      vertex 76 47.5762 21.2934
    endloop
  endfacet
  facet normal 0 0.937751 0.347307
    outer loop
      vertex 75.789 47.3997 21.77
      vertex 71.7852 48.5116 18.7678
      vertex 67.7 47.3997 21.77
    endloop
  endfacet
  facet normal -0 0.937744 0.347327
    outer loop
      vertex 63 48.51 18.7722
      vertex 67.7 48.1638 19.7069
      vertex 71.55 48.51 18.7722
    endloop
  endfacet
  facet normal -4.8346e-06 0.93775 0.34731
    outer loop
      vertex 67.7 47.3997 21.77
      vertex 71.55 48.51 18.7722
      vertex 67.7 48.1638 19.7069
    endloop
  endfacet
  facet normal 0.000121058 0.937698 0.347452
    outer loop
      vertex 67.7 47.3997 21.77
      vertex 71.7852 48.5116 18.7678
      vertex 71.55 48.51 18.7722
    endloop
  endfacet
  facet normal 0.000146548 0.937815 0.347135
    outer loop
      vertex 75.789 47.3997 21.77
      vertex 71.8732 48.5134 18.7629
      vertex 71.7852 48.5116 18.7678
    endloop
  endfacet
  facet normal -0.000224682 0.937658 0.34756
    outer loop
      vertex 75.789 47.3997 21.77
      vertex 72.0178 48.5164 18.7549
      vertex 71.8732 48.5134 18.7629
    endloop
  endfacet
  facet normal 0.000153461 0.937812 0.347145
    outer loop
      vertex 75.789 47.3997 21.77
      vertex 72.1595 48.5213 18.7416
      vertex 72.0178 48.5164 18.7549
    endloop
  endfacet
  facet normal -7.78121e-07 0.937751 0.347307
    outer loop
      vertex 75.789 47.3997 21.77
      vertex 72.2453 48.5243 18.7335
      vertex 72.1595 48.5213 18.7416
    endloop
  endfacet
  facet normal -1.06759e-06 0.937751 0.347307
    outer loop
      vertex 75.789 47.3997 21.77
      vertex 72.4652 48.5353 18.7038
      vertex 72.2453 48.5243 18.7335
    endloop
  endfacet
  facet normal -4.2959e-05 0.937737 0.347347
    outer loop
      vertex 75.789 47.3997 21.77
      vertex 72.675 48.5492 18.6663
      vertex 72.4652 48.5353 18.7038
    endloop
  endfacet
  facet normal -0.000129853 0.937708 0.347424
    outer loop
      vertex 75.789 47.3997 21.77
      vertex 72.8725 48.5659 18.6213
      vertex 72.675 48.5492 18.6663
    endloop
  endfacet
  facet normal 0.000528074 0.937906 0.346888
    outer loop
      vertex 75.789 47.3997 21.77
      vertex 72.9403 48.573 18.602
      vertex 72.8725 48.5659 18.6213
    endloop
  endfacet
  facet normal -0.000338249 0.937653 0.347573
    outer loop
      vertex 75.789 47.3997 21.77
      vertex 73.0555 48.5852 18.5692
      vertex 72.9403 48.573 18.602
    endloop
  endfacet
  facet normal 2.67976e-05 0.937754 0.347299
    outer loop
      vertex 75.789 47.3997 21.77
      vertex 73.161 48.5989 18.5322
      vertex 73.0555 48.5852 18.5692
    endloop
  endfacet
  facet normal 0.000712711 0.937983 0.34668
    outer loop
      vertex 76 47.5762 21.2934
      vertex 73.2221 48.6068 18.5107
      vertex 73.161 48.5989 18.5322
    endloop
  endfacet
  facet normal -0.000101179 0.937719 0.347394
    outer loop
      vertex 76 47.5762 21.2934
      vertex 73.3703 48.6306 18.4465
      vertex 73.2221 48.6068 18.5107
    endloop
  endfacet
  facet normal 1.71712e-05 0.937755 0.347298
    outer loop
      vertex 76 47.5762 21.2934
      vertex 73.4986 48.6563 18.3771
      vertex 73.3703 48.6306 18.4465
    endloop
  endfacet
  facet normal -2.19642e-05 0.937744 0.347328
    outer loop
      vertex 76 47.5762 21.2934
      vertex 73.6055 48.6836 18.3034
      vertex 73.4986 48.6563 18.3771
    endloop
  endfacet
  facet normal -4.87302e-05 0.937737 0.347347
    outer loop
      vertex 76 47.5762 21.2934
      vertex 73.6899 48.7122 18.2262
      vertex 73.6055 48.6836 18.3034
    endloop
  endfacet
  facet normal -0.000344406 0.937664 0.347542
    outer loop
      vertex 76 47.5762 21.2934
      vertex 73.7508 48.7418 18.1464
      vertex 73.6899 48.7122 18.2262
    endloop
  endfacet
  facet normal 0.000594598 0.937883 0.346952
    outer loop
      vertex 76 47.5762 21.2934
      vertex 73.7877 48.772 18.0647
      vertex 73.7508 48.7418 18.1464
    endloop
  endfacet
  facet normal -0.000105977 0.937727 0.347374
    outer loop
      vertex 76 47.5762 21.2934
      vertex 73.8 48.8026 17.9821
      vertex 73.7877 48.772 18.0647
    endloop
  endfacet
  facet normal -6.17202e-06 0.937748 0.347316
    outer loop
      vertex 76 53.9987 3.95275
      vertex 73.8 48.8026 17.9821
      vertex 76 47.5762 21.2934
    endloop
  endfacet
  facet normal 0 0.937748 0.347317
    outer loop
      vertex 73.8 48.8026 17.9821
      vertex 76 53.9987 3.95275
      vertex 73.8 53.9987 3.95275
    endloop
  endfacet
  facet normal 0 0.937744 0.347327
    outer loop
      vertex 67.7 48.1638 19.7069
      vertex 63 48.51 18.7722
      vertex 63 48.1638 19.7069
    endloop
  endfacet
  facet normal -1 0 0
    outer loop
      vertex 43 1.4 2.6
      vertex 43 2.2 4
      vertex 43 2.2 2.6
    endloop
  endfacet
  facet normal -1 -0 0
    outer loop
      vertex 43 2.2 4
      vertex 43 1.4 2.6
      vertex 43 1.4 4
    endloop
  endfacet
  facet normal 0 0 -1
    outer loop
      vertex 33 1.4 4
      vertex 43 2.2 4
      vertex 43 1.4 4
    endloop
  endfacet
  facet normal -0 0 -1
    outer loop
      vertex 43 2.2 4
      vertex 33 1.4 4
      vertex 33 2.2 4
    endloop
  endfacet
  facet normal -0 0 1
    outer loop
      vertex 33 2.2 2.6
      vertex 43 1.4 2.6
      vertex 43 2.2 2.6
    endloop
  endfacet
  facet normal 0 0 1
    outer loop
      vertex 43 1.4 2.6
      vertex 33 2.2 2.6
      vertex 33 1.4 2.6
    endloop
  endfacet
  facet normal 1 -0 0
    outer loop
      vertex 33 1.4 4
      vertex 33 2.2 2.6
      vertex 33 2.2 4
    endloop
  endfacet
  facet normal 1 0 0
    outer loop
      vertex 33 2.2 2.6
      vertex 33 1.4 4
      vertex 33 1.4 2.6
    endloop
  endfacet
  facet normal 0 1 -0
    outer loop
      vertex 43 1.4 2.6
      vertex 33 1.4 4
      vertex 43 1.4 4
    endloop
  endfacet
  facet normal 0 1 0
    outer loop
      vertex 33 1.4 4
      vertex 43 1.4 2.6
      vertex 33 1.4 2.6
    endloop
  endfacet
  facet normal -1 0 0
    outer loop
      vertex 43 83.8 2.6
      vertex 43 84.6 4
      vertex 43 84.6 2.6
    endloop
  endfacet
  facet normal -1 -0 0
    outer loop
      vertex 43 84.6 4
      vertex 43 83.8 2.6
      vertex 43 83.8 4
    endloop
  endfacet
  facet normal 0 0 -1
    outer loop
      vertex 33 83.8 4
      vertex 43 84.6 4
      vertex 43 83.8 4
    endloop
  endfacet
  facet normal -0 0 -1
    outer loop
      vertex 43 84.6 4
      vertex 33 83.8 4
      vertex 33 84.6 4
    endloop
  endfacet
  facet normal -0 0 1
    outer loop
      vertex 33 84.6 2.6
      vertex 43 83.8 2.6
      vertex 43 84.6 2.6
    endloop
  endfacet
  facet normal 0 0 1
    outer loop
      vertex 43 83.8 2.6
      vertex 33 84.6 2.6
      vertex 33 83.8 2.6
    endloop
  endfacet
  facet normal 1 -0 0
    outer loop
      vertex 33 83.8 4
      vertex 33 84.6 2.6
      vertex 33 84.6 4
    endloop
  endfacet
  facet normal 1 0 0
    outer loop
      vertex 33 84.6 2.6
      vertex 33 83.8 4
      vertex 33 83.8 2.6
    endloop
  endfacet
  facet normal 0 -1 0
    outer loop
      vertex 33 84.6 2.6
      vertex 43 84.6 4
      vertex 33 84.6 4
    endloop
  endfacet
  facet normal 0 -1 -0
    outer loop
      vertex 43 84.6 4
      vertex 33 84.6 2.6
      vertex 43 84.6 2.6
    endloop
  endfacet
  facet normal -1 0 0
    outer loop
      vertex 44 84 0
      vertex 44 86 2.1
      vertex 44 86 0
    endloop
  endfacet
  facet normal -1 -0 0
    outer loop
      vertex 44 86 2.1
      vertex 44 84 0
      vertex 44 84 2.1
    endloop
  endfacet
  facet normal 0 0 -1
    outer loop
      vertex 32 84 2.1
      vertex 44 86 2.1
      vertex 44 84 2.1
    endloop
  endfacet
  facet normal -0 0 -1
    outer loop
      vertex 44 86 2.1
      vertex 32 84 2.1
      vertex 32 86 2.1
    endloop
  endfacet
  facet normal 1 -0 0
    outer loop
      vertex 32 84 2.1
      vertex 32 86 0
      vertex 32 86 2.1
    endloop
  endfacet
  facet normal 1 0 0
    outer loop
      vertex 32 86 0
      vertex 32 84 2.1
      vertex 32 84 0
    endloop
  endfacet
  facet normal 0 1 -0
    outer loop
      vertex 44 84 0
      vertex 32 84 2.1
      vertex 44 84 2.1
    endloop
  endfacet
  facet normal 0 1 0
    outer loop
      vertex 32 84 2.1
      vertex 44 84 0
      vertex 32 84 0
    endloop
  endfacet
endsolid OpenSCAD_Model
