solid OpenSCAD_Model
  facet normal -0.987684 -0.156463 0
    outer loop
      vertex 16.9726 12.5226 0
      vertex 16.8907 13.0396 1
      vertex 16.8907 13.0396 0
    endloop
  endfacet
  facet normal -0.987684 -0.156463 0
    outer loop
      vertex 16.8907 13.0396 1
      vertex 16.9726 12.5226 0
      vertex 16.9726 12.5226 1
    endloop
  endfacet
  facet normal -0.998628 -0.0523582 0
    outer loop
      vertex 17 12 0
      vertex 16.9726 12.5226 1
      vertex 16.9726 12.5226 0
    endloop
  endfacet
  facet normal -0.998628 -0.0523582 0
    outer loop
      vertex 16.9726 12.5226 1
      vertex 17 12 0
      vertex 17 12 1
    endloop
  endfacet
  facet normal -0.965949 -0.258733 0
    outer loop
      vertex 16.8907 13.0396 0
      vertex 16.7553 13.5451 1
      vertex 16.7553 13.5451 0
    endloop
  endfacet
  facet normal -0.965949 -0.258733 0
    outer loop
      vertex 16.7553 13.5451 1
      vertex 16.8907 13.0396 0
      vertex 16.8907 13.0396 1
    endloop
  endfacet
  facet normal -0.454003 0.891 0
    outer loop
      vertex 14.5 7.66987 0
      vertex 14.0337 7.43227 1
      vertex 14.5 7.66987 1
    endloop
  endfacet
  facet normal -0.454003 0.891 0
    outer loop
      vertex 14.0337 7.43227 1
      vertex 14.5 7.66987 0
      vertex 14.0337 7.43227 0
    endloop
  endfacet
  facet normal 0.777193 -0.629263 0
    outer loop
      vertex 7.95491 14.9389 1
      vertex 8.28428 15.3457 0
      vertex 8.28428 15.3457 1
    endloop
  endfacet
  facet normal 0.777193 -0.629263 0
    outer loop
      vertex 8.28428 15.3457 0
      vertex 7.95491 14.9389 1
      vertex 7.95491 14.9389 0
    endloop
  endfacet
  facet normal 0.933579 0.358371 0
    outer loop
      vertex 7.43227 9.96632 1
      vertex 7.24472 10.4549 0
      vertex 7.24472 10.4549 1
    endloop
  endfacet
  facet normal 0.933579 0.358371 0
    outer loop
      vertex 7.24472 10.4549 0
      vertex 7.43227 9.96632 1
      vertex 7.43227 9.96632 0
    endloop
  endfacet
  facet normal 0.777132 0.629337 0
    outer loop
      vertex 8.28428 8.65435 1
      vertex 7.95491 9.06107 0
      vertex 7.95491 9.06107 1
    endloop
  endfacet
  facet normal 0.777132 0.629337 0
    outer loop
      vertex 7.95491 9.06107 0
      vertex 8.28428 8.65435 1
      vertex 8.28428 8.65435 0
    endloop
  endfacet
  facet normal -0.358441 -0.933552 0
    outer loop
      vertex 13.5451 16.7553 0
      vertex 14.0337 16.5677 1
      vertex 13.5451 16.7553 1
    endloop
  endfacet
  facet normal -0.358441 -0.933552 -0
    outer loop
      vertex 14.0337 16.5677 1
      vertex 13.5451 16.7553 0
      vertex 14.0337 16.5677 0
    endloop
  endfacet
  facet normal -0.933547 0.358454 0
    outer loop
      vertex 16.5677 9.96632 0
      vertex 16.7553 10.4549 1
      vertex 16.7553 10.4549 0
    endloop
  endfacet
  facet normal -0.933547 0.358454 0
    outer loop
      vertex 16.7553 10.4549 1
      vertex 16.5677 9.96632 0
      vertex 16.5677 9.96632 1
    endloop
  endfacet
  facet normal -0.544659 0.838657 0
    outer loop
      vertex 14.9389 7.95491 0
      vertex 14.5 7.66987 1
      vertex 14.9389 7.95491 1
    endloop
  endfacet
  facet normal -0.544659 0.838657 0
    outer loop
      vertex 14.5 7.66987 1
      vertex 14.9389 7.95491 0
      vertex 14.5 7.66987 0
    endloop
  endfacet
  facet normal 0.453988 -0.891008 0
    outer loop
      vertex 9.5 16.3301 0
      vertex 9.96632 16.5677 1
      vertex 9.5 16.3301 1
    endloop
  endfacet
  facet normal 0.453988 -0.891008 0
    outer loop
      vertex 9.96632 16.5677 1
      vertex 9.5 16.3301 0
      vertex 9.96632 16.5677 0
    endloop
  endfacet
  facet normal -0.156407 0.987693 0
    outer loop
      vertex 13.0396 7.10926 0
      vertex 12.5226 7.02739 1
      vertex 13.0396 7.10926 1
    endloop
  endfacet
  facet normal -0.156407 0.987693 0
    outer loop
      vertex 12.5226 7.02739 1
      vertex 13.0396 7.10926 0
      vertex 12.5226 7.02739 0
    endloop
  endfacet
  facet normal 0.156463 -0.987684 0
    outer loop
      vertex 10.9604 16.8907 0
      vertex 11.4774 16.9726 1
      vertex 10.9604 16.8907 1
    endloop
  endfacet
  facet normal 0.156463 -0.987684 0
    outer loop
      vertex 11.4774 16.9726 1
      vertex 10.9604 16.8907 0
      vertex 11.4774 16.9726 0
    endloop
  endfacet
  facet normal 0.0523392 0.998629 -0
    outer loop
      vertex 12 7 0
      vertex 11.4774 7.02739 1
      vertex 12 7 1
    endloop
  endfacet
  facet normal 0.0523392 0.998629 0
    outer loop
      vertex 11.4774 7.02739 1
      vertex 12 7 0
      vertex 11.4774 7.02739 0
    endloop
  endfacet
  facet normal 0.258733 -0.965949 0
    outer loop
      vertex 10.4549 16.7553 0
      vertex 10.9604 16.8907 1
      vertex 10.4549 16.7553 1
    endloop
  endfacet
  facet normal 0.258733 -0.965949 0
    outer loop
      vertex 10.9604 16.8907 1
      vertex 10.4549 16.7553 0
      vertex 10.9604 16.8907 0
    endloop
  endfacet
  facet normal 0.156407 0.987693 -0
    outer loop
      vertex 11.4774 7.02739 0
      vertex 10.9604 7.10926 1
      vertex 11.4774 7.02739 1
    endloop
  endfacet
  facet normal 0.156407 0.987693 0
    outer loop
      vertex 10.9604 7.10926 1
      vertex 11.4774 7.02739 0
      vertex 10.9604 7.10926 0
    endloop
  endfacet
  facet normal 0.544633 0.838674 -0
    outer loop
      vertex 9.5 7.66987 0
      vertex 9.06107 7.95491 1
      vertex 9.5 7.66987 1
    endloop
  endfacet
  facet normal 0.544633 0.838674 0
    outer loop
      vertex 9.06107 7.95491 1
      vertex 9.5 7.66987 0
      vertex 9.06107 7.95491 0
    endloop
  endfacet
  facet normal -0.629263 0.777193 0
    outer loop
      vertex 15.3457 8.28428 0
      vertex 14.9389 7.95491 1
      vertex 15.3457 8.28428 1
    endloop
  endfacet
  facet normal -0.629263 0.777193 0
    outer loop
      vertex 14.9389 7.95491 1
      vertex 15.3457 8.28428 0
      vertex 14.9389 7.95491 0
    endloop
  endfacet
  facet normal 0.838674 0.544633 0
    outer loop
      vertex 7.95491 9.06107 1
      vertex 7.66987 9.5 0
      vertex 7.66987 9.5 1
    endloop
  endfacet
  facet normal 0.838674 0.544633 0
    outer loop
      vertex 7.66987 9.5 0
      vertex 7.95491 9.06107 1
      vertex 7.95491 9.06107 0
    endloop
  endfacet
  facet normal 0.838657 -0.544659 0
    outer loop
      vertex 7.66987 14.5 1
      vertex 7.95491 14.9389 0
      vertex 7.95491 14.9389 1
    endloop
  endfacet
  facet normal 0.838657 -0.544659 0
    outer loop
      vertex 7.95491 14.9389 0
      vertex 7.66987 14.5 1
      vertex 7.66987 14.5 0
    endloop
  endfacet
  facet normal -0.454003 -0.891 0
    outer loop
      vertex 14.0337 16.5677 0
      vertex 14.5 16.3301 1
      vertex 14.0337 16.5677 1
    endloop
  endfacet
  facet normal -0.454003 -0.891 -0
    outer loop
      vertex 14.5 16.3301 1
      vertex 14.0337 16.5677 0
      vertex 14.5 16.3301 0
    endloop
  endfacet
  facet normal 0.987693 0.156407 0
    outer loop
      vertex 7.10926 10.9604 1
      vertex 7.02739 11.4774 0
      vertex 7.02739 11.4774 1
    endloop
  endfacet
  facet normal 0.987693 0.156407 0
    outer loop
      vertex 7.02739 11.4774 0
      vertex 7.10926 10.9604 1
      vertex 7.10926 10.9604 0
    endloop
  endfacet
  facet normal 0.544579 -0.838709 0
    outer loop
      vertex 9.06107 16.0451 0
      vertex 9.5 16.3301 1
      vertex 9.06107 16.0451 1
    endloop
  endfacet
  facet normal 0.544579 -0.838709 0
    outer loop
      vertex 9.5 16.3301 1
      vertex 9.06107 16.0451 0
      vertex 9.5 16.3301 0
    endloop
  endfacet
  facet normal -0.965949 0.258733 0
    outer loop
      vertex 16.7553 10.4549 0
      vertex 16.8907 10.9604 1
      vertex 16.8907 10.9604 0
    endloop
  endfacet
  facet normal -0.965949 0.258733 0
    outer loop
      vertex 16.8907 10.9604 1
      vertex 16.7553 10.4549 0
      vertex 16.7553 10.4549 1
    endloop
  endfacet
  facet normal -0.544605 -0.838692 0
    outer loop
      vertex 14.5 16.3301 0
      vertex 14.9389 16.0451 1
      vertex 14.5 16.3301 1
    endloop
  endfacet
  facet normal -0.544605 -0.838692 -0
    outer loop
      vertex 14.9389 16.0451 1
      vertex 14.5 16.3301 0
      vertex 14.9389 16.0451 0
    endloop
  endfacet
  facet normal 0.70704 -0.707174 0
    outer loop
      vertex 8.28428 15.3457 1
      vertex 8.65435 15.7157 0
      vertex 8.65435 15.7157 1
    endloop
  endfacet
  facet normal 0.70704 -0.707174 0
    outer loop
      vertex 8.65435 15.7157 0
      vertex 8.28428 15.3457 1
      vertex 8.28428 15.3457 0
    endloop
  endfacet
  facet normal -0.777165 -0.629297 0
    outer loop
      vertex 16.0451 14.9389 0
      vertex 15.7157 15.3457 1
      vertex 15.7157 15.3457 0
    endloop
  endfacet
  facet normal -0.777165 -0.629297 0
    outer loop
      vertex 15.7157 15.3457 1
      vertex 16.0451 14.9389 0
      vertex 16.0451 14.9389 1
    endloop
  endfacet
  facet normal -0.707107 -0.707107 0
    outer loop
      vertex 15.7157 15.3457 0
      vertex 15.3457 15.7157 1
      vertex 15.3457 15.7157 0
    endloop
  endfacet
  facet normal -0.707107 -0.707107 0
    outer loop
      vertex 15.3457 15.7157 1
      vertex 15.7157 15.3457 0
      vertex 15.7157 15.3457 1
    endloop
  endfacet
  facet normal -0.707174 0.70704 0
    outer loop
      vertex 15.3457 8.28428 0
      vertex 15.7157 8.65435 1
      vertex 15.7157 8.65435 0
    endloop
  endfacet
  facet normal -0.707174 0.70704 0
    outer loop
      vertex 15.7157 8.65435 1
      vertex 15.3457 8.28428 0
      vertex 15.3457 8.28428 1
    endloop
  endfacet
  facet normal 0.0523582 -0.998628 0
    outer loop
      vertex 11.4774 16.9726 0
      vertex 12 17 1
      vertex 11.4774 16.9726 1
    endloop
  endfacet
  facet normal 0.0523582 -0.998628 0
    outer loop
      vertex 12 17 1
      vertex 11.4774 16.9726 0
      vertex 12 17 0
    endloop
  endfacet
  facet normal -0.987684 0.156463 0
    outer loop
      vertex 16.8907 10.9604 0
      vertex 16.9726 11.4774 1
      vertex 16.9726 11.4774 0
    endloop
  endfacet
  facet normal -0.987684 0.156463 0
    outer loop
      vertex 16.9726 11.4774 1
      vertex 16.8907 10.9604 0
      vertex 16.8907 10.9604 1
    endloop
  endfacet
  facet normal -0.0523392 0.998629 0
    outer loop
      vertex 12.5226 7.02739 0
      vertex 12 7 1
      vertex 12.5226 7.02739 1
    endloop
  endfacet
  facet normal -0.0523392 0.998629 0
    outer loop
      vertex 12 7 1
      vertex 12.5226 7.02739 0
      vertex 12 7 0
    endloop
  endfacet
  facet normal -0.998628 0.0523582 0
    outer loop
      vertex 16.9726 11.4774 0
      vertex 17 12 1
      vertex 17 12 0
    endloop
  endfacet
  facet normal -0.998628 0.0523582 0
    outer loop
      vertex 17 12 1
      vertex 16.9726 11.4774 0
      vertex 16.9726 11.4774 1
    endloop
  endfacet
  facet normal -0.358358 0.933584 0
    outer loop
      vertex 14.0337 7.43227 0
      vertex 13.5451 7.24472 1
      vertex 14.0337 7.43227 1
    endloop
  endfacet
  facet normal -0.358358 0.933584 0
    outer loop
      vertex 13.5451 7.24472 1
      vertex 14.0337 7.43227 0
      vertex 13.5451 7.24472 0
    endloop
  endfacet
  facet normal -0.25884 0.96592 0
    outer loop
      vertex 13.5451 7.24472 0
      vertex 13.0396 7.10926 1
      vertex 13.5451 7.24472 1
    endloop
  endfacet
  facet normal -0.25884 0.96592 0
    outer loop
      vertex 13.0396 7.10926 1
      vertex 13.5451 7.24472 0
      vertex 13.0396 7.10926 0
    endloop
  endfacet
  facet normal -0.933552 -0.358441 0
    outer loop
      vertex 16.7553 13.5451 0
      vertex 16.5677 14.0337 1
      vertex 16.5677 14.0337 0
    endloop
  endfacet
  facet normal -0.933552 -0.358441 0
    outer loop
      vertex 16.5677 14.0337 1
      vertex 16.7553 13.5451 0
      vertex 16.7553 13.5451 1
    endloop
  endfacet
  facet normal -0.838709 0.544579 0
    outer loop
      vertex 16.0451 9.06107 0
      vertex 16.3301 9.5 1
      vertex 16.3301 9.5 0
    endloop
  endfacet
  facet normal -0.838709 0.544579 0
    outer loop
      vertex 16.3301 9.5 1
      vertex 16.0451 9.06107 0
      vertex 16.0451 9.06107 1
    endloop
  endfacet
  facet normal -0.891008 0.453988 0
    outer loop
      vertex 16.3301 9.5 0
      vertex 16.5677 9.96632 1
      vertex 16.5677 9.96632 0
    endloop
  endfacet
  facet normal -0.891008 0.453988 0
    outer loop
      vertex 16.5677 9.96632 1
      vertex 16.3301 9.5 0
      vertex 16.3301 9.5 1
    endloop
  endfacet
  facet normal 0 0 -1
    outer loop
      vertex 16.9726 11.4774 1
      vertex 16.9726 12.5226 1
      vertex 17 12 1
    endloop
  endfacet
  facet normal 0 0 -1
    outer loop
      vertex 16.8907 10.9604 1
      vertex 16.9726 12.5226 1
      vertex 16.9726 11.4774 1
    endloop
  endfacet
  facet normal 0 0 -1
    outer loop
      vertex 16.8907 10.9604 1
      vertex 16.8907 13.0396 1
      vertex 16.9726 12.5226 1
    endloop
  endfacet
  facet normal 0 0 -1
    outer loop
      vertex 16.7553 10.4549 1
      vertex 16.8907 13.0396 1
      vertex 16.8907 10.9604 1
    endloop
  endfacet
  facet normal 0 0 -1
    outer loop
      vertex 16.7553 10.4549 1
      vertex 16.7553 13.5451 1
      vertex 16.8907 13.0396 1
    endloop
  endfacet
  facet normal 0 0 -1
    outer loop
      vertex 16.5677 9.96632 1
      vertex 16.7553 13.5451 1
      vertex 16.7553 10.4549 1
    endloop
  endfacet
  facet normal 0 0 -1
    outer loop
      vertex 16.5677 9.96632 1
      vertex 16.5677 14.0337 1
      vertex 16.7553 13.5451 1
    endloop
  endfacet
  facet normal 0 0 -1
    outer loop
      vertex 16.3301 9.5 1
      vertex 16.5677 14.0337 1
      vertex 16.5677 9.96632 1
    endloop
  endfacet
  facet normal 0 0 -1
    outer loop
      vertex 16.3301 9.5 1
      vertex 16.3301 14.5 1
      vertex 16.5677 14.0337 1
    endloop
  endfacet
  facet normal 0 0 -1
    outer loop
      vertex 16.0451 9.06107 1
      vertex 16.3301 14.5 1
      vertex 16.3301 9.5 1
    endloop
  endfacet
  facet normal 0 0 -1
    outer loop
      vertex 16.0451 9.06107 1
      vertex 16.0451 14.9389 1
      vertex 16.3301 14.5 1
    endloop
  endfacet
  facet normal 0 0 -1
    outer loop
      vertex 15.7157 8.65435 1
      vertex 16.0451 14.9389 1
      vertex 16.0451 9.06107 1
    endloop
  endfacet
  facet normal 0 0 -1
    outer loop
      vertex 15.7157 8.65435 1
      vertex 15.7157 15.3457 1
      vertex 16.0451 14.9389 1
    endloop
  endfacet
  facet normal 0 0 -1
    outer loop
      vertex 15.3457 8.28428 1
      vertex 15.7157 15.3457 1
      vertex 15.7157 8.65435 1
    endloop
  endfacet
  facet normal 0 0 -1
    outer loop
      vertex 15.3457 8.28428 1
      vertex 15.3457 15.7157 1
      vertex 15.7157 15.3457 1
    endloop
  endfacet
  facet normal 0 0 -1
    outer loop
      vertex 14.9389 7.95491 1
      vertex 15.3457 15.7157 1
      vertex 15.3457 8.28428 1
    endloop
  endfacet
  facet normal 0 0 -1
    outer loop
      vertex 14.9389 7.95491 1
      vertex 14.9389 16.0451 1
      vertex 15.3457 15.7157 1
    endloop
  endfacet
  facet normal 0 0 -1
    outer loop
      vertex 14.5 7.66987 1
      vertex 14.9389 16.0451 1
      vertex 14.9389 7.95491 1
    endloop
  endfacet
  facet normal 0 0 -1
    outer loop
      vertex 14.5 7.66987 1
      vertex 14.5 16.3301 1
      vertex 14.9389 16.0451 1
    endloop
  endfacet
  facet normal 0 0 -1
    outer loop
      vertex 14.0337 7.43227 1
      vertex 14.5 16.3301 1
      vertex 14.5 7.66987 1
    endloop
  endfacet
  facet normal 0 0 -1
    outer loop
      vertex 14.0337 7.43227 1
      vertex 14.0337 16.5677 1
      vertex 14.5 16.3301 1
    endloop
  endfacet
  facet normal 0 0 -1
    outer loop
      vertex 13.5451 7.24472 1
      vertex 14.0337 16.5677 1
      vertex 14.0337 7.43227 1
    endloop
  endfacet
  facet normal 0 0 -1
    outer loop
      vertex 13.5451 7.24472 1
      vertex 13.5451 16.7553 1
      vertex 14.0337 16.5677 1
    endloop
  endfacet
  facet normal 0 0 -1
    outer loop
      vertex 13.0396 7.10926 1
      vertex 13.5451 16.7553 1
      vertex 13.5451 7.24472 1
    endloop
  endfacet
  facet normal 0 0 -1
    outer loop
      vertex 13.0396 7.10926 1
      vertex 13.0396 16.8907 1
      vertex 13.5451 16.7553 1
    endloop
  endfacet
  facet normal 0 0 -1
    outer loop
      vertex 12.5226 7.02739 1
      vertex 13.0396 16.8907 1
      vertex 13.0396 7.10926 1
    endloop
  endfacet
  facet normal 0 0 -1
    outer loop
      vertex 12.5226 7.02739 1
      vertex 12.5226 16.9726 1
      vertex 13.0396 16.8907 1
    endloop
  endfacet
  facet normal 0 0 -1
    outer loop
      vertex 12 7 1
      vertex 12.5226 16.9726 1
      vertex 12.5226 7.02739 1
    endloop
  endfacet
  facet normal 0 0 -1
    outer loop
      vertex 12 7 1
      vertex 12 17 1
      vertex 12.5226 16.9726 1
    endloop
  endfacet
  facet normal 0 0 -1
    outer loop
      vertex 11.4774 7.02739 1
      vertex 12 17 1
      vertex 12 7 1
    endloop
  endfacet
  facet normal 0 0 -1
    outer loop
      vertex 11.4774 7.02739 1
      vertex 11.4774 16.9726 1
      vertex 12 17 1
    endloop
  endfacet
  facet normal 0 0 -1
    outer loop
      vertex 10.9604 7.10926 1
      vertex 11.4774 16.9726 1
      vertex 11.4774 7.02739 1
    endloop
  endfacet
  facet normal 0 0 -1
    outer loop
      vertex 10.9604 7.10926 1
      vertex 10.9604 16.8907 1
      vertex 11.4774 16.9726 1
    endloop
  endfacet
  facet normal 0 0 -1
    outer loop
      vertex 10.4549 7.24472 1
      vertex 10.9604 16.8907 1
      vertex 10.9604 7.10926 1
    endloop
  endfacet
  facet normal 0 0 -1
    outer loop
      vertex 10.4549 7.24472 1
      vertex 10.4549 16.7553 1
      vertex 10.9604 16.8907 1
    endloop
  endfacet
  facet normal 0 0 -1
    outer loop
      vertex 9.96632 7.43227 1
      vertex 10.4549 16.7553 1
      vertex 10.4549 7.24472 1
    endloop
  endfacet
  facet normal 0 0 -1
    outer loop
      vertex 9.96632 7.43227 1
      vertex 9.96632 16.5677 1
      vertex 10.4549 16.7553 1
    endloop
  endfacet
  facet normal 0 0 -1
    outer loop
      vertex 9.5 7.66987 1
      vertex 9.96632 16.5677 1
      vertex 9.96632 7.43227 1
    endloop
  endfacet
  facet normal 0 0 -1
    outer loop
      vertex 9.5 7.66987 1
      vertex 9.5 16.3301 1
      vertex 9.96632 16.5677 1
    endloop
  endfacet
  facet normal 0 0 -1
    outer loop
      vertex 9.06107 7.95491 1
      vertex 9.5 16.3301 1
      vertex 9.5 7.66987 1
    endloop
  endfacet
  facet normal 0 0 -1
    outer loop
      vertex 9.06107 7.95491 1
      vertex 9.06107 16.0451 1
      vertex 9.5 16.3301 1
    endloop
  endfacet
  facet normal 0 0 -1
    outer loop
      vertex 8.65435 8.28428 1
      vertex 9.06107 16.0451 1
      vertex 9.06107 7.95491 1
    endloop
  endfacet
  facet normal 0 0 -1
    outer loop
      vertex 8.65435 8.28428 1
      vertex 8.65435 15.7157 1
      vertex 9.06107 16.0451 1
    endloop
  endfacet
  facet normal 0 0 -1
    outer loop
      vertex 8.28428 8.65435 1
      vertex 8.65435 15.7157 1
      vertex 8.65435 8.28428 1
    endloop
  endfacet
  facet normal 0 0 -1
    outer loop
      vertex 8.28428 8.65435 1
      vertex 8.28428 15.3457 1
      vertex 8.65435 15.7157 1
    endloop
  endfacet
  facet normal 0 0 -1
    outer loop
      vertex 7.95491 9.06107 1
      vertex 8.28428 15.3457 1
      vertex 8.28428 8.65435 1
    endloop
  endfacet
  facet normal 0 0 -1
    outer loop
      vertex 7.95491 9.06107 1
      vertex 7.95491 14.9389 1
      vertex 8.28428 15.3457 1
    endloop
  endfacet
  facet normal 0 0 -1
    outer loop
      vertex 7.66987 9.5 1
      vertex 7.95491 14.9389 1
      vertex 7.95491 9.06107 1
    endloop
  endfacet
  facet normal 0 0 -1
    outer loop
      vertex 7.66987 9.5 1
      vertex 7.66987 14.5 1
      vertex 7.95491 14.9389 1
    endloop
  endfacet
  facet normal 0 0 -1
    outer loop
      vertex 7.43227 9.96632 1
      vertex 7.66987 14.5 1
      vertex 7.66987 9.5 1
    endloop
  endfacet
  facet normal 0 0 -1
    outer loop
      vertex 7.43227 9.96632 1
      vertex 7.43227 14.0337 1
      vertex 7.66987 14.5 1
    endloop
  endfacet
  facet normal 0 0 -1
    outer loop
      vertex 7.24472 10.4549 1
      vertex 7.43227 14.0337 1
      vertex 7.43227 9.96632 1
    endloop
  endfacet
  facet normal 0 0 -1
    outer loop
      vertex 7.24472 10.4549 1
      vertex 7.24472 13.5451 1
      vertex 7.43227 14.0337 1
    endloop
  endfacet
  facet normal 0 0 -1
    outer loop
      vertex 7.10926 10.9604 1
      vertex 7.24472 13.5451 1
      vertex 7.24472 10.4549 1
    endloop
  endfacet
  facet normal 0 0 -1
    outer loop
      vertex 7.10926 10.9604 1
      vertex 7.10926 13.0396 1
      vertex 7.24472 13.5451 1
    endloop
  endfacet
  facet normal 0 0 -1
    outer loop
      vertex 7.02739 11.4774 1
      vertex 7.10926 13.0396 1
      vertex 7.10926 10.9604 1
    endloop
  endfacet
  facet normal 0 0 -1
    outer loop
      vertex 7.02739 11.4774 1
      vertex 7.02739 12.5226 1
      vertex 7.10926 13.0396 1
    endloop
  endfacet
  facet normal 0 -0 -1
    outer loop
      vertex 7.02739 12.5226 1
      vertex 7.02739 11.4774 1
      vertex 7 12 1
    endloop
  endfacet
  facet normal 0.987693 -0.156407 0
    outer loop
      vertex 7.02739 12.5226 1
      vertex 7.10926 13.0396 0
      vertex 7.10926 13.0396 1
    endloop
  endfacet
  facet normal 0.987693 -0.156407 0
    outer loop
      vertex 7.10926 13.0396 0
      vertex 7.02739 12.5226 1
      vertex 7.02739 12.5226 0
    endloop
  endfacet
  facet normal 0.358454 -0.933547 0
    outer loop
      vertex 9.96632 16.5677 0
      vertex 10.4549 16.7553 1
      vertex 9.96632 16.5677 1
    endloop
  endfacet
  facet normal 0.358454 -0.933547 0
    outer loop
      vertex 10.4549 16.7553 1
      vertex 9.96632 16.5677 0
      vertex 10.4549 16.7553 0
    endloop
  endfacet
  facet normal -0.891 -0.454003 0
    outer loop
      vertex 16.5677 14.0337 0
      vertex 16.3301 14.5 1
      vertex 16.3301 14.5 0
    endloop
  endfacet
  facet normal -0.891 -0.454003 0
    outer loop
      vertex 16.3301 14.5 1
      vertex 16.5677 14.0337 0
      vertex 16.5677 14.0337 1
    endloop
  endfacet
  facet normal -0.838692 -0.544605 0
    outer loop
      vertex 16.3301 14.5 0
      vertex 16.0451 14.9389 1
      vertex 16.0451 14.9389 0
    endloop
  endfacet
  facet normal -0.838692 -0.544605 0
    outer loop
      vertex 16.0451 14.9389 1
      vertex 16.3301 14.5 0
      vertex 16.3301 14.5 1
    endloop
  endfacet
  facet normal 0.629337 0.777132 -0
    outer loop
      vertex 9.06107 7.95491 0
      vertex 8.65435 8.28428 1
      vertex 9.06107 7.95491 1
    endloop
  endfacet
  facet normal 0.629337 0.777132 0
    outer loop
      vertex 8.65435 8.28428 1
      vertex 9.06107 7.95491 0
      vertex 8.65435 8.28428 0
    endloop
  endfacet
  facet normal 0.453988 0.891008 -0
    outer loop
      vertex 9.96632 7.43227 0
      vertex 9.5 7.66987 1
      vertex 9.96632 7.43227 1
    endloop
  endfacet
  facet normal 0.453988 0.891008 0
    outer loop
      vertex 9.5 7.66987 1
      vertex 9.96632 7.43227 0
      vertex 9.5 7.66987 0
    endloop
  endfacet
  facet normal -0.156463 -0.987684 0
    outer loop
      vertex 12.5226 16.9726 0
      vertex 13.0396 16.8907 1
      vertex 12.5226 16.9726 1
    endloop
  endfacet
  facet normal -0.156463 -0.987684 -0
    outer loop
      vertex 13.0396 16.8907 1
      vertex 12.5226 16.9726 0
      vertex 13.0396 16.8907 0
    endloop
  endfacet
  facet normal -0.629297 -0.777165 0
    outer loop
      vertex 14.9389 16.0451 0
      vertex 15.3457 15.7157 1
      vertex 14.9389 16.0451 1
    endloop
  endfacet
  facet normal -0.629297 -0.777165 -0
    outer loop
      vertex 15.3457 15.7157 1
      vertex 14.9389 16.0451 0
      vertex 15.3457 15.7157 0
    endloop
  endfacet
  facet normal 0.891008 0.453988 0
    outer loop
      vertex 7.66987 9.5 1
      vertex 7.43227 9.96632 0
      vertex 7.43227 9.96632 1
    endloop
  endfacet
  facet normal 0.891008 0.453988 0
    outer loop
      vertex 7.43227 9.96632 0
      vertex 7.66987 9.5 1
      vertex 7.66987 9.5 0
    endloop
  endfacet
  facet normal -0.0523582 -0.998628 0
    outer loop
      vertex 12 17 0
      vertex 12.5226 16.9726 1
      vertex 12 17 1
    endloop
  endfacet
  facet normal -0.0523582 -0.998628 -0
    outer loop
      vertex 12.5226 16.9726 1
      vertex 12 17 0
      vertex 12.5226 16.9726 0
    endloop
  endfacet
  facet normal 0.96592 0.25884 0
    outer loop
      vertex 7.24472 10.4549 1
      vertex 7.10926 10.9604 0
      vertex 7.10926 10.9604 1
    endloop
  endfacet
  facet normal 0.96592 0.25884 0
    outer loop
      vertex 7.10926 10.9604 0
      vertex 7.24472 10.4549 1
      vertex 7.24472 10.4549 0
    endloop
  endfacet
  facet normal -0.258733 -0.965949 0
    outer loop
      vertex 13.0396 16.8907 0
      vertex 13.5451 16.7553 1
      vertex 13.0396 16.8907 1
    endloop
  endfacet
  facet normal -0.258733 -0.965949 -0
    outer loop
      vertex 13.5451 16.7553 1
      vertex 13.0396 16.8907 0
      vertex 13.5451 16.7553 0
    endloop
  endfacet
  facet normal 0.629372 -0.777104 0
    outer loop
      vertex 8.65435 15.7157 0
      vertex 9.06107 16.0451 1
      vertex 8.65435 15.7157 1
    endloop
  endfacet
  facet normal 0.629372 -0.777104 0
    outer loop
      vertex 9.06107 16.0451 1
      vertex 8.65435 15.7157 0
      vertex 9.06107 16.0451 0
    endloop
  endfacet
  facet normal 0.707107 0.707107 0
    outer loop
      vertex 8.65435 8.28428 1
      vertex 8.28428 8.65435 0
      vertex 8.28428 8.65435 1
    endloop
  endfacet
  facet normal 0.707107 0.707107 0
    outer loop
      vertex 8.28428 8.65435 0
      vertex 8.65435 8.28428 1
      vertex 8.65435 8.28428 0
    endloop
  endfacet
  facet normal 0.358371 0.933579 -0
    outer loop
      vertex 10.4549 7.24472 0
      vertex 9.96632 7.43227 1
      vertex 10.4549 7.24472 1
    endloop
  endfacet
  facet normal 0.358371 0.933579 0
    outer loop
      vertex 9.96632 7.43227 1
      vertex 10.4549 7.24472 0
      vertex 9.96632 7.43227 0
    endloop
  endfacet
  facet normal 0.96592 -0.25884 0
    outer loop
      vertex 7.10926 13.0396 1
      vertex 7.24472 13.5451 0
      vertex 7.24472 13.5451 1
    endloop
  endfacet
  facet normal 0.96592 -0.25884 0
    outer loop
      vertex 7.24472 13.5451 0
      vertex 7.10926 13.0396 1
      vertex 7.10926 13.0396 0
    endloop
  endfacet
  facet normal 0.998629 -0.0523392 0
    outer loop
      vertex 7 12 1
      vertex 7.02739 12.5226 0
      vertex 7.02739 12.5226 1
    endloop
  endfacet
  facet normal 0.998629 -0.0523392 0
    outer loop
      vertex 7.02739 12.5226 0
      vertex 7 12 1
      vertex 7 12 0
    endloop
  endfacet
  facet normal 0.998629 0.0523392 0
    outer loop
      vertex 7.02739 11.4774 1
      vertex 7 12 0
      vertex 7 12 1
    endloop
  endfacet
  facet normal 0.998629 0.0523392 0
    outer loop
      vertex 7 12 0
      vertex 7.02739 11.4774 1
      vertex 7.02739 11.4774 0
    endloop
  endfacet
  facet normal 0.891 -0.454003 0
    outer loop
      vertex 7.43227 14.0337 1
      vertex 7.66987 14.5 0
      vertex 7.66987 14.5 1
    endloop
  endfacet
  facet normal 0.891 -0.454003 0
    outer loop
      vertex 7.66987 14.5 0
      vertex 7.43227 14.0337 1
      vertex 7.43227 14.0337 0
    endloop
  endfacet
  facet normal 0.25884 0.96592 -0
    outer loop
      vertex 10.9604 7.10926 0
      vertex 10.4549 7.24472 1
      vertex 10.9604 7.10926 1
    endloop
  endfacet
  facet normal 0.25884 0.96592 0
    outer loop
      vertex 10.4549 7.24472 1
      vertex 10.9604 7.10926 0
      vertex 10.4549 7.24472 0
    endloop
  endfacet
  facet normal 0.933584 -0.358358 0
    outer loop
      vertex 7.24472 13.5451 1
      vertex 7.43227 14.0337 0
      vertex 7.43227 14.0337 1
    endloop
  endfacet
  facet normal 0.933584 -0.358358 0
    outer loop
      vertex 7.43227 14.0337 0
      vertex 7.24472 13.5451 1
      vertex 7.24472 13.5451 0
    endloop
  endfacet
  facet normal -0.777104 0.629372 0
    outer loop
      vertex 15.7157 8.65435 0
      vertex 16.0451 9.06107 1
      vertex 16.0451 9.06107 0
    endloop
  endfacet
  facet normal -0.777104 0.629372 0
    outer loop
      vertex 16.0451 9.06107 1
      vertex 15.7157 8.65435 0
      vertex 15.7157 8.65435 1
    endloop
  endfacet
  facet normal -0.987684 -0.156463 0
    outer loop
      vertex 68.9726 12.5226 0
      vertex 68.8907 13.0396 1
      vertex 68.8907 13.0396 0
    endloop
  endfacet
  facet normal -0.987684 -0.156463 0
    outer loop
      vertex 68.8907 13.0396 1
      vertex 68.9726 12.5226 0
      vertex 68.9726 12.5226 1
    endloop
  endfacet
  facet normal -0.998628 -0.0523582 0
    outer loop
      vertex 69 12 0
      vertex 68.9726 12.5226 1
      vertex 68.9726 12.5226 0
    endloop
  endfacet
  facet normal -0.998628 -0.0523582 0
    outer loop
      vertex 68.9726 12.5226 1
      vertex 69 12 0
      vertex 69 12 1
    endloop
  endfacet
  facet normal -0.965949 -0.258733 0
    outer loop
      vertex 68.8907 13.0396 0
      vertex 68.7553 13.5451 1
      vertex 68.7553 13.5451 0
    endloop
  endfacet
  facet normal -0.965949 -0.258733 0
    outer loop
      vertex 68.7553 13.5451 1
      vertex 68.8907 13.0396 0
      vertex 68.8907 13.0396 1
    endloop
  endfacet
  facet normal -0.454003 0.891 0
    outer loop
      vertex 66.5 7.66987 0
      vertex 66.0337 7.43227 1
      vertex 66.5 7.66987 1
    endloop
  endfacet
  facet normal -0.454003 0.891 0
    outer loop
      vertex 66.0337 7.43227 1
      vertex 66.5 7.66987 0
      vertex 66.0337 7.43227 0
    endloop
  endfacet
  facet normal 0.777165 -0.629297 0
    outer loop
      vertex 59.9549 14.9389 1
      vertex 60.2843 15.3457 0
      vertex 60.2843 15.3457 1
    endloop
  endfacet
  facet normal 0.777165 -0.629297 0
    outer loop
      vertex 60.2843 15.3457 0
      vertex 59.9549 14.9389 1
      vertex 59.9549 14.9389 0
    endloop
  endfacet
  facet normal 0.933547 0.358454 0
    outer loop
      vertex 59.4323 9.96632 1
      vertex 59.2447 10.4549 0
      vertex 59.2447 10.4549 1
    endloop
  endfacet
  facet normal 0.933547 0.358454 0
    outer loop
      vertex 59.2447 10.4549 0
      vertex 59.4323 9.96632 1
      vertex 59.4323 9.96632 0
    endloop
  endfacet
  facet normal 0.777104 0.629372 0
    outer loop
      vertex 60.2843 8.65435 1
      vertex 59.9549 9.06107 0
      vertex 59.9549 9.06107 1
    endloop
  endfacet
  facet normal 0.777104 0.629372 0
    outer loop
      vertex 59.9549 9.06107 0
      vertex 60.2843 8.65435 1
      vertex 60.2843 8.65435 0
    endloop
  endfacet
  facet normal -0.358441 -0.933552 0
    outer loop
      vertex 65.5451 16.7553 0
      vertex 66.0337 16.5677 1
      vertex 65.5451 16.7553 1
    endloop
  endfacet
  facet normal -0.358441 -0.933552 -0
    outer loop
      vertex 66.0337 16.5677 1
      vertex 65.5451 16.7553 0
      vertex 66.0337 16.5677 0
    endloop
  endfacet
  facet normal -0.933547 0.358454 0
    outer loop
      vertex 68.5677 9.96632 0
      vertex 68.7553 10.4549 1
      vertex 68.7553 10.4549 0
    endloop
  endfacet
  facet normal -0.933547 0.358454 0
    outer loop
      vertex 68.7553 10.4549 1
      vertex 68.5677 9.96632 0
      vertex 68.5677 9.96632 1
    endloop
  endfacet
  facet normal -0.544659 0.838657 0
    outer loop
      vertex 66.9389 7.95491 0
      vertex 66.5 7.66987 1
      vertex 66.9389 7.95491 1
    endloop
  endfacet
  facet normal -0.544659 0.838657 0
    outer loop
      vertex 66.5 7.66987 1
      vertex 66.9389 7.95491 0
      vertex 66.5 7.66987 0
    endloop
  endfacet
  facet normal 0.454003 -0.891 0
    outer loop
      vertex 61.5 16.3301 0
      vertex 61.9663 16.5677 1
      vertex 61.5 16.3301 1
    endloop
  endfacet
  facet normal 0.454003 -0.891 0
    outer loop
      vertex 61.9663 16.5677 1
      vertex 61.5 16.3301 0
      vertex 61.9663 16.5677 0
    endloop
  endfacet
  facet normal -0.156407 0.987693 0
    outer loop
      vertex 65.0396 7.10926 0
      vertex 64.5226 7.02739 1
      vertex 65.0396 7.10926 1
    endloop
  endfacet
  facet normal -0.156407 0.987693 0
    outer loop
      vertex 64.5226 7.02739 1
      vertex 65.0396 7.10926 0
      vertex 64.5226 7.02739 0
    endloop
  endfacet
  facet normal 0.156463 -0.987684 0
    outer loop
      vertex 62.9604 16.8907 0
      vertex 63.4774 16.9726 1
      vertex 62.9604 16.8907 1
    endloop
  endfacet
  facet normal 0.156463 -0.987684 0
    outer loop
      vertex 63.4774 16.9726 1
      vertex 62.9604 16.8907 0
      vertex 63.4774 16.9726 0
    endloop
  endfacet
  facet normal 0.0523392 0.998629 -0
    outer loop
      vertex 64 7 0
      vertex 63.4774 7.02739 1
      vertex 64 7 1
    endloop
  endfacet
  facet normal 0.0523392 0.998629 0
    outer loop
      vertex 63.4774 7.02739 1
      vertex 64 7 0
      vertex 63.4774 7.02739 0
    endloop
  endfacet
  facet normal 0.258733 -0.965949 0
    outer loop
      vertex 62.4549 16.7553 0
      vertex 62.9604 16.8907 1
      vertex 62.4549 16.7553 1
    endloop
  endfacet
  facet normal 0.258733 -0.965949 0
    outer loop
      vertex 62.9604 16.8907 1
      vertex 62.4549 16.7553 0
      vertex 62.9604 16.8907 0
    endloop
  endfacet
  facet normal 0.156407 0.987693 -0
    outer loop
      vertex 63.4774 7.02739 0
      vertex 62.9604 7.10926 1
      vertex 63.4774 7.02739 1
    endloop
  endfacet
  facet normal 0.156407 0.987693 0
    outer loop
      vertex 62.9604 7.10926 1
      vertex 63.4774 7.02739 0
      vertex 62.9604 7.10926 0
    endloop
  endfacet
  facet normal 0.544659 0.838657 -0
    outer loop
      vertex 61.5 7.66987 0
      vertex 61.0611 7.95491 1
      vertex 61.5 7.66987 1
    endloop
  endfacet
  facet normal 0.544659 0.838657 0
    outer loop
      vertex 61.0611 7.95491 1
      vertex 61.5 7.66987 0
      vertex 61.0611 7.95491 0
    endloop
  endfacet
  facet normal -0.629356 0.777117 0
    outer loop
      vertex 67.3456 8.28428 0
      vertex 66.9389 7.95491 1
      vertex 67.3456 8.28428 1
    endloop
  endfacet
  facet normal -0.629356 0.777117 0
    outer loop
      vertex 66.9389 7.95491 1
      vertex 67.3456 8.28428 0
      vertex 66.9389 7.95491 0
    endloop
  endfacet
  facet normal 0.838709 0.544579 0
    outer loop
      vertex 59.9549 9.06107 1
      vertex 59.6699 9.5 0
      vertex 59.6699 9.5 1
    endloop
  endfacet
  facet normal 0.838709 0.544579 0
    outer loop
      vertex 59.6699 9.5 0
      vertex 59.9549 9.06107 1
      vertex 59.9549 9.06107 0
    endloop
  endfacet
  facet normal 0.838692 -0.544605 0
    outer loop
      vertex 59.6699 14.5 1
      vertex 59.9549 14.9389 0
      vertex 59.9549 14.9389 1
    endloop
  endfacet
  facet normal 0.838692 -0.544605 0
    outer loop
      vertex 59.9549 14.9389 0
      vertex 59.6699 14.5 1
      vertex 59.6699 14.5 0
    endloop
  endfacet
  facet normal -0.454003 -0.891 0
    outer loop
      vertex 66.0337 16.5677 0
      vertex 66.5 16.3301 1
      vertex 66.0337 16.5677 1
    endloop
  endfacet
  facet normal -0.454003 -0.891 -0
    outer loop
      vertex 66.5 16.3301 1
      vertex 66.0337 16.5677 0
      vertex 66.5 16.3301 0
    endloop
  endfacet
  facet normal 0.987684 0.156463 0
    outer loop
      vertex 59.1093 10.9604 1
      vertex 59.0274 11.4774 0
      vertex 59.0274 11.4774 1
    endloop
  endfacet
  facet normal 0.987684 0.156463 0
    outer loop
      vertex 59.0274 11.4774 0
      vertex 59.1093 10.9604 1
      vertex 59.1093 10.9604 0
    endloop
  endfacet
  facet normal 0.544605 -0.838692 0
    outer loop
      vertex 61.0611 16.0451 0
      vertex 61.5 16.3301 1
      vertex 61.0611 16.0451 1
    endloop
  endfacet
  facet normal 0.544605 -0.838692 0
    outer loop
      vertex 61.5 16.3301 1
      vertex 61.0611 16.0451 0
      vertex 61.5 16.3301 0
    endloop
  endfacet
  facet normal 0.25884 0.96592 -0
    outer loop
      vertex 62.9604 7.10926 0
      vertex 62.4549 7.24472 1
      vertex 62.9604 7.10926 1
    endloop
  endfacet
  facet normal 0.25884 0.96592 0
    outer loop
      vertex 62.4549 7.24472 1
      vertex 62.9604 7.10926 0
      vertex 62.4549 7.24472 0
    endloop
  endfacet
  facet normal -0.965949 0.258733 0
    outer loop
      vertex 68.7553 10.4549 0
      vertex 68.8907 10.9604 1
      vertex 68.8907 10.9604 0
    endloop
  endfacet
  facet normal -0.965949 0.258733 0
    outer loop
      vertex 68.8907 10.9604 1
      vertex 68.7553 10.4549 0
      vertex 68.7553 10.4549 1
    endloop
  endfacet
  facet normal -0.544605 -0.838692 0
    outer loop
      vertex 66.5 16.3301 0
      vertex 66.9389 16.0451 1
      vertex 66.5 16.3301 1
    endloop
  endfacet
  facet normal -0.544605 -0.838692 -0
    outer loop
      vertex 66.9389 16.0451 1
      vertex 66.5 16.3301 0
      vertex 66.9389 16.0451 0
    endloop
  endfacet
  facet normal 0.707107 -0.707107 0
    outer loop
      vertex 60.2843 15.3457 1
      vertex 60.6543 15.7157 0
      vertex 60.6543 15.7157 1
    endloop
  endfacet
  facet normal 0.707107 -0.707107 0
    outer loop
      vertex 60.6543 15.7157 0
      vertex 60.2843 15.3457 1
      vertex 60.2843 15.3457 0
    endloop
  endfacet
  facet normal -0.777165 -0.629297 0
    outer loop
      vertex 68.0451 14.9389 0
      vertex 67.7157 15.3457 1
      vertex 67.7157 15.3457 0
    endloop
  endfacet
  facet normal -0.777165 -0.629297 0
    outer loop
      vertex 67.7157 15.3457 1
      vertex 68.0451 14.9389 0
      vertex 68.0451 14.9389 1
    endloop
  endfacet
  facet normal -0.707011 -0.707202 0
    outer loop
      vertex 67.7157 15.3457 0
      vertex 67.3456 15.7157 1
      vertex 67.3456 15.7157 0
    endloop
  endfacet
  facet normal -0.707011 -0.707202 0
    outer loop
      vertex 67.3456 15.7157 1
      vertex 67.7157 15.3457 0
      vertex 67.7157 15.3457 1
    endloop
  endfacet
  facet normal -0.707078 0.707135 0
    outer loop
      vertex 67.3456 8.28428 0
      vertex 67.7157 8.65435 1
      vertex 67.7157 8.65435 0
    endloop
  endfacet
  facet normal -0.707078 0.707135 0
    outer loop
      vertex 67.7157 8.65435 1
      vertex 67.3456 8.28428 0
      vertex 67.3456 8.28428 1
    endloop
  endfacet
  facet normal 0.0523582 -0.998628 0
    outer loop
      vertex 63.4774 16.9726 0
      vertex 64 17 1
      vertex 63.4774 16.9726 1
    endloop
  endfacet
  facet normal 0.0523582 -0.998628 0
    outer loop
      vertex 64 17 1
      vertex 63.4774 16.9726 0
      vertex 64 17 0
    endloop
  endfacet
  facet normal -0.987684 0.156463 0
    outer loop
      vertex 68.8907 10.9604 0
      vertex 68.9726 11.4774 1
      vertex 68.9726 11.4774 0
    endloop
  endfacet
  facet normal -0.987684 0.156463 0
    outer loop
      vertex 68.9726 11.4774 1
      vertex 68.8907 10.9604 0
      vertex 68.8907 10.9604 1
    endloop
  endfacet
  facet normal 0.891008 0.453988 0
    outer loop
      vertex 59.6699 9.5 1
      vertex 59.4323 9.96632 0
      vertex 59.4323 9.96632 1
    endloop
  endfacet
  facet normal 0.891008 0.453988 0
    outer loop
      vertex 59.4323 9.96632 0
      vertex 59.6699 9.5 1
      vertex 59.6699 9.5 0
    endloop
  endfacet
  facet normal -0.0523392 0.998629 0
    outer loop
      vertex 64.5226 7.02739 0
      vertex 64 7 1
      vertex 64.5226 7.02739 1
    endloop
  endfacet
  facet normal -0.0523392 0.998629 0
    outer loop
      vertex 64 7 1
      vertex 64.5226 7.02739 0
      vertex 64 7 0
    endloop
  endfacet
  facet normal -0.998628 0.0523582 0
    outer loop
      vertex 68.9726 11.4774 0
      vertex 69 12 1
      vertex 69 12 0
    endloop
  endfacet
  facet normal -0.998628 0.0523582 0
    outer loop
      vertex 69 12 1
      vertex 68.9726 11.4774 0
      vertex 68.9726 11.4774 1
    endloop
  endfacet
  facet normal -0.358358 0.933584 0
    outer loop
      vertex 66.0337 7.43227 0
      vertex 65.5451 7.24472 1
      vertex 66.0337 7.43227 1
    endloop
  endfacet
  facet normal -0.358358 0.933584 0
    outer loop
      vertex 65.5451 7.24472 1
      vertex 66.0337 7.43227 0
      vertex 65.5451 7.24472 0
    endloop
  endfacet
  facet normal -0.25884 0.96592 0
    outer loop
      vertex 65.5451 7.24472 0
      vertex 65.0396 7.10926 1
      vertex 65.5451 7.24472 1
    endloop
  endfacet
  facet normal -0.25884 0.96592 0
    outer loop
      vertex 65.0396 7.10926 1
      vertex 65.5451 7.24472 0
      vertex 65.0396 7.10926 0
    endloop
  endfacet
  facet normal -0.933552 -0.358441 0
    outer loop
      vertex 68.7553 13.5451 0
      vertex 68.5677 14.0337 1
      vertex 68.5677 14.0337 0
    endloop
  endfacet
  facet normal -0.933552 -0.358441 0
    outer loop
      vertex 68.5677 14.0337 1
      vertex 68.7553 13.5451 0
      vertex 68.7553 13.5451 1
    endloop
  endfacet
  facet normal -0.838709 0.544579 0
    outer loop
      vertex 68.0451 9.06107 0
      vertex 68.3301 9.5 1
      vertex 68.3301 9.5 0
    endloop
  endfacet
  facet normal -0.838709 0.544579 0
    outer loop
      vertex 68.3301 9.5 1
      vertex 68.0451 9.06107 0
      vertex 68.0451 9.06107 1
    endloop
  endfacet
  facet normal -0.891008 0.453988 0
    outer loop
      vertex 68.3301 9.5 0
      vertex 68.5677 9.96632 1
      vertex 68.5677 9.96632 0
    endloop
  endfacet
  facet normal -0.891008 0.453988 0
    outer loop
      vertex 68.5677 9.96632 1
      vertex 68.3301 9.5 0
      vertex 68.3301 9.5 1
    endloop
  endfacet
  facet normal 0 0 -1
    outer loop
      vertex 68.9726 11.4774 1
      vertex 68.9726 12.5226 1
      vertex 69 12 1
    endloop
  endfacet
  facet normal 0 0 -1
    outer loop
      vertex 68.8907 10.9604 1
      vertex 68.9726 12.5226 1
      vertex 68.9726 11.4774 1
    endloop
  endfacet
  facet normal 0 0 -1
    outer loop
      vertex 68.8907 10.9604 1
      vertex 68.8907 13.0396 1
      vertex 68.9726 12.5226 1
    endloop
  endfacet
  facet normal 0 0 -1
    outer loop
      vertex 68.7553 10.4549 1
      vertex 68.8907 13.0396 1
      vertex 68.8907 10.9604 1
    endloop
  endfacet
  facet normal 0 0 -1
    outer loop
      vertex 68.7553 10.4549 1
      vertex 68.7553 13.5451 1
      vertex 68.8907 13.0396 1
    endloop
  endfacet
  facet normal 0 0 -1
    outer loop
      vertex 68.5677 9.96632 1
      vertex 68.7553 13.5451 1
      vertex 68.7553 10.4549 1
    endloop
  endfacet
  facet normal 0 0 -1
    outer loop
      vertex 68.5677 9.96632 1
      vertex 68.5677 14.0337 1
      vertex 68.7553 13.5451 1
    endloop
  endfacet
  facet normal 0 0 -1
    outer loop
      vertex 68.3301 9.5 1
      vertex 68.5677 14.0337 1
      vertex 68.5677 9.96632 1
    endloop
  endfacet
  facet normal 0 0 -1
    outer loop
      vertex 68.3301 9.5 1
      vertex 68.3301 14.5 1
      vertex 68.5677 14.0337 1
    endloop
  endfacet
  facet normal 0 0 -1
    outer loop
      vertex 68.0451 9.06107 1
      vertex 68.3301 14.5 1
      vertex 68.3301 9.5 1
    endloop
  endfacet
  facet normal 0 0 -1
    outer loop
      vertex 68.0451 9.06107 1
      vertex 68.0451 14.9389 1
      vertex 68.3301 14.5 1
    endloop
  endfacet
  facet normal 0 0 -1
    outer loop
      vertex 67.7157 8.65435 1
      vertex 68.0451 14.9389 1
      vertex 68.0451 9.06107 1
    endloop
  endfacet
  facet normal 0 0 -1
    outer loop
      vertex 67.7157 8.65435 1
      vertex 67.7157 15.3457 1
      vertex 68.0451 14.9389 1
    endloop
  endfacet
  facet normal 0 0 -1
    outer loop
      vertex 67.3456 8.28428 1
      vertex 67.7157 15.3457 1
      vertex 67.7157 8.65435 1
    endloop
  endfacet
  facet normal 0 0 -1
    outer loop
      vertex 67.3456 8.28428 1
      vertex 67.3456 15.7157 1
      vertex 67.7157 15.3457 1
    endloop
  endfacet
  facet normal 0 0 -1
    outer loop
      vertex 66.9389 7.95491 1
      vertex 67.3456 15.7157 1
      vertex 67.3456 8.28428 1
    endloop
  endfacet
  facet normal 0 0 -1
    outer loop
      vertex 66.9389 7.95491 1
      vertex 66.9389 16.0451 1
      vertex 67.3456 15.7157 1
    endloop
  endfacet
  facet normal 0 0 -1
    outer loop
      vertex 66.5 7.66987 1
      vertex 66.9389 16.0451 1
      vertex 66.9389 7.95491 1
    endloop
  endfacet
  facet normal 0 0 -1
    outer loop
      vertex 66.5 7.66987 1
      vertex 66.5 16.3301 1
      vertex 66.9389 16.0451 1
    endloop
  endfacet
  facet normal 0 0 -1
    outer loop
      vertex 66.0337 7.43227 1
      vertex 66.5 16.3301 1
      vertex 66.5 7.66987 1
    endloop
  endfacet
  facet normal 0 0 -1
    outer loop
      vertex 66.0337 7.43227 1
      vertex 66.0337 16.5677 1
      vertex 66.5 16.3301 1
    endloop
  endfacet
  facet normal 0 0 -1
    outer loop
      vertex 65.5451 7.24472 1
      vertex 66.0337 16.5677 1
      vertex 66.0337 7.43227 1
    endloop
  endfacet
  facet normal 0 0 -1
    outer loop
      vertex 65.5451 7.24472 1
      vertex 65.5451 16.7553 1
      vertex 66.0337 16.5677 1
    endloop
  endfacet
  facet normal 0 0 -1
    outer loop
      vertex 65.0396 7.10926 1
      vertex 65.5451 16.7553 1
      vertex 65.5451 7.24472 1
    endloop
  endfacet
  facet normal 0 0 -1
    outer loop
      vertex 65.0396 7.10926 1
      vertex 65.0396 16.8907 1
      vertex 65.5451 16.7553 1
    endloop
  endfacet
  facet normal 0 0 -1
    outer loop
      vertex 64.5226 7.02739 1
      vertex 65.0396 16.8907 1
      vertex 65.0396 7.10926 1
    endloop
  endfacet
  facet normal 0 0 -1
    outer loop
      vertex 64.5226 7.02739 1
      vertex 64.5226 16.9726 1
      vertex 65.0396 16.8907 1
    endloop
  endfacet
  facet normal 0 0 -1
    outer loop
      vertex 64 7 1
      vertex 64.5226 16.9726 1
      vertex 64.5226 7.02739 1
    endloop
  endfacet
  facet normal 0 0 -1
    outer loop
      vertex 64 7 1
      vertex 64 17 1
      vertex 64.5226 16.9726 1
    endloop
  endfacet
  facet normal 0 0 -1
    outer loop
      vertex 63.4774 7.02739 1
      vertex 64 17 1
      vertex 64 7 1
    endloop
  endfacet
  facet normal 0 0 -1
    outer loop
      vertex 63.4774 7.02739 1
      vertex 63.4774 16.9726 1
      vertex 64 17 1
    endloop
  endfacet
  facet normal 0 0 -1
    outer loop
      vertex 62.9604 7.10926 1
      vertex 63.4774 16.9726 1
      vertex 63.4774 7.02739 1
    endloop
  endfacet
  facet normal 0 0 -1
    outer loop
      vertex 62.9604 7.10926 1
      vertex 62.9604 16.8907 1
      vertex 63.4774 16.9726 1
    endloop
  endfacet
  facet normal 0 0 -1
    outer loop
      vertex 62.4549 7.24472 1
      vertex 62.9604 16.8907 1
      vertex 62.9604 7.10926 1
    endloop
  endfacet
  facet normal 0 0 -1
    outer loop
      vertex 62.4549 7.24472 1
      vertex 62.4549 16.7553 1
      vertex 62.9604 16.8907 1
    endloop
  endfacet
  facet normal 0 0 -1
    outer loop
      vertex 61.9663 7.43227 1
      vertex 62.4549 16.7553 1
      vertex 62.4549 7.24472 1
    endloop
  endfacet
  facet normal 0 0 -1
    outer loop
      vertex 61.9663 7.43227 1
      vertex 61.9663 16.5677 1
      vertex 62.4549 16.7553 1
    endloop
  endfacet
  facet normal 0 0 -1
    outer loop
      vertex 61.5 7.66987 1
      vertex 61.9663 16.5677 1
      vertex 61.9663 7.43227 1
    endloop
  endfacet
  facet normal 0 0 -1
    outer loop
      vertex 61.5 7.66987 1
      vertex 61.5 16.3301 1
      vertex 61.9663 16.5677 1
    endloop
  endfacet
  facet normal 0 0 -1
    outer loop
      vertex 61.0611 7.95491 1
      vertex 61.5 16.3301 1
      vertex 61.5 7.66987 1
    endloop
  endfacet
  facet normal 0 0 -1
    outer loop
      vertex 61.0611 7.95491 1
      vertex 61.0611 16.0451 1
      vertex 61.5 16.3301 1
    endloop
  endfacet
  facet normal 0 0 -1
    outer loop
      vertex 60.6543 8.28428 1
      vertex 61.0611 16.0451 1
      vertex 61.0611 7.95491 1
    endloop
  endfacet
  facet normal 0 0 -1
    outer loop
      vertex 60.6543 8.28428 1
      vertex 60.6543 15.7157 1
      vertex 61.0611 16.0451 1
    endloop
  endfacet
  facet normal 0 0 -1
    outer loop
      vertex 60.2843 8.65435 1
      vertex 60.6543 15.7157 1
      vertex 60.6543 8.28428 1
    endloop
  endfacet
  facet normal 0 0 -1
    outer loop
      vertex 60.2843 8.65435 1
      vertex 60.2843 15.3457 1
      vertex 60.6543 15.7157 1
    endloop
  endfacet
  facet normal 0 0 -1
    outer loop
      vertex 59.9549 9.06107 1
      vertex 60.2843 15.3457 1
      vertex 60.2843 8.65435 1
    endloop
  endfacet
  facet normal 0 0 -1
    outer loop
      vertex 59.9549 9.06107 1
      vertex 59.9549 14.9389 1
      vertex 60.2843 15.3457 1
    endloop
  endfacet
  facet normal 0 0 -1
    outer loop
      vertex 59.6699 9.5 1
      vertex 59.9549 14.9389 1
      vertex 59.9549 9.06107 1
    endloop
  endfacet
  facet normal 0 0 -1
    outer loop
      vertex 59.6699 9.5 1
      vertex 59.6699 14.5 1
      vertex 59.9549 14.9389 1
    endloop
  endfacet
  facet normal 0 0 -1
    outer loop
      vertex 59.4323 9.96632 1
      vertex 59.6699 14.5 1
      vertex 59.6699 9.5 1
    endloop
  endfacet
  facet normal 0 0 -1
    outer loop
      vertex 59.4323 9.96632 1
      vertex 59.4323 14.0337 1
      vertex 59.6699 14.5 1
    endloop
  endfacet
  facet normal 0 0 -1
    outer loop
      vertex 59.2447 10.4549 1
      vertex 59.4323 14.0337 1
      vertex 59.4323 9.96632 1
    endloop
  endfacet
  facet normal 0 0 -1
    outer loop
      vertex 59.2447 10.4549 1
      vertex 59.2447 13.5451 1
      vertex 59.4323 14.0337 1
    endloop
  endfacet
  facet normal 0 0 -1
    outer loop
      vertex 59.1093 10.9604 1
      vertex 59.2447 13.5451 1
      vertex 59.2447 10.4549 1
    endloop
  endfacet
  facet normal 0 0 -1
    outer loop
      vertex 59.1093 10.9604 1
      vertex 59.1093 13.0396 1
      vertex 59.2447 13.5451 1
    endloop
  endfacet
  facet normal 0 0 -1
    outer loop
      vertex 59.0274 11.4774 1
      vertex 59.1093 13.0396 1
      vertex 59.1093 10.9604 1
    endloop
  endfacet
  facet normal 0 0 -1
    outer loop
      vertex 59.0274 11.4774 1
      vertex 59.0274 12.5226 1
      vertex 59.1093 13.0396 1
    endloop
  endfacet
  facet normal 0 -0 -1
    outer loop
      vertex 59.0274 12.5226 1
      vertex 59.0274 11.4774 1
      vertex 59 12 1
    endloop
  endfacet
  facet normal 0.987684 -0.156463 0
    outer loop
      vertex 59.0274 12.5226 1
      vertex 59.1093 13.0396 0
      vertex 59.1093 13.0396 1
    endloop
  endfacet
  facet normal 0.987684 -0.156463 0
    outer loop
      vertex 59.1093 13.0396 0
      vertex 59.0274 12.5226 1
      vertex 59.0274 12.5226 0
    endloop
  endfacet
  facet normal 0.358441 -0.933552 0
    outer loop
      vertex 61.9663 16.5677 0
      vertex 62.4549 16.7553 1
      vertex 61.9663 16.5677 1
    endloop
  endfacet
  facet normal 0.358441 -0.933552 0
    outer loop
      vertex 62.4549 16.7553 1
      vertex 61.9663 16.5677 0
      vertex 62.4549 16.7553 0
    endloop
  endfacet
  facet normal -0.891 -0.454003 0
    outer loop
      vertex 68.5677 14.0337 0
      vertex 68.3301 14.5 1
      vertex 68.3301 14.5 0
    endloop
  endfacet
  facet normal -0.891 -0.454003 0
    outer loop
      vertex 68.3301 14.5 1
      vertex 68.5677 14.0337 0
      vertex 68.5677 14.0337 1
    endloop
  endfacet
  facet normal -0.838692 -0.544605 0
    outer loop
      vertex 68.3301 14.5 0
      vertex 68.0451 14.9389 1
      vertex 68.0451 14.9389 0
    endloop
  endfacet
  facet normal -0.838692 -0.544605 0
    outer loop
      vertex 68.0451 14.9389 1
      vertex 68.3301 14.5 0
      vertex 68.3301 14.5 1
    endloop
  endfacet
  facet normal 0.629263 0.777193 -0
    outer loop
      vertex 61.0611 7.95491 0
      vertex 60.6543 8.28428 1
      vertex 61.0611 7.95491 1
    endloop
  endfacet
  facet normal 0.629263 0.777193 0
    outer loop
      vertex 60.6543 8.28428 1
      vertex 61.0611 7.95491 0
      vertex 60.6543 8.28428 0
    endloop
  endfacet
  facet normal 0.454003 0.891 -0
    outer loop
      vertex 61.9663 7.43227 0
      vertex 61.5 7.66987 1
      vertex 61.9663 7.43227 1
    endloop
  endfacet
  facet normal 0.454003 0.891 0
    outer loop
      vertex 61.5 7.66987 1
      vertex 61.9663 7.43227 0
      vertex 61.5 7.66987 0
    endloop
  endfacet
  facet normal -0.156463 -0.987684 0
    outer loop
      vertex 64.5226 16.9726 0
      vertex 65.0396 16.8907 1
      vertex 64.5226 16.9726 1
    endloop
  endfacet
  facet normal -0.156463 -0.987684 -0
    outer loop
      vertex 65.0396 16.8907 1
      vertex 64.5226 16.9726 0
      vertex 65.0396 16.8907 0
    endloop
  endfacet
  facet normal -0.629391 -0.777089 0
    outer loop
      vertex 66.9389 16.0451 0
      vertex 67.3456 15.7157 1
      vertex 66.9389 16.0451 1
    endloop
  endfacet
  facet normal -0.629391 -0.777089 -0
    outer loop
      vertex 67.3456 15.7157 1
      vertex 66.9389 16.0451 0
      vertex 67.3456 15.7157 0
    endloop
  endfacet
  facet normal -0.0523582 -0.998628 0
    outer loop
      vertex 64 17 0
      vertex 64.5226 16.9726 1
      vertex 64 17 1
    endloop
  endfacet
  facet normal -0.0523582 -0.998628 -0
    outer loop
      vertex 64.5226 16.9726 1
      vertex 64 17 0
      vertex 64.5226 16.9726 0
    endloop
  endfacet
  facet normal -0.258733 -0.965949 0
    outer loop
      vertex 65.0396 16.8907 0
      vertex 65.5451 16.7553 1
      vertex 65.0396 16.8907 1
    endloop
  endfacet
  facet normal -0.258733 -0.965949 -0
    outer loop
      vertex 65.5451 16.7553 1
      vertex 65.0396 16.8907 0
      vertex 65.5451 16.7553 0
    endloop
  endfacet
  facet normal 0.629297 -0.777165 0
    outer loop
      vertex 60.6543 15.7157 0
      vertex 61.0611 16.0451 1
      vertex 60.6543 15.7157 1
    endloop
  endfacet
  facet normal 0.629297 -0.777165 0
    outer loop
      vertex 61.0611 16.0451 1
      vertex 60.6543 15.7157 0
      vertex 61.0611 16.0451 0
    endloop
  endfacet
  facet normal 0.707174 0.70704 0
    outer loop
      vertex 60.6543 8.28428 1
      vertex 60.2843 8.65435 0
      vertex 60.2843 8.65435 1
    endloop
  endfacet
  facet normal 0.707174 0.70704 0
    outer loop
      vertex 60.2843 8.65435 0
      vertex 60.6543 8.28428 1
      vertex 60.6543 8.28428 0
    endloop
  endfacet
  facet normal 0.965949 0.258733 0
    outer loop
      vertex 59.2447 10.4549 1
      vertex 59.1093 10.9604 0
      vertex 59.1093 10.9604 1
    endloop
  endfacet
  facet normal 0.965949 0.258733 0
    outer loop
      vertex 59.1093 10.9604 0
      vertex 59.2447 10.4549 1
      vertex 59.2447 10.4549 0
    endloop
  endfacet
  facet normal 0.358358 0.933584 -0
    outer loop
      vertex 62.4549 7.24472 0
      vertex 61.9663 7.43227 1
      vertex 62.4549 7.24472 1
    endloop
  endfacet
  facet normal 0.358358 0.933584 0
    outer loop
      vertex 61.9663 7.43227 1
      vertex 62.4549 7.24472 0
      vertex 61.9663 7.43227 0
    endloop
  endfacet
  facet normal 0.965949 -0.258733 0
    outer loop
      vertex 59.1093 13.0396 1
      vertex 59.2447 13.5451 0
      vertex 59.2447 13.5451 1
    endloop
  endfacet
  facet normal 0.965949 -0.258733 0
    outer loop
      vertex 59.2447 13.5451 0
      vertex 59.1093 13.0396 1
      vertex 59.1093 13.0396 0
    endloop
  endfacet
  facet normal 0.998628 -0.0523582 0
    outer loop
      vertex 59 12 1
      vertex 59.0274 12.5226 0
      vertex 59.0274 12.5226 1
    endloop
  endfacet
  facet normal 0.998628 -0.0523582 0
    outer loop
      vertex 59.0274 12.5226 0
      vertex 59 12 1
      vertex 59 12 0
    endloop
  endfacet
  facet normal 0.998628 0.0523582 0
    outer loop
      vertex 59.0274 11.4774 1
      vertex 59 12 0
      vertex 59 12 1
    endloop
  endfacet
  facet normal 0.998628 0.0523582 0
    outer loop
      vertex 59 12 0
      vertex 59.0274 11.4774 1
      vertex 59.0274 11.4774 0
    endloop
  endfacet
  facet normal 0.891 -0.454003 0
    outer loop
      vertex 59.4323 14.0337 1
      vertex 59.6699 14.5 0
      vertex 59.6699 14.5 1
    endloop
  endfacet
  facet normal 0.891 -0.454003 0
    outer loop
      vertex 59.6699 14.5 0
      vertex 59.4323 14.0337 1
      vertex 59.4323 14.0337 0
    endloop
  endfacet
  facet normal 0.933552 -0.358441 0
    outer loop
      vertex 59.2447 13.5451 1
      vertex 59.4323 14.0337 0
      vertex 59.4323 14.0337 1
    endloop
  endfacet
  facet normal 0.933552 -0.358441 0
    outer loop
      vertex 59.4323 14.0337 0
      vertex 59.2447 13.5451 1
      vertex 59.2447 13.5451 0
    endloop
  endfacet
  facet normal -0.777104 0.629372 0
    outer loop
      vertex 67.7157 8.65435 0
      vertex 68.0451 9.06107 1
      vertex 68.0451 9.06107 0
    endloop
  endfacet
  facet normal -0.777104 0.629372 0
    outer loop
      vertex 68.0451 9.06107 1
      vertex 67.7157 8.65435 0
      vertex 67.7157 8.65435 1
    endloop
  endfacet
  facet normal -0.987684 -0.156463 0
    outer loop
      vertex 16.9726 74.5226 0
      vertex 16.8907 75.0396 1
      vertex 16.8907 75.0396 0
    endloop
  endfacet
  facet normal -0.987684 -0.156463 0
    outer loop
      vertex 16.8907 75.0396 1
      vertex 16.9726 74.5226 0
      vertex 16.9726 74.5226 1
    endloop
  endfacet
  facet normal -0.998628 -0.0523582 0
    outer loop
      vertex 17 74 0
      vertex 16.9726 74.5226 1
      vertex 16.9726 74.5226 0
    endloop
  endfacet
  facet normal -0.998628 -0.0523582 0
    outer loop
      vertex 16.9726 74.5226 1
      vertex 17 74 0
      vertex 17 74 1
    endloop
  endfacet
  facet normal -0.965949 -0.258733 0
    outer loop
      vertex 16.8907 75.0396 0
      vertex 16.7553 75.5451 1
      vertex 16.7553 75.5451 0
    endloop
  endfacet
  facet normal -0.965949 -0.258733 0
    outer loop
      vertex 16.7553 75.5451 1
      vertex 16.8907 75.0396 0
      vertex 16.8907 75.0396 1
    endloop
  endfacet
  facet normal -0.454003 0.891 0
    outer loop
      vertex 14.5 69.6699 0
      vertex 14.0337 69.4323 1
      vertex 14.5 69.6699 1
    endloop
  endfacet
  facet normal -0.454003 0.891 0
    outer loop
      vertex 14.0337 69.4323 1
      vertex 14.5 69.6699 0
      vertex 14.0337 69.4323 0
    endloop
  endfacet
  facet normal 0.777117 -0.629356 0
    outer loop
      vertex 7.95491 76.9389 1
      vertex 8.28428 77.3456 0
      vertex 8.28428 77.3456 1
    endloop
  endfacet
  facet normal 0.777117 -0.629356 0
    outer loop
      vertex 8.28428 77.3456 0
      vertex 7.95491 76.9389 1
      vertex 7.95491 76.9389 0
    endloop
  endfacet
  facet normal 0.933584 0.358358 0
    outer loop
      vertex 7.43227 71.9663 1
      vertex 7.24472 72.4549 0
      vertex 7.24472 72.4549 1
    endloop
  endfacet
  facet normal 0.933584 0.358358 0
    outer loop
      vertex 7.24472 72.4549 0
      vertex 7.43227 71.9663 1
      vertex 7.43227 71.9663 0
    endloop
  endfacet
  facet normal 0.777193 0.629263 0
    outer loop
      vertex 8.28428 70.6543 1
      vertex 7.95491 71.0611 0
      vertex 7.95491 71.0611 1
    endloop
  endfacet
  facet normal 0.777193 0.629263 0
    outer loop
      vertex 7.95491 71.0611 0
      vertex 8.28428 70.6543 1
      vertex 8.28428 70.6543 0
    endloop
  endfacet
  facet normal -0.358441 -0.933552 0
    outer loop
      vertex 13.5451 78.7553 0
      vertex 14.0337 78.5677 1
      vertex 13.5451 78.7553 1
    endloop
  endfacet
  facet normal -0.358441 -0.933552 -0
    outer loop
      vertex 14.0337 78.5677 1
      vertex 13.5451 78.7553 0
      vertex 14.0337 78.5677 0
    endloop
  endfacet
  facet normal -0.933552 0.358441 0
    outer loop
      vertex 16.5677 71.9663 0
      vertex 16.7553 72.4549 1
      vertex 16.7553 72.4549 0
    endloop
  endfacet
  facet normal -0.933552 0.358441 0
    outer loop
      vertex 16.7553 72.4549 1
      vertex 16.5677 71.9663 0
      vertex 16.5677 71.9663 1
    endloop
  endfacet
  facet normal -0.544605 0.838692 0
    outer loop
      vertex 14.9389 69.9549 0
      vertex 14.5 69.6699 1
      vertex 14.9389 69.9549 1
    endloop
  endfacet
  facet normal -0.544605 0.838692 0
    outer loop
      vertex 14.5 69.6699 1
      vertex 14.9389 69.9549 0
      vertex 14.5 69.6699 0
    endloop
  endfacet
  facet normal 0.453988 -0.891008 0
    outer loop
      vertex 9.5 78.3301 0
      vertex 9.96632 78.5677 1
      vertex 9.5 78.3301 1
    endloop
  endfacet
  facet normal 0.453988 -0.891008 0
    outer loop
      vertex 9.96632 78.5677 1
      vertex 9.5 78.3301 0
      vertex 9.96632 78.5677 0
    endloop
  endfacet
  facet normal -0.156463 0.987684 0
    outer loop
      vertex 13.0396 69.1093 0
      vertex 12.5226 69.0274 1
      vertex 13.0396 69.1093 1
    endloop
  endfacet
  facet normal -0.156463 0.987684 0
    outer loop
      vertex 12.5226 69.0274 1
      vertex 13.0396 69.1093 0
      vertex 12.5226 69.0274 0
    endloop
  endfacet
  facet normal 0.156463 -0.987684 0
    outer loop
      vertex 10.9604 78.8907 0
      vertex 11.4774 78.9726 1
      vertex 10.9604 78.8907 1
    endloop
  endfacet
  facet normal 0.156463 -0.987684 0
    outer loop
      vertex 11.4774 78.9726 1
      vertex 10.9604 78.8907 0
      vertex 11.4774 78.9726 0
    endloop
  endfacet
  facet normal 0.0523582 0.998628 -0
    outer loop
      vertex 12 69 0
      vertex 11.4774 69.0274 1
      vertex 12 69 1
    endloop
  endfacet
  facet normal 0.0523582 0.998628 0
    outer loop
      vertex 11.4774 69.0274 1
      vertex 12 69 0
      vertex 11.4774 69.0274 0
    endloop
  endfacet
  facet normal 0.258733 -0.965949 0
    outer loop
      vertex 10.4549 78.7553 0
      vertex 10.9604 78.8907 1
      vertex 10.4549 78.7553 1
    endloop
  endfacet
  facet normal 0.258733 -0.965949 0
    outer loop
      vertex 10.9604 78.8907 1
      vertex 10.4549 78.7553 0
      vertex 10.9604 78.8907 0
    endloop
  endfacet
  facet normal 0.156463 0.987684 -0
    outer loop
      vertex 11.4774 69.0274 0
      vertex 10.9604 69.1093 1
      vertex 11.4774 69.0274 1
    endloop
  endfacet
  facet normal 0.156463 0.987684 0
    outer loop
      vertex 10.9604 69.1093 1
      vertex 11.4774 69.0274 0
      vertex 10.9604 69.1093 0
    endloop
  endfacet
  facet normal 0.544579 0.838709 -0
    outer loop
      vertex 9.5 69.6699 0
      vertex 9.06107 69.9549 1
      vertex 9.5 69.6699 1
    endloop
  endfacet
  facet normal 0.544579 0.838709 0
    outer loop
      vertex 9.06107 69.9549 1
      vertex 9.5 69.6699 0
      vertex 9.06107 69.9549 0
    endloop
  endfacet
  facet normal -0.629297 0.777165 0
    outer loop
      vertex 15.3457 70.2843 0
      vertex 14.9389 69.9549 1
      vertex 15.3457 70.2843 1
    endloop
  endfacet
  facet normal -0.629297 0.777165 0
    outer loop
      vertex 14.9389 69.9549 1
      vertex 15.3457 70.2843 0
      vertex 14.9389 69.9549 0
    endloop
  endfacet
  facet normal 0.838657 0.544659 0
    outer loop
      vertex 7.95491 71.0611 1
      vertex 7.66987 71.5 0
      vertex 7.66987 71.5 1
    endloop
  endfacet
  facet normal 0.838657 0.544659 0
    outer loop
      vertex 7.66987 71.5 0
      vertex 7.95491 71.0611 1
      vertex 7.95491 71.0611 0
    endloop
  endfacet
  facet normal 0.838657 -0.544659 0
    outer loop
      vertex 7.66987 76.5 1
      vertex 7.95491 76.9389 0
      vertex 7.95491 76.9389 1
    endloop
  endfacet
  facet normal 0.838657 -0.544659 0
    outer loop
      vertex 7.95491 76.9389 0
      vertex 7.66987 76.5 1
      vertex 7.66987 76.5 0
    endloop
  endfacet
  facet normal -0.454003 -0.891 0
    outer loop
      vertex 14.0337 78.5677 0
      vertex 14.5 78.3301 1
      vertex 14.0337 78.5677 1
    endloop
  endfacet
  facet normal -0.454003 -0.891 -0
    outer loop
      vertex 14.5 78.3301 1
      vertex 14.0337 78.5677 0
      vertex 14.5 78.3301 0
    endloop
  endfacet
  facet normal 0.987693 0.156407 0
    outer loop
      vertex 7.10926 72.9604 1
      vertex 7.02739 73.4774 0
      vertex 7.02739 73.4774 1
    endloop
  endfacet
  facet normal 0.987693 0.156407 0
    outer loop
      vertex 7.02739 73.4774 0
      vertex 7.10926 72.9604 1
      vertex 7.10926 72.9604 0
    endloop
  endfacet
  facet normal 0.544579 -0.838709 0
    outer loop
      vertex 9.06107 78.0451 0
      vertex 9.5 78.3301 1
      vertex 9.06107 78.0451 1
    endloop
  endfacet
  facet normal 0.544579 -0.838709 0
    outer loop
      vertex 9.5 78.3301 1
      vertex 9.06107 78.0451 0
      vertex 9.5 78.3301 0
    endloop
  endfacet
  facet normal -0.965949 0.258733 0
    outer loop
      vertex 16.7553 72.4549 0
      vertex 16.8907 72.9604 1
      vertex 16.8907 72.9604 0
    endloop
  endfacet
  facet normal -0.965949 0.258733 0
    outer loop
      vertex 16.8907 72.9604 1
      vertex 16.7553 72.4549 0
      vertex 16.7553 72.4549 1
    endloop
  endfacet
  facet normal -0.544605 -0.838692 0
    outer loop
      vertex 14.5 78.3301 0
      vertex 14.9389 78.0451 1
      vertex 14.5 78.3301 1
    endloop
  endfacet
  facet normal -0.544605 -0.838692 -0
    outer loop
      vertex 14.9389 78.0451 1
      vertex 14.5 78.3301 0
      vertex 14.9389 78.0451 0
    endloop
  endfacet
  facet normal 0.707135 -0.707078 0
    outer loop
      vertex 8.28428 77.3456 1
      vertex 8.65435 77.7157 0
      vertex 8.65435 77.7157 1
    endloop
  endfacet
  facet normal 0.707135 -0.707078 0
    outer loop
      vertex 8.65435 77.7157 0
      vertex 8.28428 77.3456 1
      vertex 8.28428 77.3456 0
    endloop
  endfacet
  facet normal -0.777089 -0.629391 0
    outer loop
      vertex 16.0451 76.9389 0
      vertex 15.7157 77.3456 1
      vertex 15.7157 77.3456 0
    endloop
  endfacet
  facet normal -0.777089 -0.629391 0
    outer loop
      vertex 15.7157 77.3456 1
      vertex 16.0451 76.9389 0
      vertex 16.0451 76.9389 1
    endloop
  endfacet
  facet normal -0.707202 -0.707011 0
    outer loop
      vertex 15.7157 77.3456 0
      vertex 15.3457 77.7157 1
      vertex 15.3457 77.7157 0
    endloop
  endfacet
  facet normal -0.707202 -0.707011 0
    outer loop
      vertex 15.3457 77.7157 1
      vertex 15.7157 77.3456 0
      vertex 15.7157 77.3456 1
    endloop
  endfacet
  facet normal -0.707107 0.707107 0
    outer loop
      vertex 15.3457 70.2843 0
      vertex 15.7157 70.6543 1
      vertex 15.7157 70.6543 0
    endloop
  endfacet
  facet normal -0.707107 0.707107 0
    outer loop
      vertex 15.7157 70.6543 1
      vertex 15.3457 70.2843 0
      vertex 15.3457 70.2843 1
    endloop
  endfacet
  facet normal 0.0523582 -0.998628 0
    outer loop
      vertex 11.4774 78.9726 0
      vertex 12 79 1
      vertex 11.4774 78.9726 1
    endloop
  endfacet
  facet normal 0.0523582 -0.998628 0
    outer loop
      vertex 12 79 1
      vertex 11.4774 78.9726 0
      vertex 12 79 0
    endloop
  endfacet
  facet normal -0.987684 0.156463 0
    outer loop
      vertex 16.8907 72.9604 0
      vertex 16.9726 73.4774 1
      vertex 16.9726 73.4774 0
    endloop
  endfacet
  facet normal -0.987684 0.156463 0
    outer loop
      vertex 16.9726 73.4774 1
      vertex 16.8907 72.9604 0
      vertex 16.8907 72.9604 1
    endloop
  endfacet
  facet normal 0.891 0.454003 0
    outer loop
      vertex 7.66987 71.5 1
      vertex 7.43227 71.9663 0
      vertex 7.43227 71.9663 1
    endloop
  endfacet
  facet normal 0.891 0.454003 0
    outer loop
      vertex 7.43227 71.9663 0
      vertex 7.66987 71.5 1
      vertex 7.66987 71.5 0
    endloop
  endfacet
  facet normal -0.0523582 0.998628 0
    outer loop
      vertex 12.5226 69.0274 0
      vertex 12 69 1
      vertex 12.5226 69.0274 1
    endloop
  endfacet
  facet normal -0.0523582 0.998628 0
    outer loop
      vertex 12 69 1
      vertex 12.5226 69.0274 0
      vertex 12 69 0
    endloop
  endfacet
  facet normal -0.998628 0.0523582 0
    outer loop
      vertex 16.9726 73.4774 0
      vertex 17 74 1
      vertex 17 74 0
    endloop
  endfacet
  facet normal -0.998628 0.0523582 0
    outer loop
      vertex 17 74 1
      vertex 16.9726 73.4774 0
      vertex 16.9726 73.4774 1
    endloop
  endfacet
  facet normal -0.358441 0.933552 0
    outer loop
      vertex 14.0337 69.4323 0
      vertex 13.5451 69.2447 1
      vertex 14.0337 69.4323 1
    endloop
  endfacet
  facet normal -0.358441 0.933552 0
    outer loop
      vertex 13.5451 69.2447 1
      vertex 14.0337 69.4323 0
      vertex 13.5451 69.2447 0
    endloop
  endfacet
  facet normal -0.258733 0.965949 0
    outer loop
      vertex 13.5451 69.2447 0
      vertex 13.0396 69.1093 1
      vertex 13.5451 69.2447 1
    endloop
  endfacet
  facet normal -0.258733 0.965949 0
    outer loop
      vertex 13.0396 69.1093 1
      vertex 13.5451 69.2447 0
      vertex 13.0396 69.1093 0
    endloop
  endfacet
  facet normal -0.933552 -0.358441 0
    outer loop
      vertex 16.7553 75.5451 0
      vertex 16.5677 76.0337 1
      vertex 16.5677 76.0337 0
    endloop
  endfacet
  facet normal -0.933552 -0.358441 0
    outer loop
      vertex 16.5677 76.0337 1
      vertex 16.7553 75.5451 0
      vertex 16.7553 75.5451 1
    endloop
  endfacet
  facet normal -0.838692 0.544605 0
    outer loop
      vertex 16.0451 71.0611 0
      vertex 16.3301 71.5 1
      vertex 16.3301 71.5 0
    endloop
  endfacet
  facet normal -0.838692 0.544605 0
    outer loop
      vertex 16.3301 71.5 1
      vertex 16.0451 71.0611 0
      vertex 16.0451 71.0611 1
    endloop
  endfacet
  facet normal -0.891 0.454003 0
    outer loop
      vertex 16.3301 71.5 0
      vertex 16.5677 71.9663 1
      vertex 16.5677 71.9663 0
    endloop
  endfacet
  facet normal -0.891 0.454003 0
    outer loop
      vertex 16.5677 71.9663 1
      vertex 16.3301 71.5 0
      vertex 16.3301 71.5 1
    endloop
  endfacet
  facet normal 0 0 -1
    outer loop
      vertex 16.9726 73.4774 1
      vertex 16.9726 74.5226 1
      vertex 17 74 1
    endloop
  endfacet
  facet normal 0 0 -1
    outer loop
      vertex 16.8907 72.9604 1
      vertex 16.9726 74.5226 1
      vertex 16.9726 73.4774 1
    endloop
  endfacet
  facet normal 0 0 -1
    outer loop
      vertex 16.8907 72.9604 1
      vertex 16.8907 75.0396 1
      vertex 16.9726 74.5226 1
    endloop
  endfacet
  facet normal 0 0 -1
    outer loop
      vertex 16.7553 72.4549 1
      vertex 16.8907 75.0396 1
      vertex 16.8907 72.9604 1
    endloop
  endfacet
  facet normal 0 0 -1
    outer loop
      vertex 16.7553 72.4549 1
      vertex 16.7553 75.5451 1
      vertex 16.8907 75.0396 1
    endloop
  endfacet
  facet normal 0 0 -1
    outer loop
      vertex 16.5677 71.9663 1
      vertex 16.7553 75.5451 1
      vertex 16.7553 72.4549 1
    endloop
  endfacet
  facet normal 0 0 -1
    outer loop
      vertex 16.5677 71.9663 1
      vertex 16.5677 76.0337 1
      vertex 16.7553 75.5451 1
    endloop
  endfacet
  facet normal 0 0 -1
    outer loop
      vertex 16.3301 71.5 1
      vertex 16.5677 76.0337 1
      vertex 16.5677 71.9663 1
    endloop
  endfacet
  facet normal 0 0 -1
    outer loop
      vertex 16.3301 71.5 1
      vertex 16.3301 76.5 1
      vertex 16.5677 76.0337 1
    endloop
  endfacet
  facet normal 0 0 -1
    outer loop
      vertex 16.0451 71.0611 1
      vertex 16.3301 76.5 1
      vertex 16.3301 71.5 1
    endloop
  endfacet
  facet normal 0 0 -1
    outer loop
      vertex 16.0451 71.0611 1
      vertex 16.0451 76.9389 1
      vertex 16.3301 76.5 1
    endloop
  endfacet
  facet normal 0 0 -1
    outer loop
      vertex 15.7157 70.6543 1
      vertex 16.0451 76.9389 1
      vertex 16.0451 71.0611 1
    endloop
  endfacet
  facet normal 0 0 -1
    outer loop
      vertex 15.7157 70.6543 1
      vertex 15.7157 77.3456 1
      vertex 16.0451 76.9389 1
    endloop
  endfacet
  facet normal 0 0 -1
    outer loop
      vertex 15.3457 70.2843 1
      vertex 15.7157 77.3456 1
      vertex 15.7157 70.6543 1
    endloop
  endfacet
  facet normal 0 0 -1
    outer loop
      vertex 15.3457 70.2843 1
      vertex 15.3457 77.7157 1
      vertex 15.7157 77.3456 1
    endloop
  endfacet
  facet normal 0 0 -1
    outer loop
      vertex 14.9389 69.9549 1
      vertex 15.3457 77.7157 1
      vertex 15.3457 70.2843 1
    endloop
  endfacet
  facet normal 0 0 -1
    outer loop
      vertex 14.9389 69.9549 1
      vertex 14.9389 78.0451 1
      vertex 15.3457 77.7157 1
    endloop
  endfacet
  facet normal 0 0 -1
    outer loop
      vertex 14.5 69.6699 1
      vertex 14.9389 78.0451 1
      vertex 14.9389 69.9549 1
    endloop
  endfacet
  facet normal 0 0 -1
    outer loop
      vertex 14.5 69.6699 1
      vertex 14.5 78.3301 1
      vertex 14.9389 78.0451 1
    endloop
  endfacet
  facet normal 0 0 -1
    outer loop
      vertex 14.0337 69.4323 1
      vertex 14.5 78.3301 1
      vertex 14.5 69.6699 1
    endloop
  endfacet
  facet normal 0 0 -1
    outer loop
      vertex 14.0337 69.4323 1
      vertex 14.0337 78.5677 1
      vertex 14.5 78.3301 1
    endloop
  endfacet
  facet normal 0 0 -1
    outer loop
      vertex 13.5451 69.2447 1
      vertex 14.0337 78.5677 1
      vertex 14.0337 69.4323 1
    endloop
  endfacet
  facet normal 0 0 -1
    outer loop
      vertex 13.5451 69.2447 1
      vertex 13.5451 78.7553 1
      vertex 14.0337 78.5677 1
    endloop
  endfacet
  facet normal 0 0 -1
    outer loop
      vertex 13.0396 69.1093 1
      vertex 13.5451 78.7553 1
      vertex 13.5451 69.2447 1
    endloop
  endfacet
  facet normal 0 0 -1
    outer loop
      vertex 13.0396 69.1093 1
      vertex 13.0396 78.8907 1
      vertex 13.5451 78.7553 1
    endloop
  endfacet
  facet normal 0 0 -1
    outer loop
      vertex 12.5226 69.0274 1
      vertex 13.0396 78.8907 1
      vertex 13.0396 69.1093 1
    endloop
  endfacet
  facet normal 0 0 -1
    outer loop
      vertex 12.5226 69.0274 1
      vertex 12.5226 78.9726 1
      vertex 13.0396 78.8907 1
    endloop
  endfacet
  facet normal 0 0 -1
    outer loop
      vertex 12 69 1
      vertex 12.5226 78.9726 1
      vertex 12.5226 69.0274 1
    endloop
  endfacet
  facet normal 0 0 -1
    outer loop
      vertex 12 69 1
      vertex 12 79 1
      vertex 12.5226 78.9726 1
    endloop
  endfacet
  facet normal 0 0 -1
    outer loop
      vertex 11.4774 69.0274 1
      vertex 12 79 1
      vertex 12 69 1
    endloop
  endfacet
  facet normal 0 0 -1
    outer loop
      vertex 11.4774 69.0274 1
      vertex 11.4774 78.9726 1
      vertex 12 79 1
    endloop
  endfacet
  facet normal 0 0 -1
    outer loop
      vertex 10.9604 69.1093 1
      vertex 11.4774 78.9726 1
      vertex 11.4774 69.0274 1
    endloop
  endfacet
  facet normal 0 0 -1
    outer loop
      vertex 10.9604 69.1093 1
      vertex 10.9604 78.8907 1
      vertex 11.4774 78.9726 1
    endloop
  endfacet
  facet normal 0 0 -1
    outer loop
      vertex 10.4549 69.2447 1
      vertex 10.9604 78.8907 1
      vertex 10.9604 69.1093 1
    endloop
  endfacet
  facet normal 0 0 -1
    outer loop
      vertex 10.4549 69.2447 1
      vertex 10.4549 78.7553 1
      vertex 10.9604 78.8907 1
    endloop
  endfacet
  facet normal 0 0 -1
    outer loop
      vertex 9.96632 69.4323 1
      vertex 10.4549 78.7553 1
      vertex 10.4549 69.2447 1
    endloop
  endfacet
  facet normal 0 0 -1
    outer loop
      vertex 9.96632 69.4323 1
      vertex 9.96632 78.5677 1
      vertex 10.4549 78.7553 1
    endloop
  endfacet
  facet normal 0 0 -1
    outer loop
      vertex 9.5 69.6699 1
      vertex 9.96632 78.5677 1
      vertex 9.96632 69.4323 1
    endloop
  endfacet
  facet normal 0 0 -1
    outer loop
      vertex 9.5 69.6699 1
      vertex 9.5 78.3301 1
      vertex 9.96632 78.5677 1
    endloop
  endfacet
  facet normal 0 0 -1
    outer loop
      vertex 9.06107 69.9549 1
      vertex 9.5 78.3301 1
      vertex 9.5 69.6699 1
    endloop
  endfacet
  facet normal 0 0 -1
    outer loop
      vertex 9.06107 69.9549 1
      vertex 9.06107 78.0451 1
      vertex 9.5 78.3301 1
    endloop
  endfacet
  facet normal 0 0 -1
    outer loop
      vertex 8.65435 70.2843 1
      vertex 9.06107 78.0451 1
      vertex 9.06107 69.9549 1
    endloop
  endfacet
  facet normal 0 0 -1
    outer loop
      vertex 8.65435 70.2843 1
      vertex 8.65435 77.7157 1
      vertex 9.06107 78.0451 1
    endloop
  endfacet
  facet normal 0 0 -1
    outer loop
      vertex 8.28428 70.6543 1
      vertex 8.65435 77.7157 1
      vertex 8.65435 70.2843 1
    endloop
  endfacet
  facet normal 0 0 -1
    outer loop
      vertex 8.28428 70.6543 1
      vertex 8.28428 77.3456 1
      vertex 8.65435 77.7157 1
    endloop
  endfacet
  facet normal 0 0 -1
    outer loop
      vertex 7.95491 71.0611 1
      vertex 8.28428 77.3456 1
      vertex 8.28428 70.6543 1
    endloop
  endfacet
  facet normal 0 0 -1
    outer loop
      vertex 7.95491 71.0611 1
      vertex 7.95491 76.9389 1
      vertex 8.28428 77.3456 1
    endloop
  endfacet
  facet normal 0 0 -1
    outer loop
      vertex 7.66987 71.5 1
      vertex 7.95491 76.9389 1
      vertex 7.95491 71.0611 1
    endloop
  endfacet
  facet normal 0 0 -1
    outer loop
      vertex 7.66987 71.5 1
      vertex 7.66987 76.5 1
      vertex 7.95491 76.9389 1
    endloop
  endfacet
  facet normal 0 0 -1
    outer loop
      vertex 7.43227 71.9663 1
      vertex 7.66987 76.5 1
      vertex 7.66987 71.5 1
    endloop
  endfacet
  facet normal 0 0 -1
    outer loop
      vertex 7.43227 71.9663 1
      vertex 7.43227 76.0337 1
      vertex 7.66987 76.5 1
    endloop
  endfacet
  facet normal 0 0 -1
    outer loop
      vertex 7.24472 72.4549 1
      vertex 7.43227 76.0337 1
      vertex 7.43227 71.9663 1
    endloop
  endfacet
  facet normal 0 0 -1
    outer loop
      vertex 7.24472 72.4549 1
      vertex 7.24472 75.5451 1
      vertex 7.43227 76.0337 1
    endloop
  endfacet
  facet normal 0 0 -1
    outer loop
      vertex 7.10926 72.9604 1
      vertex 7.24472 75.5451 1
      vertex 7.24472 72.4549 1
    endloop
  endfacet
  facet normal 0 0 -1
    outer loop
      vertex 7.10926 72.9604 1
      vertex 7.10926 75.0396 1
      vertex 7.24472 75.5451 1
    endloop
  endfacet
  facet normal 0 0 -1
    outer loop
      vertex 7.02739 73.4774 1
      vertex 7.10926 75.0396 1
      vertex 7.10926 72.9604 1
    endloop
  endfacet
  facet normal 0 0 -1
    outer loop
      vertex 7.02739 73.4774 1
      vertex 7.02739 74.5226 1
      vertex 7.10926 75.0396 1
    endloop
  endfacet
  facet normal 0 -0 -1
    outer loop
      vertex 7.02739 74.5226 1
      vertex 7.02739 73.4774 1
      vertex 7 74 1
    endloop
  endfacet
  facet normal 0.987693 -0.156407 0
    outer loop
      vertex 7.02739 74.5226 1
      vertex 7.10926 75.0396 0
      vertex 7.10926 75.0396 1
    endloop
  endfacet
  facet normal 0.987693 -0.156407 0
    outer loop
      vertex 7.10926 75.0396 0
      vertex 7.02739 74.5226 1
      vertex 7.02739 74.5226 0
    endloop
  endfacet
  facet normal 0.358454 -0.933547 0
    outer loop
      vertex 9.96632 78.5677 0
      vertex 10.4549 78.7553 1
      vertex 9.96632 78.5677 1
    endloop
  endfacet
  facet normal 0.358454 -0.933547 0
    outer loop
      vertex 10.4549 78.7553 1
      vertex 9.96632 78.5677 0
      vertex 10.4549 78.7553 0
    endloop
  endfacet
  facet normal -0.891 -0.454003 0
    outer loop
      vertex 16.5677 76.0337 0
      vertex 16.3301 76.5 1
      vertex 16.3301 76.5 0
    endloop
  endfacet
  facet normal -0.891 -0.454003 0
    outer loop
      vertex 16.3301 76.5 1
      vertex 16.5677 76.0337 0
      vertex 16.5677 76.0337 1
    endloop
  endfacet
  facet normal -0.838692 -0.544605 0
    outer loop
      vertex 16.3301 76.5 0
      vertex 16.0451 76.9389 1
      vertex 16.0451 76.9389 0
    endloop
  endfacet
  facet normal -0.838692 -0.544605 0
    outer loop
      vertex 16.0451 76.9389 1
      vertex 16.3301 76.5 0
      vertex 16.3301 76.5 1
    endloop
  endfacet
  facet normal 0.629372 0.777104 -0
    outer loop
      vertex 9.06107 69.9549 0
      vertex 8.65435 70.2843 1
      vertex 9.06107 69.9549 1
    endloop
  endfacet
  facet normal 0.629372 0.777104 0
    outer loop
      vertex 8.65435 70.2843 1
      vertex 9.06107 69.9549 0
      vertex 8.65435 70.2843 0
    endloop
  endfacet
  facet normal 0.453988 0.891008 -0
    outer loop
      vertex 9.96632 69.4323 0
      vertex 9.5 69.6699 1
      vertex 9.96632 69.4323 1
    endloop
  endfacet
  facet normal 0.453988 0.891008 0
    outer loop
      vertex 9.5 69.6699 1
      vertex 9.96632 69.4323 0
      vertex 9.5 69.6699 0
    endloop
  endfacet
  facet normal -0.156463 -0.987684 0
    outer loop
      vertex 12.5226 78.9726 0
      vertex 13.0396 78.8907 1
      vertex 12.5226 78.9726 1
    endloop
  endfacet
  facet normal -0.156463 -0.987684 -0
    outer loop
      vertex 13.0396 78.8907 1
      vertex 12.5226 78.9726 0
      vertex 13.0396 78.8907 0
    endloop
  endfacet
  facet normal -0.629297 -0.777165 0
    outer loop
      vertex 14.9389 78.0451 0
      vertex 15.3457 77.7157 1
      vertex 14.9389 78.0451 1
    endloop
  endfacet
  facet normal -0.629297 -0.777165 -0
    outer loop
      vertex 15.3457 77.7157 1
      vertex 14.9389 78.0451 0
      vertex 15.3457 77.7157 0
    endloop
  endfacet
  facet normal -0.0523582 -0.998628 0
    outer loop
      vertex 12 79 0
      vertex 12.5226 78.9726 1
      vertex 12 79 1
    endloop
  endfacet
  facet normal -0.0523582 -0.998628 -0
    outer loop
      vertex 12.5226 78.9726 1
      vertex 12 79 0
      vertex 12.5226 78.9726 0
    endloop
  endfacet
  facet normal 0.96592 0.25884 0
    outer loop
      vertex 7.24472 72.4549 1
      vertex 7.10926 72.9604 0
      vertex 7.10926 72.9604 1
    endloop
  endfacet
  facet normal 0.96592 0.25884 0
    outer loop
      vertex 7.10926 72.9604 0
      vertex 7.24472 72.4549 1
      vertex 7.24472 72.4549 0
    endloop
  endfacet
  facet normal -0.258733 -0.965949 0
    outer loop
      vertex 13.0396 78.8907 0
      vertex 13.5451 78.7553 1
      vertex 13.0396 78.8907 1
    endloop
  endfacet
  facet normal -0.258733 -0.965949 -0
    outer loop
      vertex 13.5451 78.7553 1
      vertex 13.0396 78.8907 0
      vertex 13.5451 78.7553 0
    endloop
  endfacet
  facet normal 0.629372 -0.777104 0
    outer loop
      vertex 8.65435 77.7157 0
      vertex 9.06107 78.0451 1
      vertex 8.65435 77.7157 1
    endloop
  endfacet
  facet normal 0.629372 -0.777104 0
    outer loop
      vertex 9.06107 78.0451 1
      vertex 8.65435 77.7157 0
      vertex 9.06107 78.0451 0
    endloop
  endfacet
  facet normal 0.70704 0.707174 0
    outer loop
      vertex 8.65435 70.2843 1
      vertex 8.28428 70.6543 0
      vertex 8.28428 70.6543 1
    endloop
  endfacet
  facet normal 0.70704 0.707174 0
    outer loop
      vertex 8.28428 70.6543 0
      vertex 8.65435 70.2843 1
      vertex 8.65435 70.2843 0
    endloop
  endfacet
  facet normal 0.358454 0.933547 -0
    outer loop
      vertex 10.4549 69.2447 0
      vertex 9.96632 69.4323 1
      vertex 10.4549 69.2447 1
    endloop
  endfacet
  facet normal 0.358454 0.933547 0
    outer loop
      vertex 9.96632 69.4323 1
      vertex 10.4549 69.2447 0
      vertex 9.96632 69.4323 0
    endloop
  endfacet
  facet normal 0.96592 -0.25884 0
    outer loop
      vertex 7.10926 75.0396 1
      vertex 7.24472 75.5451 0
      vertex 7.24472 75.5451 1
    endloop
  endfacet
  facet normal 0.96592 -0.25884 0
    outer loop
      vertex 7.24472 75.5451 0
      vertex 7.10926 75.0396 1
      vertex 7.10926 75.0396 0
    endloop
  endfacet
  facet normal 0.998629 -0.0523392 0
    outer loop
      vertex 7 74 1
      vertex 7.02739 74.5226 0
      vertex 7.02739 74.5226 1
    endloop
  endfacet
  facet normal 0.998629 -0.0523392 0
    outer loop
      vertex 7.02739 74.5226 0
      vertex 7 74 1
      vertex 7 74 0
    endloop
  endfacet
  facet normal 0.998629 0.0523392 0
    outer loop
      vertex 7.02739 73.4774 1
      vertex 7 74 0
      vertex 7 74 1
    endloop
  endfacet
  facet normal 0.998629 0.0523392 0
    outer loop
      vertex 7 74 0
      vertex 7.02739 73.4774 1
      vertex 7.02739 73.4774 0
    endloop
  endfacet
  facet normal 0.891 -0.454003 0
    outer loop
      vertex 7.43227 76.0337 1
      vertex 7.66987 76.5 0
      vertex 7.66987 76.5 1
    endloop
  endfacet
  facet normal 0.891 -0.454003 0
    outer loop
      vertex 7.66987 76.5 0
      vertex 7.43227 76.0337 1
      vertex 7.43227 76.0337 0
    endloop
  endfacet
  facet normal 0.258733 0.965949 -0
    outer loop
      vertex 10.9604 69.1093 0
      vertex 10.4549 69.2447 1
      vertex 10.9604 69.1093 1
    endloop
  endfacet
  facet normal 0.258733 0.965949 0
    outer loop
      vertex 10.4549 69.2447 1
      vertex 10.9604 69.1093 0
      vertex 10.4549 69.2447 0
    endloop
  endfacet
  facet normal 0.933584 -0.358358 0
    outer loop
      vertex 7.24472 75.5451 1
      vertex 7.43227 76.0337 0
      vertex 7.43227 76.0337 1
    endloop
  endfacet
  facet normal 0.933584 -0.358358 0
    outer loop
      vertex 7.43227 76.0337 0
      vertex 7.24472 75.5451 1
      vertex 7.24472 75.5451 0
    endloop
  endfacet
  facet normal -0.777165 0.629297 0
    outer loop
      vertex 15.7157 70.6543 0
      vertex 16.0451 71.0611 1
      vertex 16.0451 71.0611 0
    endloop
  endfacet
  facet normal -0.777165 0.629297 0
    outer loop
      vertex 16.0451 71.0611 1
      vertex 15.7157 70.6543 0
      vertex 15.7157 70.6543 1
    endloop
  endfacet
  facet normal -0.987684 -0.156463 0
    outer loop
      vertex 68.9726 74.5226 0
      vertex 68.8907 75.0396 1
      vertex 68.8907 75.0396 0
    endloop
  endfacet
  facet normal -0.987684 -0.156463 0
    outer loop
      vertex 68.8907 75.0396 1
      vertex 68.9726 74.5226 0
      vertex 68.9726 74.5226 1
    endloop
  endfacet
  facet normal -0.998628 -0.0523582 0
    outer loop
      vertex 69 74 0
      vertex 68.9726 74.5226 1
      vertex 68.9726 74.5226 0
    endloop
  endfacet
  facet normal -0.998628 -0.0523582 0
    outer loop
      vertex 68.9726 74.5226 1
      vertex 69 74 0
      vertex 69 74 1
    endloop
  endfacet
  facet normal -0.965949 -0.258733 0
    outer loop
      vertex 68.8907 75.0396 0
      vertex 68.7553 75.5451 1
      vertex 68.7553 75.5451 0
    endloop
  endfacet
  facet normal -0.965949 -0.258733 0
    outer loop
      vertex 68.7553 75.5451 1
      vertex 68.8907 75.0396 0
      vertex 68.8907 75.0396 1
    endloop
  endfacet
  facet normal -0.454003 0.891 0
    outer loop
      vertex 66.5 69.6699 0
      vertex 66.0337 69.4323 1
      vertex 66.5 69.6699 1
    endloop
  endfacet
  facet normal -0.454003 0.891 0
    outer loop
      vertex 66.0337 69.4323 1
      vertex 66.5 69.6699 0
      vertex 66.0337 69.4323 0
    endloop
  endfacet
  facet normal 0.777089 -0.629391 0
    outer loop
      vertex 59.9549 76.9389 1
      vertex 60.2843 77.3456 0
      vertex 60.2843 77.3456 1
    endloop
  endfacet
  facet normal 0.777089 -0.629391 0
    outer loop
      vertex 60.2843 77.3456 0
      vertex 59.9549 76.9389 1
      vertex 59.9549 76.9389 0
    endloop
  endfacet
  facet normal 0.933552 0.358441 0
    outer loop
      vertex 59.4323 71.9663 1
      vertex 59.2447 72.4549 0
      vertex 59.2447 72.4549 1
    endloop
  endfacet
  facet normal 0.933552 0.358441 0
    outer loop
      vertex 59.2447 72.4549 0
      vertex 59.4323 71.9663 1
      vertex 59.4323 71.9663 0
    endloop
  endfacet
  facet normal 0.777165 0.629297 0
    outer loop
      vertex 60.2843 70.6543 1
      vertex 59.9549 71.0611 0
      vertex 59.9549 71.0611 1
    endloop
  endfacet
  facet normal 0.777165 0.629297 0
    outer loop
      vertex 59.9549 71.0611 0
      vertex 60.2843 70.6543 1
      vertex 60.2843 70.6543 0
    endloop
  endfacet
  facet normal -0.358441 -0.933552 0
    outer loop
      vertex 65.5451 78.7553 0
      vertex 66.0337 78.5677 1
      vertex 65.5451 78.7553 1
    endloop
  endfacet
  facet normal -0.358441 -0.933552 -0
    outer loop
      vertex 66.0337 78.5677 1
      vertex 65.5451 78.7553 0
      vertex 66.0337 78.5677 0
    endloop
  endfacet
  facet normal -0.933552 0.358441 0
    outer loop
      vertex 68.5677 71.9663 0
      vertex 68.7553 72.4549 1
      vertex 68.7553 72.4549 0
    endloop
  endfacet
  facet normal -0.933552 0.358441 0
    outer loop
      vertex 68.7553 72.4549 1
      vertex 68.5677 71.9663 0
      vertex 68.5677 71.9663 1
    endloop
  endfacet
  facet normal -0.544605 0.838692 0
    outer loop
      vertex 66.9389 69.9549 0
      vertex 66.5 69.6699 1
      vertex 66.9389 69.9549 1
    endloop
  endfacet
  facet normal -0.544605 0.838692 0
    outer loop
      vertex 66.5 69.6699 1
      vertex 66.9389 69.9549 0
      vertex 66.5 69.6699 0
    endloop
  endfacet
  facet normal 0.454003 -0.891 0
    outer loop
      vertex 61.5 78.3301 0
      vertex 61.9663 78.5677 1
      vertex 61.5 78.3301 1
    endloop
  endfacet
  facet normal 0.454003 -0.891 0
    outer loop
      vertex 61.9663 78.5677 1
      vertex 61.5 78.3301 0
      vertex 61.9663 78.5677 0
    endloop
  endfacet
  facet normal -0.156463 0.987684 0
    outer loop
      vertex 65.0396 69.1093 0
      vertex 64.5226 69.0274 1
      vertex 65.0396 69.1093 1
    endloop
  endfacet
  facet normal -0.156463 0.987684 0
    outer loop
      vertex 64.5226 69.0274 1
      vertex 65.0396 69.1093 0
      vertex 64.5226 69.0274 0
    endloop
  endfacet
  facet normal 0.156463 -0.987684 0
    outer loop
      vertex 62.9604 78.8907 0
      vertex 63.4774 78.9726 1
      vertex 62.9604 78.8907 1
    endloop
  endfacet
  facet normal 0.156463 -0.987684 0
    outer loop
      vertex 63.4774 78.9726 1
      vertex 62.9604 78.8907 0
      vertex 63.4774 78.9726 0
    endloop
  endfacet
  facet normal 0.0523582 0.998628 -0
    outer loop
      vertex 64 69 0
      vertex 63.4774 69.0274 1
      vertex 64 69 1
    endloop
  endfacet
  facet normal 0.0523582 0.998628 0
    outer loop
      vertex 63.4774 69.0274 1
      vertex 64 69 0
      vertex 63.4774 69.0274 0
    endloop
  endfacet
  facet normal 0.258733 -0.965949 0
    outer loop
      vertex 62.4549 78.7553 0
      vertex 62.9604 78.8907 1
      vertex 62.4549 78.7553 1
    endloop
  endfacet
  facet normal 0.258733 -0.965949 0
    outer loop
      vertex 62.9604 78.8907 1
      vertex 62.4549 78.7553 0
      vertex 62.9604 78.8907 0
    endloop
  endfacet
  facet normal 0.156463 0.987684 -0
    outer loop
      vertex 63.4774 69.0274 0
      vertex 62.9604 69.1093 1
      vertex 63.4774 69.0274 1
    endloop
  endfacet
  facet normal 0.156463 0.987684 0
    outer loop
      vertex 62.9604 69.1093 1
      vertex 63.4774 69.0274 0
      vertex 62.9604 69.1093 0
    endloop
  endfacet
  facet normal 0.544605 0.838692 -0
    outer loop
      vertex 61.5 69.6699 0
      vertex 61.0611 69.9549 1
      vertex 61.5 69.6699 1
    endloop
  endfacet
  facet normal 0.544605 0.838692 0
    outer loop
      vertex 61.0611 69.9549 1
      vertex 61.5 69.6699 0
      vertex 61.0611 69.9549 0
    endloop
  endfacet
  facet normal -0.629391 0.777089 0
    outer loop
      vertex 67.3456 70.2843 0
      vertex 66.9389 69.9549 1
      vertex 67.3456 70.2843 1
    endloop
  endfacet
  facet normal -0.629391 0.777089 0
    outer loop
      vertex 66.9389 69.9549 1
      vertex 67.3456 70.2843 0
      vertex 66.9389 69.9549 0
    endloop
  endfacet
  facet normal 0.838692 0.544605 0
    outer loop
      vertex 59.9549 71.0611 1
      vertex 59.6699 71.5 0
      vertex 59.6699 71.5 1
    endloop
  endfacet
  facet normal 0.838692 0.544605 0
    outer loop
      vertex 59.6699 71.5 0
      vertex 59.9549 71.0611 1
      vertex 59.9549 71.0611 0
    endloop
  endfacet
  facet normal 0.838692 -0.544605 0
    outer loop
      vertex 59.6699 76.5 1
      vertex 59.9549 76.9389 0
      vertex 59.9549 76.9389 1
    endloop
  endfacet
  facet normal 0.838692 -0.544605 0
    outer loop
      vertex 59.9549 76.9389 0
      vertex 59.6699 76.5 1
      vertex 59.6699 76.5 0
    endloop
  endfacet
  facet normal -0.454003 -0.891 0
    outer loop
      vertex 66.0337 78.5677 0
      vertex 66.5 78.3301 1
      vertex 66.0337 78.5677 1
    endloop
  endfacet
  facet normal -0.454003 -0.891 -0
    outer loop
      vertex 66.5 78.3301 1
      vertex 66.0337 78.5677 0
      vertex 66.5 78.3301 0
    endloop
  endfacet
  facet normal 0.987684 0.156463 0
    outer loop
      vertex 59.1093 72.9604 1
      vertex 59.0274 73.4774 0
      vertex 59.0274 73.4774 1
    endloop
  endfacet
  facet normal 0.987684 0.156463 0
    outer loop
      vertex 59.0274 73.4774 0
      vertex 59.1093 72.9604 1
      vertex 59.1093 72.9604 0
    endloop
  endfacet
  facet normal 0.544605 -0.838692 0
    outer loop
      vertex 61.0611 78.0451 0
      vertex 61.5 78.3301 1
      vertex 61.0611 78.0451 1
    endloop
  endfacet
  facet normal 0.544605 -0.838692 0
    outer loop
      vertex 61.5 78.3301 1
      vertex 61.0611 78.0451 0
      vertex 61.5 78.3301 0
    endloop
  endfacet
  facet normal -0.965949 0.258733 0
    outer loop
      vertex 68.7553 72.4549 0
      vertex 68.8907 72.9604 1
      vertex 68.8907 72.9604 0
    endloop
  endfacet
  facet normal -0.965949 0.258733 0
    outer loop
      vertex 68.8907 72.9604 1
      vertex 68.7553 72.4549 0
      vertex 68.7553 72.4549 1
    endloop
  endfacet
  facet normal -0.544605 -0.838692 0
    outer loop
      vertex 66.5 78.3301 0
      vertex 66.9389 78.0451 1
      vertex 66.5 78.3301 1
    endloop
  endfacet
  facet normal -0.544605 -0.838692 -0
    outer loop
      vertex 66.9389 78.0451 1
      vertex 66.5 78.3301 0
      vertex 66.9389 78.0451 0
    endloop
  endfacet
  facet normal 0.707202 -0.707011 0
    outer loop
      vertex 60.2843 77.3456 1
      vertex 60.6543 77.7157 0
      vertex 60.6543 77.7157 1
    endloop
  endfacet
  facet normal 0.707202 -0.707011 0
    outer loop
      vertex 60.6543 77.7157 0
      vertex 60.2843 77.3456 1
      vertex 60.2843 77.3456 0
    endloop
  endfacet
  facet normal -0.777089 -0.629391 0
    outer loop
      vertex 68.0451 76.9389 0
      vertex 67.7157 77.3456 1
      vertex 67.7157 77.3456 0
    endloop
  endfacet
  facet normal -0.777089 -0.629391 0
    outer loop
      vertex 67.7157 77.3456 1
      vertex 68.0451 76.9389 0
      vertex 68.0451 76.9389 1
    endloop
  endfacet
  facet normal -0.707107 -0.707107 0
    outer loop
      vertex 67.7157 77.3456 0
      vertex 67.3456 77.7157 1
      vertex 67.3456 77.7157 0
    endloop
  endfacet
  facet normal -0.707107 -0.707107 0
    outer loop
      vertex 67.3456 77.7157 1
      vertex 67.7157 77.3456 0
      vertex 67.7157 77.3456 1
    endloop
  endfacet
  facet normal -0.707011 0.707202 0
    outer loop
      vertex 67.3456 70.2843 0
      vertex 67.7157 70.6543 1
      vertex 67.7157 70.6543 0
    endloop
  endfacet
  facet normal -0.707011 0.707202 0
    outer loop
      vertex 67.7157 70.6543 1
      vertex 67.3456 70.2843 0
      vertex 67.3456 70.2843 1
    endloop
  endfacet
  facet normal 0.0523582 -0.998628 0
    outer loop
      vertex 63.4774 78.9726 0
      vertex 64 79 1
      vertex 63.4774 78.9726 1
    endloop
  endfacet
  facet normal 0.0523582 -0.998628 0
    outer loop
      vertex 64 79 1
      vertex 63.4774 78.9726 0
      vertex 64 79 0
    endloop
  endfacet
  facet normal -0.987684 0.156463 0
    outer loop
      vertex 68.8907 72.9604 0
      vertex 68.9726 73.4774 1
      vertex 68.9726 73.4774 0
    endloop
  endfacet
  facet normal -0.987684 0.156463 0
    outer loop
      vertex 68.9726 73.4774 1
      vertex 68.8907 72.9604 0
      vertex 68.8907 72.9604 1
    endloop
  endfacet
  facet normal -0.0523582 0.998628 0
    outer loop
      vertex 64.5226 69.0274 0
      vertex 64 69 1
      vertex 64.5226 69.0274 1
    endloop
  endfacet
  facet normal -0.0523582 0.998628 0
    outer loop
      vertex 64 69 1
      vertex 64.5226 69.0274 0
      vertex 64 69 0
    endloop
  endfacet
  facet normal -0.998628 0.0523582 0
    outer loop
      vertex 68.9726 73.4774 0
      vertex 69 74 1
      vertex 69 74 0
    endloop
  endfacet
  facet normal -0.998628 0.0523582 0
    outer loop
      vertex 69 74 1
      vertex 68.9726 73.4774 0
      vertex 68.9726 73.4774 1
    endloop
  endfacet
  facet normal -0.358441 0.933552 0
    outer loop
      vertex 66.0337 69.4323 0
      vertex 65.5451 69.2447 1
      vertex 66.0337 69.4323 1
    endloop
  endfacet
  facet normal -0.358441 0.933552 0
    outer loop
      vertex 65.5451 69.2447 1
      vertex 66.0337 69.4323 0
      vertex 65.5451 69.2447 0
    endloop
  endfacet
  facet normal -0.258733 0.965949 0
    outer loop
      vertex 65.5451 69.2447 0
      vertex 65.0396 69.1093 1
      vertex 65.5451 69.2447 1
    endloop
  endfacet
  facet normal -0.258733 0.965949 0
    outer loop
      vertex 65.0396 69.1093 1
      vertex 65.5451 69.2447 0
      vertex 65.0396 69.1093 0
    endloop
  endfacet
  facet normal -0.933552 -0.358441 0
    outer loop
      vertex 68.7553 75.5451 0
      vertex 68.5677 76.0337 1
      vertex 68.5677 76.0337 0
    endloop
  endfacet
  facet normal -0.933552 -0.358441 0
    outer loop
      vertex 68.5677 76.0337 1
      vertex 68.7553 75.5451 0
      vertex 68.7553 75.5451 1
    endloop
  endfacet
  facet normal -0.838692 0.544605 0
    outer loop
      vertex 68.0451 71.0611 0
      vertex 68.3301 71.5 1
      vertex 68.3301 71.5 0
    endloop
  endfacet
  facet normal -0.838692 0.544605 0
    outer loop
      vertex 68.3301 71.5 1
      vertex 68.0451 71.0611 0
      vertex 68.0451 71.0611 1
    endloop
  endfacet
  facet normal -0.891 0.454003 0
    outer loop
      vertex 68.3301 71.5 0
      vertex 68.5677 71.9663 1
      vertex 68.5677 71.9663 0
    endloop
  endfacet
  facet normal -0.891 0.454003 0
    outer loop
      vertex 68.5677 71.9663 1
      vertex 68.3301 71.5 0
      vertex 68.3301 71.5 1
    endloop
  endfacet
  facet normal 0 0 -1
    outer loop
      vertex 68.9726 73.4774 1
      vertex 68.9726 74.5226 1
      vertex 69 74 1
    endloop
  endfacet
  facet normal 0 0 -1
    outer loop
      vertex 68.8907 72.9604 1
      vertex 68.9726 74.5226 1
      vertex 68.9726 73.4774 1
    endloop
  endfacet
  facet normal 0 0 -1
    outer loop
      vertex 68.8907 72.9604 1
      vertex 68.8907 75.0396 1
      vertex 68.9726 74.5226 1
    endloop
  endfacet
  facet normal 0 0 -1
    outer loop
      vertex 68.7553 72.4549 1
      vertex 68.8907 75.0396 1
      vertex 68.8907 72.9604 1
    endloop
  endfacet
  facet normal 0 0 -1
    outer loop
      vertex 68.7553 72.4549 1
      vertex 68.7553 75.5451 1
      vertex 68.8907 75.0396 1
    endloop
  endfacet
  facet normal 0 0 -1
    outer loop
      vertex 68.5677 71.9663 1
      vertex 68.7553 75.5451 1
      vertex 68.7553 72.4549 1
    endloop
  endfacet
  facet normal 0 0 -1
    outer loop
      vertex 68.5677 71.9663 1
      vertex 68.5677 76.0337 1
      vertex 68.7553 75.5451 1
    endloop
  endfacet
  facet normal 0 0 -1
    outer loop
      vertex 68.3301 71.5 1
      vertex 68.5677 76.0337 1
      vertex 68.5677 71.9663 1
    endloop
  endfacet
  facet normal 0 0 -1
    outer loop
      vertex 68.3301 71.5 1
      vertex 68.3301 76.5 1
      vertex 68.5677 76.0337 1
    endloop
  endfacet
  facet normal 0 0 -1
    outer loop
      vertex 68.0451 71.0611 1
      vertex 68.3301 76.5 1
      vertex 68.3301 71.5 1
    endloop
  endfacet
  facet normal 0 0 -1
    outer loop
      vertex 68.0451 71.0611 1
      vertex 68.0451 76.9389 1
      vertex 68.3301 76.5 1
    endloop
  endfacet
  facet normal 0 0 -1
    outer loop
      vertex 67.7157 70.6543 1
      vertex 68.0451 76.9389 1
      vertex 68.0451 71.0611 1
    endloop
  endfacet
  facet normal 0 0 -1
    outer loop
      vertex 67.7157 70.6543 1
      vertex 67.7157 77.3456 1
      vertex 68.0451 76.9389 1
    endloop
  endfacet
  facet normal 0 0 -1
    outer loop
      vertex 67.3456 70.2843 1
      vertex 67.7157 77.3456 1
      vertex 67.7157 70.6543 1
    endloop
  endfacet
  facet normal 0 0 -1
    outer loop
      vertex 67.3456 70.2843 1
      vertex 67.3456 77.7157 1
      vertex 67.7157 77.3456 1
    endloop
  endfacet
  facet normal 0 0 -1
    outer loop
      vertex 66.9389 69.9549 1
      vertex 67.3456 77.7157 1
      vertex 67.3456 70.2843 1
    endloop
  endfacet
  facet normal 0 0 -1
    outer loop
      vertex 66.9389 69.9549 1
      vertex 66.9389 78.0451 1
      vertex 67.3456 77.7157 1
    endloop
  endfacet
  facet normal 0 0 -1
    outer loop
      vertex 66.5 69.6699 1
      vertex 66.9389 78.0451 1
      vertex 66.9389 69.9549 1
    endloop
  endfacet
  facet normal 0 0 -1
    outer loop
      vertex 66.5 69.6699 1
      vertex 66.5 78.3301 1
      vertex 66.9389 78.0451 1
    endloop
  endfacet
  facet normal 0 0 -1
    outer loop
      vertex 66.0337 69.4323 1
      vertex 66.5 78.3301 1
      vertex 66.5 69.6699 1
    endloop
  endfacet
  facet normal 0 0 -1
    outer loop
      vertex 66.0337 69.4323 1
      vertex 66.0337 78.5677 1
      vertex 66.5 78.3301 1
    endloop
  endfacet
  facet normal 0 0 -1
    outer loop
      vertex 65.5451 69.2447 1
      vertex 66.0337 78.5677 1
      vertex 66.0337 69.4323 1
    endloop
  endfacet
  facet normal 0 0 -1
    outer loop
      vertex 65.5451 69.2447 1
      vertex 65.5451 78.7553 1
      vertex 66.0337 78.5677 1
    endloop
  endfacet
  facet normal 0 0 -1
    outer loop
      vertex 65.0396 69.1093 1
      vertex 65.5451 78.7553 1
      vertex 65.5451 69.2447 1
    endloop
  endfacet
  facet normal 0 0 -1
    outer loop
      vertex 65.0396 69.1093 1
      vertex 65.0396 78.8907 1
      vertex 65.5451 78.7553 1
    endloop
  endfacet
  facet normal 0 0 -1
    outer loop
      vertex 64.5226 69.0274 1
      vertex 65.0396 78.8907 1
      vertex 65.0396 69.1093 1
    endloop
  endfacet
  facet normal 0 0 -1
    outer loop
      vertex 64.5226 69.0274 1
      vertex 64.5226 78.9726 1
      vertex 65.0396 78.8907 1
    endloop
  endfacet
  facet normal 0 0 -1
    outer loop
      vertex 64 69 1
      vertex 64.5226 78.9726 1
      vertex 64.5226 69.0274 1
    endloop
  endfacet
  facet normal 0 0 -1
    outer loop
      vertex 64 69 1
      vertex 64 79 1
      vertex 64.5226 78.9726 1
    endloop
  endfacet
  facet normal 0 0 -1
    outer loop
      vertex 63.4774 69.0274 1
      vertex 64 79 1
      vertex 64 69 1
    endloop
  endfacet
  facet normal 0 0 -1
    outer loop
      vertex 63.4774 69.0274 1
      vertex 63.4774 78.9726 1
      vertex 64 79 1
    endloop
  endfacet
  facet normal 0 0 -1
    outer loop
      vertex 62.9604 69.1093 1
      vertex 63.4774 78.9726 1
      vertex 63.4774 69.0274 1
    endloop
  endfacet
  facet normal 0 0 -1
    outer loop
      vertex 62.9604 69.1093 1
      vertex 62.9604 78.8907 1
      vertex 63.4774 78.9726 1
    endloop
  endfacet
  facet normal 0 0 -1
    outer loop
      vertex 62.4549 69.2447 1
      vertex 62.9604 78.8907 1
      vertex 62.9604 69.1093 1
    endloop
  endfacet
  facet normal 0 0 -1
    outer loop
      vertex 62.4549 69.2447 1
      vertex 62.4549 78.7553 1
      vertex 62.9604 78.8907 1
    endloop
  endfacet
  facet normal 0 0 -1
    outer loop
      vertex 61.9663 69.4323 1
      vertex 62.4549 78.7553 1
      vertex 62.4549 69.2447 1
    endloop
  endfacet
  facet normal 0 0 -1
    outer loop
      vertex 61.9663 69.4323 1
      vertex 61.9663 78.5677 1
      vertex 62.4549 78.7553 1
    endloop
  endfacet
  facet normal 0 0 -1
    outer loop
      vertex 61.5 69.6699 1
      vertex 61.9663 78.5677 1
      vertex 61.9663 69.4323 1
    endloop
  endfacet
  facet normal 0 0 -1
    outer loop
      vertex 61.5 69.6699 1
      vertex 61.5 78.3301 1
      vertex 61.9663 78.5677 1
    endloop
  endfacet
  facet normal 0 0 -1
    outer loop
      vertex 61.0611 69.9549 1
      vertex 61.5 78.3301 1
      vertex 61.5 69.6699 1
    endloop
  endfacet
  facet normal 0 0 -1
    outer loop
      vertex 61.0611 69.9549 1
      vertex 61.0611 78.0451 1
      vertex 61.5 78.3301 1
    endloop
  endfacet
  facet normal 0 0 -1
    outer loop
      vertex 60.6543 70.2843 1
      vertex 61.0611 78.0451 1
      vertex 61.0611 69.9549 1
    endloop
  endfacet
  facet normal 0 0 -1
    outer loop
      vertex 60.6543 70.2843 1
      vertex 60.6543 77.7157 1
      vertex 61.0611 78.0451 1
    endloop
  endfacet
  facet normal 0 0 -1
    outer loop
      vertex 60.2843 70.6543 1
      vertex 60.6543 77.7157 1
      vertex 60.6543 70.2843 1
    endloop
  endfacet
  facet normal 0 0 -1
    outer loop
      vertex 60.2843 70.6543 1
      vertex 60.2843 77.3456 1
      vertex 60.6543 77.7157 1
    endloop
  endfacet
  facet normal 0 0 -1
    outer loop
      vertex 59.9549 71.0611 1
      vertex 60.2843 77.3456 1
      vertex 60.2843 70.6543 1
    endloop
  endfacet
  facet normal 0 0 -1
    outer loop
      vertex 59.9549 71.0611 1
      vertex 59.9549 76.9389 1
      vertex 60.2843 77.3456 1
    endloop
  endfacet
  facet normal 0 0 -1
    outer loop
      vertex 59.6699 71.5 1
      vertex 59.9549 76.9389 1
      vertex 59.9549 71.0611 1
    endloop
  endfacet
  facet normal 0 0 -1
    outer loop
      vertex 59.6699 71.5 1
      vertex 59.6699 76.5 1
      vertex 59.9549 76.9389 1
    endloop
  endfacet
  facet normal 0 0 -1
    outer loop
      vertex 59.4323 71.9663 1
      vertex 59.6699 76.5 1
      vertex 59.6699 71.5 1
    endloop
  endfacet
  facet normal 0 0 -1
    outer loop
      vertex 59.4323 71.9663 1
      vertex 59.4323 76.0337 1
      vertex 59.6699 76.5 1
    endloop
  endfacet
  facet normal 0 0 -1
    outer loop
      vertex 59.2447 72.4549 1
      vertex 59.4323 76.0337 1
      vertex 59.4323 71.9663 1
    endloop
  endfacet
  facet normal 0 0 -1
    outer loop
      vertex 59.2447 72.4549 1
      vertex 59.2447 75.5451 1
      vertex 59.4323 76.0337 1
    endloop
  endfacet
  facet normal 0 0 -1
    outer loop
      vertex 59.1093 72.9604 1
      vertex 59.2447 75.5451 1
      vertex 59.2447 72.4549 1
    endloop
  endfacet
  facet normal 0 0 -1
    outer loop
      vertex 59.1093 72.9604 1
      vertex 59.1093 75.0396 1
      vertex 59.2447 75.5451 1
    endloop
  endfacet
  facet normal 0 0 -1
    outer loop
      vertex 59.0274 73.4774 1
      vertex 59.1093 75.0396 1
      vertex 59.1093 72.9604 1
    endloop
  endfacet
  facet normal 0 0 -1
    outer loop
      vertex 59.0274 73.4774 1
      vertex 59.0274 74.5226 1
      vertex 59.1093 75.0396 1
    endloop
  endfacet
  facet normal 0 -0 -1
    outer loop
      vertex 59.0274 74.5226 1
      vertex 59.0274 73.4774 1
      vertex 59 74 1
    endloop
  endfacet
  facet normal 0.987684 -0.156463 0
    outer loop
      vertex 59.0274 74.5226 1
      vertex 59.1093 75.0396 0
      vertex 59.1093 75.0396 1
    endloop
  endfacet
  facet normal 0.987684 -0.156463 0
    outer loop
      vertex 59.1093 75.0396 0
      vertex 59.0274 74.5226 1
      vertex 59.0274 74.5226 0
    endloop
  endfacet
  facet normal 0.358441 -0.933552 0
    outer loop
      vertex 61.9663 78.5677 0
      vertex 62.4549 78.7553 1
      vertex 61.9663 78.5677 1
    endloop
  endfacet
  facet normal 0.358441 -0.933552 0
    outer loop
      vertex 62.4549 78.7553 1
      vertex 61.9663 78.5677 0
      vertex 62.4549 78.7553 0
    endloop
  endfacet
  facet normal -0.891 -0.454003 0
    outer loop
      vertex 68.5677 76.0337 0
      vertex 68.3301 76.5 1
      vertex 68.3301 76.5 0
    endloop
  endfacet
  facet normal -0.891 -0.454003 0
    outer loop
      vertex 68.3301 76.5 1
      vertex 68.5677 76.0337 0
      vertex 68.5677 76.0337 1
    endloop
  endfacet
  facet normal -0.838692 -0.544605 0
    outer loop
      vertex 68.3301 76.5 0
      vertex 68.0451 76.9389 1
      vertex 68.0451 76.9389 0
    endloop
  endfacet
  facet normal -0.838692 -0.544605 0
    outer loop
      vertex 68.0451 76.9389 1
      vertex 68.3301 76.5 0
      vertex 68.3301 76.5 1
    endloop
  endfacet
  facet normal 0.629297 0.777165 -0
    outer loop
      vertex 61.0611 69.9549 0
      vertex 60.6543 70.2843 1
      vertex 61.0611 69.9549 1
    endloop
  endfacet
  facet normal 0.629297 0.777165 0
    outer loop
      vertex 60.6543 70.2843 1
      vertex 61.0611 69.9549 0
      vertex 60.6543 70.2843 0
    endloop
  endfacet
  facet normal 0.454003 0.891 -0
    outer loop
      vertex 61.9663 69.4323 0
      vertex 61.5 69.6699 1
      vertex 61.9663 69.4323 1
    endloop
  endfacet
  facet normal 0.454003 0.891 0
    outer loop
      vertex 61.5 69.6699 1
      vertex 61.9663 69.4323 0
      vertex 61.5 69.6699 0
    endloop
  endfacet
  facet normal -0.156463 -0.987684 0
    outer loop
      vertex 64.5226 78.9726 0
      vertex 65.0396 78.8907 1
      vertex 64.5226 78.9726 1
    endloop
  endfacet
  facet normal -0.156463 -0.987684 -0
    outer loop
      vertex 65.0396 78.8907 1
      vertex 64.5226 78.9726 0
      vertex 65.0396 78.8907 0
    endloop
  endfacet
  facet normal -0.629391 -0.777089 0
    outer loop
      vertex 66.9389 78.0451 0
      vertex 67.3456 77.7157 1
      vertex 66.9389 78.0451 1
    endloop
  endfacet
  facet normal -0.629391 -0.777089 -0
    outer loop
      vertex 67.3456 77.7157 1
      vertex 66.9389 78.0451 0
      vertex 67.3456 77.7157 0
    endloop
  endfacet
  facet normal 0.891 0.454003 0
    outer loop
      vertex 59.6699 71.5 1
      vertex 59.4323 71.9663 0
      vertex 59.4323 71.9663 1
    endloop
  endfacet
  facet normal 0.891 0.454003 0
    outer loop
      vertex 59.4323 71.9663 0
      vertex 59.6699 71.5 1
      vertex 59.6699 71.5 0
    endloop
  endfacet
  facet normal -0.0523582 -0.998628 0
    outer loop
      vertex 64 79 0
      vertex 64.5226 78.9726 1
      vertex 64 79 1
    endloop
  endfacet
  facet normal -0.0523582 -0.998628 -0
    outer loop
      vertex 64.5226 78.9726 1
      vertex 64 79 0
      vertex 64.5226 78.9726 0
    endloop
  endfacet
  facet normal 0.965949 0.258733 0
    outer loop
      vertex 59.2447 72.4549 1
      vertex 59.1093 72.9604 0
      vertex 59.1093 72.9604 1
    endloop
  endfacet
  facet normal 0.965949 0.258733 0
    outer loop
      vertex 59.1093 72.9604 0
      vertex 59.2447 72.4549 1
      vertex 59.2447 72.4549 0
    endloop
  endfacet
  facet normal -0.258733 -0.965949 0
    outer loop
      vertex 65.0396 78.8907 0
      vertex 65.5451 78.7553 1
      vertex 65.0396 78.8907 1
    endloop
  endfacet
  facet normal -0.258733 -0.965949 -0
    outer loop
      vertex 65.5451 78.7553 1
      vertex 65.0396 78.8907 0
      vertex 65.5451 78.7553 0
    endloop
  endfacet
  facet normal 0.629297 -0.777165 0
    outer loop
      vertex 60.6543 77.7157 0
      vertex 61.0611 78.0451 1
      vertex 60.6543 77.7157 1
    endloop
  endfacet
  facet normal 0.629297 -0.777165 0
    outer loop
      vertex 61.0611 78.0451 1
      vertex 60.6543 77.7157 0
      vertex 61.0611 78.0451 0
    endloop
  endfacet
  facet normal 0.707107 0.707107 0
    outer loop
      vertex 60.6543 70.2843 1
      vertex 60.2843 70.6543 0
      vertex 60.2843 70.6543 1
    endloop
  endfacet
  facet normal 0.707107 0.707107 0
    outer loop
      vertex 60.2843 70.6543 0
      vertex 60.6543 70.2843 1
      vertex 60.6543 70.2843 0
    endloop
  endfacet
  facet normal 0.358441 0.933552 -0
    outer loop
      vertex 62.4549 69.2447 0
      vertex 61.9663 69.4323 1
      vertex 62.4549 69.2447 1
    endloop
  endfacet
  facet normal 0.358441 0.933552 0
    outer loop
      vertex 61.9663 69.4323 1
      vertex 62.4549 69.2447 0
      vertex 61.9663 69.4323 0
    endloop
  endfacet
  facet normal 0.965949 -0.258733 0
    outer loop
      vertex 59.1093 75.0396 1
      vertex 59.2447 75.5451 0
      vertex 59.2447 75.5451 1
    endloop
  endfacet
  facet normal 0.965949 -0.258733 0
    outer loop
      vertex 59.2447 75.5451 0
      vertex 59.1093 75.0396 1
      vertex 59.1093 75.0396 0
    endloop
  endfacet
  facet normal 0.998628 -0.0523582 0
    outer loop
      vertex 59 74 1
      vertex 59.0274 74.5226 0
      vertex 59.0274 74.5226 1
    endloop
  endfacet
  facet normal 0.998628 -0.0523582 0
    outer loop
      vertex 59.0274 74.5226 0
      vertex 59 74 1
      vertex 59 74 0
    endloop
  endfacet
  facet normal 0.998628 0.0523582 0
    outer loop
      vertex 59.0274 73.4774 1
      vertex 59 74 0
      vertex 59 74 1
    endloop
  endfacet
  facet normal 0.998628 0.0523582 0
    outer loop
      vertex 59 74 0
      vertex 59.0274 73.4774 1
      vertex 59.0274 73.4774 0
    endloop
  endfacet
  facet normal 0.891 -0.454003 0
    outer loop
      vertex 59.4323 76.0337 1
      vertex 59.6699 76.5 0
      vertex 59.6699 76.5 1
    endloop
  endfacet
  facet normal 0.891 -0.454003 0
    outer loop
      vertex 59.6699 76.5 0
      vertex 59.4323 76.0337 1
      vertex 59.4323 76.0337 0
    endloop
  endfacet
  facet normal 0.258733 0.965949 -0
    outer loop
      vertex 62.9604 69.1093 0
      vertex 62.4549 69.2447 1
      vertex 62.9604 69.1093 1
    endloop
  endfacet
  facet normal 0.258733 0.965949 0
    outer loop
      vertex 62.4549 69.2447 1
      vertex 62.9604 69.1093 0
      vertex 62.4549 69.2447 0
    endloop
  endfacet
  facet normal 0.933552 -0.358441 0
    outer loop
      vertex 59.2447 75.5451 1
      vertex 59.4323 76.0337 0
      vertex 59.4323 76.0337 1
    endloop
  endfacet
  facet normal 0.933552 -0.358441 0
    outer loop
      vertex 59.4323 76.0337 0
      vertex 59.2447 75.5451 1
      vertex 59.2447 75.5451 0
    endloop
  endfacet
  facet normal -0.777165 0.629297 0
    outer loop
      vertex 67.7157 70.6543 0
      vertex 68.0451 71.0611 1
      vertex 68.0451 71.0611 0
    endloop
  endfacet
  facet normal -0.777165 0.629297 0
    outer loop
      vertex 68.0451 71.0611 1
      vertex 67.7157 70.6543 0
      vertex 67.7157 70.6543 1
    endloop
  endfacet
  facet normal 0 1 0
    outer loop
      vertex 71.5 86 2
      vertex 44 86 1.3
      vertex 4.5 86 2
    endloop
  endfacet
  facet normal 0 1 -0
    outer loop
      vertex 71.5 86 0
      vertex 44 86 1.3
      vertex 71.5 86 2
    endloop
  endfacet
  facet normal 0 1 0
    outer loop
      vertex 44 86 1.3
      vertex 71.5 86 0
      vertex 44 86 0
    endloop
  endfacet
  facet normal 0 1 -0
    outer loop
      vertex 32 86 1.3
      vertex 4.5 86 2
      vertex 44 86 1.3
    endloop
  endfacet
  facet normal 0 1 0
    outer loop
      vertex 4.5 86 0
      vertex 32 86 1.3
      vertex 32 86 0
    endloop
  endfacet
  facet normal 0 1 0
    outer loop
      vertex 32 86 1.3
      vertex 4.5 86 0
      vertex 4.5 86 2
    endloop
  endfacet
  facet normal -0.99863 0.0523317 0
    outer loop
      vertex 0 81.5 0
      vertex 0.0246506 81.9704 2
      vertex 0.0246506 81.9704 0
    endloop
  endfacet
  facet normal -0.99863 0.0523317 0
    outer loop
      vertex 0.0246506 81.9704 2
      vertex 0 81.5 0
      vertex 0 81.5 2
    endloop
  endfacet
  facet normal -0.258796 0.965932 0
    outer loop
      vertex 3.5644 85.9017 0
      vertex 3.10942 85.7798 2
      vertex 3.5644 85.9017 2
    endloop
  endfacet
  facet normal -0.258796 0.965932 0
    outer loop
      vertex 3.10942 85.7798 2
      vertex 3.5644 85.9017 0
      vertex 3.10942 85.7798 0
    endloop
  endfacet
  facet normal -1 0 0
    outer loop
      vertex 0 4.5 0
      vertex 0 81.5 2
      vertex 0 81.5 0
    endloop
  endfacet
  facet normal -1 -0 0
    outer loop
      vertex 0 81.5 2
      vertex 0 4.5 0
      vertex 0 4.5 2
    endloop
  endfacet
  facet normal 0.93357 0.358396 0
    outer loop
      vertex 75.7798 82.8906 2
      vertex 75.611 83.3303 0
      vertex 75.611 83.3303 2
    endloop
  endfacet
  facet normal 0.93357 0.358396 0
    outer loop
      vertex 75.611 83.3303 0
      vertex 75.7798 82.8906 2
      vertex 75.7798 82.8906 0
    endloop
  endfacet
  facet normal -0.707149 0.707064 0
    outer loop
      vertex 1.15585 84.5111 0
      vertex 1.48891 84.8442 2
      vertex 1.48891 84.8442 0
    endloop
  endfacet
  facet normal -0.707149 0.707064 0
    outer loop
      vertex 1.48891 84.8442 2
      vertex 1.15585 84.5111 0
      vertex 1.15585 84.5111 2
    endloop
  endfacet
  facet normal 1 -0 0
    outer loop
      vertex 76 4.5 2
      vertex 76 81.5 0
      vertex 76 81.5 2
    endloop
  endfacet
  facet normal 1 0 0
    outer loop
      vertex 76 81.5 0
      vertex 76 4.5 2
      vertex 76 4.5 0
    endloop
  endfacet
  facet normal -0.965927 -0.258815 0
    outer loop
      vertex 0.220245 3.10942 0
      vertex 0.0983353 3.5644 2
      vertex 0.0983353 3.5644 0
    endloop
  endfacet
  facet normal -0.965927 -0.258815 0
    outer loop
      vertex 0.0983353 3.5644 2
      vertex 0.220245 3.10942 0
      vertex 0.220245 3.10942 2
    endloop
  endfacet
  facet normal -0.629283 0.777177 0
    outer loop
      vertex 1.85497 85.1406 0
      vertex 1.48891 84.8442 2
      vertex 1.85497 85.1406 2
    endloop
  endfacet
  facet normal -0.629283 0.777177 0
    outer loop
      vertex 1.48891 84.8442 2
      vertex 1.85497 85.1406 0
      vertex 1.48891 84.8442 0
    endloop
  endfacet
  facet normal 0.987715 0.156268 0
    outer loop
      vertex 75.9753 81.9704 2
      vertex 75.9017 82.4356 0
      vertex 75.9017 82.4356 2
    endloop
  endfacet
  facet normal 0.987715 0.156268 0
    outer loop
      vertex 75.9017 82.4356 0
      vertex 75.9753 81.9704 2
      vertex 75.9753 81.9704 0
    endloop
  endfacet
  facet normal 0.77721 0.629241 0
    outer loop
      vertex 75.1406 84.145 2
      vertex 74.8442 84.5111 0
      vertex 74.8442 84.5111 2
    endloop
  endfacet
  facet normal 0.77721 0.629241 0
    outer loop
      vertex 74.8442 84.5111 0
      vertex 75.1406 84.145 2
      vertex 75.1406 84.145 0
    endloop
  endfacet
  facet normal 0.707107 0.707107 0
    outer loop
      vertex 74.8442 84.5111 2
      vertex 74.5111 84.8442 0
      vertex 74.5111 84.8442 2
    endloop
  endfacet
  facet normal 0.707107 0.707107 0
    outer loop
      vertex 74.5111 84.8442 0
      vertex 74.8442 84.5111 2
      vertex 74.8442 84.5111 0
    endloop
  endfacet
  facet normal -0.838649 0.544672 0
    outer loop
      vertex 0.602885 83.75 0
      vertex 0.859423 84.145 2
      vertex 0.859423 84.145 0
    endloop
  endfacet
  facet normal -0.838649 0.544672 0
    outer loop
      vertex 0.859423 84.145 2
      vertex 0.602885 83.75 0
      vertex 0.602885 83.75 2
    endloop
  endfacet
  facet normal 0.156443 -0.987687 0
    outer loop
      vertex 71.9704 0.0246506 0
      vertex 72.4356 0.0983353 2
      vertex 71.9704 0.0246506 2
    endloop
  endfacet
  facet normal 0.156443 -0.987687 0
    outer loop
      vertex 72.4356 0.0983353 2
      vertex 71.9704 0.0246506 0
      vertex 72.4356 0.0983353 0
    endloop
  endfacet
  facet normal -0.453994 -0.891004 0
    outer loop
      vertex 2.25 0.602885 0
      vertex 2.66968 0.389045 2
      vertex 2.25 0.602885 2
    endloop
  endfacet
  facet normal -0.453994 -0.891004 -0
    outer loop
      vertex 2.66968 0.389045 2
      vertex 2.25 0.602885 0
      vertex 2.66968 0.389045 0
    endloop
  endfacet
  facet normal -0.987687 0.156443 0
    outer loop
      vertex 0.0246506 81.9704 0
      vertex 0.0983353 82.4356 2
      vertex 0.0983353 82.4356 0
    endloop
  endfacet
  facet normal -0.987687 0.156443 0
    outer loop
      vertex 0.0983353 82.4356 2
      vertex 0.0246506 81.9704 0
      vertex 0.0246506 81.9704 2
    endloop
  endfacet
  facet normal -0.0523339 -0.99863 0
    outer loop
      vertex 4.02962 0.0246506 0
      vertex 4.5 0 2
      vertex 4.02962 0.0246506 2
    endloop
  endfacet
  facet normal -0.0523339 -0.99863 -0
    outer loop
      vertex 4.5 0 2
      vertex 4.02962 0.0246506 0
      vertex 4.5 0 0
    endloop
  endfacet
  facet normal -0.987688 -0.156437 0
    outer loop
      vertex 0.0983353 3.5644 0
      vertex 0.0246506 4.02962 2
      vertex 0.0246506 4.02962 0
    endloop
  endfacet
  facet normal -0.987688 -0.156437 0
    outer loop
      vertex 0.0246506 4.02962 2
      vertex 0.0983353 3.5644 0
      vertex 0.0983353 3.5644 2
    endloop
  endfacet
  facet normal 0 -1 0
    outer loop
      vertex 4.5 0 0
      vertex 71.5 0 2
      vertex 4.5 0 2
    endloop
  endfacet
  facet normal 0 -1 -0
    outer loop
      vertex 71.5 0 2
      vertex 4.5 0 0
      vertex 71.5 0 0
    endloop
  endfacet
  facet normal 0.258805 -0.96593 0
    outer loop
      vertex 72.4356 0.0983353 0
      vertex 72.8906 0.220245 2
      vertex 72.4356 0.0983353 2
    endloop
  endfacet
  facet normal 0.258805 -0.96593 0
    outer loop
      vertex 72.8906 0.220245 2
      vertex 72.4356 0.0983353 0
      vertex 72.8906 0.220245 0
    endloop
  endfacet
  facet normal -0.838668 -0.544643 0
    outer loop
      vertex 0.859423 1.85497 0
      vertex 0.602885 2.25 2
      vertex 0.602885 2.25 0
    endloop
  endfacet
  facet normal -0.838668 -0.544643 0
    outer loop
      vertex 0.602885 2.25 2
      vertex 0.859423 1.85497 0
      vertex 0.859423 1.85497 2
    endloop
  endfacet
  facet normal 0.998624 -0.0524385 0
    outer loop
      vertex 75.9753 4.02962 2
      vertex 76 4.5 0
      vertex 76 4.5 2
    endloop
  endfacet
  facet normal 0.998624 -0.0524385 0
    outer loop
      vertex 76 4.5 0
      vertex 75.9753 4.02962 2
      vertex 75.9753 4.02962 0
    endloop
  endfacet
  facet normal 0.890962 0.454078 0
    outer loop
      vertex 75.611 83.3303 2
      vertex 75.3971 83.75 0
      vertex 75.3971 83.75 2
    endloop
  endfacet
  facet normal 0.890962 0.454078 0
    outer loop
      vertex 75.3971 83.75 0
      vertex 75.611 83.3303 2
      vertex 75.611 83.3303 0
    endloop
  endfacet
  facet normal 0.454078 0.890962 -0
    outer loop
      vertex 73.75 85.3971 0
      vertex 73.3303 85.611 2
      vertex 73.75 85.3971 2
    endloop
  endfacet
  facet normal 0.454078 0.890962 0
    outer loop
      vertex 73.3303 85.611 2
      vertex 73.75 85.3971 0
      vertex 73.3303 85.611 0
    endloop
  endfacet
  facet normal -0.891013 0.453977 0
    outer loop
      vertex 0.389045 83.3303 0
      vertex 0.602885 83.75 2
      vertex 0.602885 83.75 0
    endloop
  endfacet
  facet normal -0.891013 0.453977 0
    outer loop
      vertex 0.602885 83.75 2
      vertex 0.389045 83.3303 0
      vertex 0.389045 83.3303 2
    endloop
  endfacet
  facet normal 0.358396 -0.93357 0
    outer loop
      vertex 72.8906 0.220245 0
      vertex 73.3303 0.389045 2
      vertex 72.8906 0.220245 2
    endloop
  endfacet
  facet normal 0.358396 -0.93357 0
    outer loop
      vertex 73.3303 0.389045 2
      vertex 72.8906 0.220245 0
      vertex 73.3303 0.389045 0
    endloop
  endfacet
  facet normal -0.96593 0.258805 0
    outer loop
      vertex 0.0983353 82.4356 0
      vertex 0.220245 82.8906 2
      vertex 0.220245 82.8906 0
    endloop
  endfacet
  facet normal -0.96593 0.258805 0
    outer loop
      vertex 0.220245 82.8906 2
      vertex 0.0983353 82.4356 0
      vertex 0.0983353 82.4356 2
    endloop
  endfacet
  facet normal -0.358367 0.933581 0
    outer loop
      vertex 3.10942 85.7798 0
      vertex 2.66968 85.611 2
      vertex 3.10942 85.7798 2
    endloop
  endfacet
  facet normal -0.358367 0.933581 0
    outer loop
      vertex 2.66968 85.611 2
      vertex 3.10942 85.7798 0
      vertex 2.66968 85.611 0
    endloop
  endfacet
  facet normal 0.0524363 0.998624 -0
    outer loop
      vertex 71.9704 85.9753 0
      vertex 71.5 86 2
      vertex 71.9704 85.9753 2
    endloop
  endfacet
  facet normal 0.0524363 0.998624 0
    outer loop
      vertex 71.5 86 2
      vertex 71.9704 85.9753 0
      vertex 71.5 86 0
    endloop
  endfacet
  facet normal 0.838686 0.544615 0
    outer loop
      vertex 75.3971 83.75 2
      vertex 75.1406 84.145 0
      vertex 75.1406 84.145 2
    endloop
  endfacet
  facet normal 0.838686 0.544615 0
    outer loop
      vertex 75.1406 84.145 0
      vertex 75.3971 83.75 2
      vertex 75.3971 83.75 0
    endloop
  endfacet
  facet normal -0.629317 -0.777149 0
    outer loop
      vertex 1.48891 1.15585 0
      vertex 1.85497 0.859423 2
      vertex 1.48891 1.15585 2
    endloop
  endfacet
  facet normal -0.629317 -0.777149 -0
    outer loop
      vertex 1.85497 0.859423 2
      vertex 1.48891 1.15585 0
      vertex 1.85497 0.859423 0
    endloop
  endfacet
  facet normal 0.965932 -0.258796 0
    outer loop
      vertex 75.7798 3.10942 2
      vertex 75.9017 3.5644 0
      vertex 75.9017 3.5644 2
    endloop
  endfacet
  facet normal 0.965932 -0.258796 0
    outer loop
      vertex 75.9017 3.5644 0
      vertex 75.7798 3.10942 2
      vertex 75.7798 3.10942 0
    endloop
  endfacet
  facet normal 0.544615 0.838686 -0
    outer loop
      vertex 74.145 85.1406 0
      vertex 73.75 85.3971 2
      vertex 74.145 85.1406 2
    endloop
  endfacet
  facet normal 0.544615 0.838686 0
    outer loop
      vertex 73.75 85.3971 2
      vertex 74.145 85.1406 0
      vertex 73.75 85.3971 0
    endloop
  endfacet
  facet normal -0.0524385 0.998624 0
    outer loop
      vertex 4.5 86 0
      vertex 4.02962 85.9753 2
      vertex 4.5 86 2
    endloop
  endfacet
  facet normal -0.0524385 0.998624 0
    outer loop
      vertex 4.02962 85.9753 2
      vertex 4.5 86 0
      vertex 4.02962 85.9753 0
    endloop
  endfacet
  facet normal -0.777149 -0.629317 0
    outer loop
      vertex 1.15585 1.48891 0
      vertex 0.859423 1.85497 2
      vertex 0.859423 1.85497 0
    endloop
  endfacet
  facet normal -0.777149 -0.629317 0
    outer loop
      vertex 0.859423 1.85497 2
      vertex 1.15585 1.48891 0
      vertex 1.15585 1.48891 2
    endloop
  endfacet
  facet normal 0.987716 -0.156261 0
    outer loop
      vertex 75.9017 3.5644 2
      vertex 75.9753 4.02962 0
      vertex 75.9753 4.02962 2
    endloop
  endfacet
  facet normal 0.987716 -0.156261 0
    outer loop
      vertex 75.9753 4.02962 0
      vertex 75.9017 3.5644 2
      vertex 75.9017 3.5644 0
    endloop
  endfacet
  facet normal -0.933581 -0.358367 0
    outer loop
      vertex 0.389045 2.66968 0
      vertex 0.220245 3.10942 2
      vertex 0.220245 3.10942 0
    endloop
  endfacet
  facet normal -0.933581 -0.358367 0
    outer loop
      vertex 0.220245 3.10942 2
      vertex 0.389045 2.66968 0
      vertex 0.389045 2.66968 2
    endloop
  endfacet
  facet normal 0.998624 0.0524363 0
    outer loop
      vertex 76 81.5 2
      vertex 75.9753 81.9704 0
      vertex 75.9753 81.9704 2
    endloop
  endfacet
  facet normal 0.998624 0.0524363 0
    outer loop
      vertex 75.9753 81.9704 0
      vertex 76 81.5 2
      vertex 76 81.5 0
    endloop
  endfacet
  facet normal -0.99863 -0.0523339 0
    outer loop
      vertex 0.0246506 4.02962 0
      vertex 0 4.5 2
      vertex 0 4.5 0
    endloop
  endfacet
  facet normal -0.99863 -0.0523339 0
    outer loop
      vertex 0 4.5 2
      vertex 0.0246506 4.02962 0
      vertex 0.0246506 4.02962 2
    endloop
  endfacet
  facet normal 0.933581 -0.358367 0
    outer loop
      vertex 75.611 2.66968 2
      vertex 75.7798 3.10942 0
      vertex 75.7798 3.10942 2
    endloop
  endfacet
  facet normal 0.933581 -0.358367 0
    outer loop
      vertex 75.7798 3.10942 0
      vertex 75.611 2.66968 2
      vertex 75.611 2.66968 0
    endloop
  endfacet
  facet normal -0.707107 -0.707107 0
    outer loop
      vertex 1.48891 1.15585 0
      vertex 1.15585 1.48891 2
      vertex 1.15585 1.48891 0
    endloop
  endfacet
  facet normal -0.707107 -0.707107 0
    outer loop
      vertex 1.15585 1.48891 2
      vertex 1.48891 1.15585 0
      vertex 1.48891 1.15585 2
    endloop
  endfacet
  facet normal 0.544672 -0.838649 0
    outer loop
      vertex 73.75 0.602885 0
      vertex 74.145 0.859423 2
      vertex 73.75 0.602885 2
    endloop
  endfacet
  facet normal 0.544672 -0.838649 0
    outer loop
      vertex 74.145 0.859423 2
      vertex 73.75 0.602885 0
      vertex 74.145 0.859423 0
    endloop
  endfacet
  facet normal 0.453977 -0.891013 0
    outer loop
      vertex 73.3303 0.389045 0
      vertex 73.75 0.602885 2
      vertex 73.3303 0.389045 2
    endloop
  endfacet
  facet normal 0.453977 -0.891013 0
    outer loop
      vertex 73.75 0.602885 2
      vertex 73.3303 0.389045 0
      vertex 73.75 0.602885 0
    endloop
  endfacet
  facet normal 0.358396 0.93357 -0
    outer loop
      vertex 73.3303 85.611 0
      vertex 72.8906 85.7798 2
      vertex 73.3303 85.611 2
    endloop
  endfacet
  facet normal 0.358396 0.93357 0
    outer loop
      vertex 72.8906 85.7798 2
      vertex 73.3303 85.611 0
      vertex 72.8906 85.7798 0
    endloop
  endfacet
  facet normal -0.454096 0.890953 0
    outer loop
      vertex 2.66968 85.611 0
      vertex 2.25 85.3971 2
      vertex 2.66968 85.611 2
    endloop
  endfacet
  facet normal -0.454096 0.890953 0
    outer loop
      vertex 2.25 85.3971 2
      vertex 2.66968 85.611 0
      vertex 2.25 85.3971 0
    endloop
  endfacet
  facet normal 0.838705 -0.544586 0
    outer loop
      vertex 75.1406 1.85497 2
      vertex 75.3971 2.25 0
      vertex 75.3971 2.25 2
    endloop
  endfacet
  facet normal 0.838705 -0.544586 0
    outer loop
      vertex 75.3971 2.25 0
      vertex 75.1406 1.85497 2
      vertex 75.1406 1.85497 0
    endloop
  endfacet
  facet normal -0.93357 0.358396 0
    outer loop
      vertex 0.220245 82.8906 0
      vertex 0.389045 83.3303 2
      vertex 0.389045 83.3303 0
    endloop
  endfacet
  facet normal -0.93357 0.358396 0
    outer loop
      vertex 0.389045 83.3303 2
      vertex 0.220245 82.8906 0
      vertex 0.220245 82.8906 2
    endloop
  endfacet
  facet normal 0 0 -1
    outer loop
      vertex 59.6699 14.5 0
      vertex 16.3301 14.5 0
      vertex 59.9549 14.9389 0
    endloop
  endfacet
  facet normal 0 0 -1
    outer loop
      vertex 60.6543 70.2843 0
      vertex 16.9726 73.4774 0
      vertex 17 74 0
    endloop
  endfacet
  facet normal 0 0 -1
    outer loop
      vertex 16.0451 14.9389 0
      vertex 59.9549 14.9389 0
      vertex 16.3301 14.5 0
    endloop
  endfacet
  facet normal 0 0 -1
    outer loop
      vertex 60.6543 70.2843 0
      vertex 16.8907 72.9604 0
      vertex 16.9726 73.4774 0
    endloop
  endfacet
  facet normal 0 0 -1
    outer loop
      vertex 59.9549 14.9389 0
      vertex 16.0451 14.9389 0
      vertex 60.2843 15.3457 0
    endloop
  endfacet
  facet normal 0 0 -1
    outer loop
      vertex 60.6543 70.2843 0
      vertex 16.7553 72.4549 0
      vertex 16.8907 72.9604 0
    endloop
  endfacet
  facet normal 0 0 -1
    outer loop
      vertex 15.7157 15.3457 0
      vertex 60.2843 15.3457 0
      vertex 16.0451 14.9389 0
    endloop
  endfacet
  facet normal 0 0 -1
    outer loop
      vertex 60.6543 70.2843 0
      vertex 16.5677 71.9663 0
      vertex 16.7553 72.4549 0
    endloop
  endfacet
  facet normal 0 0 -1
    outer loop
      vertex 60.2843 15.3457 0
      vertex 15.7157 15.3457 0
      vertex 60.6543 15.7157 0
    endloop
  endfacet
  facet normal 0 0 -1
    outer loop
      vertex 60.6543 70.2843 0
      vertex 16.3301 71.5 0
      vertex 16.5677 71.9663 0
    endloop
  endfacet
  facet normal 0 0 -1
    outer loop
      vertex 15.3457 15.7157 0
      vertex 60.6543 15.7157 0
      vertex 15.7157 15.3457 0
    endloop
  endfacet
  facet normal 0 0 -1
    outer loop
      vertex 60.6543 70.2843 0
      vertex 16.0451 71.0611 0
      vertex 16.3301 71.5 0
    endloop
  endfacet
  facet normal 0 0 -1
    outer loop
      vertex 60.6543 15.7157 0
      vertex 15.3457 15.7157 0
      vertex 60.6543 70.2843 0
    endloop
  endfacet
  facet normal 0 0 -1
    outer loop
      vertex 60.6543 70.2843 0
      vertex 15.7157 70.6543 0
      vertex 16.0451 71.0611 0
    endloop
  endfacet
  facet normal 0 0 -1
    outer loop
      vertex 15.3457 70.2843 0
      vertex 60.6543 70.2843 0
      vertex 15.3457 15.7157 0
    endloop
  endfacet
  facet normal 0 0 -1
    outer loop
      vertex 60.6543 70.2843 0
      vertex 15.3457 70.2843 0
      vertex 15.7157 70.6543 0
    endloop
  endfacet
  facet normal 0 0 -1
    outer loop
      vertex 14.9389 16.0451 0
      vertex 15.3457 70.2843 0
      vertex 15.3457 15.7157 0
    endloop
  endfacet
  facet normal 0 0 -1
    outer loop
      vertex 14.9389 16.0451 0
      vertex 14.9389 69.9549 0
      vertex 15.3457 70.2843 0
    endloop
  endfacet
  facet normal 0 0 -1
    outer loop
      vertex 14.5 16.3301 0
      vertex 14.9389 69.9549 0
      vertex 14.9389 16.0451 0
    endloop
  endfacet
  facet normal 0 0 -1
    outer loop
      vertex 14.5 16.3301 0
      vertex 14.5 69.6699 0
      vertex 14.9389 69.9549 0
    endloop
  endfacet
  facet normal 0 0 -1
    outer loop
      vertex 14.0337 16.5677 0
      vertex 14.5 69.6699 0
      vertex 14.5 16.3301 0
    endloop
  endfacet
  facet normal 0 0 -1
    outer loop
      vertex 14.0337 16.5677 0
      vertex 14.0337 69.4323 0
      vertex 14.5 69.6699 0
    endloop
  endfacet
  facet normal 0 0 -1
    outer loop
      vertex 13.5451 16.7553 0
      vertex 14.0337 69.4323 0
      vertex 14.0337 16.5677 0
    endloop
  endfacet
  facet normal 0 0 -1
    outer loop
      vertex 13.5451 16.7553 0
      vertex 13.5451 69.2447 0
      vertex 14.0337 69.4323 0
    endloop
  endfacet
  facet normal 0 0 -1
    outer loop
      vertex 13.0396 16.8907 0
      vertex 13.5451 69.2447 0
      vertex 13.5451 16.7553 0
    endloop
  endfacet
  facet normal 0 0 -1
    outer loop
      vertex 13.0396 16.8907 0
      vertex 13.0396 69.1093 0
      vertex 13.5451 69.2447 0
    endloop
  endfacet
  facet normal 0 0 -1
    outer loop
      vertex 12.5226 16.9726 0
      vertex 13.0396 69.1093 0
      vertex 13.0396 16.8907 0
    endloop
  endfacet
  facet normal 0 0 -1
    outer loop
      vertex 12.5226 16.9726 0
      vertex 12.5226 69.0274 0
      vertex 13.0396 69.1093 0
    endloop
  endfacet
  facet normal 0 0 -1
    outer loop
      vertex 12 17 0
      vertex 12.5226 69.0274 0
      vertex 12.5226 16.9726 0
    endloop
  endfacet
  facet normal 0 0 -1
    outer loop
      vertex 12 17 0
      vertex 12 69 0
      vertex 12.5226 69.0274 0
    endloop
  endfacet
  facet normal 0 0 -1
    outer loop
      vertex 11.4774 16.9726 0
      vertex 12 69 0
      vertex 12 17 0
    endloop
  endfacet
  facet normal 0 0 -1
    outer loop
      vertex 11.4774 16.9726 0
      vertex 11.4774 69.0274 0
      vertex 12 69 0
    endloop
  endfacet
  facet normal 0 0 -1
    outer loop
      vertex 10.9604 16.8907 0
      vertex 11.4774 69.0274 0
      vertex 11.4774 16.9726 0
    endloop
  endfacet
  facet normal 0 0 -1
    outer loop
      vertex 10.9604 16.8907 0
      vertex 10.9604 69.1093 0
      vertex 11.4774 69.0274 0
    endloop
  endfacet
  facet normal 0 0 -1
    outer loop
      vertex 10.4549 16.7553 0
      vertex 10.9604 69.1093 0
      vertex 10.9604 16.8907 0
    endloop
  endfacet
  facet normal 0 0 -1
    outer loop
      vertex 10.4549 16.7553 0
      vertex 10.4549 69.2447 0
      vertex 10.9604 69.1093 0
    endloop
  endfacet
  facet normal 0 0 -1
    outer loop
      vertex 9.96632 16.5677 0
      vertex 10.4549 69.2447 0
      vertex 10.4549 16.7553 0
    endloop
  endfacet
  facet normal 0 0 -1
    outer loop
      vertex 9.96632 16.5677 0
      vertex 9.96632 69.4323 0
      vertex 10.4549 69.2447 0
    endloop
  endfacet
  facet normal 0 0 -1
    outer loop
      vertex 9.5 16.3301 0
      vertex 9.96632 69.4323 0
      vertex 9.96632 16.5677 0
    endloop
  endfacet
  facet normal 0 0 -1
    outer loop
      vertex 9.5 16.3301 0
      vertex 9.5 69.6699 0
      vertex 9.96632 69.4323 0
    endloop
  endfacet
  facet normal 0 0 -1
    outer loop
      vertex 9.06107 16.0451 0
      vertex 9.5 69.6699 0
      vertex 9.5 16.3301 0
    endloop
  endfacet
  facet normal 0 0 -1
    outer loop
      vertex 9.06107 16.0451 0
      vertex 9.06107 69.9549 0
      vertex 9.5 69.6699 0
    endloop
  endfacet
  facet normal 0 0 -1
    outer loop
      vertex 8.65435 15.7157 0
      vertex 9.06107 69.9549 0
      vertex 9.06107 16.0451 0
    endloop
  endfacet
  facet normal 0 0 -1
    outer loop
      vertex 8.65435 15.7157 0
      vertex 8.65435 70.2843 0
      vertex 9.06107 69.9549 0
    endloop
  endfacet
  facet normal 0 0 -1
    outer loop
      vertex 8.28428 15.3457 0
      vertex 8.65435 70.2843 0
      vertex 8.65435 15.7157 0
    endloop
  endfacet
  facet normal 0 0 -1
    outer loop
      vertex 8.28428 15.3457 0
      vertex 8.28428 70.6543 0
      vertex 8.65435 70.2843 0
    endloop
  endfacet
  facet normal 0 0 -1
    outer loop
      vertex 7.95491 14.9389 0
      vertex 8.28428 70.6543 0
      vertex 8.28428 15.3457 0
    endloop
  endfacet
  facet normal 0 0 -1
    outer loop
      vertex 7.95491 14.9389 0
      vertex 7.95491 71.0611 0
      vertex 8.28428 70.6543 0
    endloop
  endfacet
  facet normal 0 0 -1
    outer loop
      vertex 7.66987 14.5 0
      vertex 7.95491 71.0611 0
      vertex 7.95491 14.9389 0
    endloop
  endfacet
  facet normal 0 0 -1
    outer loop
      vertex 7.66987 14.5 0
      vertex 7.66987 71.5 0
      vertex 7.95491 71.0611 0
    endloop
  endfacet
  facet normal 0 0 -1
    outer loop
      vertex 0 4.5 0
      vertex 7.66987 14.5 0
      vertex 7.43227 14.0337 0
    endloop
  endfacet
  facet normal -0 0 -1
    outer loop
      vertex 7.66987 14.5 0
      vertex 0 4.5 0
      vertex 7.66987 71.5 0
    endloop
  endfacet
  facet normal 0 0 -1
    outer loop
      vertex 0 4.5 0
      vertex 7.43227 14.0337 0
      vertex 7.24472 13.5451 0
    endloop
  endfacet
  facet normal 0 0 -1
    outer loop
      vertex 0 81.5 0
      vertex 7.66987 71.5 0
      vertex 0 4.5 0
    endloop
  endfacet
  facet normal 0 0 -1
    outer loop
      vertex 0 4.5 0
      vertex 7.24472 13.5451 0
      vertex 7.10926 13.0396 0
    endloop
  endfacet
  facet normal 0 0 -1
    outer loop
      vertex 7.66987 71.5 0
      vertex 0 81.5 0
      vertex 7.43227 71.9663 0
    endloop
  endfacet
  facet normal 0 0 -1
    outer loop
      vertex 0 4.5 0
      vertex 7.10926 13.0396 0
      vertex 7.02739 12.5226 0
    endloop
  endfacet
  facet normal 0 0 -1
    outer loop
      vertex 7.43227 71.9663 0
      vertex 0 81.5 0
      vertex 7.24472 72.4549 0
    endloop
  endfacet
  facet normal 0 0 -1
    outer loop
      vertex 0 4.5 0
      vertex 7.02739 12.5226 0
      vertex 7 12 0
    endloop
  endfacet
  facet normal 0 0 -1
    outer loop
      vertex 7.24472 72.4549 0
      vertex 0 81.5 0
      vertex 7.10926 72.9604 0
    endloop
  endfacet
  facet normal 0 0 -1
    outer loop
      vertex 68.7553 13.5451 0
      vertex 76 4.5 0
      vertex 68.8907 13.0396 0
    endloop
  endfacet
  facet normal 0 0 -1
    outer loop
      vertex 76 81.5 0
      vertex 68.9726 73.4774 0
      vertex 69 74 0
    endloop
  endfacet
  facet normal 0 0 -1
    outer loop
      vertex 68.5677 14.0337 0
      vertex 76 4.5 0
      vertex 68.7553 13.5451 0
    endloop
  endfacet
  facet normal 0 0 -1
    outer loop
      vertex 76 81.5 0
      vertex 68.8907 72.9604 0
      vertex 68.9726 73.4774 0
    endloop
  endfacet
  facet normal 0 0 -1
    outer loop
      vertex 68.3301 14.5 0
      vertex 76 4.5 0
      vertex 68.5677 14.0337 0
    endloop
  endfacet
  facet normal 0 0 -1
    outer loop
      vertex 76 81.5 0
      vertex 68.7553 72.4549 0
      vertex 68.8907 72.9604 0
    endloop
  endfacet
  facet normal 0 0 -1
    outer loop
      vertex 76 4.5 0
      vertex 68.3301 14.5 0
      vertex 76 81.5 0
    endloop
  endfacet
  facet normal 0 0 -1
    outer loop
      vertex 76 81.5 0
      vertex 68.5677 71.9663 0
      vertex 68.7553 72.4549 0
    endloop
  endfacet
  facet normal 0 0 -1
    outer loop
      vertex 68.3301 71.5 0
      vertex 76 81.5 0
      vertex 68.3301 14.5 0
    endloop
  endfacet
  facet normal 0 0 -1
    outer loop
      vertex 76 81.5 0
      vertex 68.3301 71.5 0
      vertex 68.5677 71.9663 0
    endloop
  endfacet
  facet normal 0 0 -1
    outer loop
      vertex 68.0451 14.9389 0
      vertex 68.3301 71.5 0
      vertex 68.3301 14.5 0
    endloop
  endfacet
  facet normal 0 0 -1
    outer loop
      vertex 68.0451 14.9389 0
      vertex 68.0451 71.0611 0
      vertex 68.3301 71.5 0
    endloop
  endfacet
  facet normal 0 0 -1
    outer loop
      vertex 67.7157 15.3457 0
      vertex 68.0451 71.0611 0
      vertex 68.0451 14.9389 0
    endloop
  endfacet
  facet normal 0 0 -1
    outer loop
      vertex 67.7157 15.3457 0
      vertex 67.7157 70.6543 0
      vertex 68.0451 71.0611 0
    endloop
  endfacet
  facet normal 0 0 -1
    outer loop
      vertex 67.3456 15.7157 0
      vertex 67.7157 70.6543 0
      vertex 67.7157 15.3457 0
    endloop
  endfacet
  facet normal 0 0 -1
    outer loop
      vertex 67.3456 15.7157 0
      vertex 67.3456 70.2843 0
      vertex 67.7157 70.6543 0
    endloop
  endfacet
  facet normal 0 0 -1
    outer loop
      vertex 66.9389 16.0451 0
      vertex 67.3456 70.2843 0
      vertex 67.3456 15.7157 0
    endloop
  endfacet
  facet normal 0 0 -1
    outer loop
      vertex 66.9389 16.0451 0
      vertex 66.9389 69.9549 0
      vertex 67.3456 70.2843 0
    endloop
  endfacet
  facet normal 0 0 -1
    outer loop
      vertex 66.5 16.3301 0
      vertex 66.9389 69.9549 0
      vertex 66.9389 16.0451 0
    endloop
  endfacet
  facet normal 0 0 -1
    outer loop
      vertex 66.5 16.3301 0
      vertex 66.5 69.6699 0
      vertex 66.9389 69.9549 0
    endloop
  endfacet
  facet normal 0 0 -1
    outer loop
      vertex 66.0337 16.5677 0
      vertex 66.5 69.6699 0
      vertex 66.5 16.3301 0
    endloop
  endfacet
  facet normal 0 0 -1
    outer loop
      vertex 66.0337 16.5677 0
      vertex 66.0337 69.4323 0
      vertex 66.5 69.6699 0
    endloop
  endfacet
  facet normal 0 0 -1
    outer loop
      vertex 65.5451 16.7553 0
      vertex 66.0337 69.4323 0
      vertex 66.0337 16.5677 0
    endloop
  endfacet
  facet normal 0 0 -1
    outer loop
      vertex 65.5451 16.7553 0
      vertex 65.5451 69.2447 0
      vertex 66.0337 69.4323 0
    endloop
  endfacet
  facet normal 0 0 -1
    outer loop
      vertex 65.0396 16.8907 0
      vertex 65.5451 69.2447 0
      vertex 65.5451 16.7553 0
    endloop
  endfacet
  facet normal 0 0 -1
    outer loop
      vertex 65.0396 16.8907 0
      vertex 65.0396 69.1093 0
      vertex 65.5451 69.2447 0
    endloop
  endfacet
  facet normal 0 0 -1
    outer loop
      vertex 64.5226 16.9726 0
      vertex 65.0396 69.1093 0
      vertex 65.0396 16.8907 0
    endloop
  endfacet
  facet normal 0 0 -1
    outer loop
      vertex 64.5226 16.9726 0
      vertex 64.5226 69.0274 0
      vertex 65.0396 69.1093 0
    endloop
  endfacet
  facet normal 0 0 -1
    outer loop
      vertex 64 17 0
      vertex 64.5226 69.0274 0
      vertex 64.5226 16.9726 0
    endloop
  endfacet
  facet normal 0 0 -1
    outer loop
      vertex 64 17 0
      vertex 64 69 0
      vertex 64.5226 69.0274 0
    endloop
  endfacet
  facet normal 0 0 -1
    outer loop
      vertex 63.4774 16.9726 0
      vertex 64 69 0
      vertex 64 17 0
    endloop
  endfacet
  facet normal 0 0 -1
    outer loop
      vertex 63.4774 16.9726 0
      vertex 63.4774 69.0274 0
      vertex 64 69 0
    endloop
  endfacet
  facet normal 0 0 -1
    outer loop
      vertex 62.9604 16.8907 0
      vertex 63.4774 69.0274 0
      vertex 63.4774 16.9726 0
    endloop
  endfacet
  facet normal 0 0 -1
    outer loop
      vertex 62.9604 16.8907 0
      vertex 62.9604 69.1093 0
      vertex 63.4774 69.0274 0
    endloop
  endfacet
  facet normal 0 0 -1
    outer loop
      vertex 62.4549 16.7553 0
      vertex 62.9604 69.1093 0
      vertex 62.9604 16.8907 0
    endloop
  endfacet
  facet normal 0 0 -1
    outer loop
      vertex 62.4549 16.7553 0
      vertex 62.4549 69.2447 0
      vertex 62.9604 69.1093 0
    endloop
  endfacet
  facet normal 0 0 -1
    outer loop
      vertex 61.9663 16.5677 0
      vertex 62.4549 69.2447 0
      vertex 62.4549 16.7553 0
    endloop
  endfacet
  facet normal 0 0 -1
    outer loop
      vertex 61.9663 16.5677 0
      vertex 61.9663 69.4323 0
      vertex 62.4549 69.2447 0
    endloop
  endfacet
  facet normal 0 0 -1
    outer loop
      vertex 61.5 16.3301 0
      vertex 61.9663 69.4323 0
      vertex 61.9663 16.5677 0
    endloop
  endfacet
  facet normal 0 0 -1
    outer loop
      vertex 61.5 16.3301 0
      vertex 61.5 69.6699 0
      vertex 61.9663 69.4323 0
    endloop
  endfacet
  facet normal 0 0 -1
    outer loop
      vertex 61.0611 16.0451 0
      vertex 61.5 69.6699 0
      vertex 61.5 16.3301 0
    endloop
  endfacet
  facet normal 0 0 -1
    outer loop
      vertex 61.0611 16.0451 0
      vertex 61.0611 69.9549 0
      vertex 61.5 69.6699 0
    endloop
  endfacet
  facet normal 0 0 -1
    outer loop
      vertex 60.6543 15.7157 0
      vertex 61.0611 69.9549 0
      vertex 61.0611 16.0451 0
    endloop
  endfacet
  facet normal 0 0 -1
    outer loop
      vertex 60.6543 15.7157 0
      vertex 60.6543 70.2843 0
      vertex 61.0611 69.9549 0
    endloop
  endfacet
  facet normal 0 0 -1
    outer loop
      vertex 16.5677 14.0337 0
      vertex 59.4323 14.0337 0
      vertex 16.7553 13.5451 0
    endloop
  endfacet
  facet normal 0 0 -1
    outer loop
      vertex 59.4323 14.0337 0
      vertex 16.5677 14.0337 0
      vertex 59.6699 14.5 0
    endloop
  endfacet
  facet normal 0 0 -1
    outer loop
      vertex 59.2447 13.5451 0
      vertex 16.7553 13.5451 0
      vertex 59.4323 14.0337 0
    endloop
  endfacet
  facet normal 0 0 -1
    outer loop
      vertex 16.3301 14.5 0
      vertex 59.6699 14.5 0
      vertex 16.5677 14.0337 0
    endloop
  endfacet
  facet normal 0 0 -1
    outer loop
      vertex 16.7553 13.5451 0
      vertex 59.2447 13.5451 0
      vertex 16.8907 13.0396 0
    endloop
  endfacet
  facet normal 0 0 -1
    outer loop
      vertex 60.6543 70.2843 0
      vertex 17 74 0
      vertex 60.2843 70.6543 0
    endloop
  endfacet
  facet normal 0 0 -1
    outer loop
      vertex 59.1093 13.0396 0
      vertex 16.8907 13.0396 0
      vertex 59.2447 13.5451 0
    endloop
  endfacet
  facet normal 0 0 -1
    outer loop
      vertex 60.2843 70.6543 0
      vertex 17 74 0
      vertex 59.9549 71.0611 0
    endloop
  endfacet
  facet normal 0 0 -1
    outer loop
      vertex 16.8907 13.0396 0
      vertex 59.1093 13.0396 0
      vertex 16.9726 12.5226 0
    endloop
  endfacet
  facet normal 0 0 -1
    outer loop
      vertex 59.9549 71.0611 0
      vertex 17 74 0
      vertex 59.6699 71.5 0
    endloop
  endfacet
  facet normal 0 0 -1
    outer loop
      vertex 59.0274 12.5226 0
      vertex 16.9726 12.5226 0
      vertex 59.1093 13.0396 0
    endloop
  endfacet
  facet normal 0 -0 -1
    outer loop
      vertex 32 83 0
      vertex 59.6699 71.5 0
      vertex 17 74 0
    endloop
  endfacet
  facet normal 0 0 -1
    outer loop
      vertex 16.9726 12.5226 0
      vertex 59.0274 12.5226 0
      vertex 17 12 0
    endloop
  endfacet
  facet normal -0 -0 -1
    outer loop
      vertex 44 83 0
      vertex 59.6699 71.5 0
      vertex 32 83 0
    endloop
  endfacet
  facet normal 0 0 -1
    outer loop
      vertex 17 12 0
      vertex 59.0274 12.5226 0
      vertex 59 12 0
    endloop
  endfacet
  facet normal 0 0 -1
    outer loop
      vertex 59.6699 71.5 0
      vertex 44 83 0
      vertex 59.4323 71.9663 0
    endloop
  endfacet
  facet normal 0 0 -1
    outer loop
      vertex 71.5 0 0
      vertex 76 4.5 0
      vertex 75.9753 4.02962 0
    endloop
  endfacet
  facet normal 0 0 -1
    outer loop
      vertex 68.9726 12.5226 0
      vertex 76 4.5 0
      vertex 69 12 0
    endloop
  endfacet
  facet normal 0 0 -1
    outer loop
      vertex 71.5 0 0
      vertex 75.9753 4.02962 0
      vertex 75.9017 3.5644 0
    endloop
  endfacet
  facet normal 0 0 -1
    outer loop
      vertex 68.8907 13.0396 0
      vertex 76 4.5 0
      vertex 68.9726 12.5226 0
    endloop
  endfacet
  facet normal 0 0 -1
    outer loop
      vertex 71.5 0 0
      vertex 75.9017 3.5644 0
      vertex 75.7798 3.10942 0
    endloop
  endfacet
  facet normal 0 0 -1
    outer loop
      vertex 68.9726 74.5226 0
      vertex 76 81.5 0
      vertex 69 74 0
    endloop
  endfacet
  facet normal 0 0 -1
    outer loop
      vertex 71.5 0 0
      vertex 75.7798 3.10942 0
      vertex 75.611 2.66968 0
    endloop
  endfacet
  facet normal 0 0 -1
    outer loop
      vertex 68.8907 75.0396 0
      vertex 76 81.5 0
      vertex 68.9726 74.5226 0
    endloop
  endfacet
  facet normal 0 0 -1
    outer loop
      vertex 71.5 0 0
      vertex 75.611 2.66968 0
      vertex 75.3971 2.25 0
    endloop
  endfacet
  facet normal 0 0 -1
    outer loop
      vertex 68.7553 75.5451 0
      vertex 76 81.5 0
      vertex 68.8907 75.0396 0
    endloop
  endfacet
  facet normal 0 0 -1
    outer loop
      vertex 71.5 0 0
      vertex 75.3971 2.25 0
      vertex 75.1406 1.85497 0
    endloop
  endfacet
  facet normal 0 0 -1
    outer loop
      vertex 68.5677 76.0337 0
      vertex 76 81.5 0
      vertex 68.7553 75.5451 0
    endloop
  endfacet
  facet normal 0 0 -1
    outer loop
      vertex 71.5 0 0
      vertex 75.1406 1.85497 0
      vertex 74.8442 1.48891 0
    endloop
  endfacet
  facet normal 0 0 -1
    outer loop
      vertex 68.3301 76.5 0
      vertex 76 81.5 0
      vertex 68.5677 76.0337 0
    endloop
  endfacet
  facet normal 0 0 -1
    outer loop
      vertex 71.5 0 0
      vertex 74.8442 1.48891 0
      vertex 74.5111 1.15585 0
    endloop
  endfacet
  facet normal 0 0 -1
    outer loop
      vertex 68.0451 76.9389 0
      vertex 76 81.5 0
      vertex 68.3301 76.5 0
    endloop
  endfacet
  facet normal 0 0 -1
    outer loop
      vertex 71.5 0 0
      vertex 74.5111 1.15585 0
      vertex 74.145 0.859423 0
    endloop
  endfacet
  facet normal 0 0 -1
    outer loop
      vertex 67.7157 77.3456 0
      vertex 76 81.5 0
      vertex 68.0451 76.9389 0
    endloop
  endfacet
  facet normal 0 0 -1
    outer loop
      vertex 71.5 0 0
      vertex 74.145 0.859423 0
      vertex 73.75 0.602885 0
    endloop
  endfacet
  facet normal 0 -0 -1
    outer loop
      vertex 71.5 86 0
      vertex 76 81.5 0
      vertex 67.7157 77.3456 0
    endloop
  endfacet
  facet normal 0 0 -1
    outer loop
      vertex 71.5 0 0
      vertex 73.75 0.602885 0
      vertex 73.3303 0.389045 0
    endloop
  endfacet
  facet normal 0 0 -1
    outer loop
      vertex 76 81.5 0
      vertex 71.5 86 0
      vertex 75.9753 81.9704 0
    endloop
  endfacet
  facet normal 0 0 -1
    outer loop
      vertex 71.5 0 0
      vertex 73.3303 0.389045 0
      vertex 72.8906 0.220245 0
    endloop
  endfacet
  facet normal 0 0 -1
    outer loop
      vertex 75.9753 81.9704 0
      vertex 71.5 86 0
      vertex 75.9017 82.4356 0
    endloop
  endfacet
  facet normal 0 0 -1
    outer loop
      vertex 71.5 0 0
      vertex 72.8906 0.220245 0
      vertex 72.4356 0.0983353 0
    endloop
  endfacet
  facet normal 0 0 -1
    outer loop
      vertex 75.9017 82.4356 0
      vertex 71.5 86 0
      vertex 75.7798 82.8906 0
    endloop
  endfacet
  facet normal 0 0 -1
    outer loop
      vertex 71.5 0 0
      vertex 72.4356 0.0983353 0
      vertex 71.9704 0.0246506 0
    endloop
  endfacet
  facet normal 0 0 -1
    outer loop
      vertex 75.7798 82.8906 0
      vertex 71.5 86 0
      vertex 75.611 83.3303 0
    endloop
  endfacet
  facet normal -0 0 -1
    outer loop
      vertex 76 4.5 0
      vertex 71.5 0 0
      vertex 67.7157 8.65435 0
    endloop
  endfacet
  facet normal 0 0 -1
    outer loop
      vertex 75.611 83.3303 0
      vertex 71.5 86 0
      vertex 75.3971 83.75 0
    endloop
  endfacet
  facet normal 0 0 -1
    outer loop
      vertex 75.3971 83.75 0
      vertex 71.5 86 0
      vertex 75.1406 84.145 0
    endloop
  endfacet
  facet normal 0 0 -1
    outer loop
      vertex 76 4.5 0
      vertex 68.9726 11.4774 0
      vertex 69 12 0
    endloop
  endfacet
  facet normal 0 0 -1
    outer loop
      vertex 76 4.5 0
      vertex 68.8907 10.9604 0
      vertex 68.9726 11.4774 0
    endloop
  endfacet
  facet normal 0 0 -1
    outer loop
      vertex 76 4.5 0
      vertex 68.7553 10.4549 0
      vertex 68.8907 10.9604 0
    endloop
  endfacet
  facet normal 0 0 -1
    outer loop
      vertex 76 4.5 0
      vertex 68.5677 9.96632 0
      vertex 68.7553 10.4549 0
    endloop
  endfacet
  facet normal 0 0 -1
    outer loop
      vertex 76 4.5 0
      vertex 68.3301 9.5 0
      vertex 68.5677 9.96632 0
    endloop
  endfacet
  facet normal 0 0 -1
    outer loop
      vertex 76 4.5 0
      vertex 68.0451 9.06107 0
      vertex 68.3301 9.5 0
    endloop
  endfacet
  facet normal 0 0 -1
    outer loop
      vertex 76 4.5 0
      vertex 67.7157 8.65435 0
      vertex 68.0451 9.06107 0
    endloop
  endfacet
  facet normal 0 0 -1
    outer loop
      vertex 71.5 0 0
      vertex 67.3456 8.28428 0
      vertex 67.7157 8.65435 0
    endloop
  endfacet
  facet normal 0 0 -1
    outer loop
      vertex 71.5 0 0
      vertex 66.9389 7.95491 0
      vertex 67.3456 8.28428 0
    endloop
  endfacet
  facet normal 0 0 -1
    outer loop
      vertex 71.5 0 0
      vertex 66.5 7.66987 0
      vertex 66.9389 7.95491 0
    endloop
  endfacet
  facet normal 0 0 -1
    outer loop
      vertex 71.5 0 0
      vertex 66.0337 7.43227 0
      vertex 66.5 7.66987 0
    endloop
  endfacet
  facet normal 0 0 -1
    outer loop
      vertex 71.5 0 0
      vertex 65.5451 7.24472 0
      vertex 66.0337 7.43227 0
    endloop
  endfacet
  facet normal 0 0 -1
    outer loop
      vertex 71.5 0 0
      vertex 65.0396 7.10926 0
      vertex 65.5451 7.24472 0
    endloop
  endfacet
  facet normal 0 0 -1
    outer loop
      vertex 71.5 0 0
      vertex 64.5226 7.02739 0
      vertex 65.0396 7.10926 0
    endloop
  endfacet
  facet normal 0 0 -1
    outer loop
      vertex 71.5 0 0
      vertex 64 7 0
      vertex 64.5226 7.02739 0
    endloop
  endfacet
  facet normal 0 0 -1
    outer loop
      vertex 71.5 0 0
      vertex 63.4774 7.02739 0
      vertex 64 7 0
    endloop
  endfacet
  facet normal 0 0 -1
    outer loop
      vertex 71.5 0 0
      vertex 62.9604 7.10926 0
      vertex 63.4774 7.02739 0
    endloop
  endfacet
  facet normal 0 0 -1
    outer loop
      vertex 71.5 0 0
      vertex 62.4549 7.24472 0
      vertex 62.9604 7.10926 0
    endloop
  endfacet
  facet normal 0 0 -1
    outer loop
      vertex 71.5 0 0
      vertex 61.9663 7.43227 0
      vertex 62.4549 7.24472 0
    endloop
  endfacet
  facet normal 0 0 -1
    outer loop
      vertex 71.5 0 0
      vertex 61.5 7.66987 0
      vertex 61.9663 7.43227 0
    endloop
  endfacet
  facet normal 0 0 -1
    outer loop
      vertex 14.5 7.66987 0
      vertex 61.5 7.66987 0
      vertex 71.5 0 0
    endloop
  endfacet
  facet normal 0 0 -1
    outer loop
      vertex 59.2447 72.4549 0
      vertex 44 83 0
      vertex 59.1093 72.9604 0
    endloop
  endfacet
  facet normal 0 0 -1
    outer loop
      vertex 17 12 0
      vertex 59 12 0
      vertex 59.0274 11.4774 0
    endloop
  endfacet
  facet normal 0 0 -1
    outer loop
      vertex 16.9726 11.4774 0
      vertex 59.0274 11.4774 0
      vertex 59.1093 10.9604 0
    endloop
  endfacet
  facet normal 0 0 -1
    outer loop
      vertex 59.0274 73.4774 0
      vertex 44 83 0
      vertex 59 74 0
    endloop
  endfacet
  facet normal 0 0 -1
    outer loop
      vertex 16.8907 10.9604 0
      vertex 59.1093 10.9604 0
      vertex 59.2447 10.4549 0
    endloop
  endfacet
  facet normal 0 0 -1
    outer loop
      vertex 59.1093 72.9604 0
      vertex 44 83 0
      vertex 59.0274 73.4774 0
    endloop
  endfacet
  facet normal 0 0 -1
    outer loop
      vertex 59.4323 71.9663 0
      vertex 44 83 0
      vertex 59.2447 72.4549 0
    endloop
  endfacet
  facet normal 0 0 -1
    outer loop
      vertex 16.7553 10.4549 0
      vertex 59.2447 10.4549 0
      vertex 59.4323 9.96632 0
    endloop
  endfacet
  facet normal 0 0 -1
    outer loop
      vertex 16.5677 9.96632 0
      vertex 59.4323 9.96632 0
      vertex 59.6699 9.5 0
    endloop
  endfacet
  facet normal 0 0 -1
    outer loop
      vertex 16.3301 9.5 0
      vertex 59.6699 9.5 0
      vertex 59.9549 9.06107 0
    endloop
  endfacet
  facet normal 0 0 -1
    outer loop
      vertex 16.0451 9.06107 0
      vertex 59.9549 9.06107 0
      vertex 60.2843 8.65435 0
    endloop
  endfacet
  facet normal 0 0 -1
    outer loop
      vertex 15.7157 8.65435 0
      vertex 60.2843 8.65435 0
      vertex 60.6543 8.28428 0
    endloop
  endfacet
  facet normal 0 0 -1
    outer loop
      vertex 15.3457 8.28428 0
      vertex 60.6543 8.28428 0
      vertex 61.0611 7.95491 0
    endloop
  endfacet
  facet normal 0 0 -1
    outer loop
      vertex 61.5 7.66987 0
      vertex 14.5 7.66987 0
      vertex 61.0611 7.95491 0
    endloop
  endfacet
  facet normal 0 0 -1
    outer loop
      vertex 59.0274 11.4774 0
      vertex 16.9726 11.4774 0
      vertex 17 12 0
    endloop
  endfacet
  facet normal 0 0 -1
    outer loop
      vertex 59.1093 10.9604 0
      vertex 16.8907 10.9604 0
      vertex 16.9726 11.4774 0
    endloop
  endfacet
  facet normal 0 0 -1
    outer loop
      vertex 59.2447 10.4549 0
      vertex 16.7553 10.4549 0
      vertex 16.8907 10.9604 0
    endloop
  endfacet
  facet normal 0 0 -1
    outer loop
      vertex 59.4323 9.96632 0
      vertex 16.5677 9.96632 0
      vertex 16.7553 10.4549 0
    endloop
  endfacet
  facet normal 0 0 -1
    outer loop
      vertex 59.6699 9.5 0
      vertex 16.3301 9.5 0
      vertex 16.5677 9.96632 0
    endloop
  endfacet
  facet normal 0 0 -1
    outer loop
      vertex 59.9549 9.06107 0
      vertex 16.0451 9.06107 0
      vertex 16.3301 9.5 0
    endloop
  endfacet
  facet normal 0 0 -1
    outer loop
      vertex 60.2843 8.65435 0
      vertex 15.7157 8.65435 0
      vertex 16.0451 9.06107 0
    endloop
  endfacet
  facet normal 0 0 -1
    outer loop
      vertex 60.6543 8.28428 0
      vertex 15.3457 8.28428 0
      vertex 15.7157 8.65435 0
    endloop
  endfacet
  facet normal 0 0 -1
    outer loop
      vertex 61.0611 7.95491 0
      vertex 14.9389 7.95491 0
      vertex 15.3457 8.28428 0
    endloop
  endfacet
  facet normal -0 0 -1
    outer loop
      vertex 61.0611 7.95491 0
      vertex 14.5 7.66987 0
      vertex 14.9389 7.95491 0
    endloop
  endfacet
  facet normal 0 0 -1
    outer loop
      vertex 4.5 0 0
      vertex 14.5 7.66987 0
      vertex 71.5 0 0
    endloop
  endfacet
  facet normal 0 0 -1
    outer loop
      vertex 14.5 7.66987 0
      vertex 4.5 0 0
      vertex 14.0337 7.43227 0
    endloop
  endfacet
  facet normal 0 0 -1
    outer loop
      vertex 14.0337 7.43227 0
      vertex 4.5 0 0
      vertex 13.5451 7.24472 0
    endloop
  endfacet
  facet normal 0 0 -1
    outer loop
      vertex 13.5451 7.24472 0
      vertex 4.5 0 0
      vertex 13.0396 7.10926 0
    endloop
  endfacet
  facet normal 0 0 -1
    outer loop
      vertex 13.0396 7.10926 0
      vertex 4.5 0 0
      vertex 12.5226 7.02739 0
    endloop
  endfacet
  facet normal 0 0 -1
    outer loop
      vertex 12.5226 7.02739 0
      vertex 4.5 0 0
      vertex 12 7 0
    endloop
  endfacet
  facet normal -0 0 -1
    outer loop
      vertex 7.02739 11.4774 0
      vertex 0 4.5 0
      vertex 7 12 0
    endloop
  endfacet
  facet normal -0 0 -1
    outer loop
      vertex 7.10926 10.9604 0
      vertex 0 4.5 0
      vertex 7.02739 11.4774 0
    endloop
  endfacet
  facet normal -0 0 -1
    outer loop
      vertex 7.24472 10.4549 0
      vertex 0 4.5 0
      vertex 7.10926 10.9604 0
    endloop
  endfacet
  facet normal -0 0 -1
    outer loop
      vertex 7.43227 9.96632 0
      vertex 0 4.5 0
      vertex 7.24472 10.4549 0
    endloop
  endfacet
  facet normal -0 0 -1
    outer loop
      vertex 7.66987 9.5 0
      vertex 0 4.5 0
      vertex 7.43227 9.96632 0
    endloop
  endfacet
  facet normal -0 0 -1
    outer loop
      vertex 7.95491 9.06107 0
      vertex 0 4.5 0
      vertex 7.66987 9.5 0
    endloop
  endfacet
  facet normal -0 0 -1
    outer loop
      vertex 8.28428 8.65435 0
      vertex 0 4.5 0
      vertex 7.95491 9.06107 0
    endloop
  endfacet
  facet normal 0 0 -1
    outer loop
      vertex 0 4.5 0
      vertex 8.28428 8.65435 0
      vertex 4.5 0 0
    endloop
  endfacet
  facet normal -0 0 -1
    outer loop
      vertex 8.65435 8.28428 0
      vertex 4.5 0 0
      vertex 8.28428 8.65435 0
    endloop
  endfacet
  facet normal -0 0 -1
    outer loop
      vertex 9.06107 7.95491 0
      vertex 4.5 0 0
      vertex 8.65435 8.28428 0
    endloop
  endfacet
  facet normal -0 0 -1
    outer loop
      vertex 9.5 7.66987 0
      vertex 4.5 0 0
      vertex 9.06107 7.95491 0
    endloop
  endfacet
  facet normal -0 0 -1
    outer loop
      vertex 9.96632 7.43227 0
      vertex 4.5 0 0
      vertex 9.5 7.66987 0
    endloop
  endfacet
  facet normal -0 0 -1
    outer loop
      vertex 10.4549 7.24472 0
      vertex 4.5 0 0
      vertex 9.96632 7.43227 0
    endloop
  endfacet
  facet normal -0 0 -1
    outer loop
      vertex 10.9604 7.10926 0
      vertex 4.5 0 0
      vertex 10.4549 7.24472 0
    endloop
  endfacet
  facet normal -0 0 -1
    outer loop
      vertex 11.4774 7.02739 0
      vertex 4.5 0 0
      vertex 10.9604 7.10926 0
    endloop
  endfacet
  facet normal -0 0 -1
    outer loop
      vertex 12 7 0
      vertex 4.5 0 0
      vertex 11.4774 7.02739 0
    endloop
  endfacet
  facet normal 0 0 -1
    outer loop
      vertex 75.1406 84.145 0
      vertex 71.5 86 0
      vertex 74.8442 84.5111 0
    endloop
  endfacet
  facet normal 0 0 -1
    outer loop
      vertex 74.8442 84.5111 0
      vertex 71.5 86 0
      vertex 74.5111 84.8442 0
    endloop
  endfacet
  facet normal 0 0 -1
    outer loop
      vertex 74.5111 84.8442 0
      vertex 71.5 86 0
      vertex 74.145 85.1406 0
    endloop
  endfacet
  facet normal 0 0 -1
    outer loop
      vertex 74.145 85.1406 0
      vertex 71.5 86 0
      vertex 73.75 85.3971 0
    endloop
  endfacet
  facet normal 0 0 -1
    outer loop
      vertex 73.75 85.3971 0
      vertex 71.5 86 0
      vertex 73.3303 85.611 0
    endloop
  endfacet
  facet normal 0 0 -1
    outer loop
      vertex 73.3303 85.611 0
      vertex 71.5 86 0
      vertex 72.8906 85.7798 0
    endloop
  endfacet
  facet normal 0 0 -1
    outer loop
      vertex 72.8906 85.7798 0
      vertex 71.5 86 0
      vertex 72.4356 85.9017 0
    endloop
  endfacet
  facet normal 0 0 -1
    outer loop
      vertex 72.4356 85.9017 0
      vertex 71.5 86 0
      vertex 71.9704 85.9753 0
    endloop
  endfacet
  facet normal 0 0 -1
    outer loop
      vertex 67.3456 77.7157 0
      vertex 71.5 86 0
      vertex 67.7157 77.3456 0
    endloop
  endfacet
  facet normal 0 0 -1
    outer loop
      vertex 66.9389 78.0451 0
      vertex 71.5 86 0
      vertex 67.3456 77.7157 0
    endloop
  endfacet
  facet normal 0 0 -1
    outer loop
      vertex 66.5 78.3301 0
      vertex 71.5 86 0
      vertex 66.9389 78.0451 0
    endloop
  endfacet
  facet normal 0 0 -1
    outer loop
      vertex 66.0337 78.5677 0
      vertex 71.5 86 0
      vertex 66.5 78.3301 0
    endloop
  endfacet
  facet normal 0 0 -1
    outer loop
      vertex 65.5451 78.7553 0
      vertex 71.5 86 0
      vertex 66.0337 78.5677 0
    endloop
  endfacet
  facet normal 0 0 -1
    outer loop
      vertex 65.0396 78.8907 0
      vertex 71.5 86 0
      vertex 65.5451 78.7553 0
    endloop
  endfacet
  facet normal 0 0 -1
    outer loop
      vertex 64.5226 78.9726 0
      vertex 71.5 86 0
      vertex 65.0396 78.8907 0
    endloop
  endfacet
  facet normal 0 0 -1
    outer loop
      vertex 64 79 0
      vertex 71.5 86 0
      vertex 64.5226 78.9726 0
    endloop
  endfacet
  facet normal 0 0 -1
    outer loop
      vertex 63.4774 78.9726 0
      vertex 71.5 86 0
      vertex 64 79 0
    endloop
  endfacet
  facet normal 0 0 -1
    outer loop
      vertex 62.9604 78.8907 0
      vertex 71.5 86 0
      vertex 63.4774 78.9726 0
    endloop
  endfacet
  facet normal 0 0 -1
    outer loop
      vertex 62.4549 78.7553 0
      vertex 71.5 86 0
      vertex 62.9604 78.8907 0
    endloop
  endfacet
  facet normal 0 0 -1
    outer loop
      vertex 44 86 0
      vertex 62.4549 78.7553 0
      vertex 61.9663 78.5677 0
    endloop
  endfacet
  facet normal 0 0 -1
    outer loop
      vertex 44 86 0
      vertex 61.9663 78.5677 0
      vertex 61.5 78.3301 0
    endloop
  endfacet
  facet normal 0 0 -1
    outer loop
      vertex 44 86 0
      vertex 61.5 78.3301 0
      vertex 61.0611 78.0451 0
    endloop
  endfacet
  facet normal 0 0 -1
    outer loop
      vertex 44 83 0
      vertex 59.0274 74.5226 0
      vertex 59 74 0
    endloop
  endfacet
  facet normal 0 0 -1
    outer loop
      vertex 44 83 0
      vertex 59.1093 75.0396 0
      vertex 59.0274 74.5226 0
    endloop
  endfacet
  facet normal 0 0 -1
    outer loop
      vertex 44 83 0
      vertex 59.2447 75.5451 0
      vertex 59.1093 75.0396 0
    endloop
  endfacet
  facet normal 0 0 -1
    outer loop
      vertex 44 83 0
      vertex 59.4323 76.0337 0
      vertex 59.2447 75.5451 0
    endloop
  endfacet
  facet normal 0 0 -1
    outer loop
      vertex 44 83 0
      vertex 59.6699 76.5 0
      vertex 59.4323 76.0337 0
    endloop
  endfacet
  facet normal 0 0 -1
    outer loop
      vertex 44 83 0
      vertex 59.9549 76.9389 0
      vertex 59.6699 76.5 0
    endloop
  endfacet
  facet normal 0 0 -1
    outer loop
      vertex 44 83 0
      vertex 60.2843 77.3456 0
      vertex 59.9549 76.9389 0
    endloop
  endfacet
  facet normal 0 0 -1
    outer loop
      vertex 44 83 0
      vertex 60.6543 77.7157 0
      vertex 60.2843 77.3456 0
    endloop
  endfacet
  facet normal 0 0 -1
    outer loop
      vertex 44 86 0
      vertex 60.6543 77.7157 0
      vertex 44 83 0
    endloop
  endfacet
  facet normal 0 0 -1
    outer loop
      vertex 60.6543 77.7157 0
      vertex 44 86 0
      vertex 61.0611 78.0451 0
    endloop
  endfacet
  facet normal 0 0 -1
    outer loop
      vertex 62.4549 78.7553 0
      vertex 44 86 0
      vertex 71.5 86 0
    endloop
  endfacet
  facet normal 0 0 -1
    outer loop
      vertex 16.9726 74.5226 0
      vertex 32 83 0
      vertex 17 74 0
    endloop
  endfacet
  facet normal 0 0 -1
    outer loop
      vertex 16.8907 75.0396 0
      vertex 32 83 0
      vertex 16.9726 74.5226 0
    endloop
  endfacet
  facet normal 0 0 -1
    outer loop
      vertex 16.7553 75.5451 0
      vertex 32 83 0
      vertex 16.8907 75.0396 0
    endloop
  endfacet
  facet normal 0 0 -1
    outer loop
      vertex 16.5677 76.0337 0
      vertex 32 83 0
      vertex 16.7553 75.5451 0
    endloop
  endfacet
  facet normal 0 0 -1
    outer loop
      vertex 16.3301 76.5 0
      vertex 32 83 0
      vertex 16.5677 76.0337 0
    endloop
  endfacet
  facet normal 0 0 -1
    outer loop
      vertex 16.0451 76.9389 0
      vertex 32 83 0
      vertex 16.3301 76.5 0
    endloop
  endfacet
  facet normal 0 0 -1
    outer loop
      vertex 15.7157 77.3456 0
      vertex 32 83 0
      vertex 16.0451 76.9389 0
    endloop
  endfacet
  facet normal 0 0 -1
    outer loop
      vertex 15.3457 77.7157 0
      vertex 32 83 0
      vertex 15.7157 77.3456 0
    endloop
  endfacet
  facet normal -0 0 -1
    outer loop
      vertex 32 83 0
      vertex 15.3457 77.7157 0
      vertex 32 86 0
    endloop
  endfacet
  facet normal 0 0 -1
    outer loop
      vertex 14.9389 78.0451 0
      vertex 32 86 0
      vertex 15.3457 77.7157 0
    endloop
  endfacet
  facet normal 0 0 -1
    outer loop
      vertex 14.5 78.3301 0
      vertex 32 86 0
      vertex 14.9389 78.0451 0
    endloop
  endfacet
  facet normal 0 0 -1
    outer loop
      vertex 14.0337 78.5677 0
      vertex 32 86 0
      vertex 14.5 78.3301 0
    endloop
  endfacet
  facet normal 0 0 -1
    outer loop
      vertex 13.5451 78.7553 0
      vertex 32 86 0
      vertex 14.0337 78.5677 0
    endloop
  endfacet
  facet normal 0 0 -1
    outer loop
      vertex 4.5 86 0
      vertex 13.5451 78.7553 0
      vertex 13.0396 78.8907 0
    endloop
  endfacet
  facet normal 0 0 -1
    outer loop
      vertex 4.5 86 0
      vertex 13.0396 78.8907 0
      vertex 12.5226 78.9726 0
    endloop
  endfacet
  facet normal 0 0 -1
    outer loop
      vertex 4.5 86 0
      vertex 12.5226 78.9726 0
      vertex 12 79 0
    endloop
  endfacet
  facet normal 0 0 -1
    outer loop
      vertex 4.5 86 0
      vertex 12 79 0
      vertex 11.4774 78.9726 0
    endloop
  endfacet
  facet normal 0 0 -1
    outer loop
      vertex 4.5 86 0
      vertex 11.4774 78.9726 0
      vertex 10.9604 78.8907 0
    endloop
  endfacet
  facet normal 0 0 -1
    outer loop
      vertex 4.5 86 0
      vertex 10.9604 78.8907 0
      vertex 10.4549 78.7553 0
    endloop
  endfacet
  facet normal 0 0 -1
    outer loop
      vertex 13.5451 78.7553 0
      vertex 4.5 86 0
      vertex 32 86 0
    endloop
  endfacet
  facet normal 0 0 -1
    outer loop
      vertex 9.96632 78.5677 0
      vertex 4.5 86 0
      vertex 10.4549 78.7553 0
    endloop
  endfacet
  facet normal 0 0 -1
    outer loop
      vertex 9.5 78.3301 0
      vertex 4.5 86 0
      vertex 9.96632 78.5677 0
    endloop
  endfacet
  facet normal 0 0 -1
    outer loop
      vertex 9.06107 78.0451 0
      vertex 4.5 86 0
      vertex 9.5 78.3301 0
    endloop
  endfacet
  facet normal 0 0 -1
    outer loop
      vertex 8.65435 77.7157 0
      vertex 4.5 86 0
      vertex 9.06107 78.0451 0
    endloop
  endfacet
  facet normal 0 0 -1
    outer loop
      vertex 8.28428 77.3456 0
      vertex 4.5 86 0
      vertex 8.65435 77.7157 0
    endloop
  endfacet
  facet normal 0 0 -1
    outer loop
      vertex 0 81.5 0
      vertex 8.28428 77.3456 0
      vertex 7.95491 76.9389 0
    endloop
  endfacet
  facet normal 0 0 -1
    outer loop
      vertex 0 81.5 0
      vertex 7.95491 76.9389 0
      vertex 7.66987 76.5 0
    endloop
  endfacet
  facet normal 0 0 -1
    outer loop
      vertex 0 81.5 0
      vertex 7.66987 76.5 0
      vertex 7.43227 76.0337 0
    endloop
  endfacet
  facet normal 0 0 -1
    outer loop
      vertex 0 81.5 0
      vertex 7.43227 76.0337 0
      vertex 7.24472 75.5451 0
    endloop
  endfacet
  facet normal 0 0 -1
    outer loop
      vertex 0 81.5 0
      vertex 7.24472 75.5451 0
      vertex 7.10926 75.0396 0
    endloop
  endfacet
  facet normal 0 0 -1
    outer loop
      vertex 0 81.5 0
      vertex 7.10926 75.0396 0
      vertex 7.02739 74.5226 0
    endloop
  endfacet
  facet normal 0 0 -1
    outer loop
      vertex 0 81.5 0
      vertex 7.02739 74.5226 0
      vertex 7 74 0
    endloop
  endfacet
  facet normal 0 0 -1
    outer loop
      vertex 7.10926 72.9604 0
      vertex 0 81.5 0
      vertex 7.02739 73.4774 0
    endloop
  endfacet
  facet normal 0 0 -1
    outer loop
      vertex 0 4.5 0
      vertex 4.5 0 0
      vertex 4.02962 0.0246506 0
    endloop
  endfacet
  facet normal 0 0 -1
    outer loop
      vertex 7.02739 73.4774 0
      vertex 0 81.5 0
      vertex 7 74 0
    endloop
  endfacet
  facet normal 0 0 -1
    outer loop
      vertex 0 4.5 0
      vertex 4.02962 0.0246506 0
      vertex 3.5644 0.0983353 0
    endloop
  endfacet
  facet normal 0 0 -1
    outer loop
      vertex 8.28428 77.3456 0
      vertex 0 81.5 0
      vertex 4.5 86 0
    endloop
  endfacet
  facet normal 0 0 -1
    outer loop
      vertex 0 4.5 0
      vertex 3.5644 0.0983353 0
      vertex 3.10942 0.220245 0
    endloop
  endfacet
  facet normal 0 0 -1
    outer loop
      vertex 4.5 86 0
      vertex 0 81.5 0
      vertex 4.02962 85.9753 0
    endloop
  endfacet
  facet normal 0 0 -1
    outer loop
      vertex 0 4.5 0
      vertex 3.10942 0.220245 0
      vertex 2.66968 0.389045 0
    endloop
  endfacet
  facet normal 0 0 -1
    outer loop
      vertex 4.02962 85.9753 0
      vertex 0 81.5 0
      vertex 3.5644 85.9017 0
    endloop
  endfacet
  facet normal 0 0 -1
    outer loop
      vertex 0 4.5 0
      vertex 2.66968 0.389045 0
      vertex 2.25 0.602885 0
    endloop
  endfacet
  facet normal 0 0 -1
    outer loop
      vertex 3.5644 85.9017 0
      vertex 0 81.5 0
      vertex 3.10942 85.7798 0
    endloop
  endfacet
  facet normal 0 0 -1
    outer loop
      vertex 0 4.5 0
      vertex 2.25 0.602885 0
      vertex 1.85497 0.859423 0
    endloop
  endfacet
  facet normal 0 0 -1
    outer loop
      vertex 3.10942 85.7798 0
      vertex 0 81.5 0
      vertex 2.66968 85.611 0
    endloop
  endfacet
  facet normal 0 0 -1
    outer loop
      vertex 0 4.5 0
      vertex 1.85497 0.859423 0
      vertex 1.48891 1.15585 0
    endloop
  endfacet
  facet normal 0 0 -1
    outer loop
      vertex 2.66968 85.611 0
      vertex 0 81.5 0
      vertex 2.25 85.3971 0
    endloop
  endfacet
  facet normal 0 0 -1
    outer loop
      vertex 0 4.5 0
      vertex 1.48891 1.15585 0
      vertex 1.15585 1.48891 0
    endloop
  endfacet
  facet normal 0 0 -1
    outer loop
      vertex 2.25 85.3971 0
      vertex 0 81.5 0
      vertex 1.85497 85.1406 0
    endloop
  endfacet
  facet normal 0 0 -1
    outer loop
      vertex 0 4.5 0
      vertex 1.15585 1.48891 0
      vertex 0.859423 1.85497 0
    endloop
  endfacet
  facet normal 0 0 -1
    outer loop
      vertex 1.85497 85.1406 0
      vertex 0 81.5 0
      vertex 1.48891 84.8442 0
    endloop
  endfacet
  facet normal 0 0 -1
    outer loop
      vertex 0 4.5 0
      vertex 0.859423 1.85497 0
      vertex 0.602885 2.25 0
    endloop
  endfacet
  facet normal 0 0 -1
    outer loop
      vertex 1.48891 84.8442 0
      vertex 0 81.5 0
      vertex 1.15585 84.5111 0
    endloop
  endfacet
  facet normal 0 0 -1
    outer loop
      vertex 0 4.5 0
      vertex 0.602885 2.25 0
      vertex 0.389045 2.66968 0
    endloop
  endfacet
  facet normal 0 0 -1
    outer loop
      vertex 1.15585 84.5111 0
      vertex 0 81.5 0
      vertex 0.859423 84.145 0
    endloop
  endfacet
  facet normal 0 0 -1
    outer loop
      vertex 0 4.5 0
      vertex 0.389045 2.66968 0
      vertex 0.220245 3.10942 0
    endloop
  endfacet
  facet normal 0 0 -1
    outer loop
      vertex 0.859423 84.145 0
      vertex 0 81.5 0
      vertex 0.602885 83.75 0
    endloop
  endfacet
  facet normal 0 0 -1
    outer loop
      vertex 0 4.5 0
      vertex 0.220245 3.10942 0
      vertex 0.0983353 3.5644 0
    endloop
  endfacet
  facet normal 0 0 -1
    outer loop
      vertex 0.602885 83.75 0
      vertex 0 81.5 0
      vertex 0.389045 83.3303 0
    endloop
  endfacet
  facet normal 0 0 -1
    outer loop
      vertex 0 4.5 0
      vertex 0.0983353 3.5644 0
      vertex 0.0246506 4.02962 0
    endloop
  endfacet
  facet normal 0 0 -1
    outer loop
      vertex 0.389045 83.3303 0
      vertex 0 81.5 0
      vertex 0.220245 82.8906 0
    endloop
  endfacet
  facet normal 0 0 -1
    outer loop
      vertex 0.220245 82.8906 0
      vertex 0 81.5 0
      vertex 0.0983353 82.4356 0
    endloop
  endfacet
  facet normal 0 0 -1
    outer loop
      vertex 0.0983353 82.4356 0
      vertex 0 81.5 0
      vertex 0.0246506 81.9704 0
    endloop
  endfacet
  facet normal 0.0523317 -0.99863 0
    outer loop
      vertex 71.5 0 0
      vertex 71.9704 0.0246506 2
      vertex 71.5 0 2
    endloop
  endfacet
  facet normal 0.0523317 -0.99863 0
    outer loop
      vertex 71.9704 0.0246506 2
      vertex 71.5 0 0
      vertex 71.9704 0.0246506 0
    endloop
  endfacet
  facet normal -0.156261 0.987716 0
    outer loop
      vertex 4.02962 85.9753 0
      vertex 3.5644 85.9017 2
      vertex 4.02962 85.9753 2
    endloop
  endfacet
  facet normal -0.156261 0.987716 0
    outer loop
      vertex 3.5644 85.9017 2
      vertex 4.02962 85.9753 0
      vertex 3.5644 85.9017 0
    endloop
  endfacet
  facet normal -0.891004 -0.453994 0
    outer loop
      vertex 0.602885 2.25 0
      vertex 0.389045 2.66968 2
      vertex 0.389045 2.66968 0
    endloop
  endfacet
  facet normal -0.891004 -0.453994 0
    outer loop
      vertex 0.389045 2.66968 2
      vertex 0.602885 2.25 0
      vertex 0.602885 2.25 2
    endloop
  endfacet
  facet normal -0.544586 0.838705 0
    outer loop
      vertex 2.25 85.3971 0
      vertex 1.85497 85.1406 2
      vertex 2.25 85.3971 2
    endloop
  endfacet
  facet normal -0.544586 0.838705 0
    outer loop
      vertex 1.85497 85.1406 2
      vertex 2.25 85.3971 0
      vertex 1.85497 85.1406 0
    endloop
  endfacet
  facet normal 0.965935 0.258786 0
    outer loop
      vertex 75.9017 82.4356 2
      vertex 75.7798 82.8906 0
      vertex 75.7798 82.8906 2
    endloop
  endfacet
  facet normal 0.965935 0.258786 0
    outer loop
      vertex 75.7798 82.8906 0
      vertex 75.9017 82.4356 2
      vertex 75.9017 82.4356 0
    endloop
  endfacet
  facet normal 0.707064 -0.707149 0
    outer loop
      vertex 74.5111 1.15585 0
      vertex 74.8442 1.48891 2
      vertex 74.5111 1.15585 2
    endloop
  endfacet
  facet normal 0.707064 -0.707149 0
    outer loop
      vertex 74.8442 1.48891 2
      vertex 74.5111 1.15585 0
      vertex 74.8442 1.48891 0
    endloop
  endfacet
  facet normal -0.358367 -0.933581 0
    outer loop
      vertex 2.66968 0.389045 0
      vertex 3.10942 0.220245 2
      vertex 2.66968 0.389045 2
    endloop
  endfacet
  facet normal -0.358367 -0.933581 -0
    outer loop
      vertex 3.10942 0.220245 2
      vertex 2.66968 0.389045 0
      vertex 3.10942 0.220245 0
    endloop
  endfacet
  facet normal 0.629241 0.77721 -0
    outer loop
      vertex 74.5111 84.8442 0
      vertex 74.145 85.1406 2
      vertex 74.5111 84.8442 2
    endloop
  endfacet
  facet normal 0.629241 0.77721 0
    outer loop
      vertex 74.145 85.1406 2
      vertex 74.5111 84.8442 0
      vertex 74.145 85.1406 0
    endloop
  endfacet
  facet normal 0.258786 0.965935 -0
    outer loop
      vertex 72.8906 85.7798 0
      vertex 72.4356 85.9017 2
      vertex 72.8906 85.7798 2
    endloop
  endfacet
  facet normal 0.258786 0.965935 0
    outer loop
      vertex 72.4356 85.9017 2
      vertex 72.8906 85.7798 0
      vertex 72.4356 85.9017 0
    endloop
  endfacet
  facet normal 0.777177 -0.629283 0
    outer loop
      vertex 74.8442 1.48891 2
      vertex 75.1406 1.85497 0
      vertex 75.1406 1.85497 2
    endloop
  endfacet
  facet normal 0.777177 -0.629283 0
    outer loop
      vertex 75.1406 1.85497 0
      vertex 74.8442 1.48891 2
      vertex 74.8442 1.48891 0
    endloop
  endfacet
  facet normal 0.890953 -0.454096 0
    outer loop
      vertex 75.3971 2.25 2
      vertex 75.611 2.66968 0
      vertex 75.611 2.66968 2
    endloop
  endfacet
  facet normal 0.890953 -0.454096 0
    outer loop
      vertex 75.611 2.66968 0
      vertex 75.3971 2.25 2
      vertex 75.3971 2.25 0
    endloop
  endfacet
  facet normal 0.629276 -0.777182 0
    outer loop
      vertex 74.145 0.859423 0
      vertex 74.5111 1.15585 2
      vertex 74.145 0.859423 2
    endloop
  endfacet
  facet normal 0.629276 -0.777182 0
    outer loop
      vertex 74.5111 1.15585 2
      vertex 74.145 0.859423 0
      vertex 74.5111 1.15585 0
    endloop
  endfacet
  facet normal -0.544643 -0.838668 0
    outer loop
      vertex 1.85497 0.859423 0
      vertex 2.25 0.602885 2
      vertex 1.85497 0.859423 2
    endloop
  endfacet
  facet normal -0.544643 -0.838668 -0
    outer loop
      vertex 2.25 0.602885 2
      vertex 1.85497 0.859423 0
      vertex 2.25 0.602885 0
    endloop
  endfacet
  facet normal -0.777182 0.629276 0
    outer loop
      vertex 0.859423 84.145 0
      vertex 1.15585 84.5111 2
      vertex 1.15585 84.5111 0
    endloop
  endfacet
  facet normal -0.777182 0.629276 0
    outer loop
      vertex 1.15585 84.5111 2
      vertex 0.859423 84.145 0
      vertex 0.859423 84.145 2
    endloop
  endfacet
  facet normal 0.156268 0.987715 -0
    outer loop
      vertex 72.4356 85.9017 0
      vertex 71.9704 85.9753 2
      vertex 72.4356 85.9017 2
    endloop
  endfacet
  facet normal 0.156268 0.987715 0
    outer loop
      vertex 71.9704 85.9753 2
      vertex 72.4356 85.9017 0
      vertex 71.9704 85.9753 0
    endloop
  endfacet
  facet normal -0.156437 -0.987688 0
    outer loop
      vertex 3.5644 0.0983353 0
      vertex 4.02962 0.0246506 2
      vertex 3.5644 0.0983353 2
    endloop
  endfacet
  facet normal -0.156437 -0.987688 -0
    outer loop
      vertex 4.02962 0.0246506 2
      vertex 3.5644 0.0983353 0
      vertex 4.02962 0.0246506 0
    endloop
  endfacet
  facet normal -0.258815 -0.965927 0
    outer loop
      vertex 3.10942 0.220245 0
      vertex 3.5644 0.0983353 2
      vertex 3.10942 0.220245 2
    endloop
  endfacet
  facet normal -0.258815 -0.965927 -0
    outer loop
      vertex 3.5644 0.0983353 2
      vertex 3.10942 0.220245 0
      vertex 3.5644 0.0983353 0
    endloop
  endfacet
  facet normal 0 0 1
    outer loop
      vertex 62.0912 16.6672 2
      vertex 62.0912 16.3328 2
      vertex 62.1 16.5 2
    endloop
  endfacet
  facet normal 0 0 1
    outer loop
      vertex 62.065 16.8327 2
      vertex 62.0912 16.3328 2
      vertex 62.0912 16.6672 2
    endloop
  endfacet
  facet normal 0 0 1
    outer loop
      vertex 62.065 16.8327 2
      vertex 62.065 16.1673 2
      vertex 62.0912 16.3328 2
    endloop
  endfacet
  facet normal 0 0 1
    outer loop
      vertex 62.0217 16.9944 2
      vertex 62.065 16.1673 2
      vertex 62.065 16.8327 2
    endloop
  endfacet
  facet normal 0 0 1
    outer loop
      vertex 62.0217 16.9944 2
      vertex 62.0217 16.0056 2
      vertex 62.065 16.1673 2
    endloop
  endfacet
  facet normal 0 0 1
    outer loop
      vertex 61.9617 17.1508 2
      vertex 62.0217 16.0056 2
      vertex 62.0217 16.9944 2
    endloop
  endfacet
  facet normal 0 0 1
    outer loop
      vertex 61.9617 17.1508 2
      vertex 61.9617 15.8492 2
      vertex 62.0217 16.0056 2
    endloop
  endfacet
  facet normal 0 0 1
    outer loop
      vertex 61.8856 17.3 2
      vertex 61.9617 15.8492 2
      vertex 61.9617 17.1508 2
    endloop
  endfacet
  facet normal 0 0 1
    outer loop
      vertex 61.8856 17.3 2
      vertex 61.8856 15.7 2
      vertex 61.9617 15.8492 2
    endloop
  endfacet
  facet normal 0 0 1
    outer loop
      vertex 61.7944 17.4405 2
      vertex 61.8856 15.7 2
      vertex 61.8856 17.3 2
    endloop
  endfacet
  facet normal 0 0 1
    outer loop
      vertex 61.7944 17.4405 2
      vertex 61.7944 15.5595 2
      vertex 61.8856 15.7 2
    endloop
  endfacet
  facet normal 0 0 1
    outer loop
      vertex 61.689 17.5706 2
      vertex 61.7944 15.5595 2
      vertex 61.7944 17.4405 2
    endloop
  endfacet
  facet normal 0 0 1
    outer loop
      vertex 61.689 17.5706 2
      vertex 61.689 15.4294 2
      vertex 61.7944 15.5595 2
    endloop
  endfacet
  facet normal 0 0 1
    outer loop
      vertex 61.5706 17.689 2
      vertex 61.689 15.4294 2
      vertex 61.689 17.5706 2
    endloop
  endfacet
  facet normal 0 0 1
    outer loop
      vertex 61.5706 17.689 2
      vertex 61.5706 15.311 2
      vertex 61.689 15.4294 2
    endloop
  endfacet
  facet normal 0 0 1
    outer loop
      vertex 61.4405 17.7944 2
      vertex 61.5706 15.311 2
      vertex 61.5706 17.689 2
    endloop
  endfacet
  facet normal 0 0 1
    outer loop
      vertex 61.4405 17.7944 2
      vertex 61.4405 15.2056 2
      vertex 61.5706 15.311 2
    endloop
  endfacet
  facet normal 0 0 1
    outer loop
      vertex 61.3 17.8856 2
      vertex 61.4405 15.2056 2
      vertex 61.4405 17.7944 2
    endloop
  endfacet
  facet normal 0 0 1
    outer loop
      vertex 61.3 17.8856 2
      vertex 61.3 15.1144 2
      vertex 61.4405 15.2056 2
    endloop
  endfacet
  facet normal 0 0 1
    outer loop
      vertex 61.1508 17.9617 2
      vertex 61.3 15.1144 2
      vertex 61.3 17.8856 2
    endloop
  endfacet
  facet normal 0 0 1
    outer loop
      vertex 61.1508 17.9617 2
      vertex 61.1508 15.0383 2
      vertex 61.3 15.1144 2
    endloop
  endfacet
  facet normal 0 0 1
    outer loop
      vertex 60.9944 18.0217 2
      vertex 61.1508 15.0383 2
      vertex 61.1508 17.9617 2
    endloop
  endfacet
  facet normal 0 0 1
    outer loop
      vertex 60.9944 18.0217 2
      vertex 60.9944 14.9783 2
      vertex 61.1508 15.0383 2
    endloop
  endfacet
  facet normal 0 0 1
    outer loop
      vertex 60.8327 18.065 2
      vertex 60.9944 14.9783 2
      vertex 60.9944 18.0217 2
    endloop
  endfacet
  facet normal 0 0 1
    outer loop
      vertex 60.8327 18.065 2
      vertex 60.8327 14.935 2
      vertex 60.9944 14.9783 2
    endloop
  endfacet
  facet normal 0 0 1
    outer loop
      vertex 60.6672 18.0912 2
      vertex 60.8327 14.935 2
      vertex 60.8327 18.065 2
    endloop
  endfacet
  facet normal 0 0 1
    outer loop
      vertex 60.6672 18.0912 2
      vertex 60.6672 14.9088 2
      vertex 60.8327 14.935 2
    endloop
  endfacet
  facet normal 0 0 1
    outer loop
      vertex 60.5 18.1 2
      vertex 60.6672 14.9088 2
      vertex 60.6672 18.0912 2
    endloop
  endfacet
  facet normal 0 0 1
    outer loop
      vertex 60.5 18.1 2
      vertex 60.5 14.9 2
      vertex 60.6672 14.9088 2
    endloop
  endfacet
  facet normal -0 0 1
    outer loop
      vertex 60.3328 18.0912 2
      vertex 60.5 14.9 2
      vertex 60.5 18.1 2
    endloop
  endfacet
  facet normal 0 0 1
    outer loop
      vertex 60.3328 18.0912 2
      vertex 60.3328 14.9088 2
      vertex 60.5 14.9 2
    endloop
  endfacet
  facet normal -0 0 1
    outer loop
      vertex 60.1673 18.065 2
      vertex 60.3328 14.9088 2
      vertex 60.3328 18.0912 2
    endloop
  endfacet
  facet normal 0 0 1
    outer loop
      vertex 60.1673 18.065 2
      vertex 60.1673 14.935 2
      vertex 60.3328 14.9088 2
    endloop
  endfacet
  facet normal -0 0 1
    outer loop
      vertex 60.0056 18.0217 2
      vertex 60.1673 14.935 2
      vertex 60.1673 18.065 2
    endloop
  endfacet
  facet normal 0 0 1
    outer loop
      vertex 60.0056 18.0217 2
      vertex 60.0056 14.9783 2
      vertex 60.1673 14.935 2
    endloop
  endfacet
  facet normal -0 0 1
    outer loop
      vertex 59.8492 17.9617 2
      vertex 60.0056 14.9783 2
      vertex 60.0056 18.0217 2
    endloop
  endfacet
  facet normal 0 0 1
    outer loop
      vertex 59.8492 17.9617 2
      vertex 59.8492 15.0383 2
      vertex 60.0056 14.9783 2
    endloop
  endfacet
  facet normal -0 0 1
    outer loop
      vertex 59.7 17.8856 2
      vertex 59.8492 15.0383 2
      vertex 59.8492 17.9617 2
    endloop
  endfacet
  facet normal 0 0 1
    outer loop
      vertex 59.7 17.8856 2
      vertex 59.7 15.1144 2
      vertex 59.8492 15.0383 2
    endloop
  endfacet
  facet normal -0 0 1
    outer loop
      vertex 59.5595 17.7944 2
      vertex 59.7 15.1144 2
      vertex 59.7 17.8856 2
    endloop
  endfacet
  facet normal 0 0 1
    outer loop
      vertex 59.5595 17.7944 2
      vertex 59.5595 15.2056 2
      vertex 59.7 15.1144 2
    endloop
  endfacet
  facet normal -0 0 1
    outer loop
      vertex 59.4294 17.689 2
      vertex 59.5595 15.2056 2
      vertex 59.5595 17.7944 2
    endloop
  endfacet
  facet normal 0 0 1
    outer loop
      vertex 59.4294 17.689 2
      vertex 59.4294 15.311 2
      vertex 59.5595 15.2056 2
    endloop
  endfacet
  facet normal -0 0 1
    outer loop
      vertex 59.311 17.5706 2
      vertex 59.4294 15.311 2
      vertex 59.4294 17.689 2
    endloop
  endfacet
  facet normal 0 0 1
    outer loop
      vertex 59.311 17.5706 2
      vertex 59.311 15.4294 2
      vertex 59.4294 15.311 2
    endloop
  endfacet
  facet normal -0 0 1
    outer loop
      vertex 59.2056 17.4405 2
      vertex 59.311 15.4294 2
      vertex 59.311 17.5706 2
    endloop
  endfacet
  facet normal 0 0 1
    outer loop
      vertex 59.2056 17.4405 2
      vertex 59.2056 15.5595 2
      vertex 59.311 15.4294 2
    endloop
  endfacet
  facet normal -0 0 1
    outer loop
      vertex 59.1144 17.3 2
      vertex 59.2056 15.5595 2
      vertex 59.2056 17.4405 2
    endloop
  endfacet
  facet normal 0 0 1
    outer loop
      vertex 59.1144 17.3 2
      vertex 59.1144 15.7 2
      vertex 59.2056 15.5595 2
    endloop
  endfacet
  facet normal -0 0 1
    outer loop
      vertex 59.0383 17.1508 2
      vertex 59.1144 15.7 2
      vertex 59.1144 17.3 2
    endloop
  endfacet
  facet normal 0 0 1
    outer loop
      vertex 59.0383 17.1508 2
      vertex 59.0383 15.8492 2
      vertex 59.1144 15.7 2
    endloop
  endfacet
  facet normal -0 0 1
    outer loop
      vertex 58.9783 16.9944 2
      vertex 59.0383 15.8492 2
      vertex 59.0383 17.1508 2
    endloop
  endfacet
  facet normal 0 0 1
    outer loop
      vertex 58.9783 16.9944 2
      vertex 58.9783 16.0056 2
      vertex 59.0383 15.8492 2
    endloop
  endfacet
  facet normal -0 0 1
    outer loop
      vertex 58.935 16.8327 2
      vertex 58.9783 16.0056 2
      vertex 58.9783 16.9944 2
    endloop
  endfacet
  facet normal 0 0 1
    outer loop
      vertex 58.935 16.8327 2
      vertex 58.935 16.1673 2
      vertex 58.9783 16.0056 2
    endloop
  endfacet
  facet normal -0 0 1
    outer loop
      vertex 58.9088 16.6672 2
      vertex 58.935 16.1673 2
      vertex 58.935 16.8327 2
    endloop
  endfacet
  facet normal 0 0 1
    outer loop
      vertex 58.9088 16.6672 2
      vertex 58.9088 16.3328 2
      vertex 58.935 16.1673 2
    endloop
  endfacet
  facet normal 0 -0 1
    outer loop
      vertex 58.9088 16.3328 2
      vertex 58.9088 16.6672 2
      vertex 58.9 16.5 2
    endloop
  endfacet
  facet normal 0 0 1
    outer loop
      vertex 17.0912 16.6672 2
      vertex 17.0912 16.3328 2
      vertex 17.1 16.5 2
    endloop
  endfacet
  facet normal 0 0 1
    outer loop
      vertex 17.065 16.8327 2
      vertex 17.0912 16.3328 2
      vertex 17.0912 16.6672 2
    endloop
  endfacet
  facet normal 0 0 1
    outer loop
      vertex 17.065 16.8327 2
      vertex 17.065 16.1673 2
      vertex 17.0912 16.3328 2
    endloop
  endfacet
  facet normal 0 0 1
    outer loop
      vertex 17.0217 16.9944 2
      vertex 17.065 16.1673 2
      vertex 17.065 16.8327 2
    endloop
  endfacet
  facet normal 0 0 1
    outer loop
      vertex 17.0217 16.9944 2
      vertex 17.0217 16.0056 2
      vertex 17.065 16.1673 2
    endloop
  endfacet
  facet normal 0 0 1
    outer loop
      vertex 16.9617 17.1508 2
      vertex 17.0217 16.0056 2
      vertex 17.0217 16.9944 2
    endloop
  endfacet
  facet normal 0 0 1
    outer loop
      vertex 16.9617 17.1508 2
      vertex 16.9617 15.8492 2
      vertex 17.0217 16.0056 2
    endloop
  endfacet
  facet normal 0 0 1
    outer loop
      vertex 16.8856 17.3 2
      vertex 16.9617 15.8492 2
      vertex 16.9617 17.1508 2
    endloop
  endfacet
  facet normal 0 0 1
    outer loop
      vertex 16.8856 17.3 2
      vertex 16.8856 15.7 2
      vertex 16.9617 15.8492 2
    endloop
  endfacet
  facet normal 0 0 1
    outer loop
      vertex 16.7944 17.4405 2
      vertex 16.8856 15.7 2
      vertex 16.8856 17.3 2
    endloop
  endfacet
  facet normal 0 0 1
    outer loop
      vertex 16.7944 17.4405 2
      vertex 16.7944 15.5595 2
      vertex 16.8856 15.7 2
    endloop
  endfacet
  facet normal 0 0 1
    outer loop
      vertex 16.689 17.5706 2
      vertex 16.7944 15.5595 2
      vertex 16.7944 17.4405 2
    endloop
  endfacet
  facet normal 0 0 1
    outer loop
      vertex 16.689 17.5706 2
      vertex 16.689 15.4294 2
      vertex 16.7944 15.5595 2
    endloop
  endfacet
  facet normal 0 0 1
    outer loop
      vertex 16.5706 17.689 2
      vertex 16.689 15.4294 2
      vertex 16.689 17.5706 2
    endloop
  endfacet
  facet normal 0 0 1
    outer loop
      vertex 16.5706 17.689 2
      vertex 16.5706 15.311 2
      vertex 16.689 15.4294 2
    endloop
  endfacet
  facet normal 0 0 1
    outer loop
      vertex 16.4405 17.7944 2
      vertex 16.5706 15.311 2
      vertex 16.5706 17.689 2
    endloop
  endfacet
  facet normal 0 0 1
    outer loop
      vertex 16.4405 17.7944 2
      vertex 16.4405 15.2056 2
      vertex 16.5706 15.311 2
    endloop
  endfacet
  facet normal 0 0 1
    outer loop
      vertex 16.3 17.8856 2
      vertex 16.4405 15.2056 2
      vertex 16.4405 17.7944 2
    endloop
  endfacet
  facet normal 0 0 1
    outer loop
      vertex 16.3 17.8856 2
      vertex 16.3 15.1144 2
      vertex 16.4405 15.2056 2
    endloop
  endfacet
  facet normal 0 0 1
    outer loop
      vertex 16.1508 17.9617 2
      vertex 16.3 15.1144 2
      vertex 16.3 17.8856 2
    endloop
  endfacet
  facet normal 0 0 1
    outer loop
      vertex 16.1508 17.9617 2
      vertex 16.1508 15.0383 2
      vertex 16.3 15.1144 2
    endloop
  endfacet
  facet normal 0 0 1
    outer loop
      vertex 15.9944 18.0217 2
      vertex 16.1508 15.0383 2
      vertex 16.1508 17.9617 2
    endloop
  endfacet
  facet normal 0 0 1
    outer loop
      vertex 15.9944 18.0217 2
      vertex 15.9944 14.9783 2
      vertex 16.1508 15.0383 2
    endloop
  endfacet
  facet normal 0 0 1
    outer loop
      vertex 15.8327 18.065 2
      vertex 15.9944 14.9783 2
      vertex 15.9944 18.0217 2
    endloop
  endfacet
  facet normal 0 0 1
    outer loop
      vertex 15.8327 18.065 2
      vertex 15.8327 14.935 2
      vertex 15.9944 14.9783 2
    endloop
  endfacet
  facet normal 0 0 1
    outer loop
      vertex 15.6672 18.0912 2
      vertex 15.8327 14.935 2
      vertex 15.8327 18.065 2
    endloop
  endfacet
  facet normal 0 0 1
    outer loop
      vertex 15.6672 18.0912 2
      vertex 15.6672 14.9088 2
      vertex 15.8327 14.935 2
    endloop
  endfacet
  facet normal 0 0 1
    outer loop
      vertex 15.5 18.1 2
      vertex 15.6672 14.9088 2
      vertex 15.6672 18.0912 2
    endloop
  endfacet
  facet normal 0 0 1
    outer loop
      vertex 15.5 18.1 2
      vertex 15.5 14.9 2
      vertex 15.6672 14.9088 2
    endloop
  endfacet
  facet normal -0 0 1
    outer loop
      vertex 15.3328 18.0912 2
      vertex 15.5 14.9 2
      vertex 15.5 18.1 2
    endloop
  endfacet
  facet normal 0 0 1
    outer loop
      vertex 15.3328 18.0912 2
      vertex 15.3328 14.9088 2
      vertex 15.5 14.9 2
    endloop
  endfacet
  facet normal -0 0 1
    outer loop
      vertex 15.1673 18.065 2
      vertex 15.3328 14.9088 2
      vertex 15.3328 18.0912 2
    endloop
  endfacet
  facet normal 0 0 1
    outer loop
      vertex 15.1673 18.065 2
      vertex 15.1673 14.935 2
      vertex 15.3328 14.9088 2
    endloop
  endfacet
  facet normal -0 0 1
    outer loop
      vertex 15.0056 18.0217 2
      vertex 15.1673 14.935 2
      vertex 15.1673 18.065 2
    endloop
  endfacet
  facet normal 0 0 1
    outer loop
      vertex 15.0056 18.0217 2
      vertex 15.0056 14.9783 2
      vertex 15.1673 14.935 2
    endloop
  endfacet
  facet normal -0 0 1
    outer loop
      vertex 14.8492 17.9617 2
      vertex 15.0056 14.9783 2
      vertex 15.0056 18.0217 2
    endloop
  endfacet
  facet normal 0 0 1
    outer loop
      vertex 14.8492 17.9617 2
      vertex 14.8492 15.0383 2
      vertex 15.0056 14.9783 2
    endloop
  endfacet
  facet normal -0 0 1
    outer loop
      vertex 14.7 17.8856 2
      vertex 14.8492 15.0383 2
      vertex 14.8492 17.9617 2
    endloop
  endfacet
  facet normal 0 0 1
    outer loop
      vertex 14.7 17.8856 2
      vertex 14.7 15.1144 2
      vertex 14.8492 15.0383 2
    endloop
  endfacet
  facet normal -0 0 1
    outer loop
      vertex 14.5595 17.7944 2
      vertex 14.7 15.1144 2
      vertex 14.7 17.8856 2
    endloop
  endfacet
  facet normal 0 0 1
    outer loop
      vertex 14.5595 17.7944 2
      vertex 14.5595 15.2056 2
      vertex 14.7 15.1144 2
    endloop
  endfacet
  facet normal -0 0 1
    outer loop
      vertex 14.4294 17.689 2
      vertex 14.5595 15.2056 2
      vertex 14.5595 17.7944 2
    endloop
  endfacet
  facet normal 0 0 1
    outer loop
      vertex 14.4294 17.689 2
      vertex 14.4294 15.311 2
      vertex 14.5595 15.2056 2
    endloop
  endfacet
  facet normal -0 0 1
    outer loop
      vertex 14.311 17.5706 2
      vertex 14.4294 15.311 2
      vertex 14.4294 17.689 2
    endloop
  endfacet
  facet normal 0 0 1
    outer loop
      vertex 14.311 17.5706 2
      vertex 14.311 15.4294 2
      vertex 14.4294 15.311 2
    endloop
  endfacet
  facet normal -0 0 1
    outer loop
      vertex 14.2056 17.4405 2
      vertex 14.311 15.4294 2
      vertex 14.311 17.5706 2
    endloop
  endfacet
  facet normal 0 0 1
    outer loop
      vertex 14.2056 17.4405 2
      vertex 14.2056 15.5595 2
      vertex 14.311 15.4294 2
    endloop
  endfacet
  facet normal -0 0 1
    outer loop
      vertex 14.1144 17.3 2
      vertex 14.2056 15.5595 2
      vertex 14.2056 17.4405 2
    endloop
  endfacet
  facet normal 0 0 1
    outer loop
      vertex 14.1144 17.3 2
      vertex 14.1144 15.7 2
      vertex 14.2056 15.5595 2
    endloop
  endfacet
  facet normal -0 0 1
    outer loop
      vertex 14.0383 17.1508 2
      vertex 14.1144 15.7 2
      vertex 14.1144 17.3 2
    endloop
  endfacet
  facet normal 0 0 1
    outer loop
      vertex 14.0383 17.1508 2
      vertex 14.0383 15.8492 2
      vertex 14.1144 15.7 2
    endloop
  endfacet
  facet normal -0 0 1
    outer loop
      vertex 13.9783 16.9944 2
      vertex 14.0383 15.8492 2
      vertex 14.0383 17.1508 2
    endloop
  endfacet
  facet normal 0 0 1
    outer loop
      vertex 13.9783 16.9944 2
      vertex 13.9783 16.0056 2
      vertex 14.0383 15.8492 2
    endloop
  endfacet
  facet normal -0 0 1
    outer loop
      vertex 13.935 16.8327 2
      vertex 13.9783 16.0056 2
      vertex 13.9783 16.9944 2
    endloop
  endfacet
  facet normal 0 0 1
    outer loop
      vertex 13.935 16.8327 2
      vertex 13.935 16.1673 2
      vertex 13.9783 16.0056 2
    endloop
  endfacet
  facet normal -0 0 1
    outer loop
      vertex 13.9088 16.6672 2
      vertex 13.935 16.1673 2
      vertex 13.935 16.8327 2
    endloop
  endfacet
  facet normal 0 0 1
    outer loop
      vertex 13.9088 16.6672 2
      vertex 13.9088 16.3328 2
      vertex 13.935 16.1673 2
    endloop
  endfacet
  facet normal 0 -0 1
    outer loop
      vertex 13.9088 16.3328 2
      vertex 13.9088 16.6672 2
      vertex 13.9 16.5 2
    endloop
  endfacet
  facet normal -0 0 1
    outer loop
      vertex 2.4 12.5 2
      vertex 3.8 11.5 2
      vertex 3.8 12.5 2
    endloop
  endfacet
  facet normal 0 0 1
    outer loop
      vertex 3.8 11.5 2
      vertex 2.4 12.5 2
      vertex 2.4 11.5 2
    endloop
  endfacet
  facet normal -0 0 1
    outer loop
      vertex 2.4 22.5 2
      vertex 3.8 21.5 2
      vertex 3.8 22.5 2
    endloop
  endfacet
  facet normal 0 0 1
    outer loop
      vertex 3.8 21.5 2
      vertex 2.4 22.5 2
      vertex 2.4 21.5 2
    endloop
  endfacet
  facet normal -0 0 1
    outer loop
      vertex 2.4 70.5 2
      vertex 3.8 69.5 2
      vertex 3.8 70.5 2
    endloop
  endfacet
  facet normal 0 0 1
    outer loop
      vertex 3.8 69.5 2
      vertex 2.4 70.5 2
      vertex 2.4 69.5 2
    endloop
  endfacet
  facet normal -0 0 1
    outer loop
      vertex 2.4 80.5 2
      vertex 3.8 79.5 2
      vertex 3.8 80.5 2
    endloop
  endfacet
  facet normal 0 0 1
    outer loop
      vertex 3.8 79.5 2
      vertex 2.4 80.5 2
      vertex 2.4 79.5 2
    endloop
  endfacet
  facet normal 0 0 1
    outer loop
      vertex 32.5 3.8 2
      vertex 17.9863 16.7613 2
      vertex 18 16.5 2
    endloop
  endfacet
  facet normal 0 0 1
    outer loop
      vertex 18.3387 42.0137 2
      vertex 17.9454 17.0198 2
      vertex 17.9863 16.7613 2
    endloop
  endfacet
  facet normal 0 0 1
    outer loop
      vertex 18.3387 42.0137 2
      vertex 17.8776 17.2725 2
      vertex 17.9454 17.0198 2
    endloop
  endfacet
  facet normal 0 0 1
    outer loop
      vertex 15.5 19 2
      vertex 18.0802 42.0546 2
      vertex 17.8275 42.1224 2
    endloop
  endfacet
  facet normal 0 0 1
    outer loop
      vertex 18.3387 42.0137 2
      vertex 17.7839 17.5168 2
      vertex 17.8776 17.2725 2
    endloop
  endfacet
  facet normal 0 0 1
    outer loop
      vertex 18.3387 42.0137 2
      vertex 17.6651 17.75 2
      vertex 17.7839 17.5168 2
    endloop
  endfacet
  facet normal 0 0 1
    outer loop
      vertex 15.2387 18.9863 2
      vertex 17.8275 42.1224 2
      vertex 17.5832 42.2161 2
    endloop
  endfacet
  facet normal 0 0 1
    outer loop
      vertex 18.3387 42.0137 2
      vertex 17.5225 17.9695 2
      vertex 17.6651 17.75 2
    endloop
  endfacet
  facet normal 0 0 1
    outer loop
      vertex 18.3387 42.0137 2
      vertex 17.3579 18.1728 2
      vertex 17.5225 17.9695 2
    endloop
  endfacet
  facet normal 0 0 1
    outer loop
      vertex 3.8 22.5 2
      vertex 17.5832 42.2161 2
      vertex 17.35 42.3349 2
    endloop
  endfacet
  facet normal 0 0 1
    outer loop
      vertex 18.3387 42.0137 2
      vertex 17.1728 18.3579 2
      vertex 17.3579 18.1728 2
    endloop
  endfacet
  facet normal 0 0 1
    outer loop
      vertex 3.8 22.5 2
      vertex 17.35 42.3349 2
      vertex 17.1305 42.4775 2
    endloop
  endfacet
  facet normal 0 0 1
    outer loop
      vertex 18.3387 42.0137 2
      vertex 16.9695 18.5225 2
      vertex 17.1728 18.3579 2
    endloop
  endfacet
  facet normal 0 0 1
    outer loop
      vertex 3.8 22.5 2
      vertex 17.1305 42.4775 2
      vertex 16.9272 42.6421 2
    endloop
  endfacet
  facet normal 0 0 1
    outer loop
      vertex 18.3387 42.0137 2
      vertex 16.75 18.6651 2
      vertex 16.9695 18.5225 2
    endloop
  endfacet
  facet normal 0 0 1
    outer loop
      vertex 3.8 22.5 2
      vertex 16.9272 42.6421 2
      vertex 16.7421 42.8272 2
    endloop
  endfacet
  facet normal 0 0 1
    outer loop
      vertex 3.8 22.5 2
      vertex 16.7421 42.8272 2
      vertex 16.5775 43.0305 2
    endloop
  endfacet
  facet normal 0 0 1
    outer loop
      vertex 18.3387 42.0137 2
      vertex 16.5168 18.7839 2
      vertex 16.75 18.6651 2
    endloop
  endfacet
  facet normal 0 0 1
    outer loop
      vertex 3.8 22.5 2
      vertex 16.5775 43.0305 2
      vertex 16.4349 43.25 2
    endloop
  endfacet
  facet normal 0 0 1
    outer loop
      vertex 3.8 22.5 2
      vertex 16.4349 43.25 2
      vertex 16.3161 43.4832 2
    endloop
  endfacet
  facet normal 0 0 1
    outer loop
      vertex 18.3387 42.0137 2
      vertex 16.2725 18.8776 2
      vertex 16.5168 18.7839 2
    endloop
  endfacet
  facet normal 0 0 1
    outer loop
      vertex 3.8 22.5 2
      vertex 16.3161 43.4832 2
      vertex 16.2224 43.7275 2
    endloop
  endfacet
  facet normal 0 0 1
    outer loop
      vertex 3.8 22.5 2
      vertex 16.2224 43.7275 2
      vertex 16.1546 43.9802 2
    endloop
  endfacet
  facet normal 0 0 1
    outer loop
      vertex 3.8 22.5 2
      vertex 16.1546 43.9802 2
      vertex 16.1137 44.2387 2
    endloop
  endfacet
  facet normal 0 0 1
    outer loop
      vertex 3.8 22.5 2
      vertex 16.1137 44.2387 2
      vertex 16.1 44.5 2
    endloop
  endfacet
  facet normal 0 0 1
    outer loop
      vertex 18.3387 42.0137 2
      vertex 16.0198 18.9454 2
      vertex 16.2725 18.8776 2
    endloop
  endfacet
  facet normal 0 0 1
    outer loop
      vertex 20.7651 72.25 2
      vertex 33.5 82.2 2
      vertex 20.8839 72.4832 2
    endloop
  endfacet
  facet normal 0 0 1
    outer loop
      vertex 58.7775 45.9695 2
      vertex 21.0863 44.7613 2
      vertex 21.1 44.5 2
    endloop
  endfacet
  facet normal -0 0 1
    outer loop
      vertex 33.5 82.2 2
      vertex 20.7651 72.25 2
      vertex 42.5 82.2 2
    endloop
  endfacet
  facet normal 0 0 1
    outer loop
      vertex 58.7775 45.9695 2
      vertex 21.0454 45.0198 2
      vertex 21.0863 44.7613 2
    endloop
  endfacet
  facet normal 0 0 1
    outer loop
      vertex 42.5 82.2 2
      vertex 20.7651 72.25 2
      vertex 58.7775 72.0305 2
    endloop
  endfacet
  facet normal 0 0 1
    outer loop
      vertex 58.7775 45.9695 2
      vertex 20.9776 45.2725 2
      vertex 21.0454 45.0198 2
    endloop
  endfacet
  facet normal 0 0 1
    outer loop
      vertex 20.6225 72.0305 2
      vertex 58.7775 72.0305 2
      vertex 20.7651 72.25 2
    endloop
  endfacet
  facet normal 0 0 1
    outer loop
      vertex 58.7775 45.9695 2
      vertex 20.8839 45.5168 2
      vertex 20.9776 45.2725 2
    endloop
  endfacet
  facet normal 0 0 1
    outer loop
      vertex 58.7775 72.0305 2
      vertex 20.6225 72.0305 2
      vertex 58.7775 45.9695 2
    endloop
  endfacet
  facet normal 0 0 1
    outer loop
      vertex 58.7775 45.9695 2
      vertex 20.7651 45.75 2
      vertex 20.8839 45.5168 2
    endloop
  endfacet
  facet normal 0 0 1
    outer loop
      vertex 20.6225 45.9695 2
      vertex 58.7775 45.9695 2
      vertex 20.6225 72.0305 2
    endloop
  endfacet
  facet normal 0 0 1
    outer loop
      vertex 58.7775 45.9695 2
      vertex 20.6225 45.9695 2
      vertex 20.7651 45.75 2
    endloop
  endfacet
  facet normal -0 0 1
    outer loop
      vertex 20.4579 71.8272 2
      vertex 20.6225 45.9695 2
      vertex 20.6225 72.0305 2
    endloop
  endfacet
  facet normal 0 0 1
    outer loop
      vertex 20.4579 71.8272 2
      vertex 20.4579 46.1728 2
      vertex 20.6225 45.9695 2
    endloop
  endfacet
  facet normal -0 0 1
    outer loop
      vertex 20.2728 71.6421 2
      vertex 20.4579 46.1728 2
      vertex 20.4579 71.8272 2
    endloop
  endfacet
  facet normal 0 0 1
    outer loop
      vertex 20.2728 71.6421 2
      vertex 20.2728 46.3579 2
      vertex 20.4579 46.1728 2
    endloop
  endfacet
  facet normal -0 0 1
    outer loop
      vertex 20.0695 71.4775 2
      vertex 20.2728 46.3579 2
      vertex 20.2728 71.6421 2
    endloop
  endfacet
  facet normal 0 0 1
    outer loop
      vertex 20.0695 71.4775 2
      vertex 20.0695 46.5225 2
      vertex 20.2728 46.3579 2
    endloop
  endfacet
  facet normal -0 0 1
    outer loop
      vertex 19.85 71.3349 2
      vertex 20.0695 46.5225 2
      vertex 20.0695 71.4775 2
    endloop
  endfacet
  facet normal 0 0 1
    outer loop
      vertex 19.85 71.3349 2
      vertex 19.85 46.6651 2
      vertex 20.0695 46.5225 2
    endloop
  endfacet
  facet normal -0 0 1
    outer loop
      vertex 19.6168 71.2161 2
      vertex 19.85 46.6651 2
      vertex 19.85 71.3349 2
    endloop
  endfacet
  facet normal 0 0 1
    outer loop
      vertex 19.6168 71.2161 2
      vertex 19.6168 46.7839 2
      vertex 19.85 46.6651 2
    endloop
  endfacet
  facet normal -0 0 1
    outer loop
      vertex 19.3725 71.1224 2
      vertex 19.6168 46.7839 2
      vertex 19.6168 71.2161 2
    endloop
  endfacet
  facet normal 0 0 1
    outer loop
      vertex 19.3725 71.1224 2
      vertex 19.3725 46.8776 2
      vertex 19.6168 46.7839 2
    endloop
  endfacet
  facet normal -0 0 1
    outer loop
      vertex 19.1198 71.0546 2
      vertex 19.3725 46.8776 2
      vertex 19.3725 71.1224 2
    endloop
  endfacet
  facet normal 0 0 1
    outer loop
      vertex 19.1198 71.0546 2
      vertex 19.1198 46.9454 2
      vertex 19.3725 46.8776 2
    endloop
  endfacet
  facet normal -0 0 1
    outer loop
      vertex 18.8613 71.0137 2
      vertex 19.1198 46.9454 2
      vertex 19.1198 71.0546 2
    endloop
  endfacet
  facet normal 0 0 1
    outer loop
      vertex 18.8613 71.0137 2
      vertex 18.8613 46.9863 2
      vertex 19.1198 46.9454 2
    endloop
  endfacet
  facet normal -0 0 1
    outer loop
      vertex 18.6 71 2
      vertex 18.8613 46.9863 2
      vertex 18.8613 71.0137 2
    endloop
  endfacet
  facet normal 0 0 1
    outer loop
      vertex 18.6 71 2
      vertex 18.6 47 2
      vertex 18.8613 46.9863 2
    endloop
  endfacet
  facet normal 0 0 1
    outer loop
      vertex 18.3387 71.0137 2
      vertex 18.6 47 2
      vertex 18.6 71 2
    endloop
  endfacet
  facet normal 0 0 1
    outer loop
      vertex 18.3387 71.0137 2
      vertex 18.3387 46.9863 2
      vertex 18.6 47 2
    endloop
  endfacet
  facet normal 0 0 1
    outer loop
      vertex 18.0802 71.0546 2
      vertex 18.3387 46.9863 2
      vertex 18.3387 71.0137 2
    endloop
  endfacet
  facet normal 0 0 1
    outer loop
      vertex 18.0802 71.0546 2
      vertex 18.0802 46.9454 2
      vertex 18.3387 46.9863 2
    endloop
  endfacet
  facet normal 0 0 1
    outer loop
      vertex 17.8275 71.1224 2
      vertex 18.0802 46.9454 2
      vertex 18.0802 71.0546 2
    endloop
  endfacet
  facet normal 0 0 1
    outer loop
      vertex 17.8275 71.1224 2
      vertex 17.8275 46.8776 2
      vertex 18.0802 46.9454 2
    endloop
  endfacet
  facet normal 0 0 1
    outer loop
      vertex 17.5832 71.2161 2
      vertex 17.8275 46.8776 2
      vertex 17.8275 71.1224 2
    endloop
  endfacet
  facet normal 0 0 1
    outer loop
      vertex 17.5832 71.2161 2
      vertex 17.5832 46.7839 2
      vertex 17.8275 46.8776 2
    endloop
  endfacet
  facet normal 0 0 1
    outer loop
      vertex 3.8 69.5 2
      vertex 17.5832 71.2161 2
      vertex 17.35 71.3349 2
    endloop
  endfacet
  facet normal 0 0 1
    outer loop
      vertex 17.5832 71.2161 2
      vertex 3.8 69.5 2
      vertex 17.5832 46.7839 2
    endloop
  endfacet
  facet normal 0 0 1
    outer loop
      vertex 3.8 69.5 2
      vertex 17.35 71.3349 2
      vertex 17.1305 71.4775 2
    endloop
  endfacet
  facet normal 0 0 1
    outer loop
      vertex 17.5832 46.7839 2
      vertex 3.8 69.5 2
      vertex 17.35 46.6651 2
    endloop
  endfacet
  facet normal 0 0 1
    outer loop
      vertex 3.8 69.5 2
      vertex 17.1305 71.4775 2
      vertex 16.9272 71.6421 2
    endloop
  endfacet
  facet normal 0 0 1
    outer loop
      vertex 17.35 46.6651 2
      vertex 3.8 69.5 2
      vertex 17.1305 46.5225 2
    endloop
  endfacet
  facet normal 0 0 1
    outer loop
      vertex 3.8 69.5 2
      vertex 16.9272 71.6421 2
      vertex 16.7421 71.8272 2
    endloop
  endfacet
  facet normal 0 0 1
    outer loop
      vertex 17.1305 46.5225 2
      vertex 3.8 69.5 2
      vertex 16.9272 46.3579 2
    endloop
  endfacet
  facet normal 0 0 1
    outer loop
      vertex 3.8 69.5 2
      vertex 16.7421 71.8272 2
      vertex 16.5775 72.0305 2
    endloop
  endfacet
  facet normal 0 0 1
    outer loop
      vertex 16.9272 46.3579 2
      vertex 3.8 69.5 2
      vertex 16.7421 46.1728 2
    endloop
  endfacet
  facet normal 0 0 1
    outer loop
      vertex 3.8 69.5 2
      vertex 16.5775 72.0305 2
      vertex 16.4349 72.25 2
    endloop
  endfacet
  facet normal 0 0 1
    outer loop
      vertex 16.7421 46.1728 2
      vertex 3.8 69.5 2
      vertex 16.5775 45.9695 2
    endloop
  endfacet
  facet normal 0 0 1
    outer loop
      vertex 3.8 69.5 2
      vertex 16.4349 72.25 2
      vertex 16.3161 72.4832 2
    endloop
  endfacet
  facet normal 0 0 1
    outer loop
      vertex 16.5775 45.9695 2
      vertex 3.8 69.5 2
      vertex 16.4349 45.75 2
    endloop
  endfacet
  facet normal 0 0 1
    outer loop
      vertex 3.8 69.5 2
      vertex 16.3161 72.4832 2
      vertex 16.2224 72.7275 2
    endloop
  endfacet
  facet normal 0 0 1
    outer loop
      vertex 16.4349 45.75 2
      vertex 3.8 69.5 2
      vertex 16.3161 45.5168 2
    endloop
  endfacet
  facet normal 0 0 1
    outer loop
      vertex 3.8 69.5 2
      vertex 16.2224 72.7275 2
      vertex 16.1546 72.9802 2
    endloop
  endfacet
  facet normal 0 0 1
    outer loop
      vertex 16.3161 45.5168 2
      vertex 3.8 69.5 2
      vertex 16.2224 45.2725 2
    endloop
  endfacet
  facet normal 0 0 1
    outer loop
      vertex 3.8 69.5 2
      vertex 16.1546 72.9802 2
      vertex 16.1137 73.2387 2
    endloop
  endfacet
  facet normal 0 0 1
    outer loop
      vertex 16.2224 45.2725 2
      vertex 3.8 69.5 2
      vertex 16.1546 45.0198 2
    endloop
  endfacet
  facet normal 0 0 1
    outer loop
      vertex 3.8 69.5 2
      vertex 16.1137 73.2387 2
      vertex 16.1 73.5 2
    endloop
  endfacet
  facet normal 0 0 1
    outer loop
      vertex 16.1546 45.0198 2
      vertex 3.8 69.5 2
      vertex 16.1137 44.7613 2
    endloop
  endfacet
  facet normal 0 0 1
    outer loop
      vertex 58.3 44.5 2
      vertex 21.1 44.5 2
      vertex 58.3137 44.2387 2
    endloop
  endfacet
  facet normal 0 0 1
    outer loop
      vertex 32.5 82.2 2
      vertex 21.0863 73.7613 2
      vertex 21.1 73.5 2
    endloop
  endfacet
  facet normal 0 0 1
    outer loop
      vertex 32.5 82.2 2
      vertex 21.0454 74.0198 2
      vertex 21.0863 73.7613 2
    endloop
  endfacet
  facet normal 0 0 1
    outer loop
      vertex 32.5 82.2 2
      vertex 20.9776 74.2725 2
      vertex 21.0454 74.0198 2
    endloop
  endfacet
  facet normal 0 0 1
    outer loop
      vertex 32.5 82.2 2
      vertex 20.8839 74.5168 2
      vertex 20.9776 74.2725 2
    endloop
  endfacet
  facet normal 0 0 1
    outer loop
      vertex 32.5 82.2 2
      vertex 20.7651 74.75 2
      vertex 20.8839 74.5168 2
    endloop
  endfacet
  facet normal 0 0 1
    outer loop
      vertex 32.5 82.2 2
      vertex 20.6225 74.9695 2
      vertex 20.7651 74.75 2
    endloop
  endfacet
  facet normal 0 0 1
    outer loop
      vertex 32.5 82.2 2
      vertex 20.4579 75.1728 2
      vertex 20.6225 74.9695 2
    endloop
  endfacet
  facet normal 0 0 1
    outer loop
      vertex 32.5 82.2 2
      vertex 20.2728 75.3579 2
      vertex 20.4579 75.1728 2
    endloop
  endfacet
  facet normal 0 0 1
    outer loop
      vertex 32.5 82.2 2
      vertex 20.0695 75.5225 2
      vertex 20.2728 75.3579 2
    endloop
  endfacet
  facet normal 0 0 1
    outer loop
      vertex 32.5 82.2 2
      vertex 19.85 75.6651 2
      vertex 20.0695 75.5225 2
    endloop
  endfacet
  facet normal 0 0 1
    outer loop
      vertex 32.5 82.2 2
      vertex 19.6168 75.7839 2
      vertex 19.85 75.6651 2
    endloop
  endfacet
  facet normal 0 0 1
    outer loop
      vertex 32.5 82.2 2
      vertex 19.3725 75.8776 2
      vertex 19.6168 75.7839 2
    endloop
  endfacet
  facet normal 0 0 1
    outer loop
      vertex 32.5 82.2 2
      vertex 19.1198 75.9454 2
      vertex 19.3725 75.8776 2
    endloop
  endfacet
  facet normal 0 0 1
    outer loop
      vertex 32.5 82.2 2
      vertex 18.8613 75.9863 2
      vertex 19.1198 75.9454 2
    endloop
  endfacet
  facet normal 0 0 1
    outer loop
      vertex 32.5 82.2 2
      vertex 18.6 76 2
      vertex 18.8613 75.9863 2
    endloop
  endfacet
  facet normal -0 0 1
    outer loop
      vertex 4.5 82.2 2
      vertex 18.6 76 2
      vertex 32.5 82.2 2
    endloop
  endfacet
  facet normal 0 0 1
    outer loop
      vertex 18.6 76 2
      vertex 4.5 82.2 2
      vertex 18.3387 75.9863 2
    endloop
  endfacet
  facet normal 0 0 1
    outer loop
      vertex 18.3387 75.9863 2
      vertex 4.5 82.2 2
      vertex 18.0802 75.9454 2
    endloop
  endfacet
  facet normal 0 0 1
    outer loop
      vertex 18.0802 75.9454 2
      vertex 4.5 82.2 2
      vertex 17.8275 75.8776 2
    endloop
  endfacet
  facet normal 0 0 1
    outer loop
      vertex 16.1137 44.7613 2
      vertex 3.8 69.5 2
      vertex 16.1 44.5 2
    endloop
  endfacet
  facet normal 0 0 1
    outer loop
      vertex 18.3387 42.0137 2
      vertex 15.7613 18.9863 2
      vertex 16.0198 18.9454 2
    endloop
  endfacet
  facet normal 0 0 1
    outer loop
      vertex 3.8 22.5 2
      vertex 16.1 44.5 2
      vertex 3.8 69.5 2
    endloop
  endfacet
  facet normal 0 0 1
    outer loop
      vertex 18.0802 42.0546 2
      vertex 15.5 19 2
      vertex 15.7613 18.9863 2
    endloop
  endfacet
  facet normal 0 0 1
    outer loop
      vertex 17.5832 42.2161 2
      vertex 3.8 22.5 2
      vertex 14.9802 18.9454 2
    endloop
  endfacet
  facet normal 0 0 1
    outer loop
      vertex 17.8275 42.1224 2
      vertex 15.2387 18.9863 2
      vertex 15.5 19 2
    endloop
  endfacet
  facet normal 0 0 1
    outer loop
      vertex 17.5832 42.2161 2
      vertex 14.9802 18.9454 2
      vertex 15.2387 18.9863 2
    endloop
  endfacet
  facet normal 0 0 1
    outer loop
      vertex 14.7275 18.8776 2
      vertex 3.8 22.5 2
      vertex 14.4832 18.7839 2
    endloop
  endfacet
  facet normal 0 0 1
    outer loop
      vertex 14.4832 18.7839 2
      vertex 3.8 22.5 2
      vertex 14.25 18.6651 2
    endloop
  endfacet
  facet normal 0 0 1
    outer loop
      vertex 14.25 18.6651 2
      vertex 3.8 22.5 2
      vertex 14.0305 18.5225 2
    endloop
  endfacet
  facet normal 0 0 1
    outer loop
      vertex 14.0305 18.5225 2
      vertex 3.8 22.5 2
      vertex 13.8272 18.3579 2
    endloop
  endfacet
  facet normal 0 0 1
    outer loop
      vertex 13.8272 18.3579 2
      vertex 3.8 22.5 2
      vertex 13.6421 18.1728 2
    endloop
  endfacet
  facet normal -0 0 1
    outer loop
      vertex 3.8 21.5 2
      vertex 13.6421 18.1728 2
      vertex 3.8 22.5 2
    endloop
  endfacet
  facet normal 0 0 1
    outer loop
      vertex 13.6421 18.1728 2
      vertex 3.8 21.5 2
      vertex 13.4775 17.9695 2
    endloop
  endfacet
  facet normal 0 0 1
    outer loop
      vertex 13.4775 17.9695 2
      vertex 3.8 21.5 2
      vertex 13.3349 17.75 2
    endloop
  endfacet
  facet normal 0 0 1
    outer loop
      vertex 3.8 69.5 2
      vertex 16.1 73.5 2
      vertex 16.1137 73.7613 2
    endloop
  endfacet
  facet normal 0 0 1
    outer loop
      vertex 13.3349 17.75 2
      vertex 3.8 21.5 2
      vertex 13.2161 17.5168 2
    endloop
  endfacet
  facet normal 0 0 1
    outer loop
      vertex 13.2161 17.5168 2
      vertex 3.8 21.5 2
      vertex 13.1224 17.2725 2
    endloop
  endfacet
  facet normal 0 0 1
    outer loop
      vertex 14.9802 18.9454 2
      vertex 3.8 22.5 2
      vertex 14.7275 18.8776 2
    endloop
  endfacet
  facet normal 0 0 1
    outer loop
      vertex 16.1546 74.0198 2
      vertex 3.8 69.5 2
      vertex 16.1137 73.7613 2
    endloop
  endfacet
  facet normal 0 0 1
    outer loop
      vertex 3.8 69.5 2
      vertex 16.1546 74.0198 2
      vertex 4.5 82.2 2
    endloop
  endfacet
  facet normal 0 0 1
    outer loop
      vertex 16.2224 74.2725 2
      vertex 4.5 82.2 2
      vertex 16.1546 74.0198 2
    endloop
  endfacet
  facet normal 0 0 1
    outer loop
      vertex 16.3161 74.5168 2
      vertex 4.5 82.2 2
      vertex 16.2224 74.2725 2
    endloop
  endfacet
  facet normal 0 0 1
    outer loop
      vertex 16.4349 74.75 2
      vertex 4.5 82.2 2
      vertex 16.3161 74.5168 2
    endloop
  endfacet
  facet normal 0 0 1
    outer loop
      vertex 16.5775 74.9695 2
      vertex 4.5 82.2 2
      vertex 16.4349 74.75 2
    endloop
  endfacet
  facet normal 0 0 1
    outer loop
      vertex 16.7421 75.1728 2
      vertex 4.5 82.2 2
      vertex 16.5775 74.9695 2
    endloop
  endfacet
  facet normal 0 0 1
    outer loop
      vertex 16.9272 75.3579 2
      vertex 4.5 82.2 2
      vertex 16.7421 75.1728 2
    endloop
  endfacet
  facet normal 0 0 1
    outer loop
      vertex 17.1305 75.5225 2
      vertex 4.5 82.2 2
      vertex 16.9272 75.3579 2
    endloop
  endfacet
  facet normal 0 0 1
    outer loop
      vertex 17.35 75.6651 2
      vertex 4.5 82.2 2
      vertex 17.1305 75.5225 2
    endloop
  endfacet
  facet normal 0 0 1
    outer loop
      vertex 17.5832 75.7839 2
      vertex 4.5 82.2 2
      vertex 17.35 75.6651 2
    endloop
  endfacet
  facet normal 0 0 1
    outer loop
      vertex 17.8275 75.8776 2
      vertex 4.5 82.2 2
      vertex 17.5832 75.7839 2
    endloop
  endfacet
  facet normal 0 0 1
    outer loop
      vertex 58.3546 45.0198 2
      vertex 21.1 44.5 2
      vertex 58.3137 44.7613 2
    endloop
  endfacet
  facet normal 0 0 1
    outer loop
      vertex 58.1224 17.2725 2
      vertex 17.9863 16.7613 2
      vertex 42.5 3.8 2
    endloop
  endfacet
  facet normal 0 0 1
    outer loop
      vertex 21.0863 44.2387 2
      vertex 58.3137 44.2387 2
      vertex 21.1 44.5 2
    endloop
  endfacet
  facet normal 0 0 1
    outer loop
      vertex 21.0454 43.9802 2
      vertex 58.3137 44.2387 2
      vertex 21.0863 44.2387 2
    endloop
  endfacet
  facet normal 0 0 1
    outer loop
      vertex 20.9776 43.7275 2
      vertex 58.3137 44.2387 2
      vertex 21.0454 43.9802 2
    endloop
  endfacet
  facet normal 0 0 1
    outer loop
      vertex 20.8839 43.4832 2
      vertex 58.3137 44.2387 2
      vertex 20.9776 43.7275 2
    endloop
  endfacet
  facet normal 0 0 1
    outer loop
      vertex 20.7651 43.25 2
      vertex 58.3137 44.2387 2
      vertex 20.8839 43.4832 2
    endloop
  endfacet
  facet normal 0 0 1
    outer loop
      vertex 20.6225 43.0305 2
      vertex 58.3137 44.2387 2
      vertex 20.7651 43.25 2
    endloop
  endfacet
  facet normal 0 0 1
    outer loop
      vertex 17.9863 16.7613 2
      vertex 58.3137 44.2387 2
      vertex 20.6225 43.0305 2
    endloop
  endfacet
  facet normal 0 0 1
    outer loop
      vertex 17.9863 16.7613 2
      vertex 20.6225 43.0305 2
      vertex 20.4579 42.8272 2
    endloop
  endfacet
  facet normal 0 0 1
    outer loop
      vertex 17.9863 16.7613 2
      vertex 20.4579 42.8272 2
      vertex 20.2728 42.6421 2
    endloop
  endfacet
  facet normal 0 0 1
    outer loop
      vertex 17.9863 16.7613 2
      vertex 20.2728 42.6421 2
      vertex 20.0695 42.4775 2
    endloop
  endfacet
  facet normal 0 0 1
    outer loop
      vertex 17.9863 16.7613 2
      vertex 20.0695 42.4775 2
      vertex 19.85 42.3349 2
    endloop
  endfacet
  facet normal 0 0 1
    outer loop
      vertex 17.9863 16.7613 2
      vertex 19.85 42.3349 2
      vertex 19.6168 42.2161 2
    endloop
  endfacet
  facet normal 0 0 1
    outer loop
      vertex 17.9863 16.7613 2
      vertex 19.6168 42.2161 2
      vertex 19.3725 42.1224 2
    endloop
  endfacet
  facet normal 0 0 1
    outer loop
      vertex 17.9863 16.7613 2
      vertex 19.3725 42.1224 2
      vertex 19.1198 42.0546 2
    endloop
  endfacet
  facet normal 0 0 1
    outer loop
      vertex 17.9863 16.7613 2
      vertex 19.1198 42.0546 2
      vertex 18.8613 42.0137 2
    endloop
  endfacet
  facet normal 0 0 1
    outer loop
      vertex 17.9863 16.7613 2
      vertex 18.8613 42.0137 2
      vertex 18.6 42 2
    endloop
  endfacet
  facet normal 0 0 1
    outer loop
      vertex 17.9863 16.7613 2
      vertex 18.6 42 2
      vertex 18.3387 42.0137 2
    endloop
  endfacet
  facet normal 0 0 1
    outer loop
      vertex 15.7613 18.9863 2
      vertex 18.3387 42.0137 2
      vertex 18.0802 42.0546 2
    endloop
  endfacet
  facet normal 0 0 1
    outer loop
      vertex 33.5 3.8 2
      vertex 17.9863 16.7613 2
      vertex 32.5 3.8 2
    endloop
  endfacet
  facet normal -0 0 1
    outer loop
      vertex 17.9863 16.2387 2
      vertex 32.5 3.8 2
      vertex 18 16.5 2
    endloop
  endfacet
  facet normal -0 0 1
    outer loop
      vertex 17.9454 15.9802 2
      vertex 32.5 3.8 2
      vertex 17.9863 16.2387 2
    endloop
  endfacet
  facet normal -0 0 1
    outer loop
      vertex 17.8776 15.7275 2
      vertex 32.5 3.8 2
      vertex 17.9454 15.9802 2
    endloop
  endfacet
  facet normal -0 0 1
    outer loop
      vertex 17.7839 15.4832 2
      vertex 32.5 3.8 2
      vertex 17.8776 15.7275 2
    endloop
  endfacet
  facet normal -0 0 1
    outer loop
      vertex 17.6651 15.25 2
      vertex 32.5 3.8 2
      vertex 17.7839 15.4832 2
    endloop
  endfacet
  facet normal -0 0 1
    outer loop
      vertex 17.5225 15.0305 2
      vertex 32.5 3.8 2
      vertex 17.6651 15.25 2
    endloop
  endfacet
  facet normal -0 0 1
    outer loop
      vertex 17.3579 14.8272 2
      vertex 32.5 3.8 2
      vertex 17.5225 15.0305 2
    endloop
  endfacet
  facet normal -0 0 1
    outer loop
      vertex 17.1728 14.6421 2
      vertex 32.5 3.8 2
      vertex 17.3579 14.8272 2
    endloop
  endfacet
  facet normal -0 0 1
    outer loop
      vertex 16.9695 14.4775 2
      vertex 32.5 3.8 2
      vertex 17.1728 14.6421 2
    endloop
  endfacet
  facet normal -0 0 1
    outer loop
      vertex 16.75 14.3349 2
      vertex 32.5 3.8 2
      vertex 16.9695 14.4775 2
    endloop
  endfacet
  facet normal -0 0 1
    outer loop
      vertex 16.5168 14.2161 2
      vertex 32.5 3.8 2
      vertex 16.75 14.3349 2
    endloop
  endfacet
  facet normal -0 0 1
    outer loop
      vertex 16.2725 14.1224 2
      vertex 32.5 3.8 2
      vertex 16.5168 14.2161 2
    endloop
  endfacet
  facet normal -0 0 1
    outer loop
      vertex 16.0198 14.0546 2
      vertex 32.5 3.8 2
      vertex 16.2725 14.1224 2
    endloop
  endfacet
  facet normal 0 0 1
    outer loop
      vertex 4.5 3.8 2
      vertex 16.0198 14.0546 2
      vertex 15.7613 14.0137 2
    endloop
  endfacet
  facet normal 0 0 1
    outer loop
      vertex 4.5 3.8 2
      vertex 15.7613 14.0137 2
      vertex 15.5 14 2
    endloop
  endfacet
  facet normal 0 0 1
    outer loop
      vertex 4.5 3.8 2
      vertex 15.5 14 2
      vertex 15.2387 14.0137 2
    endloop
  endfacet
  facet normal 0 0 1
    outer loop
      vertex 4.5 3.8 2
      vertex 15.2387 14.0137 2
      vertex 14.9802 14.0546 2
    endloop
  endfacet
  facet normal 0 0 1
    outer loop
      vertex 4.5 3.8 2
      vertex 14.9802 14.0546 2
      vertex 14.7275 14.1224 2
    endloop
  endfacet
  facet normal 0 0 1
    outer loop
      vertex 4.5 3.8 2
      vertex 14.7275 14.1224 2
      vertex 14.4832 14.2161 2
    endloop
  endfacet
  facet normal 0 0 1
    outer loop
      vertex 4.5 3.8 2
      vertex 14.4832 14.2161 2
      vertex 14.25 14.3349 2
    endloop
  endfacet
  facet normal 0 0 1
    outer loop
      vertex 13.1224 17.2725 2
      vertex 3.8 21.5 2
      vertex 13.0546 17.0198 2
    endloop
  endfacet
  facet normal 0 0 1
    outer loop
      vertex 16.0198 14.0546 2
      vertex 4.5 3.8 2
      vertex 32.5 3.8 2
    endloop
  endfacet
  facet normal 0 0 1
    outer loop
      vertex 3.8 11.5 2
      vertex 14.25 14.3349 2
      vertex 14.0305 14.4775 2
    endloop
  endfacet
  facet normal 0 0 1
    outer loop
      vertex 3.8 11.5 2
      vertex 14.0305 14.4775 2
      vertex 13.8272 14.6421 2
    endloop
  endfacet
  facet normal 0 0 1
    outer loop
      vertex 3.8 11.5 2
      vertex 13.8272 14.6421 2
      vertex 13.6421 14.8272 2
    endloop
  endfacet
  facet normal 0 0 1
    outer loop
      vertex 3.8 11.5 2
      vertex 13.6421 14.8272 2
      vertex 13.4775 15.0305 2
    endloop
  endfacet
  facet normal 0 0 1
    outer loop
      vertex 3.8 12.5 2
      vertex 13.4775 15.0305 2
      vertex 13.3349 15.25 2
    endloop
  endfacet
  facet normal 0 0 1
    outer loop
      vertex 3.8 12.5 2
      vertex 13.3349 15.25 2
      vertex 13.2161 15.4832 2
    endloop
  endfacet
  facet normal 0 0 1
    outer loop
      vertex 3.8 12.5 2
      vertex 13.2161 15.4832 2
      vertex 13.1224 15.7275 2
    endloop
  endfacet
  facet normal 0 0 1
    outer loop
      vertex 3.8 12.5 2
      vertex 13.1224 15.7275 2
      vertex 13.0546 15.9802 2
    endloop
  endfacet
  facet normal 0 0 1
    outer loop
      vertex 3.8 12.5 2
      vertex 13.0546 15.9802 2
      vertex 13.0137 16.2387 2
    endloop
  endfacet
  facet normal 0 0 1
    outer loop
      vertex 13.0546 17.0198 2
      vertex 3.8 21.5 2
      vertex 13.0137 16.7613 2
    endloop
  endfacet
  facet normal 0 0 1
    outer loop
      vertex 3.8 81.5 2
      vertex 4.5 82.2 2
      vertex 4.42683 82.1962 2
    endloop
  endfacet
  facet normal 0 0 1
    outer loop
      vertex 13.0137 16.7613 2
      vertex 3.8 12.5 2
      vertex 13 16.5 2
    endloop
  endfacet
  facet normal 0 0 1
    outer loop
      vertex 3.8 81.5 2
      vertex 4.42683 82.1962 2
      vertex 4.35446 82.1847 2
    endloop
  endfacet
  facet normal 0 0 1
    outer loop
      vertex 13 16.5 2
      vertex 3.8 12.5 2
      vertex 13.0137 16.2387 2
    endloop
  endfacet
  facet normal 0 0 1
    outer loop
      vertex 3.8 81.5 2
      vertex 4.35446 82.1847 2
      vertex 4.28369 82.1657 2
    endloop
  endfacet
  facet normal 0 0 1
    outer loop
      vertex 13.4775 15.0305 2
      vertex 3.8 12.5 2
      vertex 3.8 11.5 2
    endloop
  endfacet
  facet normal 0 0 1
    outer loop
      vertex 3.8 81.5 2
      vertex 4.28369 82.1657 2
      vertex 4.21528 82.1395 2
    endloop
  endfacet
  facet normal 0 0 1
    outer loop
      vertex 14.25 14.3349 2
      vertex 3.8 11.5 2
      vertex 4.5 3.8 2
    endloop
  endfacet
  facet normal 0 0 1
    outer loop
      vertex 3.8 81.5 2
      vertex 4.21528 82.1395 2
      vertex 4.15 82.1062 2
    endloop
  endfacet
  facet normal 0 0 1
    outer loop
      vertex 3.8 12.5 2
      vertex 13.0137 16.7613 2
      vertex 3.8 21.5 2
    endloop
  endfacet
  facet normal 0 0 1
    outer loop
      vertex 3.8 81.5 2
      vertex 4.15 82.1062 2
      vertex 4.08855 82.0663 2
    endloop
  endfacet
  facet normal -0 0 1
    outer loop
      vertex 3.8 4.5 2
      vertex 4.5 3.8 2
      vertex 3.8 11.5 2
    endloop
  endfacet
  facet normal 0 0 1
    outer loop
      vertex 3.8 81.5 2
      vertex 4.08855 82.0663 2
      vertex 4.03161 82.0202 2
    endloop
  endfacet
  facet normal 0 0 1
    outer loop
      vertex 4.5 3.8 2
      vertex 3.8 4.5 2
      vertex 4.42683 3.80383 2
    endloop
  endfacet
  facet normal 0 0 1
    outer loop
      vertex 3.8 81.5 2
      vertex 4.03161 82.0202 2
      vertex 3.9798 81.9684 2
    endloop
  endfacet
  facet normal 0 0 1
    outer loop
      vertex 4.42683 3.80383 2
      vertex 3.8 4.5 2
      vertex 4.35446 3.8153 2
    endloop
  endfacet
  facet normal 0 0 1
    outer loop
      vertex 3.8 81.5 2
      vertex 3.9798 81.9684 2
      vertex 3.93369 81.9114 2
    endloop
  endfacet
  facet normal 0 0 1
    outer loop
      vertex 4.5 82.2 2
      vertex 3.8 70.5 2
      vertex 3.8 69.5 2
    endloop
  endfacet
  facet normal 0 0 1
    outer loop
      vertex 3.8 81.5 2
      vertex 3.93369 81.9114 2
      vertex 3.89378 81.85 2
    endloop
  endfacet
  facet normal 0 0 1
    outer loop
      vertex 4.35446 3.8153 2
      vertex 3.8 4.5 2
      vertex 4.28369 3.83426 2
    endloop
  endfacet
  facet normal 0 0 1
    outer loop
      vertex 3.8 81.5 2
      vertex 3.89378 81.85 2
      vertex 3.86052 81.7847 2
    endloop
  endfacet
  facet normal 0 0 1
    outer loop
      vertex 4.28369 3.83426 2
      vertex 3.8 4.5 2
      vertex 4.21528 3.86052 2
    endloop
  endfacet
  facet normal 0 0 1
    outer loop
      vertex 3.8 81.5 2
      vertex 3.86052 81.7847 2
      vertex 3.83426 81.7163 2
    endloop
  endfacet
  facet normal 0 0 1
    outer loop
      vertex 4.21528 3.86052 2
      vertex 3.8 4.5 2
      vertex 4.15 3.89378 2
    endloop
  endfacet
  facet normal 0 0 1
    outer loop
      vertex 3.8 81.5 2
      vertex 3.83426 81.7163 2
      vertex 3.8153 81.6455 2
    endloop
  endfacet
  facet normal 0 0 1
    outer loop
      vertex 4.5 82.2 2
      vertex 3.8 79.5 2
      vertex 3.8 70.5 2
    endloop
  endfacet
  facet normal 0 0 1
    outer loop
      vertex 3.8 81.5 2
      vertex 3.8153 81.6455 2
      vertex 3.80383 81.5732 2
    endloop
  endfacet
  facet normal 0 0 1
    outer loop
      vertex 4.5 82.2 2
      vertex 3.8 80.5 2
      vertex 3.8 79.5 2
    endloop
  endfacet
  facet normal 0 0 1
    outer loop
      vertex 4.5 82.2 2
      vertex 3.8 81.5 2
      vertex 3.8 80.5 2
    endloop
  endfacet
  facet normal 0 0 1
    outer loop
      vertex 4.15 3.89378 2
      vertex 3.8 4.5 2
      vertex 4.08855 3.93369 2
    endloop
  endfacet
  facet normal 0 0 1
    outer loop
      vertex 4.08855 3.93369 2
      vertex 3.8 4.5 2
      vertex 4.03161 3.9798 2
    endloop
  endfacet
  facet normal 0 0 1
    outer loop
      vertex 4.03161 3.9798 2
      vertex 3.8 4.5 2
      vertex 3.9798 4.03161 2
    endloop
  endfacet
  facet normal 0 0 1
    outer loop
      vertex 3.9798 4.03161 2
      vertex 3.8 4.5 2
      vertex 3.93369 4.08855 2
    endloop
  endfacet
  facet normal 0 0 1
    outer loop
      vertex 3.93369 4.08855 2
      vertex 3.8 4.5 2
      vertex 3.89378 4.15 2
    endloop
  endfacet
  facet normal 0 0 1
    outer loop
      vertex 3.89378 4.15 2
      vertex 3.8 4.5 2
      vertex 3.86052 4.21528 2
    endloop
  endfacet
  facet normal 0 0 1
    outer loop
      vertex 3.86052 4.21528 2
      vertex 3.8 4.5 2
      vertex 3.83426 4.28369 2
    endloop
  endfacet
  facet normal 0 0 1
    outer loop
      vertex 3.83426 4.28369 2
      vertex 3.8 4.5 2
      vertex 3.8153 4.35446 2
    endloop
  endfacet
  facet normal 0 0 1
    outer loop
      vertex 3.8153 4.35446 2
      vertex 3.8 4.5 2
      vertex 3.80383 4.42683 2
    endloop
  endfacet
  facet normal 0 0 1
    outer loop
      vertex 72.2 12.5 2
      vertex 62.9863 16.7613 2
      vertex 63 16.5 2
    endloop
  endfacet
  facet normal -0 0 1
    outer loop
      vertex 62.8225 43.0305 2
      vertex 72.2 22.5 2
      vertex 62.9651 43.25 2
    endloop
  endfacet
  facet normal 0 0 1
    outer loop
      vertex 72.2 22.5 2
      vertex 62.9454 17.0198 2
      vertex 62.9863 16.7613 2
    endloop
  endfacet
  facet normal 0 0 1
    outer loop
      vertex 72.2 22.5 2
      vertex 62.8776 17.2725 2
      vertex 62.9454 17.0198 2
    endloop
  endfacet
  facet normal -0 0 1
    outer loop
      vertex 62.6579 42.8272 2
      vertex 72.2 22.5 2
      vertex 62.8225 43.0305 2
    endloop
  endfacet
  facet normal 0 0 1
    outer loop
      vertex 72.2 22.5 2
      vertex 62.7839 17.5168 2
      vertex 62.8776 17.2725 2
    endloop
  endfacet
  facet normal 0 0 1
    outer loop
      vertex 72.2 22.5 2
      vertex 62.6651 17.75 2
      vertex 62.7839 17.5168 2
    endloop
  endfacet
  facet normal -0 0 1
    outer loop
      vertex 62.4728 42.6421 2
      vertex 72.2 22.5 2
      vertex 62.6579 42.8272 2
    endloop
  endfacet
  facet normal 0 0 1
    outer loop
      vertex 72.2 22.5 2
      vertex 62.5225 17.9695 2
      vertex 62.6651 17.75 2
    endloop
  endfacet
  facet normal -0 0 1
    outer loop
      vertex 62.2695 42.4775 2
      vertex 72.2 22.5 2
      vertex 62.4728 42.6421 2
    endloop
  endfacet
  facet normal 0 0 1
    outer loop
      vertex 72.2 22.5 2
      vertex 62.3579 18.1728 2
      vertex 62.5225 17.9695 2
    endloop
  endfacet
  facet normal -0 0 1
    outer loop
      vertex 62.05 42.3349 2
      vertex 72.2 22.5 2
      vertex 62.2695 42.4775 2
    endloop
  endfacet
  facet normal 0 0 1
    outer loop
      vertex 72.2 22.5 2
      vertex 62.1728 18.3579 2
      vertex 62.3579 18.1728 2
    endloop
  endfacet
  facet normal -0 0 1
    outer loop
      vertex 61.8168 42.2161 2
      vertex 72.2 22.5 2
      vertex 62.05 42.3349 2
    endloop
  endfacet
  facet normal 0 0 1
    outer loop
      vertex 72.2 22.5 2
      vertex 61.9695 18.5225 2
      vertex 62.1728 18.3579 2
    endloop
  endfacet
  facet normal -0 0 1
    outer loop
      vertex 61.5725 42.1224 2
      vertex 72.2 22.5 2
      vertex 61.8168 42.2161 2
    endloop
  endfacet
  facet normal 0 0 1
    outer loop
      vertex 72.2 22.5 2
      vertex 61.75 18.6651 2
      vertex 61.9695 18.5225 2
    endloop
  endfacet
  facet normal -0 0 1
    outer loop
      vertex 61.3198 42.0546 2
      vertex 72.2 22.5 2
      vertex 61.5725 42.1224 2
    endloop
  endfacet
  facet normal 0 0 1
    outer loop
      vertex 72.2 22.5 2
      vertex 61.5168 18.7839 2
      vertex 61.75 18.6651 2
    endloop
  endfacet
  facet normal 0 0 1
    outer loop
      vertex 61.0198 18.9454 2
      vertex 72.2 22.5 2
      vertex 61.3198 42.0546 2
    endloop
  endfacet
  facet normal 0 0 1
    outer loop
      vertex 72.2 22.5 2
      vertex 61.2725 18.8776 2
      vertex 61.5168 18.7839 2
    endloop
  endfacet
  facet normal 0 0 1
    outer loop
      vertex 61.0198 18.9454 2
      vertex 61.3198 42.0546 2
      vertex 61.0613 42.0137 2
    endloop
  endfacet
  facet normal 0 0 1
    outer loop
      vertex 72.2 22.5 2
      vertex 61.0198 18.9454 2
      vertex 61.2725 18.8776 2
    endloop
  endfacet
  facet normal 0 0 1
    outer loop
      vertex 60.7613 18.9863 2
      vertex 61.0613 42.0137 2
      vertex 60.8 42 2
    endloop
  endfacet
  facet normal 0 0 1
    outer loop
      vertex 61.0613 42.0137 2
      vertex 60.7613 18.9863 2
      vertex 61.0198 18.9454 2
    endloop
  endfacet
  facet normal 0 0 1
    outer loop
      vertex 60.5 19 2
      vertex 60.8 42 2
      vertex 60.5387 42.0137 2
    endloop
  endfacet
  facet normal 0 0 1
    outer loop
      vertex 60.8 42 2
      vertex 60.5 19 2
      vertex 60.7613 18.9863 2
    endloop
  endfacet
  facet normal 0 0 1
    outer loop
      vertex 60.2387 18.9863 2
      vertex 60.5387 42.0137 2
      vertex 60.2802 42.0546 2
    endloop
  endfacet
  facet normal 0 0 1
    outer loop
      vertex 60.5387 42.0137 2
      vertex 60.2387 18.9863 2
      vertex 60.5 19 2
    endloop
  endfacet
  facet normal 0 0 1
    outer loop
      vertex 59.9802 18.9454 2
      vertex 60.2802 42.0546 2
      vertex 60.0275 42.1224 2
    endloop
  endfacet
  facet normal 0 0 1
    outer loop
      vertex 60.2802 42.0546 2
      vertex 59.9802 18.9454 2
      vertex 60.2387 18.9863 2
    endloop
  endfacet
  facet normal 0 0 1
    outer loop
      vertex 59.7275 18.8776 2
      vertex 60.0275 42.1224 2
      vertex 59.7832 42.2161 2
    endloop
  endfacet
  facet normal 0 0 1
    outer loop
      vertex 60.0275 42.1224 2
      vertex 59.7275 18.8776 2
      vertex 59.9802 18.9454 2
    endloop
  endfacet
  facet normal 0 0 1
    outer loop
      vertex 59.4832 18.7839 2
      vertex 59.7832 42.2161 2
      vertex 59.55 42.3349 2
    endloop
  endfacet
  facet normal 0 0 1
    outer loop
      vertex 59.7832 42.2161 2
      vertex 59.4832 18.7839 2
      vertex 59.7275 18.8776 2
    endloop
  endfacet
  facet normal 0 0 1
    outer loop
      vertex 59.25 18.6651 2
      vertex 59.55 42.3349 2
      vertex 59.3305 42.4775 2
    endloop
  endfacet
  facet normal 0 0 1
    outer loop
      vertex 59.55 42.3349 2
      vertex 59.25 18.6651 2
      vertex 59.4832 18.7839 2
    endloop
  endfacet
  facet normal 0 0 1
    outer loop
      vertex 59.0305 18.5225 2
      vertex 59.3305 42.4775 2
      vertex 59.1272 42.6421 2
    endloop
  endfacet
  facet normal 0 0 1
    outer loop
      vertex 59.3305 42.4775 2
      vertex 59.0305 18.5225 2
      vertex 59.25 18.6651 2
    endloop
  endfacet
  facet normal 0 0 1
    outer loop
      vertex 58.8272 18.3579 2
      vertex 59.1272 42.6421 2
      vertex 58.9421 42.8272 2
    endloop
  endfacet
  facet normal 0 0 1
    outer loop
      vertex 59.1272 42.6421 2
      vertex 58.8272 18.3579 2
      vertex 59.0305 18.5225 2
    endloop
  endfacet
  facet normal 0 0 1
    outer loop
      vertex 58.6421 18.1728 2
      vertex 58.9421 42.8272 2
      vertex 58.7775 43.0305 2
    endloop
  endfacet
  facet normal 0 0 1
    outer loop
      vertex 58.9421 42.8272 2
      vertex 58.6421 18.1728 2
      vertex 58.8272 18.3579 2
    endloop
  endfacet
  facet normal 0 0 1
    outer loop
      vertex 58.4775 17.9695 2
      vertex 58.7775 43.0305 2
      vertex 58.6349 43.25 2
    endloop
  endfacet
  facet normal 0 0 1
    outer loop
      vertex 17.9863 16.7613 2
      vertex 58.6349 43.25 2
      vertex 58.5161 43.4832 2
    endloop
  endfacet
  facet normal 0 0 1
    outer loop
      vertex 58.7775 43.0305 2
      vertex 58.4775 17.9695 2
      vertex 58.6421 18.1728 2
    endloop
  endfacet
  facet normal 0 0 1
    outer loop
      vertex 17.9863 16.7613 2
      vertex 58.5161 43.4832 2
      vertex 58.4224 43.7275 2
    endloop
  endfacet
  facet normal 0 0 1
    outer loop
      vertex 17.9863 16.7613 2
      vertex 58.4224 43.7275 2
      vertex 58.3546 43.9802 2
    endloop
  endfacet
  facet normal 0 0 1
    outer loop
      vertex 58.6349 43.25 2
      vertex 58.3349 17.75 2
      vertex 58.4775 17.9695 2
    endloop
  endfacet
  facet normal 0 0 1
    outer loop
      vertex 17.9863 16.7613 2
      vertex 58.3546 43.9802 2
      vertex 58.3137 44.2387 2
    endloop
  endfacet
  facet normal 0 0 1
    outer loop
      vertex 58.4224 45.2725 2
      vertex 21.1 44.5 2
      vertex 58.3546 45.0198 2
    endloop
  endfacet
  facet normal 0 0 1
    outer loop
      vertex 58.6349 43.25 2
      vertex 17.9863 16.7613 2
      vertex 58.3349 17.75 2
    endloop
  endfacet
  facet normal -0 0 1
    outer loop
      vertex 63.1776 72.7275 2
      vertex 72.2 70.5 2
      vertex 63.2454 72.9802 2
    endloop
  endfacet
  facet normal 0 0 1
    outer loop
      vertex 72.2 69.5 2
      vertex 63.2863 44.7613 2
      vertex 63.3 44.5 2
    endloop
  endfacet
  facet normal -0 0 1
    outer loop
      vertex 63.0839 72.4832 2
      vertex 72.2 70.5 2
      vertex 63.1776 72.7275 2
    endloop
  endfacet
  facet normal 0 0 1
    outer loop
      vertex 72.2 69.5 2
      vertex 63.2454 45.0198 2
      vertex 63.2863 44.7613 2
    endloop
  endfacet
  facet normal -0 0 1
    outer loop
      vertex 62.9651 72.25 2
      vertex 72.2 70.5 2
      vertex 63.0839 72.4832 2
    endloop
  endfacet
  facet normal 0 0 1
    outer loop
      vertex 72.2 69.5 2
      vertex 63.1776 45.2725 2
      vertex 63.2454 45.0198 2
    endloop
  endfacet
  facet normal 0 0 1
    outer loop
      vertex 72.2 70.5 2
      vertex 62.9651 72.25 2
      vertex 72.2 69.5 2
    endloop
  endfacet
  facet normal 0 0 1
    outer loop
      vertex 72.2 69.5 2
      vertex 63.0839 45.5168 2
      vertex 63.1776 45.2725 2
    endloop
  endfacet
  facet normal -0 0 1
    outer loop
      vertex 62.8225 72.0305 2
      vertex 72.2 69.5 2
      vertex 62.9651 72.25 2
    endloop
  endfacet
  facet normal 0 0 1
    outer loop
      vertex 72.2 69.5 2
      vertex 62.9651 45.75 2
      vertex 63.0839 45.5168 2
    endloop
  endfacet
  facet normal -0 0 1
    outer loop
      vertex 62.6579 71.8272 2
      vertex 72.2 69.5 2
      vertex 62.8225 72.0305 2
    endloop
  endfacet
  facet normal 0 0 1
    outer loop
      vertex 72.2 69.5 2
      vertex 62.8225 45.9695 2
      vertex 62.9651 45.75 2
    endloop
  endfacet
  facet normal -0 0 1
    outer loop
      vertex 62.4728 71.6421 2
      vertex 72.2 69.5 2
      vertex 62.6579 71.8272 2
    endloop
  endfacet
  facet normal 0 0 1
    outer loop
      vertex 72.2 69.5 2
      vertex 62.6579 46.1728 2
      vertex 62.8225 45.9695 2
    endloop
  endfacet
  facet normal -0 0 1
    outer loop
      vertex 62.2695 71.4775 2
      vertex 72.2 69.5 2
      vertex 62.4728 71.6421 2
    endloop
  endfacet
  facet normal 0 0 1
    outer loop
      vertex 72.2 69.5 2
      vertex 62.4728 46.3579 2
      vertex 62.6579 46.1728 2
    endloop
  endfacet
  facet normal -0 0 1
    outer loop
      vertex 62.05 71.3349 2
      vertex 72.2 69.5 2
      vertex 62.2695 71.4775 2
    endloop
  endfacet
  facet normal 0 0 1
    outer loop
      vertex 72.2 69.5 2
      vertex 62.2695 46.5225 2
      vertex 62.4728 46.3579 2
    endloop
  endfacet
  facet normal -0 0 1
    outer loop
      vertex 61.8168 71.2161 2
      vertex 72.2 69.5 2
      vertex 62.05 71.3349 2
    endloop
  endfacet
  facet normal 0 0 1
    outer loop
      vertex 72.2 69.5 2
      vertex 62.05 46.6651 2
      vertex 62.2695 46.5225 2
    endloop
  endfacet
  facet normal -0 0 1
    outer loop
      vertex 61.5725 71.1224 2
      vertex 72.2 69.5 2
      vertex 61.8168 71.2161 2
    endloop
  endfacet
  facet normal 0 0 1
    outer loop
      vertex 72.2 69.5 2
      vertex 61.8168 46.7839 2
      vertex 62.05 46.6651 2
    endloop
  endfacet
  facet normal 0 0 1
    outer loop
      vertex 61.5725 46.8776 2
      vertex 72.2 69.5 2
      vertex 61.5725 71.1224 2
    endloop
  endfacet
  facet normal 0 0 1
    outer loop
      vertex 72.2 69.5 2
      vertex 61.5725 46.8776 2
      vertex 61.8168 46.7839 2
    endloop
  endfacet
  facet normal -0 0 1
    outer loop
      vertex 61.3198 71.0546 2
      vertex 61.5725 46.8776 2
      vertex 61.5725 71.1224 2
    endloop
  endfacet
  facet normal 0 0 1
    outer loop
      vertex 61.3198 71.0546 2
      vertex 61.3198 46.9454 2
      vertex 61.5725 46.8776 2
    endloop
  endfacet
  facet normal -0 0 1
    outer loop
      vertex 61.0613 71.0137 2
      vertex 61.3198 46.9454 2
      vertex 61.3198 71.0546 2
    endloop
  endfacet
  facet normal 0 0 1
    outer loop
      vertex 61.0613 71.0137 2
      vertex 61.0613 46.9863 2
      vertex 61.3198 46.9454 2
    endloop
  endfacet
  facet normal -0 0 1
    outer loop
      vertex 60.8 71 2
      vertex 61.0613 46.9863 2
      vertex 61.0613 71.0137 2
    endloop
  endfacet
  facet normal 0 0 1
    outer loop
      vertex 60.8 71 2
      vertex 60.8 47 2
      vertex 61.0613 46.9863 2
    endloop
  endfacet
  facet normal 0 0 1
    outer loop
      vertex 60.5387 71.0137 2
      vertex 60.8 47 2
      vertex 60.8 71 2
    endloop
  endfacet
  facet normal 0 0 1
    outer loop
      vertex 60.5387 71.0137 2
      vertex 60.5387 46.9863 2
      vertex 60.8 47 2
    endloop
  endfacet
  facet normal 0 0 1
    outer loop
      vertex 60.2802 71.0546 2
      vertex 60.5387 46.9863 2
      vertex 60.5387 71.0137 2
    endloop
  endfacet
  facet normal 0 0 1
    outer loop
      vertex 60.2802 71.0546 2
      vertex 60.2802 46.9454 2
      vertex 60.5387 46.9863 2
    endloop
  endfacet
  facet normal 0 0 1
    outer loop
      vertex 60.0275 71.1224 2
      vertex 60.2802 46.9454 2
      vertex 60.2802 71.0546 2
    endloop
  endfacet
  facet normal 0 0 1
    outer loop
      vertex 60.0275 71.1224 2
      vertex 60.0275 46.8776 2
      vertex 60.2802 46.9454 2
    endloop
  endfacet
  facet normal 0 0 1
    outer loop
      vertex 59.7832 71.2161 2
      vertex 60.0275 46.8776 2
      vertex 60.0275 71.1224 2
    endloop
  endfacet
  facet normal 0 0 1
    outer loop
      vertex 59.7832 71.2161 2
      vertex 59.7832 46.7839 2
      vertex 60.0275 46.8776 2
    endloop
  endfacet
  facet normal 0 0 1
    outer loop
      vertex 59.55 71.3349 2
      vertex 59.7832 46.7839 2
      vertex 59.7832 71.2161 2
    endloop
  endfacet
  facet normal 0 0 1
    outer loop
      vertex 59.55 71.3349 2
      vertex 59.55 46.6651 2
      vertex 59.7832 46.7839 2
    endloop
  endfacet
  facet normal 0 0 1
    outer loop
      vertex 59.3305 71.4775 2
      vertex 59.55 46.6651 2
      vertex 59.55 71.3349 2
    endloop
  endfacet
  facet normal 0 0 1
    outer loop
      vertex 59.3305 71.4775 2
      vertex 59.3305 46.5225 2
      vertex 59.55 46.6651 2
    endloop
  endfacet
  facet normal 0 0 1
    outer loop
      vertex 59.1272 71.6421 2
      vertex 59.3305 46.5225 2
      vertex 59.3305 71.4775 2
    endloop
  endfacet
  facet normal 0 0 1
    outer loop
      vertex 59.1272 71.6421 2
      vertex 59.1272 46.3579 2
      vertex 59.3305 46.5225 2
    endloop
  endfacet
  facet normal 0 0 1
    outer loop
      vertex 58.9421 71.8272 2
      vertex 59.1272 46.3579 2
      vertex 59.1272 71.6421 2
    endloop
  endfacet
  facet normal 0 0 1
    outer loop
      vertex 58.9421 71.8272 2
      vertex 58.9421 46.1728 2
      vertex 59.1272 46.3579 2
    endloop
  endfacet
  facet normal 0 0 1
    outer loop
      vertex 58.7775 72.0305 2
      vertex 58.9421 46.1728 2
      vertex 58.9421 71.8272 2
    endloop
  endfacet
  facet normal 0 0 1
    outer loop
      vertex 58.7775 72.0305 2
      vertex 58.7775 45.9695 2
      vertex 58.9421 46.1728 2
    endloop
  endfacet
  facet normal 0 0 1
    outer loop
      vertex 42.5 82.2 2
      vertex 58.7775 72.0305 2
      vertex 58.6349 72.25 2
    endloop
  endfacet
  facet normal 0 0 1
    outer loop
      vertex 20.9776 72.7275 2
      vertex 33.5 82.2 2
      vertex 21.0454 72.9802 2
    endloop
  endfacet
  facet normal 0 0 1
    outer loop
      vertex 42.5 82.2 2
      vertex 58.6349 72.25 2
      vertex 58.5161 72.4832 2
    endloop
  endfacet
  facet normal -0 0 1
    outer loop
      vertex 32.5 82.2 2
      vertex 21.0454 72.9802 2
      vertex 33.5 82.2 2
    endloop
  endfacet
  facet normal 0 0 1
    outer loop
      vertex 43.5 82.2 2
      vertex 58.5161 72.4832 2
      vertex 58.4224 72.7275 2
    endloop
  endfacet
  facet normal 0 0 1
    outer loop
      vertex 21.0454 72.9802 2
      vertex 32.5 82.2 2
      vertex 21.0863 73.2387 2
    endloop
  endfacet
  facet normal 0 0 1
    outer loop
      vertex 43.5 82.2 2
      vertex 58.4224 72.7275 2
      vertex 58.3546 72.9802 2
    endloop
  endfacet
  facet normal 0 0 1
    outer loop
      vertex 20.8839 72.4832 2
      vertex 33.5 82.2 2
      vertex 20.9776 72.7275 2
    endloop
  endfacet
  facet normal 0 0 1
    outer loop
      vertex 43.5 82.2 2
      vertex 58.3546 72.9802 2
      vertex 58.3137 73.2387 2
    endloop
  endfacet
  facet normal 0 0 1
    outer loop
      vertex 58.7775 45.9695 2
      vertex 21.1 44.5 2
      vertex 58.6349 45.75 2
    endloop
  endfacet
  facet normal 0 0 1
    outer loop
      vertex 43.5 82.2 2
      vertex 58.3137 73.2387 2
      vertex 58.3 73.5 2
    endloop
  endfacet
  facet normal 0 0 1
    outer loop
      vertex 21.0863 73.2387 2
      vertex 32.5 82.2 2
      vertex 21.1 73.5 2
    endloop
  endfacet
  facet normal 0 0 1
    outer loop
      vertex 71.5 82.2 2
      vertex 72.2 80.5 2
      vertex 72.2 81.5 2
    endloop
  endfacet
  facet normal 0 0 1
    outer loop
      vertex 72.2 80.5 2
      vertex 71.5 82.2 2
      vertex 72.2 79.5 2
    endloop
  endfacet
  facet normal 0 -0 1
    outer loop
      vertex 63.2454 74.0198 2
      vertex 72.2 79.5 2
      vertex 63.1776 74.2725 2
    endloop
  endfacet
  facet normal -0 -0 1
    outer loop
      vertex 63.2863 73.7613 2
      vertex 72.2 70.5 2
      vertex 63.2454 74.0198 2
    endloop
  endfacet
  facet normal 0 0 1
    outer loop
      vertex 72.2 69.5 2
      vertex 63.3 44.5 2
      vertex 72.2 22.5 2
    endloop
  endfacet
  facet normal -0 0 1
    outer loop
      vertex 63.2863 44.2387 2
      vertex 72.2 22.5 2
      vertex 63.3 44.5 2
    endloop
  endfacet
  facet normal -0 0 1
    outer loop
      vertex 63.2454 43.9802 2
      vertex 72.2 22.5 2
      vertex 63.2863 44.2387 2
    endloop
  endfacet
  facet normal -0 0 1
    outer loop
      vertex 63.1776 43.7275 2
      vertex 72.2 22.5 2
      vertex 63.2454 43.9802 2
    endloop
  endfacet
  facet normal 0 0 1
    outer loop
      vertex 71.5 82.2 2
      vertex 72.2 81.5 2
      vertex 72.1962 81.5732 2
    endloop
  endfacet
  facet normal -0 0 1
    outer loop
      vertex 63.0839 43.4832 2
      vertex 72.2 22.5 2
      vertex 63.1776 43.7275 2
    endloop
  endfacet
  facet normal 0 0 1
    outer loop
      vertex 71.5 82.2 2
      vertex 72.1962 81.5732 2
      vertex 72.1847 81.6455 2
    endloop
  endfacet
  facet normal -0 0 1
    outer loop
      vertex 62.9651 43.25 2
      vertex 72.2 22.5 2
      vertex 63.0839 43.4832 2
    endloop
  endfacet
  facet normal 0 0 1
    outer loop
      vertex 71.5 82.2 2
      vertex 72.1847 81.6455 2
      vertex 72.1657 81.7163 2
    endloop
  endfacet
  facet normal 0 0 1
    outer loop
      vertex 62.9863 16.7613 2
      vertex 72.2 21.5 2
      vertex 72.2 22.5 2
    endloop
  endfacet
  facet normal 0 0 1
    outer loop
      vertex 71.5 82.2 2
      vertex 72.1657 81.7163 2
      vertex 72.1395 81.7847 2
    endloop
  endfacet
  facet normal -0 0 1
    outer loop
      vertex 62.9863 16.7613 2
      vertex 72.2 12.5 2
      vertex 72.2 21.5 2
    endloop
  endfacet
  facet normal 0 0 1
    outer loop
      vertex 71.5 82.2 2
      vertex 72.1395 81.7847 2
      vertex 72.1062 81.85 2
    endloop
  endfacet
  facet normal -0 0 1
    outer loop
      vertex 62.9863 16.2387 2
      vertex 72.2 12.5 2
      vertex 63 16.5 2
    endloop
  endfacet
  facet normal 0 0 1
    outer loop
      vertex 71.5 82.2 2
      vertex 72.1062 81.85 2
      vertex 72.0663 81.9114 2
    endloop
  endfacet
  facet normal -0 0 1
    outer loop
      vertex 62.9454 15.9802 2
      vertex 72.2 12.5 2
      vertex 62.9863 16.2387 2
    endloop
  endfacet
  facet normal 0 0 1
    outer loop
      vertex 71.5 82.2 2
      vertex 72.0663 81.9114 2
      vertex 72.0202 81.9684 2
    endloop
  endfacet
  facet normal -0 0 1
    outer loop
      vertex 62.8776 15.7275 2
      vertex 72.2 12.5 2
      vertex 62.9454 15.9802 2
    endloop
  endfacet
  facet normal 0 0 1
    outer loop
      vertex 71.5 82.2 2
      vertex 72.0202 81.9684 2
      vertex 71.9684 82.0202 2
    endloop
  endfacet
  facet normal -0 0 1
    outer loop
      vertex 62.7839 15.4832 2
      vertex 72.2 12.5 2
      vertex 62.8776 15.7275 2
    endloop
  endfacet
  facet normal 0 0 1
    outer loop
      vertex 71.5 82.2 2
      vertex 71.9684 82.0202 2
      vertex 71.9114 82.0663 2
    endloop
  endfacet
  facet normal -0 0 1
    outer loop
      vertex 62.6651 15.25 2
      vertex 72.2 12.5 2
      vertex 62.7839 15.4832 2
    endloop
  endfacet
  facet normal 0 0 1
    outer loop
      vertex 71.5 82.2 2
      vertex 71.9114 82.0663 2
      vertex 71.85 82.1062 2
    endloop
  endfacet
  facet normal -0 0 1
    outer loop
      vertex 62.5225 15.0305 2
      vertex 72.2 12.5 2
      vertex 62.6651 15.25 2
    endloop
  endfacet
  facet normal 0 0 1
    outer loop
      vertex 71.5 82.2 2
      vertex 71.85 82.1062 2
      vertex 71.7847 82.1395 2
    endloop
  endfacet
  facet normal 0 0 1
    outer loop
      vertex 72.2 12.5 2
      vertex 62.5225 15.0305 2
      vertex 72.2 11.5 2
    endloop
  endfacet
  facet normal 0 0 1
    outer loop
      vertex 71.5 82.2 2
      vertex 71.7847 82.1395 2
      vertex 71.7163 82.1657 2
    endloop
  endfacet
  facet normal -0 0 1
    outer loop
      vertex 62.3579 14.8272 2
      vertex 72.2 11.5 2
      vertex 62.5225 15.0305 2
    endloop
  endfacet
  facet normal 0 0 1
    outer loop
      vertex 71.5 82.2 2
      vertex 71.7163 82.1657 2
      vertex 71.6455 82.1847 2
    endloop
  endfacet
  facet normal -0 0 1
    outer loop
      vertex 62.1728 14.6421 2
      vertex 72.2 11.5 2
      vertex 62.3579 14.8272 2
    endloop
  endfacet
  facet normal 0 0 1
    outer loop
      vertex 71.5 82.2 2
      vertex 71.6455 82.1847 2
      vertex 71.5732 82.1962 2
    endloop
  endfacet
  facet normal -0 0 1
    outer loop
      vertex 61.9695 14.4775 2
      vertex 72.2 11.5 2
      vertex 62.1728 14.6421 2
    endloop
  endfacet
  facet normal 0 0 1
    outer loop
      vertex 62.4728 75.3579 2
      vertex 72.2 79.5 2
      vertex 71.5 82.2 2
    endloop
  endfacet
  facet normal 0 0 1
    outer loop
      vertex 72.2 11.5 2
      vertex 71.5 3.8 2
      vertex 72.2 4.5 2
    endloop
  endfacet
  facet normal -0 0 1
    outer loop
      vertex 63.2454 72.9802 2
      vertex 72.2 70.5 2
      vertex 63.2863 73.2387 2
    endloop
  endfacet
  facet normal -0 0 1
    outer loop
      vertex 63.2863 73.2387 2
      vertex 72.2 70.5 2
      vertex 63.3 73.5 2
    endloop
  endfacet
  facet normal -0 -0 1
    outer loop
      vertex 63.3 73.5 2
      vertex 72.2 70.5 2
      vertex 63.2863 73.7613 2
    endloop
  endfacet
  facet normal 0 0 1
    outer loop
      vertex 72.2 79.5 2
      vertex 63.2454 74.0198 2
      vertex 72.2 70.5 2
    endloop
  endfacet
  facet normal 0 0 1
    outer loop
      vertex 72.2 79.5 2
      vertex 63.0839 74.5168 2
      vertex 63.1776 74.2725 2
    endloop
  endfacet
  facet normal 0 0 1
    outer loop
      vertex 72.2 79.5 2
      vertex 62.9651 74.75 2
      vertex 63.0839 74.5168 2
    endloop
  endfacet
  facet normal 0 0 1
    outer loop
      vertex 72.2 79.5 2
      vertex 62.8225 74.9695 2
      vertex 62.9651 74.75 2
    endloop
  endfacet
  facet normal 0 0 1
    outer loop
      vertex 72.2 79.5 2
      vertex 62.6579 75.1728 2
      vertex 62.8225 74.9695 2
    endloop
  endfacet
  facet normal 0 0 1
    outer loop
      vertex 72.2 79.5 2
      vertex 62.4728 75.3579 2
      vertex 62.6579 75.1728 2
    endloop
  endfacet
  facet normal 0 0 1
    outer loop
      vertex 71.5 82.2 2
      vertex 62.2695 75.5225 2
      vertex 62.4728 75.3579 2
    endloop
  endfacet
  facet normal 0 0 1
    outer loop
      vertex 71.5 82.2 2
      vertex 62.05 75.6651 2
      vertex 62.2695 75.5225 2
    endloop
  endfacet
  facet normal 0 0 1
    outer loop
      vertex 71.5 82.2 2
      vertex 61.8168 75.7839 2
      vertex 62.05 75.6651 2
    endloop
  endfacet
  facet normal 0 0 1
    outer loop
      vertex 71.5 82.2 2
      vertex 61.5725 75.8776 2
      vertex 61.8168 75.7839 2
    endloop
  endfacet
  facet normal 0 0 1
    outer loop
      vertex 71.5 82.2 2
      vertex 61.3198 75.9454 2
      vertex 61.5725 75.8776 2
    endloop
  endfacet
  facet normal 0 0 1
    outer loop
      vertex 71.5 82.2 2
      vertex 61.0613 75.9863 2
      vertex 61.3198 75.9454 2
    endloop
  endfacet
  facet normal 0 0 1
    outer loop
      vertex 71.5 82.2 2
      vertex 60.8 76 2
      vertex 61.0613 75.9863 2
    endloop
  endfacet
  facet normal 0 0 1
    outer loop
      vertex 71.5 82.2 2
      vertex 60.5387 75.9863 2
      vertex 60.8 76 2
    endloop
  endfacet
  facet normal 0 0 1
    outer loop
      vertex 71.5 82.2 2
      vertex 60.2802 75.9454 2
      vertex 60.5387 75.9863 2
    endloop
  endfacet
  facet normal -0 0 1
    outer loop
      vertex 43.5 82.2 2
      vertex 60.2802 75.9454 2
      vertex 71.5 82.2 2
    endloop
  endfacet
  facet normal 0 0 1
    outer loop
      vertex 60.2802 75.9454 2
      vertex 43.5 82.2 2
      vertex 60.0275 75.8776 2
    endloop
  endfacet
  facet normal 0 0 1
    outer loop
      vertex 60.0275 75.8776 2
      vertex 43.5 82.2 2
      vertex 59.7832 75.7839 2
    endloop
  endfacet
  facet normal 0 0 1
    outer loop
      vertex 58.6349 45.75 2
      vertex 21.1 44.5 2
      vertex 58.5161 45.5168 2
    endloop
  endfacet
  facet normal 0 0 1
    outer loop
      vertex 58.5161 45.5168 2
      vertex 21.1 44.5 2
      vertex 58.4224 45.2725 2
    endloop
  endfacet
  facet normal 0 0 1
    outer loop
      vertex 17.9863 16.7613 2
      vertex 58.2161 17.5168 2
      vertex 58.3349 17.75 2
    endloop
  endfacet
  facet normal 0 0 1
    outer loop
      vertex 17.9863 16.7613 2
      vertex 58.1224 17.2725 2
      vertex 58.2161 17.5168 2
    endloop
  endfacet
  facet normal 0 0 1
    outer loop
      vertex 58.5161 72.4832 2
      vertex 43.5 82.2 2
      vertex 42.5 82.2 2
    endloop
  endfacet
  facet normal 0 0 1
    outer loop
      vertex 58.1224 17.2725 2
      vertex 42.5 3.8 2
      vertex 58.0546 17.0198 2
    endloop
  endfacet
  facet normal 0 0 1
    outer loop
      vertex 58.3137 73.7613 2
      vertex 43.5 82.2 2
      vertex 58.3 73.5 2
    endloop
  endfacet
  facet normal 0 0 1
    outer loop
      vertex 58.3546 74.0198 2
      vertex 43.5 82.2 2
      vertex 58.3137 73.7613 2
    endloop
  endfacet
  facet normal 0 0 1
    outer loop
      vertex 58.4224 74.2725 2
      vertex 43.5 82.2 2
      vertex 58.3546 74.0198 2
    endloop
  endfacet
  facet normal 0 0 1
    outer loop
      vertex 58.5161 74.5168 2
      vertex 43.5 82.2 2
      vertex 58.4224 74.2725 2
    endloop
  endfacet
  facet normal 0 0 1
    outer loop
      vertex 58.6349 74.75 2
      vertex 43.5 82.2 2
      vertex 58.5161 74.5168 2
    endloop
  endfacet
  facet normal 0 0 1
    outer loop
      vertex 58.7775 74.9695 2
      vertex 43.5 82.2 2
      vertex 58.6349 74.75 2
    endloop
  endfacet
  facet normal 0 0 1
    outer loop
      vertex 58.9421 75.1728 2
      vertex 43.5 82.2 2
      vertex 58.7775 74.9695 2
    endloop
  endfacet
  facet normal 0 0 1
    outer loop
      vertex 59.1272 75.3579 2
      vertex 43.5 82.2 2
      vertex 58.9421 75.1728 2
    endloop
  endfacet
  facet normal 0 0 1
    outer loop
      vertex 59.3305 75.5225 2
      vertex 43.5 82.2 2
      vertex 59.1272 75.3579 2
    endloop
  endfacet
  facet normal 0 0 1
    outer loop
      vertex 59.55 75.6651 2
      vertex 43.5 82.2 2
      vertex 59.3305 75.5225 2
    endloop
  endfacet
  facet normal 0 0 1
    outer loop
      vertex 59.7832 75.7839 2
      vertex 43.5 82.2 2
      vertex 59.55 75.6651 2
    endloop
  endfacet
  facet normal -0 0 1
    outer loop
      vertex 72.2 12.5 2
      vertex 73.6 11.5 2
      vertex 73.6 12.5 2
    endloop
  endfacet
  facet normal 0 0 1
    outer loop
      vertex 73.6 11.5 2
      vertex 72.2 12.5 2
      vertex 72.2 11.5 2
    endloop
  endfacet
  facet normal -0 0 1
    outer loop
      vertex 72.2 22.5 2
      vertex 73.6 21.5 2
      vertex 73.6 22.5 2
    endloop
  endfacet
  facet normal 0 0 1
    outer loop
      vertex 73.6 21.5 2
      vertex 72.2 22.5 2
      vertex 72.2 21.5 2
    endloop
  endfacet
  facet normal -0 0 1
    outer loop
      vertex 72.2 70.5 2
      vertex 73.6 69.5 2
      vertex 73.6 70.5 2
    endloop
  endfacet
  facet normal 0 0 1
    outer loop
      vertex 73.6 69.5 2
      vertex 72.2 70.5 2
      vertex 72.2 69.5 2
    endloop
  endfacet
  facet normal -0 0 1
    outer loop
      vertex 72.2 80.5 2
      vertex 73.6 79.5 2
      vertex 73.6 80.5 2
    endloop
  endfacet
  facet normal 0 0 1
    outer loop
      vertex 73.6 79.5 2
      vertex 72.2 80.5 2
      vertex 72.2 79.5 2
    endloop
  endfacet
  facet normal 0 0 1
    outer loop
      vertex 73.6 81.5 2
      vertex 76 81.5 2
      vertex 75.9753 81.9704 2
    endloop
  endfacet
  facet normal 0 0 1
    outer loop
      vertex 76 81.5 2
      vertex 73.6 22.5 2
      vertex 76 4.5 2
    endloop
  endfacet
  facet normal 0 0 1
    outer loop
      vertex 73.5885 81.7195 2
      vertex 75.9753 81.9704 2
      vertex 75.9017 82.4356 2
    endloop
  endfacet
  facet normal -0 0 1
    outer loop
      vertex 73.6 21.5 2
      vertex 76 4.5 2
      vertex 73.6 22.5 2
    endloop
  endfacet
  facet normal 0 0 1
    outer loop
      vertex 73.5541 81.9366 2
      vertex 75.9017 82.4356 2
      vertex 75.7798 82.8906 2
    endloop
  endfacet
  facet normal -0 0 1
    outer loop
      vertex 73.6 12.5 2
      vertex 76 4.5 2
      vertex 73.6 21.5 2
    endloop
  endfacet
  facet normal 0 0 1
    outer loop
      vertex 73.4972 82.1489 2
      vertex 75.7798 82.8906 2
      vertex 75.611 83.3303 2
    endloop
  endfacet
  facet normal -0 0 1
    outer loop
      vertex 73.6 11.5 2
      vertex 76 4.5 2
      vertex 73.6 12.5 2
    endloop
  endfacet
  facet normal 0 0 1
    outer loop
      vertex 73.4184 82.3541 2
      vertex 75.611 83.3303 2
      vertex 75.3971 83.75 2
    endloop
  endfacet
  facet normal 0 0 1
    outer loop
      vertex 73.6 4.5 2
      vertex 76 4.5 2
      vertex 73.6 11.5 2
    endloop
  endfacet
  facet normal 0 0 1
    outer loop
      vertex 73.3186 82.55 2
      vertex 75.3971 83.75 2
      vertex 75.1406 84.145 2
    endloop
  endfacet
  facet normal 0 0 1
    outer loop
      vertex 76 4.5 2
      vertex 73.6 4.5 2
      vertex 75.9753 4.02962 2
    endloop
  endfacet
  facet normal 0 0 1
    outer loop
      vertex 73.1989 82.7344 2
      vertex 75.1406 84.145 2
      vertex 74.8442 84.5111 2
    endloop
  endfacet
  facet normal -0 0 1
    outer loop
      vertex 73.5885 4.28049 2
      vertex 75.9753 4.02962 2
      vertex 73.6 4.5 2
    endloop
  endfacet
  facet normal 0 0 1
    outer loop
      vertex 73.0606 82.9052 2
      vertex 74.8442 84.5111 2
      vertex 74.5111 84.8442 2
    endloop
  endfacet
  facet normal 0 0 1
    outer loop
      vertex 75.9753 4.02962 2
      vertex 73.5885 4.28049 2
      vertex 75.9017 3.5644 2
    endloop
  endfacet
  facet normal 0 0 1
    outer loop
      vertex 72.9052 83.0606 2
      vertex 74.5111 84.8442 2
      vertex 74.145 85.1406 2
    endloop
  endfacet
  facet normal 0 0 1
    outer loop
      vertex 76 81.5 2
      vertex 73.6 69.5 2
      vertex 73.6 22.5 2
    endloop
  endfacet
  facet normal 0 0 1
    outer loop
      vertex 72.7344 83.1989 2
      vertex 74.145 85.1406 2
      vertex 73.75 85.3971 2
    endloop
  endfacet
  facet normal 0 0 1
    outer loop
      vertex 76 81.5 2
      vertex 73.6 70.5 2
      vertex 73.6 69.5 2
    endloop
  endfacet
  facet normal 0 0 1
    outer loop
      vertex 76 81.5 2
      vertex 73.6 81.5 2
      vertex 73.6 80.5 2
    endloop
  endfacet
  facet normal 0 0 1
    outer loop
      vertex 75.9753 81.9704 2
      vertex 73.5885 81.7195 2
      vertex 73.6 81.5 2
    endloop
  endfacet
  facet normal 0 0 1
    outer loop
      vertex 75.9017 82.4356 2
      vertex 73.5541 81.9366 2
      vertex 73.5885 81.7195 2
    endloop
  endfacet
  facet normal 0 0 1
    outer loop
      vertex 75.7798 82.8906 2
      vertex 73.4972 82.1489 2
      vertex 73.5541 81.9366 2
    endloop
  endfacet
  facet normal 0 0 1
    outer loop
      vertex 75.611 83.3303 2
      vertex 73.4184 82.3541 2
      vertex 73.4972 82.1489 2
    endloop
  endfacet
  facet normal 0 0 1
    outer loop
      vertex 72.55 83.3186 2
      vertex 73.75 85.3971 2
      vertex 73.3303 85.611 2
    endloop
  endfacet
  facet normal 0 0 1
    outer loop
      vertex 75.3971 83.75 2
      vertex 73.3186 82.55 2
      vertex 73.4184 82.3541 2
    endloop
  endfacet
  facet normal 0 0 1
    outer loop
      vertex 75.1406 84.145 2
      vertex 73.1989 82.7344 2
      vertex 73.3186 82.55 2
    endloop
  endfacet
  facet normal 0 0 1
    outer loop
      vertex 74.8442 84.5111 2
      vertex 73.0606 82.9052 2
      vertex 73.1989 82.7344 2
    endloop
  endfacet
  facet normal 0 0 1
    outer loop
      vertex 74.5111 84.8442 2
      vertex 72.9052 83.0606 2
      vertex 73.0606 82.9052 2
    endloop
  endfacet
  facet normal 0 0 1
    outer loop
      vertex 72.3541 83.4184 2
      vertex 73.3303 85.611 2
      vertex 72.8906 85.7798 2
    endloop
  endfacet
  facet normal 0 0 1
    outer loop
      vertex 74.145 85.1406 2
      vertex 72.7344 83.1989 2
      vertex 72.9052 83.0606 2
    endloop
  endfacet
  facet normal 0 0 1
    outer loop
      vertex 73.75 85.3971 2
      vertex 72.55 83.3186 2
      vertex 72.7344 83.1989 2
    endloop
  endfacet
  facet normal 0 0 1
    outer loop
      vertex 72.1489 83.4972 2
      vertex 72.8906 85.7798 2
      vertex 72.4356 85.9017 2
    endloop
  endfacet
  facet normal 0 0 1
    outer loop
      vertex 73.3303 85.611 2
      vertex 72.3541 83.4184 2
      vertex 72.55 83.3186 2
    endloop
  endfacet
  facet normal 0 0 1
    outer loop
      vertex 72.8906 85.7798 2
      vertex 72.1489 83.4972 2
      vertex 72.3541 83.4184 2
    endloop
  endfacet
  facet normal 0 0 1
    outer loop
      vertex 71.9366 83.5541 2
      vertex 72.4356 85.9017 2
      vertex 71.9704 85.9753 2
    endloop
  endfacet
  facet normal 0 0 1
    outer loop
      vertex 72.4356 85.9017 2
      vertex 71.9366 83.5541 2
      vertex 72.1489 83.4972 2
    endloop
  endfacet
  facet normal 0 0 1
    outer loop
      vertex 71.9704 85.9753 2
      vertex 71.7195 83.5885 2
      vertex 71.9366 83.5541 2
    endloop
  endfacet
  facet normal 0 0 1
    outer loop
      vertex 71.5 86 2
      vertex 71.7195 83.5885 2
      vertex 71.9704 85.9753 2
    endloop
  endfacet
  facet normal 0 0 1
    outer loop
      vertex 71.5 86 2
      vertex 71.5 83.6 2
      vertex 71.7195 83.5885 2
    endloop
  endfacet
  facet normal 0 0 1
    outer loop
      vertex 71.5 86 2
      vertex 43.5 83.6 2
      vertex 71.5 83.6 2
    endloop
  endfacet
  facet normal 0 0 1
    outer loop
      vertex 42.5 82.2 2
      vertex 43.5 82.2 2
      vertex 43.5 83.6 2
    endloop
  endfacet
  facet normal 0 0 1
    outer loop
      vertex 58.0546 17.0198 2
      vertex 42.5 3.8 2
      vertex 58.0137 16.7613 2
    endloop
  endfacet
  facet normal 0 0 1
    outer loop
      vertex 42.5 82.2 2
      vertex 43.5 83.6 2
      vertex 42.5 83.6 2
    endloop
  endfacet
  facet normal 0 0 1
    outer loop
      vertex 71.5 86 2
      vertex 42.5 83.6 2
      vertex 43.5 83.6 2
    endloop
  endfacet
  facet normal 0 0 1
    outer loop
      vertex 71.5 86 2
      vertex 33.5 83.6 2
      vertex 42.5 83.6 2
    endloop
  endfacet
  facet normal 0 0 1
    outer loop
      vertex 32.5 82.2 2
      vertex 33.5 82.2 2
      vertex 33.5 83.6 2
    endloop
  endfacet
  facet normal 0 0 1
    outer loop
      vertex 58.3137 44.7613 2
      vertex 21.1 44.5 2
      vertex 58.3 44.5 2
    endloop
  endfacet
  facet normal 0 0 1
    outer loop
      vertex 32.5 82.2 2
      vertex 33.5 83.6 2
      vertex 32.5 83.6 2
    endloop
  endfacet
  facet normal -0 0 1
    outer loop
      vertex 4.5 86 2
      vertex 33.5 83.6 2
      vertex 71.5 86 2
    endloop
  endfacet
  facet normal 0 0 1
    outer loop
      vertex 33.5 83.6 2
      vertex 4.5 86 2
      vertex 32.5 83.6 2
    endloop
  endfacet
  facet normal 0 0 1
    outer loop
      vertex 4.5 86 2
      vertex 4.5 83.6 2
      vertex 32.5 83.6 2
    endloop
  endfacet
  facet normal 0 0 1
    outer loop
      vertex 4.5 86 2
      vertex 4.28049 83.5885 2
      vertex 4.5 83.6 2
    endloop
  endfacet
  facet normal -0 0 1
    outer loop
      vertex 4.02962 85.9753 2
      vertex 4.28049 83.5885 2
      vertex 4.5 86 2
    endloop
  endfacet
  facet normal 0 0 1
    outer loop
      vertex 4.28049 83.5885 2
      vertex 4.02962 85.9753 2
      vertex 4.06339 83.5541 2
    endloop
  endfacet
  facet normal -0 0 1
    outer loop
      vertex 3.5644 85.9017 2
      vertex 4.06339 83.5541 2
      vertex 4.02962 85.9753 2
    endloop
  endfacet
  facet normal 0 0 1
    outer loop
      vertex 4.06339 83.5541 2
      vertex 3.5644 85.9017 2
      vertex 3.85106 83.4972 2
    endloop
  endfacet
  facet normal -0 0 1
    outer loop
      vertex 3.10942 85.7798 2
      vertex 3.85106 83.4972 2
      vertex 3.5644 85.9017 2
    endloop
  endfacet
  facet normal 0 0 1
    outer loop
      vertex 3.85106 83.4972 2
      vertex 3.10942 85.7798 2
      vertex 3.64585 83.4184 2
    endloop
  endfacet
  facet normal -0 0 1
    outer loop
      vertex 2.66968 85.611 2
      vertex 3.64585 83.4184 2
      vertex 3.10942 85.7798 2
    endloop
  endfacet
  facet normal 0 0 1
    outer loop
      vertex 3.64585 83.4184 2
      vertex 2.66968 85.611 2
      vertex 3.45 83.3186 2
    endloop
  endfacet
  facet normal -0 0 1
    outer loop
      vertex 2.25 85.3971 2
      vertex 3.45 83.3186 2
      vertex 2.66968 85.611 2
    endloop
  endfacet
  facet normal 0 0 1
    outer loop
      vertex 3.45 83.3186 2
      vertex 2.25 85.3971 2
      vertex 3.26565 83.1989 2
    endloop
  endfacet
  facet normal -0 0 1
    outer loop
      vertex 1.85497 85.1406 2
      vertex 3.26565 83.1989 2
      vertex 2.25 85.3971 2
    endloop
  endfacet
  facet normal 0 0 1
    outer loop
      vertex 3.26565 83.1989 2
      vertex 1.85497 85.1406 2
      vertex 3.09483 83.0606 2
    endloop
  endfacet
  facet normal -0 0 1
    outer loop
      vertex 1.48891 84.8442 2
      vertex 3.09483 83.0606 2
      vertex 1.85497 85.1406 2
    endloop
  endfacet
  facet normal 0 0 1
    outer loop
      vertex 3.09483 83.0606 2
      vertex 1.48891 84.8442 2
      vertex 2.9394 82.9052 2
    endloop
  endfacet
  facet normal -0 0 1
    outer loop
      vertex 1.15585 84.5111 2
      vertex 2.9394 82.9052 2
      vertex 1.48891 84.8442 2
    endloop
  endfacet
  facet normal 0 0 1
    outer loop
      vertex 2.9394 82.9052 2
      vertex 1.15585 84.5111 2
      vertex 2.80106 82.7344 2
    endloop
  endfacet
  facet normal -0 0 1
    outer loop
      vertex 0.859423 84.145 2
      vertex 2.80106 82.7344 2
      vertex 1.15585 84.5111 2
    endloop
  endfacet
  facet normal -0 0 1
    outer loop
      vertex 0 81.5 2
      vertex 2.4 80.5 2
      vertex 2.4 81.5 2
    endloop
  endfacet
  facet normal 0 0 1
    outer loop
      vertex 2.4 80.5 2
      vertex 0 81.5 2
      vertex 2.4 79.5 2
    endloop
  endfacet
  facet normal 0 0 1
    outer loop
      vertex 2.4 79.5 2
      vertex 0 81.5 2
      vertex 2.4 70.5 2
    endloop
  endfacet
  facet normal 0 0 1
    outer loop
      vertex 2.4 70.5 2
      vertex 0 81.5 2
      vertex 2.4 69.5 2
    endloop
  endfacet
  facet normal 0 0 1
    outer loop
      vertex 2.4 69.5 2
      vertex 0 81.5 2
      vertex 2.4 22.5 2
    endloop
  endfacet
  facet normal 0 0 1
    outer loop
      vertex 0 4.5 2
      vertex 2.4 22.5 2
      vertex 0 81.5 2
    endloop
  endfacet
  facet normal 0 0 1
    outer loop
      vertex 2.4 22.5 2
      vertex 0 4.5 2
      vertex 2.4 21.5 2
    endloop
  endfacet
  facet normal 0 0 1
    outer loop
      vertex 2.4 21.5 2
      vertex 0 4.5 2
      vertex 2.4 12.5 2
    endloop
  endfacet
  facet normal 0 0 1
    outer loop
      vertex 2.68135 82.55 2
      vertex 0.602885 83.75 2
      vertex 2.58155 82.3541 2
    endloop
  endfacet
  facet normal -0 0 1
    outer loop
      vertex 0.602885 83.75 2
      vertex 2.68135 82.55 2
      vertex 0.859423 84.145 2
    endloop
  endfacet
  facet normal 0 0 1
    outer loop
      vertex 2.80106 82.7344 2
      vertex 0.859423 84.145 2
      vertex 2.68135 82.55 2
    endloop
  endfacet
  facet normal 0 0 1
    outer loop
      vertex 76 81.5 2
      vertex 73.6 80.5 2
      vertex 73.6 79.5 2
    endloop
  endfacet
  facet normal 0 0 1
    outer loop
      vertex 76 81.5 2
      vertex 73.6 79.5 2
      vertex 73.6 70.5 2
    endloop
  endfacet
  facet normal -0 0 1
    outer loop
      vertex 73.5541 4.06339 2
      vertex 75.9017 3.5644 2
      vertex 73.5885 4.28049 2
    endloop
  endfacet
  facet normal 0 0 1
    outer loop
      vertex 75.9017 3.5644 2
      vertex 73.5541 4.06339 2
      vertex 75.7798 3.10942 2
    endloop
  endfacet
  facet normal -0 0 1
    outer loop
      vertex 73.4972 3.85106 2
      vertex 75.7798 3.10942 2
      vertex 73.5541 4.06339 2
    endloop
  endfacet
  facet normal 0 0 1
    outer loop
      vertex 75.7798 3.10942 2
      vertex 73.4972 3.85106 2
      vertex 75.611 2.66968 2
    endloop
  endfacet
  facet normal -0 0 1
    outer loop
      vertex 73.4184 3.64585 2
      vertex 75.611 2.66968 2
      vertex 73.4972 3.85106 2
    endloop
  endfacet
  facet normal 0 0 1
    outer loop
      vertex 75.611 2.66968 2
      vertex 73.4184 3.64585 2
      vertex 75.3971 2.25 2
    endloop
  endfacet
  facet normal -0 0 1
    outer loop
      vertex 73.3186 3.45 2
      vertex 75.3971 2.25 2
      vertex 73.4184 3.64585 2
    endloop
  endfacet
  facet normal 0 0 1
    outer loop
      vertex 75.3971 2.25 2
      vertex 73.3186 3.45 2
      vertex 75.1406 1.85497 2
    endloop
  endfacet
  facet normal -0 0 1
    outer loop
      vertex 73.1989 3.26565 2
      vertex 75.1406 1.85497 2
      vertex 73.3186 3.45 2
    endloop
  endfacet
  facet normal 0 0 1
    outer loop
      vertex 75.1406 1.85497 2
      vertex 73.1989 3.26565 2
      vertex 74.8442 1.48891 2
    endloop
  endfacet
  facet normal -0 0 1
    outer loop
      vertex 73.0606 3.09483 2
      vertex 74.8442 1.48891 2
      vertex 73.1989 3.26565 2
    endloop
  endfacet
  facet normal 0 0 1
    outer loop
      vertex 74.8442 1.48891 2
      vertex 73.0606 3.09483 2
      vertex 74.5111 1.15585 2
    endloop
  endfacet
  facet normal -0 0 1
    outer loop
      vertex 72.9052 2.9394 2
      vertex 74.5111 1.15585 2
      vertex 73.0606 3.09483 2
    endloop
  endfacet
  facet normal 0 0 1
    outer loop
      vertex 74.5111 1.15585 2
      vertex 72.9052 2.9394 2
      vertex 74.145 0.859423 2
    endloop
  endfacet
  facet normal -0 0 1
    outer loop
      vertex 72.7344 2.80106 2
      vertex 74.145 0.859423 2
      vertex 72.9052 2.9394 2
    endloop
  endfacet
  facet normal 0 0 1
    outer loop
      vertex 74.145 0.859423 2
      vertex 72.7344 2.80106 2
      vertex 73.75 0.602885 2
    endloop
  endfacet
  facet normal -0 0 1
    outer loop
      vertex 72.55 2.68135 2
      vertex 73.75 0.602885 2
      vertex 72.7344 2.80106 2
    endloop
  endfacet
  facet normal 0 0 1
    outer loop
      vertex 73.75 0.602885 2
      vertex 72.55 2.68135 2
      vertex 73.3303 0.389045 2
    endloop
  endfacet
  facet normal -0 0 1
    outer loop
      vertex 72.3541 2.58155 2
      vertex 73.3303 0.389045 2
      vertex 72.55 2.68135 2
    endloop
  endfacet
  facet normal 0 0 1
    outer loop
      vertex 73.3303 0.389045 2
      vertex 72.3541 2.58155 2
      vertex 72.8906 0.220245 2
    endloop
  endfacet
  facet normal -0 0 1
    outer loop
      vertex 72.1489 2.50278 2
      vertex 72.8906 0.220245 2
      vertex 72.3541 2.58155 2
    endloop
  endfacet
  facet normal 0 0 1
    outer loop
      vertex 72.8906 0.220245 2
      vertex 72.1489 2.50278 2
      vertex 72.4356 0.0983353 2
    endloop
  endfacet
  facet normal -0 0 1
    outer loop
      vertex 71.9366 2.44589 2
      vertex 72.4356 0.0983353 2
      vertex 72.1489 2.50278 2
    endloop
  endfacet
  facet normal 0 0 1
    outer loop
      vertex 72.4356 0.0983353 2
      vertex 71.9366 2.44589 2
      vertex 71.9704 0.0246506 2
    endloop
  endfacet
  facet normal -0 0 1
    outer loop
      vertex 71.7195 2.4115 2
      vertex 71.9704 0.0246506 2
      vertex 71.9366 2.44589 2
    endloop
  endfacet
  facet normal -0 0 1
    outer loop
      vertex 71.5 2.4 2
      vertex 71.9704 0.0246506 2
      vertex 71.7195 2.4115 2
    endloop
  endfacet
  facet normal 0 0 1
    outer loop
      vertex 71.5 2.4 2
      vertex 71.5 0 2
      vertex 71.9704 0.0246506 2
    endloop
  endfacet
  facet normal -0 0 1
    outer loop
      vertex 43.5 2.4 2
      vertex 71.5 0 2
      vertex 71.5 2.4 2
    endloop
  endfacet
  facet normal 0 0 1
    outer loop
      vertex 58.0137 16.7613 2
      vertex 42.5 3.8 2
      vertex 43.5 3.8 2
    endloop
  endfacet
  facet normal 0 0 1
    outer loop
      vertex 43.5 3.8 2
      vertex 42.5 3.8 2
      vertex 43.5 2.4 2
    endloop
  endfacet
  facet normal 0 0 1
    outer loop
      vertex 42.5 2.4 2
      vertex 43.5 2.4 2
      vertex 42.5 3.8 2
    endloop
  endfacet
  facet normal -0 0 1
    outer loop
      vertex 42.5 2.4 2
      vertex 71.5 0 2
      vertex 43.5 2.4 2
    endloop
  endfacet
  facet normal -0 0 1
    outer loop
      vertex 33.5 2.4 2
      vertex 71.5 0 2
      vertex 42.5 2.4 2
    endloop
  endfacet
  facet normal 0 0 1
    outer loop
      vertex 42.5 3.8 2
      vertex 17.9863 16.7613 2
      vertex 33.5 3.8 2
    endloop
  endfacet
  facet normal 0 0 1
    outer loop
      vertex 33.5 3.8 2
      vertex 32.5 3.8 2
      vertex 33.5 2.4 2
    endloop
  endfacet
  facet normal 0 0 1
    outer loop
      vertex 32.5 2.4 2
      vertex 33.5 2.4 2
      vertex 32.5 3.8 2
    endloop
  endfacet
  facet normal 0 0 1
    outer loop
      vertex 4.5 0 2
      vertex 33.5 2.4 2
      vertex 32.5 2.4 2
    endloop
  endfacet
  facet normal 0 0 1
    outer loop
      vertex 33.5 2.4 2
      vertex 4.5 0 2
      vertex 71.5 0 2
    endloop
  endfacet
  facet normal -0 0 1
    outer loop
      vertex 4.5 2.4 2
      vertex 4.5 0 2
      vertex 32.5 2.4 2
    endloop
  endfacet
  facet normal 0 0 1
    outer loop
      vertex 4.28049 2.4115 2
      vertex 4.5 0 2
      vertex 4.5 2.4 2
    endloop
  endfacet
  facet normal 0 0 1
    outer loop
      vertex 4.02962 0.0246506 2
      vertex 4.28049 2.4115 2
      vertex 4.06339 2.44589 2
    endloop
  endfacet
  facet normal 0 0 1
    outer loop
      vertex 4.28049 2.4115 2
      vertex 4.02962 0.0246506 2
      vertex 4.5 0 2
    endloop
  endfacet
  facet normal 0 0 1
    outer loop
      vertex 3.5644 0.0983353 2
      vertex 4.06339 2.44589 2
      vertex 3.85106 2.50278 2
    endloop
  endfacet
  facet normal 0 0 1
    outer loop
      vertex 3.10942 0.220245 2
      vertex 3.85106 2.50278 2
      vertex 3.64585 2.58155 2
    endloop
  endfacet
  facet normal 0 0 1
    outer loop
      vertex 4.06339 2.44589 2
      vertex 3.5644 0.0983353 2
      vertex 4.02962 0.0246506 2
    endloop
  endfacet
  facet normal 0 0 1
    outer loop
      vertex 2.66968 0.389045 2
      vertex 3.64585 2.58155 2
      vertex 3.45 2.68135 2
    endloop
  endfacet
  facet normal 0 0 1
    outer loop
      vertex 2.25 0.602885 2
      vertex 3.45 2.68135 2
      vertex 3.26565 2.80106 2
    endloop
  endfacet
  facet normal 0 0 1
    outer loop
      vertex 3.85106 2.50278 2
      vertex 3.10942 0.220245 2
      vertex 3.5644 0.0983353 2
    endloop
  endfacet
  facet normal 0 0 1
    outer loop
      vertex 1.85497 0.859423 2
      vertex 3.26565 2.80106 2
      vertex 3.09483 2.9394 2
    endloop
  endfacet
  facet normal 0 0 1
    outer loop
      vertex 1.48891 1.15585 2
      vertex 3.09483 2.9394 2
      vertex 2.9394 3.09483 2
    endloop
  endfacet
  facet normal 0 0 1
    outer loop
      vertex 1.15585 1.48891 2
      vertex 2.9394 3.09483 2
      vertex 2.80106 3.26565 2
    endloop
  endfacet
  facet normal 0 0 1
    outer loop
      vertex 0.859423 1.85497 2
      vertex 2.80106 3.26565 2
      vertex 2.68135 3.45 2
    endloop
  endfacet
  facet normal 0 0 1
    outer loop
      vertex 3.64585 2.58155 2
      vertex 2.66968 0.389045 2
      vertex 3.10942 0.220245 2
    endloop
  endfacet
  facet normal 0 0 1
    outer loop
      vertex 0.602885 2.25 2
      vertex 2.68135 3.45 2
      vertex 2.58155 3.64585 2
    endloop
  endfacet
  facet normal 0 0 1
    outer loop
      vertex 0.389045 2.66968 2
      vertex 2.58155 3.64585 2
      vertex 2.50278 3.85106 2
    endloop
  endfacet
  facet normal 0 0 1
    outer loop
      vertex 0.220245 3.10942 2
      vertex 2.50278 3.85106 2
      vertex 2.44589 4.06339 2
    endloop
  endfacet
  facet normal 0 0 1
    outer loop
      vertex 0.0983353 3.5644 2
      vertex 2.44589 4.06339 2
      vertex 2.4115 4.28049 2
    endloop
  endfacet
  facet normal 0 0 1
    outer loop
      vertex 3.45 2.68135 2
      vertex 2.25 0.602885 2
      vertex 2.66968 0.389045 2
    endloop
  endfacet
  facet normal 0 0 1
    outer loop
      vertex 0.0246506 4.02962 2
      vertex 2.4115 4.28049 2
      vertex 2.4 4.5 2
    endloop
  endfacet
  facet normal 0 0 1
    outer loop
      vertex 2.4 12.5 2
      vertex 0 4.5 2
      vertex 2.4 11.5 2
    endloop
  endfacet
  facet normal -0 0 1
    outer loop
      vertex 0.389045 83.3303 2
      vertex 2.58155 82.3541 2
      vertex 0.602885 83.75 2
    endloop
  endfacet
  facet normal 0 0 1
    outer loop
      vertex 2.4 11.5 2
      vertex 0 4.5 2
      vertex 2.4 4.5 2
    endloop
  endfacet
  facet normal 0 0 1
    outer loop
      vertex 2.58155 82.3541 2
      vertex 0.389045 83.3303 2
      vertex 2.50278 82.1489 2
    endloop
  endfacet
  facet normal 0 -0 1
    outer loop
      vertex 0.0246506 4.02962 2
      vertex 2.4 4.5 2
      vertex 0 4.5 2
    endloop
  endfacet
  facet normal -0 0 1
    outer loop
      vertex 0.220245 82.8906 2
      vertex 2.50278 82.1489 2
      vertex 0.389045 83.3303 2
    endloop
  endfacet
  facet normal 0 0 1
    outer loop
      vertex 3.26565 2.80106 2
      vertex 1.85497 0.859423 2
      vertex 2.25 0.602885 2
    endloop
  endfacet
  facet normal 0 0 1
    outer loop
      vertex 2.50278 82.1489 2
      vertex 0.220245 82.8906 2
      vertex 2.44589 81.9366 2
    endloop
  endfacet
  facet normal 0 0 1
    outer loop
      vertex 3.09483 2.9394 2
      vertex 1.48891 1.15585 2
      vertex 1.85497 0.859423 2
    endloop
  endfacet
  facet normal -0 0 1
    outer loop
      vertex 0.0983353 82.4356 2
      vertex 2.44589 81.9366 2
      vertex 0.220245 82.8906 2
    endloop
  endfacet
  facet normal 0 0 1
    outer loop
      vertex 2.9394 3.09483 2
      vertex 1.15585 1.48891 2
      vertex 1.48891 1.15585 2
    endloop
  endfacet
  facet normal 0 0 1
    outer loop
      vertex 2.44589 81.9366 2
      vertex 0.0983353 82.4356 2
      vertex 2.4115 81.7195 2
    endloop
  endfacet
  facet normal 0 0 1
    outer loop
      vertex 2.80106 3.26565 2
      vertex 0.859423 1.85497 2
      vertex 1.15585 1.48891 2
    endloop
  endfacet
  facet normal -0 0 1
    outer loop
      vertex 0.0246506 81.9704 2
      vertex 2.4115 81.7195 2
      vertex 0.0983353 82.4356 2
    endloop
  endfacet
  facet normal 0 0 1
    outer loop
      vertex 2.68135 3.45 2
      vertex 0.602885 2.25 2
      vertex 0.859423 1.85497 2
    endloop
  endfacet
  facet normal 0 0 1
    outer loop
      vertex 2.4115 81.7195 2
      vertex 0.0246506 81.9704 2
      vertex 2.4 81.5 2
    endloop
  endfacet
  facet normal 0 0 1
    outer loop
      vertex 2.58155 3.64585 2
      vertex 0.389045 2.66968 2
      vertex 0.602885 2.25 2
    endloop
  endfacet
  facet normal 0 0 1
    outer loop
      vertex 2.4 81.5 2
      vertex 0.0246506 81.9704 2
      vertex 0 81.5 2
    endloop
  endfacet
  facet normal 0 0 1
    outer loop
      vertex 2.50278 3.85106 2
      vertex 0.220245 3.10942 2
      vertex 0.389045 2.66968 2
    endloop
  endfacet
  facet normal 0 0 1
    outer loop
      vertex 2.44589 4.06339 2
      vertex 0.0983353 3.5644 2
      vertex 0.220245 3.10942 2
    endloop
  endfacet
  facet normal 0 0 1
    outer loop
      vertex 2.4115 4.28049 2
      vertex 0.0246506 4.02962 2
      vertex 0.0983353 3.5644 2
    endloop
  endfacet
  facet normal 0 0 1
    outer loop
      vertex 72.1962 4.42683 2
      vertex 71.5 3.8 2
      vertex 72.1847 4.35446 2
    endloop
  endfacet
  facet normal 0 0 1
    outer loop
      vertex 72.1847 4.35446 2
      vertex 71.5 3.8 2
      vertex 72.1657 4.28369 2
    endloop
  endfacet
  facet normal 0 0 1
    outer loop
      vertex 72.1395 4.21528 2
      vertex 71.5 3.8 2
      vertex 72.1062 4.15 2
    endloop
  endfacet
  facet normal 0 0 1
    outer loop
      vertex 72.1062 4.15 2
      vertex 71.5 3.8 2
      vertex 72.0663 4.08855 2
    endloop
  endfacet
  facet normal 0 0 1
    outer loop
      vertex 72.0202 4.03161 2
      vertex 71.5 3.8 2
      vertex 71.9684 3.9798 2
    endloop
  endfacet
  facet normal 0 0 1
    outer loop
      vertex 71.9684 3.9798 2
      vertex 71.5 3.8 2
      vertex 71.9114 3.93369 2
    endloop
  endfacet
  facet normal 0 0 1
    outer loop
      vertex 71.85 3.89378 2
      vertex 71.5 3.8 2
      vertex 71.7847 3.86052 2
    endloop
  endfacet
  facet normal 0 0 1
    outer loop
      vertex 71.7847 3.86052 2
      vertex 71.5 3.8 2
      vertex 71.7163 3.83426 2
    endloop
  endfacet
  facet normal 0 0 1
    outer loop
      vertex 71.6455 3.8153 2
      vertex 71.5 3.8 2
      vertex 71.5732 3.80383 2
    endloop
  endfacet
  facet normal 0 0 1
    outer loop
      vertex 71.7163 3.83426 2
      vertex 71.5 3.8 2
      vertex 71.6455 3.8153 2
    endloop
  endfacet
  facet normal 0 0 1
    outer loop
      vertex 71.9114 3.93369 2
      vertex 71.5 3.8 2
      vertex 71.85 3.89378 2
    endloop
  endfacet
  facet normal 0 0 1
    outer loop
      vertex 72.0663 4.08855 2
      vertex 71.5 3.8 2
      vertex 72.0202 4.03161 2
    endloop
  endfacet
  facet normal 0 0 1
    outer loop
      vertex 72.1657 4.28369 2
      vertex 71.5 3.8 2
      vertex 72.1395 4.21528 2
    endloop
  endfacet
  facet normal 0 0 1
    outer loop
      vertex 72.2 4.5 2
      vertex 71.5 3.8 2
      vertex 72.1962 4.42683 2
    endloop
  endfacet
  facet normal -0 0 1
    outer loop
      vertex 61.75 14.3349 2
      vertex 72.2 11.5 2
      vertex 61.9695 14.4775 2
    endloop
  endfacet
  facet normal 0 0 1
    outer loop
      vertex 72.2 11.5 2
      vertex 61.75 14.3349 2
      vertex 71.5 3.8 2
    endloop
  endfacet
  facet normal -0 0 1
    outer loop
      vertex 61.5168 14.2161 2
      vertex 71.5 3.8 2
      vertex 61.75 14.3349 2
    endloop
  endfacet
  facet normal -0 0 1
    outer loop
      vertex 61.2725 14.1224 2
      vertex 71.5 3.8 2
      vertex 61.5168 14.2161 2
    endloop
  endfacet
  facet normal -0 0 1
    outer loop
      vertex 61.0198 14.0546 2
      vertex 71.5 3.8 2
      vertex 61.2725 14.1224 2
    endloop
  endfacet
  facet normal -0 0 1
    outer loop
      vertex 60.7613 14.0137 2
      vertex 71.5 3.8 2
      vertex 61.0198 14.0546 2
    endloop
  endfacet
  facet normal -0 0 1
    outer loop
      vertex 60.5 14 2
      vertex 71.5 3.8 2
      vertex 60.7613 14.0137 2
    endloop
  endfacet
  facet normal 0 0 1
    outer loop
      vertex 60.2387 14.0137 2
      vertex 71.5 3.8 2
      vertex 60.5 14 2
    endloop
  endfacet
  facet normal 0 0 1
    outer loop
      vertex 59.9802 14.0546 2
      vertex 71.5 3.8 2
      vertex 60.2387 14.0137 2
    endloop
  endfacet
  facet normal 0 0 1
    outer loop
      vertex 43.5 3.8 2
      vertex 59.9802 14.0546 2
      vertex 59.7275 14.1224 2
    endloop
  endfacet
  facet normal 0 0 1
    outer loop
      vertex 43.5 3.8 2
      vertex 59.7275 14.1224 2
      vertex 59.4832 14.2161 2
    endloop
  endfacet
  facet normal 0 0 1
    outer loop
      vertex 43.5 3.8 2
      vertex 59.4832 14.2161 2
      vertex 59.25 14.3349 2
    endloop
  endfacet
  facet normal 0 0 1
    outer loop
      vertex 43.5 3.8 2
      vertex 59.25 14.3349 2
      vertex 59.0305 14.4775 2
    endloop
  endfacet
  facet normal 0 0 1
    outer loop
      vertex 43.5 3.8 2
      vertex 59.0305 14.4775 2
      vertex 58.8272 14.6421 2
    endloop
  endfacet
  facet normal 0 0 1
    outer loop
      vertex 58.0137 16.7613 2
      vertex 43.5 3.8 2
      vertex 58 16.5 2
    endloop
  endfacet
  facet normal 0 0 1
    outer loop
      vertex 58 16.5 2
      vertex 43.5 3.8 2
      vertex 58.0137 16.2387 2
    endloop
  endfacet
  facet normal 0 0 1
    outer loop
      vertex 59.9802 14.0546 2
      vertex 43.5 3.8 2
      vertex 71.5 3.8 2
    endloop
  endfacet
  facet normal 0 0 1
    outer loop
      vertex 58.6421 14.8272 2
      vertex 43.5 3.8 2
      vertex 58.8272 14.6421 2
    endloop
  endfacet
  facet normal 0 0 1
    outer loop
      vertex 58.4775 15.0305 2
      vertex 43.5 3.8 2
      vertex 58.6421 14.8272 2
    endloop
  endfacet
  facet normal 0 0 1
    outer loop
      vertex 58.3349 15.25 2
      vertex 43.5 3.8 2
      vertex 58.4775 15.0305 2
    endloop
  endfacet
  facet normal 0 0 1
    outer loop
      vertex 58.2161 15.4832 2
      vertex 43.5 3.8 2
      vertex 58.3349 15.25 2
    endloop
  endfacet
  facet normal 0 0 1
    outer loop
      vertex 58.1224 15.7275 2
      vertex 43.5 3.8 2
      vertex 58.2161 15.4832 2
    endloop
  endfacet
  facet normal 0 0 1
    outer loop
      vertex 58.0546 15.9802 2
      vertex 43.5 3.8 2
      vertex 58.1224 15.7275 2
    endloop
  endfacet
  facet normal 0 0 1
    outer loop
      vertex 58.0137 16.2387 2
      vertex 43.5 3.8 2
      vertex 58.0546 15.9802 2
    endloop
  endfacet
  facet normal -1 0 0
    outer loop
      vertex 44 83 0
      vertex 44 86 1.3
      vertex 44 86 0
    endloop
  endfacet
  facet normal -1 -0 0
    outer loop
      vertex 44 86 1.3
      vertex 44 83 0
      vertex 44 83 1.3
    endloop
  endfacet
  facet normal 0 0 -1
    outer loop
      vertex 32 83 1.3
      vertex 44 86 1.3
      vertex 44 83 1.3
    endloop
  endfacet
  facet normal -0 0 -1
    outer loop
      vertex 44 86 1.3
      vertex 32 83 1.3
      vertex 32 86 1.3
    endloop
  endfacet
  facet normal 1 -0 0
    outer loop
      vertex 32 83 1.3
      vertex 32 86 0
      vertex 32 86 1.3
    endloop
  endfacet
  facet normal 1 0 0
    outer loop
      vertex 32 86 0
      vertex 32 83 1.3
      vertex 32 83 0
    endloop
  endfacet
  facet normal 0 1 -0
    outer loop
      vertex 44 83 0
      vertex 32 83 1.3
      vertex 44 83 1.3
    endloop
  endfacet
  facet normal 0 1 0
    outer loop
      vertex 32 83 1.3
      vertex 44 83 0
      vertex 32 83 0
    endloop
  endfacet
  facet normal 0 -1 0
    outer loop
      vertex 2.4 12.5 2
      vertex 3.8 12.5 6.6
      vertex 2.4 12.5 6.6
    endloop
  endfacet
  facet normal 0 -1 -0
    outer loop
      vertex 3.8 12.5 6.6
      vertex 2.4 12.5 2
      vertex 3.8 12.5 2
    endloop
  endfacet
  facet normal 0 1 -0
    outer loop
      vertex 3.8 11.5 2
      vertex 2.4 11.5 6.6
      vertex 3.8 11.5 6.6
    endloop
  endfacet
  facet normal 0 1 0
    outer loop
      vertex 2.4 11.5 6.6
      vertex 3.8 11.5 2
      vertex 2.4 11.5 2
    endloop
  endfacet
  facet normal 0 -1 0
    outer loop
      vertex 2.4 22.5 2
      vertex 3.8 22.5 6.6
      vertex 2.4 22.5 6.6
    endloop
  endfacet
  facet normal 0 -1 -0
    outer loop
      vertex 3.8 22.5 6.6
      vertex 2.4 22.5 2
      vertex 3.8 22.5 2
    endloop
  endfacet
  facet normal 0 1 0
    outer loop
      vertex 3.8 21.5 6.6
      vertex 2.9 21.5 5.6
      vertex 2.4 21.5 6.6
    endloop
  endfacet
  facet normal 0 1 0
    outer loop
      vertex 3.8 21.5 6.6
      vertex 2.9 21.5 4.6
      vertex 2.9 21.5 5.6
    endloop
  endfacet
  facet normal 0 1 -0
    outer loop
      vertex 3.8 21.5 2
      vertex 2.9 21.5 4.6
      vertex 3.8 21.5 6.6
    endloop
  endfacet
  facet normal 0 1 0
    outer loop
      vertex 2.4 21.5 2
      vertex 2.9 21.5 4.6
      vertex 3.8 21.5 2
    endloop
  endfacet
  facet normal 0 1 0
    outer loop
      vertex 2.9 21.5 4.6
      vertex 2.4 21.5 2
      vertex 2.4 21.5 4.6
    endloop
  endfacet
  facet normal 0 1 0
    outer loop
      vertex 2.4 21.5 6.6
      vertex 2.9 21.5 5.6
      vertex 2.4 21.5 5.6
    endloop
  endfacet
  facet normal 0 -1 0
    outer loop
      vertex 72.2 12.5 2
      vertex 73.6 12.5 6.6
      vertex 72.2 12.5 6.6
    endloop
  endfacet
  facet normal 0 -1 -0
    outer loop
      vertex 73.6 12.5 6.6
      vertex 72.2 12.5 2
      vertex 73.6 12.5 2
    endloop
  endfacet
  facet normal 0 1 -0
    outer loop
      vertex 73.6 11.5 2
      vertex 72.2 11.5 6.6
      vertex 73.6 11.5 6.6
    endloop
  endfacet
  facet normal 0 1 0
    outer loop
      vertex 72.2 11.5 6.6
      vertex 73.6 11.5 2
      vertex 72.2 11.5 2
    endloop
  endfacet
  facet normal 0 -1 0
    outer loop
      vertex 72.2 22.5 2
      vertex 73.6 22.5 6.6
      vertex 72.2 22.5 6.6
    endloop
  endfacet
  facet normal 0 -1 -0
    outer loop
      vertex 73.6 22.5 6.6
      vertex 72.2 22.5 2
      vertex 73.6 22.5 2
    endloop
  endfacet
  facet normal 0 1 0
    outer loop
      vertex 73.6 21.5 4.6
      vertex 73.6 21.5 2
      vertex 73.1 21.5 4.6
    endloop
  endfacet
  facet normal 0 1 0
    outer loop
      vertex 73.1 21.5 5.6
      vertex 73.6 21.5 6.6
      vertex 73.6 21.5 5.6
    endloop
  endfacet
  facet normal 0 1 0
    outer loop
      vertex 73.6 21.5 6.6
      vertex 73.1 21.5 5.6
      vertex 72.2 21.5 6.6
    endloop
  endfacet
  facet normal 0 1 -0
    outer loop
      vertex 73.1 21.5 4.6
      vertex 72.2 21.5 6.6
      vertex 73.1 21.5 5.6
    endloop
  endfacet
  facet normal 0 1 0
    outer loop
      vertex 72.2 21.5 2
      vertex 73.1 21.5 4.6
      vertex 73.6 21.5 2
    endloop
  endfacet
  facet normal 0 1 0
    outer loop
      vertex 73.1 21.5 4.6
      vertex 72.2 21.5 2
      vertex 72.2 21.5 6.6
    endloop
  endfacet
  facet normal 0 -1 0
    outer loop
      vertex 2.4 70.5 2
      vertex 3.8 70.5 6.6
      vertex 2.4 70.5 6.6
    endloop
  endfacet
  facet normal 0 -1 -0
    outer loop
      vertex 3.8 70.5 6.6
      vertex 2.4 70.5 2
      vertex 3.8 70.5 2
    endloop
  endfacet
  facet normal 0 1 -0
    outer loop
      vertex 3.8 69.5 2
      vertex 2.4 69.5 6.6
      vertex 3.8 69.5 6.6
    endloop
  endfacet
  facet normal 0 1 0
    outer loop
      vertex 2.4 69.5 6.6
      vertex 3.8 69.5 2
      vertex 2.4 69.5 2
    endloop
  endfacet
  facet normal 0 -1 0
    outer loop
      vertex 2.4 80.5 2
      vertex 3.8 80.5 6.6
      vertex 2.4 80.5 6.6
    endloop
  endfacet
  facet normal 0 -1 -0
    outer loop
      vertex 3.8 80.5 6.6
      vertex 2.4 80.5 2
      vertex 3.8 80.5 2
    endloop
  endfacet
  facet normal 0 1 0
    outer loop
      vertex 3.8 79.5 6.6
      vertex 2.9 79.5 5.6
      vertex 2.4 79.5 6.6
    endloop
  endfacet
  facet normal 0 1 0
    outer loop
      vertex 3.8 79.5 6.6
      vertex 2.9 79.5 4.6
      vertex 2.9 79.5 5.6
    endloop
  endfacet
  facet normal 0 1 -0
    outer loop
      vertex 3.8 79.5 2
      vertex 2.9 79.5 4.6
      vertex 3.8 79.5 6.6
    endloop
  endfacet
  facet normal 0 1 0
    outer loop
      vertex 2.4 79.5 2
      vertex 2.9 79.5 4.6
      vertex 3.8 79.5 2
    endloop
  endfacet
  facet normal 0 1 0
    outer loop
      vertex 2.9 79.5 4.6
      vertex 2.4 79.5 2
      vertex 2.4 79.5 4.6
    endloop
  endfacet
  facet normal 0 1 0
    outer loop
      vertex 2.4 79.5 6.6
      vertex 2.9 79.5 5.6
      vertex 2.4 79.5 5.6
    endloop
  endfacet
  facet normal 0 -1 0
    outer loop
      vertex 72.2 70.5 2
      vertex 73.6 70.5 6.6
      vertex 72.2 70.5 6.6
    endloop
  endfacet
  facet normal 0 -1 -0
    outer loop
      vertex 73.6 70.5 6.6
      vertex 72.2 70.5 2
      vertex 73.6 70.5 2
    endloop
  endfacet
  facet normal 0 1 -0
    outer loop
      vertex 73.6 69.5 2
      vertex 72.2 69.5 6.6
      vertex 73.6 69.5 6.6
    endloop
  endfacet
  facet normal 0 1 0
    outer loop
      vertex 72.2 69.5 6.6
      vertex 73.6 69.5 2
      vertex 72.2 69.5 2
    endloop
  endfacet
  facet normal 0 -1 0
    outer loop
      vertex 72.2 80.5 2
      vertex 73.6 80.5 6.6
      vertex 72.2 80.5 6.6
    endloop
  endfacet
  facet normal 0 -1 -0
    outer loop
      vertex 73.6 80.5 6.6
      vertex 72.2 80.5 2
      vertex 73.6 80.5 2
    endloop
  endfacet
  facet normal 0 1 0
    outer loop
      vertex 73.6 79.5 4.6
      vertex 73.6 79.5 2
      vertex 73.1 79.5 4.6
    endloop
  endfacet
  facet normal 0 1 0
    outer loop
      vertex 73.1 79.5 5.6
      vertex 73.6 79.5 6.6
      vertex 73.6 79.5 5.6
    endloop
  endfacet
  facet normal 0 1 0
    outer loop
      vertex 73.6 79.5 6.6
      vertex 73.1 79.5 5.6
      vertex 72.2 79.5 6.6
    endloop
  endfacet
  facet normal 0 1 -0
    outer loop
      vertex 73.1 79.5 4.6
      vertex 72.2 79.5 6.6
      vertex 73.1 79.5 5.6
    endloop
  endfacet
  facet normal 0 1 0
    outer loop
      vertex 72.2 79.5 2
      vertex 73.1 79.5 4.6
      vertex 73.6 79.5 2
    endloop
  endfacet
  facet normal 0 1 0
    outer loop
      vertex 73.1 79.5 4.6
      vertex 72.2 79.5 2
      vertex 72.2 79.5 6.6
    endloop
  endfacet
  facet normal -0.99863 -0.0523177 0
    outer loop
      vertex 2.4115 4.28049 2
      vertex 2.4 4.5 6.6
      vertex 2.4 4.5 2
    endloop
  endfacet
  facet normal -0.99863 -0.0523177 0
    outer loop
      vertex 2.4 4.5 6.6
      vertex 2.4115 4.28049 2
      vertex 2.4115 4.28049 6.6
    endloop
  endfacet
  facet normal 0 1 -0
    outer loop
      vertex 71.5 83.6 2
      vertex 43.5 83.6 6.6
      vertex 71.5 83.6 6.6
    endloop
  endfacet
  facet normal 0 1 0
    outer loop
      vertex 43.5 83.6 6.6
      vertex 71.5 83.6 2
      vertex 43.5 83.6 2
    endloop
  endfacet
  facet normal 0 1 -0
    outer loop
      vertex 32.5 83.6 2
      vertex 4.5 83.6 6.6
      vertex 32.5 83.6 6.6
    endloop
  endfacet
  facet normal 0 1 0
    outer loop
      vertex 4.5 83.6 6.6
      vertex 32.5 83.6 2
      vertex 4.5 83.6 2
    endloop
  endfacet
  facet normal 0 1 -0
    outer loop
      vertex 42.5 83.6 2
      vertex 33.5 83.6 4.6
      vertex 42.5 83.6 4.6
    endloop
  endfacet
  facet normal 0 1 0
    outer loop
      vertex 33.5 83.6 4.6
      vertex 42.5 83.6 2
      vertex 33.5 83.6 2
    endloop
  endfacet
  facet normal 0 1 -0
    outer loop
      vertex 42.5 83.6 5.6
      vertex 33.5 83.6 6.6
      vertex 42.5 83.6 6.6
    endloop
  endfacet
  facet normal 0 1 0
    outer loop
      vertex 33.5 83.6 6.6
      vertex 42.5 83.6 5.6
      vertex 33.5 83.6 5.6
    endloop
  endfacet
  facet normal 0 -0 0
    outer loop
      vertex 33.5 83.6 4.6
      vertex 33.5 83.6 2
      vertex 33.5 83.6 6.6
    endloop
  endfacet
  facet normal 0 0 0
    outer loop
      vertex 33.5 83.6 6.6
      vertex 33.5 83.6 5.6
      vertex 33.5 83.6 4.6
    endloop
  endfacet
  facet normal 0.358372 -0.933579 0
    outer loop
      vertex 72.1489 2.50278 2
      vertex 72.3541 2.58155 6.6
      vertex 72.1489 2.50278 6.6
    endloop
  endfacet
  facet normal 0.358372 -0.933579 0
    outer loop
      vertex 72.3541 2.58155 6.6
      vertex 72.1489 2.50278 2
      vertex 72.3541 2.58155 2
    endloop
  endfacet
  facet normal 0.99863 0.05232 0
    outer loop
      vertex 73.6 81.5 6.6
      vertex 73.5885 81.7195 2
      vertex 73.5885 81.7195 6.6
    endloop
  endfacet
  facet normal 0.99863 0.05232 0
    outer loop
      vertex 73.5885 81.7195 2
      vertex 73.6 81.5 6.6
      vertex 73.6 81.5 2
    endloop
  endfacet
  facet normal 0.05232 -0.99863 0
    outer loop
      vertex 71.5 2.4 2
      vertex 71.7195 2.4115 6.6
      vertex 71.5 2.4 6.6
    endloop
  endfacet
  facet normal 0.05232 -0.99863 0
    outer loop
      vertex 71.7195 2.4115 6.6
      vertex 71.5 2.4 2
      vertex 71.7195 2.4115 2
    endloop
  endfacet
  facet normal 0.544509 -0.838755 0
    outer loop
      vertex 72.55 2.68135 2
      vertex 72.7344 2.80106 6.6
      vertex 72.55 2.68135 6.6
    endloop
  endfacet
  facet normal 0.544509 -0.838755 0
    outer loop
      vertex 72.7344 2.80106 6.6
      vertex 72.55 2.68135 2
      vertex 72.7344 2.80106 2
    endloop
  endfacet
  facet normal 0.156455 -0.987685 0
    outer loop
      vertex 71.7195 2.4115 2
      vertex 71.9366 2.44589 6.6
      vertex 71.7195 2.4115 6.6
    endloop
  endfacet
  facet normal 0.156455 -0.987685 0
    outer loop
      vertex 71.9366 2.44589 6.6
      vertex 71.7195 2.4115 2
      vertex 71.9366 2.44589 2
    endloop
  endfacet
  facet normal 0.358491 0.933533 -0
    outer loop
      vertex 72.3541 83.4184 2
      vertex 72.1489 83.4972 6.6
      vertex 72.3541 83.4184 6.6
    endloop
  endfacet
  facet normal 0.358491 0.933533 0
    outer loop
      vertex 72.1489 83.4972 6.6
      vertex 72.3541 83.4184 2
      vertex 72.1489 83.4972 2
    endloop
  endfacet
  facet normal 1 -0 0
    outer loop
      vertex 73.6 4.5 6.6
      vertex 73.6 11.5 2
      vertex 73.6 11.5 6.6
    endloop
  endfacet
  facet normal 1 0 0
    outer loop
      vertex 73.6 11.5 2
      vertex 73.6 4.5 6.6
      vertex 73.6 4.5 2
    endloop
  endfacet
  facet normal 1 -0 0
    outer loop
      vertex 73.6 80.5 6.6
      vertex 73.6 81.5 2
      vertex 73.6 81.5 6.6
    endloop
  endfacet
  facet normal 1 0 0
    outer loop
      vertex 73.6 81.5 2
      vertex 73.6 80.5 6.6
      vertex 73.6 80.5 2
    endloop
  endfacet
  facet normal 1 0 0
    outer loop
      vertex 73.6 21.5 6.6
      vertex 73.6 12.5 5.6
      vertex 73.6 21.5 5.6
    endloop
  endfacet
  facet normal -0 0 0
    outer loop
      vertex 73.6 12.5 5.6
      vertex 73.6 12.5 6.6
      vertex 73.6 12.5 4.6
    endloop
  endfacet
  facet normal 1 -0 0
    outer loop
      vertex 73.6 12.5 6.6
      vertex 73.6 12.5 5.6
      vertex 73.6 21.5 6.6
    endloop
  endfacet
  facet normal 1 -0 0
    outer loop
      vertex 73.6 12.5 4.6
      vertex 73.6 21.5 2
      vertex 73.6 21.5 4.6
    endloop
  endfacet
  facet normal 1 0 0
    outer loop
      vertex 73.6 12.5 4.6
      vertex 73.6 12.5 2
      vertex 73.6 21.5 2
    endloop
  endfacet
  facet normal 0 0 0
    outer loop
      vertex 73.6 12.5 2
      vertex 73.6 12.5 4.6
      vertex 73.6 12.5 6.6
    endloop
  endfacet
  facet normal 1 -0 0
    outer loop
      vertex 73.6 22.5 6.6
      vertex 73.6 69.5 2
      vertex 73.6 69.5 6.6
    endloop
  endfacet
  facet normal 1 0 0
    outer loop
      vertex 73.6 69.5 2
      vertex 73.6 22.5 6.6
      vertex 73.6 22.5 2
    endloop
  endfacet
  facet normal 1 -0 0
    outer loop
      vertex 73.6 70.5 4.6
      vertex 73.6 79.5 2
      vertex 73.6 79.5 4.6
    endloop
  endfacet
  facet normal 1 0 0
    outer loop
      vertex 73.6 79.5 2
      vertex 73.6 70.5 4.6
      vertex 73.6 70.5 2
    endloop
  endfacet
  facet normal 1 -0 0
    outer loop
      vertex 73.6 70.5 6.6
      vertex 73.6 79.5 5.6
      vertex 73.6 79.5 6.6
    endloop
  endfacet
  facet normal 1 0 0
    outer loop
      vertex 73.6 79.5 5.6
      vertex 73.6 70.5 6.6
      vertex 73.6 70.5 5.6
    endloop
  endfacet
  facet normal 0 0 0
    outer loop
      vertex 73.6 70.5 2
      vertex 73.6 70.5 4.6
      vertex 73.6 70.5 5.6
    endloop
  endfacet
  facet normal -0 0 0
    outer loop
      vertex 73.6 70.5 5.6
      vertex 73.6 70.5 6.6
      vertex 73.6 70.5 2
    endloop
  endfacet
  facet normal 0 -1 0
    outer loop
      vertex 43.5 2.4 2
      vertex 71.5 2.4 6.6
      vertex 43.5 2.4 6.6
    endloop
  endfacet
  facet normal 0 -1 -0
    outer loop
      vertex 71.5 2.4 6.6
      vertex 43.5 2.4 2
      vertex 71.5 2.4 2
    endloop
  endfacet
  facet normal 0 -1 0
    outer loop
      vertex 4.5 2.4 2
      vertex 32.5 2.4 6.6
      vertex 4.5 2.4 6.6
    endloop
  endfacet
  facet normal 0 -1 -0
    outer loop
      vertex 32.5 2.4 6.6
      vertex 4.5 2.4 2
      vertex 32.5 2.4 2
    endloop
  endfacet
  facet normal 0 -1 0
    outer loop
      vertex 33.5 2.4 2
      vertex 42.5 2.4 4.6
      vertex 33.5 2.4 4.6
    endloop
  endfacet
  facet normal 0 -1 -0
    outer loop
      vertex 42.5 2.4 4.6
      vertex 33.5 2.4 2
      vertex 42.5 2.4 2
    endloop
  endfacet
  facet normal 0 -1 0
    outer loop
      vertex 33.5 2.4 5.6
      vertex 42.5 2.4 6.6
      vertex 33.5 2.4 6.6
    endloop
  endfacet
  facet normal 0 -1 -0
    outer loop
      vertex 42.5 2.4 6.6
      vertex 33.5 2.4 5.6
      vertex 42.5 2.4 5.6
    endloop
  endfacet
  facet normal -0 0 0
    outer loop
      vertex 33.5 2.4 5.6
      vertex 33.5 2.4 6.6
      vertex 33.5 2.4 2
    endloop
  endfacet
  facet normal 0 0 0
    outer loop
      vertex 33.5 2.4 5.6
      vertex 33.5 2.4 2
      vertex 33.5 2.4 4.6
    endloop
  endfacet
  facet normal -0.454025 -0.890989 0
    outer loop
      vertex 3.45 2.68135 2
      vertex 3.64585 2.58155 6.6
      vertex 3.45 2.68135 6.6
    endloop
  endfacet
  facet normal -0.454025 -0.890989 -0
    outer loop
      vertex 3.64585 2.58155 6.6
      vertex 3.45 2.68135 2
      vertex 3.64585 2.58155 2
    endloop
  endfacet
  facet normal -0.258846 0.965919 0
    outer loop
      vertex 4.06339 83.5541 2
      vertex 3.85106 83.4972 6.6
      vertex 4.06339 83.5541 6.6
    endloop
  endfacet
  facet normal -0.258846 0.965919 0
    outer loop
      vertex 3.85106 83.4972 6.6
      vertex 4.06339 83.5541 2
      vertex 3.85106 83.4972 2
    endloop
  endfacet
  facet normal -0.258804 -0.96593 0
    outer loop
      vertex 3.85106 2.50278 2
      vertex 4.06339 2.44589 6.6
      vertex 3.85106 2.50278 6.6
    endloop
  endfacet
  facet normal -0.258804 -0.96593 -0
    outer loop
      vertex 4.06339 2.44589 6.6
      vertex 3.85106 2.50278 2
      vertex 4.06339 2.44589 2
    endloop
  endfacet
  facet normal 0.453933 -0.891036 0
    outer loop
      vertex 72.3541 2.58155 2
      vertex 72.55 2.68135 6.6
      vertex 72.3541 2.58155 6.6
    endloop
  endfacet
  facet normal 0.453933 -0.891036 0
    outer loop
      vertex 72.55 2.68135 6.6
      vertex 72.3541 2.58155 2
      vertex 72.55 2.68135 2
    endloop
  endfacet
  facet normal -0.629245 0.777207 0
    outer loop
      vertex 3.26565 83.1989 2
      vertex 3.09483 83.0606 6.6
      vertex 3.26565 83.1989 6.6
    endloop
  endfacet
  facet normal -0.629245 0.777207 0
    outer loop
      vertex 3.09483 83.0606 6.6
      vertex 3.26565 83.1989 2
      vertex 3.09483 83.0606 2
    endloop
  endfacet
  facet normal 0.838776 0.544477 0
    outer loop
      vertex 73.3186 82.55 6.6
      vertex 73.1989 82.7344 2
      vertex 73.1989 82.7344 6.6
    endloop
  endfacet
  facet normal 0.838776 0.544477 0
    outer loop
      vertex 73.1989 82.7344 2
      vertex 73.3186 82.55 6.6
      vertex 73.3186 82.55 2
    endloop
  endfacet
  facet normal 0.933533 0.358491 0
    outer loop
      vertex 73.4972 82.1489 6.6
      vertex 73.4184 82.3541 2
      vertex 73.4184 82.3541 6.6
    endloop
  endfacet
  facet normal 0.933533 0.358491 0
    outer loop
      vertex 73.4184 82.3541 2
      vertex 73.4972 82.1489 6.6
      vertex 73.4972 82.1489 2
    endloop
  endfacet
  facet normal 0.1565 0.987678 -0
    outer loop
      vertex 71.9366 83.5541 2
      vertex 71.7195 83.5885 6.6
      vertex 71.9366 83.5541 6.6
    endloop
  endfacet
  facet normal 0.1565 0.987678 0
    outer loop
      vertex 71.7195 83.5885 6.6
      vertex 71.9366 83.5541 2
      vertex 71.7195 83.5885 2
    endloop
  endfacet
  facet normal -0.707039 0.707175 0
    outer loop
      vertex 3.09483 83.0606 2
      vertex 2.9394 82.9052 6.6
      vertex 3.09483 83.0606 6.6
    endloop
  endfacet
  facet normal -0.707039 0.707175 0
    outer loop
      vertex 2.9394 82.9052 6.6
      vertex 3.09483 83.0606 2
      vertex 2.9394 82.9052 2
    endloop
  endfacet
  facet normal -1 0 0
    outer loop
      vertex 2.4 4.5 2
      vertex 2.4 11.5 6.6
      vertex 2.4 11.5 2
    endloop
  endfacet
  facet normal -1 -0 0
    outer loop
      vertex 2.4 11.5 6.6
      vertex 2.4 4.5 2
      vertex 2.4 4.5 6.6
    endloop
  endfacet
  facet normal -1 0 0
    outer loop
      vertex 2.4 80.5 2
      vertex 2.4 81.5 6.6
      vertex 2.4 81.5 2
    endloop
  endfacet
  facet normal -1 -0 0
    outer loop
      vertex 2.4 81.5 6.6
      vertex 2.4 80.5 2
      vertex 2.4 80.5 6.6
    endloop
  endfacet
  facet normal -1 0 0
    outer loop
      vertex 2.4 21.5 2
      vertex 2.4 12.5 4.6
      vertex 2.4 21.5 4.6
    endloop
  endfacet
  facet normal 0 -0 0
    outer loop
      vertex 2.4 12.5 4.6
      vertex 2.4 12.5 2
      vertex 2.4 12.5 5.6
    endloop
  endfacet
  facet normal -1 0 0
    outer loop
      vertex 2.4 12.5 2
      vertex 2.4 12.5 4.6
      vertex 2.4 21.5 2
    endloop
  endfacet
  facet normal -1 0 0
    outer loop
      vertex 2.4 12.5 5.6
      vertex 2.4 21.5 6.6
      vertex 2.4 21.5 5.6
    endloop
  endfacet
  facet normal -1 0 0
    outer loop
      vertex 2.4 12.5 5.6
      vertex 2.4 12.5 6.6
      vertex 2.4 21.5 6.6
    endloop
  endfacet
  facet normal 0 0 0
    outer loop
      vertex 2.4 12.5 6.6
      vertex 2.4 12.5 5.6
      vertex 2.4 12.5 2
    endloop
  endfacet
  facet normal -1 0 0
    outer loop
      vertex 2.4 22.5 2
      vertex 2.4 69.5 6.6
      vertex 2.4 69.5 2
    endloop
  endfacet
  facet normal -1 -0 0
    outer loop
      vertex 2.4 69.5 6.6
      vertex 2.4 22.5 2
      vertex 2.4 22.5 6.6
    endloop
  endfacet
  facet normal -1 0 0
    outer loop
      vertex 2.4 70.5 5.6
      vertex 2.4 79.5 6.6
      vertex 2.4 79.5 5.6
    endloop
  endfacet
  facet normal -1 -0 0
    outer loop
      vertex 2.4 79.5 6.6
      vertex 2.4 70.5 5.6
      vertex 2.4 70.5 6.6
    endloop
  endfacet
  facet normal -1 0 0
    outer loop
      vertex 2.4 70.5 2
      vertex 2.4 79.5 4.6
      vertex 2.4 79.5 2
    endloop
  endfacet
  facet normal -1 -0 0
    outer loop
      vertex 2.4 79.5 4.6
      vertex 2.4 70.5 2
      vertex 2.4 70.5 4.6
    endloop
  endfacet
  facet normal 0 0 0
    outer loop
      vertex 2.4 70.5 2
      vertex 2.4 70.5 6.6
      vertex 2.4 70.5 5.6
    endloop
  endfacet
  facet normal 0 0 0
    outer loop
      vertex 2.4 70.5 2
      vertex 2.4 70.5 5.6
      vertex 2.4 70.5 4.6
    endloop
  endfacet
  facet normal 0.987678 0.1565 0
    outer loop
      vertex 73.5885 81.7195 6.6
      vertex 73.5541 81.9366 2
      vertex 73.5541 81.9366 6.6
    endloop
  endfacet
  facet normal 0.987678 0.1565 0
    outer loop
      vertex 73.5541 81.9366 2
      vertex 73.5885 81.7195 6.6
      vertex 73.5885 81.7195 2
    endloop
  endfacet
  facet normal 0.25888 0.965909 -0
    outer loop
      vertex 72.1489 83.4972 2
      vertex 71.9366 83.5541 6.6
      vertex 72.1489 83.4972 6.6
    endloop
  endfacet
  facet normal 0.25888 0.965909 0
    outer loop
      vertex 71.9366 83.5541 6.6
      vertex 72.1489 83.4972 2
      vertex 71.9366 83.5541 2
    endloop
  endfacet
  facet normal 0.6294 -0.777082 0
    outer loop
      vertex 72.7344 2.80106 2
      vertex 72.9052 2.9394 6.6
      vertex 72.7344 2.80106 6.6
    endloop
  endfacet
  facet normal 0.6294 -0.777082 0
    outer loop
      vertex 72.9052 2.9394 6.6
      vertex 72.7344 2.80106 2
      vertex 72.9052 2.9394 2
    endloop
  endfacet
  facet normal -0.0523177 -0.99863 0
    outer loop
      vertex 4.28049 2.4115 2
      vertex 4.5 2.4 6.6
      vertex 4.28049 2.4115 6.6
    endloop
  endfacet
  facet normal -0.0523177 -0.99863 -0
    outer loop
      vertex 4.5 2.4 6.6
      vertex 4.28049 2.4115 2
      vertex 4.5 2.4 2
    endloop
  endfacet
  facet normal 0.777171 0.62929 0
    outer loop
      vertex 73.1989 82.7344 6.6
      vertex 73.0606 82.9052 2
      vertex 73.0606 82.9052 6.6
    endloop
  endfacet
  facet normal 0.777171 0.62929 0
    outer loop
      vertex 73.0606 82.9052 2
      vertex 73.1989 82.7344 6.6
      vertex 73.1989 82.7344 2
    endloop
  endfacet
  facet normal 0.05232 0.99863 -0
    outer loop
      vertex 71.7195 83.5885 2
      vertex 71.5 83.6 6.6
      vertex 71.7195 83.5885 6.6
    endloop
  endfacet
  facet normal 0.05232 0.99863 0
    outer loop
      vertex 71.5 83.6 6.6
      vertex 71.7195 83.5885 2
      vertex 71.5 83.6 2
    endloop
  endfacet
  facet normal -0.454025 0.890989 0
    outer loop
      vertex 3.64585 83.4184 2
      vertex 3.45 83.3186 6.6
      vertex 3.64585 83.4184 6.6
    endloop
  endfacet
  facet normal -0.454025 0.890989 0
    outer loop
      vertex 3.45 83.3186 6.6
      vertex 3.64585 83.4184 2
      vertex 3.45 83.3186 2
    endloop
  endfacet
  facet normal 0.777207 -0.629245 0
    outer loop
      vertex 73.0606 3.09483 6.6
      vertex 73.1989 3.26565 2
      vertex 73.1989 3.26565 6.6
    endloop
  endfacet
  facet normal 0.777207 -0.629245 0
    outer loop
      vertex 73.1989 3.26565 2
      vertex 73.0606 3.09483 6.6
      vertex 73.0606 3.09483 2
    endloop
  endfacet
  facet normal -0.544581 0.838709 0
    outer loop
      vertex 3.45 83.3186 2
      vertex 3.26565 83.1989 6.6
      vertex 3.45 83.3186 6.6
    endloop
  endfacet
  facet normal -0.544581 0.838709 0
    outer loop
      vertex 3.26565 83.1989 6.6
      vertex 3.45 83.3186 2
      vertex 3.26565 83.1989 2
    endloop
  endfacet
  facet normal 0.258838 -0.965921 0
    outer loop
      vertex 71.9366 2.44589 2
      vertex 72.1489 2.50278 6.6
      vertex 71.9366 2.44589 6.6
    endloop
  endfacet
  facet normal 0.258838 -0.965921 0
    outer loop
      vertex 72.1489 2.50278 6.6
      vertex 71.9366 2.44589 2
      vertex 72.1489 2.50278 2
    endloop
  endfacet
  facet normal -0.358357 -0.933585 0
    outer loop
      vertex 3.64585 2.58155 2
      vertex 3.85106 2.50278 6.6
      vertex 3.64585 2.58155 6.6
    endloop
  endfacet
  facet normal -0.358357 -0.933585 -0
    outer loop
      vertex 3.85106 2.50278 6.6
      vertex 3.64585 2.58155 2
      vertex 3.85106 2.50278 2
    endloop
  endfacet
  facet normal 0.965909 0.25888 0
    outer loop
      vertex 73.5541 81.9366 6.6
      vertex 73.4972 82.1489 2
      vertex 73.4972 82.1489 6.6
    endloop
  endfacet
  facet normal 0.965909 0.25888 0
    outer loop
      vertex 73.4972 82.1489 2
      vertex 73.5541 81.9366 6.6
      vertex 73.5541 81.9366 2
    endloop
  endfacet
  facet normal -0.156455 -0.987685 0
    outer loop
      vertex 4.06339 2.44589 2
      vertex 4.28049 2.4115 6.6
      vertex 4.06339 2.44589 6.6
    endloop
  endfacet
  facet normal -0.156455 -0.987685 -0
    outer loop
      vertex 4.28049 2.4115 6.6
      vertex 4.06339 2.44589 2
      vertex 4.28049 2.4115 2
    endloop
  endfacet
  facet normal 0.453933 0.891036 -0
    outer loop
      vertex 72.55 83.3186 2
      vertex 72.3541 83.4184 6.6
      vertex 72.55 83.3186 6.6
    endloop
  endfacet
  facet normal 0.453933 0.891036 0
    outer loop
      vertex 72.3541 83.4184 6.6
      vertex 72.55 83.3186 2
      vertex 72.3541 83.4184 2
    endloop
  endfacet
  facet normal -0.777082 0.6294 0
    outer loop
      vertex 2.80106 82.7344 2
      vertex 2.9394 82.9052 6.6
      vertex 2.9394 82.9052 2
    endloop
  endfacet
  facet normal -0.777082 0.6294 0
    outer loop
      vertex 2.9394 82.9052 6.6
      vertex 2.80106 82.7344 2
      vertex 2.80106 82.7344 6.6
    endloop
  endfacet
  facet normal 0.707175 -0.707039 0
    outer loop
      vertex 72.9052 2.9394 6.6
      vertex 73.0606 3.09483 2
      vertex 73.0606 3.09483 6.6
    endloop
  endfacet
  facet normal 0.707175 -0.707039 0
    outer loop
      vertex 73.0606 3.09483 2
      vertex 72.9052 2.9394 6.6
      vertex 72.9052 2.9394 2
    endloop
  endfacet
  facet normal -0.838755 0.544509 0
    outer loop
      vertex 2.68135 82.55 2
      vertex 2.80106 82.7344 6.6
      vertex 2.80106 82.7344 2
    endloop
  endfacet
  facet normal -0.838755 0.544509 0
    outer loop
      vertex 2.80106 82.7344 6.6
      vertex 2.68135 82.55 2
      vertex 2.68135 82.55 6.6
    endloop
  endfacet
  facet normal 0.965919 -0.258846 0
    outer loop
      vertex 73.4972 3.85106 6.6
      vertex 73.5541 4.06339 2
      vertex 73.5541 4.06339 6.6
    endloop
  endfacet
  facet normal 0.965919 -0.258846 0
    outer loop
      vertex 73.5541 4.06339 2
      vertex 73.4972 3.85106 6.6
      vertex 73.4972 3.85106 2
    endloop
  endfacet
  facet normal -0.777118 -0.629355 0
    outer loop
      vertex 2.9394 3.09483 2
      vertex 2.80106 3.26565 6.6
      vertex 2.80106 3.26565 2
    endloop
  endfacet
  facet normal -0.777118 -0.629355 0
    outer loop
      vertex 2.80106 3.26565 6.6
      vertex 2.9394 3.09483 2
      vertex 2.9394 3.09483 6.6
    endloop
  endfacet
  facet normal -0.890989 -0.454025 0
    outer loop
      vertex 2.68135 3.45 2
      vertex 2.58155 3.64585 6.6
      vertex 2.58155 3.64585 2
    endloop
  endfacet
  facet normal -0.890989 -0.454025 0
    outer loop
      vertex 2.58155 3.64585 6.6
      vertex 2.68135 3.45 2
      vertex 2.68135 3.45 6.6
    endloop
  endfacet
  facet normal 0.62929 0.777171 -0
    outer loop
      vertex 72.9052 83.0606 2
      vertex 72.7344 83.1989 6.6
      vertex 72.9052 83.0606 6.6
    endloop
  endfacet
  facet normal 0.62929 0.777171 0
    outer loop
      vertex 72.7344 83.1989 6.6
      vertex 72.9052 83.0606 2
      vertex 72.7344 83.1989 2
    endloop
  endfacet
  facet normal 0.707107 0.707107 0
    outer loop
      vertex 73.0606 82.9052 6.6
      vertex 72.9052 83.0606 2
      vertex 72.9052 83.0606 6.6
    endloop
  endfacet
  facet normal 0.707107 0.707107 0
    outer loop
      vertex 72.9052 83.0606 2
      vertex 73.0606 82.9052 6.6
      vertex 73.0606 82.9052 2
    endloop
  endfacet
  facet normal 0.544477 0.838776 -0
    outer loop
      vertex 72.7344 83.1989 2
      vertex 72.55 83.3186 6.6
      vertex 72.7344 83.1989 6.6
    endloop
  endfacet
  facet normal 0.544477 0.838776 0
    outer loop
      vertex 72.55 83.3186 6.6
      vertex 72.7344 83.1989 2
      vertex 72.55 83.3186 2
    endloop
  endfacet
  facet normal -0.1565 0.987678 0
    outer loop
      vertex 4.28049 83.5885 2
      vertex 4.06339 83.5541 6.6
      vertex 4.28049 83.5885 6.6
    endloop
  endfacet
  facet normal -0.1565 0.987678 0
    outer loop
      vertex 4.06339 83.5541 6.6
      vertex 4.28049 83.5885 2
      vertex 4.06339 83.5541 2
    endloop
  endfacet
  facet normal 0.891036 0.453933 0
    outer loop
      vertex 73.4184 82.3541 6.6
      vertex 73.3186 82.55 2
      vertex 73.3186 82.55 6.6
    endloop
  endfacet
  facet normal 0.891036 0.453933 0
    outer loop
      vertex 73.3186 82.55 2
      vertex 73.4184 82.3541 6.6
      vertex 73.4184 82.3541 2
    endloop
  endfacet
  facet normal -0.838688 -0.544613 0
    outer loop
      vertex 2.80106 3.26565 2
      vertex 2.68135 3.45 6.6
      vertex 2.68135 3.45 2
    endloop
  endfacet
  facet normal -0.838688 -0.544613 0
    outer loop
      vertex 2.68135 3.45 6.6
      vertex 2.80106 3.26565 2
      vertex 2.80106 3.26565 6.6
    endloop
  endfacet
  facet normal -0.96593 -0.258804 0
    outer loop
      vertex 2.50278 3.85106 2
      vertex 2.44589 4.06339 6.6
      vertex 2.44589 4.06339 2
    endloop
  endfacet
  facet normal -0.96593 -0.258804 0
    outer loop
      vertex 2.44589 4.06339 6.6
      vertex 2.50278 3.85106 2
      vertex 2.50278 3.85106 6.6
    endloop
  endfacet
  facet normal -0.358476 0.933539 0
    outer loop
      vertex 3.85106 83.4972 2
      vertex 3.64585 83.4184 6.6
      vertex 3.85106 83.4972 6.6
    endloop
  endfacet
  facet normal -0.358476 0.933539 0
    outer loop
      vertex 3.64585 83.4184 6.6
      vertex 3.85106 83.4972 2
      vertex 3.64585 83.4184 2
    endloop
  endfacet
  facet normal 0.99863 -0.0523177 0
    outer loop
      vertex 73.5885 4.28049 6.6
      vertex 73.6 4.5 2
      vertex 73.6 4.5 6.6
    endloop
  endfacet
  facet normal 0.99863 -0.0523177 0
    outer loop
      vertex 73.6 4.5 2
      vertex 73.5885 4.28049 6.6
      vertex 73.5885 4.28049 2
    endloop
  endfacet
  facet normal -0.987685 0.156455 0
    outer loop
      vertex 2.4115 81.7195 2
      vertex 2.44589 81.9366 6.6
      vertex 2.44589 81.9366 2
    endloop
  endfacet
  facet normal -0.987685 0.156455 0
    outer loop
      vertex 2.44589 81.9366 6.6
      vertex 2.4115 81.7195 2
      vertex 2.4115 81.7195 6.6
    endloop
  endfacet
  facet normal 0.933539 -0.358476 0
    outer loop
      vertex 73.4184 3.64585 6.6
      vertex 73.4972 3.85106 2
      vertex 73.4972 3.85106 6.6
    endloop
  endfacet
  facet normal 0.933539 -0.358476 0
    outer loop
      vertex 73.4972 3.85106 2
      vertex 73.4184 3.64585 6.6
      vertex 73.4184 3.64585 2
    endloop
  endfacet
  facet normal 0.890989 -0.454025 0
    outer loop
      vertex 73.3186 3.45 6.6
      vertex 73.4184 3.64585 2
      vertex 73.4184 3.64585 6.6
    endloop
  endfacet
  facet normal 0.890989 -0.454025 0
    outer loop
      vertex 73.4184 3.64585 2
      vertex 73.3186 3.45 6.6
      vertex 73.3186 3.45 2
    endloop
  endfacet
  facet normal -0.707107 -0.707107 0
    outer loop
      vertex 3.09483 2.9394 2
      vertex 2.9394 3.09483 6.6
      vertex 2.9394 3.09483 2
    endloop
  endfacet
  facet normal -0.707107 -0.707107 0
    outer loop
      vertex 2.9394 3.09483 6.6
      vertex 3.09483 2.9394 2
      vertex 3.09483 2.9394 6.6
    endloop
  endfacet
  facet normal -0.933585 -0.358357 0
    outer loop
      vertex 2.58155 3.64585 2
      vertex 2.50278 3.85106 6.6
      vertex 2.50278 3.85106 2
    endloop
  endfacet
  facet normal -0.933585 -0.358357 0
    outer loop
      vertex 2.50278 3.85106 6.6
      vertex 2.58155 3.64585 2
      vertex 2.58155 3.64585 6.6
    endloop
  endfacet
  facet normal -0.99863 0.05232 0
    outer loop
      vertex 2.4 81.5 2
      vertex 2.4115 81.7195 6.6
      vertex 2.4115 81.7195 2
    endloop
  endfacet
  facet normal -0.99863 0.05232 0
    outer loop
      vertex 2.4115 81.7195 6.6
      vertex 2.4 81.5 2
      vertex 2.4 81.5 6.6
    endloop
  endfacet
  facet normal -0.0523177 0.99863 0
    outer loop
      vertex 4.5 83.6 2
      vertex 4.28049 83.5885 6.6
      vertex 4.5 83.6 6.6
    endloop
  endfacet
  facet normal -0.0523177 0.99863 0
    outer loop
      vertex 4.28049 83.5885 6.6
      vertex 4.5 83.6 2
      vertex 4.28049 83.5885 2
    endloop
  endfacet
  facet normal 0 0 1
    outer loop
      vertex 73.5885 81.7195 6.6
      vertex 72.1962 81.5732 6.6
      vertex 72.2 81.5 6.6
    endloop
  endfacet
  facet normal 0 0 1
    outer loop
      vertex 72.55 83.3186 6.6
      vertex 72.1847 81.6455 6.6
      vertex 72.1962 81.5732 6.6
    endloop
  endfacet
  facet normal 0 0 1
    outer loop
      vertex 72.55 83.3186 6.6
      vertex 72.1657 81.7163 6.6
      vertex 72.1847 81.6455 6.6
    endloop
  endfacet
  facet normal 0 0 1
    outer loop
      vertex 71.7847 82.1395 6.6
      vertex 72.3541 83.4184 6.6
      vertex 72.1489 83.4972 6.6
    endloop
  endfacet
  facet normal 0 0 1
    outer loop
      vertex 72.55 83.3186 6.6
      vertex 72.1395 81.7847 6.6
      vertex 72.1657 81.7163 6.6
    endloop
  endfacet
  facet normal 0 0 1
    outer loop
      vertex 72.55 83.3186 6.6
      vertex 72.1062 81.85 6.6
      vertex 72.1395 81.7847 6.6
    endloop
  endfacet
  facet normal 0 0 1
    outer loop
      vertex 72.55 83.3186 6.6
      vertex 72.0663 81.9114 6.6
      vertex 72.1062 81.85 6.6
    endloop
  endfacet
  facet normal 0 0 1
    outer loop
      vertex 72.55 83.3186 6.6
      vertex 72.0202 81.9684 6.6
      vertex 72.0663 81.9114 6.6
    endloop
  endfacet
  facet normal 0 0 1
    outer loop
      vertex 72.55 83.3186 6.6
      vertex 71.9684 82.0202 6.6
      vertex 72.0202 81.9684 6.6
    endloop
  endfacet
  facet normal 0 0 1
    outer loop
      vertex 71.7163 82.1657 6.6
      vertex 72.1489 83.4972 6.6
      vertex 71.9366 83.5541 6.6
    endloop
  endfacet
  facet normal 0 0 1
    outer loop
      vertex 72.55 83.3186 6.6
      vertex 71.9114 82.0663 6.6
      vertex 71.9684 82.0202 6.6
    endloop
  endfacet
  facet normal 0 0 1
    outer loop
      vertex 72.55 83.3186 6.6
      vertex 71.85 82.1062 6.6
      vertex 71.9114 82.0663 6.6
    endloop
  endfacet
  facet normal 0 0 1
    outer loop
      vertex 72.3541 83.4184 6.6
      vertex 71.7847 82.1395 6.6
      vertex 71.85 82.1062 6.6
    endloop
  endfacet
  facet normal 0 0 1
    outer loop
      vertex 71.6455 82.1847 6.6
      vertex 71.9366 83.5541 6.6
      vertex 71.7195 83.5885 6.6
    endloop
  endfacet
  facet normal 0 0 1
    outer loop
      vertex 72.1489 83.4972 6.6
      vertex 71.7163 82.1657 6.6
      vertex 71.7847 82.1395 6.6
    endloop
  endfacet
  facet normal 0 0 1
    outer loop
      vertex 71.9366 83.5541 6.6
      vertex 71.6455 82.1847 6.6
      vertex 71.7163 82.1657 6.6
    endloop
  endfacet
  facet normal 0 0 1
    outer loop
      vertex 71.7195 83.5885 6.6
      vertex 71.5732 82.1962 6.6
      vertex 71.6455 82.1847 6.6
    endloop
  endfacet
  facet normal 0 0 1
    outer loop
      vertex 71.5 83.6 6.6
      vertex 71.5732 82.1962 6.6
      vertex 71.7195 83.5885 6.6
    endloop
  endfacet
  facet normal 0 0 1
    outer loop
      vertex 71.5 83.6 6.6
      vertex 71.5 82.2 6.6
      vertex 71.5732 82.1962 6.6
    endloop
  endfacet
  facet normal -0 0 1
    outer loop
      vertex 43.5 83.6 6.6
      vertex 71.5 82.2 6.6
      vertex 71.5 83.6 6.6
    endloop
  endfacet
  facet normal 0 0 1
    outer loop
      vertex 71.5 82.2 6.6
      vertex 43.5 83.6 6.6
      vertex 43.5 82.2 6.6
    endloop
  endfacet
  facet normal 0 0 1
    outer loop
      vertex 72.2 81.5 6.6
      vertex 73.6 81.5 6.6
      vertex 73.5885 81.7195 6.6
    endloop
  endfacet
  facet normal 0 0 1
    outer loop
      vertex 72.1962 81.5732 6.6
      vertex 73.5885 81.7195 6.6
      vertex 73.5541 81.9366 6.6
    endloop
  endfacet
  facet normal 0 0 1
    outer loop
      vertex 72.1962 81.5732 6.6
      vertex 73.5541 81.9366 6.6
      vertex 73.4972 82.1489 6.6
    endloop
  endfacet
  facet normal 0 0 1
    outer loop
      vertex 72.1962 81.5732 6.6
      vertex 73.4972 82.1489 6.6
      vertex 73.4184 82.3541 6.6
    endloop
  endfacet
  facet normal 0 0 1
    outer loop
      vertex 72.1962 81.5732 6.6
      vertex 73.4184 82.3541 6.6
      vertex 73.3186 82.55 6.6
    endloop
  endfacet
  facet normal 0 0 1
    outer loop
      vertex 72.1962 81.5732 6.6
      vertex 73.3186 82.55 6.6
      vertex 73.1989 82.7344 6.6
    endloop
  endfacet
  facet normal 0 0 1
    outer loop
      vertex 72.1962 81.5732 6.6
      vertex 73.1989 82.7344 6.6
      vertex 73.0606 82.9052 6.6
    endloop
  endfacet
  facet normal 0 0 1
    outer loop
      vertex 72.1962 81.5732 6.6
      vertex 73.0606 82.9052 6.6
      vertex 72.9052 83.0606 6.6
    endloop
  endfacet
  facet normal 0 0 1
    outer loop
      vertex 72.1962 81.5732 6.6
      vertex 72.9052 83.0606 6.6
      vertex 72.7344 83.1989 6.6
    endloop
  endfacet
  facet normal 0 0 1
    outer loop
      vertex 72.1962 81.5732 6.6
      vertex 72.7344 83.1989 6.6
      vertex 72.55 83.3186 6.6
    endloop
  endfacet
  facet normal 0 0 1
    outer loop
      vertex 71.85 82.1062 6.6
      vertex 72.55 83.3186 6.6
      vertex 72.3541 83.4184 6.6
    endloop
  endfacet
  facet normal 0 0 1
    outer loop
      vertex 73.6 81.5 6.6
      vertex 72.2 81.5 6.6
      vertex 73.6 80.5 6.6
    endloop
  endfacet
  facet normal 0 0 1
    outer loop
      vertex 73.6 80.5 6.6
      vertex 72.2 81.5 6.6
      vertex 72.2 80.5 6.6
    endloop
  endfacet
  facet normal 0 0 1
    outer loop
      vertex 2.4 4.5 6.6
      vertex 3.8 4.5 6.6
      vertex 3.8 11.5 6.6
    endloop
  endfacet
  facet normal 0 -0 1
    outer loop
      vertex 2.4115 4.28049 6.6
      vertex 3.8 4.5 6.6
      vertex 2.4 4.5 6.6
    endloop
  endfacet
  facet normal 0 0 1
    outer loop
      vertex 3.8 4.5 6.6
      vertex 3.45 2.68135 6.6
      vertex 3.64585 2.58155 6.6
    endloop
  endfacet
  facet normal 0 0 1
    outer loop
      vertex 3.8 4.5 6.6
      vertex 3.26565 2.80106 6.6
      vertex 3.45 2.68135 6.6
    endloop
  endfacet
  facet normal 0 0 1
    outer loop
      vertex 3.8 4.5 6.6
      vertex 3.09483 2.9394 6.6
      vertex 3.26565 2.80106 6.6
    endloop
  endfacet
  facet normal 0 0 1
    outer loop
      vertex 3.8 4.5 6.6
      vertex 2.9394 3.09483 6.6
      vertex 3.09483 2.9394 6.6
    endloop
  endfacet
  facet normal 0 0 1
    outer loop
      vertex 3.8 4.5 6.6
      vertex 2.80106 3.26565 6.6
      vertex 2.9394 3.09483 6.6
    endloop
  endfacet
  facet normal 0 0 1
    outer loop
      vertex 3.8 4.5 6.6
      vertex 2.68135 3.45 6.6
      vertex 2.80106 3.26565 6.6
    endloop
  endfacet
  facet normal 0 0 1
    outer loop
      vertex 3.8 4.5 6.6
      vertex 2.58155 3.64585 6.6
      vertex 2.68135 3.45 6.6
    endloop
  endfacet
  facet normal 0 0 1
    outer loop
      vertex 3.8 4.5 6.6
      vertex 2.50278 3.85106 6.6
      vertex 2.58155 3.64585 6.6
    endloop
  endfacet
  facet normal 0 0 1
    outer loop
      vertex 3.8 4.5 6.6
      vertex 2.44589 4.06339 6.6
      vertex 2.50278 3.85106 6.6
    endloop
  endfacet
  facet normal 0 0 1
    outer loop
      vertex 2.4 4.5 6.6
      vertex 3.8 11.5 6.6
      vertex 2.4 11.5 6.6
    endloop
  endfacet
  facet normal 0 0 1
    outer loop
      vertex 3.8 4.5 6.6
      vertex 2.4115 4.28049 6.6
      vertex 2.44589 4.06339 6.6
    endloop
  endfacet
  facet normal -0 0 1
    outer loop
      vertex 4.5 3.8 6.6
      vertex 32.5 2.4 6.6
      vertex 32.5 3.8 6.6
    endloop
  endfacet
  facet normal 0 0 1
    outer loop
      vertex 4.5 3.8 6.6
      vertex 4.5 2.4 6.6
      vertex 32.5 2.4 6.6
    endloop
  endfacet
  facet normal 0 0 1
    outer loop
      vertex 4.42683 3.80383 6.6
      vertex 4.5 2.4 6.6
      vertex 4.5 3.8 6.6
    endloop
  endfacet
  facet normal 0 0 1
    outer loop
      vertex 4.28049 2.4115 6.6
      vertex 4.42683 3.80383 6.6
      vertex 4.35446 3.8153 6.6
    endloop
  endfacet
  facet normal 0 0 1
    outer loop
      vertex 4.06339 2.44589 6.6
      vertex 4.35446 3.8153 6.6
      vertex 4.28369 3.83426 6.6
    endloop
  endfacet
  facet normal 0 0 1
    outer loop
      vertex 4.42683 3.80383 6.6
      vertex 4.28049 2.4115 6.6
      vertex 4.5 2.4 6.6
    endloop
  endfacet
  facet normal 0 0 1
    outer loop
      vertex 3.85106 2.50278 6.6
      vertex 4.28369 3.83426 6.6
      vertex 4.21528 3.86052 6.6
    endloop
  endfacet
  facet normal 0 0 1
    outer loop
      vertex 3.64585 2.58155 6.6
      vertex 4.21528 3.86052 6.6
      vertex 4.15 3.89378 6.6
    endloop
  endfacet
  facet normal 0 0 1
    outer loop
      vertex 3.64585 2.58155 6.6
      vertex 4.15 3.89378 6.6
      vertex 4.08855 3.93369 6.6
    endloop
  endfacet
  facet normal 0 0 1
    outer loop
      vertex 4.35446 3.8153 6.6
      vertex 4.06339 2.44589 6.6
      vertex 4.28049 2.4115 6.6
    endloop
  endfacet
  facet normal 0 0 1
    outer loop
      vertex 3.64585 2.58155 6.6
      vertex 4.08855 3.93369 6.6
      vertex 4.03161 3.9798 6.6
    endloop
  endfacet
  facet normal 0 0 1
    outer loop
      vertex 3.64585 2.58155 6.6
      vertex 4.03161 3.9798 6.6
      vertex 3.9798 4.03161 6.6
    endloop
  endfacet
  facet normal 0 0 1
    outer loop
      vertex 3.64585 2.58155 6.6
      vertex 3.9798 4.03161 6.6
      vertex 3.93369 4.08855 6.6
    endloop
  endfacet
  facet normal 0 0 1
    outer loop
      vertex 3.64585 2.58155 6.6
      vertex 3.93369 4.08855 6.6
      vertex 3.89378 4.15 6.6
    endloop
  endfacet
  facet normal 0 0 1
    outer loop
      vertex 3.64585 2.58155 6.6
      vertex 3.89378 4.15 6.6
      vertex 3.86052 4.21528 6.6
    endloop
  endfacet
  facet normal 0 0 1
    outer loop
      vertex 4.28369 3.83426 6.6
      vertex 3.85106 2.50278 6.6
      vertex 4.06339 2.44589 6.6
    endloop
  endfacet
  facet normal 0 0 1
    outer loop
      vertex 3.64585 2.58155 6.6
      vertex 3.86052 4.21528 6.6
      vertex 3.83426 4.28369 6.6
    endloop
  endfacet
  facet normal 0 0 1
    outer loop
      vertex 3.64585 2.58155 6.6
      vertex 3.83426 4.28369 6.6
      vertex 3.8153 4.35446 6.6
    endloop
  endfacet
  facet normal 0 0 1
    outer loop
      vertex 3.64585 2.58155 6.6
      vertex 3.8153 4.35446 6.6
      vertex 3.80383 4.42683 6.6
    endloop
  endfacet
  facet normal 0 0 1
    outer loop
      vertex 3.64585 2.58155 6.6
      vertex 3.80383 4.42683 6.6
      vertex 3.8 4.5 6.6
    endloop
  endfacet
  facet normal 0 0 1
    outer loop
      vertex 4.21528 3.86052 6.6
      vertex 3.64585 2.58155 6.6
      vertex 3.85106 2.50278 6.6
    endloop
  endfacet
  facet normal 0 0 1
    outer loop
      vertex 72.2 4.5 6.6
      vertex 73.6 4.5 6.6
      vertex 73.6 11.5 6.6
    endloop
  endfacet
  facet normal 0 0 1
    outer loop
      vertex 73.6 4.5 6.6
      vertex 72.2 4.5 6.6
      vertex 73.5885 4.28049 6.6
    endloop
  endfacet
  facet normal -0 0 1
    outer loop
      vertex 72.1962 4.42683 6.6
      vertex 73.5885 4.28049 6.6
      vertex 72.2 4.5 6.6
    endloop
  endfacet
  facet normal 0 0 1
    outer loop
      vertex 73.5885 4.28049 6.6
      vertex 72.1962 4.42683 6.6
      vertex 73.5541 4.06339 6.6
    endloop
  endfacet
  facet normal -0 0 1
    outer loop
      vertex 72.1847 4.35446 6.6
      vertex 73.5541 4.06339 6.6
      vertex 72.1962 4.42683 6.6
    endloop
  endfacet
  facet normal 0 0 1
    outer loop
      vertex 73.5541 4.06339 6.6
      vertex 72.1847 4.35446 6.6
      vertex 73.4972 3.85106 6.6
    endloop
  endfacet
  facet normal -0 0 1
    outer loop
      vertex 72.1657 4.28369 6.6
      vertex 73.4972 3.85106 6.6
      vertex 72.1847 4.35446 6.6
    endloop
  endfacet
  facet normal 0 0 1
    outer loop
      vertex 73.4972 3.85106 6.6
      vertex 72.1657 4.28369 6.6
      vertex 73.4184 3.64585 6.6
    endloop
  endfacet
  facet normal -0 0 1
    outer loop
      vertex 72.1395 4.21528 6.6
      vertex 73.4184 3.64585 6.6
      vertex 72.1657 4.28369 6.6
    endloop
  endfacet
  facet normal 0 0 1
    outer loop
      vertex 73.4184 3.64585 6.6
      vertex 72.1395 4.21528 6.6
      vertex 73.3186 3.45 6.6
    endloop
  endfacet
  facet normal -0 0 1
    outer loop
      vertex 72.1062 4.15 6.6
      vertex 73.3186 3.45 6.6
      vertex 72.1395 4.21528 6.6
    endloop
  endfacet
  facet normal 0 0 1
    outer loop
      vertex 72.2 4.5 6.6
      vertex 73.6 11.5 6.6
      vertex 72.2 11.5 6.6
    endloop
  endfacet
  facet normal 0 0 1
    outer loop
      vertex 73.3186 3.45 6.6
      vertex 72.1062 4.15 6.6
      vertex 73.1989 3.26565 6.6
    endloop
  endfacet
  facet normal -0 0 1
    outer loop
      vertex 72.0663 4.08855 6.6
      vertex 73.1989 3.26565 6.6
      vertex 72.1062 4.15 6.6
    endloop
  endfacet
  facet normal 0 0 1
    outer loop
      vertex 73.1989 3.26565 6.6
      vertex 72.0663 4.08855 6.6
      vertex 73.0606 3.09483 6.6
    endloop
  endfacet
  facet normal -0 0 1
    outer loop
      vertex 72.0202 4.03161 6.6
      vertex 73.0606 3.09483 6.6
      vertex 72.0663 4.08855 6.6
    endloop
  endfacet
  facet normal 0 0 1
    outer loop
      vertex 73.0606 3.09483 6.6
      vertex 72.0202 4.03161 6.6
      vertex 72.9052 2.9394 6.6
    endloop
  endfacet
  facet normal -0 0 1
    outer loop
      vertex 71.9684 3.9798 6.6
      vertex 72.9052 2.9394 6.6
      vertex 72.0202 4.03161 6.6
    endloop
  endfacet
  facet normal 0 0 1
    outer loop
      vertex 72.9052 2.9394 6.6
      vertex 71.9684 3.9798 6.6
      vertex 72.7344 2.80106 6.6
    endloop
  endfacet
  facet normal -0 0 1
    outer loop
      vertex 71.9114 3.93369 6.6
      vertex 72.7344 2.80106 6.6
      vertex 71.9684 3.9798 6.6
    endloop
  endfacet
  facet normal 0 0 1
    outer loop
      vertex 72.7344 2.80106 6.6
      vertex 71.9114 3.93369 6.6
      vertex 72.55 2.68135 6.6
    endloop
  endfacet
  facet normal -0 0 1
    outer loop
      vertex 71.85 3.89378 6.6
      vertex 72.55 2.68135 6.6
      vertex 71.9114 3.93369 6.6
    endloop
  endfacet
  facet normal 0 0 1
    outer loop
      vertex 72.55 2.68135 6.6
      vertex 71.85 3.89378 6.6
      vertex 72.3541 2.58155 6.6
    endloop
  endfacet
  facet normal -0 0 1
    outer loop
      vertex 71.7847 3.86052 6.6
      vertex 72.3541 2.58155 6.6
      vertex 71.85 3.89378 6.6
    endloop
  endfacet
  facet normal 0 0 1
    outer loop
      vertex 72.3541 2.58155 6.6
      vertex 71.7847 3.86052 6.6
      vertex 72.1489 2.50278 6.6
    endloop
  endfacet
  facet normal -0 0 1
    outer loop
      vertex 71.7163 3.83426 6.6
      vertex 72.1489 2.50278 6.6
      vertex 71.7847 3.86052 6.6
    endloop
  endfacet
  facet normal 0 0 1
    outer loop
      vertex 72.1489 2.50278 6.6
      vertex 71.7163 3.83426 6.6
      vertex 71.9366 2.44589 6.6
    endloop
  endfacet
  facet normal -0 0 1
    outer loop
      vertex 71.6455 3.8153 6.6
      vertex 71.9366 2.44589 6.6
      vertex 71.7163 3.83426 6.6
    endloop
  endfacet
  facet normal 0 0 1
    outer loop
      vertex 71.9366 2.44589 6.6
      vertex 71.6455 3.8153 6.6
      vertex 71.7195 2.4115 6.6
    endloop
  endfacet
  facet normal -0 0 1
    outer loop
      vertex 71.5732 3.80383 6.6
      vertex 71.7195 2.4115 6.6
      vertex 71.6455 3.8153 6.6
    endloop
  endfacet
  facet normal -0 0 1
    outer loop
      vertex 71.5 3.8 6.6
      vertex 71.7195 2.4115 6.6
      vertex 71.5732 3.80383 6.6
    endloop
  endfacet
  facet normal 0 0 1
    outer loop
      vertex 71.5 3.8 6.6
      vertex 71.5 2.4 6.6
      vertex 71.7195 2.4115 6.6
    endloop
  endfacet
  facet normal -0 0 1
    outer loop
      vertex 43.5 3.8 6.6
      vertex 71.5 2.4 6.6
      vertex 71.5 3.8 6.6
    endloop
  endfacet
  facet normal 0 0 1
    outer loop
      vertex 71.5 2.4 6.6
      vertex 43.5 3.8 6.6
      vertex 43.5 2.4 6.6
    endloop
  endfacet
  facet normal -0 0 1
    outer loop
      vertex 4.5 83.6 6.6
      vertex 32.5 82.2 6.6
      vertex 32.5 83.6 6.6
    endloop
  endfacet
  facet normal 0 0 1
    outer loop
      vertex 4.5 83.6 6.6
      vertex 4.5 82.2 6.6
      vertex 32.5 82.2 6.6
    endloop
  endfacet
  facet normal 0 0 1
    outer loop
      vertex 4.5 83.6 6.6
      vertex 4.42683 82.1962 6.6
      vertex 4.5 82.2 6.6
    endloop
  endfacet
  facet normal -0 0 1
    outer loop
      vertex 4.28049 83.5885 6.6
      vertex 4.42683 82.1962 6.6
      vertex 4.5 83.6 6.6
    endloop
  endfacet
  facet normal 0 0 1
    outer loop
      vertex 4.42683 82.1962 6.6
      vertex 4.28049 83.5885 6.6
      vertex 4.35446 82.1847 6.6
    endloop
  endfacet
  facet normal -0 0 1
    outer loop
      vertex 4.06339 83.5541 6.6
      vertex 4.35446 82.1847 6.6
      vertex 4.28049 83.5885 6.6
    endloop
  endfacet
  facet normal 0 0 1
    outer loop
      vertex 4.35446 82.1847 6.6
      vertex 4.06339 83.5541 6.6
      vertex 4.28369 82.1657 6.6
    endloop
  endfacet
  facet normal -0 0 1
    outer loop
      vertex 3.85106 83.4972 6.6
      vertex 4.28369 82.1657 6.6
      vertex 4.06339 83.5541 6.6
    endloop
  endfacet
  facet normal 0 0 1
    outer loop
      vertex 4.28369 82.1657 6.6
      vertex 3.85106 83.4972 6.6
      vertex 4.21528 82.1395 6.6
    endloop
  endfacet
  facet normal -0 0 1
    outer loop
      vertex 3.64585 83.4184 6.6
      vertex 4.21528 82.1395 6.6
      vertex 3.85106 83.4972 6.6
    endloop
  endfacet
  facet normal 0 0 1
    outer loop
      vertex 4.21528 82.1395 6.6
      vertex 3.64585 83.4184 6.6
      vertex 4.15 82.1062 6.6
    endloop
  endfacet
  facet normal -0 0 1
    outer loop
      vertex 3.45 83.3186 6.6
      vertex 4.15 82.1062 6.6
      vertex 3.64585 83.4184 6.6
    endloop
  endfacet
  facet normal 0 0 1
    outer loop
      vertex 4.15 82.1062 6.6
      vertex 3.45 83.3186 6.6
      vertex 4.08855 82.0663 6.6
    endloop
  endfacet
  facet normal -0 0 1
    outer loop
      vertex 3.26565 83.1989 6.6
      vertex 4.08855 82.0663 6.6
      vertex 3.45 83.3186 6.6
    endloop
  endfacet
  facet normal 0 0 1
    outer loop
      vertex 4.08855 82.0663 6.6
      vertex 3.26565 83.1989 6.6
      vertex 4.03161 82.0202 6.6
    endloop
  endfacet
  facet normal -0 0 1
    outer loop
      vertex 3.09483 83.0606 6.6
      vertex 4.03161 82.0202 6.6
      vertex 3.26565 83.1989 6.6
    endloop
  endfacet
  facet normal 0 0 1
    outer loop
      vertex 4.03161 82.0202 6.6
      vertex 3.09483 83.0606 6.6
      vertex 3.9798 81.9684 6.6
    endloop
  endfacet
  facet normal -0 0 1
    outer loop
      vertex 2.9394 82.9052 6.6
      vertex 3.9798 81.9684 6.6
      vertex 3.09483 83.0606 6.6
    endloop
  endfacet
  facet normal 0 0 1
    outer loop
      vertex 3.9798 81.9684 6.6
      vertex 2.9394 82.9052 6.6
      vertex 3.93369 81.9114 6.6
    endloop
  endfacet
  facet normal -0 0 1
    outer loop
      vertex 2.80106 82.7344 6.6
      vertex 3.93369 81.9114 6.6
      vertex 2.9394 82.9052 6.6
    endloop
  endfacet
  facet normal 0 0 1
    outer loop
      vertex 3.93369 81.9114 6.6
      vertex 2.80106 82.7344 6.6
      vertex 3.89378 81.85 6.6
    endloop
  endfacet
  facet normal -0 0 1
    outer loop
      vertex 2.68135 82.55 6.6
      vertex 3.89378 81.85 6.6
      vertex 2.80106 82.7344 6.6
    endloop
  endfacet
  facet normal 0 0 1
    outer loop
      vertex 3.89378 81.85 6.6
      vertex 2.68135 82.55 6.6
      vertex 3.86052 81.7847 6.6
    endloop
  endfacet
  facet normal -0 0 1
    outer loop
      vertex 2.58155 82.3541 6.6
      vertex 3.86052 81.7847 6.6
      vertex 2.68135 82.55 6.6
    endloop
  endfacet
  facet normal 0 0 1
    outer loop
      vertex 3.86052 81.7847 6.6
      vertex 2.58155 82.3541 6.6
      vertex 3.83426 81.7163 6.6
    endloop
  endfacet
  facet normal -0 0 1
    outer loop
      vertex 2.50278 82.1489 6.6
      vertex 3.83426 81.7163 6.6
      vertex 2.58155 82.3541 6.6
    endloop
  endfacet
  facet normal 0 0 1
    outer loop
      vertex 3.83426 81.7163 6.6
      vertex 2.50278 82.1489 6.6
      vertex 3.8153 81.6455 6.6
    endloop
  endfacet
  facet normal -0 0 1
    outer loop
      vertex 2.44589 81.9366 6.6
      vertex 3.8153 81.6455 6.6
      vertex 2.50278 82.1489 6.6
    endloop
  endfacet
  facet normal 0 0 1
    outer loop
      vertex 3.8153 81.6455 6.6
      vertex 2.44589 81.9366 6.6
      vertex 3.80383 81.5732 6.6
    endloop
  endfacet
  facet normal -0 0 1
    outer loop
      vertex 2.4115 81.7195 6.6
      vertex 3.80383 81.5732 6.6
      vertex 2.44589 81.9366 6.6
    endloop
  endfacet
  facet normal 0 0 1
    outer loop
      vertex 3.80383 81.5732 6.6
      vertex 2.4115 81.7195 6.6
      vertex 3.8 81.5 6.6
    endloop
  endfacet
  facet normal 0 0 1
    outer loop
      vertex 2.4 81.5 6.6
      vertex 3.8 81.5 6.6
      vertex 2.4115 81.7195 6.6
    endloop
  endfacet
  facet normal 0 0 1
    outer loop
      vertex 3.8 81.5 6.6
      vertex 2.4 81.5 6.6
      vertex 3.8 80.5 6.6
    endloop
  endfacet
  facet normal 0 0 1
    outer loop
      vertex 3.8 80.5 6.6
      vertex 2.4 81.5 6.6
      vertex 2.4 80.5 6.6
    endloop
  endfacet
  facet normal -0 0 1
    outer loop
      vertex 2.4 21.5 6.6
      vertex 3.8 12.5 6.6
      vertex 3.8 21.5 6.6
    endloop
  endfacet
  facet normal 0 0 1
    outer loop
      vertex 3.8 12.5 6.6
      vertex 2.4 21.5 6.6
      vertex 2.4 12.5 6.6
    endloop
  endfacet
  facet normal -0 0 1
    outer loop
      vertex 2.4 69.5 6.6
      vertex 3.8 22.5 6.6
      vertex 3.8 69.5 6.6
    endloop
  endfacet
  facet normal 0 0 1
    outer loop
      vertex 3.8 22.5 6.6
      vertex 2.4 69.5 6.6
      vertex 2.4 22.5 6.6
    endloop
  endfacet
  facet normal -0 0 1
    outer loop
      vertex 2.4 79.5 6.6
      vertex 3.8 70.5 6.6
      vertex 3.8 79.5 6.6
    endloop
  endfacet
  facet normal 0 0 1
    outer loop
      vertex 3.8 70.5 6.6
      vertex 2.4 79.5 6.6
      vertex 2.4 70.5 6.6
    endloop
  endfacet
  facet normal -0 0 1
    outer loop
      vertex 72.2 21.5 6.6
      vertex 73.6 12.5 6.6
      vertex 73.6 21.5 6.6
    endloop
  endfacet
  facet normal 0 0 1
    outer loop
      vertex 73.6 12.5 6.6
      vertex 72.2 21.5 6.6
      vertex 72.2 12.5 6.6
    endloop
  endfacet
  facet normal -0 0 1
    outer loop
      vertex 72.2 69.5 6.6
      vertex 73.6 22.5 6.6
      vertex 73.6 69.5 6.6
    endloop
  endfacet
  facet normal 0 0 1
    outer loop
      vertex 73.6 22.5 6.6
      vertex 72.2 69.5 6.6
      vertex 72.2 22.5 6.6
    endloop
  endfacet
  facet normal -0 0 1
    outer loop
      vertex 72.2 79.5 6.6
      vertex 73.6 70.5 6.6
      vertex 73.6 79.5 6.6
    endloop
  endfacet
  facet normal 0 0 1
    outer loop
      vertex 73.6 70.5 6.6
      vertex 72.2 79.5 6.6
      vertex 72.2 70.5 6.6
    endloop
  endfacet
  facet normal -0 0 1
    outer loop
      vertex 33.5 3.8 6.6
      vertex 42.5 2.4 6.6
      vertex 42.5 3.8 6.6
    endloop
  endfacet
  facet normal 0 0 1
    outer loop
      vertex 42.5 2.4 6.6
      vertex 33.5 3.8 6.6
      vertex 33.5 2.4 6.6
    endloop
  endfacet
  facet normal -0 0 1
    outer loop
      vertex 33.5 83.6 6.6
      vertex 42.5 82.2 6.6
      vertex 42.5 83.6 6.6
    endloop
  endfacet
  facet normal 0 0 1
    outer loop
      vertex 42.5 82.2 6.6
      vertex 33.5 83.6 6.6
      vertex 33.5 82.2 6.6
    endloop
  endfacet
  facet normal -0.544613 -0.838688 0
    outer loop
      vertex 3.26565 2.80106 2
      vertex 3.45 2.68135 6.6
      vertex 3.26565 2.80106 6.6
    endloop
  endfacet
  facet normal -0.544613 -0.838688 -0
    outer loop
      vertex 3.45 2.68135 6.6
      vertex 3.26565 2.80106 2
      vertex 3.45 2.68135 2
    endloop
  endfacet
  facet normal -0.933579 0.358372 0
    outer loop
      vertex 2.50278 82.1489 2
      vertex 2.58155 82.3541 6.6
      vertex 2.58155 82.3541 2
    endloop
  endfacet
  facet normal -0.933579 0.358372 0
    outer loop
      vertex 2.58155 82.3541 6.6
      vertex 2.50278 82.1489 2
      vertex 2.50278 82.1489 6.6
    endloop
  endfacet
  facet normal -0.965921 0.258838 0
    outer loop
      vertex 2.44589 81.9366 2
      vertex 2.50278 82.1489 6.6
      vertex 2.50278 82.1489 2
    endloop
  endfacet
  facet normal -0.965921 0.258838 0
    outer loop
      vertex 2.50278 82.1489 6.6
      vertex 2.44589 81.9366 2
      vertex 2.44589 81.9366 6.6
    endloop
  endfacet
  facet normal 0.987678 -0.1565 0
    outer loop
      vertex 73.5541 4.06339 6.6
      vertex 73.5885 4.28049 2
      vertex 73.5885 4.28049 6.6
    endloop
  endfacet
  facet normal 0.987678 -0.1565 0
    outer loop
      vertex 73.5885 4.28049 2
      vertex 73.5541 4.06339 6.6
      vertex 73.5541 4.06339 2
    endloop
  endfacet
  facet normal 0.838709 -0.544581 0
    outer loop
      vertex 73.1989 3.26565 6.6
      vertex 73.3186 3.45 2
      vertex 73.3186 3.45 6.6
    endloop
  endfacet
  facet normal 0.838709 -0.544581 0
    outer loop
      vertex 73.3186 3.45 2
      vertex 73.1989 3.26565 6.6
      vertex 73.1989 3.26565 2
    endloop
  endfacet
  facet normal -0.987685 -0.156455 0
    outer loop
      vertex 2.44589 4.06339 2
      vertex 2.4115 4.28049 6.6
      vertex 2.4115 4.28049 2
    endloop
  endfacet
  facet normal -0.987685 -0.156455 0
    outer loop
      vertex 2.4115 4.28049 6.6
      vertex 2.44589 4.06339 2
      vertex 2.44589 4.06339 6.6
    endloop
  endfacet
  facet normal -0.629355 -0.777118 0
    outer loop
      vertex 3.09483 2.9394 2
      vertex 3.26565 2.80106 6.6
      vertex 3.09483 2.9394 6.6
    endloop
  endfacet
  facet normal -0.629355 -0.777118 -0
    outer loop
      vertex 3.26565 2.80106 6.6
      vertex 3.09483 2.9394 2
      vertex 3.26565 2.80106 2
    endloop
  endfacet
  facet normal -0.891036 0.453933 0
    outer loop
      vertex 2.58155 82.3541 2
      vertex 2.68135 82.55 6.6
      vertex 2.68135 82.55 2
    endloop
  endfacet
  facet normal -0.891036 0.453933 0
    outer loop
      vertex 2.68135 82.55 6.6
      vertex 2.58155 82.3541 2
      vertex 2.58155 82.3541 6.6
    endloop
  endfacet
  facet normal -0.259191 -0.965826 0
    outer loop
      vertex 71.6455 82.1847 2
      vertex 71.7163 82.1657 6.6
      vertex 71.6455 82.1847 6.6
    endloop
  endfacet
  facet normal -0.259191 -0.965826 -0
    outer loop
      vertex 71.7163 82.1657 6.6
      vertex 71.6455 82.1847 2
      vertex 71.7163 82.1657 2
    endloop
  endfacet
  facet normal -0.156685 0.987649 0
    outer loop
      vertex 71.6455 3.8153 2
      vertex 71.5732 3.80383 6.6
      vertex 71.6455 3.8153 6.6
    endloop
  endfacet
  facet normal -0.156685 0.987649 0
    outer loop
      vertex 71.5732 3.80383 6.6
      vertex 71.6455 3.8153 2
      vertex 71.5732 3.80383 2
    endloop
  endfacet
  facet normal -0.628845 -0.777531 0
    outer loop
      vertex 71.9114 82.0663 2
      vertex 71.9684 82.0202 6.6
      vertex 71.9114 82.0663 6.6
    endloop
  endfacet
  facet normal -0.628845 -0.777531 -0
    outer loop
      vertex 71.9684 82.0202 6.6
      vertex 71.9114 82.0663 2
      vertex 71.9684 82.0202 2
    endloop
  endfacet
  facet normal -0.777531 -0.628845 0
    outer loop
      vertex 72.0663 81.9114 2
      vertex 72.0202 81.9684 6.6
      vertex 72.0202 81.9684 2
    endloop
  endfacet
  facet normal -0.777531 -0.628845 0
    outer loop
      vertex 72.0202 81.9684 6.6
      vertex 72.0663 81.9114 2
      vertex 72.0663 81.9114 6.6
    endloop
  endfacet
  facet normal 0 1 -0
    outer loop
      vertex 32.5 3.8 2
      vertex 4.5 3.8 6.6
      vertex 32.5 3.8 6.6
    endloop
  endfacet
  facet normal 0 1 0
    outer loop
      vertex 4.5 3.8 6.6
      vertex 32.5 3.8 2
      vertex 4.5 3.8 2
    endloop
  endfacet
  facet normal 0 1 -0
    outer loop
      vertex 71.5 3.8 2
      vertex 43.5 3.8 6.6
      vertex 71.5 3.8 6.6
    endloop
  endfacet
  facet normal 0 1 0
    outer loop
      vertex 43.5 3.8 6.6
      vertex 71.5 3.8 2
      vertex 43.5 3.8 2
    endloop
  endfacet
  facet normal 0 1 -0
    outer loop
      vertex 42.5 3.8 2
      vertex 33.5 3.8 6.6
      vertex 42.5 3.8 6.6
    endloop
  endfacet
  facet normal 0 1 0
    outer loop
      vertex 33.5 3.8 6.6
      vertex 42.5 3.8 2
      vertex 33.5 3.8 2
    endloop
  endfacet
  facet normal 0.629328 0.77714 -0
    outer loop
      vertex 4.08855 3.93369 2
      vertex 4.03161 3.9798 6.6
      vertex 4.08855 3.93369 6.6
    endloop
  endfacet
  facet normal 0.629328 0.77714 0
    outer loop
      vertex 4.03161 3.9798 6.6
      vertex 4.08855 3.93369 2
      vertex 4.03161 3.9798 2
    endloop
  endfacet
  facet normal -1 0 0
    outer loop
      vertex 72.2 80.5 2
      vertex 72.2 81.5 6.6
      vertex 72.2 81.5 2
    endloop
  endfacet
  facet normal -1 -0 0
    outer loop
      vertex 72.2 81.5 6.6
      vertex 72.2 80.5 2
      vertex 72.2 80.5 6.6
    endloop
  endfacet
  facet normal -1 0 0
    outer loop
      vertex 72.2 4.5 2
      vertex 72.2 11.5 6.6
      vertex 72.2 11.5 2
    endloop
  endfacet
  facet normal -1 -0 0
    outer loop
      vertex 72.2 11.5 6.6
      vertex 72.2 4.5 2
      vertex 72.2 4.5 6.6
    endloop
  endfacet
  facet normal -1 0 0
    outer loop
      vertex 72.2 12.5 2
      vertex 72.2 21.5 6.6
      vertex 72.2 21.5 2
    endloop
  endfacet
  facet normal -1 -0 0
    outer loop
      vertex 72.2 21.5 6.6
      vertex 72.2 12.5 2
      vertex 72.2 12.5 6.6
    endloop
  endfacet
  facet normal -1 0 0
    outer loop
      vertex 72.2 22.5 2
      vertex 72.2 69.5 6.6
      vertex 72.2 69.5 2
    endloop
  endfacet
  facet normal -1 -0 0
    outer loop
      vertex 72.2 69.5 6.6
      vertex 72.2 22.5 2
      vertex 72.2 22.5 6.6
    endloop
  endfacet
  facet normal -1 0 0
    outer loop
      vertex 72.2 70.5 2
      vertex 72.2 79.5 6.6
      vertex 72.2 79.5 2
    endloop
  endfacet
  facet normal -1 -0 0
    outer loop
      vertex 72.2 79.5 6.6
      vertex 72.2 70.5 2
      vertex 72.2 70.5 6.6
    endloop
  endfacet
  facet normal -0.0522509 0.998634 0
    outer loop
      vertex 71.5732 3.80383 2
      vertex 71.5 3.8 6.6
      vertex 71.5732 3.80383 6.6
    endloop
  endfacet
  facet normal -0.0522509 0.998634 0
    outer loop
      vertex 71.5 3.8 6.6
      vertex 71.5732 3.80383 2
      vertex 71.5 3.8 2
    endloop
  endfacet
  facet normal 0.453971 0.891017 -0
    outer loop
      vertex 4.21528 3.86052 2
      vertex 4.15 3.89378 6.6
      vertex 4.21528 3.86052 6.6
    endloop
  endfacet
  facet normal 0.453971 0.891017 0
    outer loop
      vertex 4.15 3.89378 6.6
      vertex 4.21528 3.86052 2
      vertex 4.15 3.89378 2
    endloop
  endfacet
  facet normal 0 -1 0
    outer loop
      vertex 4.5 82.2 2
      vertex 32.5 82.2 6.6
      vertex 4.5 82.2 6.6
    endloop
  endfacet
  facet normal 0 -1 -0
    outer loop
      vertex 32.5 82.2 6.6
      vertex 4.5 82.2 2
      vertex 32.5 82.2 2
    endloop
  endfacet
  facet normal 0 -1 0
    outer loop
      vertex 43.5 82.2 2
      vertex 71.5 82.2 6.6
      vertex 43.5 82.2 6.6
    endloop
  endfacet
  facet normal 0 -1 -0
    outer loop
      vertex 71.5 82.2 6.6
      vertex 43.5 82.2 2
      vertex 71.5 82.2 2
    endloop
  endfacet
  facet normal 0 -1 0
    outer loop
      vertex 33.5 82.2 2
      vertex 42.5 82.2 6.6
      vertex 33.5 82.2 6.6
    endloop
  endfacet
  facet normal 0 -1 -0
    outer loop
      vertex 42.5 82.2 6.6
      vertex 33.5 82.2 2
      vertex 42.5 82.2 2
    endloop
  endfacet
  facet normal 0.544581 -0.838709 0
    outer loop
      vertex 4.08855 82.0663 2
      vertex 4.15 82.1062 6.6
      vertex 4.08855 82.0663 6.6
    endloop
  endfacet
  facet normal 0.544581 -0.838709 0
    outer loop
      vertex 4.15 82.1062 6.6
      vertex 4.08855 82.0663 2
      vertex 4.15 82.1062 2
    endloop
  endfacet
  facet normal 0.156537 0.987672 -0
    outer loop
      vertex 4.42683 3.80383 2
      vertex 4.35446 3.8153 6.6
      vertex 4.42683 3.80383 6.6
    endloop
  endfacet
  facet normal 0.156537 0.987672 0
    outer loop
      vertex 4.35446 3.8153 6.6
      vertex 4.42683 3.80383 2
      vertex 4.35446 3.8153 2
    endloop
  endfacet
  facet normal 0.0522723 0.998633 -0
    outer loop
      vertex 4.5 3.8 2
      vertex 4.42683 3.80383 6.6
      vertex 4.5 3.8 6.6
    endloop
  endfacet
  facet normal 0.0522723 0.998633 0
    outer loop
      vertex 4.42683 3.80383 6.6
      vertex 4.5 3.8 2
      vertex 4.42683 3.80383 2
    endloop
  endfacet
  facet normal -0.258682 0.965963 0
    outer loop
      vertex 71.7163 3.83426 2
      vertex 71.6455 3.8153 6.6
      vertex 71.7163 3.83426 6.6
    endloop
  endfacet
  facet normal -0.258682 0.965963 0
    outer loop
      vertex 71.6455 3.8153 6.6
      vertex 71.7163 3.83426 2
      vertex 71.6455 3.8153 2
    endloop
  endfacet
  facet normal -0.45386 0.891073 0
    outer loop
      vertex 71.85 3.89378 2
      vertex 71.7847 3.86052 6.6
      vertex 71.85 3.89378 6.6
    endloop
  endfacet
  facet normal -0.45386 0.891073 0
    outer loop
      vertex 71.7847 3.86052 6.6
      vertex 71.85 3.89378 2
      vertex 71.7847 3.86052 2
    endloop
  endfacet
  facet normal -0.965826 -0.259191 0
    outer loop
      vertex 72.1847 81.6455 2
      vertex 72.1657 81.7163 6.6
      vertex 72.1657 81.7163 2
    endloop
  endfacet
  facet normal -0.965826 -0.259191 0
    outer loop
      vertex 72.1657 81.7163 6.6
      vertex 72.1847 81.6455 2
      vertex 72.1847 81.6455 6.6
    endloop
  endfacet
  facet normal -0.890796 0.454404 0
    outer loop
      vertex 72.1062 4.15 2
      vertex 72.1395 4.21528 6.6
      vertex 72.1395 4.21528 2
    endloop
  endfacet
  facet normal -0.890796 0.454404 0
    outer loop
      vertex 72.1395 4.21528 6.6
      vertex 72.1062 4.15 2
      vertex 72.1062 4.15 6.6
    endloop
  endfacet
  facet normal 0.156937 -0.987609 0
    outer loop
      vertex 4.35446 82.1847 2
      vertex 4.42683 82.1962 6.6
      vertex 4.35446 82.1847 6.6
    endloop
  endfacet
  facet normal 0.156937 -0.987609 0
    outer loop
      vertex 4.42683 82.1962 6.6
      vertex 4.35446 82.1847 2
      vertex 4.42683 82.1962 2
    endloop
  endfacet
  facet normal 0.707107 0.707107 0
    outer loop
      vertex 4.03161 3.9798 6.6
      vertex 3.9798 4.03161 2
      vertex 3.9798 4.03161 6.6
    endloop
  endfacet
  facet normal 0.707107 0.707107 0
    outer loop
      vertex 3.9798 4.03161 2
      vertex 4.03161 3.9798 6.6
      vertex 4.03161 3.9798 2
    endloop
  endfacet
  facet normal 0.891073 -0.45386 0
    outer loop
      vertex 3.86052 81.7847 6.6
      vertex 3.89378 81.85 2
      vertex 3.89378 81.85 6.6
    endloop
  endfacet
  facet normal 0.891073 -0.45386 0
    outer loop
      vertex 3.89378 81.85 2
      vertex 3.86052 81.7847 6.6
      vertex 3.86052 81.7847 2
    endloop
  endfacet
  facet normal -0.544892 -0.838506 0
    outer loop
      vertex 71.85 82.1062 2
      vertex 71.9114 82.0663 6.6
      vertex 71.85 82.1062 6.6
    endloop
  endfacet
  facet normal -0.544892 -0.838506 -0
    outer loop
      vertex 71.9114 82.0663 6.6
      vertex 71.85 82.1062 2
      vertex 71.9114 82.0663 2
    endloop
  endfacet
  facet normal -0.838709 0.544581 0
    outer loop
      vertex 72.0663 4.08855 2
      vertex 72.1062 4.15 6.6
      vertex 72.1062 4.15 2
    endloop
  endfacet
  facet normal -0.838709 0.544581 0
    outer loop
      vertex 72.1062 4.15 6.6
      vertex 72.0663 4.08855 2
      vertex 72.0663 4.08855 6.6
    endloop
  endfacet
  facet normal 0.454404 -0.890796 0
    outer loop
      vertex 4.15 82.1062 2
      vertex 4.21528 82.1395 6.6
      vertex 4.15 82.1062 6.6
    endloop
  endfacet
  facet normal 0.454404 -0.890796 0
    outer loop
      vertex 4.21528 82.1395 6.6
      vertex 4.15 82.1062 2
      vertex 4.21528 82.1395 2
    endloop
  endfacet
  facet normal -0.998654 0.051864 0
    outer loop
      vertex 72.1962 4.42683 2
      vertex 72.2 4.5 6.6
      vertex 72.2 4.5 2
    endloop
  endfacet
  facet normal -0.998654 0.051864 0
    outer loop
      vertex 72.2 4.5 6.6
      vertex 72.1962 4.42683 2
      vertex 72.1962 4.42683 6.6
    endloop
  endfacet
  facet normal 0.838444 -0.544988 0
    outer loop
      vertex 3.89378 81.85 6.6
      vertex 3.93369 81.9114 2
      vertex 3.93369 81.9114 6.6
    endloop
  endfacet
  facet normal 0.838444 -0.544988 0
    outer loop
      vertex 3.93369 81.9114 2
      vertex 3.89378 81.85 6.6
      vertex 3.89378 81.85 2
    endloop
  endfacet
  facet normal 0.051864 -0.998654 0
    outer loop
      vertex 4.42683 82.1962 2
      vertex 4.5 82.2 6.6
      vertex 4.42683 82.1962 6.6
    endloop
  endfacet
  facet normal 0.051864 -0.998654 0
    outer loop
      vertex 4.5 82.2 6.6
      vertex 4.42683 82.1962 2
      vertex 4.5 82.2 2
    endloop
  endfacet
  facet normal -0.965799 0.259293 0
    outer loop
      vertex 72.1657 4.28369 2
      vertex 72.1847 4.35446 6.6
      vertex 72.1847 4.35446 2
    endloop
  endfacet
  facet normal -0.965799 0.259293 0
    outer loop
      vertex 72.1847 4.35446 6.6
      vertex 72.1657 4.28369 2
      vertex 72.1657 4.28369 6.6
    endloop
  endfacet
  facet normal 0.707039 -0.707175 0
    outer loop
      vertex 3.9798 81.9684 6.6
      vertex 4.03161 82.0202 2
      vertex 4.03161 82.0202 6.6
    endloop
  endfacet
  facet normal 0.707039 -0.707175 0
    outer loop
      vertex 4.03161 82.0202 2
      vertex 3.9798 81.9684 6.6
      vertex 3.9798 81.9684 2
    endloop
  endfacet
  facet normal 0.933564 -0.358412 0
    outer loop
      vertex 3.83426 81.7163 6.6
      vertex 3.86052 81.7847 2
      vertex 3.86052 81.7847 6.6
    endloop
  endfacet
  facet normal 0.933564 -0.358412 0
    outer loop
      vertex 3.86052 81.7847 2
      vertex 3.83426 81.7163 6.6
      vertex 3.83426 81.7163 2
    endloop
  endfacet
  facet normal -0.544988 0.838444 0
    outer loop
      vertex 71.9114 3.93369 2
      vertex 71.85 3.89378 6.6
      vertex 71.9114 3.93369 6.6
    endloop
  endfacet
  facet normal -0.544988 0.838444 0
    outer loop
      vertex 71.85 3.89378 6.6
      vertex 71.9114 3.93369 2
      vertex 71.85 3.89378 2
    endloop
  endfacet
  facet normal 1 -0 0
    outer loop
      vertex 3.8 80.5 6.6
      vertex 3.8 81.5 2
      vertex 3.8 81.5 6.6
    endloop
  endfacet
  facet normal 1 0 0
    outer loop
      vertex 3.8 81.5 2
      vertex 3.8 80.5 6.6
      vertex 3.8 80.5 2
    endloop
  endfacet
  facet normal 1 -0 0
    outer loop
      vertex 3.8 4.5 6.6
      vertex 3.8 11.5 2
      vertex 3.8 11.5 6.6
    endloop
  endfacet
  facet normal 1 0 0
    outer loop
      vertex 3.8 11.5 2
      vertex 3.8 4.5 6.6
      vertex 3.8 4.5 2
    endloop
  endfacet
  facet normal 1 -0 0
    outer loop
      vertex 3.8 12.5 6.6
      vertex 3.8 21.5 2
      vertex 3.8 21.5 6.6
    endloop
  endfacet
  facet normal 1 0 0
    outer loop
      vertex 3.8 21.5 2
      vertex 3.8 12.5 6.6
      vertex 3.8 12.5 2
    endloop
  endfacet
  facet normal 1 -0 0
    outer loop
      vertex 3.8 22.5 6.6
      vertex 3.8 69.5 2
      vertex 3.8 69.5 6.6
    endloop
  endfacet
  facet normal 1 0 0
    outer loop
      vertex 3.8 69.5 2
      vertex 3.8 22.5 6.6
      vertex 3.8 22.5 2
    endloop
  endfacet
  facet normal 1 -0 0
    outer loop
      vertex 3.8 70.5 6.6
      vertex 3.8 79.5 2
      vertex 3.8 79.5 6.6
    endloop
  endfacet
  facet normal 1 0 0
    outer loop
      vertex 3.8 79.5 2
      vertex 3.8 70.5 6.6
      vertex 3.8 70.5 2
    endloop
  endfacet
  facet normal -0.357698 -0.933837 0
    outer loop
      vertex 71.7163 82.1657 2
      vertex 71.7847 82.1395 6.6
      vertex 71.7163 82.1657 6.6
    endloop
  endfacet
  facet normal -0.357698 -0.933837 -0
    outer loop
      vertex 71.7847 82.1395 6.6
      vertex 71.7163 82.1657 2
      vertex 71.7847 82.1395 2
    endloop
  endfacet
  facet normal 0.998634 -0.0522509 0
    outer loop
      vertex 3.8 81.5 6.6
      vertex 3.80383 81.5732 2
      vertex 3.80383 81.5732 6.6
    endloop
  endfacet
  facet normal 0.998634 -0.0522509 0
    outer loop
      vertex 3.80383 81.5732 2
      vertex 3.8 81.5 6.6
      vertex 3.8 81.5 2
    endloop
  endfacet
  facet normal -0.628927 0.777464 0
    outer loop
      vertex 71.9684 3.9798 2
      vertex 71.9114 3.93369 6.6
      vertex 71.9684 3.9798 6.6
    endloop
  endfacet
  facet normal -0.628927 0.777464 0
    outer loop
      vertex 71.9114 3.93369 6.6
      vertex 71.9684 3.9798 2
      vertex 71.9114 3.93369 2
    endloop
  endfacet
  facet normal -0.933837 -0.357698 0
    outer loop
      vertex 72.1657 81.7163 2
      vertex 72.1395 81.7847 6.6
      vertex 72.1395 81.7847 2
    endloop
  endfacet
  facet normal -0.933837 -0.357698 0
    outer loop
      vertex 72.1395 81.7847 6.6
      vertex 72.1657 81.7163 2
      vertex 72.1657 81.7163 6.6
    endloop
  endfacet
  facet normal 0.544677 0.838646 -0
    outer loop
      vertex 4.15 3.89378 2
      vertex 4.08855 3.93369 6.6
      vertex 4.15 3.89378 6.6
    endloop
  endfacet
  facet normal 0.544677 0.838646 0
    outer loop
      vertex 4.08855 3.93369 6.6
      vertex 4.15 3.89378 2
      vertex 4.08855 3.93369 2
    endloop
  endfacet
  facet normal 0.987672 0.156537 0
    outer loop
      vertex 3.8153 4.35446 6.6
      vertex 3.80383 4.42683 2
      vertex 3.80383 4.42683 6.6
    endloop
  endfacet
  facet normal 0.987672 0.156537 0
    outer loop
      vertex 3.80383 4.42683 2
      vertex 3.8153 4.35446 6.6
      vertex 3.8153 4.35446 2
    endloop
  endfacet
  facet normal -0.0518428 -0.998655 0
    outer loop
      vertex 71.5 82.2 2
      vertex 71.5732 82.1962 6.6
      vertex 71.5 82.2 6.6
    endloop
  endfacet
  facet normal -0.0518428 -0.998655 -0
    outer loop
      vertex 71.5732 82.1962 6.6
      vertex 71.5 82.2 2
      vertex 71.5732 82.1962 2
    endloop
  endfacet
  facet normal -0.933855 0.357652 0
    outer loop
      vertex 72.1395 4.21528 2
      vertex 72.1657 4.28369 6.6
      vertex 72.1657 4.28369 2
    endloop
  endfacet
  facet normal -0.933855 0.357652 0
    outer loop
      vertex 72.1657 4.28369 6.6
      vertex 72.1395 4.21528 2
      vertex 72.1395 4.21528 6.6
    endloop
  endfacet
  facet normal -0.707175 0.707039 0
    outer loop
      vertex 72.0202 4.03161 2
      vertex 71.9684 3.9798 6.6
      vertex 72.0202 4.03161 6.6
    endloop
  endfacet
  facet normal -0.707175 0.707039 0
    outer loop
      vertex 71.9684 3.9798 6.6
      vertex 72.0202 4.03161 2
      vertex 71.9684 3.9798 2
    endloop
  endfacet
  facet normal -0.777207 0.629245 0
    outer loop
      vertex 72.0202 4.03161 2
      vertex 72.0663 4.08855 6.6
      vertex 72.0663 4.08855 2
    endloop
  endfacet
  facet normal -0.777207 0.629245 0
    outer loop
      vertex 72.0663 4.08855 6.6
      vertex 72.0202 4.03161 2
      vertex 72.0202 4.03161 6.6
    endloop
  endfacet
  facet normal -0.707107 -0.707107 0
    outer loop
      vertex 72.0202 81.9684 2
      vertex 71.9684 82.0202 6.6
      vertex 71.9684 82.0202 2
    endloop
  endfacet
  facet normal -0.707107 -0.707107 0
    outer loop
      vertex 71.9684 82.0202 6.6
      vertex 72.0202 81.9684 2
      vertex 72.0202 81.9684 6.6
    endloop
  endfacet
  facet normal 0.965935 0.258784 0
    outer loop
      vertex 3.83426 4.28369 6.6
      vertex 3.8153 4.35446 2
      vertex 3.8153 4.35446 6.6
    endloop
  endfacet
  facet normal 0.965935 0.258784 0
    outer loop
      vertex 3.8153 4.35446 2
      vertex 3.83426 4.28369 6.6
      vertex 3.83426 4.28369 2
    endloop
  endfacet
  facet normal 0.358366 0.933581 -0
    outer loop
      vertex 4.28369 3.83426 2
      vertex 4.21528 3.86052 6.6
      vertex 4.28369 3.83426 6.6
    endloop
  endfacet
  facet normal 0.358366 0.933581 0
    outer loop
      vertex 4.21528 3.86052 6.6
      vertex 4.28369 3.83426 2
      vertex 4.21528 3.86052 2
    endloop
  endfacet
  facet normal 0.258784 0.965935 -0
    outer loop
      vertex 4.35446 3.8153 2
      vertex 4.28369 3.83426 6.6
      vertex 4.35446 3.8153 6.6
    endloop
  endfacet
  facet normal 0.258784 0.965935 0
    outer loop
      vertex 4.28369 3.83426 6.6
      vertex 4.35446 3.8153 2
      vertex 4.28369 3.83426 2
    endloop
  endfacet
  facet normal -0.454294 -0.890852 0
    outer loop
      vertex 71.7847 82.1395 2
      vertex 71.85 82.1062 6.6
      vertex 71.7847 82.1395 6.6
    endloop
  endfacet
  facet normal -0.454294 -0.890852 -0
    outer loop
      vertex 71.85 82.1062 6.6
      vertex 71.7847 82.1395 2
      vertex 71.85 82.1062 2
    endloop
  endfacet
  facet normal -0.358412 0.933564 0
    outer loop
      vertex 71.7847 3.86052 2
      vertex 71.7163 3.83426 6.6
      vertex 71.7847 3.86052 6.6
    endloop
  endfacet
  facet normal -0.358412 0.933564 0
    outer loop
      vertex 71.7163 3.83426 6.6
      vertex 71.7847 3.86052 2
      vertex 71.7163 3.83426 2
    endloop
  endfacet
  facet normal -0.987609 0.156937 0
    outer loop
      vertex 72.1847 4.35446 2
      vertex 72.1962 4.42683 6.6
      vertex 72.1962 4.42683 2
    endloop
  endfacet
  facet normal -0.987609 0.156937 0
    outer loop
      vertex 72.1962 4.42683 6.6
      vertex 72.1847 4.35446 2
      vertex 72.1847 4.35446 6.6
    endloop
  endfacet
  facet normal 0.987649 -0.156685 0
    outer loop
      vertex 3.80383 81.5732 6.6
      vertex 3.8153 81.6455 2
      vertex 3.8153 81.6455 6.6
    endloop
  endfacet
  facet normal 0.987649 -0.156685 0
    outer loop
      vertex 3.8153 81.6455 2
      vertex 3.80383 81.5732 6.6
      vertex 3.80383 81.5732 2
    endloop
  endfacet
  facet normal 0.933581 0.358366 0
    outer loop
      vertex 3.86052 4.21528 6.6
      vertex 3.83426 4.28369 2
      vertex 3.83426 4.28369 6.6
    endloop
  endfacet
  facet normal 0.933581 0.358366 0
    outer loop
      vertex 3.83426 4.28369 2
      vertex 3.86052 4.21528 6.6
      vertex 3.86052 4.21528 2
    endloop
  endfacet
  facet normal 0.838646 0.544677 0
    outer loop
      vertex 3.93369 4.08855 6.6
      vertex 3.89378 4.15 2
      vertex 3.89378 4.15 6.6
    endloop
  endfacet
  facet normal 0.838646 0.544677 0
    outer loop
      vertex 3.89378 4.15 2
      vertex 3.93369 4.08855 6.6
      vertex 3.93369 4.08855 2
    endloop
  endfacet
  facet normal -0.987585 -0.157085 0
    outer loop
      vertex 72.1962 81.5732 2
      vertex 72.1847 81.6455 6.6
      vertex 72.1847 81.6455 2
    endloop
  endfacet
  facet normal -0.987585 -0.157085 0
    outer loop
      vertex 72.1847 81.6455 6.6
      vertex 72.1962 81.5732 2
      vertex 72.1962 81.5732 6.6
    endloop
  endfacet
  facet normal 0.998633 0.0522723 0
    outer loop
      vertex 3.80383 4.42683 6.6
      vertex 3.8 4.5 2
      vertex 3.8 4.5 6.6
    endloop
  endfacet
  facet normal 0.998633 0.0522723 0
    outer loop
      vertex 3.8 4.5 2
      vertex 3.80383 4.42683 6.6
      vertex 3.80383 4.42683 2
    endloop
  endfacet
  facet normal 0.629245 -0.777207 0
    outer loop
      vertex 4.03161 82.0202 2
      vertex 4.08855 82.0663 6.6
      vertex 4.03161 82.0202 6.6
    endloop
  endfacet
  facet normal 0.629245 -0.777207 0
    outer loop
      vertex 4.08855 82.0663 6.6
      vertex 4.03161 82.0202 2
      vertex 4.08855 82.0663 2
    endloop
  endfacet
  facet normal -0.157085 -0.987585 0
    outer loop
      vertex 71.5732 82.1962 2
      vertex 71.6455 82.1847 6.6
      vertex 71.5732 82.1962 6.6
    endloop
  endfacet
  facet normal -0.157085 -0.987585 -0
    outer loop
      vertex 71.6455 82.1847 6.6
      vertex 71.5732 82.1962 2
      vertex 71.6455 82.1847 2
    endloop
  endfacet
  facet normal -0.890852 -0.454294 0
    outer loop
      vertex 72.1395 81.7847 2
      vertex 72.1062 81.85 6.6
      vertex 72.1062 81.85 2
    endloop
  endfacet
  facet normal -0.890852 -0.454294 0
    outer loop
      vertex 72.1062 81.85 6.6
      vertex 72.1395 81.7847 2
      vertex 72.1395 81.7847 6.6
    endloop
  endfacet
  facet normal 0.259293 -0.965799 0
    outer loop
      vertex 4.28369 82.1657 2
      vertex 4.35446 82.1847 6.6
      vertex 4.28369 82.1657 6.6
    endloop
  endfacet
  facet normal 0.259293 -0.965799 0
    outer loop
      vertex 4.35446 82.1847 6.6
      vertex 4.28369 82.1657 2
      vertex 4.35446 82.1847 2
    endloop
  endfacet
  facet normal 0.357652 -0.933855 0
    outer loop
      vertex 4.21528 82.1395 2
      vertex 4.28369 82.1657 6.6
      vertex 4.21528 82.1395 6.6
    endloop
  endfacet
  facet normal 0.357652 -0.933855 0
    outer loop
      vertex 4.28369 82.1657 6.6
      vertex 4.21528 82.1395 2
      vertex 4.28369 82.1657 2
    endloop
  endfacet
  facet normal -0.998655 -0.0518428 0
    outer loop
      vertex 72.2 81.5 2
      vertex 72.1962 81.5732 6.6
      vertex 72.1962 81.5732 2
    endloop
  endfacet
  facet normal -0.998655 -0.0518428 0
    outer loop
      vertex 72.1962 81.5732 6.6
      vertex 72.2 81.5 2
      vertex 72.2 81.5 6.6
    endloop
  endfacet
  facet normal 0.891017 0.453971 0
    outer loop
      vertex 3.89378 4.15 6.6
      vertex 3.86052 4.21528 2
      vertex 3.86052 4.21528 6.6
    endloop
  endfacet
  facet normal 0.891017 0.453971 0
    outer loop
      vertex 3.86052 4.21528 2
      vertex 3.89378 4.15 6.6
      vertex 3.89378 4.15 2
    endloop
  endfacet
  facet normal 0.777464 -0.628927 0
    outer loop
      vertex 3.93369 81.9114 6.6
      vertex 3.9798 81.9684 2
      vertex 3.9798 81.9684 6.6
    endloop
  endfacet
  facet normal 0.777464 -0.628927 0
    outer loop
      vertex 3.9798 81.9684 2
      vertex 3.93369 81.9114 6.6
      vertex 3.93369 81.9114 2
    endloop
  endfacet
  facet normal 0.965963 -0.258682 0
    outer loop
      vertex 3.8153 81.6455 6.6
      vertex 3.83426 81.7163 2
      vertex 3.83426 81.7163 6.6
    endloop
  endfacet
  facet normal 0.965963 -0.258682 0
    outer loop
      vertex 3.83426 81.7163 2
      vertex 3.8153 81.6455 6.6
      vertex 3.8153 81.6455 2
    endloop
  endfacet
  facet normal 0.77714 0.629328 0
    outer loop
      vertex 3.9798 4.03161 6.6
      vertex 3.93369 4.08855 2
      vertex 3.93369 4.08855 6.6
    endloop
  endfacet
  facet normal 0.77714 0.629328 0
    outer loop
      vertex 3.93369 4.08855 2
      vertex 3.9798 4.03161 6.6
      vertex 3.9798 4.03161 2
    endloop
  endfacet
  facet normal -0.838506 -0.544892 0
    outer loop
      vertex 72.1062 81.85 2
      vertex 72.0663 81.9114 6.6
      vertex 72.0663 81.9114 2
    endloop
  endfacet
  facet normal -0.838506 -0.544892 0
    outer loop
      vertex 72.0663 81.9114 6.6
      vertex 72.1062 81.85 2
      vertex 72.1062 81.85 6.6
    endloop
  endfacet
  facet normal -1 0 0
    outer loop
      vertex 33.5 2.4 2
      vertex 33.5 3.8 6.6
      vertex 33.5 3.8 2
    endloop
  endfacet
  facet normal -1 -0 0
    outer loop
      vertex 33.5 3.8 6.6
      vertex 33.5 2.4 2
      vertex 33.5 2.4 6.6
    endloop
  endfacet
  facet normal 1 -0 0
    outer loop
      vertex 32.5 2.4 6.6
      vertex 32.5 3.8 2
      vertex 32.5 3.8 6.6
    endloop
  endfacet
  facet normal 1 0 0
    outer loop
      vertex 32.5 3.8 2
      vertex 32.5 2.4 6.6
      vertex 32.5 2.4 2
    endloop
  endfacet
  facet normal -1 0 0
    outer loop
      vertex 43.5 2.4 2
      vertex 43.5 3.8 6.6
      vertex 43.5 3.8 2
    endloop
  endfacet
  facet normal -1 -0 0
    outer loop
      vertex 43.5 3.8 6.6
      vertex 43.5 2.4 2
      vertex 43.5 2.4 6.6
    endloop
  endfacet
  facet normal 1 0 0
    outer loop
      vertex 42.5 2.9 4.6
      vertex 42.5 3.8 6.6
      vertex 42.5 2.9 5.6
    endloop
  endfacet
  facet normal 1 -0 0
    outer loop
      vertex 42.5 2.4 6.6
      vertex 42.5 2.9 5.6
      vertex 42.5 3.8 6.6
    endloop
  endfacet
  facet normal 1 0 0
    outer loop
      vertex 42.5 2.9 5.6
      vertex 42.5 2.4 6.6
      vertex 42.5 2.4 5.6
    endloop
  endfacet
  facet normal 1 0 0
    outer loop
      vertex 42.5 3.8 6.6
      vertex 42.5 2.9 4.6
      vertex 42.5 3.8 2
    endloop
  endfacet
  facet normal 1 0 0
    outer loop
      vertex 42.5 2.4 2
      vertex 42.5 2.9 4.6
      vertex 42.5 2.4 4.6
    endloop
  endfacet
  facet normal 1 0 0
    outer loop
      vertex 42.5 2.9 4.6
      vertex 42.5 2.4 2
      vertex 42.5 3.8 2
    endloop
  endfacet
  facet normal -1 0 0
    outer loop
      vertex 33.5 82.2 2
      vertex 33.5 83.6 6.6
      vertex 33.5 83.6 2
    endloop
  endfacet
  facet normal -1 -0 0
    outer loop
      vertex 33.5 83.6 6.6
      vertex 33.5 82.2 2
      vertex 33.5 82.2 6.6
    endloop
  endfacet
  facet normal 1 -0 0
    outer loop
      vertex 32.5 82.2 6.6
      vertex 32.5 83.6 2
      vertex 32.5 83.6 6.6
    endloop
  endfacet
  facet normal 1 0 0
    outer loop
      vertex 32.5 83.6 2
      vertex 32.5 82.2 6.6
      vertex 32.5 82.2 2
    endloop
  endfacet
  facet normal -1 0 0
    outer loop
      vertex 43.5 82.2 2
      vertex 43.5 83.6 6.6
      vertex 43.5 83.6 2
    endloop
  endfacet
  facet normal -1 -0 0
    outer loop
      vertex 43.5 83.6 6.6
      vertex 43.5 82.2 2
      vertex 43.5 82.2 6.6
    endloop
  endfacet
  facet normal 1 0 0
    outer loop
      vertex 42.5 83.6 6.6
      vertex 42.5 83.1 5.6
      vertex 42.5 83.6 5.6
    endloop
  endfacet
  facet normal 1 0 0
    outer loop
      vertex 42.5 83.1 5.6
      vertex 42.5 82.2 6.6
      vertex 42.5 83.1 4.6
    endloop
  endfacet
  facet normal 1 -0 0
    outer loop
      vertex 42.5 82.2 6.6
      vertex 42.5 83.1 5.6
      vertex 42.5 83.6 6.6
    endloop
  endfacet
  facet normal 1 -0 0
    outer loop
      vertex 42.5 83.1 4.6
      vertex 42.5 83.6 2
      vertex 42.5 83.6 4.6
    endloop
  endfacet
  facet normal 1 0 0
    outer loop
      vertex 42.5 82.2 2
      vertex 42.5 83.1 4.6
      vertex 42.5 82.2 6.6
    endloop
  endfacet
  facet normal 1 0 0
    outer loop
      vertex 42.5 83.1 4.6
      vertex 42.5 82.2 2
      vertex 42.5 83.6 2
    endloop
  endfacet
  facet normal -1 0 0
    outer loop
      vertex 1.75 12.5 4.6
      vertex 1.75 21.5 5
      vertex 1.75 21.5 4.6
    endloop
  endfacet
  facet normal -1 -0 0
    outer loop
      vertex 1.75 21.5 5
      vertex 1.75 12.5 4.6
      vertex 1.75 12.5 5
    endloop
  endfacet
  facet normal -0.917556 0 0.397607
    outer loop
      vertex 1.75 12.5 5
      vertex 2.01 21.5 5.6
      vertex 1.75 21.5 5
    endloop
  endfacet
  facet normal -0.917556 0 0.397607
    outer loop
      vertex 2.01 21.5 5.6
      vertex 1.75 12.5 5
      vertex 2.01 12.5 5.6
    endloop
  endfacet
  facet normal -0 0 1
    outer loop
      vertex 2.01 21.5 5.6
      vertex 2.4 12.5 5.6
      vertex 2.4 21.5 5.6
    endloop
  endfacet
  facet normal 0 0 1
    outer loop
      vertex 2.4 12.5 5.6
      vertex 2.01 21.5 5.6
      vertex 2.01 12.5 5.6
    endloop
  endfacet
  facet normal 0 -0 0
    outer loop
      vertex 2.4 21.5 5.6
      vertex 2.9 21.5 5.6
      vertex 2.01 21.5 5.6
    endloop
  endfacet
  facet normal 0 0 -1
    outer loop
      vertex 1.75 12.5 4.6
      vertex 2.4 21.5 4.6
      vertex 2.4 12.5 4.6
    endloop
  endfacet
  facet normal -0 0 -1
    outer loop
      vertex 2.4 21.5 4.6
      vertex 1.75 12.5 4.6
      vertex 1.75 21.5 4.6
    endloop
  endfacet
  facet normal 0 0 -0
    outer loop
      vertex 2.4 21.5 4.6
      vertex 1.75 21.5 4.6
      vertex 2.9 21.5 4.6
    endloop
  endfacet
  facet normal 0 -1 0
    outer loop
      vertex 1.75 12.5 5
      vertex 2.4 12.5 5.6
      vertex 2.01 12.5 5.6
    endloop
  endfacet
  facet normal 0 -1 0
    outer loop
      vertex 2.4 12.5 4.6
      vertex 1.75 12.5 5
      vertex 1.75 12.5 4.6
    endloop
  endfacet
  facet normal 0 -1 0
    outer loop
      vertex 1.75 12.5 5
      vertex 2.4 12.5 4.6
      vertex 2.4 12.5 5.6
    endloop
  endfacet
  facet normal 0 1 -0
    outer loop
      vertex 2.9 21.5 4.6
      vertex 2.01 21.5 5.6
      vertex 2.9 21.5 5.6
    endloop
  endfacet
  facet normal 0 1 0
    outer loop
      vertex 2.01 21.5 5.6
      vertex 2.9 21.5 4.6
      vertex 1.75 21.5 5
    endloop
  endfacet
  facet normal 0 1 0
    outer loop
      vertex 1.75 21.5 5
      vertex 2.9 21.5 4.6
      vertex 1.75 21.5 4.6
    endloop
  endfacet
  facet normal 0 1 0
    outer loop
      vertex 73.1 21.5 4.6
      vertex 73.99 21.5 5.6
      vertex 74.25 21.5 5
    endloop
  endfacet
  facet normal 0 1 0
    outer loop
      vertex 73.1 21.5 4.6
      vertex 74.25 21.5 5
      vertex 74.25 21.5 4.6
    endloop
  endfacet
  facet normal 0 1 0
    outer loop
      vertex 73.99 21.5 5.6
      vertex 73.1 21.5 4.6
      vertex 73.1 21.5 5.6
    endloop
  endfacet
  facet normal 0 -1 0
    outer loop
      vertex 73.6 12.5 5.6
      vertex 74.25 12.5 5
      vertex 73.99 12.5 5.6
    endloop
  endfacet
  facet normal 0 -1 0
    outer loop
      vertex 73.6 12.5 4.6
      vertex 74.25 12.5 5
      vertex 73.6 12.5 5.6
    endloop
  endfacet
  facet normal 0 -1 -0
    outer loop
      vertex 74.25 12.5 5
      vertex 73.6 12.5 4.6
      vertex 74.25 12.5 4.6
    endloop
  endfacet
  facet normal 0 0 -1
    outer loop
      vertex 73.6 12.5 4.6
      vertex 74.25 21.5 4.6
      vertex 74.25 12.5 4.6
    endloop
  endfacet
  facet normal -0 0 -1
    outer loop
      vertex 74.25 21.5 4.6
      vertex 73.6 12.5 4.6
      vertex 73.6 21.5 4.6
    endloop
  endfacet
  facet normal 0 0 -0
    outer loop
      vertex 73.6 21.5 4.6
      vertex 73.1 21.5 4.6
      vertex 74.25 21.5 4.6
    endloop
  endfacet
  facet normal 1 -0 0
    outer loop
      vertex 74.25 12.5 5
      vertex 74.25 21.5 4.6
      vertex 74.25 21.5 5
    endloop
  endfacet
  facet normal 1 0 0
    outer loop
      vertex 74.25 21.5 4.6
      vertex 74.25 12.5 5
      vertex 74.25 12.5 4.6
    endloop
  endfacet
  facet normal 0.917556 -0 0.397607
    outer loop
      vertex 73.99 12.5 5.6
      vertex 74.25 21.5 5
      vertex 73.99 21.5 5.6
    endloop
  endfacet
  facet normal 0.917556 0 0.397607
    outer loop
      vertex 74.25 21.5 5
      vertex 73.99 12.5 5.6
      vertex 74.25 12.5 5
    endloop
  endfacet
  facet normal -0 0 1
    outer loop
      vertex 73.6 21.5 5.6
      vertex 73.99 12.5 5.6
      vertex 73.99 21.5 5.6
    endloop
  endfacet
  facet normal 0 0 1
    outer loop
      vertex 73.99 12.5 5.6
      vertex 73.6 21.5 5.6
      vertex 73.6 12.5 5.6
    endloop
  endfacet
  facet normal 0 0 0
    outer loop
      vertex 73.99 21.5 5.6
      vertex 73.1 21.5 5.6
      vertex 73.6 21.5 5.6
    endloop
  endfacet
  facet normal -1 0 0
    outer loop
      vertex 1.75 70.5 4.6
      vertex 1.75 79.5 5
      vertex 1.75 79.5 4.6
    endloop
  endfacet
  facet normal -1 -0 0
    outer loop
      vertex 1.75 79.5 5
      vertex 1.75 70.5 4.6
      vertex 1.75 70.5 5
    endloop
  endfacet
  facet normal -0.917556 0 0.397607
    outer loop
      vertex 1.75 70.5 5
      vertex 2.01 79.5 5.6
      vertex 1.75 79.5 5
    endloop
  endfacet
  facet normal -0.917556 0 0.397607
    outer loop
      vertex 2.01 79.5 5.6
      vertex 1.75 70.5 5
      vertex 2.01 70.5 5.6
    endloop
  endfacet
  facet normal -0 0 1
    outer loop
      vertex 2.01 79.5 5.6
      vertex 2.4 70.5 5.6
      vertex 2.4 79.5 5.6
    endloop
  endfacet
  facet normal 0 0 1
    outer loop
      vertex 2.4 70.5 5.6
      vertex 2.01 79.5 5.6
      vertex 2.01 70.5 5.6
    endloop
  endfacet
  facet normal 0 0 0
    outer loop
      vertex 2.01 79.5 5.6
      vertex 2.4 79.5 5.6
      vertex 2.9 79.5 5.6
    endloop
  endfacet
  facet normal 0 0 -1
    outer loop
      vertex 1.75 70.5 4.6
      vertex 2.4 79.5 4.6
      vertex 2.4 70.5 4.6
    endloop
  endfacet
  facet normal -0 0 -1
    outer loop
      vertex 2.4 79.5 4.6
      vertex 1.75 70.5 4.6
      vertex 1.75 79.5 4.6
    endloop
  endfacet
  facet normal 0 0 0
    outer loop
      vertex 1.75 79.5 4.6
      vertex 2.9 79.5 4.6
      vertex 2.4 79.5 4.6
    endloop
  endfacet
  facet normal 0 -1 0
    outer loop
      vertex 1.75 70.5 5
      vertex 2.4 70.5 5.6
      vertex 2.01 70.5 5.6
    endloop
  endfacet
  facet normal 0 -1 0
    outer loop
      vertex 2.4 70.5 4.6
      vertex 1.75 70.5 5
      vertex 1.75 70.5 4.6
    endloop
  endfacet
  facet normal 0 -1 0
    outer loop
      vertex 1.75 70.5 5
      vertex 2.4 70.5 4.6
      vertex 2.4 70.5 5.6
    endloop
  endfacet
  facet normal 0 1 -0
    outer loop
      vertex 2.9 79.5 4.6
      vertex 2.01 79.5 5.6
      vertex 2.9 79.5 5.6
    endloop
  endfacet
  facet normal 0 1 0
    outer loop
      vertex 2.01 79.5 5.6
      vertex 2.9 79.5 4.6
      vertex 1.75 79.5 5
    endloop
  endfacet
  facet normal 0 1 0
    outer loop
      vertex 1.75 79.5 5
      vertex 2.9 79.5 4.6
      vertex 1.75 79.5 4.6
    endloop
  endfacet
  facet normal 0 -1 0
    outer loop
      vertex 73.6 70.5 5.6
      vertex 74.25 70.5 5
      vertex 73.99 70.5 5.6
    endloop
  endfacet
  facet normal 0 -1 0
    outer loop
      vertex 73.6 70.5 4.6
      vertex 74.25 70.5 5
      vertex 73.6 70.5 5.6
    endloop
  endfacet
  facet normal 0 -1 -0
    outer loop
      vertex 74.25 70.5 5
      vertex 73.6 70.5 4.6
      vertex 74.25 70.5 4.6
    endloop
  endfacet
  facet normal 0 0 -1
    outer loop
      vertex 73.6 70.5 4.6
      vertex 74.25 79.5 4.6
      vertex 74.25 70.5 4.6
    endloop
  endfacet
  facet normal -0 0 -1
    outer loop
      vertex 74.25 79.5 4.6
      vertex 73.6 70.5 4.6
      vertex 73.6 79.5 4.6
    endloop
  endfacet
  facet normal 0 0 0
    outer loop
      vertex 74.25 79.5 4.6
      vertex 73.6 79.5 4.6
      vertex 73.1 79.5 4.6
    endloop
  endfacet
  facet normal 1 -0 0
    outer loop
      vertex 74.25 70.5 5
      vertex 74.25 79.5 4.6
      vertex 74.25 79.5 5
    endloop
  endfacet
  facet normal 1 0 0
    outer loop
      vertex 74.25 79.5 4.6
      vertex 74.25 70.5 5
      vertex 74.25 70.5 4.6
    endloop
  endfacet
  facet normal 0.917556 -0 0.397607
    outer loop
      vertex 73.99 70.5 5.6
      vertex 74.25 79.5 5
      vertex 73.99 79.5 5.6
    endloop
  endfacet
  facet normal 0.917556 0 0.397607
    outer loop
      vertex 74.25 79.5 5
      vertex 73.99 70.5 5.6
      vertex 74.25 70.5 5
    endloop
  endfacet
  facet normal -0 0 1
    outer loop
      vertex 73.6 79.5 5.6
      vertex 73.99 70.5 5.6
      vertex 73.99 79.5 5.6
    endloop
  endfacet
  facet normal 0 0 1
    outer loop
      vertex 73.99 70.5 5.6
      vertex 73.6 79.5 5.6
      vertex 73.6 70.5 5.6
    endloop
  endfacet
  facet normal 0 0 0
    outer loop
      vertex 73.99 79.5 5.6
      vertex 73.1 79.5 5.6
      vertex 73.6 79.5 5.6
    endloop
  endfacet
  facet normal 0 1 0
    outer loop
      vertex 73.1 79.5 4.6
      vertex 73.99 79.5 5.6
      vertex 74.25 79.5 5
    endloop
  endfacet
  facet normal 0 1 0
    outer loop
      vertex 73.1 79.5 4.6
      vertex 74.25 79.5 5
      vertex 74.25 79.5 4.6
    endloop
  endfacet
  facet normal 0 1 0
    outer loop
      vertex 73.99 79.5 5.6
      vertex 73.1 79.5 4.6
      vertex 73.1 79.5 5.6
    endloop
  endfacet
  facet normal 0.987713 0.156277 0
    outer loop
      vertex 17.9863 16.7613 10.4
      vertex 17.9454 17.0198 2
      vertex 17.9454 17.0198 10.4
    endloop
  endfacet
  facet normal 0.987713 0.156277 0
    outer loop
      vertex 17.9454 17.0198 2
      vertex 17.9863 16.7613 10.4
      vertex 17.9863 16.7613 2
    endloop
  endfacet
  facet normal 0.998628 0.0523582 0
    outer loop
      vertex 18 16.5 10.4
      vertex 17.9863 16.7613 2
      vertex 17.9863 16.7613 10.4
    endloop
  endfacet
  facet normal 0.998628 0.0523582 0
    outer loop
      vertex 17.9863 16.7613 2
      vertex 18 16.5 10.4
      vertex 18 16.5 2
    endloop
  endfacet
  facet normal 0.965841 0.259137 0
    outer loop
      vertex 17.9454 17.0198 10.4
      vertex 17.8776 17.2725 2
      vertex 17.8776 17.2725 10.4
    endloop
  endfacet
  facet normal 0.965841 0.259137 0
    outer loop
      vertex 17.8776 17.2725 2
      vertex 17.9454 17.0198 10.4
      vertex 17.9454 17.0198 2
    endloop
  endfacet
  facet normal -0.544787 0.838575 0
    outer loop
      vertex 14.25 18.6651 2
      vertex 14.0305 18.5225 10.4
      vertex 14.25 18.6651 10.4
    endloop
  endfacet
  facet normal -0.544787 0.838575 0
    outer loop
      vertex 14.0305 18.5225 10.4
      vertex 14.25 18.6651 2
      vertex 14.0305 18.5225 2
    endloop
  endfacet
  facet normal -0.838575 -0.544787 0
    outer loop
      vertex 13.4775 15.0305 2
      vertex 13.3349 15.25 10.4
      vertex 13.3349 15.25 2
    endloop
  endfacet
  facet normal -0.838575 -0.544787 0
    outer loop
      vertex 13.3349 15.25 10.4
      vertex 13.4775 15.0305 2
      vertex 13.4775 15.0305 10.4
    endloop
  endfacet
  facet normal -0.156277 -0.987713 0
    outer loop
      vertex 14.9802 14.0546 2
      vertex 15.2387 14.0137 10.4
      vertex 14.9802 14.0546 10.4
    endloop
  endfacet
  facet normal -0.156277 -0.987713 -0
    outer loop
      vertex 15.2387 14.0137 10.4
      vertex 14.9802 14.0546 2
      vertex 15.2387 14.0137 2
    endloop
  endfacet
  facet normal -0.453926 0.891039 0
    outer loop
      vertex 14.4832 18.7839 2
      vertex 14.25 18.6651 10.4
      vertex 14.4832 18.7839 10.4
    endloop
  endfacet
  facet normal -0.453926 0.891039 0
    outer loop
      vertex 14.25 18.6651 10.4
      vertex 14.4832 18.7839 2
      vertex 14.25 18.6651 2
    endloop
  endfacet
  facet normal -0.707107 -0.707107 0
    outer loop
      vertex 13.8272 14.6421 2
      vertex 13.6421 14.8272 10.4
      vertex 13.6421 14.8272 2
    endloop
  endfacet
  facet normal -0.707107 -0.707107 0
    outer loop
      vertex 13.6421 14.8272 10.4
      vertex 13.8272 14.6421 2
      vertex 13.8272 14.6421 10.4
    endloop
  endfacet
  facet normal 0.453926 0.891039 -0
    outer loop
      vertex 16.75 18.6651 2
      vertex 16.5168 18.7839 10.4
      vertex 16.75 18.6651 10.4
    endloop
  endfacet
  facet normal 0.453926 0.891039 0
    outer loop
      vertex 16.5168 18.7839 10.4
      vertex 16.75 18.6651 2
      vertex 16.5168 18.7839 2
    endloop
  endfacet
  facet normal -0.7772 0.629253 0
    outer loop
      vertex 13.4775 17.9695 2
      vertex 13.6421 18.1728 10.4
      vertex 13.6421 18.1728 2
    endloop
  endfacet
  facet normal -0.7772 0.629253 0
    outer loop
      vertex 13.6421 18.1728 10.4
      vertex 13.4775 17.9695 2
      vertex 13.4775 17.9695 10.4
    endloop
  endfacet
  facet normal 0.629253 0.7772 -0
    outer loop
      vertex 17.1728 18.3579 2
      vertex 16.9695 18.5225 10.4
      vertex 17.1728 18.3579 10.4
    endloop
  endfacet
  facet normal 0.629253 0.7772 0
    outer loop
      vertex 16.9695 18.5225 10.4
      vertex 17.1728 18.3579 2
      vertex 16.9695 18.5225 2
    endloop
  endfacet
  facet normal 0.358108 -0.93368 0
    outer loop
      vertex 16.2725 14.1224 2
      vertex 16.5168 14.2161 10.4
      vertex 16.2725 14.1224 10.4
    endloop
  endfacet
  facet normal 0.358108 -0.93368 0
    outer loop
      vertex 16.5168 14.2161 10.4
      vertex 16.2725 14.1224 2
      vertex 16.5168 14.2161 2
    endloop
  endfacet
  facet normal 0.707107 0.707107 0
    outer loop
      vertex 17.3579 18.1728 10.4
      vertex 17.1728 18.3579 2
      vertex 17.1728 18.3579 10.4
    endloop
  endfacet
  facet normal 0.707107 0.707107 0
    outer loop
      vertex 17.1728 18.3579 2
      vertex 17.3579 18.1728 10.4
      vertex 17.3579 18.1728 2
    endloop
  endfacet
  facet normal -0.629253 0.7772 0
    outer loop
      vertex 14.0305 18.5225 2
      vertex 13.8272 18.3579 10.4
      vertex 14.0305 18.5225 10.4
    endloop
  endfacet
  facet normal -0.629253 0.7772 0
    outer loop
      vertex 13.8272 18.3579 10.4
      vertex 14.0305 18.5225 2
      vertex 13.8272 18.3579 2
    endloop
  endfacet
  facet normal 0.629253 -0.7772 0
    outer loop
      vertex 16.9695 14.4775 2
      vertex 17.1728 14.6421 10.4
      vertex 16.9695 14.4775 10.4
    endloop
  endfacet
  facet normal 0.629253 -0.7772 0
    outer loop
      vertex 17.1728 14.6421 10.4
      vertex 16.9695 14.4775 2
      vertex 17.1728 14.6421 2
    endloop
  endfacet
  facet normal 0.544787 -0.838575 0
    outer loop
      vertex 16.75 14.3349 2
      vertex 16.9695 14.4775 10.4
      vertex 16.75 14.3349 10.4
    endloop
  endfacet
  facet normal 0.544787 -0.838575 0
    outer loop
      vertex 16.9695 14.4775 10.4
      vertex 16.75 14.3349 2
      vertex 16.9695 14.4775 2
    endloop
  endfacet
  facet normal -0.358108 0.93368 0
    outer loop
      vertex 14.7275 18.8776 2
      vertex 14.4832 18.7839 10.4
      vertex 14.7275 18.8776 10.4
    endloop
  endfacet
  facet normal -0.358108 0.93368 0
    outer loop
      vertex 14.4832 18.7839 10.4
      vertex 14.7275 18.8776 2
      vertex 14.4832 18.7839 2
    endloop
  endfacet
  facet normal -0.987713 -0.156277 0
    outer loop
      vertex 13.0546 15.9802 2
      vertex 13.0137 16.2387 10.4
      vertex 13.0137 16.2387 2
    endloop
  endfacet
  facet normal -0.987713 -0.156277 0
    outer loop
      vertex 13.0137 16.2387 10.4
      vertex 13.0546 15.9802 2
      vertex 13.0546 15.9802 10.4
    endloop
  endfacet
  facet normal -0.156277 0.987713 0
    outer loop
      vertex 15.2387 18.9863 2
      vertex 14.9802 18.9454 10.4
      vertex 15.2387 18.9863 10.4
    endloop
  endfacet
  facet normal -0.156277 0.987713 0
    outer loop
      vertex 14.9802 18.9454 10.4
      vertex 15.2387 18.9863 2
      vertex 14.9802 18.9454 2
    endloop
  endfacet
  facet normal 0.838575 0.544787 0
    outer loop
      vertex 17.6651 17.75 10.4
      vertex 17.5225 17.9695 2
      vertex 17.5225 17.9695 10.4
    endloop
  endfacet
  facet normal 0.838575 0.544787 0
    outer loop
      vertex 17.5225 17.9695 2
      vertex 17.6651 17.75 10.4
      vertex 17.6651 17.75 2
    endloop
  endfacet
  facet normal 0.259137 0.965841 -0
    outer loop
      vertex 16.2725 18.8776 2
      vertex 16.0198 18.9454 10.4
      vertex 16.2725 18.8776 10.4
    endloop
  endfacet
  facet normal 0.259137 0.965841 0
    outer loop
      vertex 16.0198 18.9454 10.4
      vertex 16.2725 18.8776 2
      vertex 16.0198 18.9454 2
    endloop
  endfacet
  facet normal 0.544787 0.838575 -0
    outer loop
      vertex 16.9695 18.5225 2
      vertex 16.75 18.6651 10.4
      vertex 16.9695 18.5225 10.4
    endloop
  endfacet
  facet normal 0.544787 0.838575 0
    outer loop
      vertex 16.75 18.6651 10.4
      vertex 16.9695 18.5225 2
      vertex 16.75 18.6651 2
    endloop
  endfacet
  facet normal 0.358108 0.93368 -0
    outer loop
      vertex 16.5168 18.7839 2
      vertex 16.2725 18.8776 10.4
      vertex 16.5168 18.7839 10.4
    endloop
  endfacet
  facet normal 0.358108 0.93368 0
    outer loop
      vertex 16.2725 18.8776 10.4
      vertex 16.5168 18.7839 2
      vertex 16.2725 18.8776 2
    endloop
  endfacet
  facet normal 0.965841 -0.259137 0
    outer loop
      vertex 17.8776 15.7275 10.4
      vertex 17.9454 15.9802 2
      vertex 17.9454 15.9802 10.4
    endloop
  endfacet
  facet normal 0.965841 -0.259137 0
    outer loop
      vertex 17.9454 15.9802 2
      vertex 17.8776 15.7275 10.4
      vertex 17.8776 15.7275 2
    endloop
  endfacet
  facet normal 0.453926 -0.891039 0
    outer loop
      vertex 16.5168 14.2161 2
      vertex 16.75 14.3349 10.4
      vertex 16.5168 14.2161 10.4
    endloop
  endfacet
  facet normal 0.453926 -0.891039 0
    outer loop
      vertex 16.75 14.3349 10.4
      vertex 16.5168 14.2161 2
      vertex 16.75 14.3349 2
    endloop
  endfacet
  facet normal 0.0523582 -0.998628 0
    outer loop
      vertex 15.5 14 2
      vertex 15.7613 14.0137 10.4
      vertex 15.5 14 10.4
    endloop
  endfacet
  facet normal 0.0523582 -0.998628 0
    outer loop
      vertex 15.7613 14.0137 10.4
      vertex 15.5 14 2
      vertex 15.7613 14.0137 2
    endloop
  endfacet
  facet normal 0.259137 -0.965841 0
    outer loop
      vertex 16.0198 14.0546 2
      vertex 16.2725 14.1224 10.4
      vertex 16.0198 14.0546 10.4
    endloop
  endfacet
  facet normal 0.259137 -0.965841 0
    outer loop
      vertex 16.2725 14.1224 10.4
      vertex 16.0198 14.0546 2
      vertex 16.2725 14.1224 2
    endloop
  endfacet
  facet normal 0.987713 -0.156277 0
    outer loop
      vertex 17.9454 15.9802 10.4
      vertex 17.9863 16.2387 2
      vertex 17.9863 16.2387 10.4
    endloop
  endfacet
  facet normal 0.987713 -0.156277 0
    outer loop
      vertex 17.9863 16.2387 2
      vertex 17.9454 15.9802 10.4
      vertex 17.9454 15.9802 2
    endloop
  endfacet
  facet normal -0.93368 -0.358108 0
    outer loop
      vertex 13.2161 15.4832 2
      vertex 13.1224 15.7275 10.4
      vertex 13.1224 15.7275 2
    endloop
  endfacet
  facet normal -0.93368 -0.358108 0
    outer loop
      vertex 13.1224 15.7275 10.4
      vertex 13.2161 15.4832 2
      vertex 13.2161 15.4832 10.4
    endloop
  endfacet
  facet normal -0.987713 0.156277 0
    outer loop
      vertex 13.0137 16.7613 2
      vertex 13.0546 17.0198 10.4
      vertex 13.0546 17.0198 2
    endloop
  endfacet
  facet normal -0.987713 0.156277 0
    outer loop
      vertex 13.0546 17.0198 10.4
      vertex 13.0137 16.7613 2
      vertex 13.0137 16.7613 10.4
    endloop
  endfacet
  facet normal 0.891039 -0.453926 0
    outer loop
      vertex 17.6651 15.25 10.4
      vertex 17.7839 15.4832 2
      vertex 17.7839 15.4832 10.4
    endloop
  endfacet
  facet normal 0.891039 -0.453926 0
    outer loop
      vertex 17.7839 15.4832 2
      vertex 17.6651 15.25 10.4
      vertex 17.6651 15.25 2
    endloop
  endfacet
  facet normal -0.965841 -0.259137 0
    outer loop
      vertex 13.1224 15.7275 2
      vertex 13.0546 15.9802 10.4
      vertex 13.0546 15.9802 2
    endloop
  endfacet
  facet normal -0.965841 -0.259137 0
    outer loop
      vertex 13.0546 15.9802 10.4
      vertex 13.1224 15.7275 2
      vertex 13.1224 15.7275 10.4
    endloop
  endfacet
  facet normal -0.453926 -0.891039 0
    outer loop
      vertex 14.25 14.3349 2
      vertex 14.4832 14.2161 10.4
      vertex 14.25 14.3349 10.4
    endloop
  endfacet
  facet normal -0.453926 -0.891039 -0
    outer loop
      vertex 14.4832 14.2161 10.4
      vertex 14.25 14.3349 2
      vertex 14.4832 14.2161 2
    endloop
  endfacet
  facet normal -0.891039 -0.453926 0
    outer loop
      vertex 13.3349 15.25 2
      vertex 13.2161 15.4832 10.4
      vertex 13.2161 15.4832 2
    endloop
  endfacet
  facet normal -0.891039 -0.453926 0
    outer loop
      vertex 13.2161 15.4832 10.4
      vertex 13.3349 15.25 2
      vertex 13.3349 15.25 10.4
    endloop
  endfacet
  facet normal 0.998628 -0.0523582 0
    outer loop
      vertex 17.9863 16.2387 10.4
      vertex 18 16.5 2
      vertex 18 16.5 10.4
    endloop
  endfacet
  facet normal 0.998628 -0.0523582 0
    outer loop
      vertex 18 16.5 2
      vertex 17.9863 16.2387 10.4
      vertex 17.9863 16.2387 2
    endloop
  endfacet
  facet normal 0.7772 0.629253 0
    outer loop
      vertex 17.5225 17.9695 10.4
      vertex 17.3579 18.1728 2
      vertex 17.3579 18.1728 10.4
    endloop
  endfacet
  facet normal 0.7772 0.629253 0
    outer loop
      vertex 17.3579 18.1728 2
      vertex 17.5225 17.9695 10.4
      vertex 17.5225 17.9695 2
    endloop
  endfacet
  facet normal -0.259137 -0.965841 0
    outer loop
      vertex 14.7275 14.1224 2
      vertex 14.9802 14.0546 10.4
      vertex 14.7275 14.1224 10.4
    endloop
  endfacet
  facet normal -0.259137 -0.965841 -0
    outer loop
      vertex 14.9802 14.0546 10.4
      vertex 14.7275 14.1224 2
      vertex 14.9802 14.0546 2
    endloop
  endfacet
  facet normal 0.156277 -0.987713 0
    outer loop
      vertex 15.7613 14.0137 2
      vertex 16.0198 14.0546 10.4
      vertex 15.7613 14.0137 10.4
    endloop
  endfacet
  facet normal 0.156277 -0.987713 0
    outer loop
      vertex 16.0198 14.0546 10.4
      vertex 15.7613 14.0137 2
      vertex 16.0198 14.0546 2
    endloop
  endfacet
  facet normal 0.93368 0.358108 0
    outer loop
      vertex 17.8776 17.2725 10.4
      vertex 17.7839 17.5168 2
      vertex 17.7839 17.5168 10.4
    endloop
  endfacet
  facet normal 0.93368 0.358108 0
    outer loop
      vertex 17.7839 17.5168 2
      vertex 17.8776 17.2725 10.4
      vertex 17.8776 17.2725 2
    endloop
  endfacet
  facet normal 0.7772 -0.629253 0
    outer loop
      vertex 17.3579 14.8272 10.4
      vertex 17.5225 15.0305 2
      vertex 17.5225 15.0305 10.4
    endloop
  endfacet
  facet normal 0.7772 -0.629253 0
    outer loop
      vertex 17.5225 15.0305 2
      vertex 17.3579 14.8272 10.4
      vertex 17.3579 14.8272 2
    endloop
  endfacet
  facet normal 0.838575 -0.544787 0
    outer loop
      vertex 17.5225 15.0305 10.4
      vertex 17.6651 15.25 2
      vertex 17.6651 15.25 10.4
    endloop
  endfacet
  facet normal 0.838575 -0.544787 0
    outer loop
      vertex 17.6651 15.25 2
      vertex 17.5225 15.0305 10.4
      vertex 17.5225 15.0305 2
    endloop
  endfacet
  facet normal -0.259137 0.965841 0
    outer loop
      vertex 14.9802 18.9454 2
      vertex 14.7275 18.8776 10.4
      vertex 14.9802 18.9454 10.4
    endloop
  endfacet
  facet normal -0.259137 0.965841 0
    outer loop
      vertex 14.7275 18.8776 10.4
      vertex 14.9802 18.9454 2
      vertex 14.7275 18.8776 2
    endloop
  endfacet
  facet normal -0.838575 0.544787 0
    outer loop
      vertex 13.3349 17.75 2
      vertex 13.4775 17.9695 10.4
      vertex 13.4775 17.9695 2
    endloop
  endfacet
  facet normal -0.838575 0.544787 0
    outer loop
      vertex 13.4775 17.9695 10.4
      vertex 13.3349 17.75 2
      vertex 13.3349 17.75 10.4
    endloop
  endfacet
  facet normal 0.156277 0.987713 -0
    outer loop
      vertex 16.0198 18.9454 2
      vertex 15.7613 18.9863 10.4
      vertex 16.0198 18.9454 10.4
    endloop
  endfacet
  facet normal 0.156277 0.987713 0
    outer loop
      vertex 15.7613 18.9863 10.4
      vertex 16.0198 18.9454 2
      vertex 15.7613 18.9863 2
    endloop
  endfacet
  facet normal 0.707107 -0.707107 0
    outer loop
      vertex 17.1728 14.6421 10.4
      vertex 17.3579 14.8272 2
      vertex 17.3579 14.8272 10.4
    endloop
  endfacet
  facet normal 0.707107 -0.707107 0
    outer loop
      vertex 17.3579 14.8272 2
      vertex 17.1728 14.6421 10.4
      vertex 17.1728 14.6421 2
    endloop
  endfacet
  facet normal 0.891039 0.453926 0
    outer loop
      vertex 17.7839 17.5168 10.4
      vertex 17.6651 17.75 2
      vertex 17.6651 17.75 10.4
    endloop
  endfacet
  facet normal 0.891039 0.453926 0
    outer loop
      vertex 17.6651 17.75 2
      vertex 17.7839 17.5168 10.4
      vertex 17.7839 17.5168 2
    endloop
  endfacet
  facet normal -0.707107 0.707107 0
    outer loop
      vertex 13.6421 18.1728 2
      vertex 13.8272 18.3579 10.4
      vertex 13.8272 18.3579 2
    endloop
  endfacet
  facet normal -0.707107 0.707107 0
    outer loop
      vertex 13.8272 18.3579 10.4
      vertex 13.6421 18.1728 2
      vertex 13.6421 18.1728 10.4
    endloop
  endfacet
  facet normal -0.0523582 -0.998628 0
    outer loop
      vertex 15.2387 14.0137 2
      vertex 15.5 14 10.4
      vertex 15.2387 14.0137 10.4
    endloop
  endfacet
  facet normal -0.0523582 -0.998628 -0
    outer loop
      vertex 15.5 14 10.4
      vertex 15.2387 14.0137 2
      vertex 15.5 14 2
    endloop
  endfacet
  facet normal -0.0523582 0.998628 0
    outer loop
      vertex 15.5 19 2
      vertex 15.2387 18.9863 10.4
      vertex 15.5 19 10.4
    endloop
  endfacet
  facet normal -0.0523582 0.998628 0
    outer loop
      vertex 15.2387 18.9863 10.4
      vertex 15.5 19 2
      vertex 15.2387 18.9863 2
    endloop
  endfacet
  facet normal -0.998628 -0.0523582 0
    outer loop
      vertex 13.0137 16.2387 2
      vertex 13 16.5 10.4
      vertex 13 16.5 2
    endloop
  endfacet
  facet normal -0.998628 -0.0523582 0
    outer loop
      vertex 13 16.5 10.4
      vertex 13.0137 16.2387 2
      vertex 13.0137 16.2387 10.4
    endloop
  endfacet
  facet normal -0.965841 0.259137 0
    outer loop
      vertex 13.0546 17.0198 2
      vertex 13.1224 17.2725 10.4
      vertex 13.1224 17.2725 2
    endloop
  endfacet
  facet normal -0.965841 0.259137 0
    outer loop
      vertex 13.1224 17.2725 10.4
      vertex 13.0546 17.0198 2
      vertex 13.0546 17.0198 10.4
    endloop
  endfacet
  facet normal -0.7772 -0.629253 0
    outer loop
      vertex 13.6421 14.8272 2
      vertex 13.4775 15.0305 10.4
      vertex 13.4775 15.0305 2
    endloop
  endfacet
  facet normal -0.7772 -0.629253 0
    outer loop
      vertex 13.4775 15.0305 10.4
      vertex 13.6421 14.8272 2
      vertex 13.6421 14.8272 10.4
    endloop
  endfacet
  facet normal -0.93368 0.358108 0
    outer loop
      vertex 13.1224 17.2725 2
      vertex 13.2161 17.5168 10.4
      vertex 13.2161 17.5168 2
    endloop
  endfacet
  facet normal -0.93368 0.358108 0
    outer loop
      vertex 13.2161 17.5168 10.4
      vertex 13.1224 17.2725 2
      vertex 13.1224 17.2725 10.4
    endloop
  endfacet
  facet normal 0.0523582 0.998628 -0
    outer loop
      vertex 15.7613 18.9863 2
      vertex 15.5 19 10.4
      vertex 15.7613 18.9863 10.4
    endloop
  endfacet
  facet normal 0.0523582 0.998628 0
    outer loop
      vertex 15.5 19 10.4
      vertex 15.7613 18.9863 2
      vertex 15.5 19 2
    endloop
  endfacet
  facet normal -0.629253 -0.7772 0
    outer loop
      vertex 13.8272 14.6421 2
      vertex 14.0305 14.4775 10.4
      vertex 13.8272 14.6421 10.4
    endloop
  endfacet
  facet normal -0.629253 -0.7772 -0
    outer loop
      vertex 14.0305 14.4775 10.4
      vertex 13.8272 14.6421 2
      vertex 14.0305 14.4775 2
    endloop
  endfacet
  facet normal 0.93368 -0.358108 0
    outer loop
      vertex 17.7839 15.4832 10.4
      vertex 17.8776 15.7275 2
      vertex 17.8776 15.7275 10.4
    endloop
  endfacet
  facet normal 0.93368 -0.358108 0
    outer loop
      vertex 17.8776 15.7275 2
      vertex 17.7839 15.4832 10.4
      vertex 17.7839 15.4832 2
    endloop
  endfacet
  facet normal -0.544787 -0.838575 0
    outer loop
      vertex 14.0305 14.4775 2
      vertex 14.25 14.3349 10.4
      vertex 14.0305 14.4775 10.4
    endloop
  endfacet
  facet normal -0.544787 -0.838575 -0
    outer loop
      vertex 14.25 14.3349 10.4
      vertex 14.0305 14.4775 2
      vertex 14.25 14.3349 2
    endloop
  endfacet
  facet normal -0.358108 -0.93368 0
    outer loop
      vertex 14.4832 14.2161 2
      vertex 14.7275 14.1224 10.4
      vertex 14.4832 14.2161 10.4
    endloop
  endfacet
  facet normal -0.358108 -0.93368 -0
    outer loop
      vertex 14.7275 14.1224 10.4
      vertex 14.4832 14.2161 2
      vertex 14.7275 14.1224 2
    endloop
  endfacet
  facet normal -0.998628 0.0523582 0
    outer loop
      vertex 13 16.5 2
      vertex 13.0137 16.7613 10.4
      vertex 13.0137 16.7613 2
    endloop
  endfacet
  facet normal -0.998628 0.0523582 0
    outer loop
      vertex 13.0137 16.7613 10.4
      vertex 13 16.5 2
      vertex 13 16.5 10.4
    endloop
  endfacet
  facet normal 0 0 1
    outer loop
      vertex 17.1 16.5 10.4
      vertex 18 16.5 10.4
      vertex 17.9863 16.7613 10.4
    endloop
  endfacet
  facet normal 0 0 1
    outer loop
      vertex 17.0912 16.6672 10.4
      vertex 17.9863 16.7613 10.4
      vertex 17.9454 17.0198 10.4
    endloop
  endfacet
  facet normal 0 0 1
    outer loop
      vertex 18 16.5 10.4
      vertex 17.1 16.5 10.4
      vertex 17.9863 16.2387 10.4
    endloop
  endfacet
  facet normal 0 0 1
    outer loop
      vertex 17.065 16.8327 10.4
      vertex 17.9454 17.0198 10.4
      vertex 17.8776 17.2725 10.4
    endloop
  endfacet
  facet normal -0 0 1
    outer loop
      vertex 17.0912 16.3328 10.4
      vertex 17.9863 16.2387 10.4
      vertex 17.1 16.5 10.4
    endloop
  endfacet
  facet normal 0 0 1
    outer loop
      vertex 17.0217 16.9944 10.4
      vertex 17.8776 17.2725 10.4
      vertex 17.7839 17.5168 10.4
    endloop
  endfacet
  facet normal 0 0 1
    outer loop
      vertex 17.9863 16.2387 10.4
      vertex 17.0912 16.3328 10.4
      vertex 17.9454 15.9802 10.4
    endloop
  endfacet
  facet normal 0 0 1
    outer loop
      vertex 16.9617 17.1508 10.4
      vertex 17.7839 17.5168 10.4
      vertex 17.6651 17.75 10.4
    endloop
  endfacet
  facet normal -0 0 1
    outer loop
      vertex 17.065 16.1673 10.4
      vertex 17.9454 15.9802 10.4
      vertex 17.0912 16.3328 10.4
    endloop
  endfacet
  facet normal 0 0 1
    outer loop
      vertex 16.8856 17.3 10.4
      vertex 17.6651 17.75 10.4
      vertex 17.5225 17.9695 10.4
    endloop
  endfacet
  facet normal 0 0 1
    outer loop
      vertex 17.9454 15.9802 10.4
      vertex 17.065 16.1673 10.4
      vertex 17.8776 15.7275 10.4
    endloop
  endfacet
  facet normal 0 0 1
    outer loop
      vertex 16.7944 17.4405 10.4
      vertex 17.5225 17.9695 10.4
      vertex 17.3579 18.1728 10.4
    endloop
  endfacet
  facet normal -0 0 1
    outer loop
      vertex 17.0217 16.0056 10.4
      vertex 17.8776 15.7275 10.4
      vertex 17.065 16.1673 10.4
    endloop
  endfacet
  facet normal 0 0 1
    outer loop
      vertex 16.689 17.5706 10.4
      vertex 17.3579 18.1728 10.4
      vertex 17.1728 18.3579 10.4
    endloop
  endfacet
  facet normal 0 0 1
    outer loop
      vertex 17.8776 15.7275 10.4
      vertex 17.0217 16.0056 10.4
      vertex 17.7839 15.4832 10.4
    endloop
  endfacet
  facet normal -0 0 1
    outer loop
      vertex 16.9617 15.8492 10.4
      vertex 17.7839 15.4832 10.4
      vertex 17.0217 16.0056 10.4
    endloop
  endfacet
  facet normal 0 0 1
    outer loop
      vertex 17.9863 16.7613 10.4
      vertex 17.0912 16.6672 10.4
      vertex 17.1 16.5 10.4
    endloop
  endfacet
  facet normal 0 0 1
    outer loop
      vertex 17.9454 17.0198 10.4
      vertex 17.065 16.8327 10.4
      vertex 17.0912 16.6672 10.4
    endloop
  endfacet
  facet normal 0 0 1
    outer loop
      vertex 17.8776 17.2725 10.4
      vertex 17.0217 16.9944 10.4
      vertex 17.065 16.8327 10.4
    endloop
  endfacet
  facet normal 0 0 1
    outer loop
      vertex 16.5706 17.689 10.4
      vertex 17.1728 18.3579 10.4
      vertex 16.9695 18.5225 10.4
    endloop
  endfacet
  facet normal 0 0 1
    outer loop
      vertex 17.7839 17.5168 10.4
      vertex 16.9617 17.1508 10.4
      vertex 17.0217 16.9944 10.4
    endloop
  endfacet
  facet normal 0 0 1
    outer loop
      vertex 17.6651 17.75 10.4
      vertex 16.8856 17.3 10.4
      vertex 16.9617 17.1508 10.4
    endloop
  endfacet
  facet normal 0 0 1
    outer loop
      vertex 17.5225 17.9695 10.4
      vertex 16.7944 17.4405 10.4
      vertex 16.8856 17.3 10.4
    endloop
  endfacet
  facet normal 0 0 1
    outer loop
      vertex 16.4405 17.7944 10.4
      vertex 16.9695 18.5225 10.4
      vertex 16.75 18.6651 10.4
    endloop
  endfacet
  facet normal 0 0 1
    outer loop
      vertex 17.3579 18.1728 10.4
      vertex 16.689 17.5706 10.4
      vertex 16.7944 17.4405 10.4
    endloop
  endfacet
  facet normal 0 0 1
    outer loop
      vertex 17.1728 18.3579 10.4
      vertex 16.5706 17.689 10.4
      vertex 16.689 17.5706 10.4
    endloop
  endfacet
  facet normal 0 0 1
    outer loop
      vertex 16.3 17.8856 10.4
      vertex 16.75 18.6651 10.4
      vertex 16.5168 18.7839 10.4
    endloop
  endfacet
  facet normal 0 0 1
    outer loop
      vertex 16.9695 18.5225 10.4
      vertex 16.4405 17.7944 10.4
      vertex 16.5706 17.689 10.4
    endloop
  endfacet
  facet normal 0 0 1
    outer loop
      vertex 16.75 18.6651 10.4
      vertex 16.3 17.8856 10.4
      vertex 16.4405 17.7944 10.4
    endloop
  endfacet
  facet normal 0 0 1
    outer loop
      vertex 16.1508 17.9617 10.4
      vertex 16.5168 18.7839 10.4
      vertex 16.2725 18.8776 10.4
    endloop
  endfacet
  facet normal 0 0 1
    outer loop
      vertex 16.5168 18.7839 10.4
      vertex 16.1508 17.9617 10.4
      vertex 16.3 17.8856 10.4
    endloop
  endfacet
  facet normal 0 0 1
    outer loop
      vertex 15.9944 18.0217 10.4
      vertex 16.2725 18.8776 10.4
      vertex 16.0198 18.9454 10.4
    endloop
  endfacet
  facet normal 0 0 1
    outer loop
      vertex 16.2725 18.8776 10.4
      vertex 15.9944 18.0217 10.4
      vertex 16.1508 17.9617 10.4
    endloop
  endfacet
  facet normal 0 0 1
    outer loop
      vertex 16.0198 18.9454 10.4
      vertex 15.8327 18.065 10.4
      vertex 15.9944 18.0217 10.4
    endloop
  endfacet
  facet normal 0 0 1
    outer loop
      vertex 15.7613 18.9863 10.4
      vertex 15.8327 18.065 10.4
      vertex 16.0198 18.9454 10.4
    endloop
  endfacet
  facet normal 0 0 1
    outer loop
      vertex 15.7613 18.9863 10.4
      vertex 15.6672 18.0912 10.4
      vertex 15.8327 18.065 10.4
    endloop
  endfacet
  facet normal 0 0 1
    outer loop
      vertex 15.5 19 10.4
      vertex 15.6672 18.0912 10.4
      vertex 15.7613 18.9863 10.4
    endloop
  endfacet
  facet normal 0 0 1
    outer loop
      vertex 15.5 19 10.4
      vertex 15.5 18.1 10.4
      vertex 15.6672 18.0912 10.4
    endloop
  endfacet
  facet normal 0 0 1
    outer loop
      vertex 15.5 19 10.4
      vertex 15.3328 18.0912 10.4
      vertex 15.5 18.1 10.4
    endloop
  endfacet
  facet normal -0 0 1
    outer loop
      vertex 15.2387 18.9863 10.4
      vertex 15.3328 18.0912 10.4
      vertex 15.5 19 10.4
    endloop
  endfacet
  facet normal 0 0 1
    outer loop
      vertex 15.2387 18.9863 10.4
      vertex 15.1673 18.065 10.4
      vertex 15.3328 18.0912 10.4
    endloop
  endfacet
  facet normal -0 0 1
    outer loop
      vertex 14.9802 18.9454 10.4
      vertex 15.1673 18.065 10.4
      vertex 15.2387 18.9863 10.4
    endloop
  endfacet
  facet normal 0 0 1
    outer loop
      vertex 15.1673 18.065 10.4
      vertex 14.9802 18.9454 10.4
      vertex 15.0056 18.0217 10.4
    endloop
  endfacet
  facet normal -0 0 1
    outer loop
      vertex 14.7275 18.8776 10.4
      vertex 15.0056 18.0217 10.4
      vertex 14.9802 18.9454 10.4
    endloop
  endfacet
  facet normal 0 0 1
    outer loop
      vertex 15.0056 18.0217 10.4
      vertex 14.7275 18.8776 10.4
      vertex 14.8492 17.9617 10.4
    endloop
  endfacet
  facet normal -0 0 1
    outer loop
      vertex 14.4832 18.7839 10.4
      vertex 14.8492 17.9617 10.4
      vertex 14.7275 18.8776 10.4
    endloop
  endfacet
  facet normal 0 0 1
    outer loop
      vertex 14.8492 17.9617 10.4
      vertex 14.4832 18.7839 10.4
      vertex 14.7 17.8856 10.4
    endloop
  endfacet
  facet normal -0 0 1
    outer loop
      vertex 14.25 18.6651 10.4
      vertex 14.7 17.8856 10.4
      vertex 14.4832 18.7839 10.4
    endloop
  endfacet
  facet normal 0 0 1
    outer loop
      vertex 14.7 17.8856 10.4
      vertex 14.25 18.6651 10.4
      vertex 14.5595 17.7944 10.4
    endloop
  endfacet
  facet normal -0 0 1
    outer loop
      vertex 14.0305 18.5225 10.4
      vertex 14.5595 17.7944 10.4
      vertex 14.25 18.6651 10.4
    endloop
  endfacet
  facet normal 0 0 1
    outer loop
      vertex 14.5595 17.7944 10.4
      vertex 14.0305 18.5225 10.4
      vertex 14.4294 17.689 10.4
    endloop
  endfacet
  facet normal -0 0 1
    outer loop
      vertex 13.8272 18.3579 10.4
      vertex 14.4294 17.689 10.4
      vertex 14.0305 18.5225 10.4
    endloop
  endfacet
  facet normal 0 0 1
    outer loop
      vertex 14.4294 17.689 10.4
      vertex 13.8272 18.3579 10.4
      vertex 14.311 17.5706 10.4
    endloop
  endfacet
  facet normal -0 0 1
    outer loop
      vertex 13.6421 18.1728 10.4
      vertex 14.311 17.5706 10.4
      vertex 13.8272 18.3579 10.4
    endloop
  endfacet
  facet normal 0 0 1
    outer loop
      vertex 14.311 17.5706 10.4
      vertex 13.6421 18.1728 10.4
      vertex 14.2056 17.4405 10.4
    endloop
  endfacet
  facet normal -0 0 1
    outer loop
      vertex 13.4775 17.9695 10.4
      vertex 14.2056 17.4405 10.4
      vertex 13.6421 18.1728 10.4
    endloop
  endfacet
  facet normal 0 0 1
    outer loop
      vertex 14.2056 17.4405 10.4
      vertex 13.4775 17.9695 10.4
      vertex 14.1144 17.3 10.4
    endloop
  endfacet
  facet normal -0 0 1
    outer loop
      vertex 13.3349 17.75 10.4
      vertex 14.1144 17.3 10.4
      vertex 13.4775 17.9695 10.4
    endloop
  endfacet
  facet normal -0 0 1
    outer loop
      vertex 13.2161 17.5168 10.4
      vertex 14.0383 17.1508 10.4
      vertex 13.3349 17.75 10.4
    endloop
  endfacet
  facet normal 0 0 1
    outer loop
      vertex 14.1144 17.3 10.4
      vertex 13.3349 17.75 10.4
      vertex 14.0383 17.1508 10.4
    endloop
  endfacet
  facet normal 0 0 1
    outer loop
      vertex 17.7839 15.4832 10.4
      vertex 16.9617 15.8492 10.4
      vertex 17.6651 15.25 10.4
    endloop
  endfacet
  facet normal -0 0 1
    outer loop
      vertex 16.8856 15.7 10.4
      vertex 17.6651 15.25 10.4
      vertex 16.9617 15.8492 10.4
    endloop
  endfacet
  facet normal 0 0 1
    outer loop
      vertex 17.6651 15.25 10.4
      vertex 16.8856 15.7 10.4
      vertex 17.5225 15.0305 10.4
    endloop
  endfacet
  facet normal -0 0 1
    outer loop
      vertex 16.7944 15.5595 10.4
      vertex 17.5225 15.0305 10.4
      vertex 16.8856 15.7 10.4
    endloop
  endfacet
  facet normal 0 0 1
    outer loop
      vertex 17.5225 15.0305 10.4
      vertex 16.7944 15.5595 10.4
      vertex 17.3579 14.8272 10.4
    endloop
  endfacet
  facet normal -0 0 1
    outer loop
      vertex 16.689 15.4294 10.4
      vertex 17.3579 14.8272 10.4
      vertex 16.7944 15.5595 10.4
    endloop
  endfacet
  facet normal 0 0 1
    outer loop
      vertex 17.3579 14.8272 10.4
      vertex 16.689 15.4294 10.4
      vertex 17.1728 14.6421 10.4
    endloop
  endfacet
  facet normal -0 0 1
    outer loop
      vertex 16.5706 15.311 10.4
      vertex 17.1728 14.6421 10.4
      vertex 16.689 15.4294 10.4
    endloop
  endfacet
  facet normal 0 0 1
    outer loop
      vertex 17.1728 14.6421 10.4
      vertex 16.5706 15.311 10.4
      vertex 16.9695 14.4775 10.4
    endloop
  endfacet
  facet normal -0 0 1
    outer loop
      vertex 16.4405 15.2056 10.4
      vertex 16.9695 14.4775 10.4
      vertex 16.5706 15.311 10.4
    endloop
  endfacet
  facet normal 0 0 1
    outer loop
      vertex 16.9695 14.4775 10.4
      vertex 16.4405 15.2056 10.4
      vertex 16.75 14.3349 10.4
    endloop
  endfacet
  facet normal -0 0 1
    outer loop
      vertex 16.3 15.1144 10.4
      vertex 16.75 14.3349 10.4
      vertex 16.4405 15.2056 10.4
    endloop
  endfacet
  facet normal 0 0 1
    outer loop
      vertex 16.75 14.3349 10.4
      vertex 16.3 15.1144 10.4
      vertex 16.5168 14.2161 10.4
    endloop
  endfacet
  facet normal -0 0 1
    outer loop
      vertex 16.1508 15.0383 10.4
      vertex 16.5168 14.2161 10.4
      vertex 16.3 15.1144 10.4
    endloop
  endfacet
  facet normal 0 0 1
    outer loop
      vertex 16.5168 14.2161 10.4
      vertex 16.1508 15.0383 10.4
      vertex 16.2725 14.1224 10.4
    endloop
  endfacet
  facet normal -0 0 1
    outer loop
      vertex 15.9944 14.9783 10.4
      vertex 16.2725 14.1224 10.4
      vertex 16.1508 15.0383 10.4
    endloop
  endfacet
  facet normal 0 0 1
    outer loop
      vertex 16.2725 14.1224 10.4
      vertex 15.9944 14.9783 10.4
      vertex 16.0198 14.0546 10.4
    endloop
  endfacet
  facet normal -0 0 1
    outer loop
      vertex 15.8327 14.935 10.4
      vertex 16.0198 14.0546 10.4
      vertex 15.9944 14.9783 10.4
    endloop
  endfacet
  facet normal 0 0 1
    outer loop
      vertex 15.8327 14.935 10.4
      vertex 15.7613 14.0137 10.4
      vertex 16.0198 14.0546 10.4
    endloop
  endfacet
  facet normal -0 0 1
    outer loop
      vertex 15.6672 14.9088 10.4
      vertex 15.7613 14.0137 10.4
      vertex 15.8327 14.935 10.4
    endloop
  endfacet
  facet normal -0 0 1
    outer loop
      vertex 15.5 14.9 10.4
      vertex 15.7613 14.0137 10.4
      vertex 15.6672 14.9088 10.4
    endloop
  endfacet
  facet normal 0 0 1
    outer loop
      vertex 15.5 14.9 10.4
      vertex 15.5 14 10.4
      vertex 15.7613 14.0137 10.4
    endloop
  endfacet
  facet normal 0 0 1
    outer loop
      vertex 15.3328 14.9088 10.4
      vertex 15.5 14 10.4
      vertex 15.5 14.9 10.4
    endloop
  endfacet
  facet normal 0 0 1
    outer loop
      vertex 15.3328 14.9088 10.4
      vertex 15.2387 14.0137 10.4
      vertex 15.5 14 10.4
    endloop
  endfacet
  facet normal 0 0 1
    outer loop
      vertex 15.1673 14.935 10.4
      vertex 15.2387 14.0137 10.4
      vertex 15.3328 14.9088 10.4
    endloop
  endfacet
  facet normal 0 0 1
    outer loop
      vertex 14.9802 14.0546 10.4
      vertex 15.1673 14.935 10.4
      vertex 15.0056 14.9783 10.4
    endloop
  endfacet
  facet normal 0 0 1
    outer loop
      vertex 15.1673 14.935 10.4
      vertex 14.9802 14.0546 10.4
      vertex 15.2387 14.0137 10.4
    endloop
  endfacet
  facet normal 0 0 1
    outer loop
      vertex 14.7275 14.1224 10.4
      vertex 15.0056 14.9783 10.4
      vertex 14.8492 15.0383 10.4
    endloop
  endfacet
  facet normal 0 0 1
    outer loop
      vertex 15.0056 14.9783 10.4
      vertex 14.7275 14.1224 10.4
      vertex 14.9802 14.0546 10.4
    endloop
  endfacet
  facet normal 0 0 1
    outer loop
      vertex 14.4832 14.2161 10.4
      vertex 14.8492 15.0383 10.4
      vertex 14.7 15.1144 10.4
    endloop
  endfacet
  facet normal 0 0 1
    outer loop
      vertex 14.25 14.3349 10.4
      vertex 14.7 15.1144 10.4
      vertex 14.5595 15.2056 10.4
    endloop
  endfacet
  facet normal 0 0 1
    outer loop
      vertex 14.8492 15.0383 10.4
      vertex 14.4832 14.2161 10.4
      vertex 14.7275 14.1224 10.4
    endloop
  endfacet
  facet normal 0 0 1
    outer loop
      vertex 14.0305 14.4775 10.4
      vertex 14.5595 15.2056 10.4
      vertex 14.4294 15.311 10.4
    endloop
  endfacet
  facet normal 0 0 1
    outer loop
      vertex 13.8272 14.6421 10.4
      vertex 14.4294 15.311 10.4
      vertex 14.311 15.4294 10.4
    endloop
  endfacet
  facet normal 0 0 1
    outer loop
      vertex 14.7 15.1144 10.4
      vertex 14.25 14.3349 10.4
      vertex 14.4832 14.2161 10.4
    endloop
  endfacet
  facet normal 0 0 1
    outer loop
      vertex 13.6421 14.8272 10.4
      vertex 14.311 15.4294 10.4
      vertex 14.2056 15.5595 10.4
    endloop
  endfacet
  facet normal 0 0 1
    outer loop
      vertex 13.4775 15.0305 10.4
      vertex 14.2056 15.5595 10.4
      vertex 14.1144 15.7 10.4
    endloop
  endfacet
  facet normal 0 0 1
    outer loop
      vertex 13.3349 15.25 10.4
      vertex 14.1144 15.7 10.4
      vertex 14.0383 15.8492 10.4
    endloop
  endfacet
  facet normal 0 0 1
    outer loop
      vertex 14.5595 15.2056 10.4
      vertex 14.0305 14.4775 10.4
      vertex 14.25 14.3349 10.4
    endloop
  endfacet
  facet normal 0 0 1
    outer loop
      vertex 13.2161 15.4832 10.4
      vertex 14.0383 15.8492 10.4
      vertex 13.9783 16.0056 10.4
    endloop
  endfacet
  facet normal 0 0 1
    outer loop
      vertex 13.1224 15.7275 10.4
      vertex 13.9783 16.0056 10.4
      vertex 13.935 16.1673 10.4
    endloop
  endfacet
  facet normal 0 0 1
    outer loop
      vertex 13.0546 15.9802 10.4
      vertex 13.935 16.1673 10.4
      vertex 13.9088 16.3328 10.4
    endloop
  endfacet
  facet normal 0 0 1
    outer loop
      vertex 14.4294 15.311 10.4
      vertex 13.8272 14.6421 10.4
      vertex 14.0305 14.4775 10.4
    endloop
  endfacet
  facet normal 0 0 1
    outer loop
      vertex 13.0137 16.2387 10.4
      vertex 13.9088 16.3328 10.4
      vertex 13.9 16.5 10.4
    endloop
  endfacet
  facet normal 0 0 1
    outer loop
      vertex 14.0383 17.1508 10.4
      vertex 13.2161 17.5168 10.4
      vertex 13.9783 16.9944 10.4
    endloop
  endfacet
  facet normal -0 0 1
    outer loop
      vertex 13.1224 17.2725 10.4
      vertex 13.9783 16.9944 10.4
      vertex 13.2161 17.5168 10.4
    endloop
  endfacet
  facet normal 0 0 1
    outer loop
      vertex 14.311 15.4294 10.4
      vertex 13.6421 14.8272 10.4
      vertex 13.8272 14.6421 10.4
    endloop
  endfacet
  facet normal 0 0 1
    outer loop
      vertex 13.9783 16.9944 10.4
      vertex 13.1224 17.2725 10.4
      vertex 13.935 16.8327 10.4
    endloop
  endfacet
  facet normal 0 0 1
    outer loop
      vertex 14.2056 15.5595 10.4
      vertex 13.4775 15.0305 10.4
      vertex 13.6421 14.8272 10.4
    endloop
  endfacet
  facet normal -0 0 1
    outer loop
      vertex 13.0546 17.0198 10.4
      vertex 13.935 16.8327 10.4
      vertex 13.1224 17.2725 10.4
    endloop
  endfacet
  facet normal 0 0 1
    outer loop
      vertex 14.1144 15.7 10.4
      vertex 13.3349 15.25 10.4
      vertex 13.4775 15.0305 10.4
    endloop
  endfacet
  facet normal 0 0 1
    outer loop
      vertex 13.935 16.8327 10.4
      vertex 13.0546 17.0198 10.4
      vertex 13.9088 16.6672 10.4
    endloop
  endfacet
  facet normal 0 0 1
    outer loop
      vertex 14.0383 15.8492 10.4
      vertex 13.2161 15.4832 10.4
      vertex 13.3349 15.25 10.4
    endloop
  endfacet
  facet normal -0 0 1
    outer loop
      vertex 13.0137 16.7613 10.4
      vertex 13.9088 16.6672 10.4
      vertex 13.0546 17.0198 10.4
    endloop
  endfacet
  facet normal 0 0 1
    outer loop
      vertex 13.9783 16.0056 10.4
      vertex 13.1224 15.7275 10.4
      vertex 13.2161 15.4832 10.4
    endloop
  endfacet
  facet normal 0 0 1
    outer loop
      vertex 13.9088 16.6672 10.4
      vertex 13.0137 16.7613 10.4
      vertex 13.9 16.5 10.4
    endloop
  endfacet
  facet normal 0 0 1
    outer loop
      vertex 13.935 16.1673 10.4
      vertex 13.0546 15.9802 10.4
      vertex 13.1224 15.7275 10.4
    endloop
  endfacet
  facet normal 0 0 1
    outer loop
      vertex 13 16.5 10.4
      vertex 13.9 16.5 10.4
      vertex 13.0137 16.7613 10.4
    endloop
  endfacet
  facet normal 0 0 1
    outer loop
      vertex 13.9088 16.3328 10.4
      vertex 13.0137 16.2387 10.4
      vertex 13.0546 15.9802 10.4
    endloop
  endfacet
  facet normal 0 0 1
    outer loop
      vertex 13.9 16.5 10.4
      vertex 13 16.5 10.4
      vertex 13.0137 16.2387 10.4
    endloop
  endfacet
  facet normal -0.891039 0.453926 0
    outer loop
      vertex 13.2161 17.5168 2
      vertex 13.3349 17.75 10.4
      vertex 13.3349 17.75 2
    endloop
  endfacet
  facet normal -0.891039 0.453926 0
    outer loop
      vertex 13.3349 17.75 10.4
      vertex 13.2161 17.5168 2
      vertex 13.2161 17.5168 10.4
    endloop
  endfacet
  facet normal -0.9877 0.156361 0
    outer loop
      vertex 17.065 16.1673 2
      vertex 17.0912 16.3328 10.4
      vertex 17.0912 16.3328 2
    endloop
  endfacet
  facet normal -0.9877 0.156361 0
    outer loop
      vertex 17.0912 16.3328 10.4
      vertex 17.065 16.1673 2
      vertex 17.065 16.1673 10.4
    endloop
  endfacet
  facet normal -0.9877 -0.156361 0
    outer loop
      vertex 17.0912 16.6672 2
      vertex 17.065 16.8327 10.4
      vertex 17.065 16.8327 2
    endloop
  endfacet
  facet normal -0.9877 -0.156361 0
    outer loop
      vertex 17.065 16.8327 10.4
      vertex 17.0912 16.6672 2
      vertex 17.0912 16.6672 10.4
    endloop
  endfacet
  facet normal -0.998618 -0.0525588 0
    outer loop
      vertex 17.1 16.5 2
      vertex 17.0912 16.6672 10.4
      vertex 17.0912 16.6672 2
    endloop
  endfacet
  facet normal -0.998618 -0.0525588 0
    outer loop
      vertex 17.0912 16.6672 10.4
      vertex 17.1 16.5 2
      vertex 17.1 16.5 10.4
    endloop
  endfacet
  facet normal -0.965967 -0.258666 0
    outer loop
      vertex 17.065 16.8327 2
      vertex 17.0217 16.9944 10.4
      vertex 17.0217 16.9944 2
    endloop
  endfacet
  facet normal -0.965967 -0.258666 0
    outer loop
      vertex 17.0217 16.9944 10.4
      vertex 17.065 16.8327 2
      vertex 17.065 16.8327 10.4
    endloop
  endfacet
  facet normal -0.838784 -0.544464 0
    outer loop
      vertex 16.8856 17.3 2
      vertex 16.7944 17.4405 10.4
      vertex 16.7944 17.4405 2
    endloop
  endfacet
  facet normal -0.838784 -0.544464 0
    outer loop
      vertex 16.7944 17.4405 10.4
      vertex 16.8856 17.3 2
      vertex 16.8856 17.3 10.4
    endloop
  endfacet
  facet normal 0.0525588 -0.998618 0
    outer loop
      vertex 15.3328 18.0912 2
      vertex 15.5 18.1 10.4
      vertex 15.3328 18.0912 10.4
    endloop
  endfacet
  facet normal 0.0525588 -0.998618 0
    outer loop
      vertex 15.5 18.1 10.4
      vertex 15.3328 18.0912 2
      vertex 15.5 18.1 2
    endloop
  endfacet
  facet normal -0.998618 0.0525588 0
    outer loop
      vertex 17.0912 16.3328 2
      vertex 17.1 16.5 10.4
      vertex 17.1 16.5 2
    endloop
  endfacet
  facet normal -0.998618 0.0525588 0
    outer loop
      vertex 17.1 16.5 10.4
      vertex 17.0912 16.3328 2
      vertex 17.0912 16.3328 10.4
    endloop
  endfacet
  facet normal -0.777008 -0.62949 0
    outer loop
      vertex 16.7944 17.4405 2
      vertex 16.689 17.5706 10.4
      vertex 16.689 17.5706 2
    endloop
  endfacet
  facet normal -0.777008 -0.62949 0
    outer loop
      vertex 16.689 17.5706 10.4
      vertex 16.7944 17.4405 2
      vertex 16.7944 17.4405 10.4
    endloop
  endfacet
  facet normal 0.9877 0.156361 0
    outer loop
      vertex 13.935 16.1673 10.4
      vertex 13.9088 16.3328 2
      vertex 13.9088 16.3328 10.4
    endloop
  endfacet
  facet normal 0.9877 0.156361 0
    outer loop
      vertex 13.9088 16.3328 2
      vertex 13.935 16.1673 10.4
      vertex 13.935 16.1673 2
    endloop
  endfacet
  facet normal 0.890816 -0.454364 0
    outer loop
      vertex 14.0383 17.1508 10.4
      vertex 14.1144 17.3 2
      vertex 14.1144 17.3 10.4
    endloop
  endfacet
  facet normal 0.890816 -0.454364 0
    outer loop
      vertex 14.1144 17.3 2
      vertex 14.0383 17.1508 10.4
      vertex 14.0383 17.1508 2
    endloop
  endfacet
  facet normal -0.258666 -0.965967 0
    outer loop
      vertex 15.8327 18.065 2
      vertex 15.9944 18.0217 10.4
      vertex 15.8327 18.065 10.4
    endloop
  endfacet
  facet normal -0.258666 -0.965967 -0
    outer loop
      vertex 15.9944 18.0217 10.4
      vertex 15.8327 18.065 2
      vertex 15.9944 18.0217 2
    endloop
  endfacet
  facet normal -0.358179 -0.933653 0
    outer loop
      vertex 15.9944 18.0217 2
      vertex 16.1508 17.9617 10.4
      vertex 15.9944 18.0217 10.4
    endloop
  endfacet
  facet normal -0.358179 -0.933653 -0
    outer loop
      vertex 16.1508 17.9617 10.4
      vertex 15.9944 18.0217 2
      vertex 16.1508 17.9617 2
    endloop
  endfacet
  facet normal 0.965967 0.258666 0
    outer loop
      vertex 13.9783 16.0056 10.4
      vertex 13.935 16.1673 2
      vertex 13.935 16.1673 10.4
    endloop
  endfacet
  facet normal 0.965967 0.258666 0
    outer loop
      vertex 13.935 16.1673 2
      vertex 13.9783 16.0056 10.4
      vertex 13.9783 16.0056 2
    endloop
  endfacet
  facet normal -0.62949 -0.777008 0
    outer loop
      vertex 16.4405 17.7944 2
      vertex 16.5706 17.689 10.4
      vertex 16.4405 17.7944 10.4
    endloop
  endfacet
  facet normal -0.62949 -0.777008 -0
    outer loop
      vertex 16.5706 17.689 10.4
      vertex 16.4405 17.7944 2
      vertex 16.5706 17.689 2
    endloop
  endfacet
  facet normal -0.358179 0.933653 0
    outer loop
      vertex 16.1508 15.0383 2
      vertex 15.9944 14.9783 10.4
      vertex 16.1508 15.0383 10.4
    endloop
  endfacet
  facet normal -0.358179 0.933653 0
    outer loop
      vertex 15.9944 14.9783 10.4
      vertex 16.1508 15.0383 2
      vertex 15.9944 14.9783 2
    endloop
  endfacet
  facet normal 0.777008 -0.62949 0
    outer loop
      vertex 14.2056 17.4405 10.4
      vertex 14.311 17.5706 2
      vertex 14.311 17.5706 10.4
    endloop
  endfacet
  facet normal 0.777008 -0.62949 0
    outer loop
      vertex 14.311 17.5706 2
      vertex 14.2056 17.4405 10.4
      vertex 14.2056 17.4405 2
    endloop
  endfacet
  facet normal 0.258666 -0.965967 0
    outer loop
      vertex 15.0056 18.0217 2
      vertex 15.1673 18.065 10.4
      vertex 15.0056 18.0217 10.4
    endloop
  endfacet
  facet normal 0.258666 -0.965967 0
    outer loop
      vertex 15.1673 18.065 10.4
      vertex 15.0056 18.0217 2
      vertex 15.1673 18.065 2
    endloop
  endfacet
  facet normal 0.707107 -0.707107 0
    outer loop
      vertex 14.311 17.5706 10.4
      vertex 14.4294 17.689 2
      vertex 14.4294 17.689 10.4
    endloop
  endfacet
  facet normal 0.707107 -0.707107 0
    outer loop
      vertex 14.4294 17.689 2
      vertex 14.311 17.5706 10.4
      vertex 14.311 17.5706 2
    endloop
  endfacet
  facet normal 0.544464 -0.838784 0
    outer loop
      vertex 14.5595 17.7944 2
      vertex 14.7 17.8856 10.4
      vertex 14.5595 17.7944 10.4
    endloop
  endfacet
  facet normal 0.544464 -0.838784 0
    outer loop
      vertex 14.7 17.8856 10.4
      vertex 14.5595 17.7944 2
      vertex 14.7 17.8856 2
    endloop
  endfacet
  facet normal -0.965967 0.258666 0
    outer loop
      vertex 17.0217 16.0056 2
      vertex 17.065 16.1673 10.4
      vertex 17.065 16.1673 2
    endloop
  endfacet
  facet normal -0.965967 0.258666 0
    outer loop
      vertex 17.065 16.1673 10.4
      vertex 17.0217 16.0056 2
      vertex 17.0217 16.0056 10.4
    endloop
  endfacet
  facet normal -0.0525588 0.998618 0
    outer loop
      vertex 15.6672 14.9088 2
      vertex 15.5 14.9 10.4
      vertex 15.6672 14.9088 10.4
    endloop
  endfacet
  facet normal -0.0525588 0.998618 0
    outer loop
      vertex 15.5 14.9 10.4
      vertex 15.6672 14.9088 2
      vertex 15.5 14.9 2
    endloop
  endfacet
  facet normal -0.544464 -0.838784 0
    outer loop
      vertex 16.3 17.8856 2
      vertex 16.4405 17.7944 10.4
      vertex 16.3 17.8856 10.4
    endloop
  endfacet
  facet normal -0.544464 -0.838784 -0
    outer loop
      vertex 16.4405 17.7944 10.4
      vertex 16.3 17.8856 2
      vertex 16.4405 17.7944 2
    endloop
  endfacet
  facet normal 0.838784 0.544464 0
    outer loop
      vertex 14.2056 15.5595 10.4
      vertex 14.1144 15.7 2
      vertex 14.1144 15.7 10.4
    endloop
  endfacet
  facet normal 0.838784 0.544464 0
    outer loop
      vertex 14.1144 15.7 2
      vertex 14.2056 15.5595 10.4
      vertex 14.2056 15.5595 2
    endloop
  endfacet
  facet normal -0.156361 0.9877 0
    outer loop
      vertex 15.8327 14.935 2
      vertex 15.6672 14.9088 10.4
      vertex 15.8327 14.935 10.4
    endloop
  endfacet
  facet normal -0.156361 0.9877 0
    outer loop
      vertex 15.6672 14.9088 10.4
      vertex 15.8327 14.935 2
      vertex 15.6672 14.9088 2
    endloop
  endfacet
  facet normal 0.454364 -0.890816 0
    outer loop
      vertex 14.7 17.8856 2
      vertex 14.8492 17.9617 10.4
      vertex 14.7 17.8856 10.4
    endloop
  endfacet
  facet normal 0.454364 -0.890816 0
    outer loop
      vertex 14.8492 17.9617 10.4
      vertex 14.7 17.8856 2
      vertex 14.8492 17.9617 2
    endloop
  endfacet
  facet normal 0.454364 0.890816 -0
    outer loop
      vertex 14.8492 15.0383 2
      vertex 14.7 15.1144 10.4
      vertex 14.8492 15.0383 10.4
    endloop
  endfacet
  facet normal 0.454364 0.890816 0
    outer loop
      vertex 14.7 15.1144 10.4
      vertex 14.8492 15.0383 2
      vertex 14.7 15.1144 2
    endloop
  endfacet
  facet normal 0.358179 -0.933653 0
    outer loop
      vertex 14.8492 17.9617 2
      vertex 15.0056 18.0217 10.4
      vertex 14.8492 17.9617 10.4
    endloop
  endfacet
  facet normal 0.358179 -0.933653 0
    outer loop
      vertex 15.0056 18.0217 10.4
      vertex 14.8492 17.9617 2
      vertex 15.0056 18.0217 2
    endloop
  endfacet
  facet normal -0.454364 -0.890816 0
    outer loop
      vertex 16.1508 17.9617 2
      vertex 16.3 17.8856 10.4
      vertex 16.1508 17.9617 10.4
    endloop
  endfacet
  facet normal -0.454364 -0.890816 -0
    outer loop
      vertex 16.3 17.8856 10.4
      vertex 16.1508 17.9617 2
      vertex 16.3 17.8856 2
    endloop
  endfacet
  facet normal -0.890816 0.454364 0
    outer loop
      vertex 16.8856 15.7 2
      vertex 16.9617 15.8492 10.4
      vertex 16.9617 15.8492 2
    endloop
  endfacet
  facet normal -0.890816 0.454364 0
    outer loop
      vertex 16.9617 15.8492 10.4
      vertex 16.8856 15.7 2
      vertex 16.8856 15.7 10.4
    endloop
  endfacet
  facet normal -0.707107 -0.707107 0
    outer loop
      vertex 16.689 17.5706 2
      vertex 16.5706 17.689 10.4
      vertex 16.5706 17.689 2
    endloop
  endfacet
  facet normal -0.707107 -0.707107 0
    outer loop
      vertex 16.5706 17.689 10.4
      vertex 16.689 17.5706 2
      vertex 16.689 17.5706 10.4
    endloop
  endfacet
  facet normal 0.62949 0.777008 -0
    outer loop
      vertex 14.5595 15.2056 2
      vertex 14.4294 15.311 10.4
      vertex 14.5595 15.2056 10.4
    endloop
  endfacet
  facet normal 0.62949 0.777008 0
    outer loop
      vertex 14.4294 15.311 10.4
      vertex 14.5595 15.2056 2
      vertex 14.4294 15.311 2
    endloop
  endfacet
  facet normal -0.838784 0.544464 0
    outer loop
      vertex 16.7944 15.5595 2
      vertex 16.8856 15.7 10.4
      vertex 16.8856 15.7 2
    endloop
  endfacet
  facet normal -0.838784 0.544464 0
    outer loop
      vertex 16.8856 15.7 10.4
      vertex 16.7944 15.5595 2
      vertex 16.7944 15.5595 10.4
    endloop
  endfacet
  facet normal -0.454364 0.890816 0
    outer loop
      vertex 16.3 15.1144 2
      vertex 16.1508 15.0383 10.4
      vertex 16.3 15.1144 10.4
    endloop
  endfacet
  facet normal -0.454364 0.890816 0
    outer loop
      vertex 16.1508 15.0383 10.4
      vertex 16.3 15.1144 2
      vertex 16.1508 15.0383 2
    endloop
  endfacet
  facet normal 0.156361 -0.9877 0
    outer loop
      vertex 15.1673 18.065 2
      vertex 15.3328 18.0912 10.4
      vertex 15.1673 18.065 10.4
    endloop
  endfacet
  facet normal 0.156361 -0.9877 0
    outer loop
      vertex 15.3328 18.0912 10.4
      vertex 15.1673 18.065 2
      vertex 15.3328 18.0912 2
    endloop
  endfacet
  facet normal -0.933653 -0.358179 0
    outer loop
      vertex 17.0217 16.9944 2
      vertex 16.9617 17.1508 10.4
      vertex 16.9617 17.1508 2
    endloop
  endfacet
  facet normal -0.933653 -0.358179 0
    outer loop
      vertex 16.9617 17.1508 10.4
      vertex 17.0217 16.9944 2
      vertex 17.0217 16.9944 10.4
    endloop
  endfacet
  facet normal -0.777008 0.62949 0
    outer loop
      vertex 16.689 15.4294 2
      vertex 16.7944 15.5595 10.4
      vertex 16.7944 15.5595 2
    endloop
  endfacet
  facet normal -0.777008 0.62949 0
    outer loop
      vertex 16.7944 15.5595 10.4
      vertex 16.689 15.4294 2
      vertex 16.689 15.4294 10.4
    endloop
  endfacet
  facet normal 0.9877 -0.156361 0
    outer loop
      vertex 13.9088 16.6672 10.4
      vertex 13.935 16.8327 2
      vertex 13.935 16.8327 10.4
    endloop
  endfacet
  facet normal 0.9877 -0.156361 0
    outer loop
      vertex 13.935 16.8327 2
      vertex 13.9088 16.6672 10.4
      vertex 13.9088 16.6672 2
    endloop
  endfacet
  facet normal -0.0525588 -0.998618 0
    outer loop
      vertex 15.5 18.1 2
      vertex 15.6672 18.0912 10.4
      vertex 15.5 18.1 10.4
    endloop
  endfacet
  facet normal -0.0525588 -0.998618 -0
    outer loop
      vertex 15.6672 18.0912 10.4
      vertex 15.5 18.1 2
      vertex 15.6672 18.0912 2
    endloop
  endfacet
  facet normal -0.890816 -0.454364 0
    outer loop
      vertex 16.9617 17.1508 2
      vertex 16.8856 17.3 10.4
      vertex 16.8856 17.3 2
    endloop
  endfacet
  facet normal -0.890816 -0.454364 0
    outer loop
      vertex 16.8856 17.3 10.4
      vertex 16.9617 17.1508 2
      vertex 16.9617 17.1508 10.4
    endloop
  endfacet
  facet normal 0.838784 -0.544464 0
    outer loop
      vertex 14.1144 17.3 10.4
      vertex 14.2056 17.4405 2
      vertex 14.2056 17.4405 10.4
    endloop
  endfacet
  facet normal 0.838784 -0.544464 0
    outer loop
      vertex 14.2056 17.4405 2
      vertex 14.1144 17.3 10.4
      vertex 14.1144 17.3 2
    endloop
  endfacet
  facet normal 0.62949 -0.777008 0
    outer loop
      vertex 14.4294 17.689 2
      vertex 14.5595 17.7944 10.4
      vertex 14.4294 17.689 10.4
    endloop
  endfacet
  facet normal 0.62949 -0.777008 0
    outer loop
      vertex 14.5595 17.7944 10.4
      vertex 14.4294 17.689 2
      vertex 14.5595 17.7944 2
    endloop
  endfacet
  facet normal 0.933653 0.358179 0
    outer loop
      vertex 14.0383 15.8492 10.4
      vertex 13.9783 16.0056 2
      vertex 13.9783 16.0056 10.4
    endloop
  endfacet
  facet normal 0.933653 0.358179 0
    outer loop
      vertex 13.9783 16.0056 2
      vertex 14.0383 15.8492 10.4
      vertex 14.0383 15.8492 2
    endloop
  endfacet
  facet normal 0.933653 -0.358179 0
    outer loop
      vertex 13.9783 16.9944 10.4
      vertex 14.0383 17.1508 2
      vertex 14.0383 17.1508 10.4
    endloop
  endfacet
  facet normal 0.933653 -0.358179 0
    outer loop
      vertex 14.0383 17.1508 2
      vertex 13.9783 16.9944 10.4
      vertex 13.9783 16.9944 2
    endloop
  endfacet
  facet normal 0.890816 0.454364 0
    outer loop
      vertex 14.1144 15.7 10.4
      vertex 14.0383 15.8492 2
      vertex 14.0383 15.8492 10.4
    endloop
  endfacet
  facet normal 0.890816 0.454364 0
    outer loop
      vertex 14.0383 15.8492 2
      vertex 14.1144 15.7 10.4
      vertex 14.1144 15.7 2
    endloop
  endfacet
  facet normal -0.258666 0.965967 0
    outer loop
      vertex 15.9944 14.9783 2
      vertex 15.8327 14.935 10.4
      vertex 15.9944 14.9783 10.4
    endloop
  endfacet
  facet normal -0.258666 0.965967 0
    outer loop
      vertex 15.8327 14.935 10.4
      vertex 15.9944 14.9783 2
      vertex 15.8327 14.935 2
    endloop
  endfacet
  facet normal -0.62949 0.777008 0
    outer loop
      vertex 16.5706 15.311 2
      vertex 16.4405 15.2056 10.4
      vertex 16.5706 15.311 10.4
    endloop
  endfacet
  facet normal -0.62949 0.777008 0
    outer loop
      vertex 16.4405 15.2056 10.4
      vertex 16.5706 15.311 2
      vertex 16.4405 15.2056 2
    endloop
  endfacet
  facet normal 0.258666 0.965967 -0
    outer loop
      vertex 15.1673 14.935 2
      vertex 15.0056 14.9783 10.4
      vertex 15.1673 14.935 10.4
    endloop
  endfacet
  facet normal 0.258666 0.965967 0
    outer loop
      vertex 15.0056 14.9783 10.4
      vertex 15.1673 14.935 2
      vertex 15.0056 14.9783 2
    endloop
  endfacet
  facet normal 0.998618 0.0525588 0
    outer loop
      vertex 13.9088 16.3328 10.4
      vertex 13.9 16.5 2
      vertex 13.9 16.5 10.4
    endloop
  endfacet
  facet normal 0.998618 0.0525588 0
    outer loop
      vertex 13.9 16.5 2
      vertex 13.9088 16.3328 10.4
      vertex 13.9088 16.3328 2
    endloop
  endfacet
  facet normal -0.156361 -0.9877 0
    outer loop
      vertex 15.6672 18.0912 2
      vertex 15.8327 18.065 10.4
      vertex 15.6672 18.0912 10.4
    endloop
  endfacet
  facet normal -0.156361 -0.9877 -0
    outer loop
      vertex 15.8327 18.065 10.4
      vertex 15.6672 18.0912 2
      vertex 15.8327 18.065 2
    endloop
  endfacet
  facet normal 0.777008 0.62949 0
    outer loop
      vertex 14.311 15.4294 10.4
      vertex 14.2056 15.5595 2
      vertex 14.2056 15.5595 10.4
    endloop
  endfacet
  facet normal 0.777008 0.62949 0
    outer loop
      vertex 14.2056 15.5595 2
      vertex 14.311 15.4294 10.4
      vertex 14.311 15.4294 2
    endloop
  endfacet
  facet normal 0.965967 -0.258666 0
    outer loop
      vertex 13.935 16.8327 10.4
      vertex 13.9783 16.9944 2
      vertex 13.9783 16.9944 10.4
    endloop
  endfacet
  facet normal 0.965967 -0.258666 0
    outer loop
      vertex 13.9783 16.9944 2
      vertex 13.935 16.8327 10.4
      vertex 13.935 16.8327 2
    endloop
  endfacet
  facet normal 0.707107 0.707107 0
    outer loop
      vertex 14.4294 15.311 10.4
      vertex 14.311 15.4294 2
      vertex 14.311 15.4294 10.4
    endloop
  endfacet
  facet normal 0.707107 0.707107 0
    outer loop
      vertex 14.311 15.4294 2
      vertex 14.4294 15.311 10.4
      vertex 14.4294 15.311 2
    endloop
  endfacet
  facet normal -0.544464 0.838784 0
    outer loop
      vertex 16.4405 15.2056 2
      vertex 16.3 15.1144 10.4
      vertex 16.4405 15.2056 10.4
    endloop
  endfacet
  facet normal -0.544464 0.838784 0
    outer loop
      vertex 16.3 15.1144 10.4
      vertex 16.4405 15.2056 2
      vertex 16.3 15.1144 2
    endloop
  endfacet
  facet normal -0.933653 0.358179 0
    outer loop
      vertex 16.9617 15.8492 2
      vertex 17.0217 16.0056 10.4
      vertex 17.0217 16.0056 2
    endloop
  endfacet
  facet normal -0.933653 0.358179 0
    outer loop
      vertex 17.0217 16.0056 10.4
      vertex 16.9617 15.8492 2
      vertex 16.9617 15.8492 10.4
    endloop
  endfacet
  facet normal 0.358179 0.933653 -0
    outer loop
      vertex 15.0056 14.9783 2
      vertex 14.8492 15.0383 10.4
      vertex 15.0056 14.9783 10.4
    endloop
  endfacet
  facet normal 0.358179 0.933653 0
    outer loop
      vertex 14.8492 15.0383 10.4
      vertex 15.0056 14.9783 2
      vertex 14.8492 15.0383 2
    endloop
  endfacet
  facet normal 0.0525588 0.998618 -0
    outer loop
      vertex 15.5 14.9 2
      vertex 15.3328 14.9088 10.4
      vertex 15.5 14.9 10.4
    endloop
  endfacet
  facet normal 0.0525588 0.998618 0
    outer loop
      vertex 15.3328 14.9088 10.4
      vertex 15.5 14.9 2
      vertex 15.3328 14.9088 2
    endloop
  endfacet
  facet normal 0.998618 -0.0525588 0
    outer loop
      vertex 13.9 16.5 10.4
      vertex 13.9088 16.6672 2
      vertex 13.9088 16.6672 10.4
    endloop
  endfacet
  facet normal 0.998618 -0.0525588 0
    outer loop
      vertex 13.9088 16.6672 2
      vertex 13.9 16.5 10.4
      vertex 13.9 16.5 2
    endloop
  endfacet
  facet normal 0.156361 0.9877 -0
    outer loop
      vertex 15.3328 14.9088 2
      vertex 15.1673 14.935 10.4
      vertex 15.3328 14.9088 10.4
    endloop
  endfacet
  facet normal 0.156361 0.9877 0
    outer loop
      vertex 15.1673 14.935 10.4
      vertex 15.3328 14.9088 2
      vertex 15.1673 14.935 2
    endloop
  endfacet
  facet normal 0.544464 0.838784 -0
    outer loop
      vertex 14.7 15.1144 2
      vertex 14.5595 15.2056 10.4
      vertex 14.7 15.1144 10.4
    endloop
  endfacet
  facet normal 0.544464 0.838784 0
    outer loop
      vertex 14.5595 15.2056 10.4
      vertex 14.7 15.1144 2
      vertex 14.5595 15.2056 2
    endloop
  endfacet
  facet normal -0.707107 0.707107 0
    outer loop
      vertex 16.5706 15.311 2
      vertex 16.689 15.4294 10.4
      vertex 16.689 15.4294 2
    endloop
  endfacet
  facet normal -0.707107 0.707107 0
    outer loop
      vertex 16.689 15.4294 10.4
      vertex 16.5706 15.311 2
      vertex 16.5706 15.311 10.4
    endloop
  endfacet
  facet normal 0.987713 0.156277 0
    outer loop
      vertex 62.9863 16.7613 10.4
      vertex 62.9454 17.0198 2
      vertex 62.9454 17.0198 10.4
    endloop
  endfacet
  facet normal 0.987713 0.156277 0
    outer loop
      vertex 62.9454 17.0198 2
      vertex 62.9863 16.7613 10.4
      vertex 62.9863 16.7613 2
    endloop
  endfacet
  facet normal 0.998628 0.0523582 0
    outer loop
      vertex 63 16.5 10.4
      vertex 62.9863 16.7613 2
      vertex 62.9863 16.7613 10.4
    endloop
  endfacet
  facet normal 0.998628 0.0523582 0
    outer loop
      vertex 62.9863 16.7613 2
      vertex 63 16.5 10.4
      vertex 63 16.5 2
    endloop
  endfacet
  facet normal 0.965841 0.259137 0
    outer loop
      vertex 62.9454 17.0198 10.4
      vertex 62.8776 17.2725 2
      vertex 62.8776 17.2725 10.4
    endloop
  endfacet
  facet normal 0.965841 0.259137 0
    outer loop
      vertex 62.8776 17.2725 2
      vertex 62.9454 17.0198 10.4
      vertex 62.9454 17.0198 2
    endloop
  endfacet
  facet normal -0.544787 0.838575 0
    outer loop
      vertex 59.25 18.6651 2
      vertex 59.0305 18.5225 10.4
      vertex 59.25 18.6651 10.4
    endloop
  endfacet
  facet normal -0.544787 0.838575 0
    outer loop
      vertex 59.0305 18.5225 10.4
      vertex 59.25 18.6651 2
      vertex 59.0305 18.5225 2
    endloop
  endfacet
  facet normal -0.838575 -0.544787 0
    outer loop
      vertex 58.4775 15.0305 2
      vertex 58.3349 15.25 10.4
      vertex 58.3349 15.25 2
    endloop
  endfacet
  facet normal -0.838575 -0.544787 0
    outer loop
      vertex 58.3349 15.25 10.4
      vertex 58.4775 15.0305 2
      vertex 58.4775 15.0305 10.4
    endloop
  endfacet
  facet normal -0.156277 -0.987713 0
    outer loop
      vertex 59.9802 14.0546 2
      vertex 60.2387 14.0137 10.4
      vertex 59.9802 14.0546 10.4
    endloop
  endfacet
  facet normal -0.156277 -0.987713 -0
    outer loop
      vertex 60.2387 14.0137 10.4
      vertex 59.9802 14.0546 2
      vertex 60.2387 14.0137 2
    endloop
  endfacet
  facet normal -0.453926 0.891039 0
    outer loop
      vertex 59.4832 18.7839 2
      vertex 59.25 18.6651 10.4
      vertex 59.4832 18.7839 10.4
    endloop
  endfacet
  facet normal -0.453926 0.891039 0
    outer loop
      vertex 59.25 18.6651 10.4
      vertex 59.4832 18.7839 2
      vertex 59.25 18.6651 2
    endloop
  endfacet
  facet normal -0.707107 -0.707107 0
    outer loop
      vertex 58.8272 14.6421 2
      vertex 58.6421 14.8272 10.4
      vertex 58.6421 14.8272 2
    endloop
  endfacet
  facet normal -0.707107 -0.707107 0
    outer loop
      vertex 58.6421 14.8272 10.4
      vertex 58.8272 14.6421 2
      vertex 58.8272 14.6421 10.4
    endloop
  endfacet
  facet normal 0.453926 0.891039 -0
    outer loop
      vertex 61.75 18.6651 2
      vertex 61.5168 18.7839 10.4
      vertex 61.75 18.6651 10.4
    endloop
  endfacet
  facet normal 0.453926 0.891039 0
    outer loop
      vertex 61.5168 18.7839 10.4
      vertex 61.75 18.6651 2
      vertex 61.5168 18.7839 2
    endloop
  endfacet
  facet normal -0.7772 0.629253 0
    outer loop
      vertex 58.4775 17.9695 2
      vertex 58.6421 18.1728 10.4
      vertex 58.6421 18.1728 2
    endloop
  endfacet
  facet normal -0.7772 0.629253 0
    outer loop
      vertex 58.6421 18.1728 10.4
      vertex 58.4775 17.9695 2
      vertex 58.4775 17.9695 10.4
    endloop
  endfacet
  facet normal 0.629253 0.7772 -0
    outer loop
      vertex 62.1728 18.3579 2
      vertex 61.9695 18.5225 10.4
      vertex 62.1728 18.3579 10.4
    endloop
  endfacet
  facet normal 0.629253 0.7772 0
    outer loop
      vertex 61.9695 18.5225 10.4
      vertex 62.1728 18.3579 2
      vertex 61.9695 18.5225 2
    endloop
  endfacet
  facet normal 0.358108 -0.93368 0
    outer loop
      vertex 61.2725 14.1224 2
      vertex 61.5168 14.2161 10.4
      vertex 61.2725 14.1224 10.4
    endloop
  endfacet
  facet normal 0.358108 -0.93368 0
    outer loop
      vertex 61.5168 14.2161 10.4
      vertex 61.2725 14.1224 2
      vertex 61.5168 14.2161 2
    endloop
  endfacet
  facet normal 0.707107 0.707107 0
    outer loop
      vertex 62.3579 18.1728 10.4
      vertex 62.1728 18.3579 2
      vertex 62.1728 18.3579 10.4
    endloop
  endfacet
  facet normal 0.707107 0.707107 0
    outer loop
      vertex 62.1728 18.3579 2
      vertex 62.3579 18.1728 10.4
      vertex 62.3579 18.1728 2
    endloop
  endfacet
  facet normal -0.629253 0.7772 0
    outer loop
      vertex 59.0305 18.5225 2
      vertex 58.8272 18.3579 10.4
      vertex 59.0305 18.5225 10.4
    endloop
  endfacet
  facet normal -0.629253 0.7772 0
    outer loop
      vertex 58.8272 18.3579 10.4
      vertex 59.0305 18.5225 2
      vertex 58.8272 18.3579 2
    endloop
  endfacet
  facet normal 0.629253 -0.7772 0
    outer loop
      vertex 61.9695 14.4775 2
      vertex 62.1728 14.6421 10.4
      vertex 61.9695 14.4775 10.4
    endloop
  endfacet
  facet normal 0.629253 -0.7772 0
    outer loop
      vertex 62.1728 14.6421 10.4
      vertex 61.9695 14.4775 2
      vertex 62.1728 14.6421 2
    endloop
  endfacet
  facet normal 0.544787 -0.838575 0
    outer loop
      vertex 61.75 14.3349 2
      vertex 61.9695 14.4775 10.4
      vertex 61.75 14.3349 10.4
    endloop
  endfacet
  facet normal 0.544787 -0.838575 0
    outer loop
      vertex 61.9695 14.4775 10.4
      vertex 61.75 14.3349 2
      vertex 61.9695 14.4775 2
    endloop
  endfacet
  facet normal -0.358108 0.93368 0
    outer loop
      vertex 59.7275 18.8776 2
      vertex 59.4832 18.7839 10.4
      vertex 59.7275 18.8776 10.4
    endloop
  endfacet
  facet normal -0.358108 0.93368 0
    outer loop
      vertex 59.4832 18.7839 10.4
      vertex 59.7275 18.8776 2
      vertex 59.4832 18.7839 2
    endloop
  endfacet
  facet normal -0.987713 -0.156277 0
    outer loop
      vertex 58.0546 15.9802 2
      vertex 58.0137 16.2387 10.4
      vertex 58.0137 16.2387 2
    endloop
  endfacet
  facet normal -0.987713 -0.156277 0
    outer loop
      vertex 58.0137 16.2387 10.4
      vertex 58.0546 15.9802 2
      vertex 58.0546 15.9802 10.4
    endloop
  endfacet
  facet normal -0.156277 0.987713 0
    outer loop
      vertex 60.2387 18.9863 2
      vertex 59.9802 18.9454 10.4
      vertex 60.2387 18.9863 10.4
    endloop
  endfacet
  facet normal -0.156277 0.987713 0
    outer loop
      vertex 59.9802 18.9454 10.4
      vertex 60.2387 18.9863 2
      vertex 59.9802 18.9454 2
    endloop
  endfacet
  facet normal 0.838575 0.544787 0
    outer loop
      vertex 62.6651 17.75 10.4
      vertex 62.5225 17.9695 2
      vertex 62.5225 17.9695 10.4
    endloop
  endfacet
  facet normal 0.838575 0.544787 0
    outer loop
      vertex 62.5225 17.9695 2
      vertex 62.6651 17.75 10.4
      vertex 62.6651 17.75 2
    endloop
  endfacet
  facet normal 0.259137 0.965841 -0
    outer loop
      vertex 61.2725 18.8776 2
      vertex 61.0198 18.9454 10.4
      vertex 61.2725 18.8776 10.4
    endloop
  endfacet
  facet normal 0.259137 0.965841 0
    outer loop
      vertex 61.0198 18.9454 10.4
      vertex 61.2725 18.8776 2
      vertex 61.0198 18.9454 2
    endloop
  endfacet
  facet normal 0.544787 0.838575 -0
    outer loop
      vertex 61.9695 18.5225 2
      vertex 61.75 18.6651 10.4
      vertex 61.9695 18.5225 10.4
    endloop
  endfacet
  facet normal 0.544787 0.838575 0
    outer loop
      vertex 61.75 18.6651 10.4
      vertex 61.9695 18.5225 2
      vertex 61.75 18.6651 2
    endloop
  endfacet
  facet normal 0.358108 0.93368 -0
    outer loop
      vertex 61.5168 18.7839 2
      vertex 61.2725 18.8776 10.4
      vertex 61.5168 18.7839 10.4
    endloop
  endfacet
  facet normal 0.358108 0.93368 0
    outer loop
      vertex 61.2725 18.8776 10.4
      vertex 61.5168 18.7839 2
      vertex 61.2725 18.8776 2
    endloop
  endfacet
  facet normal 0.965841 -0.259137 0
    outer loop
      vertex 62.8776 15.7275 10.4
      vertex 62.9454 15.9802 2
      vertex 62.9454 15.9802 10.4
    endloop
  endfacet
  facet normal 0.965841 -0.259137 0
    outer loop
      vertex 62.9454 15.9802 2
      vertex 62.8776 15.7275 10.4
      vertex 62.8776 15.7275 2
    endloop
  endfacet
  facet normal 0.453926 -0.891039 0
    outer loop
      vertex 61.5168 14.2161 2
      vertex 61.75 14.3349 10.4
      vertex 61.5168 14.2161 10.4
    endloop
  endfacet
  facet normal 0.453926 -0.891039 0
    outer loop
      vertex 61.75 14.3349 10.4
      vertex 61.5168 14.2161 2
      vertex 61.75 14.3349 2
    endloop
  endfacet
  facet normal 0.0523582 -0.998628 0
    outer loop
      vertex 60.5 14 2
      vertex 60.7613 14.0137 10.4
      vertex 60.5 14 10.4
    endloop
  endfacet
  facet normal 0.0523582 -0.998628 0
    outer loop
      vertex 60.7613 14.0137 10.4
      vertex 60.5 14 2
      vertex 60.7613 14.0137 2
    endloop
  endfacet
  facet normal 0.259137 -0.965841 0
    outer loop
      vertex 61.0198 14.0546 2
      vertex 61.2725 14.1224 10.4
      vertex 61.0198 14.0546 10.4
    endloop
  endfacet
  facet normal 0.259137 -0.965841 0
    outer loop
      vertex 61.2725 14.1224 10.4
      vertex 61.0198 14.0546 2
      vertex 61.2725 14.1224 2
    endloop
  endfacet
  facet normal 0.987713 -0.156277 0
    outer loop
      vertex 62.9454 15.9802 10.4
      vertex 62.9863 16.2387 2
      vertex 62.9863 16.2387 10.4
    endloop
  endfacet
  facet normal 0.987713 -0.156277 0
    outer loop
      vertex 62.9863 16.2387 2
      vertex 62.9454 15.9802 10.4
      vertex 62.9454 15.9802 2
    endloop
  endfacet
  facet normal -0.93368 -0.358108 0
    outer loop
      vertex 58.2161 15.4832 2
      vertex 58.1224 15.7275 10.4
      vertex 58.1224 15.7275 2
    endloop
  endfacet
  facet normal -0.93368 -0.358108 0
    outer loop
      vertex 58.1224 15.7275 10.4
      vertex 58.2161 15.4832 2
      vertex 58.2161 15.4832 10.4
    endloop
  endfacet
  facet normal -0.987713 0.156277 0
    outer loop
      vertex 58.0137 16.7613 2
      vertex 58.0546 17.0198 10.4
      vertex 58.0546 17.0198 2
    endloop
  endfacet
  facet normal -0.987713 0.156277 0
    outer loop
      vertex 58.0546 17.0198 10.4
      vertex 58.0137 16.7613 2
      vertex 58.0137 16.7613 10.4
    endloop
  endfacet
  facet normal 0.891039 -0.453926 0
    outer loop
      vertex 62.6651 15.25 10.4
      vertex 62.7839 15.4832 2
      vertex 62.7839 15.4832 10.4
    endloop
  endfacet
  facet normal 0.891039 -0.453926 0
    outer loop
      vertex 62.7839 15.4832 2
      vertex 62.6651 15.25 10.4
      vertex 62.6651 15.25 2
    endloop
  endfacet
  facet normal -0.965841 -0.259137 0
    outer loop
      vertex 58.1224 15.7275 2
      vertex 58.0546 15.9802 10.4
      vertex 58.0546 15.9802 2
    endloop
  endfacet
  facet normal -0.965841 -0.259137 0
    outer loop
      vertex 58.0546 15.9802 10.4
      vertex 58.1224 15.7275 2
      vertex 58.1224 15.7275 10.4
    endloop
  endfacet
  facet normal -0.453926 -0.891039 0
    outer loop
      vertex 59.25 14.3349 2
      vertex 59.4832 14.2161 10.4
      vertex 59.25 14.3349 10.4
    endloop
  endfacet
  facet normal -0.453926 -0.891039 -0
    outer loop
      vertex 59.4832 14.2161 10.4
      vertex 59.25 14.3349 2
      vertex 59.4832 14.2161 2
    endloop
  endfacet
  facet normal -0.891039 -0.453926 0
    outer loop
      vertex 58.3349 15.25 2
      vertex 58.2161 15.4832 10.4
      vertex 58.2161 15.4832 2
    endloop
  endfacet
  facet normal -0.891039 -0.453926 0
    outer loop
      vertex 58.2161 15.4832 10.4
      vertex 58.3349 15.25 2
      vertex 58.3349 15.25 10.4
    endloop
  endfacet
  facet normal 0.998628 -0.0523582 0
    outer loop
      vertex 62.9863 16.2387 10.4
      vertex 63 16.5 2
      vertex 63 16.5 10.4
    endloop
  endfacet
  facet normal 0.998628 -0.0523582 0
    outer loop
      vertex 63 16.5 2
      vertex 62.9863 16.2387 10.4
      vertex 62.9863 16.2387 2
    endloop
  endfacet
  facet normal 0.7772 0.629253 0
    outer loop
      vertex 62.5225 17.9695 10.4
      vertex 62.3579 18.1728 2
      vertex 62.3579 18.1728 10.4
    endloop
  endfacet
  facet normal 0.7772 0.629253 0
    outer loop
      vertex 62.3579 18.1728 2
      vertex 62.5225 17.9695 10.4
      vertex 62.5225 17.9695 2
    endloop
  endfacet
  facet normal -0.259137 -0.965841 0
    outer loop
      vertex 59.7275 14.1224 2
      vertex 59.9802 14.0546 10.4
      vertex 59.7275 14.1224 10.4
    endloop
  endfacet
  facet normal -0.259137 -0.965841 -0
    outer loop
      vertex 59.9802 14.0546 10.4
      vertex 59.7275 14.1224 2
      vertex 59.9802 14.0546 2
    endloop
  endfacet
  facet normal 0.156277 -0.987713 0
    outer loop
      vertex 60.7613 14.0137 2
      vertex 61.0198 14.0546 10.4
      vertex 60.7613 14.0137 10.4
    endloop
  endfacet
  facet normal 0.156277 -0.987713 0
    outer loop
      vertex 61.0198 14.0546 10.4
      vertex 60.7613 14.0137 2
      vertex 61.0198 14.0546 2
    endloop
  endfacet
  facet normal 0.93368 0.358108 0
    outer loop
      vertex 62.8776 17.2725 10.4
      vertex 62.7839 17.5168 2
      vertex 62.7839 17.5168 10.4
    endloop
  endfacet
  facet normal 0.93368 0.358108 0
    outer loop
      vertex 62.7839 17.5168 2
      vertex 62.8776 17.2725 10.4
      vertex 62.8776 17.2725 2
    endloop
  endfacet
  facet normal 0.7772 -0.629253 0
    outer loop
      vertex 62.3579 14.8272 10.4
      vertex 62.5225 15.0305 2
      vertex 62.5225 15.0305 10.4
    endloop
  endfacet
  facet normal 0.7772 -0.629253 0
    outer loop
      vertex 62.5225 15.0305 2
      vertex 62.3579 14.8272 10.4
      vertex 62.3579 14.8272 2
    endloop
  endfacet
  facet normal 0.838575 -0.544787 0
    outer loop
      vertex 62.5225 15.0305 10.4
      vertex 62.6651 15.25 2
      vertex 62.6651 15.25 10.4
    endloop
  endfacet
  facet normal 0.838575 -0.544787 0
    outer loop
      vertex 62.6651 15.25 2
      vertex 62.5225 15.0305 10.4
      vertex 62.5225 15.0305 2
    endloop
  endfacet
  facet normal -0.259137 0.965841 0
    outer loop
      vertex 59.9802 18.9454 2
      vertex 59.7275 18.8776 10.4
      vertex 59.9802 18.9454 10.4
    endloop
  endfacet
  facet normal -0.259137 0.965841 0
    outer loop
      vertex 59.7275 18.8776 10.4
      vertex 59.9802 18.9454 2
      vertex 59.7275 18.8776 2
    endloop
  endfacet
  facet normal -0.838575 0.544787 0
    outer loop
      vertex 58.3349 17.75 2
      vertex 58.4775 17.9695 10.4
      vertex 58.4775 17.9695 2
    endloop
  endfacet
  facet normal -0.838575 0.544787 0
    outer loop
      vertex 58.4775 17.9695 10.4
      vertex 58.3349 17.75 2
      vertex 58.3349 17.75 10.4
    endloop
  endfacet
  facet normal 0.156277 0.987713 -0
    outer loop
      vertex 61.0198 18.9454 2
      vertex 60.7613 18.9863 10.4
      vertex 61.0198 18.9454 10.4
    endloop
  endfacet
  facet normal 0.156277 0.987713 0
    outer loop
      vertex 60.7613 18.9863 10.4
      vertex 61.0198 18.9454 2
      vertex 60.7613 18.9863 2
    endloop
  endfacet
  facet normal 0.707107 -0.707107 0
    outer loop
      vertex 62.1728 14.6421 10.4
      vertex 62.3579 14.8272 2
      vertex 62.3579 14.8272 10.4
    endloop
  endfacet
  facet normal 0.707107 -0.707107 0
    outer loop
      vertex 62.3579 14.8272 2
      vertex 62.1728 14.6421 10.4
      vertex 62.1728 14.6421 2
    endloop
  endfacet
  facet normal 0.891039 0.453926 0
    outer loop
      vertex 62.7839 17.5168 10.4
      vertex 62.6651 17.75 2
      vertex 62.6651 17.75 10.4
    endloop
  endfacet
  facet normal 0.891039 0.453926 0
    outer loop
      vertex 62.6651 17.75 2
      vertex 62.7839 17.5168 10.4
      vertex 62.7839 17.5168 2
    endloop
  endfacet
  facet normal -0.707107 0.707107 0
    outer loop
      vertex 58.6421 18.1728 2
      vertex 58.8272 18.3579 10.4
      vertex 58.8272 18.3579 2
    endloop
  endfacet
  facet normal -0.707107 0.707107 0
    outer loop
      vertex 58.8272 18.3579 10.4
      vertex 58.6421 18.1728 2
      vertex 58.6421 18.1728 10.4
    endloop
  endfacet
  facet normal -0.0523582 -0.998628 0
    outer loop
      vertex 60.2387 14.0137 2
      vertex 60.5 14 10.4
      vertex 60.2387 14.0137 10.4
    endloop
  endfacet
  facet normal -0.0523582 -0.998628 -0
    outer loop
      vertex 60.5 14 10.4
      vertex 60.2387 14.0137 2
      vertex 60.5 14 2
    endloop
  endfacet
  facet normal -0.0523582 0.998628 0
    outer loop
      vertex 60.5 19 2
      vertex 60.2387 18.9863 10.4
      vertex 60.5 19 10.4
    endloop
  endfacet
  facet normal -0.0523582 0.998628 0
    outer loop
      vertex 60.2387 18.9863 10.4
      vertex 60.5 19 2
      vertex 60.2387 18.9863 2
    endloop
  endfacet
  facet normal -0.998628 -0.0523582 0
    outer loop
      vertex 58.0137 16.2387 2
      vertex 58 16.5 10.4
      vertex 58 16.5 2
    endloop
  endfacet
  facet normal -0.998628 -0.0523582 0
    outer loop
      vertex 58 16.5 10.4
      vertex 58.0137 16.2387 2
      vertex 58.0137 16.2387 10.4
    endloop
  endfacet
  facet normal -0.965841 0.259137 0
    outer loop
      vertex 58.0546 17.0198 2
      vertex 58.1224 17.2725 10.4
      vertex 58.1224 17.2725 2
    endloop
  endfacet
  facet normal -0.965841 0.259137 0
    outer loop
      vertex 58.1224 17.2725 10.4
      vertex 58.0546 17.0198 2
      vertex 58.0546 17.0198 10.4
    endloop
  endfacet
  facet normal -0.7772 -0.629253 0
    outer loop
      vertex 58.6421 14.8272 2
      vertex 58.4775 15.0305 10.4
      vertex 58.4775 15.0305 2
    endloop
  endfacet
  facet normal -0.7772 -0.629253 0
    outer loop
      vertex 58.4775 15.0305 10.4
      vertex 58.6421 14.8272 2
      vertex 58.6421 14.8272 10.4
    endloop
  endfacet
  facet normal -0.93368 0.358108 0
    outer loop
      vertex 58.1224 17.2725 2
      vertex 58.2161 17.5168 10.4
      vertex 58.2161 17.5168 2
    endloop
  endfacet
  facet normal -0.93368 0.358108 0
    outer loop
      vertex 58.2161 17.5168 10.4
      vertex 58.1224 17.2725 2
      vertex 58.1224 17.2725 10.4
    endloop
  endfacet
  facet normal 0.0523582 0.998628 -0
    outer loop
      vertex 60.7613 18.9863 2
      vertex 60.5 19 10.4
      vertex 60.7613 18.9863 10.4
    endloop
  endfacet
  facet normal 0.0523582 0.998628 0
    outer loop
      vertex 60.5 19 10.4
      vertex 60.7613 18.9863 2
      vertex 60.5 19 2
    endloop
  endfacet
  facet normal -0.629253 -0.7772 0
    outer loop
      vertex 58.8272 14.6421 2
      vertex 59.0305 14.4775 10.4
      vertex 58.8272 14.6421 10.4
    endloop
  endfacet
  facet normal -0.629253 -0.7772 -0
    outer loop
      vertex 59.0305 14.4775 10.4
      vertex 58.8272 14.6421 2
      vertex 59.0305 14.4775 2
    endloop
  endfacet
  facet normal 0.93368 -0.358108 0
    outer loop
      vertex 62.7839 15.4832 10.4
      vertex 62.8776 15.7275 2
      vertex 62.8776 15.7275 10.4
    endloop
  endfacet
  facet normal 0.93368 -0.358108 0
    outer loop
      vertex 62.8776 15.7275 2
      vertex 62.7839 15.4832 10.4
      vertex 62.7839 15.4832 2
    endloop
  endfacet
  facet normal -0.544787 -0.838575 0
    outer loop
      vertex 59.0305 14.4775 2
      vertex 59.25 14.3349 10.4
      vertex 59.0305 14.4775 10.4
    endloop
  endfacet
  facet normal -0.544787 -0.838575 -0
    outer loop
      vertex 59.25 14.3349 10.4
      vertex 59.0305 14.4775 2
      vertex 59.25 14.3349 2
    endloop
  endfacet
  facet normal -0.358108 -0.93368 0
    outer loop
      vertex 59.4832 14.2161 2
      vertex 59.7275 14.1224 10.4
      vertex 59.4832 14.2161 10.4
    endloop
  endfacet
  facet normal -0.358108 -0.93368 -0
    outer loop
      vertex 59.7275 14.1224 10.4
      vertex 59.4832 14.2161 2
      vertex 59.7275 14.1224 2
    endloop
  endfacet
  facet normal -0.998628 0.0523582 0
    outer loop
      vertex 58 16.5 2
      vertex 58.0137 16.7613 10.4
      vertex 58.0137 16.7613 2
    endloop
  endfacet
  facet normal -0.998628 0.0523582 0
    outer loop
      vertex 58.0137 16.7613 10.4
      vertex 58 16.5 2
      vertex 58 16.5 10.4
    endloop
  endfacet
  facet normal 0 0 1
    outer loop
      vertex 62.1 16.5 10.4
      vertex 63 16.5 10.4
      vertex 62.9863 16.7613 10.4
    endloop
  endfacet
  facet normal 0 0 1
    outer loop
      vertex 62.0912 16.6672 10.4
      vertex 62.9863 16.7613 10.4
      vertex 62.9454 17.0198 10.4
    endloop
  endfacet
  facet normal 0 0 1
    outer loop
      vertex 63 16.5 10.4
      vertex 62.1 16.5 10.4
      vertex 62.9863 16.2387 10.4
    endloop
  endfacet
  facet normal 0 0 1
    outer loop
      vertex 62.065 16.8327 10.4
      vertex 62.9454 17.0198 10.4
      vertex 62.8776 17.2725 10.4
    endloop
  endfacet
  facet normal -0 0 1
    outer loop
      vertex 62.0912 16.3328 10.4
      vertex 62.9863 16.2387 10.4
      vertex 62.1 16.5 10.4
    endloop
  endfacet
  facet normal 0 0 1
    outer loop
      vertex 62.0217 16.9944 10.4
      vertex 62.8776 17.2725 10.4
      vertex 62.7839 17.5168 10.4
    endloop
  endfacet
  facet normal 0 0 1
    outer loop
      vertex 62.9863 16.2387 10.4
      vertex 62.0912 16.3328 10.4
      vertex 62.9454 15.9802 10.4
    endloop
  endfacet
  facet normal 0 0 1
    outer loop
      vertex 61.9617 17.1508 10.4
      vertex 62.7839 17.5168 10.4
      vertex 62.6651 17.75 10.4
    endloop
  endfacet
  facet normal -0 0 1
    outer loop
      vertex 62.065 16.1673 10.4
      vertex 62.9454 15.9802 10.4
      vertex 62.0912 16.3328 10.4
    endloop
  endfacet
  facet normal 0 0 1
    outer loop
      vertex 61.8856 17.3 10.4
      vertex 62.6651 17.75 10.4
      vertex 62.5225 17.9695 10.4
    endloop
  endfacet
  facet normal 0 0 1
    outer loop
      vertex 62.9454 15.9802 10.4
      vertex 62.065 16.1673 10.4
      vertex 62.8776 15.7275 10.4
    endloop
  endfacet
  facet normal 0 0 1
    outer loop
      vertex 61.7944 17.4405 10.4
      vertex 62.5225 17.9695 10.4
      vertex 62.3579 18.1728 10.4
    endloop
  endfacet
  facet normal -0 0 1
    outer loop
      vertex 62.0217 16.0056 10.4
      vertex 62.8776 15.7275 10.4
      vertex 62.065 16.1673 10.4
    endloop
  endfacet
  facet normal 0 0 1
    outer loop
      vertex 61.689 17.5706 10.4
      vertex 62.3579 18.1728 10.4
      vertex 62.1728 18.3579 10.4
    endloop
  endfacet
  facet normal 0 0 1
    outer loop
      vertex 62.8776 15.7275 10.4
      vertex 62.0217 16.0056 10.4
      vertex 62.7839 15.4832 10.4
    endloop
  endfacet
  facet normal -0 0 1
    outer loop
      vertex 61.9617 15.8492 10.4
      vertex 62.7839 15.4832 10.4
      vertex 62.0217 16.0056 10.4
    endloop
  endfacet
  facet normal 0 0 1
    outer loop
      vertex 62.9863 16.7613 10.4
      vertex 62.0912 16.6672 10.4
      vertex 62.1 16.5 10.4
    endloop
  endfacet
  facet normal 0 0 1
    outer loop
      vertex 62.9454 17.0198 10.4
      vertex 62.065 16.8327 10.4
      vertex 62.0912 16.6672 10.4
    endloop
  endfacet
  facet normal 0 0 1
    outer loop
      vertex 62.8776 17.2725 10.4
      vertex 62.0217 16.9944 10.4
      vertex 62.065 16.8327 10.4
    endloop
  endfacet
  facet normal 0 0 1
    outer loop
      vertex 61.5706 17.689 10.4
      vertex 62.1728 18.3579 10.4
      vertex 61.9695 18.5225 10.4
    endloop
  endfacet
  facet normal 0 0 1
    outer loop
      vertex 62.7839 17.5168 10.4
      vertex 61.9617 17.1508 10.4
      vertex 62.0217 16.9944 10.4
    endloop
  endfacet
  facet normal 0 0 1
    outer loop
      vertex 62.6651 17.75 10.4
      vertex 61.8856 17.3 10.4
      vertex 61.9617 17.1508 10.4
    endloop
  endfacet
  facet normal 0 0 1
    outer loop
      vertex 62.5225 17.9695 10.4
      vertex 61.7944 17.4405 10.4
      vertex 61.8856 17.3 10.4
    endloop
  endfacet
  facet normal 0 0 1
    outer loop
      vertex 61.4405 17.7944 10.4
      vertex 61.9695 18.5225 10.4
      vertex 61.75 18.6651 10.4
    endloop
  endfacet
  facet normal 0 0 1
    outer loop
      vertex 62.3579 18.1728 10.4
      vertex 61.689 17.5706 10.4
      vertex 61.7944 17.4405 10.4
    endloop
  endfacet
  facet normal 0 0 1
    outer loop
      vertex 62.1728 18.3579 10.4
      vertex 61.5706 17.689 10.4
      vertex 61.689 17.5706 10.4
    endloop
  endfacet
  facet normal 0 0 1
    outer loop
      vertex 61.3 17.8856 10.4
      vertex 61.75 18.6651 10.4
      vertex 61.5168 18.7839 10.4
    endloop
  endfacet
  facet normal 0 0 1
    outer loop
      vertex 61.9695 18.5225 10.4
      vertex 61.4405 17.7944 10.4
      vertex 61.5706 17.689 10.4
    endloop
  endfacet
  facet normal 0 0 1
    outer loop
      vertex 61.75 18.6651 10.4
      vertex 61.3 17.8856 10.4
      vertex 61.4405 17.7944 10.4
    endloop
  endfacet
  facet normal 0 0 1
    outer loop
      vertex 61.1508 17.9617 10.4
      vertex 61.5168 18.7839 10.4
      vertex 61.2725 18.8776 10.4
    endloop
  endfacet
  facet normal 0 0 1
    outer loop
      vertex 61.5168 18.7839 10.4
      vertex 61.1508 17.9617 10.4
      vertex 61.3 17.8856 10.4
    endloop
  endfacet
  facet normal 0 0 1
    outer loop
      vertex 60.9944 18.0217 10.4
      vertex 61.2725 18.8776 10.4
      vertex 61.0198 18.9454 10.4
    endloop
  endfacet
  facet normal 0 0 1
    outer loop
      vertex 61.2725 18.8776 10.4
      vertex 60.9944 18.0217 10.4
      vertex 61.1508 17.9617 10.4
    endloop
  endfacet
  facet normal 0 0 1
    outer loop
      vertex 61.0198 18.9454 10.4
      vertex 60.8327 18.065 10.4
      vertex 60.9944 18.0217 10.4
    endloop
  endfacet
  facet normal 0 0 1
    outer loop
      vertex 60.7613 18.9863 10.4
      vertex 60.8327 18.065 10.4
      vertex 61.0198 18.9454 10.4
    endloop
  endfacet
  facet normal 0 0 1
    outer loop
      vertex 60.7613 18.9863 10.4
      vertex 60.6672 18.0912 10.4
      vertex 60.8327 18.065 10.4
    endloop
  endfacet
  facet normal 0 0 1
    outer loop
      vertex 60.5 19 10.4
      vertex 60.6672 18.0912 10.4
      vertex 60.7613 18.9863 10.4
    endloop
  endfacet
  facet normal 0 0 1
    outer loop
      vertex 60.5 19 10.4
      vertex 60.5 18.1 10.4
      vertex 60.6672 18.0912 10.4
    endloop
  endfacet
  facet normal 0 0 1
    outer loop
      vertex 60.5 19 10.4
      vertex 60.3328 18.0912 10.4
      vertex 60.5 18.1 10.4
    endloop
  endfacet
  facet normal -0 0 1
    outer loop
      vertex 60.2387 18.9863 10.4
      vertex 60.3328 18.0912 10.4
      vertex 60.5 19 10.4
    endloop
  endfacet
  facet normal 0 0 1
    outer loop
      vertex 60.2387 18.9863 10.4
      vertex 60.1673 18.065 10.4
      vertex 60.3328 18.0912 10.4
    endloop
  endfacet
  facet normal -0 0 1
    outer loop
      vertex 59.9802 18.9454 10.4
      vertex 60.1673 18.065 10.4
      vertex 60.2387 18.9863 10.4
    endloop
  endfacet
  facet normal 0 0 1
    outer loop
      vertex 60.1673 18.065 10.4
      vertex 59.9802 18.9454 10.4
      vertex 60.0056 18.0217 10.4
    endloop
  endfacet
  facet normal -0 0 1
    outer loop
      vertex 59.7275 18.8776 10.4
      vertex 60.0056 18.0217 10.4
      vertex 59.9802 18.9454 10.4
    endloop
  endfacet
  facet normal 0 0 1
    outer loop
      vertex 60.0056 18.0217 10.4
      vertex 59.7275 18.8776 10.4
      vertex 59.8492 17.9617 10.4
    endloop
  endfacet
  facet normal -0 0 1
    outer loop
      vertex 59.4832 18.7839 10.4
      vertex 59.8492 17.9617 10.4
      vertex 59.7275 18.8776 10.4
    endloop
  endfacet
  facet normal 0 0 1
    outer loop
      vertex 59.8492 17.9617 10.4
      vertex 59.4832 18.7839 10.4
      vertex 59.7 17.8856 10.4
    endloop
  endfacet
  facet normal -0 0 1
    outer loop
      vertex 59.25 18.6651 10.4
      vertex 59.7 17.8856 10.4
      vertex 59.4832 18.7839 10.4
    endloop
  endfacet
  facet normal 0 0 1
    outer loop
      vertex 59.7 17.8856 10.4
      vertex 59.25 18.6651 10.4
      vertex 59.5595 17.7944 10.4
    endloop
  endfacet
  facet normal -0 0 1
    outer loop
      vertex 59.0305 18.5225 10.4
      vertex 59.5595 17.7944 10.4
      vertex 59.25 18.6651 10.4
    endloop
  endfacet
  facet normal 0 0 1
    outer loop
      vertex 59.5595 17.7944 10.4
      vertex 59.0305 18.5225 10.4
      vertex 59.4294 17.689 10.4
    endloop
  endfacet
  facet normal -0 0 1
    outer loop
      vertex 58.8272 18.3579 10.4
      vertex 59.4294 17.689 10.4
      vertex 59.0305 18.5225 10.4
    endloop
  endfacet
  facet normal 0 0 1
    outer loop
      vertex 59.4294 17.689 10.4
      vertex 58.8272 18.3579 10.4
      vertex 59.311 17.5706 10.4
    endloop
  endfacet
  facet normal -0 0 1
    outer loop
      vertex 58.6421 18.1728 10.4
      vertex 59.311 17.5706 10.4
      vertex 58.8272 18.3579 10.4
    endloop
  endfacet
  facet normal 0 0 1
    outer loop
      vertex 59.311 17.5706 10.4
      vertex 58.6421 18.1728 10.4
      vertex 59.2056 17.4405 10.4
    endloop
  endfacet
  facet normal -0 0 1
    outer loop
      vertex 58.4775 17.9695 10.4
      vertex 59.2056 17.4405 10.4
      vertex 58.6421 18.1728 10.4
    endloop
  endfacet
  facet normal 0 0 1
    outer loop
      vertex 59.2056 17.4405 10.4
      vertex 58.4775 17.9695 10.4
      vertex 59.1144 17.3 10.4
    endloop
  endfacet
  facet normal -0 0 1
    outer loop
      vertex 58.3349 17.75 10.4
      vertex 59.1144 17.3 10.4
      vertex 58.4775 17.9695 10.4
    endloop
  endfacet
  facet normal -0 0 1
    outer loop
      vertex 58.2161 17.5168 10.4
      vertex 59.0383 17.1508 10.4
      vertex 58.3349 17.75 10.4
    endloop
  endfacet
  facet normal 0 0 1
    outer loop
      vertex 59.1144 17.3 10.4
      vertex 58.3349 17.75 10.4
      vertex 59.0383 17.1508 10.4
    endloop
  endfacet
  facet normal 0 0 1
    outer loop
      vertex 62.7839 15.4832 10.4
      vertex 61.9617 15.8492 10.4
      vertex 62.6651 15.25 10.4
    endloop
  endfacet
  facet normal -0 0 1
    outer loop
      vertex 61.8856 15.7 10.4
      vertex 62.6651 15.25 10.4
      vertex 61.9617 15.8492 10.4
    endloop
  endfacet
  facet normal 0 0 1
    outer loop
      vertex 62.6651 15.25 10.4
      vertex 61.8856 15.7 10.4
      vertex 62.5225 15.0305 10.4
    endloop
  endfacet
  facet normal -0 0 1
    outer loop
      vertex 61.7944 15.5595 10.4
      vertex 62.5225 15.0305 10.4
      vertex 61.8856 15.7 10.4
    endloop
  endfacet
  facet normal 0 0 1
    outer loop
      vertex 62.5225 15.0305 10.4
      vertex 61.7944 15.5595 10.4
      vertex 62.3579 14.8272 10.4
    endloop
  endfacet
  facet normal -0 0 1
    outer loop
      vertex 61.689 15.4294 10.4
      vertex 62.3579 14.8272 10.4
      vertex 61.7944 15.5595 10.4
    endloop
  endfacet
  facet normal 0 0 1
    outer loop
      vertex 62.3579 14.8272 10.4
      vertex 61.689 15.4294 10.4
      vertex 62.1728 14.6421 10.4
    endloop
  endfacet
  facet normal -0 0 1
    outer loop
      vertex 61.5706 15.311 10.4
      vertex 62.1728 14.6421 10.4
      vertex 61.689 15.4294 10.4
    endloop
  endfacet
  facet normal 0 0 1
    outer loop
      vertex 62.1728 14.6421 10.4
      vertex 61.5706 15.311 10.4
      vertex 61.9695 14.4775 10.4
    endloop
  endfacet
  facet normal -0 0 1
    outer loop
      vertex 61.4405 15.2056 10.4
      vertex 61.9695 14.4775 10.4
      vertex 61.5706 15.311 10.4
    endloop
  endfacet
  facet normal 0 0 1
    outer loop
      vertex 61.9695 14.4775 10.4
      vertex 61.4405 15.2056 10.4
      vertex 61.75 14.3349 10.4
    endloop
  endfacet
  facet normal -0 0 1
    outer loop
      vertex 61.3 15.1144 10.4
      vertex 61.75 14.3349 10.4
      vertex 61.4405 15.2056 10.4
    endloop
  endfacet
  facet normal 0 0 1
    outer loop
      vertex 61.75 14.3349 10.4
      vertex 61.3 15.1144 10.4
      vertex 61.5168 14.2161 10.4
    endloop
  endfacet
  facet normal -0 0 1
    outer loop
      vertex 61.1508 15.0383 10.4
      vertex 61.5168 14.2161 10.4
      vertex 61.3 15.1144 10.4
    endloop
  endfacet
  facet normal 0 0 1
    outer loop
      vertex 61.5168 14.2161 10.4
      vertex 61.1508 15.0383 10.4
      vertex 61.2725 14.1224 10.4
    endloop
  endfacet
  facet normal -0 0 1
    outer loop
      vertex 60.9944 14.9783 10.4
      vertex 61.2725 14.1224 10.4
      vertex 61.1508 15.0383 10.4
    endloop
  endfacet
  facet normal 0 0 1
    outer loop
      vertex 61.2725 14.1224 10.4
      vertex 60.9944 14.9783 10.4
      vertex 61.0198 14.0546 10.4
    endloop
  endfacet
  facet normal -0 0 1
    outer loop
      vertex 60.8327 14.935 10.4
      vertex 61.0198 14.0546 10.4
      vertex 60.9944 14.9783 10.4
    endloop
  endfacet
  facet normal 0 0 1
    outer loop
      vertex 60.8327 14.935 10.4
      vertex 60.7613 14.0137 10.4
      vertex 61.0198 14.0546 10.4
    endloop
  endfacet
  facet normal -0 0 1
    outer loop
      vertex 60.6672 14.9088 10.4
      vertex 60.7613 14.0137 10.4
      vertex 60.8327 14.935 10.4
    endloop
  endfacet
  facet normal -0 0 1
    outer loop
      vertex 60.5 14.9 10.4
      vertex 60.7613 14.0137 10.4
      vertex 60.6672 14.9088 10.4
    endloop
  endfacet
  facet normal 0 0 1
    outer loop
      vertex 60.5 14.9 10.4
      vertex 60.5 14 10.4
      vertex 60.7613 14.0137 10.4
    endloop
  endfacet
  facet normal 0 0 1
    outer loop
      vertex 60.3328 14.9088 10.4
      vertex 60.5 14 10.4
      vertex 60.5 14.9 10.4
    endloop
  endfacet
  facet normal 0 0 1
    outer loop
      vertex 60.3328 14.9088 10.4
      vertex 60.2387 14.0137 10.4
      vertex 60.5 14 10.4
    endloop
  endfacet
  facet normal 0 0 1
    outer loop
      vertex 60.1673 14.935 10.4
      vertex 60.2387 14.0137 10.4
      vertex 60.3328 14.9088 10.4
    endloop
  endfacet
  facet normal 0 0 1
    outer loop
      vertex 59.9802 14.0546 10.4
      vertex 60.1673 14.935 10.4
      vertex 60.0056 14.9783 10.4
    endloop
  endfacet
  facet normal 0 0 1
    outer loop
      vertex 60.1673 14.935 10.4
      vertex 59.9802 14.0546 10.4
      vertex 60.2387 14.0137 10.4
    endloop
  endfacet
  facet normal 0 0 1
    outer loop
      vertex 59.7275 14.1224 10.4
      vertex 60.0056 14.9783 10.4
      vertex 59.8492 15.0383 10.4
    endloop
  endfacet
  facet normal 0 0 1
    outer loop
      vertex 60.0056 14.9783 10.4
      vertex 59.7275 14.1224 10.4
      vertex 59.9802 14.0546 10.4
    endloop
  endfacet
  facet normal 0 0 1
    outer loop
      vertex 59.4832 14.2161 10.4
      vertex 59.8492 15.0383 10.4
      vertex 59.7 15.1144 10.4
    endloop
  endfacet
  facet normal 0 0 1
    outer loop
      vertex 59.25 14.3349 10.4
      vertex 59.7 15.1144 10.4
      vertex 59.5595 15.2056 10.4
    endloop
  endfacet
  facet normal 0 0 1
    outer loop
      vertex 59.8492 15.0383 10.4
      vertex 59.4832 14.2161 10.4
      vertex 59.7275 14.1224 10.4
    endloop
  endfacet
  facet normal 0 0 1
    outer loop
      vertex 59.0305 14.4775 10.4
      vertex 59.5595 15.2056 10.4
      vertex 59.4294 15.311 10.4
    endloop
  endfacet
  facet normal 0 0 1
    outer loop
      vertex 58.8272 14.6421 10.4
      vertex 59.4294 15.311 10.4
      vertex 59.311 15.4294 10.4
    endloop
  endfacet
  facet normal 0 0 1
    outer loop
      vertex 59.7 15.1144 10.4
      vertex 59.25 14.3349 10.4
      vertex 59.4832 14.2161 10.4
    endloop
  endfacet
  facet normal 0 0 1
    outer loop
      vertex 58.6421 14.8272 10.4
      vertex 59.311 15.4294 10.4
      vertex 59.2056 15.5595 10.4
    endloop
  endfacet
  facet normal 0 0 1
    outer loop
      vertex 58.4775 15.0305 10.4
      vertex 59.2056 15.5595 10.4
      vertex 59.1144 15.7 10.4
    endloop
  endfacet
  facet normal 0 0 1
    outer loop
      vertex 58.3349 15.25 10.4
      vertex 59.1144 15.7 10.4
      vertex 59.0383 15.8492 10.4
    endloop
  endfacet
  facet normal 0 0 1
    outer loop
      vertex 59.5595 15.2056 10.4
      vertex 59.0305 14.4775 10.4
      vertex 59.25 14.3349 10.4
    endloop
  endfacet
  facet normal 0 0 1
    outer loop
      vertex 58.2161 15.4832 10.4
      vertex 59.0383 15.8492 10.4
      vertex 58.9783 16.0056 10.4
    endloop
  endfacet
  facet normal 0 0 1
    outer loop
      vertex 58.1224 15.7275 10.4
      vertex 58.9783 16.0056 10.4
      vertex 58.935 16.1673 10.4
    endloop
  endfacet
  facet normal 0 0 1
    outer loop
      vertex 58.0546 15.9802 10.4
      vertex 58.935 16.1673 10.4
      vertex 58.9088 16.3328 10.4
    endloop
  endfacet
  facet normal 0 0 1
    outer loop
      vertex 59.4294 15.311 10.4
      vertex 58.8272 14.6421 10.4
      vertex 59.0305 14.4775 10.4
    endloop
  endfacet
  facet normal 0 0 1
    outer loop
      vertex 58.0137 16.2387 10.4
      vertex 58.9088 16.3328 10.4
      vertex 58.9 16.5 10.4
    endloop
  endfacet
  facet normal 0 0 1
    outer loop
      vertex 59.0383 17.1508 10.4
      vertex 58.2161 17.5168 10.4
      vertex 58.9783 16.9944 10.4
    endloop
  endfacet
  facet normal -0 0 1
    outer loop
      vertex 58.1224 17.2725 10.4
      vertex 58.9783 16.9944 10.4
      vertex 58.2161 17.5168 10.4
    endloop
  endfacet
  facet normal 0 0 1
    outer loop
      vertex 59.311 15.4294 10.4
      vertex 58.6421 14.8272 10.4
      vertex 58.8272 14.6421 10.4
    endloop
  endfacet
  facet normal 0 0 1
    outer loop
      vertex 58.9783 16.9944 10.4
      vertex 58.1224 17.2725 10.4
      vertex 58.935 16.8327 10.4
    endloop
  endfacet
  facet normal 0 0 1
    outer loop
      vertex 59.2056 15.5595 10.4
      vertex 58.4775 15.0305 10.4
      vertex 58.6421 14.8272 10.4
    endloop
  endfacet
  facet normal -0 0 1
    outer loop
      vertex 58.0546 17.0198 10.4
      vertex 58.935 16.8327 10.4
      vertex 58.1224 17.2725 10.4
    endloop
  endfacet
  facet normal 0 0 1
    outer loop
      vertex 59.1144 15.7 10.4
      vertex 58.3349 15.25 10.4
      vertex 58.4775 15.0305 10.4
    endloop
  endfacet
  facet normal 0 0 1
    outer loop
      vertex 58.935 16.8327 10.4
      vertex 58.0546 17.0198 10.4
      vertex 58.9088 16.6672 10.4
    endloop
  endfacet
  facet normal 0 0 1
    outer loop
      vertex 59.0383 15.8492 10.4
      vertex 58.2161 15.4832 10.4
      vertex 58.3349 15.25 10.4
    endloop
  endfacet
  facet normal -0 0 1
    outer loop
      vertex 58.0137 16.7613 10.4
      vertex 58.9088 16.6672 10.4
      vertex 58.0546 17.0198 10.4
    endloop
  endfacet
  facet normal 0 0 1
    outer loop
      vertex 58.9783 16.0056 10.4
      vertex 58.1224 15.7275 10.4
      vertex 58.2161 15.4832 10.4
    endloop
  endfacet
  facet normal 0 0 1
    outer loop
      vertex 58.9088 16.6672 10.4
      vertex 58.0137 16.7613 10.4
      vertex 58.9 16.5 10.4
    endloop
  endfacet
  facet normal 0 0 1
    outer loop
      vertex 58.935 16.1673 10.4
      vertex 58.0546 15.9802 10.4
      vertex 58.1224 15.7275 10.4
    endloop
  endfacet
  facet normal 0 0 1
    outer loop
      vertex 58 16.5 10.4
      vertex 58.9 16.5 10.4
      vertex 58.0137 16.7613 10.4
    endloop
  endfacet
  facet normal 0 0 1
    outer loop
      vertex 58.9088 16.3328 10.4
      vertex 58.0137 16.2387 10.4
      vertex 58.0546 15.9802 10.4
    endloop
  endfacet
  facet normal 0 0 1
    outer loop
      vertex 58.9 16.5 10.4
      vertex 58 16.5 10.4
      vertex 58.0137 16.2387 10.4
    endloop
  endfacet
  facet normal -0.891039 0.453926 0
    outer loop
      vertex 58.2161 17.5168 2
      vertex 58.3349 17.75 10.4
      vertex 58.3349 17.75 2
    endloop
  endfacet
  facet normal -0.891039 0.453926 0
    outer loop
      vertex 58.3349 17.75 10.4
      vertex 58.2161 17.5168 2
      vertex 58.2161 17.5168 10.4
    endloop
  endfacet
  facet normal -0.9877 0.156361 0
    outer loop
      vertex 62.065 16.1673 2
      vertex 62.0912 16.3328 10.4
      vertex 62.0912 16.3328 2
    endloop
  endfacet
  facet normal -0.9877 0.156361 0
    outer loop
      vertex 62.0912 16.3328 10.4
      vertex 62.065 16.1673 2
      vertex 62.065 16.1673 10.4
    endloop
  endfacet
  facet normal -0.9877 -0.156361 0
    outer loop
      vertex 62.0912 16.6672 2
      vertex 62.065 16.8327 10.4
      vertex 62.065 16.8327 2
    endloop
  endfacet
  facet normal -0.9877 -0.156361 0
    outer loop
      vertex 62.065 16.8327 10.4
      vertex 62.0912 16.6672 2
      vertex 62.0912 16.6672 10.4
    endloop
  endfacet
  facet normal -0.998618 -0.0525588 0
    outer loop
      vertex 62.1 16.5 2
      vertex 62.0912 16.6672 10.4
      vertex 62.0912 16.6672 2
    endloop
  endfacet
  facet normal -0.998618 -0.0525588 0
    outer loop
      vertex 62.0912 16.6672 10.4
      vertex 62.1 16.5 2
      vertex 62.1 16.5 10.4
    endloop
  endfacet
  facet normal -0.965967 -0.258666 0
    outer loop
      vertex 62.065 16.8327 2
      vertex 62.0217 16.9944 10.4
      vertex 62.0217 16.9944 2
    endloop
  endfacet
  facet normal -0.965967 -0.258666 0
    outer loop
      vertex 62.0217 16.9944 10.4
      vertex 62.065 16.8327 2
      vertex 62.065 16.8327 10.4
    endloop
  endfacet
  facet normal -0.838784 -0.544464 0
    outer loop
      vertex 61.8856 17.3 2
      vertex 61.7944 17.4405 10.4
      vertex 61.7944 17.4405 2
    endloop
  endfacet
  facet normal -0.838784 -0.544464 0
    outer loop
      vertex 61.7944 17.4405 10.4
      vertex 61.8856 17.3 2
      vertex 61.8856 17.3 10.4
    endloop
  endfacet
  facet normal 0.0525588 -0.998618 0
    outer loop
      vertex 60.3328 18.0912 2
      vertex 60.5 18.1 10.4
      vertex 60.3328 18.0912 10.4
    endloop
  endfacet
  facet normal 0.0525588 -0.998618 0
    outer loop
      vertex 60.5 18.1 10.4
      vertex 60.3328 18.0912 2
      vertex 60.5 18.1 2
    endloop
  endfacet
  facet normal -0.998618 0.0525588 0
    outer loop
      vertex 62.0912 16.3328 2
      vertex 62.1 16.5 10.4
      vertex 62.1 16.5 2
    endloop
  endfacet
  facet normal -0.998618 0.0525588 0
    outer loop
      vertex 62.1 16.5 10.4
      vertex 62.0912 16.3328 2
      vertex 62.0912 16.3328 10.4
    endloop
  endfacet
  facet normal -0.777008 -0.62949 0
    outer loop
      vertex 61.7944 17.4405 2
      vertex 61.689 17.5706 10.4
      vertex 61.689 17.5706 2
    endloop
  endfacet
  facet normal -0.777008 -0.62949 0
    outer loop
      vertex 61.689 17.5706 10.4
      vertex 61.7944 17.4405 2
      vertex 61.7944 17.4405 10.4
    endloop
  endfacet
  facet normal 0.9877 0.156361 0
    outer loop
      vertex 58.935 16.1673 10.4
      vertex 58.9088 16.3328 2
      vertex 58.9088 16.3328 10.4
    endloop
  endfacet
  facet normal 0.9877 0.156361 0
    outer loop
      vertex 58.9088 16.3328 2
      vertex 58.935 16.1673 10.4
      vertex 58.935 16.1673 2
    endloop
  endfacet
  facet normal 0.890816 -0.454364 0
    outer loop
      vertex 59.0383 17.1508 10.4
      vertex 59.1144 17.3 2
      vertex 59.1144 17.3 10.4
    endloop
  endfacet
  facet normal 0.890816 -0.454364 0
    outer loop
      vertex 59.1144 17.3 2
      vertex 59.0383 17.1508 10.4
      vertex 59.0383 17.1508 2
    endloop
  endfacet
  facet normal -0.258666 -0.965967 0
    outer loop
      vertex 60.8327 18.065 2
      vertex 60.9944 18.0217 10.4
      vertex 60.8327 18.065 10.4
    endloop
  endfacet
  facet normal -0.258666 -0.965967 -0
    outer loop
      vertex 60.9944 18.0217 10.4
      vertex 60.8327 18.065 2
      vertex 60.9944 18.0217 2
    endloop
  endfacet
  facet normal -0.358179 -0.933653 0
    outer loop
      vertex 60.9944 18.0217 2
      vertex 61.1508 17.9617 10.4
      vertex 60.9944 18.0217 10.4
    endloop
  endfacet
  facet normal -0.358179 -0.933653 -0
    outer loop
      vertex 61.1508 17.9617 10.4
      vertex 60.9944 18.0217 2
      vertex 61.1508 17.9617 2
    endloop
  endfacet
  facet normal 0.965967 0.258666 0
    outer loop
      vertex 58.9783 16.0056 10.4
      vertex 58.935 16.1673 2
      vertex 58.935 16.1673 10.4
    endloop
  endfacet
  facet normal 0.965967 0.258666 0
    outer loop
      vertex 58.935 16.1673 2
      vertex 58.9783 16.0056 10.4
      vertex 58.9783 16.0056 2
    endloop
  endfacet
  facet normal -0.62949 -0.777008 0
    outer loop
      vertex 61.4405 17.7944 2
      vertex 61.5706 17.689 10.4
      vertex 61.4405 17.7944 10.4
    endloop
  endfacet
  facet normal -0.62949 -0.777008 -0
    outer loop
      vertex 61.5706 17.689 10.4
      vertex 61.4405 17.7944 2
      vertex 61.5706 17.689 2
    endloop
  endfacet
  facet normal -0.358179 0.933653 0
    outer loop
      vertex 61.1508 15.0383 2
      vertex 60.9944 14.9783 10.4
      vertex 61.1508 15.0383 10.4
    endloop
  endfacet
  facet normal -0.358179 0.933653 0
    outer loop
      vertex 60.9944 14.9783 10.4
      vertex 61.1508 15.0383 2
      vertex 60.9944 14.9783 2
    endloop
  endfacet
  facet normal 0.777008 -0.62949 0
    outer loop
      vertex 59.2056 17.4405 10.4
      vertex 59.311 17.5706 2
      vertex 59.311 17.5706 10.4
    endloop
  endfacet
  facet normal 0.777008 -0.62949 0
    outer loop
      vertex 59.311 17.5706 2
      vertex 59.2056 17.4405 10.4
      vertex 59.2056 17.4405 2
    endloop
  endfacet
  facet normal 0.258666 -0.965967 0
    outer loop
      vertex 60.0056 18.0217 2
      vertex 60.1673 18.065 10.4
      vertex 60.0056 18.0217 10.4
    endloop
  endfacet
  facet normal 0.258666 -0.965967 0
    outer loop
      vertex 60.1673 18.065 10.4
      vertex 60.0056 18.0217 2
      vertex 60.1673 18.065 2
    endloop
  endfacet
  facet normal 0.707107 -0.707107 0
    outer loop
      vertex 59.311 17.5706 10.4
      vertex 59.4294 17.689 2
      vertex 59.4294 17.689 10.4
    endloop
  endfacet
  facet normal 0.707107 -0.707107 0
    outer loop
      vertex 59.4294 17.689 2
      vertex 59.311 17.5706 10.4
      vertex 59.311 17.5706 2
    endloop
  endfacet
  facet normal 0.544464 -0.838784 0
    outer loop
      vertex 59.5595 17.7944 2
      vertex 59.7 17.8856 10.4
      vertex 59.5595 17.7944 10.4
    endloop
  endfacet
  facet normal 0.544464 -0.838784 0
    outer loop
      vertex 59.7 17.8856 10.4
      vertex 59.5595 17.7944 2
      vertex 59.7 17.8856 2
    endloop
  endfacet
  facet normal -0.965967 0.258666 0
    outer loop
      vertex 62.0217 16.0056 2
      vertex 62.065 16.1673 10.4
      vertex 62.065 16.1673 2
    endloop
  endfacet
  facet normal -0.965967 0.258666 0
    outer loop
      vertex 62.065 16.1673 10.4
      vertex 62.0217 16.0056 2
      vertex 62.0217 16.0056 10.4
    endloop
  endfacet
  facet normal -0.0525588 0.998618 0
    outer loop
      vertex 60.6672 14.9088 2
      vertex 60.5 14.9 10.4
      vertex 60.6672 14.9088 10.4
    endloop
  endfacet
  facet normal -0.0525588 0.998618 0
    outer loop
      vertex 60.5 14.9 10.4
      vertex 60.6672 14.9088 2
      vertex 60.5 14.9 2
    endloop
  endfacet
  facet normal -0.544464 -0.838784 0
    outer loop
      vertex 61.3 17.8856 2
      vertex 61.4405 17.7944 10.4
      vertex 61.3 17.8856 10.4
    endloop
  endfacet
  facet normal -0.544464 -0.838784 -0
    outer loop
      vertex 61.4405 17.7944 10.4
      vertex 61.3 17.8856 2
      vertex 61.4405 17.7944 2
    endloop
  endfacet
  facet normal 0.838784 0.544464 0
    outer loop
      vertex 59.2056 15.5595 10.4
      vertex 59.1144 15.7 2
      vertex 59.1144 15.7 10.4
    endloop
  endfacet
  facet normal 0.838784 0.544464 0
    outer loop
      vertex 59.1144 15.7 2
      vertex 59.2056 15.5595 10.4
      vertex 59.2056 15.5595 2
    endloop
  endfacet
  facet normal -0.156361 0.9877 0
    outer loop
      vertex 60.8327 14.935 2
      vertex 60.6672 14.9088 10.4
      vertex 60.8327 14.935 10.4
    endloop
  endfacet
  facet normal -0.156361 0.9877 0
    outer loop
      vertex 60.6672 14.9088 10.4
      vertex 60.8327 14.935 2
      vertex 60.6672 14.9088 2
    endloop
  endfacet
  facet normal 0.454364 -0.890816 0
    outer loop
      vertex 59.7 17.8856 2
      vertex 59.8492 17.9617 10.4
      vertex 59.7 17.8856 10.4
    endloop
  endfacet
  facet normal 0.454364 -0.890816 0
    outer loop
      vertex 59.8492 17.9617 10.4
      vertex 59.7 17.8856 2
      vertex 59.8492 17.9617 2
    endloop
  endfacet
  facet normal 0.454364 0.890816 -0
    outer loop
      vertex 59.8492 15.0383 2
      vertex 59.7 15.1144 10.4
      vertex 59.8492 15.0383 10.4
    endloop
  endfacet
  facet normal 0.454364 0.890816 0
    outer loop
      vertex 59.7 15.1144 10.4
      vertex 59.8492 15.0383 2
      vertex 59.7 15.1144 2
    endloop
  endfacet
  facet normal 0.358179 -0.933653 0
    outer loop
      vertex 59.8492 17.9617 2
      vertex 60.0056 18.0217 10.4
      vertex 59.8492 17.9617 10.4
    endloop
  endfacet
  facet normal 0.358179 -0.933653 0
    outer loop
      vertex 60.0056 18.0217 10.4
      vertex 59.8492 17.9617 2
      vertex 60.0056 18.0217 2
    endloop
  endfacet
  facet normal -0.454364 -0.890816 0
    outer loop
      vertex 61.1508 17.9617 2
      vertex 61.3 17.8856 10.4
      vertex 61.1508 17.9617 10.4
    endloop
  endfacet
  facet normal -0.454364 -0.890816 -0
    outer loop
      vertex 61.3 17.8856 10.4
      vertex 61.1508 17.9617 2
      vertex 61.3 17.8856 2
    endloop
  endfacet
  facet normal -0.890816 0.454364 0
    outer loop
      vertex 61.8856 15.7 2
      vertex 61.9617 15.8492 10.4
      vertex 61.9617 15.8492 2
    endloop
  endfacet
  facet normal -0.890816 0.454364 0
    outer loop
      vertex 61.9617 15.8492 10.4
      vertex 61.8856 15.7 2
      vertex 61.8856 15.7 10.4
    endloop
  endfacet
  facet normal -0.707107 -0.707107 0
    outer loop
      vertex 61.689 17.5706 2
      vertex 61.5706 17.689 10.4
      vertex 61.5706 17.689 2
    endloop
  endfacet
  facet normal -0.707107 -0.707107 0
    outer loop
      vertex 61.5706 17.689 10.4
      vertex 61.689 17.5706 2
      vertex 61.689 17.5706 10.4
    endloop
  endfacet
  facet normal 0.62949 0.777008 -0
    outer loop
      vertex 59.5595 15.2056 2
      vertex 59.4294 15.311 10.4
      vertex 59.5595 15.2056 10.4
    endloop
  endfacet
  facet normal 0.62949 0.777008 0
    outer loop
      vertex 59.4294 15.311 10.4
      vertex 59.5595 15.2056 2
      vertex 59.4294 15.311 2
    endloop
  endfacet
  facet normal -0.838784 0.544464 0
    outer loop
      vertex 61.7944 15.5595 2
      vertex 61.8856 15.7 10.4
      vertex 61.8856 15.7 2
    endloop
  endfacet
  facet normal -0.838784 0.544464 0
    outer loop
      vertex 61.8856 15.7 10.4
      vertex 61.7944 15.5595 2
      vertex 61.7944 15.5595 10.4
    endloop
  endfacet
  facet normal -0.454364 0.890816 0
    outer loop
      vertex 61.3 15.1144 2
      vertex 61.1508 15.0383 10.4
      vertex 61.3 15.1144 10.4
    endloop
  endfacet
  facet normal -0.454364 0.890816 0
    outer loop
      vertex 61.1508 15.0383 10.4
      vertex 61.3 15.1144 2
      vertex 61.1508 15.0383 2
    endloop
  endfacet
  facet normal 0.156361 -0.9877 0
    outer loop
      vertex 60.1673 18.065 2
      vertex 60.3328 18.0912 10.4
      vertex 60.1673 18.065 10.4
    endloop
  endfacet
  facet normal 0.156361 -0.9877 0
    outer loop
      vertex 60.3328 18.0912 10.4
      vertex 60.1673 18.065 2
      vertex 60.3328 18.0912 2
    endloop
  endfacet
  facet normal -0.933653 -0.358179 0
    outer loop
      vertex 62.0217 16.9944 2
      vertex 61.9617 17.1508 10.4
      vertex 61.9617 17.1508 2
    endloop
  endfacet
  facet normal -0.933653 -0.358179 0
    outer loop
      vertex 61.9617 17.1508 10.4
      vertex 62.0217 16.9944 2
      vertex 62.0217 16.9944 10.4
    endloop
  endfacet
  facet normal -0.777008 0.62949 0
    outer loop
      vertex 61.689 15.4294 2
      vertex 61.7944 15.5595 10.4
      vertex 61.7944 15.5595 2
    endloop
  endfacet
  facet normal -0.777008 0.62949 0
    outer loop
      vertex 61.7944 15.5595 10.4
      vertex 61.689 15.4294 2
      vertex 61.689 15.4294 10.4
    endloop
  endfacet
  facet normal 0.9877 -0.156361 0
    outer loop
      vertex 58.9088 16.6672 10.4
      vertex 58.935 16.8327 2
      vertex 58.935 16.8327 10.4
    endloop
  endfacet
  facet normal 0.9877 -0.156361 0
    outer loop
      vertex 58.935 16.8327 2
      vertex 58.9088 16.6672 10.4
      vertex 58.9088 16.6672 2
    endloop
  endfacet
  facet normal -0.0525588 -0.998618 0
    outer loop
      vertex 60.5 18.1 2
      vertex 60.6672 18.0912 10.4
      vertex 60.5 18.1 10.4
    endloop
  endfacet
  facet normal -0.0525588 -0.998618 -0
    outer loop
      vertex 60.6672 18.0912 10.4
      vertex 60.5 18.1 2
      vertex 60.6672 18.0912 2
    endloop
  endfacet
  facet normal -0.890816 -0.454364 0
    outer loop
      vertex 61.9617 17.1508 2
      vertex 61.8856 17.3 10.4
      vertex 61.8856 17.3 2
    endloop
  endfacet
  facet normal -0.890816 -0.454364 0
    outer loop
      vertex 61.8856 17.3 10.4
      vertex 61.9617 17.1508 2
      vertex 61.9617 17.1508 10.4
    endloop
  endfacet
  facet normal 0.838784 -0.544464 0
    outer loop
      vertex 59.1144 17.3 10.4
      vertex 59.2056 17.4405 2
      vertex 59.2056 17.4405 10.4
    endloop
  endfacet
  facet normal 0.838784 -0.544464 0
    outer loop
      vertex 59.2056 17.4405 2
      vertex 59.1144 17.3 10.4
      vertex 59.1144 17.3 2
    endloop
  endfacet
  facet normal 0.62949 -0.777008 0
    outer loop
      vertex 59.4294 17.689 2
      vertex 59.5595 17.7944 10.4
      vertex 59.4294 17.689 10.4
    endloop
  endfacet
  facet normal 0.62949 -0.777008 0
    outer loop
      vertex 59.5595 17.7944 10.4
      vertex 59.4294 17.689 2
      vertex 59.5595 17.7944 2
    endloop
  endfacet
  facet normal 0.933653 0.358179 0
    outer loop
      vertex 59.0383 15.8492 10.4
      vertex 58.9783 16.0056 2
      vertex 58.9783 16.0056 10.4
    endloop
  endfacet
  facet normal 0.933653 0.358179 0
    outer loop
      vertex 58.9783 16.0056 2
      vertex 59.0383 15.8492 10.4
      vertex 59.0383 15.8492 2
    endloop
  endfacet
  facet normal 0.933653 -0.358179 0
    outer loop
      vertex 58.9783 16.9944 10.4
      vertex 59.0383 17.1508 2
      vertex 59.0383 17.1508 10.4
    endloop
  endfacet
  facet normal 0.933653 -0.358179 0
    outer loop
      vertex 59.0383 17.1508 2
      vertex 58.9783 16.9944 10.4
      vertex 58.9783 16.9944 2
    endloop
  endfacet
  facet normal 0.890816 0.454364 0
    outer loop
      vertex 59.1144 15.7 10.4
      vertex 59.0383 15.8492 2
      vertex 59.0383 15.8492 10.4
    endloop
  endfacet
  facet normal 0.890816 0.454364 0
    outer loop
      vertex 59.0383 15.8492 2
      vertex 59.1144 15.7 10.4
      vertex 59.1144 15.7 2
    endloop
  endfacet
  facet normal -0.258666 0.965967 0
    outer loop
      vertex 60.9944 14.9783 2
      vertex 60.8327 14.935 10.4
      vertex 60.9944 14.9783 10.4
    endloop
  endfacet
  facet normal -0.258666 0.965967 0
    outer loop
      vertex 60.8327 14.935 10.4
      vertex 60.9944 14.9783 2
      vertex 60.8327 14.935 2
    endloop
  endfacet
  facet normal -0.62949 0.777008 0
    outer loop
      vertex 61.5706 15.311 2
      vertex 61.4405 15.2056 10.4
      vertex 61.5706 15.311 10.4
    endloop
  endfacet
  facet normal -0.62949 0.777008 0
    outer loop
      vertex 61.4405 15.2056 10.4
      vertex 61.5706 15.311 2
      vertex 61.4405 15.2056 2
    endloop
  endfacet
  facet normal 0.258666 0.965967 -0
    outer loop
      vertex 60.1673 14.935 2
      vertex 60.0056 14.9783 10.4
      vertex 60.1673 14.935 10.4
    endloop
  endfacet
  facet normal 0.258666 0.965967 0
    outer loop
      vertex 60.0056 14.9783 10.4
      vertex 60.1673 14.935 2
      vertex 60.0056 14.9783 2
    endloop
  endfacet
  facet normal 0.998618 0.0525588 0
    outer loop
      vertex 58.9088 16.3328 10.4
      vertex 58.9 16.5 2
      vertex 58.9 16.5 10.4
    endloop
  endfacet
  facet normal 0.998618 0.0525588 0
    outer loop
      vertex 58.9 16.5 2
      vertex 58.9088 16.3328 10.4
      vertex 58.9088 16.3328 2
    endloop
  endfacet
  facet normal -0.156361 -0.9877 0
    outer loop
      vertex 60.6672 18.0912 2
      vertex 60.8327 18.065 10.4
      vertex 60.6672 18.0912 10.4
    endloop
  endfacet
  facet normal -0.156361 -0.9877 -0
    outer loop
      vertex 60.8327 18.065 10.4
      vertex 60.6672 18.0912 2
      vertex 60.8327 18.065 2
    endloop
  endfacet
  facet normal 0.777008 0.62949 0
    outer loop
      vertex 59.311 15.4294 10.4
      vertex 59.2056 15.5595 2
      vertex 59.2056 15.5595 10.4
    endloop
  endfacet
  facet normal 0.777008 0.62949 0
    outer loop
      vertex 59.2056 15.5595 2
      vertex 59.311 15.4294 10.4
      vertex 59.311 15.4294 2
    endloop
  endfacet
  facet normal 0.965967 -0.258666 0
    outer loop
      vertex 58.935 16.8327 10.4
      vertex 58.9783 16.9944 2
      vertex 58.9783 16.9944 10.4
    endloop
  endfacet
  facet normal 0.965967 -0.258666 0
    outer loop
      vertex 58.9783 16.9944 2
      vertex 58.935 16.8327 10.4
      vertex 58.935 16.8327 2
    endloop
  endfacet
  facet normal 0.707107 0.707107 0
    outer loop
      vertex 59.4294 15.311 10.4
      vertex 59.311 15.4294 2
      vertex 59.311 15.4294 10.4
    endloop
  endfacet
  facet normal 0.707107 0.707107 0
    outer loop
      vertex 59.311 15.4294 2
      vertex 59.4294 15.311 10.4
      vertex 59.4294 15.311 2
    endloop
  endfacet
  facet normal -0.544464 0.838784 0
    outer loop
      vertex 61.4405 15.2056 2
      vertex 61.3 15.1144 10.4
      vertex 61.4405 15.2056 10.4
    endloop
  endfacet
  facet normal -0.544464 0.838784 0
    outer loop
      vertex 61.3 15.1144 10.4
      vertex 61.4405 15.2056 2
      vertex 61.3 15.1144 2
    endloop
  endfacet
  facet normal -0.933653 0.358179 0
    outer loop
      vertex 61.9617 15.8492 2
      vertex 62.0217 16.0056 10.4
      vertex 62.0217 16.0056 2
    endloop
  endfacet
  facet normal -0.933653 0.358179 0
    outer loop
      vertex 62.0217 16.0056 10.4
      vertex 61.9617 15.8492 2
      vertex 61.9617 15.8492 10.4
    endloop
  endfacet
  facet normal 0.358179 0.933653 -0
    outer loop
      vertex 60.0056 14.9783 2
      vertex 59.8492 15.0383 10.4
      vertex 60.0056 14.9783 10.4
    endloop
  endfacet
  facet normal 0.358179 0.933653 0
    outer loop
      vertex 59.8492 15.0383 10.4
      vertex 60.0056 14.9783 2
      vertex 59.8492 15.0383 2
    endloop
  endfacet
  facet normal 0.0525588 0.998618 -0
    outer loop
      vertex 60.5 14.9 2
      vertex 60.3328 14.9088 10.4
      vertex 60.5 14.9 10.4
    endloop
  endfacet
  facet normal 0.0525588 0.998618 0
    outer loop
      vertex 60.3328 14.9088 10.4
      vertex 60.5 14.9 2
      vertex 60.3328 14.9088 2
    endloop
  endfacet
  facet normal 0.998618 -0.0525588 0
    outer loop
      vertex 58.9 16.5 10.4
      vertex 58.9088 16.6672 2
      vertex 58.9088 16.6672 10.4
    endloop
  endfacet
  facet normal 0.998618 -0.0525588 0
    outer loop
      vertex 58.9088 16.6672 2
      vertex 58.9 16.5 10.4
      vertex 58.9 16.5 2
    endloop
  endfacet
  facet normal 0.156361 0.9877 -0
    outer loop
      vertex 60.3328 14.9088 2
      vertex 60.1673 14.935 10.4
      vertex 60.3328 14.9088 10.4
    endloop
  endfacet
  facet normal 0.156361 0.9877 0
    outer loop
      vertex 60.1673 14.935 10.4
      vertex 60.3328 14.9088 2
      vertex 60.1673 14.935 2
    endloop
  endfacet
  facet normal 0.544464 0.838784 -0
    outer loop
      vertex 59.7 15.1144 2
      vertex 59.5595 15.2056 10.4
      vertex 59.7 15.1144 10.4
    endloop
  endfacet
  facet normal 0.544464 0.838784 0
    outer loop
      vertex 59.5595 15.2056 10.4
      vertex 59.7 15.1144 2
      vertex 59.5595 15.2056 2
    endloop
  endfacet
  facet normal -0.707107 0.707107 0
    outer loop
      vertex 61.5706 15.311 2
      vertex 61.689 15.4294 10.4
      vertex 61.689 15.4294 2
    endloop
  endfacet
  facet normal -0.707107 0.707107 0
    outer loop
      vertex 61.689 15.4294 10.4
      vertex 61.5706 15.311 2
      vertex 61.5706 15.311 10.4
    endloop
  endfacet
  facet normal -0 0 1
    outer loop
      vertex 33.5 2.4 5.6
      vertex 42.5 2.01 5.6
      vertex 42.5 2.4 5.6
    endloop
  endfacet
  facet normal 0 0 1
    outer loop
      vertex 42.5 2.01 5.6
      vertex 33.5 2.4 5.6
      vertex 33.5 2.01 5.6
    endloop
  endfacet
  facet normal -0 0 0
    outer loop
      vertex 42.5 2.4 5.6
      vertex 42.5 2.01 5.6
      vertex 42.5 2.9 5.6
    endloop
  endfacet
  facet normal 0 -1 0
    outer loop
      vertex 33.5 1.75 4.6
      vertex 42.5 1.75 5
      vertex 33.5 1.75 5
    endloop
  endfacet
  facet normal 0 -1 -0
    outer loop
      vertex 42.5 1.75 5
      vertex 33.5 1.75 4.6
      vertex 42.5 1.75 4.6
    endloop
  endfacet
  facet normal 0 0 -1
    outer loop
      vertex 33.5 1.75 4.6
      vertex 42.5 2.4 4.6
      vertex 42.5 1.75 4.6
    endloop
  endfacet
  facet normal -0 0 -1
    outer loop
      vertex 42.5 2.4 4.6
      vertex 33.5 1.75 4.6
      vertex 33.5 2.4 4.6
    endloop
  endfacet
  facet normal 0 0 -0
    outer loop
      vertex 42.5 2.4 4.6
      vertex 42.5 2.9 4.6
      vertex 42.5 1.75 4.6
    endloop
  endfacet
  facet normal 0 -0.917556 0.397607
    outer loop
      vertex 33.5 1.75 5
      vertex 42.5 2.01 5.6
      vertex 33.5 2.01 5.6
    endloop
  endfacet
  facet normal 0 -0.917556 0.397607
    outer loop
      vertex 42.5 2.01 5.6
      vertex 33.5 1.75 5
      vertex 42.5 1.75 5
    endloop
  endfacet
  facet normal -1 0 0
    outer loop
      vertex 33.5 1.75 5
      vertex 33.5 2.4 5.6
      vertex 33.5 2.4 4.6
    endloop
  endfacet
  facet normal -1 0 0
    outer loop
      vertex 33.5 1.75 5
      vertex 33.5 2.4 4.6
      vertex 33.5 1.75 4.6
    endloop
  endfacet
  facet normal -1 -0 0
    outer loop
      vertex 33.5 2.4 5.6
      vertex 33.5 1.75 5
      vertex 33.5 2.01 5.6
    endloop
  endfacet
  facet normal 1 -0 0
    outer loop
      vertex 42.5 2.01 5.6
      vertex 42.5 2.9 4.6
      vertex 42.5 2.9 5.6
    endloop
  endfacet
  facet normal 1 -0 0
    outer loop
      vertex 42.5 1.75 5
      vertex 42.5 2.9 4.6
      vertex 42.5 2.01 5.6
    endloop
  endfacet
  facet normal 1 0 0
    outer loop
      vertex 42.5 2.9 4.6
      vertex 42.5 1.75 5
      vertex 42.5 1.75 4.6
    endloop
  endfacet
  facet normal -0 0 1
    outer loop
      vertex 33.5 83.99 5.6
      vertex 42.5 83.6 5.6
      vertex 42.5 83.99 5.6
    endloop
  endfacet
  facet normal 0 0 1
    outer loop
      vertex 42.5 83.6 5.6
      vertex 33.5 83.99 5.6
      vertex 33.5 83.6 5.6
    endloop
  endfacet
  facet normal 0 0 0
    outer loop
      vertex 42.5 83.1 5.6
      vertex 42.5 83.99 5.6
      vertex 42.5 83.6 5.6
    endloop
  endfacet
  facet normal -1 0 0
    outer loop
      vertex 33.5 83.6 4.6
      vertex 33.5 84.25 5
      vertex 33.5 84.25 4.6
    endloop
  endfacet
  facet normal -1 0 0
    outer loop
      vertex 33.5 83.6 5.6
      vertex 33.5 84.25 5
      vertex 33.5 83.6 4.6
    endloop
  endfacet
  facet normal -1 0 0
    outer loop
      vertex 33.5 84.25 5
      vertex 33.5 83.6 5.6
      vertex 33.5 83.99 5.6
    endloop
  endfacet
  facet normal 0 0.917556 0.397607
    outer loop
      vertex 42.5 84.25 5
      vertex 33.5 83.99 5.6
      vertex 42.5 83.99 5.6
    endloop
  endfacet
  facet normal 0 0.917556 0.397607
    outer loop
      vertex 33.5 83.99 5.6
      vertex 42.5 84.25 5
      vertex 33.5 84.25 5
    endloop
  endfacet
  facet normal 0 0 -1
    outer loop
      vertex 33.5 83.6 4.6
      vertex 42.5 84.25 4.6
      vertex 42.5 83.6 4.6
    endloop
  endfacet
  facet normal -0 0 -1
    outer loop
      vertex 42.5 84.25 4.6
      vertex 33.5 83.6 4.6
      vertex 33.5 84.25 4.6
    endloop
  endfacet
  facet normal 0 0 -0
    outer loop
      vertex 42.5 83.6 4.6
      vertex 42.5 84.25 4.6
      vertex 42.5 83.1 4.6
    endloop
  endfacet
  facet normal 1 0 0
    outer loop
      vertex 42.5 83.1 4.6
      vertex 42.5 84.25 5
      vertex 42.5 83.99 5.6
    endloop
  endfacet
  facet normal 1 0 0
    outer loop
      vertex 42.5 83.1 4.6
      vertex 42.5 83.99 5.6
      vertex 42.5 83.1 5.6
    endloop
  endfacet
  facet normal 1 0 0
    outer loop
      vertex 42.5 84.25 5
      vertex 42.5 83.1 4.6
      vertex 42.5 84.25 4.6
    endloop
  endfacet
  facet normal 0 1 -0
    outer loop
      vertex 42.5 84.25 4.6
      vertex 33.5 84.25 5
      vertex 42.5 84.25 5
    endloop
  endfacet
  facet normal 0 1 0
    outer loop
      vertex 33.5 84.25 5
      vertex 42.5 84.25 4.6
      vertex 33.5 84.25 4.6
    endloop
  endfacet
  facet normal -0.70589 -0.70589 0.0586387
    outer loop
      vertex 17.1137 43.1617 10.5
      vertex 16.9272 42.6421 2
      vertex 17.2617 43.0137 10.5
    endloop
  endfacet
  facet normal 0.932073 -0.357492 0.0586411
    outer loop
      vertex 20.9776 43.7275 2
      vertex 20.4271 43.6865 10.5
      vertex 20.8839 43.4832 2
    endloop
  endfacet
  facet normal -0.986016 0.155988 0.0586457
    outer loop
      vertex 16.6437 44.9158 10.5
      vertex 16.1137 44.7613 2
      vertex 16.611 44.7091 10.5
    endloop
  endfacet
  facet normal 0.0524434 -0.996901 0.0586412
    outer loop
      vertex 18.6 42 2
      vertex 18.8091 42.511 10.5
      vertex 18.6 42.5 10.5
    endloop
  endfacet
  facet normal 0.0522681 -0.99691 0.0586461
    outer loop
      vertex 18.8091 42.511 10.5
      vertex 18.6 42 2
      vertex 18.8613 42.0137 2
    endloop
  endfacet
  facet normal 0.837131 0.543849 0.058642
    outer loop
      vertex 20.6225 45.9695 2
      vertex 20.218 45.6756 10.5
      vertex 20.7651 45.75 2
    endloop
  endfacet
  facet normal 0.258691 0.964179 0.0586394
    outer loop
      vertex 19.3725 46.8776 2
      vertex 19.1198 46.9454 2
      vertex 19.218 46.4021 10.5
    endloop
  endfacet
  facet normal -0.889506 0.453145 0.0586413
    outer loop
      vertex 16.4349 45.75 2
      vertex 16.3161 45.5168 2
      vertex 16.7729 45.3135 10.5
    endloop
  endfacet
  facet normal -0.70589 0.70589 0.0586387
    outer loop
      vertex 17.2617 45.9863 10.5
      vertex 16.9272 46.3579 2
      vertex 17.1137 45.8383 10.5
    endloop
  endfacet
  facet normal -0.964239 0.258466 0.0586458
    outer loop
      vertex 16.6979 45.118 10.5
      vertex 16.1546 45.0198 2
      vertex 16.6437 44.9158 10.5
    endloop
  endfacet
  facet normal -0.453109 -0.889524 0.0586414
    outer loop
      vertex 17.6 42.7679 10.5
      vertex 17.5832 42.2161 2
      vertex 17.7865 42.6729 10.5
    endloop
  endfacet
  facet normal 0.628088 0.775929 0.0586422
    outer loop
      vertex 20.0695 46.5225 2
      vertex 19.7756 46.118 10.5
      vertex 19.9383 45.9863 10.5
    endloop
  endfacet
  facet normal 0.156008 -0.986013 0.0586452
    outer loop
      vertex 19.0158 42.5437 10.5
      vertex 18.8613 42.0137 2
      vertex 19.1198 42.0546 2
    endloop
  endfacet
  facet normal 0.889506 -0.453145 0.0586413
    outer loop
      vertex 20.8839 43.4832 2
      vertex 20.4271 43.6865 10.5
      vertex 20.7651 43.25 2
    endloop
  endfacet
  facet normal 0.357492 0.932073 0.0586392
    outer loop
      vertex 19.3725 46.8776 2
      vertex 19.218 46.4021 10.5
      vertex 19.6168 46.7839 2
    endloop
  endfacet
  facet normal 0.357563 0.932046 0.0586413
    outer loop
      vertex 19.6168 46.7839 2
      vertex 19.218 46.4021 10.5
      vertex 19.4135 46.3271 10.5
    endloop
  endfacet
  facet normal -0.155988 -0.986016 0.0586457
    outer loop
      vertex 18.3909 42.511 10.5
      vertex 18.1842 42.5437 10.5
      vertex 18.3387 42.0137 2
    endloop
  endfacet
  facet normal -0.453144 0.889506 0.0586507
    outer loop
      vertex 17.5832 46.7839 2
      vertex 17.35 46.6651 2
      vertex 17.6 46.232 10.5
    endloop
  endfacet
  facet normal -0.775863 -0.62817 0.0586419
    outer loop
      vertex 16.982 43.3244 10.5
      vertex 16.5775 43.0305 2
      vertex 16.7421 42.8272 2
    endloop
  endfacet
  facet normal -0.775863 0.62817 0.0586419
    outer loop
      vertex 16.7421 46.1728 2
      vertex 16.5775 45.9695 2
      vertex 16.982 45.6756 10.5
    endloop
  endfacet
  facet normal 0.964239 0.258466 0.0586387
    outer loop
      vertex 20.9776 45.2725 2
      vertex 20.5021 45.118 10.5
      vertex 20.5563 44.9158 10.5
    endloop
  endfacet
  facet normal 0.932046 0.357563 0.058639
    outer loop
      vertex 20.9776 45.2725 2
      vertex 20.4271 45.3135 10.5
      vertex 20.5021 45.118 10.5
    endloop
  endfacet
  facet normal -0.0522681 0.99691 0.0586418
    outer loop
      vertex 18.6 47 2
      vertex 18.3387 46.9863 2
      vertex 18.6 46.5 10.5
    endloop
  endfacet
  facet normal 0.77593 -0.628088 0.0586389
    outer loop
      vertex 20.218 43.3244 10.5
      vertex 20.0863 43.1617 10.5
      vertex 20.4579 42.8272 2
    endloop
  endfacet
  facet normal -0.628088 0.77593 0.0586389
    outer loop
      vertex 17.4244 46.118 10.5
      vertex 16.9272 46.3579 2
      vertex 17.2617 45.9863 10.5
    endloop
  endfacet
  facet normal 0.357492 -0.932073 0.0586392
    outer loop
      vertex 19.6168 42.2161 2
      vertex 19.218 42.5979 10.5
      vertex 19.3725 42.1224 2
    endloop
  endfacet
  facet normal 0.62817 0.775863 0.0586393
    outer loop
      vertex 20.0695 46.5225 2
      vertex 19.9383 45.9863 10.5
      vertex 20.2728 46.3579 2
    endloop
  endfacet
  facet normal -0.986016 -0.155988 0.0586457
    outer loop
      vertex 16.611 44.2909 10.5
      vertex 16.1137 44.2387 2
      vertex 16.6437 44.0842 10.5
    endloop
  endfacet
  facet normal 0.62817 -0.775863 0.0586393
    outer loop
      vertex 20.2728 42.6421 2
      vertex 19.9383 43.0137 10.5
      vertex 20.0695 42.4775 2
    endloop
  endfacet
  facet normal -0.62817 0.775863 0.0586419
    outer loop
      vertex 17.1305 46.5225 2
      vertex 16.9272 46.3579 2
      vertex 17.4244 46.118 10.5
    endloop
  endfacet
  facet normal -0.70589 0.70589 0.0586387
    outer loop
      vertex 16.9272 46.3579 2
      vertex 16.7421 46.1728 2
      vertex 17.1137 45.8383 10.5
    endloop
  endfacet
  facet normal 0.453487 0.889331 0.0586519
    outer loop
      vertex 19.85 46.6651 2
      vertex 19.4135 46.3271 10.5
      vertex 19.6 46.232 10.5
    endloop
  endfacet
  facet normal -0.77593 -0.628088 0.0586389
    outer loop
      vertex 16.982 43.3244 10.5
      vertex 16.7421 42.8272 2
      vertex 17.1137 43.1617 10.5
    endloop
  endfacet
  facet normal 0.986013 -0.156008 0.0586457
    outer loop
      vertex 21.0863 44.2387 2
      vertex 20.589 44.2909 10.5
      vertex 21.0454 43.9802 2
    endloop
  endfacet
  facet normal 0.77593 0.628088 0.0586389
    outer loop
      vertex 20.4579 46.1728 2
      vertex 20.0863 45.8383 10.5
      vertex 20.218 45.6756 10.5
    endloop
  endfacet
  facet normal 0.543916 -0.837088 0.0586398
    outer loop
      vertex 19.7756 42.882 10.5
      vertex 19.6 42.7679 10.5
      vertex 19.85 42.3349 2
    endloop
  endfacet
  facet normal 0.453145 0.889506 0.0586413
    outer loop
      vertex 19.6168 46.7839 2
      vertex 19.4135 46.3271 10.5
      vertex 19.85 46.6651 2
    endloop
  endfacet
  facet normal -0.543849 0.837131 0.058642
    outer loop
      vertex 17.35 46.6651 2
      vertex 17.1305 46.5225 2
      vertex 17.4244 46.118 10.5
    endloop
  endfacet
  facet normal -0.543581 0.837305 0.0586508
    outer loop
      vertex 17.6 46.232 10.5
      vertex 17.35 46.6651 2
      vertex 17.4244 46.118 10.5
    endloop
  endfacet
  facet normal -0.357563 0.932046 0.0586413
    outer loop
      vertex 17.982 46.4021 10.5
      vertex 17.5832 46.7839 2
      vertex 17.7865 46.3271 10.5
    endloop
  endfacet
  facet normal -0.357492 -0.932073 0.0586392
    outer loop
      vertex 17.982 42.5979 10.5
      vertex 17.5832 42.2161 2
      vertex 17.8275 42.1224 2
    endloop
  endfacet
  facet normal -0.258691 0.964179 0.0586394
    outer loop
      vertex 18.0802 46.9454 2
      vertex 17.8275 46.8776 2
      vertex 17.982 46.4021 10.5
    endloop
  endfacet
  facet normal -0.99691 -0.0522681 0.0586418
    outer loop
      vertex 16.6 44.5 10.5
      vertex 16.1 44.5 2
      vertex 16.1137 44.2387 2
    endloop
  endfacet
  facet normal 0.258466 0.964239 0.0586458
    outer loop
      vertex 19.1198 46.9454 2
      vertex 19.0158 46.4563 10.5
      vertex 19.218 46.4021 10.5
    endloop
  endfacet
  facet normal 0.357563 -0.932046 0.0586413
    outer loop
      vertex 19.4135 42.6729 10.5
      vertex 19.218 42.5979 10.5
      vertex 19.6168 42.2161 2
    endloop
  endfacet
  facet normal 0.156008 0.986013 0.0586452
    outer loop
      vertex 19.1198 46.9454 2
      vertex 18.8613 46.9863 2
      vertex 19.0158 46.4563 10.5
    endloop
  endfacet
  facet normal 0.543849 -0.837131 0.058642
    outer loop
      vertex 20.0695 42.4775 2
      vertex 19.7756 42.882 10.5
      vertex 19.85 42.3349 2
    endloop
  endfacet
  facet normal -0.77593 0.628088 0.0586389
    outer loop
      vertex 17.1137 45.8383 10.5
      vertex 16.7421 46.1728 2
      vertex 16.982 45.6756 10.5
    endloop
  endfacet
  facet normal 0.70589 -0.70589 0.0586387
    outer loop
      vertex 19.9383 43.0137 10.5
      vertex 20.4579 42.8272 2
      vertex 20.0863 43.1617 10.5
    endloop
  endfacet
  facet normal 0.70589 -0.70589 0.0586387
    outer loop
      vertex 20.4579 42.8272 2
      vertex 19.9383 43.0137 10.5
      vertex 20.2728 42.6421 2
    endloop
  endfacet
  facet normal -0.155988 0.986016 0.0586457
    outer loop
      vertex 18.3387 46.9863 2
      vertex 18.1842 46.4563 10.5
      vertex 18.3909 46.489 10.5
    endloop
  endfacet
  facet normal -0.0524433 -0.9969 0.0586466
    outer loop
      vertex 18.3387 42.0137 2
      vertex 18.6 42.5 10.5
      vertex 18.3909 42.511 10.5
    endloop
  endfacet
  facet normal -0.0522681 -0.99691 0.0586418
    outer loop
      vertex 18.6 42.5 10.5
      vertex 18.3387 42.0137 2
      vertex 18.6 42 2
    endloop
  endfacet
  facet normal 0.258691 -0.964179 0.0586394
    outer loop
      vertex 19.218 42.5979 10.5
      vertex 19.1198 42.0546 2
      vertex 19.3725 42.1224 2
    endloop
  endfacet
  facet normal -0.357563 -0.932046 0.0586413
    outer loop
      vertex 17.7865 42.6729 10.5
      vertex 17.5832 42.2161 2
      vertex 17.982 42.5979 10.5
    endloop
  endfacet
  facet normal -0.258466 0.964239 0.0586458
    outer loop
      vertex 18.0802 46.9454 2
      vertex 17.982 46.4021 10.5
      vertex 18.1842 46.4563 10.5
    endloop
  endfacet
  facet normal -0.932046 0.357563 0.0586413
    outer loop
      vertex 16.7729 45.3135 10.5
      vertex 16.3161 45.5168 2
      vertex 16.6979 45.118 10.5
    endloop
  endfacet
  facet normal -0.9969 0.0524433 0.0586466
    outer loop
      vertex 16.611 44.7091 10.5
      vertex 16.1137 44.7613 2
      vertex 16.6 44.5 10.5
    endloop
  endfacet
  facet normal 0.889524 0.453109 0.0586402
    outer loop
      vertex 20.7651 45.75 2
      vertex 20.3321 45.5 10.5
      vertex 20.4271 45.3135 10.5
    endloop
  endfacet
  facet normal -0.837131 0.543849 0.058642
    outer loop
      vertex 16.5775 45.9695 2
      vertex 16.4349 45.75 2
      vertex 16.982 45.6756 10.5
    endloop
  endfacet
  facet normal 0.543849 0.837131 0.058642
    outer loop
      vertex 19.85 46.6651 2
      vertex 19.7756 46.118 10.5
      vertex 20.0695 46.5225 2
    endloop
  endfacet
  facet normal -0.453488 0.889331 0.0586401
    outer loop
      vertex 17.7865 46.3271 10.5
      vertex 17.5832 46.7839 2
      vertex 17.6 46.232 10.5
    endloop
  endfacet
  facet normal -0.837088 -0.543916 0.0586398
    outer loop
      vertex 16.8679 43.5 10.5
      vertex 16.4349 43.25 2
      vertex 16.982 43.3244 10.5
    endloop
  endfacet
  facet normal 0.932046 -0.357563 0.058639
    outer loop
      vertex 20.5021 43.882 10.5
      vertex 20.4271 43.6865 10.5
      vertex 20.9776 43.7275 2
    endloop
  endfacet
  facet normal 0.775863 0.62817 0.0586419
    outer loop
      vertex 20.4579 46.1728 2
      vertex 20.218 45.6756 10.5
      vertex 20.6225 45.9695 2
    endloop
  endfacet
  facet normal -0.889506 -0.453145 0.0586413
    outer loop
      vertex 16.7729 43.6865 10.5
      vertex 16.3161 43.4832 2
      vertex 16.4349 43.25 2
    endloop
  endfacet
  facet normal -0.932073 -0.357492 0.0586392
    outer loop
      vertex 16.6979 43.882 10.5
      vertex 16.2224 43.7275 2
      vertex 16.3161 43.4832 2
    endloop
  endfacet
  facet normal 0.70589 0.70589 0.0586387
    outer loop
      vertex 19.9383 45.9863 10.5
      vertex 20.4579 46.1728 2
      vertex 20.2728 46.3579 2
    endloop
  endfacet
  facet normal 0.70589 0.70589 0.0586387
    outer loop
      vertex 20.4579 46.1728 2
      vertex 19.9383 45.9863 10.5
      vertex 20.0863 45.8383 10.5
    endloop
  endfacet
  facet normal 0.9969 0.0524433 0.0586466
    outer loop
      vertex 20.6 44.5 10.5
      vertex 21.0863 44.7613 2
      vertex 20.589 44.7091 10.5
    endloop
  endfacet
  facet normal 0.99691 0.0522681 0.0586418
    outer loop
      vertex 21.0863 44.7613 2
      vertex 20.6 44.5 10.5
      vertex 21.1 44.5 2
    endloop
  endfacet
  facet normal 0.0522681 0.99691 0.0586418
    outer loop
      vertex 18.6 47 2
      vertex 18.6 46.5 10.5
      vertex 18.8613 46.9863 2
    endloop
  endfacet
  facet normal -0.99691 0.0522681 0.0586418
    outer loop
      vertex 16.1137 44.7613 2
      vertex 16.1 44.5 2
      vertex 16.6 44.5 10.5
    endloop
  endfacet
  facet normal 0.628088 -0.775929 0.0586422
    outer loop
      vertex 19.9383 43.0137 10.5
      vertex 19.7756 42.882 10.5
      vertex 20.0695 42.4775 2
    endloop
  endfacet
  facet normal -0.986013 0.156008 0.0586452
    outer loop
      vertex 16.1546 45.0198 2
      vertex 16.1137 44.7613 2
      vertex 16.6437 44.9158 10.5
    endloop
  endfacet
  facet normal -0.70589 -0.70589 0.0586387
    outer loop
      vertex 17.1137 43.1617 10.5
      vertex 16.7421 42.8272 2
      vertex 16.9272 42.6421 2
    endloop
  endfacet
  facet normal 0.99691 -0.0522681 0.0586461
    outer loop
      vertex 21.1 44.5 2
      vertex 20.589 44.2909 10.5
      vertex 21.0863 44.2387 2
    endloop
  endfacet
  facet normal 0.996901 -0.0524434 0.0586412
    outer loop
      vertex 20.6 44.5 10.5
      vertex 20.589 44.2909 10.5
      vertex 21.1 44.5 2
    endloop
  endfacet
  facet normal -0.837088 0.543916 0.0586398
    outer loop
      vertex 16.982 45.6756 10.5
      vertex 16.4349 45.75 2
      vertex 16.8679 45.5 10.5
    endloop
  endfacet
  facet normal 0.155988 0.986016 0.0586457
    outer loop
      vertex 18.8613 46.9863 2
      vertex 18.8091 46.489 10.5
      vertex 19.0158 46.4563 10.5
    endloop
  endfacet
  facet normal -0.964179 -0.258691 0.0586394
    outer loop
      vertex 16.6979 43.882 10.5
      vertex 16.1546 43.9802 2
      vertex 16.2224 43.7275 2
    endloop
  endfacet
  facet normal -0.258691 -0.964179 0.0586394
    outer loop
      vertex 17.982 42.5979 10.5
      vertex 17.8275 42.1224 2
      vertex 18.0802 42.0546 2
    endloop
  endfacet
  facet normal 0.837131 -0.543849 0.058642
    outer loop
      vertex 20.7651 43.25 2
      vertex 20.218 43.3244 10.5
      vertex 20.6225 43.0305 2
    endloop
  endfacet
  facet normal -0.453145 -0.889506 0.0586403
    outer loop
      vertex 17.6 42.7679 10.5
      vertex 17.35 42.3349 2
      vertex 17.5832 42.2161 2
    endloop
  endfacet
  facet normal 0.453145 -0.889506 0.0586413
    outer loop
      vertex 19.85 42.3349 2
      vertex 19.4135 42.6729 10.5
      vertex 19.6168 42.2161 2
    endloop
  endfacet
  facet normal -0.9969 -0.0524433 0.0586466
    outer loop
      vertex 16.6 44.5 10.5
      vertex 16.1137 44.2387 2
      vertex 16.611 44.2909 10.5
    endloop
  endfacet
  facet normal -0.986013 -0.156008 0.0586452
    outer loop
      vertex 16.6437 44.0842 10.5
      vertex 16.1137 44.2387 2
      vertex 16.1546 43.9802 2
    endloop
  endfacet
  facet normal 0.258466 -0.964239 0.0586458
    outer loop
      vertex 19.218 42.5979 10.5
      vertex 19.0158 42.5437 10.5
      vertex 19.1198 42.0546 2
    endloop
  endfacet
  facet normal 0.155988 -0.986016 0.0586457
    outer loop
      vertex 19.0158 42.5437 10.5
      vertex 18.8091 42.511 10.5
      vertex 18.8613 42.0137 2
    endloop
  endfacet
  facet normal 0.889506 0.453145 0.0586413
    outer loop
      vertex 20.7651 45.75 2
      vertex 20.4271 45.3135 10.5
      vertex 20.8839 45.5168 2
    endloop
  endfacet
  facet normal 0.964178 0.258691 0.0586451
    outer loop
      vertex 20.9776 45.2725 2
      vertex 20.5563 44.9158 10.5
      vertex 21.0454 45.0198 2
    endloop
  endfacet
  facet normal 0.775863 -0.62817 0.0586419
    outer loop
      vertex 20.6225 43.0305 2
      vertex 20.218 43.3244 10.5
      vertex 20.4579 42.8272 2
    endloop
  endfacet
  facet normal -0.889524 0.453109 0.0586402
    outer loop
      vertex 16.8679 45.5 10.5
      vertex 16.4349 45.75 2
      vertex 16.7729 45.3135 10.5
    endloop
  endfacet
  facet normal 0.543581 0.837305 0.0586508
    outer loop
      vertex 19.85 46.6651 2
      vertex 19.6 46.232 10.5
      vertex 19.7756 46.118 10.5
    endloop
  endfacet
  facet normal 0.964178 -0.258691 0.0586451
    outer loop
      vertex 21.0454 43.9802 2
      vertex 20.5563 44.0842 10.5
      vertex 20.9776 43.7275 2
    endloop
  endfacet
  facet normal 0.964239 -0.258466 0.0586387
    outer loop
      vertex 20.5563 44.0842 10.5
      vertex 20.5021 43.882 10.5
      vertex 20.9776 43.7275 2
    endloop
  endfacet
  facet normal -0.837131 -0.543849 0.058642
    outer loop
      vertex 16.982 43.3244 10.5
      vertex 16.4349 43.25 2
      vertex 16.5775 43.0305 2
    endloop
  endfacet
  facet normal 0.837088 0.543916 0.0586398
    outer loop
      vertex 20.7651 45.75 2
      vertex 20.218 45.6756 10.5
      vertex 20.3321 45.5 10.5
    endloop
  endfacet
  facet normal 0.0524433 0.9969 0.0586466
    outer loop
      vertex 18.8613 46.9863 2
      vertex 18.6 46.5 10.5
      vertex 18.8091 46.489 10.5
    endloop
  endfacet
  facet normal -0.156008 0.986013 0.0586452
    outer loop
      vertex 18.3387 46.9863 2
      vertex 18.0802 46.9454 2
      vertex 18.1842 46.4563 10.5
    endloop
  endfacet
  facet normal -0.62817 -0.775863 0.0586419
    outer loop
      vertex 17.4244 42.882 10.5
      vertex 16.9272 42.6421 2
      vertex 17.1305 42.4775 2
    endloop
  endfacet
  facet normal -0.156008 -0.986013 0.0586452
    outer loop
      vertex 18.1842 42.5437 10.5
      vertex 18.0802 42.0546 2
      vertex 18.3387 42.0137 2
    endloop
  endfacet
  facet normal -0.932046 -0.357563 0.0586413
    outer loop
      vertex 16.6979 43.882 10.5
      vertex 16.3161 43.4832 2
      vertex 16.7729 43.6865 10.5
    endloop
  endfacet
  facet normal 0.932073 0.357492 0.0586411
    outer loop
      vertex 20.8839 45.5168 2
      vertex 20.4271 45.3135 10.5
      vertex 20.9776 45.2725 2
    endloop
  endfacet
  facet normal 0.889524 -0.453109 0.0586402
    outer loop
      vertex 20.4271 43.6865 10.5
      vertex 20.3321 43.5 10.5
      vertex 20.7651 43.25 2
    endloop
  endfacet
  facet normal 0.986016 0.155988 0.0586451
    outer loop
      vertex 21.0454 45.0198 2
      vertex 20.5563 44.9158 10.5
      vertex 20.589 44.7091 10.5
    endloop
  endfacet
  facet normal 0.986013 0.156008 0.0586457
    outer loop
      vertex 21.0454 45.0198 2
      vertex 20.589 44.7091 10.5
      vertex 21.0863 44.7613 2
    endloop
  endfacet
  facet normal -0.628088 -0.77593 0.0586389
    outer loop
      vertex 17.2617 43.0137 10.5
      vertex 16.9272 42.6421 2
      vertex 17.4244 42.882 10.5
    endloop
  endfacet
  facet normal 0.837088 -0.543916 0.0586398
    outer loop
      vertex 20.3321 43.5 10.5
      vertex 20.218 43.3244 10.5
      vertex 20.7651 43.25 2
    endloop
  endfacet
  facet normal 0.453109 -0.889524 0.0586402
    outer loop
      vertex 19.6 42.7679 10.5
      vertex 19.4135 42.6729 10.5
      vertex 19.85 42.3349 2
    endloop
  endfacet
  facet normal 0.986016 -0.155988 0.0586451
    outer loop
      vertex 20.589 44.2909 10.5
      vertex 20.5563 44.0842 10.5
      vertex 21.0454 43.9802 2
    endloop
  endfacet
  facet normal -0.0524433 0.9969 0.0586466
    outer loop
      vertex 18.6 46.5 10.5
      vertex 18.3387 46.9863 2
      vertex 18.3909 46.489 10.5
    endloop
  endfacet
  facet normal -0.889524 -0.453109 0.0586402
    outer loop
      vertex 16.7729 43.6865 10.5
      vertex 16.4349 43.25 2
      vertex 16.8679 43.5 10.5
    endloop
  endfacet
  facet normal -0.964179 0.258691 0.0586394
    outer loop
      vertex 16.2224 45.2725 2
      vertex 16.1546 45.0198 2
      vertex 16.6979 45.118 10.5
    endloop
  endfacet
  facet normal -0.932073 0.357492 0.0586392
    outer loop
      vertex 16.3161 45.5168 2
      vertex 16.2224 45.2725 2
      vertex 16.6979 45.118 10.5
    endloop
  endfacet
  facet normal -0.964239 -0.258466 0.0586458
    outer loop
      vertex 16.6437 44.0842 10.5
      vertex 16.1546 43.9802 2
      vertex 16.6979 43.882 10.5
    endloop
  endfacet
  facet normal -0.258466 -0.964239 0.0586458
    outer loop
      vertex 18.1842 42.5437 10.5
      vertex 17.982 42.5979 10.5
      vertex 18.0802 42.0546 2
    endloop
  endfacet
  facet normal -0.543849 -0.837131 0.058642
    outer loop
      vertex 17.4244 42.882 10.5
      vertex 17.1305 42.4775 2
      vertex 17.35 42.3349 2
    endloop
  endfacet
  facet normal -0.543916 -0.837088 0.0586398
    outer loop
      vertex 17.4244 42.882 10.5
      vertex 17.35 42.3349 2
      vertex 17.6 42.7679 10.5
    endloop
  endfacet
  facet normal -0.357492 0.932073 0.0586392
    outer loop
      vertex 17.8275 46.8776 2
      vertex 17.5832 46.7839 2
      vertex 17.982 46.4021 10.5
    endloop
  endfacet
  facet normal 0 0 1
    outer loop
      vertex 20.589 44.7091 10.5
      vertex 20.589 44.2909 10.5
      vertex 20.6 44.5 10.5
    endloop
  endfacet
  facet normal 0 0 1
    outer loop
      vertex 20.5563 44.9158 10.5
      vertex 20.589 44.2909 10.5
      vertex 20.589 44.7091 10.5
    endloop
  endfacet
  facet normal 0 0 1
    outer loop
      vertex 20.5563 44.9158 10.5
      vertex 20.5563 44.0842 10.5
      vertex 20.589 44.2909 10.5
    endloop
  endfacet
  facet normal 0 0 1
    outer loop
      vertex 20.5021 45.118 10.5
      vertex 20.5563 44.0842 10.5
      vertex 20.5563 44.9158 10.5
    endloop
  endfacet
  facet normal 0 0 1
    outer loop
      vertex 20.5021 45.118 10.5
      vertex 20.5021 43.882 10.5
      vertex 20.5563 44.0842 10.5
    endloop
  endfacet
  facet normal 0 0 1
    outer loop
      vertex 20.4271 45.3135 10.5
      vertex 20.5021 43.882 10.5
      vertex 20.5021 45.118 10.5
    endloop
  endfacet
  facet normal 0 0 1
    outer loop
      vertex 20.4271 45.3135 10.5
      vertex 20.4271 43.6865 10.5
      vertex 20.5021 43.882 10.5
    endloop
  endfacet
  facet normal 0 0 1
    outer loop
      vertex 20.3321 45.5 10.5
      vertex 20.4271 43.6865 10.5
      vertex 20.4271 45.3135 10.5
    endloop
  endfacet
  facet normal 0 0 1
    outer loop
      vertex 20.3321 45.5 10.5
      vertex 20.3321 43.5 10.5
      vertex 20.4271 43.6865 10.5
    endloop
  endfacet
  facet normal 0 0 1
    outer loop
      vertex 20.218 45.6756 10.5
      vertex 20.3321 43.5 10.5
      vertex 20.3321 45.5 10.5
    endloop
  endfacet
  facet normal 0 0 1
    outer loop
      vertex 20.218 45.6756 10.5
      vertex 20.218 43.3244 10.5
      vertex 20.3321 43.5 10.5
    endloop
  endfacet
  facet normal 0 0 1
    outer loop
      vertex 20.0863 45.8383 10.5
      vertex 20.218 43.3244 10.5
      vertex 20.218 45.6756 10.5
    endloop
  endfacet
  facet normal 0 0 1
    outer loop
      vertex 20.0863 45.8383 10.5
      vertex 20.0863 43.1617 10.5
      vertex 20.218 43.3244 10.5
    endloop
  endfacet
  facet normal 0 0 1
    outer loop
      vertex 19.9383 45.9863 10.5
      vertex 20.0863 43.1617 10.5
      vertex 20.0863 45.8383 10.5
    endloop
  endfacet
  facet normal 0 0 1
    outer loop
      vertex 19.9383 45.9863 10.5
      vertex 19.9383 43.0137 10.5
      vertex 20.0863 43.1617 10.5
    endloop
  endfacet
  facet normal 0 0 1
    outer loop
      vertex 19.7756 46.118 10.5
      vertex 19.9383 43.0137 10.5
      vertex 19.9383 45.9863 10.5
    endloop
  endfacet
  facet normal 0 0 1
    outer loop
      vertex 19.7756 46.118 10.5
      vertex 19.7756 42.882 10.5
      vertex 19.9383 43.0137 10.5
    endloop
  endfacet
  facet normal 0 0 1
    outer loop
      vertex 19.6 46.232 10.5
      vertex 19.7756 42.882 10.5
      vertex 19.7756 46.118 10.5
    endloop
  endfacet
  facet normal 0 0 1
    outer loop
      vertex 19.6 46.232 10.5
      vertex 19.6 42.7679 10.5
      vertex 19.7756 42.882 10.5
    endloop
  endfacet
  facet normal 0 0 1
    outer loop
      vertex 19.4135 46.3271 10.5
      vertex 19.6 42.7679 10.5
      vertex 19.6 46.232 10.5
    endloop
  endfacet
  facet normal 0 0 1
    outer loop
      vertex 19.4135 46.3271 10.5
      vertex 19.4135 42.6729 10.5
      vertex 19.6 42.7679 10.5
    endloop
  endfacet
  facet normal 0 0 1
    outer loop
      vertex 19.218 46.4021 10.5
      vertex 19.4135 42.6729 10.5
      vertex 19.4135 46.3271 10.5
    endloop
  endfacet
  facet normal 0 0 1
    outer loop
      vertex 19.218 46.4021 10.5
      vertex 19.218 42.5979 10.5
      vertex 19.4135 42.6729 10.5
    endloop
  endfacet
  facet normal 0 0 1
    outer loop
      vertex 19.0158 46.4563 10.5
      vertex 19.218 42.5979 10.5
      vertex 19.218 46.4021 10.5
    endloop
  endfacet
  facet normal 0 0 1
    outer loop
      vertex 19.0158 46.4563 10.5
      vertex 19.0158 42.5437 10.5
      vertex 19.218 42.5979 10.5
    endloop
  endfacet
  facet normal 0 0 1
    outer loop
      vertex 18.8091 46.489 10.5
      vertex 19.0158 42.5437 10.5
      vertex 19.0158 46.4563 10.5
    endloop
  endfacet
  facet normal 0 0 1
    outer loop
      vertex 18.8091 46.489 10.5
      vertex 18.8091 42.511 10.5
      vertex 19.0158 42.5437 10.5
    endloop
  endfacet
  facet normal 0 0 1
    outer loop
      vertex 18.6 46.5 10.5
      vertex 18.8091 42.511 10.5
      vertex 18.8091 46.489 10.5
    endloop
  endfacet
  facet normal 0 0 1
    outer loop
      vertex 18.6 46.5 10.5
      vertex 18.6 42.5 10.5
      vertex 18.8091 42.511 10.5
    endloop
  endfacet
  facet normal -0 0 1
    outer loop
      vertex 18.3909 46.489 10.5
      vertex 18.6 42.5 10.5
      vertex 18.6 46.5 10.5
    endloop
  endfacet
  facet normal 0 0 1
    outer loop
      vertex 18.3909 46.489 10.5
      vertex 18.3909 42.511 10.5
      vertex 18.6 42.5 10.5
    endloop
  endfacet
  facet normal -0 0 1
    outer loop
      vertex 18.1842 46.4563 10.5
      vertex 18.3909 42.511 10.5
      vertex 18.3909 46.489 10.5
    endloop
  endfacet
  facet normal 0 0 1
    outer loop
      vertex 18.1842 46.4563 10.5
      vertex 18.1842 42.5437 10.5
      vertex 18.3909 42.511 10.5
    endloop
  endfacet
  facet normal -0 0 1
    outer loop
      vertex 17.982 46.4021 10.5
      vertex 18.1842 42.5437 10.5
      vertex 18.1842 46.4563 10.5
    endloop
  endfacet
  facet normal 0 0 1
    outer loop
      vertex 17.982 46.4021 10.5
      vertex 17.982 42.5979 10.5
      vertex 18.1842 42.5437 10.5
    endloop
  endfacet
  facet normal -0 0 1
    outer loop
      vertex 17.7865 46.3271 10.5
      vertex 17.982 42.5979 10.5
      vertex 17.982 46.4021 10.5
    endloop
  endfacet
  facet normal 0 0 1
    outer loop
      vertex 17.7865 46.3271 10.5
      vertex 17.7865 42.6729 10.5
      vertex 17.982 42.5979 10.5
    endloop
  endfacet
  facet normal -0 0 1
    outer loop
      vertex 17.6 46.232 10.5
      vertex 17.7865 42.6729 10.5
      vertex 17.7865 46.3271 10.5
    endloop
  endfacet
  facet normal 0 0 1
    outer loop
      vertex 17.6 46.232 10.5
      vertex 17.6 42.7679 10.5
      vertex 17.7865 42.6729 10.5
    endloop
  endfacet
  facet normal -0 0 1
    outer loop
      vertex 17.4244 46.118 10.5
      vertex 17.6 42.7679 10.5
      vertex 17.6 46.232 10.5
    endloop
  endfacet
  facet normal 0 0 1
    outer loop
      vertex 17.4244 46.118 10.5
      vertex 17.4244 42.882 10.5
      vertex 17.6 42.7679 10.5
    endloop
  endfacet
  facet normal -0 0 1
    outer loop
      vertex 17.2617 45.9863 10.5
      vertex 17.4244 42.882 10.5
      vertex 17.4244 46.118 10.5
    endloop
  endfacet
  facet normal 0 0 1
    outer loop
      vertex 17.2617 45.9863 10.5
      vertex 17.2617 43.0137 10.5
      vertex 17.4244 42.882 10.5
    endloop
  endfacet
  facet normal -0 0 1
    outer loop
      vertex 17.1137 45.8383 10.5
      vertex 17.2617 43.0137 10.5
      vertex 17.2617 45.9863 10.5
    endloop
  endfacet
  facet normal 0 0 1
    outer loop
      vertex 17.1137 45.8383 10.5
      vertex 17.1137 43.1617 10.5
      vertex 17.2617 43.0137 10.5
    endloop
  endfacet
  facet normal -0 0 1
    outer loop
      vertex 16.982 45.6756 10.5
      vertex 17.1137 43.1617 10.5
      vertex 17.1137 45.8383 10.5
    endloop
  endfacet
  facet normal 0 0 1
    outer loop
      vertex 16.982 45.6756 10.5
      vertex 16.982 43.3244 10.5
      vertex 17.1137 43.1617 10.5
    endloop
  endfacet
  facet normal -0 0 1
    outer loop
      vertex 16.8679 45.5 10.5
      vertex 16.982 43.3244 10.5
      vertex 16.982 45.6756 10.5
    endloop
  endfacet
  facet normal 0 0 1
    outer loop
      vertex 16.8679 45.5 10.5
      vertex 16.8679 43.5 10.5
      vertex 16.982 43.3244 10.5
    endloop
  endfacet
  facet normal -0 0 1
    outer loop
      vertex 16.7729 45.3135 10.5
      vertex 16.8679 43.5 10.5
      vertex 16.8679 45.5 10.5
    endloop
  endfacet
  facet normal 0 0 1
    outer loop
      vertex 16.7729 45.3135 10.5
      vertex 16.7729 43.6865 10.5
      vertex 16.8679 43.5 10.5
    endloop
  endfacet
  facet normal -0 0 1
    outer loop
      vertex 16.6979 45.118 10.5
      vertex 16.7729 43.6865 10.5
      vertex 16.7729 45.3135 10.5
    endloop
  endfacet
  facet normal 0 0 1
    outer loop
      vertex 16.6979 45.118 10.5
      vertex 16.6979 43.882 10.5
      vertex 16.7729 43.6865 10.5
    endloop
  endfacet
  facet normal -0 0 1
    outer loop
      vertex 16.6437 44.9158 10.5
      vertex 16.6979 43.882 10.5
      vertex 16.6979 45.118 10.5
    endloop
  endfacet
  facet normal 0 0 1
    outer loop
      vertex 16.6437 44.9158 10.5
      vertex 16.6437 44.0842 10.5
      vertex 16.6979 43.882 10.5
    endloop
  endfacet
  facet normal -0 0 1
    outer loop
      vertex 16.611 44.7091 10.5
      vertex 16.6437 44.0842 10.5
      vertex 16.6437 44.9158 10.5
    endloop
  endfacet
  facet normal 0 0 1
    outer loop
      vertex 16.611 44.7091 10.5
      vertex 16.611 44.2909 10.5
      vertex 16.6437 44.0842 10.5
    endloop
  endfacet
  facet normal 0 -0 1
    outer loop
      vertex 16.611 44.2909 10.5
      vertex 16.611 44.7091 10.5
      vertex 16.6 44.5 10.5
    endloop
  endfacet
  facet normal 0.258466 -0.964239 0.0586458
    outer loop
      vertex 61.418 42.5979 10.5
      vertex 61.2158 42.5437 10.5
      vertex 61.3198 42.0546 2
    endloop
  endfacet
  facet normal 0.628088 0.775929 0.0586422
    outer loop
      vertex 62.2695 46.5225 2
      vertex 61.9756 46.118 10.5
      vertex 62.1383 45.9863 10.5
    endloop
  endfacet
  facet normal -0.156008 0.986013 0.0586452
    outer loop
      vertex 60.5387 46.9863 2
      vertex 60.2802 46.9454 2
      vertex 60.3842 46.4563 10.5
    endloop
  endfacet
  facet normal 0.77593 -0.628088 0.0586389
    outer loop
      vertex 62.418 43.3244 10.5
      vertex 62.2863 43.1617 10.5
      vertex 62.6579 42.8272 2
    endloop
  endfacet
  facet normal -0.837088 -0.543916 0.0586422
    outer loop
      vertex 59.0679 43.5 10.5
      vertex 58.7775 43.0305 2
      vertex 59.182 43.3244 10.5
    endloop
  endfacet
  facet normal 0.837131 0.543849 0.058642
    outer loop
      vertex 62.8225 45.9695 2
      vertex 62.418 45.6756 10.5
      vertex 62.9651 45.75 2
    endloop
  endfacet
  facet normal 0.964179 0.258691 0.0586394
    outer loop
      vertex 63.1776 45.2725 2
      vertex 62.7021 45.118 10.5
      vertex 63.2454 45.0198 2
    endloop
  endfacet
  facet normal 0.0524433 0.9969 0.0586466
    outer loop
      vertex 61.0613 46.9863 2
      vertex 60.8 46.5 10.5
      vertex 61.0091 46.489 10.5
    endloop
  endfacet
  facet normal -0.258466 0.964239 0.0586458
    outer loop
      vertex 60.2802 46.9454 2
      vertex 60.182 46.4021 10.5
      vertex 60.3842 46.4563 10.5
    endloop
  endfacet
  facet normal 0.258691 -0.964179 0.0586394
    outer loop
      vertex 61.418 42.5979 10.5
      vertex 61.3198 42.0546 2
      vertex 61.5725 42.1224 2
    endloop
  endfacet
  facet normal -0.837088 0.543916 0.0586422
    outer loop
      vertex 59.182 45.6756 10.5
      vertex 58.7775 45.9695 2
      vertex 59.0679 45.5 10.5
    endloop
  endfacet
  facet normal 0.258691 0.964179 0.0586394
    outer loop
      vertex 61.5725 46.8776 2
      vertex 61.3198 46.9454 2
      vertex 61.418 46.4021 10.5
    endloop
  endfacet
  facet normal -0.543916 -0.837088 0.0586398
    outer loop
      vertex 59.6244 42.882 10.5
      vertex 59.55 42.3349 2
      vertex 59.8 42.7679 10.5
    endloop
  endfacet
  facet normal -0.258691 -0.964179 0.0586394
    outer loop
      vertex 60.182 42.5979 10.5
      vertex 60.0275 42.1224 2
      vertex 60.2802 42.0546 2
    endloop
  endfacet
  facet normal -0.964179 0.258691 0.0586394
    outer loop
      vertex 58.4224 45.2725 2
      vertex 58.3546 45.0198 2
      vertex 58.8979 45.118 10.5
    endloop
  endfacet
  facet normal 0.889506 -0.453145 0.0586413
    outer loop
      vertex 63.0839 43.4832 2
      vertex 62.6271 43.6865 10.5
      vertex 62.9651 43.25 2
    endloop
  endfacet
  facet normal -0.889506 0.453145 0.0586403
    outer loop
      vertex 58.6349 45.75 2
      vertex 58.5161 45.5168 2
      vertex 59.0679 45.5 10.5
    endloop
  endfacet
  facet normal 0.258466 0.964239 0.0586458
    outer loop
      vertex 61.3198 46.9454 2
      vertex 61.2158 46.4563 10.5
      vertex 61.418 46.4021 10.5
    endloop
  endfacet
  facet normal 0.986016 0.155988 0.0586451
    outer loop
      vertex 63.2454 45.0198 2
      vertex 62.7563 44.9158 10.5
      vertex 62.789 44.7091 10.5
    endloop
  endfacet
  facet normal 0.932046 -0.357563 0.058639
    outer loop
      vertex 62.7021 43.882 10.5
      vertex 62.6271 43.6865 10.5
      vertex 63.1776 43.7275 2
    endloop
  endfacet
  facet normal 0.932046 0.357563 0.058639
    outer loop
      vertex 63.1776 45.2725 2
      vertex 62.6271 45.3135 10.5
      vertex 62.7021 45.118 10.5
    endloop
  endfacet
  facet normal 0.543849 -0.837131 0.058642
    outer loop
      vertex 62.2695 42.4775 2
      vertex 61.9756 42.882 10.5
      vertex 62.05 42.3349 2
    endloop
  endfacet
  facet normal -0.77593 0.628088 0.0586389
    outer loop
      vertex 59.3137 45.8383 10.5
      vertex 58.9421 46.1728 2
      vertex 59.182 45.6756 10.5
    endloop
  endfacet
  facet normal 0.0524434 -0.996901 0.0586412
    outer loop
      vertex 60.8 42 2
      vertex 61.0091 42.511 10.5
      vertex 60.8 42.5 10.5
    endloop
  endfacet
  facet normal 0.0522681 -0.99691 0.0586461
    outer loop
      vertex 61.0091 42.511 10.5
      vertex 60.8 42 2
      vertex 61.0613 42.0137 2
    endloop
  endfacet
  facet normal -0.775863 0.62817 0.0586419
    outer loop
      vertex 58.9421 46.1728 2
      vertex 58.7775 45.9695 2
      vertex 59.182 45.6756 10.5
    endloop
  endfacet
  facet normal 0.543916 -0.837088 0.0586398
    outer loop
      vertex 61.9756 42.882 10.5
      vertex 61.8 42.7679 10.5
      vertex 62.05 42.3349 2
    endloop
  endfacet
  facet normal 0.986013 -0.156008 0.0586457
    outer loop
      vertex 63.2863 44.2387 2
      vertex 62.789 44.2909 10.5
      vertex 63.2454 43.9802 2
    endloop
  endfacet
  facet normal 0.543581 0.837305 0.0586508
    outer loop
      vertex 62.05 46.6651 2
      vertex 61.8 46.232 10.5
      vertex 61.9756 46.118 10.5
    endloop
  endfacet
  facet normal 0.155988 0.986016 0.0586457
    outer loop
      vertex 61.0613 46.9863 2
      vertex 61.0091 46.489 10.5
      vertex 61.2158 46.4563 10.5
    endloop
  endfacet
  facet normal 0.453487 0.889331 0.0586519
    outer loop
      vertex 62.05 46.6651 2
      vertex 61.6135 46.3271 10.5
      vertex 61.8 46.232 10.5
    endloop
  endfacet
  facet normal 0.453145 -0.889506 0.0586413
    outer loop
      vertex 62.05 42.3349 2
      vertex 61.6135 42.6729 10.5
      vertex 61.8168 42.2161 2
    endloop
  endfacet
  facet normal -0.9969 -0.0524433 0.0586466
    outer loop
      vertex 58.8 44.5 10.5
      vertex 58.3137 44.2387 2
      vertex 58.811 44.2909 10.5
    endloop
  endfacet
  facet normal -0.77593 -0.628088 0.0586389
    outer loop
      vertex 59.182 43.3244 10.5
      vertex 58.9421 42.8272 2
      vertex 59.3137 43.1617 10.5
    endloop
  endfacet
  facet normal 0.453145 0.889506 0.0586413
    outer loop
      vertex 61.8168 46.7839 2
      vertex 61.6135 46.3271 10.5
      vertex 62.05 46.6651 2
    endloop
  endfacet
  facet normal 0.837088 0.543916 0.0586398
    outer loop
      vertex 62.9651 45.75 2
      vertex 62.418 45.6756 10.5
      vertex 62.5321 45.5 10.5
    endloop
  endfacet
  facet normal -0.543581 0.837305 0.0586508
    outer loop
      vertex 59.8 46.232 10.5
      vertex 59.55 46.6651 2
      vertex 59.6244 46.118 10.5
    endloop
  endfacet
  facet normal -0.357563 -0.932046 0.0586413
    outer loop
      vertex 59.9865 42.6729 10.5
      vertex 59.7832 42.2161 2
      vertex 60.182 42.5979 10.5
    endloop
  endfacet
  facet normal -0.258691 0.964179 0.0586394
    outer loop
      vertex 60.2802 46.9454 2
      vertex 60.0275 46.8776 2
      vertex 60.182 46.4021 10.5
    endloop
  endfacet
  facet normal -0.628088 0.77593 0.0586389
    outer loop
      vertex 59.6244 46.118 10.5
      vertex 59.1272 46.3579 2
      vertex 59.4617 45.9863 10.5
    endloop
  endfacet
  facet normal 0.932073 -0.357492 0.0586411
    outer loop
      vertex 63.1776 43.7275 2
      vertex 62.6271 43.6865 10.5
      vertex 63.0839 43.4832 2
    endloop
  endfacet
  facet normal 0.62817 -0.775863 0.0586393
    outer loop
      vertex 62.4728 42.6421 2
      vertex 62.1383 43.0137 10.5
      vertex 62.2695 42.4775 2
    endloop
  endfacet
  facet normal 0.453109 -0.889524 0.0586402
    outer loop
      vertex 61.8 42.7679 10.5
      vertex 61.6135 42.6729 10.5
      vertex 62.05 42.3349 2
    endloop
  endfacet
  facet normal -0.357492 0.932073 0.0586392
    outer loop
      vertex 60.0275 46.8776 2
      vertex 59.7832 46.7839 2
      vertex 60.182 46.4021 10.5
    endloop
  endfacet
  facet normal 0.155988 -0.986016 0.0586457
    outer loop
      vertex 61.2158 42.5437 10.5
      vertex 61.0091 42.511 10.5
      vertex 61.0613 42.0137 2
    endloop
  endfacet
  facet normal -0.986013 0.156008 0.0586452
    outer loop
      vertex 58.3546 45.0198 2
      vertex 58.3137 44.7613 2
      vertex 58.8437 44.9158 10.5
    endloop
  endfacet
  facet normal -0.99691 0.0522681 0.0586418
    outer loop
      vertex 58.3137 44.7613 2
      vertex 58.3 44.5 2
      vertex 58.8 44.5 10.5
    endloop
  endfacet
  facet normal -0.453145 -0.889506 0.0586413
    outer loop
      vertex 59.9865 42.6729 10.5
      vertex 59.55 42.3349 2
      vertex 59.7832 42.2161 2
    endloop
  endfacet
  facet normal -0.775863 -0.62817 0.0586419
    outer loop
      vertex 59.182 43.3244 10.5
      vertex 58.7775 43.0305 2
      vertex 58.9421 42.8272 2
    endloop
  endfacet
  facet normal 0.543849 0.837131 0.058642
    outer loop
      vertex 62.05 46.6651 2
      vertex 61.9756 46.118 10.5
      vertex 62.2695 46.5225 2
    endloop
  endfacet
  facet normal -0.932046 0.357563 0.0586413
    outer loop
      vertex 58.9729 45.3135 10.5
      vertex 58.5161 45.5168 2
      vertex 58.8979 45.118 10.5
    endloop
  endfacet
  facet normal 0.357563 0.932046 0.0586413
    outer loop
      vertex 61.8168 46.7839 2
      vertex 61.418 46.4021 10.5
      vertex 61.6135 46.3271 10.5
    endloop
  endfacet
  facet normal 0.628088 -0.775929 0.0586422
    outer loop
      vertex 62.1383 43.0137 10.5
      vertex 61.9756 42.882 10.5
      vertex 62.2695 42.4775 2
    endloop
  endfacet
  facet normal -0.62817 0.775863 0.0586419
    outer loop
      vertex 59.3305 46.5225 2
      vertex 59.1272 46.3579 2
      vertex 59.6244 46.118 10.5
    endloop
  endfacet
  facet normal -0.837131 -0.543849 0.05864
    outer loop
      vertex 59.0679 43.5 10.5
      vertex 58.6349 43.25 2
      vertex 58.7775 43.0305 2
    endloop
  endfacet
  facet normal 0.889524 0.453109 0.0586402
    outer loop
      vertex 62.9651 45.75 2
      vertex 62.5321 45.5 10.5
      vertex 62.6271 45.3135 10.5
    endloop
  endfacet
  facet normal -0.357563 0.932046 0.0586413
    outer loop
      vertex 60.182 46.4021 10.5
      vertex 59.7832 46.7839 2
      vertex 59.9865 46.3271 10.5
    endloop
  endfacet
  facet normal -0.0522681 0.99691 0.0586418
    outer loop
      vertex 60.8 47 2
      vertex 60.5387 46.9863 2
      vertex 60.8 46.5 10.5
    endloop
  endfacet
  facet normal 0.62817 0.775863 0.0586393
    outer loop
      vertex 62.2695 46.5225 2
      vertex 62.1383 45.9863 10.5
      vertex 62.4728 46.3579 2
    endloop
  endfacet
  facet normal -0.964179 -0.258691 0.0586394
    outer loop
      vertex 58.8979 43.882 10.5
      vertex 58.3546 43.9802 2
      vertex 58.4224 43.7275 2
    endloop
  endfacet
  facet normal 0.357492 0.932073 0.0586392
    outer loop
      vertex 61.5725 46.8776 2
      vertex 61.418 46.4021 10.5
      vertex 61.8168 46.7839 2
    endloop
  endfacet
  facet normal -0.155988 0.986016 0.0586457
    outer loop
      vertex 60.5387 46.9863 2
      vertex 60.3842 46.4563 10.5
      vertex 60.5909 46.489 10.5
    endloop
  endfacet
  facet normal -0.889524 -0.453109 0.0586414
    outer loop
      vertex 58.9729 43.6865 10.5
      vertex 58.5161 43.4832 2
      vertex 59.0679 43.5 10.5
    endloop
  endfacet
  facet normal -0.9969 0.0524433 0.0586466
    outer loop
      vertex 58.811 44.7091 10.5
      vertex 58.3137 44.7613 2
      vertex 58.8 44.5 10.5
    endloop
  endfacet
  facet normal 0.964239 -0.258466 0.0586458
    outer loop
      vertex 62.7563 44.0842 10.5
      vertex 62.7021 43.882 10.5
      vertex 63.2454 43.9802 2
    endloop
  endfacet
  facet normal 0.70589 -0.70589 0.0586387
    outer loop
      vertex 62.1383 43.0137 10.5
      vertex 62.6579 42.8272 2
      vertex 62.2863 43.1617 10.5
    endloop
  endfacet
  facet normal 0.70589 -0.70589 0.0586387
    outer loop
      vertex 62.6579 42.8272 2
      vertex 62.1383 43.0137 10.5
      vertex 62.4728 42.6421 2
    endloop
  endfacet
  facet normal 0.77593 0.628088 0.0586389
    outer loop
      vertex 62.6579 46.1728 2
      vertex 62.2863 45.8383 10.5
      vertex 62.418 45.6756 10.5
    endloop
  endfacet
  facet normal 0.775863 0.62817 0.0586419
    outer loop
      vertex 62.6579 46.1728 2
      vertex 62.418 45.6756 10.5
      vertex 62.8225 45.9695 2
    endloop
  endfacet
  facet normal -0.543849 0.837131 0.058642
    outer loop
      vertex 59.55 46.6651 2
      vertex 59.3305 46.5225 2
      vertex 59.6244 46.118 10.5
    endloop
  endfacet
  facet normal -0.964239 0.258466 0.0586458
    outer loop
      vertex 58.8979 45.118 10.5
      vertex 58.3546 45.0198 2
      vertex 58.8437 44.9158 10.5
    endloop
  endfacet
  facet normal 0.9969 0.0524433 0.0586466
    outer loop
      vertex 62.8 44.5 10.5
      vertex 63.2863 44.7613 2
      vertex 62.789 44.7091 10.5
    endloop
  endfacet
  facet normal 0.99691 0.0522681 0.0586418
    outer loop
      vertex 63.2863 44.7613 2
      vertex 62.8 44.5 10.5
      vertex 63.3 44.5 2
    endloop
  endfacet
  facet normal 0.775863 -0.62817 0.0586419
    outer loop
      vertex 62.8225 43.0305 2
      vertex 62.418 43.3244 10.5
      vertex 62.6579 42.8272 2
    endloop
  endfacet
  facet normal 0.357563 -0.932046 0.0586413
    outer loop
      vertex 61.6135 42.6729 10.5
      vertex 61.418 42.5979 10.5
      vertex 61.8168 42.2161 2
    endloop
  endfacet
  facet normal 0.357492 -0.932073 0.0586392
    outer loop
      vertex 61.8168 42.2161 2
      vertex 61.418 42.5979 10.5
      vertex 61.5725 42.1224 2
    endloop
  endfacet
  facet normal 0.837131 -0.543849 0.058642
    outer loop
      vertex 62.9651 43.25 2
      vertex 62.418 43.3244 10.5
      vertex 62.8225 43.0305 2
    endloop
  endfacet
  facet normal 0.99691 -0.0522681 0.0586461
    outer loop
      vertex 63.3 44.5 2
      vertex 62.789 44.2909 10.5
      vertex 63.2863 44.2387 2
    endloop
  endfacet
  facet normal 0.996901 -0.0524434 0.0586412
    outer loop
      vertex 62.8 44.5 10.5
      vertex 62.789 44.2909 10.5
      vertex 63.3 44.5 2
    endloop
  endfacet
  facet normal -0.0524433 0.9969 0.0586466
    outer loop
      vertex 60.8 46.5 10.5
      vertex 60.5387 46.9863 2
      vertex 60.5909 46.489 10.5
    endloop
  endfacet
  facet normal -0.986016 0.155988 0.0586457
    outer loop
      vertex 58.8437 44.9158 10.5
      vertex 58.3137 44.7613 2
      vertex 58.811 44.7091 10.5
    endloop
  endfacet
  facet normal -0.70589 0.70589 0.0586387
    outer loop
      vertex 58.9421 46.1728 2
      vertex 59.4617 45.9863 10.5
      vertex 59.1272 46.3579 2
    endloop
  endfacet
  facet normal -0.70589 0.70589 0.0586387
    outer loop
      vertex 59.4617 45.9863 10.5
      vertex 58.9421 46.1728 2
      vertex 59.3137 45.8383 10.5
    endloop
  endfacet
  facet normal -0.964239 -0.258466 0.0586458
    outer loop
      vertex 58.8437 44.0842 10.5
      vertex 58.3546 43.9802 2
      vertex 58.8979 43.882 10.5
    endloop
  endfacet
  facet normal -0.889506 -0.453145 0.0586403
    outer loop
      vertex 59.0679 43.5 10.5
      vertex 58.5161 43.4832 2
      vertex 58.6349 43.25 2
    endloop
  endfacet
  facet normal -0.986013 -0.156008 0.0586452
    outer loop
      vertex 58.8437 44.0842 10.5
      vertex 58.3137 44.2387 2
      vertex 58.3546 43.9802 2
    endloop
  endfacet
  facet normal -0.453487 0.889331 0.0586519
    outer loop
      vertex 59.9865 46.3271 10.5
      vertex 59.55 46.6651 2
      vertex 59.8 46.232 10.5
    endloop
  endfacet
  facet normal -0.453109 -0.889524 0.0586402
    outer loop
      vertex 59.8 42.7679 10.5
      vertex 59.55 42.3349 2
      vertex 59.9865 42.6729 10.5
    endloop
  endfacet
  facet normal 0.70589 0.70589 0.0586387
    outer loop
      vertex 62.1383 45.9863 10.5
      vertex 62.6579 46.1728 2
      vertex 62.4728 46.3579 2
    endloop
  endfacet
  facet normal 0.70589 0.70589 0.0586387
    outer loop
      vertex 62.6579 46.1728 2
      vertex 62.1383 45.9863 10.5
      vertex 62.2863 45.8383 10.5
    endloop
  endfacet
  facet normal -0.628088 -0.77593 0.0586389
    outer loop
      vertex 59.4617 43.0137 10.5
      vertex 59.1272 42.6421 2
      vertex 59.6244 42.882 10.5
    endloop
  endfacet
  facet normal -0.155988 -0.986016 0.0586457
    outer loop
      vertex 60.5909 42.511 10.5
      vertex 60.3842 42.5437 10.5
      vertex 60.5387 42.0137 2
    endloop
  endfacet
  facet normal -0.932073 0.357492 0.0586392
    outer loop
      vertex 58.5161 45.5168 2
      vertex 58.4224 45.2725 2
      vertex 58.8979 45.118 10.5
    endloop
  endfacet
  facet normal -0.357492 -0.932073 0.0586392
    outer loop
      vertex 60.182 42.5979 10.5
      vertex 59.7832 42.2161 2
      vertex 60.0275 42.1224 2
    endloop
  endfacet
  facet normal -0.156008 -0.986013 0.0586452
    outer loop
      vertex 60.3842 42.5437 10.5
      vertex 60.2802 42.0546 2
      vertex 60.5387 42.0137 2
    endloop
  endfacet
  facet normal 0.889506 0.453145 0.0586413
    outer loop
      vertex 62.9651 45.75 2
      vertex 62.6271 45.3135 10.5
      vertex 63.0839 45.5168 2
    endloop
  endfacet
  facet normal 0.0522681 0.99691 0.0586418
    outer loop
      vertex 60.8 47 2
      vertex 60.8 46.5 10.5
      vertex 61.0613 46.9863 2
    endloop
  endfacet
  facet normal 0.964179 -0.258691 0.0586394
    outer loop
      vertex 63.2454 43.9802 2
      vertex 62.7021 43.882 10.5
      vertex 63.1776 43.7275 2
    endloop
  endfacet
  facet normal 0.837088 -0.543916 0.0586398
    outer loop
      vertex 62.5321 43.5 10.5
      vertex 62.418 43.3244 10.5
      vertex 62.9651 43.25 2
    endloop
  endfacet
  facet normal -0.453145 0.889506 0.0586413
    outer loop
      vertex 59.7832 46.7839 2
      vertex 59.55 46.6651 2
      vertex 59.9865 46.3271 10.5
    endloop
  endfacet
  facet normal 0.156008 0.986013 0.0586452
    outer loop
      vertex 61.3198 46.9454 2
      vertex 61.0613 46.9863 2
      vertex 61.2158 46.4563 10.5
    endloop
  endfacet
  facet normal -0.837131 0.543849 0.05864
    outer loop
      vertex 58.7775 45.9695 2
      vertex 58.6349 45.75 2
      vertex 59.0679 45.5 10.5
    endloop
  endfacet
  facet normal -0.62817 -0.775863 0.0586419
    outer loop
      vertex 59.6244 42.882 10.5
      vertex 59.1272 42.6421 2
      vertex 59.3305 42.4775 2
    endloop
  endfacet
  facet normal 0.932073 0.357492 0.0586411
    outer loop
      vertex 63.0839 45.5168 2
      vertex 62.6271 45.3135 10.5
      vertex 63.1776 45.2725 2
    endloop
  endfacet
  facet normal -0.932073 -0.357492 0.0586392
    outer loop
      vertex 58.8979 43.882 10.5
      vertex 58.4224 43.7275 2
      vertex 58.5161 43.4832 2
    endloop
  endfacet
  facet normal 0.156008 -0.986013 0.0586452
    outer loop
      vertex 61.2158 42.5437 10.5
      vertex 61.0613 42.0137 2
      vertex 61.3198 42.0546 2
    endloop
  endfacet
  facet normal 0.986013 0.156008 0.0586457
    outer loop
      vertex 63.2454 45.0198 2
      vertex 62.789 44.7091 10.5
      vertex 63.2863 44.7613 2
    endloop
  endfacet
  facet normal -0.543849 -0.837131 0.058642
    outer loop
      vertex 59.6244 42.882 10.5
      vertex 59.3305 42.4775 2
      vertex 59.55 42.3349 2
    endloop
  endfacet
  facet normal -0.258466 -0.964239 0.0586458
    outer loop
      vertex 60.3842 42.5437 10.5
      vertex 60.182 42.5979 10.5
      vertex 60.2802 42.0546 2
    endloop
  endfacet
  facet normal 0.986016 -0.155988 0.0586451
    outer loop
      vertex 62.789 44.2909 10.5
      vertex 62.7563 44.0842 10.5
      vertex 63.2454 43.9802 2
    endloop
  endfacet
  facet normal -0.889524 0.453109 0.0586414
    outer loop
      vertex 59.0679 45.5 10.5
      vertex 58.5161 45.5168 2
      vertex 58.9729 45.3135 10.5
    endloop
  endfacet
  facet normal 0.889524 -0.453109 0.0586402
    outer loop
      vertex 62.6271 43.6865 10.5
      vertex 62.5321 43.5 10.5
      vertex 62.9651 43.25 2
    endloop
  endfacet
  facet normal -0.70589 -0.70589 0.0586387
    outer loop
      vertex 58.9421 42.8272 2
      vertex 59.4617 43.0137 10.5
      vertex 59.3137 43.1617 10.5
    endloop
  endfacet
  facet normal -0.70589 -0.70589 0.0586387
    outer loop
      vertex 59.4617 43.0137 10.5
      vertex 58.9421 42.8272 2
      vertex 59.1272 42.6421 2
    endloop
  endfacet
  facet normal -0.986016 -0.155988 0.0586457
    outer loop
      vertex 58.811 44.2909 10.5
      vertex 58.3137 44.2387 2
      vertex 58.8437 44.0842 10.5
    endloop
  endfacet
  facet normal -0.99691 -0.0522681 0.0586418
    outer loop
      vertex 58.8 44.5 10.5
      vertex 58.3 44.5 2
      vertex 58.3137 44.2387 2
    endloop
  endfacet
  facet normal 0.964239 0.258466 0.0586458
    outer loop
      vertex 63.2454 45.0198 2
      vertex 62.7021 45.118 10.5
      vertex 62.7563 44.9158 10.5
    endloop
  endfacet
  facet normal -0.0524433 -0.9969 0.0586466
    outer loop
      vertex 60.5387 42.0137 2
      vertex 60.8 42.5 10.5
      vertex 60.5909 42.511 10.5
    endloop
  endfacet
  facet normal -0.0522681 -0.99691 0.0586418
    outer loop
      vertex 60.8 42.5 10.5
      vertex 60.5387 42.0137 2
      vertex 60.8 42 2
    endloop
  endfacet
  facet normal -0.932046 -0.357563 0.0586413
    outer loop
      vertex 58.8979 43.882 10.5
      vertex 58.5161 43.4832 2
      vertex 58.9729 43.6865 10.5
    endloop
  endfacet
  facet normal 0 0 1
    outer loop
      vertex 62.789 44.7091 10.5
      vertex 62.789 44.2909 10.5
      vertex 62.8 44.5 10.5
    endloop
  endfacet
  facet normal 0 0 1
    outer loop
      vertex 62.7563 44.9158 10.5
      vertex 62.789 44.2909 10.5
      vertex 62.789 44.7091 10.5
    endloop
  endfacet
  facet normal 0 0 1
    outer loop
      vertex 62.7563 44.9158 10.5
      vertex 62.7563 44.0842 10.5
      vertex 62.789 44.2909 10.5
    endloop
  endfacet
  facet normal 0 0 1
    outer loop
      vertex 62.7021 45.118 10.5
      vertex 62.7563 44.0842 10.5
      vertex 62.7563 44.9158 10.5
    endloop
  endfacet
  facet normal 0 0 1
    outer loop
      vertex 62.7021 45.118 10.5
      vertex 62.7021 43.882 10.5
      vertex 62.7563 44.0842 10.5
    endloop
  endfacet
  facet normal 0 0 1
    outer loop
      vertex 62.6271 45.3135 10.5
      vertex 62.7021 43.882 10.5
      vertex 62.7021 45.118 10.5
    endloop
  endfacet
  facet normal 0 0 1
    outer loop
      vertex 62.6271 45.3135 10.5
      vertex 62.6271 43.6865 10.5
      vertex 62.7021 43.882 10.5
    endloop
  endfacet
  facet normal 0 0 1
    outer loop
      vertex 62.5321 45.5 10.5
      vertex 62.6271 43.6865 10.5
      vertex 62.6271 45.3135 10.5
    endloop
  endfacet
  facet normal 0 0 1
    outer loop
      vertex 62.5321 45.5 10.5
      vertex 62.5321 43.5 10.5
      vertex 62.6271 43.6865 10.5
    endloop
  endfacet
  facet normal 0 0 1
    outer loop
      vertex 62.418 45.6756 10.5
      vertex 62.5321 43.5 10.5
      vertex 62.5321 45.5 10.5
    endloop
  endfacet
  facet normal 0 0 1
    outer loop
      vertex 62.418 45.6756 10.5
      vertex 62.418 43.3244 10.5
      vertex 62.5321 43.5 10.5
    endloop
  endfacet
  facet normal 0 0 1
    outer loop
      vertex 62.2863 45.8383 10.5
      vertex 62.418 43.3244 10.5
      vertex 62.418 45.6756 10.5
    endloop
  endfacet
  facet normal 0 0 1
    outer loop
      vertex 62.2863 45.8383 10.5
      vertex 62.2863 43.1617 10.5
      vertex 62.418 43.3244 10.5
    endloop
  endfacet
  facet normal 0 0 1
    outer loop
      vertex 62.1383 45.9863 10.5
      vertex 62.2863 43.1617 10.5
      vertex 62.2863 45.8383 10.5
    endloop
  endfacet
  facet normal 0 0 1
    outer loop
      vertex 62.1383 45.9863 10.5
      vertex 62.1383 43.0137 10.5
      vertex 62.2863 43.1617 10.5
    endloop
  endfacet
  facet normal 0 0 1
    outer loop
      vertex 61.9756 46.118 10.5
      vertex 62.1383 43.0137 10.5
      vertex 62.1383 45.9863 10.5
    endloop
  endfacet
  facet normal 0 0 1
    outer loop
      vertex 61.9756 46.118 10.5
      vertex 61.9756 42.882 10.5
      vertex 62.1383 43.0137 10.5
    endloop
  endfacet
  facet normal 0 0 1
    outer loop
      vertex 61.8 46.232 10.5
      vertex 61.9756 42.882 10.5
      vertex 61.9756 46.118 10.5
    endloop
  endfacet
  facet normal 0 0 1
    outer loop
      vertex 61.8 46.232 10.5
      vertex 61.8 42.7679 10.5
      vertex 61.9756 42.882 10.5
    endloop
  endfacet
  facet normal 0 0 1
    outer loop
      vertex 61.6135 46.3271 10.5
      vertex 61.8 42.7679 10.5
      vertex 61.8 46.232 10.5
    endloop
  endfacet
  facet normal 0 0 1
    outer loop
      vertex 61.6135 46.3271 10.5
      vertex 61.6135 42.6729 10.5
      vertex 61.8 42.7679 10.5
    endloop
  endfacet
  facet normal 0 0 1
    outer loop
      vertex 61.418 46.4021 10.5
      vertex 61.6135 42.6729 10.5
      vertex 61.6135 46.3271 10.5
    endloop
  endfacet
  facet normal 0 0 1
    outer loop
      vertex 61.418 46.4021 10.5
      vertex 61.418 42.5979 10.5
      vertex 61.6135 42.6729 10.5
    endloop
  endfacet
  facet normal 0 0 1
    outer loop
      vertex 61.2158 46.4563 10.5
      vertex 61.418 42.5979 10.5
      vertex 61.418 46.4021 10.5
    endloop
  endfacet
  facet normal 0 0 1
    outer loop
      vertex 61.2158 46.4563 10.5
      vertex 61.2158 42.5437 10.5
      vertex 61.418 42.5979 10.5
    endloop
  endfacet
  facet normal 0 0 1
    outer loop
      vertex 61.0091 46.489 10.5
      vertex 61.2158 42.5437 10.5
      vertex 61.2158 46.4563 10.5
    endloop
  endfacet
  facet normal 0 0 1
    outer loop
      vertex 61.0091 46.489 10.5
      vertex 61.0091 42.511 10.5
      vertex 61.2158 42.5437 10.5
    endloop
  endfacet
  facet normal 0 0 1
    outer loop
      vertex 60.8 46.5 10.5
      vertex 61.0091 42.511 10.5
      vertex 61.0091 46.489 10.5
    endloop
  endfacet
  facet normal 0 0 1
    outer loop
      vertex 60.8 46.5 10.5
      vertex 60.8 42.5 10.5
      vertex 61.0091 42.511 10.5
    endloop
  endfacet
  facet normal -0 0 1
    outer loop
      vertex 60.5909 46.489 10.5
      vertex 60.8 42.5 10.5
      vertex 60.8 46.5 10.5
    endloop
  endfacet
  facet normal 0 0 1
    outer loop
      vertex 60.5909 46.489 10.5
      vertex 60.5909 42.511 10.5
      vertex 60.8 42.5 10.5
    endloop
  endfacet
  facet normal -0 0 1
    outer loop
      vertex 60.3842 46.4563 10.5
      vertex 60.5909 42.511 10.5
      vertex 60.5909 46.489 10.5
    endloop
  endfacet
  facet normal 0 0 1
    outer loop
      vertex 60.3842 46.4563 10.5
      vertex 60.3842 42.5437 10.5
      vertex 60.5909 42.511 10.5
    endloop
  endfacet
  facet normal -0 0 1
    outer loop
      vertex 60.182 46.4021 10.5
      vertex 60.3842 42.5437 10.5
      vertex 60.3842 46.4563 10.5
    endloop
  endfacet
  facet normal 0 0 1
    outer loop
      vertex 60.182 46.4021 10.5
      vertex 60.182 42.5979 10.5
      vertex 60.3842 42.5437 10.5
    endloop
  endfacet
  facet normal -0 0 1
    outer loop
      vertex 59.9865 46.3271 10.5
      vertex 60.182 42.5979 10.5
      vertex 60.182 46.4021 10.5
    endloop
  endfacet
  facet normal 0 0 1
    outer loop
      vertex 59.9865 46.3271 10.5
      vertex 59.9865 42.6729 10.5
      vertex 60.182 42.5979 10.5
    endloop
  endfacet
  facet normal -0 0 1
    outer loop
      vertex 59.8 46.232 10.5
      vertex 59.9865 42.6729 10.5
      vertex 59.9865 46.3271 10.5
    endloop
  endfacet
  facet normal 0 0 1
    outer loop
      vertex 59.8 46.232 10.5
      vertex 59.8 42.7679 10.5
      vertex 59.9865 42.6729 10.5
    endloop
  endfacet
  facet normal -0 0 1
    outer loop
      vertex 59.6244 46.118 10.5
      vertex 59.8 42.7679 10.5
      vertex 59.8 46.232 10.5
    endloop
  endfacet
  facet normal 0 0 1
    outer loop
      vertex 59.6244 46.118 10.5
      vertex 59.6244 42.882 10.5
      vertex 59.8 42.7679 10.5
    endloop
  endfacet
  facet normal -0 0 1
    outer loop
      vertex 59.4617 45.9863 10.5
      vertex 59.6244 42.882 10.5
      vertex 59.6244 46.118 10.5
    endloop
  endfacet
  facet normal 0 0 1
    outer loop
      vertex 59.4617 45.9863 10.5
      vertex 59.4617 43.0137 10.5
      vertex 59.6244 42.882 10.5
    endloop
  endfacet
  facet normal -0 0 1
    outer loop
      vertex 59.3137 45.8383 10.5
      vertex 59.4617 43.0137 10.5
      vertex 59.4617 45.9863 10.5
    endloop
  endfacet
  facet normal 0 0 1
    outer loop
      vertex 59.3137 45.8383 10.5
      vertex 59.3137 43.1617 10.5
      vertex 59.4617 43.0137 10.5
    endloop
  endfacet
  facet normal -0 0 1
    outer loop
      vertex 59.182 45.6756 10.5
      vertex 59.3137 43.1617 10.5
      vertex 59.3137 45.8383 10.5
    endloop
  endfacet
  facet normal 0 0 1
    outer loop
      vertex 59.182 45.6756 10.5
      vertex 59.182 43.3244 10.5
      vertex 59.3137 43.1617 10.5
    endloop
  endfacet
  facet normal -0 0 1
    outer loop
      vertex 59.0679 45.5 10.5
      vertex 59.182 43.3244 10.5
      vertex 59.182 45.6756 10.5
    endloop
  endfacet
  facet normal 0 0 1
    outer loop
      vertex 59.0679 45.5 10.5
      vertex 59.0679 43.5 10.5
      vertex 59.182 43.3244 10.5
    endloop
  endfacet
  facet normal -0 0 1
    outer loop
      vertex 58.9729 45.3135 10.5
      vertex 59.0679 43.5 10.5
      vertex 59.0679 45.5 10.5
    endloop
  endfacet
  facet normal 0 0 1
    outer loop
      vertex 58.9729 45.3135 10.5
      vertex 58.9729 43.6865 10.5
      vertex 59.0679 43.5 10.5
    endloop
  endfacet
  facet normal -0 0 1
    outer loop
      vertex 58.8979 45.118 10.5
      vertex 58.9729 43.6865 10.5
      vertex 58.9729 45.3135 10.5
    endloop
  endfacet
  facet normal 0 0 1
    outer loop
      vertex 58.8979 45.118 10.5
      vertex 58.8979 43.882 10.5
      vertex 58.9729 43.6865 10.5
    endloop
  endfacet
  facet normal -0 0 1
    outer loop
      vertex 58.8437 44.9158 10.5
      vertex 58.8979 43.882 10.5
      vertex 58.8979 45.118 10.5
    endloop
  endfacet
  facet normal 0 0 1
    outer loop
      vertex 58.8437 44.9158 10.5
      vertex 58.8437 44.0842 10.5
      vertex 58.8979 43.882 10.5
    endloop
  endfacet
  facet normal -0 0 1
    outer loop
      vertex 58.811 44.7091 10.5
      vertex 58.8437 44.0842 10.5
      vertex 58.8437 44.9158 10.5
    endloop
  endfacet
  facet normal 0 0 1
    outer loop
      vertex 58.811 44.7091 10.5
      vertex 58.811 44.2909 10.5
      vertex 58.8437 44.0842 10.5
    endloop
  endfacet
  facet normal 0 -0 1
    outer loop
      vertex 58.811 44.2909 10.5
      vertex 58.811 44.7091 10.5
      vertex 58.8 44.5 10.5
    endloop
  endfacet
  facet normal -0.706868 -0.706868 0.0259958
    outer loop
      vertex 17.1137 72.1617 21.2
      vertex 16.9272 71.6421 2
      vertex 17.2617 72.0137 21.2
    endloop
  endfacet
  facet normal 0.933365 -0.357987 0.0259969
    outer loop
      vertex 20.9776 72.7275 2
      vertex 20.4271 72.6865 21.2
      vertex 20.8839 72.4832 2
    endloop
  endfacet
  facet normal -0.987383 0.156204 0.0259989
    outer loop
      vertex 16.6437 73.9158 21.2
      vertex 16.1137 73.7613 2
      vertex 16.611 73.7091 21.2
    endloop
  endfacet
  facet normal 0.052516 -0.998282 0.0259969
    outer loop
      vertex 18.6 71 2
      vertex 18.8091 71.511 21.2
      vertex 18.6 71.5 21.2
    endloop
  endfacet
  facet normal 0.0523405 -0.998291 0.0259991
    outer loop
      vertex 18.8091 71.511 21.2
      vertex 18.6 71 2
      vertex 18.8613 71.0137 2
    endloop
  endfacet
  facet normal 0.838291 0.544603 0.0259973
    outer loop
      vertex 20.6225 74.9695 2
      vertex 20.218 74.6756 21.2
      vertex 20.7651 74.75 2
    endloop
  endfacet
  facet normal 0.25905 0.965514 0.0259961
    outer loop
      vertex 19.3725 75.8776 2
      vertex 19.1198 75.9454 2
      vertex 19.218 75.4021 21.2
    endloop
  endfacet
  facet normal -0.890738 0.453772 0.0259969
    outer loop
      vertex 16.4349 74.75 2
      vertex 16.3161 74.5168 2
      vertex 16.7729 74.3135 21.2
    endloop
  endfacet
  facet normal -0.706868 0.706868 0.0259958
    outer loop
      vertex 17.2617 74.9863 21.2
      vertex 16.9272 75.3579 2
      vertex 17.1137 74.8383 21.2
    endloop
  endfacet
  facet normal -0.965575 0.258824 0.025999
    outer loop
      vertex 16.6979 74.118 21.2
      vertex 16.1546 74.0198 2
      vertex 16.6437 73.9158 21.2
    endloop
  endfacet
  facet normal -0.454116 -0.890563 0.0259964
    outer loop
      vertex 17.6 71.768 21.2
      vertex 17.5832 71.2161 2
      vertex 17.7865 71.6729 21.2
    endloop
  endfacet
  facet normal 0.628958 0.777004 0.0259973
    outer loop
      vertex 20.0695 75.5225 2
      vertex 19.7756 75.118 21.2
      vertex 19.9383 74.9863 21.2
    endloop
  endfacet
  facet normal 0.156224 -0.987379 0.0259987
    outer loop
      vertex 19.0158 71.5437 21.2
      vertex 18.8613 71.0137 2
      vertex 19.1198 71.0546 2
    endloop
  endfacet
  facet normal 0.890738 -0.453772 0.0259969
    outer loop
      vertex 20.8839 72.4832 2
      vertex 20.4271 72.6865 21.2
      vertex 20.7651 72.25 2
    endloop
  endfacet
  facet normal 0.357987 0.933365 0.025996
    outer loop
      vertex 19.3725 75.8776 2
      vertex 19.218 75.4021 21.2
      vertex 19.6168 75.7839 2
    endloop
  endfacet
  facet normal 0.358058 0.933337 0.025997
    outer loop
      vertex 19.6168 75.7839 2
      vertex 19.218 75.4021 21.2
      vertex 19.4135 75.3271 21.2
    endloop
  endfacet
  facet normal -0.156204 -0.987383 0.0259989
    outer loop
      vertex 18.3909 71.511 21.2
      vertex 18.1842 71.5437 21.2
      vertex 18.3387 71.0137 2
    endloop
  endfacet
  facet normal -0.453772 0.890738 0.0260011
    outer loop
      vertex 17.5832 75.7839 2
      vertex 17.35 75.6651 2
      vertex 17.6 75.232 21.2
    endloop
  endfacet
  facet normal -0.776938 -0.629041 0.0259972
    outer loop
      vertex 16.982 72.3244 21.2
      vertex 16.5775 72.0305 2
      vertex 16.7421 71.8272 2
    endloop
  endfacet
  facet normal -0.776938 0.629041 0.0259972
    outer loop
      vertex 16.7421 75.1728 2
      vertex 16.5775 74.9695 2
      vertex 16.982 74.6756 21.2
    endloop
  endfacet
  facet normal 0.965575 0.258824 0.0259958
    outer loop
      vertex 20.9776 74.2725 2
      vertex 20.5021 74.118 21.2
      vertex 20.5563 73.9158 21.2
    endloop
  endfacet
  facet normal 0.933337 0.358058 0.0259959
    outer loop
      vertex 20.9776 74.2725 2
      vertex 20.4271 74.3135 21.2
      vertex 20.5021 74.118 21.2
    endloop
  endfacet
  facet normal -0.0523405 0.998291 0.0259972
    outer loop
      vertex 18.6 76 2
      vertex 18.3387 75.9863 2
      vertex 18.6 75.5 21.2
    endloop
  endfacet
  facet normal 0.777004 -0.628958 0.0259959
    outer loop
      vertex 20.218 72.3244 21.2
      vertex 20.0863 72.1617 21.2
      vertex 20.4579 71.8272 2
    endloop
  endfacet
  facet normal -0.628958 0.777004 0.0259959
    outer loop
      vertex 17.4244 75.118 21.2
      vertex 16.9272 75.3579 2
      vertex 17.2617 74.9863 21.2
    endloop
  endfacet
  facet normal 0.357987 -0.933365 0.025996
    outer loop
      vertex 19.6168 71.2161 2
      vertex 19.218 71.5979 21.2
      vertex 19.3725 71.1224 2
    endloop
  endfacet
  facet normal 0.629041 0.776938 0.025996
    outer loop
      vertex 20.0695 75.5225 2
      vertex 19.9383 74.9863 21.2
      vertex 20.2728 75.3579 2
    endloop
  endfacet
  facet normal -0.987383 -0.156204 0.0259989
    outer loop
      vertex 16.611 73.2909 21.2
      vertex 16.1137 73.2387 2
      vertex 16.6437 73.0842 21.2
    endloop
  endfacet
  facet normal 0.629041 -0.776938 0.025996
    outer loop
      vertex 20.2728 71.6421 2
      vertex 19.9383 72.0137 21.2
      vertex 20.0695 71.4775 2
    endloop
  endfacet
  facet normal -0.629041 0.776938 0.0259972
    outer loop
      vertex 17.1305 75.5225 2
      vertex 16.9272 75.3579 2
      vertex 17.4244 75.118 21.2
    endloop
  endfacet
  facet normal -0.706868 0.706868 0.0259958
    outer loop
      vertex 16.9272 75.3579 2
      vertex 16.7421 75.1728 2
      vertex 17.1137 74.8383 21.2
    endloop
  endfacet
  facet normal 0.454116 0.890563 0.0260017
    outer loop
      vertex 19.85 75.6651 2
      vertex 19.4135 75.3271 21.2
      vertex 19.6 75.232 21.2
    endloop
  endfacet
  facet normal -0.777004 -0.628958 0.0259959
    outer loop
      vertex 16.982 72.3244 21.2
      vertex 16.7421 71.8272 2
      vertex 17.1137 72.1617 21.2
    endloop
  endfacet
  facet normal 0.987379 -0.156224 0.0259989
    outer loop
      vertex 21.0863 73.2387 2
      vertex 20.589 73.2909 21.2
      vertex 21.0454 72.9802 2
    endloop
  endfacet
  facet normal 0.777004 0.628958 0.0259959
    outer loop
      vertex 20.4579 75.1728 2
      vertex 20.0863 74.8383 21.2
      vertex 20.218 74.6756 21.2
    endloop
  endfacet
  facet normal 0.544334 -0.838465 0.0260012
    outer loop
      vertex 19.7756 71.882 21.2
      vertex 19.6 71.768 21.2
      vertex 19.85 71.3349 2
    endloop
  endfacet
  facet normal 0.453772 0.890738 0.0259969
    outer loop
      vertex 19.6168 75.7839 2
      vertex 19.4135 75.3271 21.2
      vertex 19.85 75.6651 2
    endloop
  endfacet
  facet normal -0.544603 0.838291 0.0259973
    outer loop
      vertex 17.35 75.6651 2
      vertex 17.1305 75.5225 2
      vertex 17.4244 75.118 21.2
    endloop
  endfacet
  facet normal -0.544334 0.838465 0.0260012
    outer loop
      vertex 17.6 75.232 21.2
      vertex 17.35 75.6651 2
      vertex 17.4244 75.118 21.2
    endloop
  endfacet
  facet normal -0.358058 0.933337 0.025997
    outer loop
      vertex 17.982 75.4021 21.2
      vertex 17.5832 75.7839 2
      vertex 17.7865 75.3271 21.2
    endloop
  endfacet
  facet normal -0.357987 -0.933365 0.025996
    outer loop
      vertex 17.982 71.5979 21.2
      vertex 17.5832 71.2161 2
      vertex 17.8275 71.1224 2
    endloop
  endfacet
  facet normal -0.25905 0.965514 0.0259961
    outer loop
      vertex 18.0802 75.9454 2
      vertex 17.8275 75.8776 2
      vertex 17.982 75.4021 21.2
    endloop
  endfacet
  facet normal -0.998291 -0.0523405 0.0259972
    outer loop
      vertex 16.6 73.5 21.2
      vertex 16.1 73.5 2
      vertex 16.1137 73.2387 2
    endloop
  endfacet
  facet normal 0.258824 0.965575 0.025999
    outer loop
      vertex 19.1198 75.9454 2
      vertex 19.0158 75.4563 21.2
      vertex 19.218 75.4021 21.2
    endloop
  endfacet
  facet normal 0.358058 -0.933337 0.025997
    outer loop
      vertex 19.4135 71.6729 21.2
      vertex 19.218 71.5979 21.2
      vertex 19.6168 71.2161 2
    endloop
  endfacet
  facet normal 0.156224 0.987379 0.0259987
    outer loop
      vertex 19.1198 75.9454 2
      vertex 18.8613 75.9863 2
      vertex 19.0158 75.4563 21.2
    endloop
  endfacet
  facet normal 0.544603 -0.838291 0.0259973
    outer loop
      vertex 20.0695 71.4775 2
      vertex 19.7756 71.882 21.2
      vertex 19.85 71.3349 2
    endloop
  endfacet
  facet normal -0.777004 0.628958 0.0259959
    outer loop
      vertex 17.1137 74.8383 21.2
      vertex 16.7421 75.1728 2
      vertex 16.982 74.6756 21.2
    endloop
  endfacet
  facet normal 0.706868 -0.706868 0.0259958
    outer loop
      vertex 20.2728 71.6421 2
      vertex 20.0863 72.1617 21.2
      vertex 19.9383 72.0137 21.2
    endloop
  endfacet
  facet normal 0.706868 -0.706868 0.0259958
    outer loop
      vertex 20.0863 72.1617 21.2
      vertex 20.2728 71.6421 2
      vertex 20.4579 71.8272 2
    endloop
  endfacet
  facet normal -0.156204 0.987383 0.0259989
    outer loop
      vertex 18.3387 75.9863 2
      vertex 18.1842 75.4563 21.2
      vertex 18.3909 75.489 21.2
    endloop
  endfacet
  facet normal -0.052516 -0.998282 0.0259993
    outer loop
      vertex 18.3387 71.0137 2
      vertex 18.6 71.5 21.2
      vertex 18.3909 71.511 21.2
    endloop
  endfacet
  facet normal -0.0523405 -0.998291 0.0259972
    outer loop
      vertex 18.6 71.5 21.2
      vertex 18.3387 71.0137 2
      vertex 18.6 71 2
    endloop
  endfacet
  facet normal 0.25905 -0.965514 0.0259961
    outer loop
      vertex 19.218 71.5979 21.2
      vertex 19.1198 71.0546 2
      vertex 19.3725 71.1224 2
    endloop
  endfacet
  facet normal -0.358058 -0.933337 0.025997
    outer loop
      vertex 17.7865 71.6729 21.2
      vertex 17.5832 71.2161 2
      vertex 17.982 71.5979 21.2
    endloop
  endfacet
  facet normal -0.258824 0.965575 0.025999
    outer loop
      vertex 18.0802 75.9454 2
      vertex 17.982 75.4021 21.2
      vertex 18.1842 75.4563 21.2
    endloop
  endfacet
  facet normal -0.933337 0.358058 0.025997
    outer loop
      vertex 16.7729 74.3135 21.2
      vertex 16.3161 74.5168 2
      vertex 16.6979 74.118 21.2
    endloop
  endfacet
  facet normal -0.998282 0.052516 0.0259993
    outer loop
      vertex 16.611 73.7091 21.2
      vertex 16.1137 73.7613 2
      vertex 16.6 73.5 21.2
    endloop
  endfacet
  facet normal 0.890757 0.453737 0.0259964
    outer loop
      vertex 20.7651 74.75 2
      vertex 20.3321 74.5 21.2
      vertex 20.4271 74.3135 21.2
    endloop
  endfacet
  facet normal -0.838291 0.544603 0.0259973
    outer loop
      vertex 16.5775 74.9695 2
      vertex 16.4349 74.75 2
      vertex 16.982 74.6756 21.2
    endloop
  endfacet
  facet normal 0.544603 0.838291 0.0259973
    outer loop
      vertex 19.85 75.6651 2
      vertex 19.7756 75.118 21.2
      vertex 20.0695 75.5225 2
    endloop
  endfacet
  facet normal -0.454116 0.890563 0.0259964
    outer loop
      vertex 17.7865 75.3271 21.2
      vertex 17.5832 75.7839 2
      vertex 17.6 75.232 21.2
    endloop
  endfacet
  facet normal -0.838247 -0.54467 0.0259963
    outer loop
      vertex 16.8679 72.5 21.2
      vertex 16.4349 72.25 2
      vertex 16.982 72.3244 21.2
    endloop
  endfacet
  facet normal 0.933337 -0.358058 0.0259959
    outer loop
      vertex 20.5021 72.882 21.2
      vertex 20.4271 72.6865 21.2
      vertex 20.9776 72.7275 2
    endloop
  endfacet
  facet normal 0.776938 0.629041 0.0259972
    outer loop
      vertex 20.4579 75.1728 2
      vertex 20.218 74.6756 21.2
      vertex 20.6225 74.9695 2
    endloop
  endfacet
  facet normal -0.890738 -0.453772 0.0259969
    outer loop
      vertex 16.7729 72.6865 21.2
      vertex 16.3161 72.4832 2
      vertex 16.4349 72.25 2
    endloop
  endfacet
  facet normal -0.933365 -0.357987 0.025996
    outer loop
      vertex 16.6979 72.882 21.2
      vertex 16.2224 72.7275 2
      vertex 16.3161 72.4832 2
    endloop
  endfacet
  facet normal 0.706868 0.706868 0.0259958
    outer loop
      vertex 20.2728 75.3579 2
      vertex 20.0863 74.8383 21.2
      vertex 20.4579 75.1728 2
    endloop
  endfacet
  facet normal 0.706868 0.706868 0.0259958
    outer loop
      vertex 20.0863 74.8383 21.2
      vertex 20.2728 75.3579 2
      vertex 19.9383 74.9863 21.2
    endloop
  endfacet
  facet normal 0.998282 0.052516 0.0259993
    outer loop
      vertex 20.6 73.5 21.2
      vertex 21.0863 73.7613 2
      vertex 20.589 73.7091 21.2
    endloop
  endfacet
  facet normal 0.998291 0.0523405 0.0259972
    outer loop
      vertex 21.0863 73.7613 2
      vertex 20.6 73.5 21.2
      vertex 21.1 73.5 2
    endloop
  endfacet
  facet normal 0.0523405 0.998291 0.0259972
    outer loop
      vertex 18.6 76 2
      vertex 18.6 75.5 21.2
      vertex 18.8613 75.9863 2
    endloop
  endfacet
  facet normal -0.998291 0.0523405 0.0259972
    outer loop
      vertex 16.1137 73.7613 2
      vertex 16.1 73.5 2
      vertex 16.6 73.5 21.2
    endloop
  endfacet
  facet normal 0.628958 -0.777004 0.0259973
    outer loop
      vertex 19.9383 72.0137 21.2
      vertex 19.7756 71.882 21.2
      vertex 20.0695 71.4775 2
    endloop
  endfacet
  facet normal -0.987379 0.156224 0.0259987
    outer loop
      vertex 16.1546 74.0198 2
      vertex 16.1137 73.7613 2
      vertex 16.6437 73.9158 21.2
    endloop
  endfacet
  facet normal -0.706868 -0.706868 0.0259958
    outer loop
      vertex 17.1137 72.1617 21.2
      vertex 16.7421 71.8272 2
      vertex 16.9272 71.6421 2
    endloop
  endfacet
  facet normal 0.998291 -0.0523405 0.0259991
    outer loop
      vertex 21.1 73.5 2
      vertex 20.589 73.2909 21.2
      vertex 21.0863 73.2387 2
    endloop
  endfacet
  facet normal 0.998282 -0.052516 0.0259969
    outer loop
      vertex 20.6 73.5 21.2
      vertex 20.589 73.2909 21.2
      vertex 21.1 73.5 2
    endloop
  endfacet
  facet normal -0.838247 0.54467 0.0259963
    outer loop
      vertex 16.982 74.6756 21.2
      vertex 16.4349 74.75 2
      vertex 16.8679 74.5 21.2
    endloop
  endfacet
  facet normal 0.156204 0.987383 0.0259989
    outer loop
      vertex 18.8613 75.9863 2
      vertex 18.8091 75.489 21.2
      vertex 19.0158 75.4563 21.2
    endloop
  endfacet
  facet normal -0.965514 -0.25905 0.0259961
    outer loop
      vertex 16.6979 72.882 21.2
      vertex 16.1546 72.9802 2
      vertex 16.2224 72.7275 2
    endloop
  endfacet
  facet normal -0.25905 -0.965514 0.0259961
    outer loop
      vertex 17.982 71.5979 21.2
      vertex 17.8275 71.1224 2
      vertex 18.0802 71.0546 2
    endloop
  endfacet
  facet normal 0.838291 -0.544603 0.0259973
    outer loop
      vertex 20.7651 72.25 2
      vertex 20.218 72.3244 21.2
      vertex 20.6225 72.0305 2
    endloop
  endfacet
  facet normal -0.453772 -0.890738 0.0260011
    outer loop
      vertex 17.6 71.768 21.2
      vertex 17.35 71.3349 2
      vertex 17.5832 71.2161 2
    endloop
  endfacet
  facet normal 0.453772 -0.890738 0.0259969
    outer loop
      vertex 19.85 71.3349 2
      vertex 19.4135 71.6729 21.2
      vertex 19.6168 71.2161 2
    endloop
  endfacet
  facet normal -0.998282 -0.052516 0.0259993
    outer loop
      vertex 16.6 73.5 21.2
      vertex 16.1137 73.2387 2
      vertex 16.611 73.2909 21.2
    endloop
  endfacet
  facet normal -0.987379 -0.156224 0.0259987
    outer loop
      vertex 16.6437 73.0842 21.2
      vertex 16.1137 73.2387 2
      vertex 16.1546 72.9802 2
    endloop
  endfacet
  facet normal 0.258824 -0.965575 0.025999
    outer loop
      vertex 19.218 71.5979 21.2
      vertex 19.0158 71.5437 21.2
      vertex 19.1198 71.0546 2
    endloop
  endfacet
  facet normal 0.156204 -0.987383 0.0259989
    outer loop
      vertex 19.0158 71.5437 21.2
      vertex 18.8091 71.511 21.2
      vertex 18.8613 71.0137 2
    endloop
  endfacet
  facet normal 0.890738 0.453772 0.0259969
    outer loop
      vertex 20.7651 74.75 2
      vertex 20.4271 74.3135 21.2
      vertex 20.8839 74.5168 2
    endloop
  endfacet
  facet normal 0.965514 0.25905 0.0259986
    outer loop
      vertex 20.9776 74.2725 2
      vertex 20.5563 73.9158 21.2
      vertex 21.0454 74.0198 2
    endloop
  endfacet
  facet normal 0.776938 -0.629041 0.0259972
    outer loop
      vertex 20.6225 72.0305 2
      vertex 20.218 72.3244 21.2
      vertex 20.4579 71.8272 2
    endloop
  endfacet
  facet normal -0.890757 0.453737 0.0259964
    outer loop
      vertex 16.8679 74.5 21.2
      vertex 16.4349 74.75 2
      vertex 16.7729 74.3135 21.2
    endloop
  endfacet
  facet normal 0.544334 0.838465 0.0260012
    outer loop
      vertex 19.85 75.6651 2
      vertex 19.6 75.232 21.2
      vertex 19.7756 75.118 21.2
    endloop
  endfacet
  facet normal 0.965514 -0.25905 0.0259986
    outer loop
      vertex 21.0454 72.9802 2
      vertex 20.5563 73.0842 21.2
      vertex 20.9776 72.7275 2
    endloop
  endfacet
  facet normal 0.965575 -0.258824 0.0259958
    outer loop
      vertex 20.5563 73.0842 21.2
      vertex 20.5021 72.882 21.2
      vertex 20.9776 72.7275 2
    endloop
  endfacet
  facet normal -0.838291 -0.544603 0.0259973
    outer loop
      vertex 16.982 72.3244 21.2
      vertex 16.4349 72.25 2
      vertex 16.5775 72.0305 2
    endloop
  endfacet
  facet normal 0.838247 0.54467 0.0259963
    outer loop
      vertex 20.7651 74.75 2
      vertex 20.218 74.6756 21.2
      vertex 20.3321 74.5 21.2
    endloop
  endfacet
  facet normal 0.052516 0.998282 0.0259993
    outer loop
      vertex 18.8613 75.9863 2
      vertex 18.6 75.5 21.2
      vertex 18.8091 75.489 21.2
    endloop
  endfacet
  facet normal -0.156224 0.987379 0.0259987
    outer loop
      vertex 18.3387 75.9863 2
      vertex 18.0802 75.9454 2
      vertex 18.1842 75.4563 21.2
    endloop
  endfacet
  facet normal -0.629041 -0.776938 0.0259972
    outer loop
      vertex 17.4244 71.882 21.2
      vertex 16.9272 71.6421 2
      vertex 17.1305 71.4775 2
    endloop
  endfacet
  facet normal -0.156224 -0.987379 0.0259987
    outer loop
      vertex 18.1842 71.5437 21.2
      vertex 18.0802 71.0546 2
      vertex 18.3387 71.0137 2
    endloop
  endfacet
  facet normal -0.933337 -0.358058 0.025997
    outer loop
      vertex 16.6979 72.882 21.2
      vertex 16.3161 72.4832 2
      vertex 16.7729 72.6865 21.2
    endloop
  endfacet
  facet normal 0.933365 0.357987 0.0259969
    outer loop
      vertex 20.8839 74.5168 2
      vertex 20.4271 74.3135 21.2
      vertex 20.9776 74.2725 2
    endloop
  endfacet
  facet normal 0.890757 -0.453737 0.0259964
    outer loop
      vertex 20.4271 72.6865 21.2
      vertex 20.3321 72.5 21.2
      vertex 20.7651 72.25 2
    endloop
  endfacet
  facet normal 0.987383 0.156204 0.0259986
    outer loop
      vertex 21.0454 74.0198 2
      vertex 20.5563 73.9158 21.2
      vertex 20.589 73.7091 21.2
    endloop
  endfacet
  facet normal 0.987379 0.156224 0.0259989
    outer loop
      vertex 21.0454 74.0198 2
      vertex 20.589 73.7091 21.2
      vertex 21.0863 73.7613 2
    endloop
  endfacet
  facet normal -0.628958 -0.777004 0.0259959
    outer loop
      vertex 17.2617 72.0137 21.2
      vertex 16.9272 71.6421 2
      vertex 17.4244 71.882 21.2
    endloop
  endfacet
  facet normal 0.838247 -0.54467 0.0259963
    outer loop
      vertex 20.3321 72.5 21.2
      vertex 20.218 72.3244 21.2
      vertex 20.7651 72.25 2
    endloop
  endfacet
  facet normal 0.454116 -0.890563 0.0260017
    outer loop
      vertex 19.6 71.768 21.2
      vertex 19.4135 71.6729 21.2
      vertex 19.85 71.3349 2
    endloop
  endfacet
  facet normal 0.987383 -0.156204 0.0259986
    outer loop
      vertex 20.589 73.2909 21.2
      vertex 20.5563 73.0842 21.2
      vertex 21.0454 72.9802 2
    endloop
  endfacet
  facet normal -0.052516 0.998282 0.0259993
    outer loop
      vertex 18.6 75.5 21.2
      vertex 18.3387 75.9863 2
      vertex 18.3909 75.489 21.2
    endloop
  endfacet
  facet normal -0.890757 -0.453737 0.0259964
    outer loop
      vertex 16.7729 72.6865 21.2
      vertex 16.4349 72.25 2
      vertex 16.8679 72.5 21.2
    endloop
  endfacet
  facet normal -0.965514 0.25905 0.0259961
    outer loop
      vertex 16.2224 74.2725 2
      vertex 16.1546 74.0198 2
      vertex 16.6979 74.118 21.2
    endloop
  endfacet
  facet normal -0.933365 0.357987 0.025996
    outer loop
      vertex 16.3161 74.5168 2
      vertex 16.2224 74.2725 2
      vertex 16.6979 74.118 21.2
    endloop
  endfacet
  facet normal -0.965575 -0.258824 0.025999
    outer loop
      vertex 16.6437 73.0842 21.2
      vertex 16.1546 72.9802 2
      vertex 16.6979 72.882 21.2
    endloop
  endfacet
  facet normal -0.258824 -0.965575 0.025999
    outer loop
      vertex 18.1842 71.5437 21.2
      vertex 17.982 71.5979 21.2
      vertex 18.0802 71.0546 2
    endloop
  endfacet
  facet normal -0.544603 -0.838291 0.0259973
    outer loop
      vertex 17.4244 71.882 21.2
      vertex 17.1305 71.4775 2
      vertex 17.35 71.3349 2
    endloop
  endfacet
  facet normal -0.544334 -0.838465 0.0260012
    outer loop
      vertex 17.4244 71.882 21.2
      vertex 17.35 71.3349 2
      vertex 17.6 71.768 21.2
    endloop
  endfacet
  facet normal -0.357987 0.933365 0.025996
    outer loop
      vertex 17.8275 75.8776 2
      vertex 17.5832 75.7839 2
      vertex 17.982 75.4021 21.2
    endloop
  endfacet
  facet normal 0 0 1
    outer loop
      vertex 20.589 73.7091 21.2
      vertex 20.589 73.2909 21.2
      vertex 20.6 73.5 21.2
    endloop
  endfacet
  facet normal 0 0 1
    outer loop
      vertex 20.5563 73.9158 21.2
      vertex 20.589 73.2909 21.2
      vertex 20.589 73.7091 21.2
    endloop
  endfacet
  facet normal 0 0 1
    outer loop
      vertex 20.5563 73.9158 21.2
      vertex 20.5563 73.0842 21.2
      vertex 20.589 73.2909 21.2
    endloop
  endfacet
  facet normal 0 0 1
    outer loop
      vertex 20.5021 74.118 21.2
      vertex 20.5563 73.0842 21.2
      vertex 20.5563 73.9158 21.2
    endloop
  endfacet
  facet normal 0 0 1
    outer loop
      vertex 20.5021 74.118 21.2
      vertex 20.5021 72.882 21.2
      vertex 20.5563 73.0842 21.2
    endloop
  endfacet
  facet normal 0 0 1
    outer loop
      vertex 20.4271 74.3135 21.2
      vertex 20.5021 72.882 21.2
      vertex 20.5021 74.118 21.2
    endloop
  endfacet
  facet normal 0 0 1
    outer loop
      vertex 20.4271 74.3135 21.2
      vertex 20.4271 72.6865 21.2
      vertex 20.5021 72.882 21.2
    endloop
  endfacet
  facet normal 0 0 1
    outer loop
      vertex 20.3321 74.5 21.2
      vertex 20.4271 72.6865 21.2
      vertex 20.4271 74.3135 21.2
    endloop
  endfacet
  facet normal 0 0 1
    outer loop
      vertex 20.3321 74.5 21.2
      vertex 20.3321 72.5 21.2
      vertex 20.4271 72.6865 21.2
    endloop
  endfacet
  facet normal 0 0 1
    outer loop
      vertex 20.218 74.6756 21.2
      vertex 20.3321 72.5 21.2
      vertex 20.3321 74.5 21.2
    endloop
  endfacet
  facet normal 0 0 1
    outer loop
      vertex 20.218 74.6756 21.2
      vertex 20.218 72.3244 21.2
      vertex 20.3321 72.5 21.2
    endloop
  endfacet
  facet normal 0 0 1
    outer loop
      vertex 20.0863 74.8383 21.2
      vertex 20.218 72.3244 21.2
      vertex 20.218 74.6756 21.2
    endloop
  endfacet
  facet normal 0 0 1
    outer loop
      vertex 20.0863 74.8383 21.2
      vertex 20.0863 72.1617 21.2
      vertex 20.218 72.3244 21.2
    endloop
  endfacet
  facet normal 0 0 1
    outer loop
      vertex 19.9383 74.9863 21.2
      vertex 20.0863 72.1617 21.2
      vertex 20.0863 74.8383 21.2
    endloop
  endfacet
  facet normal 0 0 1
    outer loop
      vertex 19.9383 74.9863 21.2
      vertex 19.9383 72.0137 21.2
      vertex 20.0863 72.1617 21.2
    endloop
  endfacet
  facet normal 0 0 1
    outer loop
      vertex 19.7756 75.118 21.2
      vertex 19.9383 72.0137 21.2
      vertex 19.9383 74.9863 21.2
    endloop
  endfacet
  facet normal 0 0 1
    outer loop
      vertex 19.7756 75.118 21.2
      vertex 19.7756 71.882 21.2
      vertex 19.9383 72.0137 21.2
    endloop
  endfacet
  facet normal 0 0 1
    outer loop
      vertex 19.6 75.232 21.2
      vertex 19.7756 71.882 21.2
      vertex 19.7756 75.118 21.2
    endloop
  endfacet
  facet normal 0 0 1
    outer loop
      vertex 19.6 75.232 21.2
      vertex 19.6 71.768 21.2
      vertex 19.7756 71.882 21.2
    endloop
  endfacet
  facet normal 0 0 1
    outer loop
      vertex 19.4135 75.3271 21.2
      vertex 19.6 71.768 21.2
      vertex 19.6 75.232 21.2
    endloop
  endfacet
  facet normal 0 0 1
    outer loop
      vertex 19.4135 75.3271 21.2
      vertex 19.4135 71.6729 21.2
      vertex 19.6 71.768 21.2
    endloop
  endfacet
  facet normal 0 0 1
    outer loop
      vertex 19.218 75.4021 21.2
      vertex 19.4135 71.6729 21.2
      vertex 19.4135 75.3271 21.2
    endloop
  endfacet
  facet normal 0 0 1
    outer loop
      vertex 19.218 75.4021 21.2
      vertex 19.218 71.5979 21.2
      vertex 19.4135 71.6729 21.2
    endloop
  endfacet
  facet normal 0 0 1
    outer loop
      vertex 19.0158 75.4563 21.2
      vertex 19.218 71.5979 21.2
      vertex 19.218 75.4021 21.2
    endloop
  endfacet
  facet normal 0 0 1
    outer loop
      vertex 19.0158 75.4563 21.2
      vertex 19.0158 71.5437 21.2
      vertex 19.218 71.5979 21.2
    endloop
  endfacet
  facet normal 0 0 1
    outer loop
      vertex 18.8091 75.489 21.2
      vertex 19.0158 71.5437 21.2
      vertex 19.0158 75.4563 21.2
    endloop
  endfacet
  facet normal 0 0 1
    outer loop
      vertex 18.8091 75.489 21.2
      vertex 18.8091 71.511 21.2
      vertex 19.0158 71.5437 21.2
    endloop
  endfacet
  facet normal 0 0 1
    outer loop
      vertex 18.6 75.5 21.2
      vertex 18.8091 71.511 21.2
      vertex 18.8091 75.489 21.2
    endloop
  endfacet
  facet normal 0 0 1
    outer loop
      vertex 18.6 75.5 21.2
      vertex 18.6 71.5 21.2
      vertex 18.8091 71.511 21.2
    endloop
  endfacet
  facet normal -0 0 1
    outer loop
      vertex 18.3909 75.489 21.2
      vertex 18.6 71.5 21.2
      vertex 18.6 75.5 21.2
    endloop
  endfacet
  facet normal 0 0 1
    outer loop
      vertex 18.3909 75.489 21.2
      vertex 18.3909 71.511 21.2
      vertex 18.6 71.5 21.2
    endloop
  endfacet
  facet normal -0 0 1
    outer loop
      vertex 18.1842 75.4563 21.2
      vertex 18.3909 71.511 21.2
      vertex 18.3909 75.489 21.2
    endloop
  endfacet
  facet normal 0 0 1
    outer loop
      vertex 18.1842 75.4563 21.2
      vertex 18.1842 71.5437 21.2
      vertex 18.3909 71.511 21.2
    endloop
  endfacet
  facet normal -0 0 1
    outer loop
      vertex 17.982 75.4021 21.2
      vertex 18.1842 71.5437 21.2
      vertex 18.1842 75.4563 21.2
    endloop
  endfacet
  facet normal 0 0 1
    outer loop
      vertex 17.982 75.4021 21.2
      vertex 17.982 71.5979 21.2
      vertex 18.1842 71.5437 21.2
    endloop
  endfacet
  facet normal -0 0 1
    outer loop
      vertex 17.7865 75.3271 21.2
      vertex 17.982 71.5979 21.2
      vertex 17.982 75.4021 21.2
    endloop
  endfacet
  facet normal 0 0 1
    outer loop
      vertex 17.7865 75.3271 21.2
      vertex 17.7865 71.6729 21.2
      vertex 17.982 71.5979 21.2
    endloop
  endfacet
  facet normal -0 0 1
    outer loop
      vertex 17.6 75.232 21.2
      vertex 17.7865 71.6729 21.2
      vertex 17.7865 75.3271 21.2
    endloop
  endfacet
  facet normal 0 0 1
    outer loop
      vertex 17.6 75.232 21.2
      vertex 17.6 71.768 21.2
      vertex 17.7865 71.6729 21.2
    endloop
  endfacet
  facet normal -0 0 1
    outer loop
      vertex 17.4244 75.118 21.2
      vertex 17.6 71.768 21.2
      vertex 17.6 75.232 21.2
    endloop
  endfacet
  facet normal 0 0 1
    outer loop
      vertex 17.4244 75.118 21.2
      vertex 17.4244 71.882 21.2
      vertex 17.6 71.768 21.2
    endloop
  endfacet
  facet normal -0 0 1
    outer loop
      vertex 17.2617 74.9863 21.2
      vertex 17.4244 71.882 21.2
      vertex 17.4244 75.118 21.2
    endloop
  endfacet
  facet normal 0 0 1
    outer loop
      vertex 17.2617 74.9863 21.2
      vertex 17.2617 72.0137 21.2
      vertex 17.4244 71.882 21.2
    endloop
  endfacet
  facet normal -0 0 1
    outer loop
      vertex 17.1137 74.8383 21.2
      vertex 17.2617 72.0137 21.2
      vertex 17.2617 74.9863 21.2
    endloop
  endfacet
  facet normal 0 0 1
    outer loop
      vertex 17.1137 74.8383 21.2
      vertex 17.1137 72.1617 21.2
      vertex 17.2617 72.0137 21.2
    endloop
  endfacet
  facet normal -0 0 1
    outer loop
      vertex 16.982 74.6756 21.2
      vertex 17.1137 72.1617 21.2
      vertex 17.1137 74.8383 21.2
    endloop
  endfacet
  facet normal 0 0 1
    outer loop
      vertex 16.982 74.6756 21.2
      vertex 16.982 72.3244 21.2
      vertex 17.1137 72.1617 21.2
    endloop
  endfacet
  facet normal -0 0 1
    outer loop
      vertex 16.8679 74.5 21.2
      vertex 16.982 72.3244 21.2
      vertex 16.982 74.6756 21.2
    endloop
  endfacet
  facet normal 0 0 1
    outer loop
      vertex 16.8679 74.5 21.2
      vertex 16.8679 72.5 21.2
      vertex 16.982 72.3244 21.2
    endloop
  endfacet
  facet normal -0 0 1
    outer loop
      vertex 16.7729 74.3135 21.2
      vertex 16.8679 72.5 21.2
      vertex 16.8679 74.5 21.2
    endloop
  endfacet
  facet normal 0 0 1
    outer loop
      vertex 16.7729 74.3135 21.2
      vertex 16.7729 72.6865 21.2
      vertex 16.8679 72.5 21.2
    endloop
  endfacet
  facet normal -0 0 1
    outer loop
      vertex 16.6979 74.118 21.2
      vertex 16.7729 72.6865 21.2
      vertex 16.7729 74.3135 21.2
    endloop
  endfacet
  facet normal 0 0 1
    outer loop
      vertex 16.6979 74.118 21.2
      vertex 16.6979 72.882 21.2
      vertex 16.7729 72.6865 21.2
    endloop
  endfacet
  facet normal -0 0 1
    outer loop
      vertex 16.6437 73.9158 21.2
      vertex 16.6979 72.882 21.2
      vertex 16.6979 74.118 21.2
    endloop
  endfacet
  facet normal 0 0 1
    outer loop
      vertex 16.6437 73.9158 21.2
      vertex 16.6437 73.0842 21.2
      vertex 16.6979 72.882 21.2
    endloop
  endfacet
  facet normal -0 0 1
    outer loop
      vertex 16.611 73.7091 21.2
      vertex 16.6437 73.0842 21.2
      vertex 16.6437 73.9158 21.2
    endloop
  endfacet
  facet normal 0 0 1
    outer loop
      vertex 16.611 73.7091 21.2
      vertex 16.611 73.2909 21.2
      vertex 16.6437 73.0842 21.2
    endloop
  endfacet
  facet normal 0 -0 1
    outer loop
      vertex 16.611 73.2909 21.2
      vertex 16.611 73.7091 21.2
      vertex 16.6 73.5 21.2
    endloop
  endfacet
  facet normal 0.258824 -0.965575 0.025999
    outer loop
      vertex 61.418 71.5979 21.2
      vertex 61.2158 71.5437 21.2
      vertex 61.3198 71.0546 2
    endloop
  endfacet
  facet normal 0.628958 0.777004 0.0259973
    outer loop
      vertex 62.2695 75.5225 2
      vertex 61.9756 75.118 21.2
      vertex 62.1383 74.9863 21.2
    endloop
  endfacet
  facet normal -0.156224 0.987379 0.0259987
    outer loop
      vertex 60.5387 75.9863 2
      vertex 60.2802 75.9454 2
      vertex 60.3842 75.4563 21.2
    endloop
  endfacet
  facet normal 0.777004 -0.628958 0.0259959
    outer loop
      vertex 62.418 72.3244 21.2
      vertex 62.2863 72.1617 21.2
      vertex 62.6579 71.8272 2
    endloop
  endfacet
  facet normal -0.838247 -0.54467 0.0259974
    outer loop
      vertex 59.0679 72.5 21.2
      vertex 58.7775 72.0305 2
      vertex 59.182 72.3244 21.2
    endloop
  endfacet
  facet normal 0.838291 0.544603 0.0259973
    outer loop
      vertex 62.8225 74.9695 2
      vertex 62.418 74.6756 21.2
      vertex 62.9651 74.75 2
    endloop
  endfacet
  facet normal 0.965514 0.25905 0.0259961
    outer loop
      vertex 63.1776 74.2725 2
      vertex 62.7021 74.118 21.2
      vertex 63.2454 74.0198 2
    endloop
  endfacet
  facet normal 0.052516 0.998282 0.0259993
    outer loop
      vertex 61.0613 75.9863 2
      vertex 60.8 75.5 21.2
      vertex 61.0091 75.489 21.2
    endloop
  endfacet
  facet normal -0.258824 0.965575 0.025999
    outer loop
      vertex 60.2802 75.9454 2
      vertex 60.182 75.4021 21.2
      vertex 60.3842 75.4563 21.2
    endloop
  endfacet
  facet normal 0.25905 -0.965514 0.0259961
    outer loop
      vertex 61.418 71.5979 21.2
      vertex 61.3198 71.0546 2
      vertex 61.5725 71.1224 2
    endloop
  endfacet
  facet normal -0.838247 0.54467 0.0259974
    outer loop
      vertex 59.182 74.6756 21.2
      vertex 58.7775 74.9695 2
      vertex 59.0679 74.5 21.2
    endloop
  endfacet
  facet normal 0.25905 0.965514 0.0259961
    outer loop
      vertex 61.5725 75.8776 2
      vertex 61.3198 75.9454 2
      vertex 61.418 75.4021 21.2
    endloop
  endfacet
  facet normal -0.544334 -0.838465 0.0260012
    outer loop
      vertex 59.6244 71.882 21.2
      vertex 59.55 71.3349 2
      vertex 59.8 71.768 21.2
    endloop
  endfacet
  facet normal -0.25905 -0.965514 0.0259961
    outer loop
      vertex 60.182 71.5979 21.2
      vertex 60.0275 71.1224 2
      vertex 60.2802 71.0546 2
    endloop
  endfacet
  facet normal -0.965514 0.25905 0.0259961
    outer loop
      vertex 58.4224 74.2725 2
      vertex 58.3546 74.0198 2
      vertex 58.8979 74.118 21.2
    endloop
  endfacet
  facet normal 0.890738 -0.453772 0.0259969
    outer loop
      vertex 63.0839 72.4832 2
      vertex 62.6271 72.6865 21.2
      vertex 62.9651 72.25 2
    endloop
  endfacet
  facet normal -0.890738 0.453772 0.0259965
    outer loop
      vertex 58.6349 74.75 2
      vertex 58.5161 74.5168 2
      vertex 59.0679 74.5 21.2
    endloop
  endfacet
  facet normal 0.258824 0.965575 0.025999
    outer loop
      vertex 61.3198 75.9454 2
      vertex 61.2158 75.4563 21.2
      vertex 61.418 75.4021 21.2
    endloop
  endfacet
  facet normal 0.987383 0.156204 0.0259986
    outer loop
      vertex 63.2454 74.0198 2
      vertex 62.7563 73.9158 21.2
      vertex 62.789 73.7091 21.2
    endloop
  endfacet
  facet normal 0.933337 -0.358058 0.0259959
    outer loop
      vertex 62.7021 72.882 21.2
      vertex 62.6271 72.6865 21.2
      vertex 63.1776 72.7275 2
    endloop
  endfacet
  facet normal 0.933337 0.358058 0.0259959
    outer loop
      vertex 63.1776 74.2725 2
      vertex 62.6271 74.3135 21.2
      vertex 62.7021 74.118 21.2
    endloop
  endfacet
  facet normal 0.544603 -0.838291 0.0259973
    outer loop
      vertex 62.2695 71.4775 2
      vertex 61.9756 71.882 21.2
      vertex 62.05 71.3349 2
    endloop
  endfacet
  facet normal -0.777004 0.628958 0.0259959
    outer loop
      vertex 59.3137 74.8383 21.2
      vertex 58.9421 75.1728 2
      vertex 59.182 74.6756 21.2
    endloop
  endfacet
  facet normal 0.052516 -0.998282 0.0259969
    outer loop
      vertex 60.8 71 2
      vertex 61.0091 71.511 21.2
      vertex 60.8 71.5 21.2
    endloop
  endfacet
  facet normal 0.0523405 -0.998291 0.0259991
    outer loop
      vertex 61.0091 71.511 21.2
      vertex 60.8 71 2
      vertex 61.0613 71.0137 2
    endloop
  endfacet
  facet normal -0.776938 0.629041 0.0259972
    outer loop
      vertex 58.9421 75.1728 2
      vertex 58.7775 74.9695 2
      vertex 59.182 74.6756 21.2
    endloop
  endfacet
  facet normal 0.544334 -0.838465 0.0260012
    outer loop
      vertex 61.9756 71.882 21.2
      vertex 61.8 71.768 21.2
      vertex 62.05 71.3349 2
    endloop
  endfacet
  facet normal 0.987379 -0.156224 0.0259989
    outer loop
      vertex 63.2863 73.2387 2
      vertex 62.789 73.2909 21.2
      vertex 63.2454 72.9802 2
    endloop
  endfacet
  facet normal 0.544334 0.838465 0.0260012
    outer loop
      vertex 62.05 75.6651 2
      vertex 61.8 75.232 21.2
      vertex 61.9756 75.118 21.2
    endloop
  endfacet
  facet normal 0.156204 0.987383 0.0259989
    outer loop
      vertex 61.0613 75.9863 2
      vertex 61.0091 75.489 21.2
      vertex 61.2158 75.4563 21.2
    endloop
  endfacet
  facet normal 0.454116 0.890563 0.0260017
    outer loop
      vertex 62.05 75.6651 2
      vertex 61.6135 75.3271 21.2
      vertex 61.8 75.232 21.2
    endloop
  endfacet
  facet normal 0.453772 -0.890738 0.0259969
    outer loop
      vertex 62.05 71.3349 2
      vertex 61.6135 71.6729 21.2
      vertex 61.8168 71.2161 2
    endloop
  endfacet
  facet normal -0.998282 -0.052516 0.0259993
    outer loop
      vertex 58.8 73.5 21.2
      vertex 58.3137 73.2387 2
      vertex 58.811 73.2909 21.2
    endloop
  endfacet
  facet normal -0.777004 -0.628958 0.0259959
    outer loop
      vertex 59.182 72.3244 21.2
      vertex 58.9421 71.8272 2
      vertex 59.3137 72.1617 21.2
    endloop
  endfacet
  facet normal 0.453772 0.890738 0.0259969
    outer loop
      vertex 61.8168 75.7839 2
      vertex 61.6135 75.3271 21.2
      vertex 62.05 75.6651 2
    endloop
  endfacet
  facet normal 0.838247 0.54467 0.0259963
    outer loop
      vertex 62.9651 74.75 2
      vertex 62.418 74.6756 21.2
      vertex 62.5321 74.5 21.2
    endloop
  endfacet
  facet normal -0.544334 0.838465 0.0260012
    outer loop
      vertex 59.8 75.232 21.2
      vertex 59.55 75.6651 2
      vertex 59.6244 75.118 21.2
    endloop
  endfacet
  facet normal -0.358058 -0.933337 0.025997
    outer loop
      vertex 59.9865 71.6729 21.2
      vertex 59.7832 71.2161 2
      vertex 60.182 71.5979 21.2
    endloop
  endfacet
  facet normal -0.25905 0.965514 0.0259961
    outer loop
      vertex 60.2802 75.9454 2
      vertex 60.0275 75.8776 2
      vertex 60.182 75.4021 21.2
    endloop
  endfacet
  facet normal -0.628958 0.777004 0.0259959
    outer loop
      vertex 59.6244 75.118 21.2
      vertex 59.1272 75.3579 2
      vertex 59.4617 74.9863 21.2
    endloop
  endfacet
  facet normal 0.933365 -0.357987 0.0259969
    outer loop
      vertex 63.1776 72.7275 2
      vertex 62.6271 72.6865 21.2
      vertex 63.0839 72.4832 2
    endloop
  endfacet
  facet normal 0.629041 -0.776938 0.025996
    outer loop
      vertex 62.4728 71.6421 2
      vertex 62.1383 72.0137 21.2
      vertex 62.2695 71.4775 2
    endloop
  endfacet
  facet normal 0.454116 -0.890563 0.0260017
    outer loop
      vertex 61.8 71.768 21.2
      vertex 61.6135 71.6729 21.2
      vertex 62.05 71.3349 2
    endloop
  endfacet
  facet normal -0.357987 0.933365 0.025996
    outer loop
      vertex 60.0275 75.8776 2
      vertex 59.7832 75.7839 2
      vertex 60.182 75.4021 21.2
    endloop
  endfacet
  facet normal 0.156204 -0.987383 0.0259989
    outer loop
      vertex 61.2158 71.5437 21.2
      vertex 61.0091 71.511 21.2
      vertex 61.0613 71.0137 2
    endloop
  endfacet
  facet normal -0.987379 0.156224 0.0259987
    outer loop
      vertex 58.3546 74.0198 2
      vertex 58.3137 73.7613 2
      vertex 58.8437 73.9158 21.2
    endloop
  endfacet
  facet normal -0.998291 0.0523405 0.0259972
    outer loop
      vertex 58.3137 73.7613 2
      vertex 58.3 73.5 2
      vertex 58.8 73.5 21.2
    endloop
  endfacet
  facet normal -0.453772 -0.890738 0.0259969
    outer loop
      vertex 59.9865 71.6729 21.2
      vertex 59.55 71.3349 2
      vertex 59.7832 71.2161 2
    endloop
  endfacet
  facet normal -0.776938 -0.629041 0.0259972
    outer loop
      vertex 59.182 72.3244 21.2
      vertex 58.7775 72.0305 2
      vertex 58.9421 71.8272 2
    endloop
  endfacet
  facet normal 0.544603 0.838291 0.0259973
    outer loop
      vertex 62.05 75.6651 2
      vertex 61.9756 75.118 21.2
      vertex 62.2695 75.5225 2
    endloop
  endfacet
  facet normal -0.933337 0.358058 0.025997
    outer loop
      vertex 58.9729 74.3135 21.2
      vertex 58.5161 74.5168 2
      vertex 58.8979 74.118 21.2
    endloop
  endfacet
  facet normal 0.358058 0.933337 0.025997
    outer loop
      vertex 61.8168 75.7839 2
      vertex 61.418 75.4021 21.2
      vertex 61.6135 75.3271 21.2
    endloop
  endfacet
  facet normal 0.628958 -0.777004 0.0259973
    outer loop
      vertex 62.1383 72.0137 21.2
      vertex 61.9756 71.882 21.2
      vertex 62.2695 71.4775 2
    endloop
  endfacet
  facet normal -0.629041 0.776938 0.0259972
    outer loop
      vertex 59.3305 75.5225 2
      vertex 59.1272 75.3579 2
      vertex 59.6244 75.118 21.2
    endloop
  endfacet
  facet normal -0.838291 -0.544603 0.0259964
    outer loop
      vertex 59.0679 72.5 21.2
      vertex 58.6349 72.25 2
      vertex 58.7775 72.0305 2
    endloop
  endfacet
  facet normal 0.890757 0.453737 0.0259964
    outer loop
      vertex 62.9651 74.75 2
      vertex 62.5321 74.5 21.2
      vertex 62.6271 74.3135 21.2
    endloop
  endfacet
  facet normal -0.358058 0.933337 0.025997
    outer loop
      vertex 60.182 75.4021 21.2
      vertex 59.7832 75.7839 2
      vertex 59.9865 75.3271 21.2
    endloop
  endfacet
  facet normal -0.0523405 0.998291 0.0259972
    outer loop
      vertex 60.8 76 2
      vertex 60.5387 75.9863 2
      vertex 60.8 75.5 21.2
    endloop
  endfacet
  facet normal 0.629041 0.776938 0.025996
    outer loop
      vertex 62.2695 75.5225 2
      vertex 62.1383 74.9863 21.2
      vertex 62.4728 75.3579 2
    endloop
  endfacet
  facet normal -0.965514 -0.25905 0.0259961
    outer loop
      vertex 58.8979 72.882 21.2
      vertex 58.3546 72.9802 2
      vertex 58.4224 72.7275 2
    endloop
  endfacet
  facet normal 0.357987 0.933365 0.025996
    outer loop
      vertex 61.5725 75.8776 2
      vertex 61.418 75.4021 21.2
      vertex 61.8168 75.7839 2
    endloop
  endfacet
  facet normal -0.156204 0.987383 0.0259989
    outer loop
      vertex 60.5387 75.9863 2
      vertex 60.3842 75.4563 21.2
      vertex 60.5909 75.489 21.2
    endloop
  endfacet
  facet normal -0.890757 -0.453737 0.025997
    outer loop
      vertex 58.9729 72.6865 21.2
      vertex 58.5161 72.4832 2
      vertex 59.0679 72.5 21.2
    endloop
  endfacet
  facet normal -0.998282 0.052516 0.0259993
    outer loop
      vertex 58.811 73.7091 21.2
      vertex 58.3137 73.7613 2
      vertex 58.8 73.5 21.2
    endloop
  endfacet
  facet normal 0.965575 -0.258824 0.025999
    outer loop
      vertex 62.7563 73.0842 21.2
      vertex 62.7021 72.882 21.2
      vertex 63.2454 72.9802 2
    endloop
  endfacet
  facet normal 0.706868 -0.706868 0.0259958
    outer loop
      vertex 62.1383 72.0137 21.2
      vertex 62.6579 71.8272 2
      vertex 62.2863 72.1617 21.2
    endloop
  endfacet
  facet normal 0.706868 -0.706868 0.0259958
    outer loop
      vertex 62.6579 71.8272 2
      vertex 62.1383 72.0137 21.2
      vertex 62.4728 71.6421 2
    endloop
  endfacet
  facet normal 0.777004 0.628958 0.0259959
    outer loop
      vertex 62.6579 75.1728 2
      vertex 62.2863 74.8383 21.2
      vertex 62.418 74.6756 21.2
    endloop
  endfacet
  facet normal 0.776938 0.629041 0.0259972
    outer loop
      vertex 62.6579 75.1728 2
      vertex 62.418 74.6756 21.2
      vertex 62.8225 74.9695 2
    endloop
  endfacet
  facet normal -0.544603 0.838291 0.0259973
    outer loop
      vertex 59.55 75.6651 2
      vertex 59.3305 75.5225 2
      vertex 59.6244 75.118 21.2
    endloop
  endfacet
  facet normal -0.965575 0.258824 0.025999
    outer loop
      vertex 58.8979 74.118 21.2
      vertex 58.3546 74.0198 2
      vertex 58.8437 73.9158 21.2
    endloop
  endfacet
  facet normal 0.998282 0.052516 0.0259993
    outer loop
      vertex 62.8 73.5 21.2
      vertex 63.2863 73.7613 2
      vertex 62.789 73.7091 21.2
    endloop
  endfacet
  facet normal 0.998291 0.0523405 0.0259972
    outer loop
      vertex 63.2863 73.7613 2
      vertex 62.8 73.5 21.2
      vertex 63.3 73.5 2
    endloop
  endfacet
  facet normal 0.776938 -0.629041 0.0259972
    outer loop
      vertex 62.8225 72.0305 2
      vertex 62.418 72.3244 21.2
      vertex 62.6579 71.8272 2
    endloop
  endfacet
  facet normal 0.358058 -0.933337 0.025997
    outer loop
      vertex 61.6135 71.6729 21.2
      vertex 61.418 71.5979 21.2
      vertex 61.8168 71.2161 2
    endloop
  endfacet
  facet normal 0.357987 -0.933365 0.025996
    outer loop
      vertex 61.8168 71.2161 2
      vertex 61.418 71.5979 21.2
      vertex 61.5725 71.1224 2
    endloop
  endfacet
  facet normal 0.838291 -0.544603 0.0259973
    outer loop
      vertex 62.9651 72.25 2
      vertex 62.418 72.3244 21.2
      vertex 62.8225 72.0305 2
    endloop
  endfacet
  facet normal 0.998291 -0.0523405 0.0259991
    outer loop
      vertex 63.3 73.5 2
      vertex 62.789 73.2909 21.2
      vertex 63.2863 73.2387 2
    endloop
  endfacet
  facet normal 0.998282 -0.052516 0.0259969
    outer loop
      vertex 62.8 73.5 21.2
      vertex 62.789 73.2909 21.2
      vertex 63.3 73.5 2
    endloop
  endfacet
  facet normal -0.052516 0.998282 0.0259993
    outer loop
      vertex 60.8 75.5 21.2
      vertex 60.5387 75.9863 2
      vertex 60.5909 75.489 21.2
    endloop
  endfacet
  facet normal -0.987383 0.156204 0.0259989
    outer loop
      vertex 58.8437 73.9158 21.2
      vertex 58.3137 73.7613 2
      vertex 58.811 73.7091 21.2
    endloop
  endfacet
  facet normal -0.706868 0.706868 0.0259958
    outer loop
      vertex 59.1272 75.3579 2
      vertex 59.3137 74.8383 21.2
      vertex 59.4617 74.9863 21.2
    endloop
  endfacet
  facet normal -0.706868 0.706868 0.0259958
    outer loop
      vertex 59.3137 74.8383 21.2
      vertex 59.1272 75.3579 2
      vertex 58.9421 75.1728 2
    endloop
  endfacet
  facet normal -0.965575 -0.258824 0.025999
    outer loop
      vertex 58.8437 73.0842 21.2
      vertex 58.3546 72.9802 2
      vertex 58.8979 72.882 21.2
    endloop
  endfacet
  facet normal -0.890738 -0.453772 0.0259965
    outer loop
      vertex 59.0679 72.5 21.2
      vertex 58.5161 72.4832 2
      vertex 58.6349 72.25 2
    endloop
  endfacet
  facet normal -0.987379 -0.156224 0.0259987
    outer loop
      vertex 58.8437 73.0842 21.2
      vertex 58.3137 73.2387 2
      vertex 58.3546 72.9802 2
    endloop
  endfacet
  facet normal -0.454116 0.890563 0.0260017
    outer loop
      vertex 59.9865 75.3271 21.2
      vertex 59.55 75.6651 2
      vertex 59.8 75.232 21.2
    endloop
  endfacet
  facet normal -0.454116 -0.890563 0.0260017
    outer loop
      vertex 59.8 71.768 21.2
      vertex 59.55 71.3349 2
      vertex 59.9865 71.6729 21.2
    endloop
  endfacet
  facet normal 0.706868 0.706868 0.0259958
    outer loop
      vertex 62.1383 74.9863 21.2
      vertex 62.6579 75.1728 2
      vertex 62.4728 75.3579 2
    endloop
  endfacet
  facet normal 0.706868 0.706868 0.0259958
    outer loop
      vertex 62.6579 75.1728 2
      vertex 62.1383 74.9863 21.2
      vertex 62.2863 74.8383 21.2
    endloop
  endfacet
  facet normal -0.628958 -0.777004 0.0259959
    outer loop
      vertex 59.4617 72.0137 21.2
      vertex 59.1272 71.6421 2
      vertex 59.6244 71.882 21.2
    endloop
  endfacet
  facet normal -0.156204 -0.987383 0.0259989
    outer loop
      vertex 60.5909 71.511 21.2
      vertex 60.3842 71.5437 21.2
      vertex 60.5387 71.0137 2
    endloop
  endfacet
  facet normal -0.933365 0.357987 0.025996
    outer loop
      vertex 58.5161 74.5168 2
      vertex 58.4224 74.2725 2
      vertex 58.8979 74.118 21.2
    endloop
  endfacet
  facet normal -0.357987 -0.933365 0.025996
    outer loop
      vertex 60.182 71.5979 21.2
      vertex 59.7832 71.2161 2
      vertex 60.0275 71.1224 2
    endloop
  endfacet
  facet normal -0.156224 -0.987379 0.0259987
    outer loop
      vertex 60.3842 71.5437 21.2
      vertex 60.2802 71.0546 2
      vertex 60.5387 71.0137 2
    endloop
  endfacet
  facet normal 0.890738 0.453772 0.0259969
    outer loop
      vertex 62.9651 74.75 2
      vertex 62.6271 74.3135 21.2
      vertex 63.0839 74.5168 2
    endloop
  endfacet
  facet normal 0.0523405 0.998291 0.0259972
    outer loop
      vertex 60.8 76 2
      vertex 60.8 75.5 21.2
      vertex 61.0613 75.9863 2
    endloop
  endfacet
  facet normal 0.965514 -0.25905 0.0259961
    outer loop
      vertex 63.2454 72.9802 2
      vertex 62.7021 72.882 21.2
      vertex 63.1776 72.7275 2
    endloop
  endfacet
  facet normal 0.838247 -0.54467 0.0259963
    outer loop
      vertex 62.5321 72.5 21.2
      vertex 62.418 72.3244 21.2
      vertex 62.9651 72.25 2
    endloop
  endfacet
  facet normal -0.453772 0.890738 0.0259969
    outer loop
      vertex 59.7832 75.7839 2
      vertex 59.55 75.6651 2
      vertex 59.9865 75.3271 21.2
    endloop
  endfacet
  facet normal 0.156224 0.987379 0.0259987
    outer loop
      vertex 61.3198 75.9454 2
      vertex 61.0613 75.9863 2
      vertex 61.2158 75.4563 21.2
    endloop
  endfacet
  facet normal -0.838291 0.544603 0.0259964
    outer loop
      vertex 58.7775 74.9695 2
      vertex 58.6349 74.75 2
      vertex 59.0679 74.5 21.2
    endloop
  endfacet
  facet normal -0.629041 -0.776938 0.0259972
    outer loop
      vertex 59.6244 71.882 21.2
      vertex 59.1272 71.6421 2
      vertex 59.3305 71.4775 2
    endloop
  endfacet
  facet normal 0.933365 0.357987 0.0259969
    outer loop
      vertex 63.0839 74.5168 2
      vertex 62.6271 74.3135 21.2
      vertex 63.1776 74.2725 2
    endloop
  endfacet
  facet normal -0.933365 -0.357987 0.025996
    outer loop
      vertex 58.8979 72.882 21.2
      vertex 58.4224 72.7275 2
      vertex 58.5161 72.4832 2
    endloop
  endfacet
  facet normal 0.156224 -0.987379 0.0259987
    outer loop
      vertex 61.2158 71.5437 21.2
      vertex 61.0613 71.0137 2
      vertex 61.3198 71.0546 2
    endloop
  endfacet
  facet normal 0.987379 0.156224 0.0259989
    outer loop
      vertex 63.2454 74.0198 2
      vertex 62.789 73.7091 21.2
      vertex 63.2863 73.7613 2
    endloop
  endfacet
  facet normal -0.544603 -0.838291 0.0259973
    outer loop
      vertex 59.6244 71.882 21.2
      vertex 59.3305 71.4775 2
      vertex 59.55 71.3349 2
    endloop
  endfacet
  facet normal -0.258824 -0.965575 0.025999
    outer loop
      vertex 60.3842 71.5437 21.2
      vertex 60.182 71.5979 21.2
      vertex 60.2802 71.0546 2
    endloop
  endfacet
  facet normal 0.987383 -0.156204 0.0259986
    outer loop
      vertex 62.789 73.2909 21.2
      vertex 62.7563 73.0842 21.2
      vertex 63.2454 72.9802 2
    endloop
  endfacet
  facet normal -0.890757 0.453737 0.025997
    outer loop
      vertex 59.0679 74.5 21.2
      vertex 58.5161 74.5168 2
      vertex 58.9729 74.3135 21.2
    endloop
  endfacet
  facet normal 0.890757 -0.453737 0.0259964
    outer loop
      vertex 62.6271 72.6865 21.2
      vertex 62.5321 72.5 21.2
      vertex 62.9651 72.25 2
    endloop
  endfacet
  facet normal -0.706868 -0.706868 0.0259958
    outer loop
      vertex 58.9421 71.8272 2
      vertex 59.4617 72.0137 21.2
      vertex 59.3137 72.1617 21.2
    endloop
  endfacet
  facet normal -0.706868 -0.706868 0.0259958
    outer loop
      vertex 59.4617 72.0137 21.2
      vertex 58.9421 71.8272 2
      vertex 59.1272 71.6421 2
    endloop
  endfacet
  facet normal -0.987383 -0.156204 0.0259989
    outer loop
      vertex 58.811 73.2909 21.2
      vertex 58.3137 73.2387 2
      vertex 58.8437 73.0842 21.2
    endloop
  endfacet
  facet normal -0.998291 -0.0523405 0.0259972
    outer loop
      vertex 58.8 73.5 21.2
      vertex 58.3 73.5 2
      vertex 58.3137 73.2387 2
    endloop
  endfacet
  facet normal 0.965575 0.258824 0.025999
    outer loop
      vertex 63.2454 74.0198 2
      vertex 62.7021 74.118 21.2
      vertex 62.7563 73.9158 21.2
    endloop
  endfacet
  facet normal -0.052516 -0.998282 0.0259993
    outer loop
      vertex 60.5387 71.0137 2
      vertex 60.8 71.5 21.2
      vertex 60.5909 71.511 21.2
    endloop
  endfacet
  facet normal -0.0523405 -0.998291 0.0259972
    outer loop
      vertex 60.8 71.5 21.2
      vertex 60.5387 71.0137 2
      vertex 60.8 71 2
    endloop
  endfacet
  facet normal -0.933337 -0.358058 0.025997
    outer loop
      vertex 58.8979 72.882 21.2
      vertex 58.5161 72.4832 2
      vertex 58.9729 72.6865 21.2
    endloop
  endfacet
  facet normal 0 0 1
    outer loop
      vertex 62.789 73.7091 21.2
      vertex 62.789 73.2909 21.2
      vertex 62.8 73.5 21.2
    endloop
  endfacet
  facet normal 0 0 1
    outer loop
      vertex 62.7563 73.9158 21.2
      vertex 62.789 73.2909 21.2
      vertex 62.789 73.7091 21.2
    endloop
  endfacet
  facet normal 0 0 1
    outer loop
      vertex 62.7563 73.9158 21.2
      vertex 62.7563 73.0842 21.2
      vertex 62.789 73.2909 21.2
    endloop
  endfacet
  facet normal 0 0 1
    outer loop
      vertex 62.7021 74.118 21.2
      vertex 62.7563 73.0842 21.2
      vertex 62.7563 73.9158 21.2
    endloop
  endfacet
  facet normal 0 0 1
    outer loop
      vertex 62.7021 74.118 21.2
      vertex 62.7021 72.882 21.2
      vertex 62.7563 73.0842 21.2
    endloop
  endfacet
  facet normal 0 0 1
    outer loop
      vertex 62.6271 74.3135 21.2
      vertex 62.7021 72.882 21.2
      vertex 62.7021 74.118 21.2
    endloop
  endfacet
  facet normal 0 0 1
    outer loop
      vertex 62.6271 74.3135 21.2
      vertex 62.6271 72.6865 21.2
      vertex 62.7021 72.882 21.2
    endloop
  endfacet
  facet normal 0 0 1
    outer loop
      vertex 62.5321 74.5 21.2
      vertex 62.6271 72.6865 21.2
      vertex 62.6271 74.3135 21.2
    endloop
  endfacet
  facet normal 0 0 1
    outer loop
      vertex 62.5321 74.5 21.2
      vertex 62.5321 72.5 21.2
      vertex 62.6271 72.6865 21.2
    endloop
  endfacet
  facet normal 0 0 1
    outer loop
      vertex 62.418 74.6756 21.2
      vertex 62.5321 72.5 21.2
      vertex 62.5321 74.5 21.2
    endloop
  endfacet
  facet normal 0 0 1
    outer loop
      vertex 62.418 74.6756 21.2
      vertex 62.418 72.3244 21.2
      vertex 62.5321 72.5 21.2
    endloop
  endfacet
  facet normal 0 0 1
    outer loop
      vertex 62.2863 74.8383 21.2
      vertex 62.418 72.3244 21.2
      vertex 62.418 74.6756 21.2
    endloop
  endfacet
  facet normal 0 0 1
    outer loop
      vertex 62.2863 74.8383 21.2
      vertex 62.2863 72.1617 21.2
      vertex 62.418 72.3244 21.2
    endloop
  endfacet
  facet normal 0 0 1
    outer loop
      vertex 62.1383 74.9863 21.2
      vertex 62.2863 72.1617 21.2
      vertex 62.2863 74.8383 21.2
    endloop
  endfacet
  facet normal 0 0 1
    outer loop
      vertex 62.1383 74.9863 21.2
      vertex 62.1383 72.0137 21.2
      vertex 62.2863 72.1617 21.2
    endloop
  endfacet
  facet normal 0 0 1
    outer loop
      vertex 61.9756 75.118 21.2
      vertex 62.1383 72.0137 21.2
      vertex 62.1383 74.9863 21.2
    endloop
  endfacet
  facet normal 0 0 1
    outer loop
      vertex 61.9756 75.118 21.2
      vertex 61.9756 71.882 21.2
      vertex 62.1383 72.0137 21.2
    endloop
  endfacet
  facet normal 0 0 1
    outer loop
      vertex 61.8 75.232 21.2
      vertex 61.9756 71.882 21.2
      vertex 61.9756 75.118 21.2
    endloop
  endfacet
  facet normal 0 0 1
    outer loop
      vertex 61.8 75.232 21.2
      vertex 61.8 71.768 21.2
      vertex 61.9756 71.882 21.2
    endloop
  endfacet
  facet normal 0 0 1
    outer loop
      vertex 61.6135 75.3271 21.2
      vertex 61.8 71.768 21.2
      vertex 61.8 75.232 21.2
    endloop
  endfacet
  facet normal 0 0 1
    outer loop
      vertex 61.6135 75.3271 21.2
      vertex 61.6135 71.6729 21.2
      vertex 61.8 71.768 21.2
    endloop
  endfacet
  facet normal 0 0 1
    outer loop
      vertex 61.418 75.4021 21.2
      vertex 61.6135 71.6729 21.2
      vertex 61.6135 75.3271 21.2
    endloop
  endfacet
  facet normal 0 0 1
    outer loop
      vertex 61.418 75.4021 21.2
      vertex 61.418 71.5979 21.2
      vertex 61.6135 71.6729 21.2
    endloop
  endfacet
  facet normal 0 0 1
    outer loop
      vertex 61.2158 75.4563 21.2
      vertex 61.418 71.5979 21.2
      vertex 61.418 75.4021 21.2
    endloop
  endfacet
  facet normal 0 0 1
    outer loop
      vertex 61.2158 75.4563 21.2
      vertex 61.2158 71.5437 21.2
      vertex 61.418 71.5979 21.2
    endloop
  endfacet
  facet normal 0 0 1
    outer loop
      vertex 61.0091 75.489 21.2
      vertex 61.2158 71.5437 21.2
      vertex 61.2158 75.4563 21.2
    endloop
  endfacet
  facet normal 0 0 1
    outer loop
      vertex 61.0091 75.489 21.2
      vertex 61.0091 71.511 21.2
      vertex 61.2158 71.5437 21.2
    endloop
  endfacet
  facet normal 0 0 1
    outer loop
      vertex 60.8 75.5 21.2
      vertex 61.0091 71.511 21.2
      vertex 61.0091 75.489 21.2
    endloop
  endfacet
  facet normal 0 0 1
    outer loop
      vertex 60.8 75.5 21.2
      vertex 60.8 71.5 21.2
      vertex 61.0091 71.511 21.2
    endloop
  endfacet
  facet normal -0 0 1
    outer loop
      vertex 60.5909 75.489 21.2
      vertex 60.8 71.5 21.2
      vertex 60.8 75.5 21.2
    endloop
  endfacet
  facet normal 0 0 1
    outer loop
      vertex 60.5909 75.489 21.2
      vertex 60.5909 71.511 21.2
      vertex 60.8 71.5 21.2
    endloop
  endfacet
  facet normal -0 0 1
    outer loop
      vertex 60.3842 75.4563 21.2
      vertex 60.5909 71.511 21.2
      vertex 60.5909 75.489 21.2
    endloop
  endfacet
  facet normal 0 0 1
    outer loop
      vertex 60.3842 75.4563 21.2
      vertex 60.3842 71.5437 21.2
      vertex 60.5909 71.511 21.2
    endloop
  endfacet
  facet normal -0 0 1
    outer loop
      vertex 60.182 75.4021 21.2
      vertex 60.3842 71.5437 21.2
      vertex 60.3842 75.4563 21.2
    endloop
  endfacet
  facet normal 0 0 1
    outer loop
      vertex 60.182 75.4021 21.2
      vertex 60.182 71.5979 21.2
      vertex 60.3842 71.5437 21.2
    endloop
  endfacet
  facet normal -0 0 1
    outer loop
      vertex 59.9865 75.3271 21.2
      vertex 60.182 71.5979 21.2
      vertex 60.182 75.4021 21.2
    endloop
  endfacet
  facet normal 0 0 1
    outer loop
      vertex 59.9865 75.3271 21.2
      vertex 59.9865 71.6729 21.2
      vertex 60.182 71.5979 21.2
    endloop
  endfacet
  facet normal -0 0 1
    outer loop
      vertex 59.8 75.232 21.2
      vertex 59.9865 71.6729 21.2
      vertex 59.9865 75.3271 21.2
    endloop
  endfacet
  facet normal 0 0 1
    outer loop
      vertex 59.8 75.232 21.2
      vertex 59.8 71.768 21.2
      vertex 59.9865 71.6729 21.2
    endloop
  endfacet
  facet normal -0 0 1
    outer loop
      vertex 59.6244 75.118 21.2
      vertex 59.8 71.768 21.2
      vertex 59.8 75.232 21.2
    endloop
  endfacet
  facet normal 0 0 1
    outer loop
      vertex 59.6244 75.118 21.2
      vertex 59.6244 71.882 21.2
      vertex 59.8 71.768 21.2
    endloop
  endfacet
  facet normal -0 0 1
    outer loop
      vertex 59.4617 74.9863 21.2
      vertex 59.6244 71.882 21.2
      vertex 59.6244 75.118 21.2
    endloop
  endfacet
  facet normal 0 0 1
    outer loop
      vertex 59.4617 74.9863 21.2
      vertex 59.4617 72.0137 21.2
      vertex 59.6244 71.882 21.2
    endloop
  endfacet
  facet normal -0 0 1
    outer loop
      vertex 59.3137 74.8383 21.2
      vertex 59.4617 72.0137 21.2
      vertex 59.4617 74.9863 21.2
    endloop
  endfacet
  facet normal 0 0 1
    outer loop
      vertex 59.3137 74.8383 21.2
      vertex 59.3137 72.1617 21.2
      vertex 59.4617 72.0137 21.2
    endloop
  endfacet
  facet normal -0 0 1
    outer loop
      vertex 59.182 74.6756 21.2
      vertex 59.3137 72.1617 21.2
      vertex 59.3137 74.8383 21.2
    endloop
  endfacet
  facet normal 0 0 1
    outer loop
      vertex 59.182 74.6756 21.2
      vertex 59.182 72.3244 21.2
      vertex 59.3137 72.1617 21.2
    endloop
  endfacet
  facet normal -0 0 1
    outer loop
      vertex 59.0679 74.5 21.2
      vertex 59.182 72.3244 21.2
      vertex 59.182 74.6756 21.2
    endloop
  endfacet
  facet normal 0 0 1
    outer loop
      vertex 59.0679 74.5 21.2
      vertex 59.0679 72.5 21.2
      vertex 59.182 72.3244 21.2
    endloop
  endfacet
  facet normal -0 0 1
    outer loop
      vertex 58.9729 74.3135 21.2
      vertex 59.0679 72.5 21.2
      vertex 59.0679 74.5 21.2
    endloop
  endfacet
  facet normal 0 0 1
    outer loop
      vertex 58.9729 74.3135 21.2
      vertex 58.9729 72.6865 21.2
      vertex 59.0679 72.5 21.2
    endloop
  endfacet
  facet normal -0 0 1
    outer loop
      vertex 58.8979 74.118 21.2
      vertex 58.9729 72.6865 21.2
      vertex 58.9729 74.3135 21.2
    endloop
  endfacet
  facet normal 0 0 1
    outer loop
      vertex 58.8979 74.118 21.2
      vertex 58.8979 72.882 21.2
      vertex 58.9729 72.6865 21.2
    endloop
  endfacet
  facet normal -0 0 1
    outer loop
      vertex 58.8437 73.9158 21.2
      vertex 58.8979 72.882 21.2
      vertex 58.8979 74.118 21.2
    endloop
  endfacet
  facet normal 0 0 1
    outer loop
      vertex 58.8437 73.9158 21.2
      vertex 58.8437 73.0842 21.2
      vertex 58.8979 72.882 21.2
    endloop
  endfacet
  facet normal -0 0 1
    outer loop
      vertex 58.811 73.7091 21.2
      vertex 58.8437 73.0842 21.2
      vertex 58.8437 73.9158 21.2
    endloop
  endfacet
  facet normal 0 0 1
    outer loop
      vertex 58.811 73.7091 21.2
      vertex 58.811 73.2909 21.2
      vertex 58.8437 73.0842 21.2
    endloop
  endfacet
  facet normal 0 -0 1
    outer loop
      vertex 58.811 73.2909 21.2
      vertex 58.811 73.7091 21.2
      vertex 58.8 73.5 21.2
    endloop
  endfacet
endsolid OpenSCAD_Model
