solid OpenSCAD_Model
  facet normal 0.0490644 -0.998796 0
    outer loop
      vertex 71.5 0 0
      vertex 71.9411 0.0216684 10
      vertex 71.5 0 10
    endloop
  endfacet
  facet normal 0.0490644 -0.998796 0
    outer loop
      vertex 71.9411 0.0216684 10
      vertex 71.5 0 0
      vertex 71.9411 0.0216684 0
    endloop
  endfacet
  facet normal 0.998792 -0.049138 0
    outer loop
      vertex 75.9783 4.05892 10
      vertex 76 4.5 0
      vertex 76 4.5 10
    endloop
  endfacet
  facet normal 0.998792 -0.049138 0
    outer loop
      vertex 76 4.5 0
      vertex 75.9783 4.05892 10
      vertex 75.9783 4.05892 0
    endloop
  endfacet
  facet normal 0.514084 -0.85774 0
    outer loop
      vertex 73.6213 0.531354 0
      vertex 74.0001 0.758387 10
      vertex 73.6213 0.531354 10
    endloop
  endfacet
  facet normal 0.514084 -0.85774 0
    outer loop
      vertex 74.0001 0.758387 10
      vertex 73.6213 0.531354 0
      vertex 74.0001 0.758387 0
    endloop
  endfacet
  facet normal -0.671564 -0.740946 0
    outer loop
      vertex 1.31802 1.31802 0
      vertex 1.64523 1.02145 10
      vertex 1.31802 1.31802 10
    endloop
  endfacet
  facet normal -0.671564 -0.740946 -0
    outer loop
      vertex 1.64523 1.02145 10
      vertex 1.31802 1.31802 0
      vertex 1.64523 1.02145 0
    endloop
  endfacet
  facet normal 1 0 0
    outer loop
      vertex 76 78 11.8337
      vertex 76 66.6463 18.2988
      vertex 76 66.6609 17.8672
    endloop
  endfacet
  facet normal 1 0 0
    outer loop
      vertex 76 74.0492 30.0114
      vertex 76 66.5895 18.7268
      vertex 76 66.6463 18.2988
    endloop
  endfacet
  facet normal 1 0 0
    outer loop
      vertex 76 74.0492 30.0114
      vertex 76 66.491 19.1472
      vertex 76 66.5895 18.7268
    endloop
  endfacet
  facet normal 1 0 0
    outer loop
      vertex 76 74.0492 30.0114
      vertex 76 66.3517 19.556
      vertex 76 66.491 19.1472
    endloop
  endfacet
  facet normal 1 0 0
    outer loop
      vertex 76 74.0492 30.0114
      vertex 76 66.1731 19.9491
      vertex 76 66.3517 19.556
    endloop
  endfacet
  facet normal 1 0 0
    outer loop
      vertex 76 74.0492 30.0114
      vertex 76 65.9568 20.3228
      vertex 76 66.1731 19.9491
    endloop
  endfacet
  facet normal 1 0 0
    outer loop
      vertex 76 74.0492 30.0114
      vertex 76 65.7049 20.6735
      vertex 76 65.9568 20.3228
    endloop
  endfacet
  facet normal 1 0 0
    outer loop
      vertex 76 74.0492 30.0114
      vertex 76 65.4198 20.9978
      vertex 76 65.7049 20.6735
    endloop
  endfacet
  facet normal 1 0 0
    outer loop
      vertex 76 74.0492 30.0114
      vertex 76 65.1044 21.2927
      vertex 76 65.4198 20.9978
    endloop
  endfacet
  facet normal 1 0 0
    outer loop
      vertex 76 74.0492 30.0114
      vertex 76 64.7615 21.5551
      vertex 76 65.1044 21.2927
    endloop
  endfacet
  facet normal 1 0 0
    outer loop
      vertex 76 74.0492 30.0114
      vertex 76 64.3946 21.7828
      vertex 76 64.7615 21.5551
    endloop
  endfacet
  facet normal 1 0 0
    outer loop
      vertex 76 74.0464 30.021
      vertex 76 64.0071 21.9733
      vertex 76 64.3946 21.7828
    endloop
  endfacet
  facet normal 1 0 0
    outer loop
      vertex 76 74.0464 30.021
      vertex 76 63.6028 22.125
      vertex 76 64.0071 21.9733
    endloop
  endfacet
  facet normal 1 0 0
    outer loop
      vertex 76 74.0464 30.021
      vertex 76 63.1856 22.2363
      vertex 76 63.6028 22.125
    endloop
  endfacet
  facet normal 1 0 0
    outer loop
      vertex 76 74.0464 30.021
      vertex 76 62.7595 22.3061
      vertex 76 63.1856 22.2363
    endloop
  endfacet
  facet normal 1 0 0
    outer loop
      vertex 76 74.0464 30.021
      vertex 76 62.3286 22.3339
      vertex 76 62.7595 22.3061
    endloop
  endfacet
  facet normal 1 0 0
    outer loop
      vertex 76 74.0464 30.021
      vertex 76 61.8971 22.3193
      vertex 76 62.3286 22.3339
    endloop
  endfacet
  facet normal 1 0 0
    outer loop
      vertex 76 74.0464 30.021
      vertex 76 61.469 22.2625
      vertex 76 61.8971 22.3193
    endloop
  endfacet
  facet normal 1 0 0
    outer loop
      vertex 76 74.0464 30.021
      vertex 76 61.0486 22.164
      vertex 76 61.469 22.2625
    endloop
  endfacet
  facet normal 1 0 0
    outer loop
      vertex 76 74.0464 30.021
      vertex 76 54.5121 20.2896
      vertex 76 61.0486 22.164
    endloop
  endfacet
  facet normal 1 0 0
    outer loop
      vertex 76 35 18.8246
      vertex 76 54.5121 20.2896
      vertex 76 74.0464 30.021
    endloop
  endfacet
  facet normal 1 0 0
    outer loop
      vertex 76 54.5121 20.2896
      vertex 76 35 18.8246
      vertex 76 54.1033 20.1504
    endloop
  endfacet
  facet normal 1 0 0
    outer loop
      vertex 76 51.3532 16.5582
      vertex 76 35 18.8246
      vertex 76 51.3254 16.1273
    endloop
  endfacet
  facet normal 1 0 0
    outer loop
      vertex 76 51.423 16.9843
      vertex 76 35 18.8246
      vertex 76 51.3532 16.5582
    endloop
  endfacet
  facet normal 1 0 0
    outer loop
      vertex 76 51.5343 17.4015
      vertex 76 35 18.8246
      vertex 76 51.423 16.9843
    endloop
  endfacet
  facet normal 1 0 0
    outer loop
      vertex 76 51.686 17.8058
      vertex 76 35 18.8246
      vertex 76 51.5343 17.4015
    endloop
  endfacet
  facet normal 1 0 0
    outer loop
      vertex 76 51.8765 18.1933
      vertex 76 35 18.8246
      vertex 76 51.686 17.8058
    endloop
  endfacet
  facet normal 1 0 0
    outer loop
      vertex 76 52.1041 18.5602
      vertex 76 35 18.8246
      vertex 76 51.8765 18.1933
    endloop
  endfacet
  facet normal 1 0 0
    outer loop
      vertex 76 52.3666 18.903
      vertex 76 35 18.8246
      vertex 76 52.1041 18.5602
    endloop
  endfacet
  facet normal 1 0 0
    outer loop
      vertex 76 52.6615 19.2185
      vertex 76 35 18.8246
      vertex 76 52.3666 18.903
    endloop
  endfacet
  facet normal 1 0 0
    outer loop
      vertex 76 52.9858 19.5036
      vertex 76 35 18.8246
      vertex 76 52.6615 19.2185
    endloop
  endfacet
  facet normal 1 0 0
    outer loop
      vertex 76 53.3365 19.7555
      vertex 76 35 18.8246
      vertex 76 52.9858 19.5036
    endloop
  endfacet
  facet normal 1 0 0
    outer loop
      vertex 76 53.7102 19.9718
      vertex 76 35 18.8246
      vertex 76 53.3365 19.7555
    endloop
  endfacet
  facet normal 1 0 0
    outer loop
      vertex 76 54.1033 20.1504
      vertex 76 35 18.8246
      vertex 76 53.7102 19.9718
    endloop
  endfacet
  facet normal 1 -0 0
    outer loop
      vertex 76 66.6463 18.2988
      vertex 76 78 11.8337
      vertex 76 74.0492 30.0114
    endloop
  endfacet
  facet normal 1 0 0
    outer loop
      vertex 76 64.3946 21.7828
      vertex 76 74.0492 30.0114
      vertex 76 74.0464 30.021
    endloop
  endfacet
  facet normal 1 0 0
    outer loop
      vertex 76 78 11.8337
      vertex 76 66.6609 17.8672
      vertex 76 66.6331 17.4364
    endloop
  endfacet
  facet normal 1 -0 0
    outer loop
      vertex 76 66.5633 17.0102
      vertex 76 78 11.8337
      vertex 76 66.6331 17.4364
    endloop
  endfacet
  facet normal 1 -0 0
    outer loop
      vertex 76 66.452 16.593
      vertex 76 78 11.8337
      vertex 76 66.5633 17.0102
    endloop
  endfacet
  facet normal 1 -0 0
    outer loop
      vertex 76 66.3003 16.1888
      vertex 76 78 11.8337
      vertex 76 66.452 16.593
    endloop
  endfacet
  facet normal 1 -0 0
    outer loop
      vertex 76 66.1098 15.8013
      vertex 76 78 11.8337
      vertex 76 66.3003 16.1888
    endloop
  endfacet
  facet normal 1 -0 0
    outer loop
      vertex 76 65.8821 15.4343
      vertex 76 78 11.8337
      vertex 76 66.1098 15.8013
    endloop
  endfacet
  facet normal 1 -0 0
    outer loop
      vertex 76 65.6197 15.0915
      vertex 76 78 11.8337
      vertex 76 65.8821 15.4343
    endloop
  endfacet
  facet normal 1 -0 0
    outer loop
      vertex 76 65.3248 14.776
      vertex 76 78 11.8337
      vertex 76 65.6197 15.0915
    endloop
  endfacet
  facet normal 1 -0 0
    outer loop
      vertex 76 65.0005 14.491
      vertex 76 78 11.8337
      vertex 76 65.3248 14.776
    endloop
  endfacet
  facet normal 1 -0 0
    outer loop
      vertex 76 64.6498 14.2391
      vertex 76 78 11.8337
      vertex 76 65.0005 14.491
    endloop
  endfacet
  facet normal 1 0 0
    outer loop
      vertex 76 78 11.8337
      vertex 76 64.6498 14.2391
      vertex 76 78 0
    endloop
  endfacet
  facet normal 1 -0 0
    outer loop
      vertex 76 64.2761 14.0228
      vertex 76 78 0
      vertex 76 64.6498 14.2391
    endloop
  endfacet
  facet normal 1 -0 0
    outer loop
      vertex 76 63.883 13.8441
      vertex 76 78 0
      vertex 76 64.2761 14.0228
    endloop
  endfacet
  facet normal 1 -0 0
    outer loop
      vertex 76 63.4742 13.7049
      vertex 76 78 0
      vertex 76 63.883 13.8441
    endloop
  endfacet
  facet normal 1 -0 0
    outer loop
      vertex 76 56.9377 11.8306
      vertex 76 78 0
      vertex 76 63.4742 13.7049
    endloop
  endfacet
  facet normal 1 -0 0
    outer loop
      vertex 76 56.5173 11.7321
      vertex 76 78 0
      vertex 76 56.9377 11.8306
    endloop
  endfacet
  facet normal 1 -0 0
    outer loop
      vertex 76 56.0892 11.6752
      vertex 76 78 0
      vertex 76 56.5173 11.7321
    endloop
  endfacet
  facet normal 1 -0 0
    outer loop
      vertex 76 55.6577 11.6606
      vertex 76 78 0
      vertex 76 56.0892 11.6752
    endloop
  endfacet
  facet normal 1 0 0
    outer loop
      vertex 76 55.2268 11.6884
      vertex 76 78 0
      vertex 76 55.6577 11.6606
    endloop
  endfacet
  facet normal 1 0 0
    outer loop
      vertex 76 54.8007 11.7583
      vertex 76 78 0
      vertex 76 55.2268 11.6884
    endloop
  endfacet
  facet normal 1 0 0
    outer loop
      vertex 76 32 10
      vertex 76 54.8007 11.7583
      vertex 76 54.3835 11.8696
    endloop
  endfacet
  facet normal 1 0 0
    outer loop
      vertex 76 32 10
      vertex 76 54.3835 11.8696
      vertex 76 53.9792 12.0212
    endloop
  endfacet
  facet normal 1 0 0
    outer loop
      vertex 76 32 10
      vertex 76 53.9792 12.0212
      vertex 76 53.5917 12.2118
    endloop
  endfacet
  facet normal 1 0 0
    outer loop
      vertex 76 35 18.8246
      vertex 76 51.34 15.6957
      vertex 76 51.3254 16.1273
    endloop
  endfacet
  facet normal 1 0 0
    outer loop
      vertex 76 35 18.8246
      vertex 76 51.3968 15.2677
      vertex 76 51.34 15.6957
    endloop
  endfacet
  facet normal 1 0 0
    outer loop
      vertex 76 35 18.8246
      vertex 76 51.4953 14.8473
      vertex 76 51.3968 15.2677
    endloop
  endfacet
  facet normal 1 0 0
    outer loop
      vertex 76 32 11.8337
      vertex 76 51.4953 14.8473
      vertex 76 35 18.8246
    endloop
  endfacet
  facet normal 1 0 0
    outer loop
      vertex 76 51.4953 14.8473
      vertex 76 32 11.8337
      vertex 76 51.6346 14.4386
    endloop
  endfacet
  facet normal 1 0 0
    outer loop
      vertex 76 32 10
      vertex 76 51.6346 14.4386
      vertex 76 32 11.8337
    endloop
  endfacet
  facet normal 1 0 0
    outer loop
      vertex 76 51.6346 14.4386
      vertex 76 32 10
      vertex 76 51.8132 14.0455
    endloop
  endfacet
  facet normal 1 0 0
    outer loop
      vertex 76 51.8132 14.0455
      vertex 76 32 10
      vertex 76 52.0295 13.6717
    endloop
  endfacet
  facet normal 1 0 0
    outer loop
      vertex 76 52.0295 13.6717
      vertex 76 32 10
      vertex 76 52.2814 13.3211
    endloop
  endfacet
  facet normal 1 0 0
    outer loop
      vertex 76 52.2814 13.3211
      vertex 76 32 10
      vertex 76 52.5665 12.9967
    endloop
  endfacet
  facet normal 1 0 0
    outer loop
      vertex 76 52.5665 12.9967
      vertex 76 32 10
      vertex 76 52.8819 12.7019
    endloop
  endfacet
  facet normal 1 0 0
    outer loop
      vertex 76 52.8819 12.7019
      vertex 76 32 10
      vertex 76 53.2248 12.4394
    endloop
  endfacet
  facet normal 1 0 0
    outer loop
      vertex 76 53.2248 12.4394
      vertex 76 32 10
      vertex 76 53.5917 12.2118
    endloop
  endfacet
  facet normal 1 0 0
    outer loop
      vertex 76 54.8007 11.7583
      vertex 76 32 10
      vertex 76 78 0
    endloop
  endfacet
  facet normal 1 0 0
    outer loop
      vertex 76 4.5 0
      vertex 76 32 10
      vertex 76 4.5 10
    endloop
  endfacet
  facet normal 1 0 0
    outer loop
      vertex 76 32 10
      vertex 76 4.5 0
      vertex 76 78 0
    endloop
  endfacet
  facet normal -0.941545 -0.336887 0
    outer loop
      vertex 0.342542 2.77792 0
      vertex 0.193768 3.19372 10
      vertex 0.193768 3.19372 0
    endloop
  endfacet
  facet normal -0.941545 -0.336887 0
    outer loop
      vertex 0.193768 3.19372 10
      vertex 0.342542 2.77792 0
      vertex 0.342542 2.77792 10
    endloop
  endfacet
  facet normal -1 0 0
    outer loop
      vertex 0 32 10
      vertex 0 78 11.8337
      vertex 0 78 0
    endloop
  endfacet
  facet normal -1 0 0
    outer loop
      vertex 0 78 11.8337
      vertex 0 35 18.8246
      vertex 0 74.0492 30.0114
    endloop
  endfacet
  facet normal -1 -0 0
    outer loop
      vertex 0 74.0492 30.0114
      vertex 0 35 18.8246
      vertex 0 74.0464 30.021
    endloop
  endfacet
  facet normal -1 -0 0
    outer loop
      vertex 0 78 11.8337
      vertex 0 32 10
      vertex 0 35 18.8246
    endloop
  endfacet
  facet normal -1 0 0
    outer loop
      vertex 0 4.5 0
      vertex 0 32 10
      vertex 0 78 0
    endloop
  endfacet
  facet normal -1 -0 0
    outer loop
      vertex 0 32 10
      vertex 0 4.5 0
      vertex 0 4.5 10
    endloop
  endfacet
  facet normal -1 0 0
    outer loop
      vertex 0 35 18.8246
      vertex 0 32 10
      vertex 0 32 11.8337
    endloop
  endfacet
  facet normal -0.803208 -0.595699 0
    outer loop
      vertex 1.02145 1.64523 0
      vertex 0.758387 1.99993 10
      vertex 0.758387 1.99993 0
    endloop
  endfacet
  facet normal -0.803208 -0.595699 0
    outer loop
      vertex 0.758387 1.99993 10
      vertex 1.02145 1.64523 0
      vertex 1.02145 1.64523 10
    endloop
  endfacet
  facet normal 0.427563 -0.903985 0
    outer loop
      vertex 73.2221 0.342542 0
      vertex 73.6213 0.531354 10
      vertex 73.2221 0.342542 10
    endloop
  endfacet
  facet normal 0.427563 -0.903985 0
    outer loop
      vertex 73.6213 0.531354 10
      vertex 73.2221 0.342542 0
      vertex 73.6213 0.531354 0
    endloop
  endfacet
  facet normal -0.14673 -0.989177 0
    outer loop
      vertex 3.62209 0.0864658 0
      vertex 4.05892 0.0216684 10
      vertex 3.62209 0.0864658 10
    endloop
  endfacet
  facet normal -0.14673 -0.989177 -0
    outer loop
      vertex 4.05892 0.0216684 10
      vertex 3.62209 0.0864658 0
      vertex 4.05892 0.0216684 0
    endloop
  endfacet
  facet normal -0.740946 -0.671564 0
    outer loop
      vertex 1.31802 1.31802 0
      vertex 1.02145 1.64523 10
      vertex 1.02145 1.64523 0
    endloop
  endfacet
  facet normal -0.740946 -0.671564 0
    outer loop
      vertex 1.02145 1.64523 10
      vertex 1.31802 1.31802 0
      vertex 1.31802 1.31802 10
    endloop
  endfacet
  facet normal 0.671575 -0.740936 0
    outer loop
      vertex 74.3548 1.02145 0
      vertex 74.682 1.31802 10
      vertex 74.3548 1.02145 10
    endloop
  endfacet
  facet normal 0.671575 -0.740936 0
    outer loop
      vertex 74.682 1.31802 10
      vertex 74.3548 1.02145 0
      vertex 74.682 1.31802 0
    endloop
  endfacet
  facet normal 0.989176 -0.146736 0
    outer loop
      vertex 75.9135 3.62209 10
      vertex 75.9783 4.05892 0
      vertex 75.9783 4.05892 10
    endloop
  endfacet
  facet normal 0.989176 -0.146736 0
    outer loop
      vertex 75.9783 4.05892 0
      vertex 75.9135 3.62209 10
      vertex 75.9135 3.62209 0
    endloop
  endfacet
  facet normal -0.427555 -0.90399 0
    outer loop
      vertex 2.37871 0.531354 0
      vertex 2.77792 0.342542 10
      vertex 2.37871 0.531354 10
    endloop
  endfacet
  facet normal -0.427555 -0.90399 -0
    outer loop
      vertex 2.77792 0.342542 10
      vertex 2.37871 0.531354 0
      vertex 2.77792 0.342542 0
    endloop
  endfacet
  facet normal -0.595699 -0.803208 0
    outer loop
      vertex 1.64523 1.02145 0
      vertex 1.99993 0.758387 10
      vertex 1.64523 1.02145 10
    endloop
  endfacet
  facet normal -0.595699 -0.803208 -0
    outer loop
      vertex 1.99993 0.758387 10
      vertex 1.64523 1.02145 0
      vertex 1.99993 0.758387 0
    endloop
  endfacet
  facet normal -0.857728 -0.514104 0
    outer loop
      vertex 0.758387 1.99993 0
      vertex 0.531354 2.37871 10
      vertex 0.531354 2.37871 0
    endloop
  endfacet
  facet normal -0.857728 -0.514104 0
    outer loop
      vertex 0.531354 2.37871 10
      vertex 0.758387 1.99993 0
      vertex 0.758387 1.99993 10
    endloop
  endfacet
  facet normal 0.595699 -0.803208 0
    outer loop
      vertex 74.0001 0.758387 0
      vertex 74.3548 1.02145 10
      vertex 74.0001 0.758387 10
    endloop
  endfacet
  facet normal 0.595699 -0.803208 0
    outer loop
      vertex 74.3548 1.02145 10
      vertex 74.0001 0.758387 0
      vertex 74.3548 1.02145 0
    endloop
  endfacet
  facet normal -0.514104 -0.857728 0
    outer loop
      vertex 1.99993 0.758387 0
      vertex 2.37871 0.531354 10
      vertex 1.99993 0.758387 10
    endloop
  endfacet
  facet normal -0.514104 -0.857728 -0
    outer loop
      vertex 2.37871 0.531354 10
      vertex 1.99993 0.758387 0
      vertex 2.37871 0.531354 0
    endloop
  endfacet
  facet normal 0.941598 -0.336738 0
    outer loop
      vertex 75.6575 2.77792 10
      vertex 75.8062 3.19372 0
      vertex 75.8062 3.19372 10
    endloop
  endfacet
  facet normal 0.941598 -0.336738 0
    outer loop
      vertex 75.8062 3.19372 0
      vertex 75.6575 2.77792 10
      vertex 75.6575 2.77792 0
    endloop
  endfacet
  facet normal -0.336887 -0.941545 0
    outer loop
      vertex 2.77792 0.342542 0
      vertex 3.19372 0.193768 10
      vertex 2.77792 0.342542 10
    endloop
  endfacet
  facet normal -0.336887 -0.941545 -0
    outer loop
      vertex 3.19372 0.193768 10
      vertex 2.77792 0.342542 0
      vertex 3.19372 0.193768 0
    endloop
  endfacet
  facet normal -0.989177 -0.14673 0
    outer loop
      vertex 0.0864658 3.62209 0
      vertex 0.0216684 4.05892 10
      vertex 0.0216684 4.05892 0
    endloop
  endfacet
  facet normal -0.989177 -0.14673 0
    outer loop
      vertex 0.0216684 4.05892 10
      vertex 0.0864658 3.62209 0
      vertex 0.0864658 3.62209 10
    endloop
  endfacet
  facet normal -0.998796 -0.0490666 0
    outer loop
      vertex 0.0216684 4.05892 0
      vertex 0 4.5 10
      vertex 0 4.5 0
    endloop
  endfacet
  facet normal -0.998796 -0.0490666 0
    outer loop
      vertex 0 4.5 10
      vertex 0.0216684 4.05892 0
      vertex 0.0216684 4.05892 10
    endloop
  endfacet
  facet normal -0.0490666 -0.998796 0
    outer loop
      vertex 4.05892 0.0216684 0
      vertex 4.5 0 10
      vertex 4.05892 0.0216684 10
    endloop
  endfacet
  facet normal -0.0490666 -0.998796 -0
    outer loop
      vertex 4.5 0 10
      vertex 4.05892 0.0216684 0
      vertex 4.5 0 0
    endloop
  endfacet
  facet normal 0.336887 -0.941545 0
    outer loop
      vertex 72.8063 0.193768 0
      vertex 73.2221 0.342542 10
      vertex 72.8063 0.193768 10
    endloop
  endfacet
  facet normal 0.336887 -0.941545 0
    outer loop
      vertex 73.2221 0.342542 10
      vertex 72.8063 0.193768 0
      vertex 73.2221 0.342542 0
    endloop
  endfacet
  facet normal 0 -1 0
    outer loop
      vertex 4.5 0 0
      vertex 71.5 0 10
      vertex 4.5 0 10
    endloop
  endfacet
  facet normal 0 -1 -0
    outer loop
      vertex 71.5 0 10
      vertex 4.5 0 0
      vertex 71.5 0 0
    endloop
  endfacet
  facet normal -0.90399 -0.427555 0
    outer loop
      vertex 0.531354 2.37871 0
      vertex 0.342542 2.77792 10
      vertex 0.342542 2.77792 0
    endloop
  endfacet
  facet normal -0.90399 -0.427555 0
    outer loop
      vertex 0.342542 2.77792 10
      vertex 0.531354 2.37871 0
      vertex 0.531354 2.37871 10
    endloop
  endfacet
  facet normal 0.903913 -0.427717 0
    outer loop
      vertex 75.4686 2.37871 10
      vertex 75.6575 2.77792 0
      vertex 75.6575 2.77792 10
    endloop
  endfacet
  facet normal 0.903913 -0.427717 0
    outer loop
      vertex 75.6575 2.77792 0
      vertex 75.4686 2.37871 10
      vertex 75.4686 2.37871 0
    endloop
  endfacet
  facet normal 0.857761 -0.514049 0
    outer loop
      vertex 75.2416 1.99993 10
      vertex 75.4686 2.37871 0
      vertex 75.4686 2.37871 10
    endloop
  endfacet
  facet normal 0.857761 -0.514049 0
    outer loop
      vertex 75.4686 2.37871 0
      vertex 75.2416 1.99993 10
      vertex 75.2416 1.99993 0
    endloop
  endfacet
  facet normal -0 0 1
    outer loop
      vertex 54.525 23.5 10
      vertex 76 4.5 10
      vertex 76 32 10
    endloop
  endfacet
  facet normal -0 0 1
    outer loop
      vertex 54.525 9.5 10
      vertex 76 4.5 10
      vertex 54.525 23.5 10
    endloop
  endfacet
  facet normal 0 -0 1
    outer loop
      vertex 71.5 0 10
      vertex 76 4.5 10
      vertex 54.525 9.5 10
    endloop
  endfacet
  facet normal 0 0 1
    outer loop
      vertex 76 4.5 10
      vertex 71.5 0 10
      vertex 75.9783 4.05892 10
    endloop
  endfacet
  facet normal 0 0 1
    outer loop
      vertex 75.9783 4.05892 10
      vertex 71.5 0 10
      vertex 75.9135 3.62209 10
    endloop
  endfacet
  facet normal 0 0 1
    outer loop
      vertex 75.9135 3.62209 10
      vertex 71.5 0 10
      vertex 75.8062 3.19372 10
    endloop
  endfacet
  facet normal 0 0 1
    outer loop
      vertex 75.8062 3.19372 10
      vertex 71.5 0 10
      vertex 75.6575 2.77792 10
    endloop
  endfacet
  facet normal 0 0 1
    outer loop
      vertex 75.6575 2.77792 10
      vertex 71.5 0 10
      vertex 75.4686 2.37871 10
    endloop
  endfacet
  facet normal 0 0 1
    outer loop
      vertex 75.4686 2.37871 10
      vertex 71.5 0 10
      vertex 75.2416 1.99993 10
    endloop
  endfacet
  facet normal 0 0 1
    outer loop
      vertex 75.2416 1.99993 10
      vertex 71.5 0 10
      vertex 74.9785 1.64523 10
    endloop
  endfacet
  facet normal 0 0 1
    outer loop
      vertex 74.9785 1.64523 10
      vertex 71.5 0 10
      vertex 74.682 1.31802 10
    endloop
  endfacet
  facet normal 0 0 1
    outer loop
      vertex 74.682 1.31802 10
      vertex 71.5 0 10
      vertex 74.3548 1.02145 10
    endloop
  endfacet
  facet normal 0 0 1
    outer loop
      vertex 74.3548 1.02145 10
      vertex 71.5 0 10
      vertex 74.0001 0.758387 10
    endloop
  endfacet
  facet normal 0 0 1
    outer loop
      vertex 73.2221 0.342542 10
      vertex 71.5 0 10
      vertex 72.8063 0.193768 10
    endloop
  endfacet
  facet normal 0 0 1
    outer loop
      vertex 72.8063 0.193768 10
      vertex 71.5 0 10
      vertex 72.3779 0.0864658 10
    endloop
  endfacet
  facet normal 0 0 1
    outer loop
      vertex 72.3779 0.0864658 10
      vertex 71.5 0 10
      vertex 71.9411 0.0216684 10
    endloop
  endfacet
  facet normal 0 0 1
    outer loop
      vertex 74.0001 0.758387 10
      vertex 71.5 0 10
      vertex 73.6213 0.531354 10
    endloop
  endfacet
  facet normal 0 0 1
    outer loop
      vertex 76 32 10
      vertex 40.525 23.5 10
      vertex 54.525 23.5 10
    endloop
  endfacet
  facet normal 0 0 1
    outer loop
      vertex 40.525 23.5 10
      vertex 35.475 23.5 10
      vertex 40.525 9.5 10
    endloop
  endfacet
  facet normal 0 0 1
    outer loop
      vertex 76 32 10
      vertex 35.475 23.5 10
      vertex 40.525 23.5 10
    endloop
  endfacet
  facet normal -0 0 1
    outer loop
      vertex 0 32 10
      vertex 35.475 23.5 10
      vertex 76 32 10
    endloop
  endfacet
  facet normal 0 0 1
    outer loop
      vertex 0 4.5 10
      vertex 21.475 9.5 10
      vertex 21.475 23.5 10
    endloop
  endfacet
  facet normal 0 0 1
    outer loop
      vertex 21.475 9.5 10
      vertex 0 4.5 10
      vertex 4.5 0 10
    endloop
  endfacet
  facet normal 0 0 1
    outer loop
      vertex 4.5 0 10
      vertex 0 4.5 10
      vertex 4.05892 0.0216684 10
    endloop
  endfacet
  facet normal 0 0 1
    outer loop
      vertex 4.05892 0.0216684 10
      vertex 0 4.5 10
      vertex 3.62209 0.0864658 10
    endloop
  endfacet
  facet normal 0 0 1
    outer loop
      vertex 3.62209 0.0864658 10
      vertex 0 4.5 10
      vertex 3.19372 0.193768 10
    endloop
  endfacet
  facet normal 0 0 1
    outer loop
      vertex 3.19372 0.193768 10
      vertex 0 4.5 10
      vertex 2.77792 0.342542 10
    endloop
  endfacet
  facet normal 0 0 1
    outer loop
      vertex 2.77792 0.342542 10
      vertex 0 4.5 10
      vertex 2.37871 0.531354 10
    endloop
  endfacet
  facet normal 0 0 1
    outer loop
      vertex 2.37871 0.531354 10
      vertex 0 4.5 10
      vertex 1.99993 0.758387 10
    endloop
  endfacet
  facet normal 0 0 1
    outer loop
      vertex 1.99993 0.758387 10
      vertex 0 4.5 10
      vertex 1.64523 1.02145 10
    endloop
  endfacet
  facet normal 0 0 1
    outer loop
      vertex 1.64523 1.02145 10
      vertex 0 4.5 10
      vertex 1.31802 1.31802 10
    endloop
  endfacet
  facet normal 0 0 1
    outer loop
      vertex 1.31802 1.31802 10
      vertex 0 4.5 10
      vertex 1.02145 1.64523 10
    endloop
  endfacet
  facet normal 0 0 1
    outer loop
      vertex 1.02145 1.64523 10
      vertex 0 4.5 10
      vertex 0.758387 1.99993 10
    endloop
  endfacet
  facet normal 0 0 1
    outer loop
      vertex 0.758387 1.99993 10
      vertex 0 4.5 10
      vertex 0.531354 2.37871 10
    endloop
  endfacet
  facet normal 0 0 1
    outer loop
      vertex 0.531354 2.37871 10
      vertex 0 4.5 10
      vertex 0.342542 2.77792 10
    endloop
  endfacet
  facet normal 0 0 1
    outer loop
      vertex 0.342542 2.77792 10
      vertex 0 4.5 10
      vertex 0.193768 3.19372 10
    endloop
  endfacet
  facet normal 0 0 1
    outer loop
      vertex 0.193768 3.19372 10
      vertex 0 4.5 10
      vertex 0.0864658 3.62209 10
    endloop
  endfacet
  facet normal 0 0 1
    outer loop
      vertex 35.475 23.5 10
      vertex 0 32 10
      vertex 21.475 23.5 10
    endloop
  endfacet
  facet normal 0 0 1
    outer loop
      vertex 0 4.5 10
      vertex 21.475 23.5 10
      vertex 0 32 10
    endloop
  endfacet
  facet normal 0 0 1
    outer loop
      vertex 0.0864658 3.62209 10
      vertex 0 4.5 10
      vertex 0.0216684 4.05892 10
    endloop
  endfacet
  facet normal 0 0 1
    outer loop
      vertex 73.6213 0.531354 10
      vertex 71.5 0 10
      vertex 73.2221 0.342542 10
    endloop
  endfacet
  facet normal -0 0 1
    outer loop
      vertex 40.525 9.5 10
      vertex 71.5 0 10
      vertex 54.525 9.5 10
    endloop
  endfacet
  facet normal 0 0 1
    outer loop
      vertex 35.475 9.5 10
      vertex 40.525 9.5 10
      vertex 35.475 23.5 10
    endloop
  endfacet
  facet normal -0 0 1
    outer loop
      vertex 35.475 9.5 10
      vertex 71.5 0 10
      vertex 40.525 9.5 10
    endloop
  endfacet
  facet normal 0 0 1
    outer loop
      vertex 4.5 0 10
      vertex 35.475 9.5 10
      vertex 21.475 9.5 10
    endloop
  endfacet
  facet normal 0 0 1
    outer loop
      vertex 35.475 9.5 10
      vertex 4.5 0 10
      vertex 71.5 0 10
    endloop
  endfacet
  facet normal 0.970032 -0.242978 0
    outer loop
      vertex 75.8062 3.19372 10
      vertex 75.9135 3.62209 0
      vertex 75.9135 3.62209 10
    endloop
  endfacet
  facet normal 0.970032 -0.242978 0
    outer loop
      vertex 75.9135 3.62209 0
      vertex 75.8062 3.19372 10
      vertex 75.8062 3.19372 0
    endloop
  endfacet
  facet normal 0.242967 -0.970035 0
    outer loop
      vertex 72.3779 0.0864658 0
      vertex 72.8063 0.193768 10
      vertex 72.3779 0.0864658 10
    endloop
  endfacet
  facet normal 0.242967 -0.970035 0
    outer loop
      vertex 72.8063 0.193768 10
      vertex 72.3779 0.0864658 0
      vertex 72.8063 0.193768 0
    endloop
  endfacet
  facet normal -0.970031 -0.242983 0
    outer loop
      vertex 0.193768 3.19372 0
      vertex 0.0864658 3.62209 10
      vertex 0.0864658 3.62209 0
    endloop
  endfacet
  facet normal -0.970031 -0.242983 0
    outer loop
      vertex 0.0864658 3.62209 10
      vertex 0.193768 3.19372 0
      vertex 0.193768 3.19372 10
    endloop
  endfacet
  facet normal 0.14674 -0.989175 0
    outer loop
      vertex 71.9411 0.0216684 0
      vertex 72.3779 0.0864658 10
      vertex 71.9411 0.0216684 10
    endloop
  endfacet
  facet normal 0.14674 -0.989175 0
    outer loop
      vertex 72.3779 0.0864658 10
      vertex 71.9411 0.0216684 0
      vertex 72.3779 0.0864658 0
    endloop
  endfacet
  facet normal 0.803168 -0.595753 0
    outer loop
      vertex 74.9785 1.64523 10
      vertex 75.2416 1.99993 0
      vertex 75.2416 1.99993 10
    endloop
  endfacet
  facet normal 0.803168 -0.595753 0
    outer loop
      vertex 75.2416 1.99993 0
      vertex 74.9785 1.64523 10
      vertex 74.9785 1.64523 0
    endloop
  endfacet
  facet normal 0.741025 -0.671477 0
    outer loop
      vertex 74.682 1.31802 10
      vertex 74.9785 1.64523 0
      vertex 74.9785 1.64523 10
    endloop
  endfacet
  facet normal 0.741025 -0.671477 0
    outer loop
      vertex 74.9785 1.64523 0
      vertex 74.682 1.31802 10
      vertex 74.682 1.31802 0
    endloop
  endfacet
  facet normal -0.242983 -0.970031 0
    outer loop
      vertex 3.19372 0.193768 0
      vertex 3.62209 0.0864658 10
      vertex 3.19372 0.193768 10
    endloop
  endfacet
  facet normal -0.242983 -0.970031 -0
    outer loop
      vertex 3.62209 0.0864658 10
      vertex 3.19372 0.193768 0
      vertex 3.62209 0.0864658 0
    endloop
  endfacet
  facet normal 0 0 -1
    outer loop
      vertex 73.6 4.5 0
      vertex 76 4.5 0
      vertex 75.9783 4.05892 0
    endloop
  endfacet
  facet normal 0 0 -1
    outer loop
      vertex 76 4.5 0
      vertex 73.6 4.5 0
      vertex 76 78 0
    endloop
  endfacet
  facet normal 0 0 -1
    outer loop
      vertex 73.5899 4.29416 0
      vertex 75.9783 4.05892 0
      vertex 75.9135 3.62209 0
    endloop
  endfacet
  facet normal 0 0 -1
    outer loop
      vertex 73.6 78 0
      vertex 76 78 0
      vertex 73.6 4.5 0
    endloop
  endfacet
  facet normal 0 0 -1
    outer loop
      vertex 73.5596 4.09031 0
      vertex 75.9135 3.62209 0
      vertex 75.8062 3.19372 0
    endloop
  endfacet
  facet normal 0 0 -1
    outer loop
      vertex 76 78 0
      vertex 73.6 78 0
      vertex 75.9783 78.4411 0
    endloop
  endfacet
  facet normal 0 0 -1
    outer loop
      vertex 73.5096 3.8904 0
      vertex 75.8062 3.19372 0
      vertex 75.6575 2.77792 0
    endloop
  endfacet
  facet normal 0 0 -1
    outer loop
      vertex 73.5899 78.2058 0
      vertex 75.9783 78.4411 0
      vertex 73.6 78 0
    endloop
  endfacet
  facet normal 0 0 -1
    outer loop
      vertex 73.4401 3.69636 0
      vertex 75.6575 2.77792 0
      vertex 75.4686 2.37871 0
    endloop
  endfacet
  facet normal -0 0 -1
    outer loop
      vertex 75.9783 78.4411 0
      vertex 73.5899 78.2058 0
      vertex 75.9135 78.8779 0
    endloop
  endfacet
  facet normal 0 0 -1
    outer loop
      vertex 73.352 3.51007 0
      vertex 75.4686 2.37871 0
      vertex 75.2416 1.99993 0
    endloop
  endfacet
  facet normal 0 0 -1
    outer loop
      vertex 73.5596 78.4097 0
      vertex 75.9135 78.8779 0
      vertex 73.5899 78.2058 0
    endloop
  endfacet
  facet normal 0 0 -1
    outer loop
      vertex 73.2461 3.3333 0
      vertex 75.2416 1.99993 0
      vertex 74.9785 1.64523 0
    endloop
  endfacet
  facet normal -0 0 -1
    outer loop
      vertex 75.9135 78.8779 0
      vertex 73.5596 78.4097 0
      vertex 75.8062 79.3063 0
    endloop
  endfacet
  facet normal 0 0 -1
    outer loop
      vertex 73.1233 3.16777 0
      vertex 74.9785 1.64523 0
      vertex 74.682 1.31802 0
    endloop
  endfacet
  facet normal 0 0 -1
    outer loop
      vertex 73.5096 78.6096 0
      vertex 75.8062 79.3063 0
      vertex 73.5596 78.4097 0
    endloop
  endfacet
  facet normal 0 0 -1
    outer loop
      vertex 72.9849 3.01508 0
      vertex 74.682 1.31802 0
      vertex 74.3548 1.02145 0
    endloop
  endfacet
  facet normal -0 0 -1
    outer loop
      vertex 75.8062 79.3063 0
      vertex 73.5096 78.6096 0
      vertex 75.6575 79.7221 0
    endloop
  endfacet
  facet normal 0 0 -1
    outer loop
      vertex 72.8322 2.87668 0
      vertex 74.3548 1.02145 0
      vertex 74.0001 0.758387 0
    endloop
  endfacet
  facet normal 0 0 -1
    outer loop
      vertex 73.4401 78.8036 0
      vertex 75.6575 79.7221 0
      vertex 73.5096 78.6096 0
    endloop
  endfacet
  facet normal 0 0 -1
    outer loop
      vertex 72.6667 2.75391 0
      vertex 74.0001 0.758387 0
      vertex 73.6213 0.531354 0
    endloop
  endfacet
  facet normal -0 0 -1
    outer loop
      vertex 75.6575 79.7221 0
      vertex 73.4401 78.8036 0
      vertex 75.4686 80.1213 0
    endloop
  endfacet
  facet normal 0 0 -1
    outer loop
      vertex 73.352 78.9899 0
      vertex 75.4686 80.1213 0
      vertex 73.4401 78.8036 0
    endloop
  endfacet
  facet normal 0 0 -1
    outer loop
      vertex 75.9783 4.05892 0
      vertex 73.5899 4.29416 0
      vertex 73.6 4.5 0
    endloop
  endfacet
  facet normal 0 0 -1
    outer loop
      vertex 75.9135 3.62209 0
      vertex 73.5596 4.09031 0
      vertex 73.5899 4.29416 0
    endloop
  endfacet
  facet normal 0 0 -1
    outer loop
      vertex 75.8062 3.19372 0
      vertex 73.5096 3.8904 0
      vertex 73.5596 4.09031 0
    endloop
  endfacet
  facet normal 0 0 -1
    outer loop
      vertex 75.6575 2.77792 0
      vertex 73.4401 3.69636 0
      vertex 73.5096 3.8904 0
    endloop
  endfacet
  facet normal 0 0 -1
    outer loop
      vertex 75.4686 2.37871 0
      vertex 73.352 3.51007 0
      vertex 73.4401 3.69636 0
    endloop
  endfacet
  facet normal 0 0 -1
    outer loop
      vertex 75.2416 1.99993 0
      vertex 73.2461 3.3333 0
      vertex 73.352 3.51007 0
    endloop
  endfacet
  facet normal 0 0 -1
    outer loop
      vertex 72.4899 2.64796 0
      vertex 73.6213 0.531354 0
      vertex 73.2221 0.342542 0
    endloop
  endfacet
  facet normal 0 0 -1
    outer loop
      vertex 74.9785 1.64523 0
      vertex 73.1233 3.16777 0
      vertex 73.2461 3.3333 0
    endloop
  endfacet
  facet normal 0 0 -1
    outer loop
      vertex 74.682 1.31802 0
      vertex 72.9849 3.01508 0
      vertex 73.1233 3.16777 0
    endloop
  endfacet
  facet normal 0 0 -1
    outer loop
      vertex 74.3548 1.02145 0
      vertex 72.8322 2.87668 0
      vertex 72.9849 3.01508 0
    endloop
  endfacet
  facet normal 0 0 -1
    outer loop
      vertex 72.3036 2.55985 0
      vertex 73.2221 0.342542 0
      vertex 72.8063 0.193768 0
    endloop
  endfacet
  facet normal 0 0 -1
    outer loop
      vertex 74.0001 0.758387 0
      vertex 72.6667 2.75391 0
      vertex 72.8322 2.87668 0
    endloop
  endfacet
  facet normal 0 0 -1
    outer loop
      vertex 73.6213 0.531354 0
      vertex 72.4899 2.64796 0
      vertex 72.6667 2.75391 0
    endloop
  endfacet
  facet normal 0 0 -1
    outer loop
      vertex 72.1096 2.49043 0
      vertex 72.8063 0.193768 0
      vertex 72.3779 0.0864658 0
    endloop
  endfacet
  facet normal 0 0 -1
    outer loop
      vertex 73.2221 0.342542 0
      vertex 72.3036 2.55985 0
      vertex 72.4899 2.64796 0
    endloop
  endfacet
  facet normal 0 0 -1
    outer loop
      vertex 72.8063 0.193768 0
      vertex 72.1096 2.49043 0
      vertex 72.3036 2.55985 0
    endloop
  endfacet
  facet normal 0 0 -1
    outer loop
      vertex 71.9097 2.44035 0
      vertex 72.3779 0.0864658 0
      vertex 71.9411 0.0216684 0
    endloop
  endfacet
  facet normal 0 0 -1
    outer loop
      vertex 72.3779 0.0864658 0
      vertex 71.9097 2.44035 0
      vertex 72.1096 2.49043 0
    endloop
  endfacet
  facet normal 0 0 -1
    outer loop
      vertex 71.9411 0.0216684 0
      vertex 71.7058 2.41011 0
      vertex 71.9097 2.44035 0
    endloop
  endfacet
  facet normal 0 0 -1
    outer loop
      vertex 71.5 0 0
      vertex 71.7058 2.41011 0
      vertex 71.9411 0.0216684 0
    endloop
  endfacet
  facet normal 0 0 -1
    outer loop
      vertex 71.5 0 0
      vertex 71.5 2.4 0
      vertex 71.7058 2.41011 0
    endloop
  endfacet
  facet normal 0 0 -1
    outer loop
      vertex 4.5 0 0
      vertex 71.5 2.4 0
      vertex 71.5 0 0
    endloop
  endfacet
  facet normal 0 0 -1
    outer loop
      vertex 4.5 0 0
      vertex 4.5 2.4 0
      vertex 71.5 2.4 0
    endloop
  endfacet
  facet normal 0 0 -1
    outer loop
      vertex 4.5 0 0
      vertex 4.29416 2.41011 0
      vertex 4.5 2.4 0
    endloop
  endfacet
  facet normal 0 0 -1
    outer loop
      vertex 4.05892 0.0216684 0
      vertex 4.29416 2.41011 0
      vertex 4.5 0 0
    endloop
  endfacet
  facet normal -0 0 -1
    outer loop
      vertex 4.29416 2.41011 0
      vertex 4.05892 0.0216684 0
      vertex 4.09031 2.44035 0
    endloop
  endfacet
  facet normal 0 0 -1
    outer loop
      vertex 3.62209 0.0864658 0
      vertex 4.09031 2.44035 0
      vertex 4.05892 0.0216684 0
    endloop
  endfacet
  facet normal -0 0 -1
    outer loop
      vertex 4.09031 2.44035 0
      vertex 3.62209 0.0864658 0
      vertex 3.8904 2.49043 0
    endloop
  endfacet
  facet normal 0 0 -1
    outer loop
      vertex 3.19372 0.193768 0
      vertex 3.8904 2.49043 0
      vertex 3.62209 0.0864658 0
    endloop
  endfacet
  facet normal -0 0 -1
    outer loop
      vertex 3.8904 2.49043 0
      vertex 3.19372 0.193768 0
      vertex 3.69636 2.55985 0
    endloop
  endfacet
  facet normal 0 0 -1
    outer loop
      vertex 2.77792 0.342542 0
      vertex 3.69636 2.55985 0
      vertex 3.19372 0.193768 0
    endloop
  endfacet
  facet normal -0 0 -1
    outer loop
      vertex 3.69636 2.55985 0
      vertex 2.77792 0.342542 0
      vertex 3.51007 2.64796 0
    endloop
  endfacet
  facet normal 0 0 -1
    outer loop
      vertex 2.37871 0.531354 0
      vertex 3.51007 2.64796 0
      vertex 2.77792 0.342542 0
    endloop
  endfacet
  facet normal -0 0 -1
    outer loop
      vertex 3.51007 2.64796 0
      vertex 2.37871 0.531354 0
      vertex 3.3333 2.75391 0
    endloop
  endfacet
  facet normal 0 0 -1
    outer loop
      vertex 1.99993 0.758387 0
      vertex 3.3333 2.75391 0
      vertex 2.37871 0.531354 0
    endloop
  endfacet
  facet normal -0 0 -1
    outer loop
      vertex 3.3333 2.75391 0
      vertex 1.99993 0.758387 0
      vertex 3.16777 2.87668 0
    endloop
  endfacet
  facet normal 0 0 -1
    outer loop
      vertex 1.64523 1.02145 0
      vertex 3.16777 2.87668 0
      vertex 1.99993 0.758387 0
    endloop
  endfacet
  facet normal -0 0 -1
    outer loop
      vertex 3.16777 2.87668 0
      vertex 1.64523 1.02145 0
      vertex 3.01508 3.01508 0
    endloop
  endfacet
  facet normal 0 0 -1
    outer loop
      vertex 1.31802 1.31802 0
      vertex 3.01508 3.01508 0
      vertex 1.64523 1.02145 0
    endloop
  endfacet
  facet normal -0 0 -1
    outer loop
      vertex 3.01508 3.01508 0
      vertex 1.31802 1.31802 0
      vertex 2.87668 3.16777 0
    endloop
  endfacet
  facet normal 0 0 -1
    outer loop
      vertex 1.02145 1.64523 0
      vertex 2.87668 3.16777 0
      vertex 1.31802 1.31802 0
    endloop
  endfacet
  facet normal -0 0 -1
    outer loop
      vertex 2.87668 3.16777 0
      vertex 1.02145 1.64523 0
      vertex 2.75391 3.3333 0
    endloop
  endfacet
  facet normal 0 0 -1
    outer loop
      vertex 0.531354 2.37871 0
      vertex 2.64796 3.51007 0
      vertex 0.758387 1.99993 0
    endloop
  endfacet
  facet normal -0 0 -1
    outer loop
      vertex 2.75391 3.3333 0
      vertex 0.758387 1.99993 0
      vertex 2.64796 3.51007 0
    endloop
  endfacet
  facet normal 0 0 -1
    outer loop
      vertex 0.758387 1.99993 0
      vertex 2.75391 3.3333 0
      vertex 1.02145 1.64523 0
    endloop
  endfacet
  facet normal -0 0 -1
    outer loop
      vertex 75.4686 80.1213 0
      vertex 73.352 78.9899 0
      vertex 75.2416 80.5001 0
    endloop
  endfacet
  facet normal 0 0 -1
    outer loop
      vertex 73.2461 79.1667 0
      vertex 75.2416 80.5001 0
      vertex 73.352 78.9899 0
    endloop
  endfacet
  facet normal -0 0 -1
    outer loop
      vertex 75.2416 80.5001 0
      vertex 73.2461 79.1667 0
      vertex 74.9785 80.8548 0
    endloop
  endfacet
  facet normal 0 0 -1
    outer loop
      vertex 73.1233 79.3322 0
      vertex 74.9785 80.8548 0
      vertex 73.2461 79.1667 0
    endloop
  endfacet
  facet normal -0 0 -1
    outer loop
      vertex 74.9785 80.8548 0
      vertex 73.1233 79.3322 0
      vertex 74.682 81.182 0
    endloop
  endfacet
  facet normal 0 0 -1
    outer loop
      vertex 72.9849 79.4849 0
      vertex 74.682 81.182 0
      vertex 73.1233 79.3322 0
    endloop
  endfacet
  facet normal -0 0 -1
    outer loop
      vertex 74.682 81.182 0
      vertex 72.9849 79.4849 0
      vertex 74.3548 81.4785 0
    endloop
  endfacet
  facet normal 0 0 -1
    outer loop
      vertex 72.8322 79.6233 0
      vertex 74.3548 81.4785 0
      vertex 72.9849 79.4849 0
    endloop
  endfacet
  facet normal -0 0 -1
    outer loop
      vertex 74.3548 81.4785 0
      vertex 72.8322 79.6233 0
      vertex 74.0001 81.7416 0
    endloop
  endfacet
  facet normal 0 0 -1
    outer loop
      vertex 72.6667 79.7461 0
      vertex 74.0001 81.7416 0
      vertex 72.8322 79.6233 0
    endloop
  endfacet
  facet normal -0 0 -1
    outer loop
      vertex 74.0001 81.7416 0
      vertex 72.6667 79.7461 0
      vertex 73.6213 81.9686 0
    endloop
  endfacet
  facet normal 0 0 -1
    outer loop
      vertex 72.4899 79.852 0
      vertex 73.6213 81.9686 0
      vertex 72.6667 79.7461 0
    endloop
  endfacet
  facet normal -0 0 -1
    outer loop
      vertex 73.6213 81.9686 0
      vertex 72.4899 79.852 0
      vertex 73.2221 82.1575 0
    endloop
  endfacet
  facet normal 0 0 -1
    outer loop
      vertex 72.3036 79.9401 0
      vertex 73.2221 82.1575 0
      vertex 72.4899 79.852 0
    endloop
  endfacet
  facet normal -0 0 -1
    outer loop
      vertex 73.2221 82.1575 0
      vertex 72.3036 79.9401 0
      vertex 72.8063 82.3062 0
    endloop
  endfacet
  facet normal 0 0 -1
    outer loop
      vertex 72.1096 80.0096 0
      vertex 72.8063 82.3062 0
      vertex 72.3036 79.9401 0
    endloop
  endfacet
  facet normal -0 0 -1
    outer loop
      vertex 72.8063 82.3062 0
      vertex 72.1096 80.0096 0
      vertex 72.3779 82.4135 0
    endloop
  endfacet
  facet normal 0 0 -1
    outer loop
      vertex 71.9097 80.0596 0
      vertex 72.3779 82.4135 0
      vertex 72.1096 80.0096 0
    endloop
  endfacet
  facet normal -0 0 -1
    outer loop
      vertex 72.3779 82.4135 0
      vertex 71.9097 80.0596 0
      vertex 71.9411 82.4783 0
    endloop
  endfacet
  facet normal 0 0 -1
    outer loop
      vertex 71.7058 80.0899 0
      vertex 71.9411 82.4783 0
      vertex 71.9097 80.0596 0
    endloop
  endfacet
  facet normal 0 0 -1
    outer loop
      vertex 71.5 80.1 0
      vertex 71.9411 82.4783 0
      vertex 71.7058 80.0899 0
    endloop
  endfacet
  facet normal 0 0 -1
    outer loop
      vertex 71.5 80.1 0
      vertex 71.5 82.5 0
      vertex 71.9411 82.4783 0
    endloop
  endfacet
  facet normal 0 0 -1
    outer loop
      vertex 71.5 80.1 0
      vertex 44 80.5 0
      vertex 71.5 82.5 0
    endloop
  endfacet
  facet normal 0 0 -1
    outer loop
      vertex 71.5 80.1 0
      vertex 32 80.5 0
      vertex 44 80.5 0
    endloop
  endfacet
  facet normal 0 0 -1
    outer loop
      vertex 4.5 80.1 0
      vertex 32 80.5 0
      vertex 71.5 80.1 0
    endloop
  endfacet
  facet normal 0 0 -1
    outer loop
      vertex 4.5 82.5 0
      vertex 32 80.5 0
      vertex 4.5 80.1 0
    endloop
  endfacet
  facet normal 0 0 -1
    outer loop
      vertex 32 80.5 0
      vertex 4.5 82.5 0
      vertex 32 82.5 0
    endloop
  endfacet
  facet normal 0 0 -1
    outer loop
      vertex 4.29416 80.0899 0
      vertex 4.5 82.5 0
      vertex 4.5 80.1 0
    endloop
  endfacet
  facet normal 0 0 -1
    outer loop
      vertex 4.05892 82.4783 0
      vertex 4.29416 80.0899 0
      vertex 4.09031 80.0596 0
    endloop
  endfacet
  facet normal 0 0 -1
    outer loop
      vertex 4.29416 80.0899 0
      vertex 4.05892 82.4783 0
      vertex 4.5 82.5 0
    endloop
  endfacet
  facet normal 0 0 -1
    outer loop
      vertex 3.62209 82.4135 0
      vertex 4.09031 80.0596 0
      vertex 3.8904 80.0096 0
    endloop
  endfacet
  facet normal 0 0 -1
    outer loop
      vertex 3.19372 82.3062 0
      vertex 3.8904 80.0096 0
      vertex 3.69636 79.9401 0
    endloop
  endfacet
  facet normal 0 0 -1
    outer loop
      vertex 4.09031 80.0596 0
      vertex 3.62209 82.4135 0
      vertex 4.05892 82.4783 0
    endloop
  endfacet
  facet normal 0 0 -1
    outer loop
      vertex 2.77792 82.1575 0
      vertex 3.69636 79.9401 0
      vertex 3.51007 79.852 0
    endloop
  endfacet
  facet normal 0 0 -1
    outer loop
      vertex 2.37871 81.9686 0
      vertex 3.51007 79.852 0
      vertex 3.3333 79.7461 0
    endloop
  endfacet
  facet normal 0 0 -1
    outer loop
      vertex 3.8904 80.0096 0
      vertex 3.19372 82.3062 0
      vertex 3.62209 82.4135 0
    endloop
  endfacet
  facet normal 0 0 -1
    outer loop
      vertex 1.99993 81.7416 0
      vertex 3.3333 79.7461 0
      vertex 3.16777 79.6233 0
    endloop
  endfacet
  facet normal 0 0 -1
    outer loop
      vertex 1.64523 81.4785 0
      vertex 3.16777 79.6233 0
      vertex 3.01508 79.4849 0
    endloop
  endfacet
  facet normal 0 0 -1
    outer loop
      vertex 1.31802 81.182 0
      vertex 3.01508 79.4849 0
      vertex 2.87668 79.3322 0
    endloop
  endfacet
  facet normal 0 0 -1
    outer loop
      vertex 3.69636 79.9401 0
      vertex 2.77792 82.1575 0
      vertex 3.19372 82.3062 0
    endloop
  endfacet
  facet normal 0 0 -1
    outer loop
      vertex 1.02145 80.8548 0
      vertex 2.87668 79.3322 0
      vertex 2.75391 79.1667 0
    endloop
  endfacet
  facet normal 0 0 -1
    outer loop
      vertex 0.758387 80.5001 0
      vertex 2.75391 79.1667 0
      vertex 2.64796 78.9899 0
    endloop
  endfacet
  facet normal 0 0 -1
    outer loop
      vertex 0.531354 80.1213 0
      vertex 2.64796 78.9899 0
      vertex 2.55985 78.8036 0
    endloop
  endfacet
  facet normal 0 0 -1
    outer loop
      vertex 0.342542 79.7221 0
      vertex 2.55985 78.8036 0
      vertex 2.49043 78.6096 0
    endloop
  endfacet
  facet normal 0 0 -1
    outer loop
      vertex 0.193768 79.3063 0
      vertex 2.49043 78.6096 0
      vertex 2.44035 78.4097 0
    endloop
  endfacet
  facet normal 0 0 -1
    outer loop
      vertex 0.0864658 78.8779 0
      vertex 2.44035 78.4097 0
      vertex 2.41011 78.2058 0
    endloop
  endfacet
  facet normal 0 0 -1
    outer loop
      vertex 3.51007 79.852 0
      vertex 2.37871 81.9686 0
      vertex 2.77792 82.1575 0
    endloop
  endfacet
  facet normal 0 0 -1
    outer loop
      vertex 0.0216684 78.4411 0
      vertex 2.41011 78.2058 0
      vertex 2.4 78 0
    endloop
  endfacet
  facet normal 0 0 -1
    outer loop
      vertex 2.4 4.5 0
      vertex 0 4.5 0
      vertex 2.4 78 0
    endloop
  endfacet
  facet normal -0 0 -1
    outer loop
      vertex 2.64796 3.51007 0
      vertex 0.531354 2.37871 0
      vertex 2.55985 3.69636 0
    endloop
  endfacet
  facet normal 0 0 -1
    outer loop
      vertex 0 78 0
      vertex 2.4 78 0
      vertex 0 4.5 0
    endloop
  endfacet
  facet normal 0 0 -1
    outer loop
      vertex 0.342542 2.77792 0
      vertex 2.55985 3.69636 0
      vertex 0.531354 2.37871 0
    endloop
  endfacet
  facet normal 0 -0 -1
    outer loop
      vertex 0.0216684 78.4411 0
      vertex 2.4 78 0
      vertex 0 78 0
    endloop
  endfacet
  facet normal -0 0 -1
    outer loop
      vertex 2.55985 3.69636 0
      vertex 0.342542 2.77792 0
      vertex 2.49043 3.8904 0
    endloop
  endfacet
  facet normal 0 0 -1
    outer loop
      vertex 3.3333 79.7461 0
      vertex 1.99993 81.7416 0
      vertex 2.37871 81.9686 0
    endloop
  endfacet
  facet normal 0 0 -1
    outer loop
      vertex 0.193768 3.19372 0
      vertex 2.49043 3.8904 0
      vertex 0.342542 2.77792 0
    endloop
  endfacet
  facet normal 0 0 -1
    outer loop
      vertex 3.16777 79.6233 0
      vertex 1.64523 81.4785 0
      vertex 1.99993 81.7416 0
    endloop
  endfacet
  facet normal -0 0 -1
    outer loop
      vertex 2.49043 3.8904 0
      vertex 0.193768 3.19372 0
      vertex 2.44035 4.09031 0
    endloop
  endfacet
  facet normal 0 0 -1
    outer loop
      vertex 3.01508 79.4849 0
      vertex 1.31802 81.182 0
      vertex 1.64523 81.4785 0
    endloop
  endfacet
  facet normal 0 0 -1
    outer loop
      vertex 0.0864658 3.62209 0
      vertex 2.44035 4.09031 0
      vertex 0.193768 3.19372 0
    endloop
  endfacet
  facet normal 0 0 -1
    outer loop
      vertex 2.87668 79.3322 0
      vertex 1.02145 80.8548 0
      vertex 1.31802 81.182 0
    endloop
  endfacet
  facet normal -0 0 -1
    outer loop
      vertex 2.44035 4.09031 0
      vertex 0.0864658 3.62209 0
      vertex 2.41011 4.29416 0
    endloop
  endfacet
  facet normal 0 0 -1
    outer loop
      vertex 2.75391 79.1667 0
      vertex 0.758387 80.5001 0
      vertex 1.02145 80.8548 0
    endloop
  endfacet
  facet normal 0 0 -1
    outer loop
      vertex 0.0216684 4.05892 0
      vertex 2.41011 4.29416 0
      vertex 0.0864658 3.62209 0
    endloop
  endfacet
  facet normal 0 0 -1
    outer loop
      vertex 2.64796 78.9899 0
      vertex 0.531354 80.1213 0
      vertex 0.758387 80.5001 0
    endloop
  endfacet
  facet normal -0 0 -1
    outer loop
      vertex 2.41011 4.29416 0
      vertex 0.0216684 4.05892 0
      vertex 2.4 4.5 0
    endloop
  endfacet
  facet normal 0 0 -1
    outer loop
      vertex 2.55985 78.8036 0
      vertex 0.342542 79.7221 0
      vertex 0.531354 80.1213 0
    endloop
  endfacet
  facet normal -0 0 -1
    outer loop
      vertex 2.4 4.5 0
      vertex 0.0216684 4.05892 0
      vertex 0 4.5 0
    endloop
  endfacet
  facet normal 0 0 -1
    outer loop
      vertex 2.49043 78.6096 0
      vertex 0.193768 79.3063 0
      vertex 0.342542 79.7221 0
    endloop
  endfacet
  facet normal 0 0 -1
    outer loop
      vertex 2.44035 78.4097 0
      vertex 0.0864658 78.8779 0
      vertex 0.193768 79.3063 0
    endloop
  endfacet
  facet normal 0 0 -1
    outer loop
      vertex 2.41011 78.2058 0
      vertex 0.0216684 78.4411 0
      vertex 0.0864658 78.8779 0
    endloop
  endfacet
  facet normal -0 0 -1
    outer loop
      vertex 71.5 82.5 0
      vertex 44 80.5 0
      vertex 44 82.5 0
    endloop
  endfacet
  facet normal 2.12092e-05 -0.275637 0.961262
    outer loop
      vertex 74.682 77.1052 30.8981
      vertex 72.3779 78.289 31.2376
      vertex 76 35 18.8246
    endloop
  endfacet
  facet normal -0.900192 0.425769 0.0915196
    outer loop
      vertex 0.531354 80.1213 11.8337
      vertex 0.342542 79.7221 11.8337
      vertex 0.531355 76.0883 30.5961
    endloop
  endfacet
  facet normal -0.802588 0.583262 0.125134
    outer loop
      vertex 1.02145 76.7934 30.7983
      vertex 0.758387 80.5001 11.8337
      vertex 0.758388 76.4524 30.7005
    endloop
  endfacet
  facet normal 0 -1 0
    outer loop
      vertex 0 32 10
      vertex 76 32 11.8337
      vertex 0 32 11.8337
    endloop
  endfacet
  facet normal 0 -1 -0
    outer loop
      vertex 76 32 11.8337
      vertex 0 32 10
      vertex 76 32 10
    endloop
  endfacet
  facet normal 1.22722e-05 -0.275638 0.961262
    outer loop
      vertex 75.9135 74.8904 30.263
      vertex 74.682 77.1052 30.8981
      vertex 76 35 18.8246
    endloop
  endfacet
  facet normal 0.00155246 -0.272754 0.962083
    outer loop
      vertex 73.6213 77.8614 31.1149
      vertex 73.2221 78.0429 31.167
      vertex 74.0001 77.6431 31.0524
    endloop
  endfacet
  facet normal 0.420027 0.887638 0.188881
    outer loop
      vertex 73.2221 82.1575 11.8337
      vertex 73.2221 78.0456 31.1574
      vertex 73.6213 81.9686 11.8337
    endloop
  endfacet
  facet normal -0.00117267 -0.275734 0.961233
    outer loop
      vertex 75.9783 74.4704 30.1426
      vertex 75.9135 74.8904 30.263
      vertex 76 74.0464 30.021
    endloop
  endfacet
  facet normal -0.146719 0.952233 0.267816
    outer loop
      vertex 4.05892 78.354 31.2458
      vertex 3.62209 78.289 31.2376
      vertex 4.05892 78.3513 31.2554
    endloop
  endfacet
  facet normal -0.146505 0.949641 0.276979
    outer loop
      vertex 3.62209 78.289 31.2376
      vertex 4.05892 78.354 31.2458
      vertex 3.62209 78.2918 31.228
    endloop
  endfacet
  facet normal 0 1 0
    outer loop
      vertex 71.5 82.5 11.8337
      vertex 44 82.5 2.1
      vertex 4.5 82.5 11.8337
    endloop
  endfacet
  facet normal 0 1 -0
    outer loop
      vertex 71.5 82.5 0
      vertex 44 82.5 2.1
      vertex 71.5 82.5 11.8337
    endloop
  endfacet
  facet normal 0 1 0
    outer loop
      vertex 44 82.5 2.1
      vertex 71.5 82.5 0
      vertex 44 82.5 0
    endloop
  endfacet
  facet normal 0 1 -0
    outer loop
      vertex 32 82.5 2.1
      vertex 4.5 82.5 11.8337
      vertex 44 82.5 2.1
    endloop
  endfacet
  facet normal 0 1 0
    outer loop
      vertex 4.5 82.5 0
      vertex 32 82.5 2.1
      vertex 32 82.5 0
    endloop
  endfacet
  facet normal 0 1 0
    outer loop
      vertex 32 82.5 2.1
      vertex 4.5 82.5 0
      vertex 4.5 82.5 11.8337
    endloop
  endfacet
  facet normal -0.941545 0.336887 0
    outer loop
      vertex 0.193768 79.3063 0
      vertex 0.342542 79.7221 11.8337
      vertex 0.342542 79.7221 0
    endloop
  endfacet
  facet normal -0.941545 0.336887 0
    outer loop
      vertex 0.342542 79.7221 11.8337
      vertex 0.193768 79.3063 0
      vertex 0.193768 79.3063 11.8337
    endloop
  endfacet
  facet normal -0.989175 0.14674 0
    outer loop
      vertex 0.0216684 78.4411 0
      vertex 0.0864658 78.8779 11.8337
      vertex 0.0864658 78.8779 0
    endloop
  endfacet
  facet normal -0.989175 0.14674 0
    outer loop
      vertex 0.0864658 78.8779 11.8337
      vertex 0.0216684 78.4411 0
      vertex 0.0216684 78.4411 11.8337
    endloop
  endfacet
  facet normal -0.143599 0.968029 0.205668
    outer loop
      vertex 4.05892 82.4783 11.8337
      vertex 3.62209 82.4135 11.8337
      vertex 4.05892 78.354 31.2458
    endloop
  endfacet
  facet normal -0.595753 0.803168 0
    outer loop
      vertex 1.99993 81.7416 0
      vertex 1.64523 81.4785 11.8337
      vertex 1.99993 81.7416 11.8337
    endloop
  endfacet
  facet normal -0.595753 0.803168 0
    outer loop
      vertex 1.64523 81.4785 11.8337
      vertex 1.99993 81.7416 0
      vertex 1.64523 81.4785 0
    endloop
  endfacet
  facet normal -0.000668865 -0.275026 0.961437
    outer loop
      vertex 1.02145 76.7906 30.8079
      vertex 0.758388 76.4497 30.7102
      vertex 1.31802 77.1052 30.8981
    endloop
  endfacet
  facet normal 0.998792 0.0471716 0.0137584
    outer loop
      vertex 75.9783 74.4732 30.133
      vertex 75.9783 74.4704 30.1426
      vertex 76 74.0464 30.021
    endloop
  endfacet
  facet normal 0.989174 0.146746 0
    outer loop
      vertex 75.9783 78.4411 11.8337
      vertex 75.9135 78.8779 0
      vertex 75.9135 78.8779 11.8337
    endloop
  endfacet
  facet normal 0.989174 0.146746 0
    outer loop
      vertex 75.9135 78.8779 0
      vertex 75.9783 78.4411 11.8337
      vertex 75.9783 78.4411 0
    endloop
  endfacet
  facet normal 0.000151696 -0.275638 0.961262
    outer loop
      vertex 0 74.0464 30.021
      vertex 0 35 18.8246
      vertex 0.0864668 74.8904 30.263
    endloop
  endfacet
  facet normal 0.426747 0.884532 0.188389
    outer loop
      vertex 73.6213 81.9686 11.8337
      vertex 73.2221 78.0456 31.1574
      vertex 73.6213 77.8641 31.1053
    endloop
  endfacet
  facet normal -0.336865 0.906387 0.254921
    outer loop
      vertex 3.19372 78.1886 31.1984
      vertex 2.77793 78.0429 31.167
      vertex 3.19372 78.1859 31.208
    endloop
  endfacet
  facet normal -0.336865 0.906387 0.254921
    outer loop
      vertex 2.77793 78.0429 31.167
      vertex 3.19372 78.1886 31.1984
      vertex 2.77793 78.0456 31.1574
    endloop
  endfacet
  facet normal 0.998787 0.0481179 0.0104581
    outer loop
      vertex 76 78 11.8337
      vertex 75.9783 74.4732 30.133
      vertex 76 74.0492 30.0114
    endloop
  endfacet
  facet normal 0.242962 0.970036 -0
    outer loop
      vertex 72.8063 82.3062 0
      vertex 72.3779 82.4135 11.8337
      vertex 72.8063 82.3062 11.8337
    endloop
  endfacet
  facet normal 0.242962 0.970036 0
    outer loop
      vertex 72.3779 82.4135 11.8337
      vertex 72.8063 82.3062 0
      vertex 72.3779 82.4135 0
    endloop
  endfacet
  facet normal 0.857773 0.514029 0
    outer loop
      vertex 75.4686 80.1213 11.8337
      vertex 75.2416 80.5001 0
      vertex 75.2416 80.5001 11.8337
    endloop
  endfacet
  facet normal 0.857773 0.514029 0
    outer loop
      vertex 75.2416 80.5001 0
      vertex 75.4686 80.1213 11.8337
      vertex 75.4686 80.1213 0
    endloop
  endfacet
  facet normal 0.330185 0.923275 0.19632
    outer loop
      vertex 72.8063 82.3062 11.8337
      vertex 72.8063 78.1886 31.1984
      vertex 73.2221 82.1575 11.8337
    endloop
  endfacet
  facet normal -0.857205 0.503475 0.108223
    outer loop
      vertex 0.758388 76.4524 30.7005
      vertex 0.531354 80.1213 11.8337
      vertex 0.531355 76.0883 30.5961
    endloop
  endfacet
  facet normal -0.904005 0.411554 0.11575
    outer loop
      vertex 0.531355 76.0883 30.5961
      vertex 0.342543 75.7018 30.4957
      vertex 0.531355 76.0856 30.6057
    endloop
  endfacet
  facet normal -0.336738 0.941598 0
    outer loop
      vertex 3.19372 82.3062 0
      vertex 2.77792 82.1575 11.8337
      vertex 3.19372 82.3062 11.8337
    endloop
  endfacet
  facet normal -0.336738 0.941598 0
    outer loop
      vertex 2.77792 82.1575 11.8337
      vertex 3.19372 82.3062 0
      vertex 2.77792 82.1575 0
    endloop
  endfacet
  facet normal 0.939131 0.335856 0.0723393
    outer loop
      vertex 75.6575 79.7221 11.8337
      vertex 75.6575 75.7046 30.4861
      vertex 75.8062 79.3063 11.8337
    endloop
  endfacet
  facet normal -0.146163 0.96765 0.205646
    outer loop
      vertex 4.05892 78.354 31.2458
      vertex 3.62209 82.4135 11.8337
      vertex 3.62209 78.2918 31.228
    endloop
  endfacet
  facet normal 0.146729 0.952232 0.267815
    outer loop
      vertex 72.3779 78.289 31.2376
      vertex 71.9411 78.354 31.2458
      vertex 71.9411 78.3513 31.2554
    endloop
  endfacet
  facet normal 0.146515 0.94964 0.276978
    outer loop
      vertex 71.9411 78.354 31.2458
      vertex 72.3779 78.289 31.2376
      vertex 72.3779 78.2918 31.228
    endloop
  endfacet
  facet normal 0.970036 0.242962 0
    outer loop
      vertex 75.9135 78.8779 11.8337
      vertex 75.8062 79.3063 0
      vertex 75.8062 79.3063 11.8337
    endloop
  endfacet
  facet normal 0.970036 0.242962 0
    outer loop
      vertex 75.8062 79.3063 0
      vertex 75.9135 78.8779 11.8337
      vertex 75.9135 78.8779 0
    endloop
  endfacet
  facet normal 0.741015 0.671488 0
    outer loop
      vertex 74.9785 80.8548 11.8337
      vertex 74.682 81.182 0
      vertex 74.682 81.182 11.8337
    endloop
  endfacet
  facet normal 0.741015 0.671488 0
    outer loop
      vertex 74.682 81.182 0
      vertex 74.9785 80.8548 11.8337
      vertex 74.9785 80.8548 0
    endloop
  endfacet
  facet normal -0.970035 0.242967 0
    outer loop
      vertex 0.0864658 78.8779 0
      vertex 0.193768 79.3063 11.8337
      vertex 0.193768 79.3063 0
    endloop
  endfacet
  facet normal -0.970035 0.242967 0
    outer loop
      vertex 0.193768 79.3063 11.8337
      vertex 0.0864658 78.8779 0
      vertex 0.0864658 78.8779 11.8337
    endloop
  endfacet
  facet normal -0.670706 0.72533 0.155082
    outer loop
      vertex 1.64523 77.393 30.9702
      vertex 1.31802 81.182 11.8337
      vertex 1.31802 77.1079 30.8885
    endloop
  endfacet
  facet normal -0.969909 0.237964 0.0514797
    outer loop
      vertex 0.193769 75.3049 30.3715
      vertex 0.0864658 78.8779 11.8337
      vertex 0.0864668 74.8931 30.2534
    endloop
  endfacet
  facet normal -0.733414 0.664757 0.142132
    outer loop
      vertex 1.31802 81.182 11.8337
      vertex 1.02145 80.8548 11.8337
      vertex 1.31802 77.1079 30.8885
    endloop
  endfacet
  facet normal 0.00117192 -0.275734 0.961233
    outer loop
      vertex 0.0216694 74.4704 30.1426
      vertex 0 74.0464 30.021
      vertex 0.0864668 74.8904 30.263
    endloop
  endfacet
  facet normal 0 -0.918959 0.394352
    outer loop
      vertex 0 32 11.8337
      vertex 76 35 18.8246
      vertex 0 35 18.8246
    endloop
  endfacet
  facet normal 0 -0.918959 0.394352
    outer loop
      vertex 76 35 18.8246
      vertex 0 32 11.8337
      vertex 76 32 11.8337
    endloop
  endfacet
  facet normal -0.049138 0.998792 0
    outer loop
      vertex 4.5 82.5 0
      vertex 4.05892 82.4783 11.8337
      vertex 4.5 82.5 11.8337
    endloop
  endfacet
  facet normal -0.049138 0.998792 0
    outer loop
      vertex 4.05892 82.4783 11.8337
      vertex 4.5 82.5 0
      vertex 4.05892 82.4783 0
    endloop
  endfacet
  facet normal 0.903888 0.410657 0.119775
    outer loop
      vertex 75.6575 75.7046 30.4861
      vertex 75.4686 76.0883 30.5961
      vertex 75.6575 75.7018 30.4957
    endloop
  endfacet
  facet normal -0.0491168 0.976986 0.207571
    outer loop
      vertex 4.5 78.3749 31.2518
      vertex 4.05892 82.4783 11.8337
      vertex 4.05892 78.354 31.2458
    endloop
  endfacet
  facet normal -0.237974 0.950054 0.201907
    outer loop
      vertex 3.62209 82.4135 11.8337
      vertex 3.19372 82.3062 11.8337
      vertex 3.62209 78.2918 31.228
    endloop
  endfacet
  facet normal -0.0492371 0.961483 0.270417
    outer loop
      vertex 4.05892 78.354 31.2458
      vertex 4.05892 78.3513 31.2554
      vertex 4.5 78.3749 31.2518
    endloop
  endfacet
  facet normal -0.242978 0.970032 0
    outer loop
      vertex 3.62209 82.4135 0
      vertex 3.19372 82.3062 11.8337
      vertex 3.62209 82.4135 11.8337
    endloop
  endfacet
  facet normal -0.242978 0.970032 0
    outer loop
      vertex 3.19372 82.3062 11.8337
      vertex 3.62209 82.4135 0
      vertex 3.19372 82.3062 0
    endloop
  endfacet
  facet normal 0.514029 0.857773 -0
    outer loop
      vertex 74.0001 81.7416 0
      vertex 73.6213 81.9686 11.8337
      vertex 74.0001 81.7416 11.8337
    endloop
  endfacet
  facet normal 0.514029 0.857773 0
    outer loop
      vertex 73.6213 81.9686 11.8337
      vertex 74.0001 81.7416 0
      vertex 73.6213 81.9686 0
    endloop
  endfacet
  facet normal 0.941598 0.336738 0
    outer loop
      vertex 75.8062 79.3063 11.8337
      vertex 75.6575 79.7221 0
      vertex 75.6575 79.7221 11.8337
    endloop
  endfacet
  facet normal 0.941598 0.336738 0
    outer loop
      vertex 75.6575 79.7221 0
      vertex 75.8062 79.3063 11.8337
      vertex 75.8062 79.3063 0
    endloop
  endfacet
  facet normal -0.000151638 -0.275638 0.961262
    outer loop
      vertex 76 74.0464 30.021
      vertex 75.9135 74.8904 30.263
      vertex 76 35 18.8246
    endloop
  endfacet
  facet normal 0.143608 0.968028 0.205667
    outer loop
      vertex 71.9411 82.4783 11.8337
      vertex 71.9411 78.354 31.2458
      vertex 72.3779 82.4135 11.8337
    endloop
  endfacet
  facet normal -0.988677 0.146666 0.0317288
    outer loop
      vertex 0.0864658 78.8779 11.8337
      vertex 0.0216684 78.4411 11.8337
      vertex 0.0864668 74.8931 30.2534
    endloop
  endfacet
  facet normal -0.968703 0.242633 0.0523726
    outer loop
      vertex 0.193768 79.3063 11.8337
      vertex 0.0864658 78.8779 11.8337
      vertex 0.193769 75.3049 30.3715
    endloop
  endfacet
  facet normal -0.903985 0.427563 0
    outer loop
      vertex 0.342542 79.7221 0
      vertex 0.531354 80.1213 11.8337
      vertex 0.531354 80.1213 0
    endloop
  endfacet
  facet normal -0.903985 0.427563 0
    outer loop
      vertex 0.531354 80.1213 11.8337
      vertex 0.342542 79.7221 0
      vertex 0.342542 79.7221 11.8337
    endloop
  endfacet
  facet normal -1.22716e-05 -0.275638 0.961262
    outer loop
      vertex 0.0864668 74.8904 30.263
      vertex 0 35 18.8246
      vertex 1.31802 77.1052 30.8981
    endloop
  endfacet
  facet normal -0.989176 0.141255 0.0397278
    outer loop
      vertex 0.0864668 74.8931 30.2534
      vertex 0.0216694 74.4732 30.133
      vertex 0.0864668 74.8904 30.263
    endloop
  endfacet
  facet normal -0.998795 0.0471053 0.013739
    outer loop
      vertex 0 74.0492 30.0114
      vertex 0 74.0464 30.021
      vertex 0.0216694 74.4732 30.133
    endloop
  endfacet
  facet normal -0.99879 0.0480502 0.0104434
    outer loop
      vertex 0 78 11.8337
      vertex 0 74.0492 30.0114
      vertex 0.0216694 74.4732 30.133
    endloop
  endfacet
  facet normal -0.939076 0.336003 0.0723711
    outer loop
      vertex 0.342542 79.7221 11.8337
      vertex 0.193768 79.3063 11.8337
      vertex 0.342543 75.7046 30.4861
    endloop
  endfacet
  facet normal -0.941308 0.329949 0.0712197
    outer loop
      vertex 0.342543 75.7046 30.4861
      vertex 0.193768 79.3063 11.8337
      vertex 0.193769 75.3049 30.3715
    endloop
  endfacet
  facet normal -0.970034 0.233895 0.0657829
    outer loop
      vertex 0.0864668 74.8931 30.2534
      vertex 0.0864668 74.8904 30.263
      vertex 0.193769 75.3049 30.3715
    endloop
  endfacet
  facet normal -0.85257 0.510986 0.109627
    outer loop
      vertex 0.758387 80.5001 11.8337
      vertex 0.531354 80.1213 11.8337
      vertex 0.758388 76.4524 30.7005
    endloop
  endfacet
  facet normal -0.796751 0.59091 0.126547
    outer loop
      vertex 1.02145 80.8548 11.8337
      vertex 0.758387 80.5001 11.8337
      vertex 1.02145 76.7934 30.7983
    endloop
  endfacet
  facet normal -0.803208 0.595699 0
    outer loop
      vertex 0.758387 80.5001 0
      vertex 1.02145 80.8548 11.8337
      vertex 1.02145 80.8548 0
    endloop
  endfacet
  facet normal -0.803208 0.595699 0
    outer loop
      vertex 1.02145 80.8548 11.8337
      vertex 0.758387 80.5001 0
      vertex 0.758387 80.5001 11.8337
    endloop
  endfacet
  facet normal 0.852604 0.510932 0.109616
    outer loop
      vertex 75.2416 80.5001 11.8337
      vertex 75.2416 76.4524 30.7005
      vertex 75.4686 80.1213 11.8337
    endloop
  endfacet
  facet normal -0.242901 0.931249 0.271614
    outer loop
      vertex 3.62209 78.2918 31.228
      vertex 3.19372 78.1859 31.208
      vertex 3.62209 78.289 31.2376
    endloop
  endfacet
  facet normal -0.243105 0.933771 0.262623
    outer loop
      vertex 3.19372 78.1859 31.208
      vertex 3.62209 78.2918 31.228
      vertex 3.19372 78.1886 31.1984
    endloop
  endfacet
  facet normal 0.0491146 0.976986 0.207571
    outer loop
      vertex 71.9411 82.4783 11.8337
      vertex 71.5 78.3749 31.2518
      vertex 71.9411 78.354 31.2458
    endloop
  endfacet
  facet normal 0 0.978172 0.207799
    outer loop
      vertex 71.5 82.5 11.8337
      vertex 4.5 78.3749 31.2518
      vertex 71.5 78.3749 31.2518
    endloop
  endfacet
  facet normal 0 0.978172 0.207799
    outer loop
      vertex 4.5 78.3749 31.2518
      vertex 71.5 82.5 11.8337
      vertex 4.5 82.5 11.8337
    endloop
  endfacet
  facet normal -0.146736 0.989176 0
    outer loop
      vertex 4.05892 82.4783 0
      vertex 3.62209 82.4135 11.8337
      vertex 4.05892 82.4783 11.8337
    endloop
  endfacet
  facet normal -0.146736 0.989176 0
    outer loop
      vertex 3.62209 82.4135 11.8337
      vertex 4.05892 82.4783 0
      vertex 3.62209 82.4135 0
    endloop
  endfacet
  facet normal 0.595753 0.803168 -0
    outer loop
      vertex 74.3548 81.4785 0
      vertex 74.0001 81.7416 11.8337
      vertex 74.3548 81.4785 11.8337
    endloop
  endfacet
  facet normal 0.595753 0.803168 0
    outer loop
      vertex 74.0001 81.7416 11.8337
      vertex 74.3548 81.4785 0
      vertex 74.0001 81.7416 0
    endloop
  endfacet
  facet normal 0.670717 0.72532 0.15508
    outer loop
      vertex 74.682 81.182 11.8337
      vertex 74.3548 77.393 30.9702
      vertex 74.682 77.1079 30.8885
    endloop
  endfacet
  facet normal 0.0491358 0.998792 -0
    outer loop
      vertex 71.9411 82.4783 0
      vertex 71.5 82.5 11.8337
      vertex 71.9411 82.4783 11.8337
    endloop
  endfacet
  facet normal 0.0491358 0.998792 0
    outer loop
      vertex 71.5 82.5 11.8337
      vertex 71.9411 82.4783 0
      vertex 71.5 82.5 0
    endloop
  endfacet
  facet normal 0.595729 0.771058 0.224892
    outer loop
      vertex 74.3548 77.3902 30.9799
      vertex 74.0001 77.6459 31.0428
      vertex 74.0001 77.6431 31.0524
    endloop
  endfacet
  facet normal 0.595773 0.771647 0.222744
    outer loop
      vertex 74.0001 77.6459 31.0428
      vertex 74.3548 77.3902 30.9799
      vertex 74.3548 77.393 30.9702
    endloop
  endfacet
  facet normal 0.146746 0.989174 -0
    outer loop
      vertex 72.3779 82.4135 0
      vertex 71.9411 82.4783 11.8337
      vertex 72.3779 82.4135 11.8337
    endloop
  endfacet
  facet normal 0.146746 0.989174 0
    outer loop
      vertex 71.9411 82.4783 11.8337
      vertex 72.3779 82.4135 0
      vertex 71.9411 82.4783 0
    endloop
  endfacet
  facet normal -0.941545 0.323411 0.0943282
    outer loop
      vertex 0.342543 75.7046 30.4861
      vertex 0.193769 75.3049 30.3715
      vertex 0.342543 75.7018 30.4957
    endloop
  endfacet
  facet normal -0.998796 0.0490644 0
    outer loop
      vertex 0 78 0
      vertex 0.0216684 78.4411 11.8337
      vertex 0.0216684 78.4411 0
    endloop
  endfacet
  facet normal -0.998796 0.0490644 0
    outer loop
      vertex 0.0216684 78.4411 11.8337
      vertex 0 78 0
      vertex 0 78 11.8337
    endloop
  endfacet
  facet normal 0.000141964 -0.275717 0.961239
    outer loop
      vertex 0.342543 75.7018 30.4957
      vertex 0.0864668 74.8904 30.263
      vertex 1.31802 77.1052 30.8981
    endloop
  endfacet
  facet normal -0.903595 0.418784 0.090201
    outer loop
      vertex 0.531355 76.0883 30.5961
      vertex 0.342542 79.7221 11.8337
      vertex 0.342543 75.7046 30.4861
    endloop
  endfacet
  facet normal -0.857716 0.495294 0.137865
    outer loop
      vertex 0.758388 76.4524 30.7005
      vertex 0.531355 76.0883 30.5961
      vertex 0.758388 76.4497 30.7102
    endloop
  endfacet
  facet normal -0.857736 0.49489 0.139188
    outer loop
      vertex 0.531355 76.0883 30.5961
      vertex 0.531355 76.0856 30.6057
      vertex 0.758388 76.4497 30.7102
    endloop
  endfacet
  facet normal -0.85774 0.514084 0
    outer loop
      vertex 0.531354 80.1213 0
      vertex 0.758387 80.5001 11.8337
      vertex 0.758387 80.5001 0
    endloop
  endfacet
  facet normal -0.85774 0.514084 0
    outer loop
      vertex 0.758387 80.5001 11.8337
      vertex 0.531354 80.1213 0
      vertex 0.531354 80.1213 11.8337
    endloop
  endfacet
  facet normal -0.595729 0.771058 0.224892
    outer loop
      vertex 1.99993 77.6459 31.0428
      vertex 1.64523 77.3902 30.9799
      vertex 1.99993 77.6431 31.0524
    endloop
  endfacet
  facet normal -0.595773 0.771647 0.222744
    outer loop
      vertex 1.64523 77.3902 30.9799
      vertex 1.99993 77.6459 31.0428
      vertex 1.64523 77.393 30.9702
    endloop
  endfacet
  facet normal -0.242551 0.948924 0.201774
    outer loop
      vertex 3.62209 78.2918 31.228
      vertex 3.19372 82.3062 11.8337
      vertex 3.19372 78.1886 31.1984
    endloop
  endfacet
  facet normal 0.587205 0.791644 0.168792
    outer loop
      vertex 74.0001 81.7416 11.8337
      vertex 74.0001 77.6459 31.0428
      vertex 74.3548 81.4785 11.8337
    endloop
  endfacet
  facet normal 9.62949e-05 -0.275849 0.961201
    outer loop
      vertex 1.99993 77.6431 31.0524
      vertex 1.31802 77.1052 30.8981
      vertex 3.62209 78.289 31.2376
    endloop
  endfacet
  facet normal 0.733494 0.664673 0.142113
    outer loop
      vertex 74.682 81.182 11.8337
      vertex 74.682 77.1079 30.8885
      vertex 74.9785 80.8548 11.8337
    endloop
  endfacet
  facet normal 0.998792 0.0471716 0.0137584
    outer loop
      vertex 76 74.0492 30.0114
      vertex 75.9783 74.4732 30.133
      vertex 76 74.0464 30.021
    endloop
  endfacet
  facet normal 0.998735 0.049133 0.0106537
    outer loop
      vertex 75.9783 78.4411 11.8337
      vertex 75.9783 74.4732 30.133
      vertex 76 78 11.8337
    endloop
  endfacet
  facet normal 0.514143 0.82567 0.23222
    outer loop
      vertex 74.0001 77.6431 31.0524
      vertex 73.6213 77.8641 31.1053
      vertex 73.6213 77.8614 31.1149
    endloop
  endfacet
  facet normal 0.513983 0.823488 0.240184
    outer loop
      vertex 73.6213 77.8641 31.1053
      vertex 74.0001 77.6431 31.0524
      vertex 74.0001 77.6459 31.0428
    endloop
  endfacet
  facet normal -0.0480679 0.977041 0.207558
    outer loop
      vertex 4.5 82.5 11.8337
      vertex 4.05892 82.4783 11.8337
      vertex 4.5 78.3749 31.2518
    endloop
  endfacet
  facet normal -0.587205 0.791644 0.168792
    outer loop
      vertex 1.99993 81.7416 11.8337
      vertex 1.64523 81.4785 11.8337
      vertex 1.99993 77.6459 31.0428
    endloop
  endfacet
  facet normal -2.12095e-05 -0.275637 0.961262
    outer loop
      vertex 1.31802 77.1052 30.8981
      vertex 0 35 18.8246
      vertex 3.62209 78.289 31.2376
    endloop
  endfacet
  facet normal 0.0480657 0.977041 0.207559
    outer loop
      vertex 71.5 82.5 11.8337
      vertex 71.5 78.3749 31.2518
      vertex 71.9411 82.4783 11.8337
    endloop
  endfacet
  facet normal 0 -0.274721 0.961524
    outer loop
      vertex 4.05892 78.3513 31.2554
      vertex 72.3779 78.289 31.2376
      vertex 71.9411 78.3513 31.2554
    endloop
  endfacet
  facet normal 0 -0.274721 0.961524
    outer loop
      vertex 72.3779 78.289 31.2376
      vertex 4.05892 78.3513 31.2554
      vertex 3.62209 78.289 31.2376
    endloop
  endfacet
  facet normal 0.000136607 -0.275736 0.961233
    outer loop
      vertex 72.3779 78.289 31.2376
      vertex 67.896 72.4933 29.5757
      vertex 67.91 72.22 29.4973
    endloop
  endfacet
  facet normal 2.39111e-05 -0.275656 0.961256
    outer loop
      vertex 72.3779 78.289 31.2376
      vertex 67.8543 72.7639 29.6533
      vertex 67.896 72.4933 29.5757
    endloop
  endfacet
  facet normal -7.96144e-06 -0.275632 0.961263
    outer loop
      vertex 72.3779 78.289 31.2376
      vertex 67.7851 73.0293 29.7294
      vertex 67.8543 72.7639 29.6533
    endloop
  endfacet
  facet normal -0.000111476 -0.275548 0.961287
    outer loop
      vertex 72.3779 78.289 31.2376
      vertex 67.6892 73.2868 29.8032
      vertex 67.7851 73.0293 29.7294
    endloop
  endfacet
  facet normal -3.86839e-05 -0.275611 0.961269
    outer loop
      vertex 72.3779 78.289 31.2376
      vertex 67.5676 73.5341 29.8741
      vertex 67.6892 73.2868 29.8032
    endloop
  endfacet
  facet normal -4.57167e-06 -0.275643 0.96126
    outer loop
      vertex 72.3779 78.289 31.2376
      vertex 67.4212 73.7688 29.9414
      vertex 67.5676 73.5341 29.8741
    endloop
  endfacet
  facet normal -1.31611e-06 -0.275647 0.961259
    outer loop
      vertex 72.3779 78.289 31.2376
      vertex 67.2517 73.9885 30.0044
      vertex 67.4212 73.7688 29.9414
    endloop
  endfacet
  facet normal 0.000165009 -0.27583 0.961207
    outer loop
      vertex 72.3779 78.289 31.2376
      vertex 67.0606 74.1912 30.0626
      vertex 67.2517 73.9885 30.0044
    endloop
  endfacet
  facet normal -0.000158332 -0.275442 0.961318
    outer loop
      vertex 72.3779 78.289 31.2376
      vertex 66.8497 74.3749 30.1152
      vertex 67.0606 74.1912 30.0626
    endloop
  endfacet
  facet normal 0.000122425 -0.275808 0.961213
    outer loop
      vertex 72.3779 78.289 31.2376
      vertex 66.6212 74.5379 30.162
      vertex 66.8497 74.3749 30.1152
    endloop
  endfacet
  facet normal -3.34444e-05 -0.275587 0.961276
    outer loop
      vertex 72.3779 78.289 31.2376
      vertex 66.377 74.6785 30.2023
      vertex 66.6212 74.5379 30.162
    endloop
  endfacet
  facet normal -0.000105137 -0.275477 0.961308
    outer loop
      vertex 72.3779 78.289 31.2376
      vertex 66.1198 74.7955 30.2358
      vertex 66.377 74.6785 30.2023
    endloop
  endfacet
  facet normal 0.000134525 -0.275874 0.961194
    outer loop
      vertex 72.3779 78.289 31.2376
      vertex 65.8518 74.8877 30.2623
      vertex 66.1198 74.7955 30.2358
    endloop
  endfacet
  facet normal -9.47374e-05 -0.275468 0.96131
    outer loop
      vertex 72.3779 78.289 31.2376
      vertex 65.5758 74.9541 30.2813
      vertex 65.8518 74.8877 30.2623
    endloop
  endfacet
  facet normal -7.28853e-05 -0.275509 0.961299
    outer loop
      vertex 72.3779 78.289 31.2376
      vertex 65.2943 74.9943 30.2928
      vertex 65.5758 74.9541 30.2813
    endloop
  endfacet
  facet normal 0.000176103 -0.276003 0.961157
    outer loop
      vertex 72.3779 78.289 31.2376
      vertex 65.01 75.0077 30.2967
      vertex 65.2943 74.9943 30.2928
    endloop
  endfacet
  facet normal 0 -0.275638 0.961262
    outer loop
      vertex 72.3779 78.289 31.2376
      vertex 10.99 75.0077 30.2967
      vertex 65.01 75.0077 30.2967
    endloop
  endfacet
  facet normal 0 -0.275638 0.961262
    outer loop
      vertex 3.62209 78.289 31.2376
      vertex 10.99 75.0077 30.2967
      vertex 72.3779 78.289 31.2376
    endloop
  endfacet
  facet normal 6.02344e-06 -0.275639 0.961261
    outer loop
      vertex 0 35 18.8246
      vertex 8.09001 72.22 29.4973
      vertex 3.62209 78.289 31.2376
    endloop
  endfacet
  facet normal -0.000136632 -0.275736 0.961233
    outer loop
      vertex 8.10397 72.4933 29.5757
      vertex 3.62209 78.289 31.2376
      vertex 8.09001 72.22 29.4973
    endloop
  endfacet
  facet normal -2.39064e-05 -0.275656 0.961256
    outer loop
      vertex 8.14572 72.7639 29.6533
      vertex 3.62209 78.289 31.2376
      vertex 8.10397 72.4933 29.5757
    endloop
  endfacet
  facet normal 7.96279e-06 -0.275632 0.961263
    outer loop
      vertex 8.21487 73.0293 29.7294
      vertex 3.62209 78.289 31.2376
      vertex 8.14572 72.7639 29.6533
    endloop
  endfacet
  facet normal 0.00011148 -0.275548 0.961287
    outer loop
      vertex 8.31076 73.2868 29.8032
      vertex 3.62209 78.289 31.2376
      vertex 8.21487 73.0293 29.7294
    endloop
  endfacet
  facet normal 3.86764e-05 -0.275611 0.961269
    outer loop
      vertex 8.43243 73.5341 29.8741
      vertex 3.62209 78.289 31.2376
      vertex 8.31076 73.2868 29.8032
    endloop
  endfacet
  facet normal 4.5726e-06 -0.275643 0.96126
    outer loop
      vertex 8.57875 73.7688 29.9414
      vertex 3.62209 78.289 31.2376
      vertex 8.43243 73.5341 29.8741
    endloop
  endfacet
  facet normal 1.31602e-06 -0.275647 0.961259
    outer loop
      vertex 8.74828 73.9885 30.0044
      vertex 3.62209 78.289 31.2376
      vertex 8.57875 73.7688 29.9414
    endloop
  endfacet
  facet normal -0.000165006 -0.27583 0.961207
    outer loop
      vertex 8.93939 74.1912 30.0626
      vertex 3.62209 78.289 31.2376
      vertex 8.74828 73.9885 30.0044
    endloop
  endfacet
  facet normal 0.000158339 -0.275442 0.961318
    outer loop
      vertex 9.15027 74.3749 30.1152
      vertex 3.62209 78.289 31.2376
      vertex 8.93939 74.1912 30.0626
    endloop
  endfacet
  facet normal -0.000122404 -0.275808 0.961213
    outer loop
      vertex 9.37885 74.5379 30.162
      vertex 3.62209 78.289 31.2376
      vertex 9.15027 74.3749 30.1152
    endloop
  endfacet
  facet normal 3.34508e-05 -0.275587 0.961276
    outer loop
      vertex 9.62296 74.6785 30.2023
      vertex 3.62209 78.289 31.2376
      vertex 9.37885 74.5379 30.162
    endloop
  endfacet
  facet normal 0.000105123 -0.275477 0.961308
    outer loop
      vertex 9.88022 74.7955 30.2358
      vertex 3.62209 78.289 31.2376
      vertex 9.62296 74.6785 30.2023
    endloop
  endfacet
  facet normal -0.000134531 -0.275874 0.961194
    outer loop
      vertex 10.1482 74.8877 30.2623
      vertex 3.62209 78.289 31.2376
      vertex 9.88022 74.7955 30.2358
    endloop
  endfacet
  facet normal 9.47373e-05 -0.275468 0.96131
    outer loop
      vertex 10.4242 74.9541 30.2813
      vertex 3.62209 78.289 31.2376
      vertex 10.1482 74.8877 30.2623
    endloop
  endfacet
  facet normal 7.28853e-05 -0.275509 0.961299
    outer loop
      vertex 10.7057 74.9943 30.2928
      vertex 3.62209 78.289 31.2376
      vertex 10.4242 74.9541 30.2813
    endloop
  endfacet
  facet normal -0.000176103 -0.276003 0.961157
    outer loop
      vertex 10.99 75.0077 30.2967
      vertex 3.62209 78.289 31.2376
      vertex 10.7057 74.9943 30.2928
    endloop
  endfacet
  facet normal -6.02346e-06 -0.275639 0.961261
    outer loop
      vertex 67.91 72.22 29.4973
      vertex 76 35 18.8246
      vertex 72.3779 78.289 31.2376
    endloop
  endfacet
  facet normal 1.08744e-06 -0.275638 0.961262
    outer loop
      vertex 67.91 41.1521 20.5887
      vertex 76 35 18.8246
      vertex 67.91 72.22 29.4973
    endloop
  endfacet
  facet normal 0.000175389 -0.275426 0.961322
    outer loop
      vertex 67.896 40.8788 20.5104
      vertex 76 35 18.8246
      vertex 67.91 41.1521 20.5887
    endloop
  endfacet
  facet normal -6.86023e-06 -0.275658 0.961256
    outer loop
      vertex 67.8543 40.6082 20.4328
      vertex 76 35 18.8246
      vertex 67.896 40.8788 20.5104
    endloop
  endfacet
  facet normal -4.84779e-05 -0.275714 0.96124
    outer loop
      vertex 67.7851 40.3429 20.3567
      vertex 76 35 18.8246
      vertex 67.8543 40.6082 20.4328
    endloop
  endfacet
  facet normal -6.26611e-05 -0.275734 0.961234
    outer loop
      vertex 67.6892 40.0853 20.2828
      vertex 76 35 18.8246
      vertex 67.7851 40.3429 20.3567
    endloop
  endfacet
  facet normal 2.34023e-05 -0.275604 0.961271
    outer loop
      vertex 67.5676 39.838 20.2119
      vertex 76 35 18.8246
      vertex 67.6892 40.0853 20.2828
    endloop
  endfacet
  facet normal 6.83199e-07 -0.275641 0.961261
    outer loop
      vertex 67.4212 39.6033 20.1446
      vertex 76 35 18.8246
      vertex 67.5676 39.838 20.2119
    endloop
  endfacet
  facet normal -1.40671e-06 -0.275645 0.96126
    outer loop
      vertex 67.2517 39.3836 20.0816
      vertex 76 35 18.8246
      vertex 67.4212 39.6033 20.1446
    endloop
  endfacet
  facet normal 3.92982e-05 -0.27557 0.961281
    outer loop
      vertex 67.0606 39.1809 20.0235
      vertex 76 35 18.8246
      vertex 67.2517 39.3836 20.0816
    endloop
  endfacet
  facet normal -3.63713e-05 -0.275719 0.961238
    outer loop
      vertex 66.8497 38.9972 19.9708
      vertex 76 35 18.8246
      vertex 67.0606 39.1809 20.0235
    endloop
  endfacet
  facet normal 6.45008e-05 -0.275506 0.961299
    outer loop
      vertex 66.6212 38.8342 19.9241
      vertex 76 35 18.8246
      vertex 66.8497 38.9972 19.9708
    endloop
  endfacet
  facet normal 3.04543e-05 -0.275583 0.961277
    outer loop
      vertex 66.377 38.6936 19.8838
      vertex 76 35 18.8246
      vertex 66.6212 38.8342 19.9241
    endloop
  endfacet
  facet normal -8.26788e-05 -0.275855 0.961199
    outer loop
      vertex 66.1198 38.5766 19.8502
      vertex 76 35 18.8246
      vertex 66.377 38.6936 19.8838
    endloop
  endfacet
  facet normal 1.82738e-05 -0.275597 0.961273
    outer loop
      vertex 65.8518 38.4845 19.8238
      vertex 76 35 18.8246
      vertex 66.1198 38.5766 19.8502
    endloop
  endfacet
  facet normal -6.29324e-05 -0.275816 0.961211
    outer loop
      vertex 65.5758 38.418 19.8047
      vertex 76 35 18.8246
      vertex 65.8518 38.4845 19.8238
    endloop
  endfacet
  facet normal -3.47541e-06 -0.275648 0.961259
    outer loop
      vertex 65.2943 38.3779 19.7932
      vertex 76 35 18.8246
      vertex 65.5758 38.418 19.8047
    endloop
  endfacet
  facet normal 0.000208914 -0.275026 0.961437
    outer loop
      vertex 65.01 38.3644 19.7894
      vertex 76 35 18.8246
      vertex 65.2943 38.3779 19.7932
    endloop
  endfacet
  facet normal 0 -0.275657 0.961256
    outer loop
      vertex 10.99 38.3644 19.7894
      vertex 76 35 18.8246
      vertex 65.01 38.3644 19.7894
    endloop
  endfacet
  facet normal -0.000208914 -0.275026 0.961437
    outer loop
      vertex 0 35 18.8246
      vertex 10.99 38.3644 19.7894
      vertex 10.7057 38.3779 19.7932
    endloop
  endfacet
  facet normal -1.08743e-06 -0.275638 0.961262
    outer loop
      vertex 8.09001 72.22 29.4973
      vertex 0 35 18.8246
      vertex 8.09001 41.1521 20.5887
    endloop
  endfacet
  facet normal 0 -0.275657 0.961256
    outer loop
      vertex 10.99 38.3644 19.7894
      vertex 0 35 18.8246
      vertex 76 35 18.8246
    endloop
  endfacet
  facet normal 3.47541e-06 -0.275648 0.961259
    outer loop
      vertex 10.4242 38.418 19.8047
      vertex 0 35 18.8246
      vertex 10.7057 38.3779 19.7932
    endloop
  endfacet
  facet normal 6.29324e-05 -0.275816 0.961211
    outer loop
      vertex 10.1482 38.4845 19.8238
      vertex 0 35 18.8246
      vertex 10.4242 38.418 19.8047
    endloop
  endfacet
  facet normal -1.82744e-05 -0.275597 0.961273
    outer loop
      vertex 9.88022 38.5766 19.8502
      vertex 0 35 18.8246
      vertex 10.1482 38.4845 19.8238
    endloop
  endfacet
  facet normal 8.26702e-05 -0.275855 0.961199
    outer loop
      vertex 9.62296 38.6936 19.8838
      vertex 0 35 18.8246
      vertex 9.88022 38.5766 19.8502
    endloop
  endfacet
  facet normal -3.04589e-05 -0.275583 0.961277
    outer loop
      vertex 9.37885 38.8342 19.9241
      vertex 0 35 18.8246
      vertex 9.62296 38.6936 19.8838
    endloop
  endfacet
  facet normal -6.44923e-05 -0.275506 0.961299
    outer loop
      vertex 9.15027 38.9972 19.9708
      vertex 0 35 18.8246
      vertex 9.37885 38.8342 19.9241
    endloop
  endfacet
  facet normal 3.63725e-05 -0.275719 0.961238
    outer loop
      vertex 8.93939 39.1809 20.0235
      vertex 0 35 18.8246
      vertex 9.15027 38.9972 19.9708
    endloop
  endfacet
  facet normal -3.92976e-05 -0.27557 0.961281
    outer loop
      vertex 8.74828 39.3836 20.0816
      vertex 0 35 18.8246
      vertex 8.93939 39.1809 20.0235
    endloop
  endfacet
  facet normal 1.40664e-06 -0.275645 0.96126
    outer loop
      vertex 8.57875 39.6033 20.1446
      vertex 0 35 18.8246
      vertex 8.74828 39.3836 20.0816
    endloop
  endfacet
  facet normal -6.83296e-07 -0.275641 0.961261
    outer loop
      vertex 8.43243 39.838 20.2119
      vertex 0 35 18.8246
      vertex 8.57875 39.6033 20.1446
    endloop
  endfacet
  facet normal -2.33993e-05 -0.275604 0.961271
    outer loop
      vertex 8.31076 40.0853 20.2828
      vertex 0 35 18.8246
      vertex 8.43243 39.838 20.2119
    endloop
  endfacet
  facet normal 6.26626e-05 -0.275734 0.961234
    outer loop
      vertex 8.21487 40.3429 20.3567
      vertex 0 35 18.8246
      vertex 8.31076 40.0853 20.2828
    endloop
  endfacet
  facet normal 4.84831e-05 -0.275714 0.96124
    outer loop
      vertex 8.14572 40.6082 20.4328
      vertex 0 35 18.8246
      vertex 8.21487 40.3429 20.3567
    endloop
  endfacet
  facet normal 6.85943e-06 -0.275658 0.961256
    outer loop
      vertex 8.10397 40.8788 20.5104
      vertex 0 35 18.8246
      vertex 8.14572 40.6082 20.4328
    endloop
  endfacet
  facet normal -0.000175407 -0.275426 0.961322
    outer loop
      vertex 8.09001 41.1521 20.5887
      vertex 0 35 18.8246
      vertex 8.10397 40.8788 20.5104
    endloop
  endfacet
  facet normal -0.671477 0.741025 0
    outer loop
      vertex 1.64523 81.4785 0
      vertex 1.31802 81.182 11.8337
      vertex 1.64523 81.4785 11.8337
    endloop
  endfacet
  facet normal -0.671477 0.741025 0
    outer loop
      vertex 1.31802 81.182 11.8337
      vertex 1.64523 81.4785 0
      vertex 1.31802 81.182 0
    endloop
  endfacet
  facet normal 0.998792 0.0491358 0
    outer loop
      vertex 76 78 11.8337
      vertex 75.9783 78.4411 0
      vertex 75.9783 78.4411 11.8337
    endloop
  endfacet
  facet normal 0.998792 0.0491358 0
    outer loop
      vertex 75.9783 78.4411 0
      vertex 76 78 11.8337
      vertex 76 78 0
    endloop
  endfacet
  facet normal 0.671488 0.741015 -0
    outer loop
      vertex 74.682 81.182 0
      vertex 74.3548 81.4785 11.8337
      vertex 74.682 81.182 11.8337
    endloop
  endfacet
  facet normal 0.671488 0.741015 0
    outer loop
      vertex 74.3548 81.4785 11.8337
      vertex 74.682 81.182 0
      vertex 74.3548 81.4785 0
    endloop
  endfacet
  facet normal -0.514049 0.857761 0
    outer loop
      vertex 2.37871 81.9686 0
      vertex 1.99993 81.7416 11.8337
      vertex 2.37871 81.9686 11.8337
    endloop
  endfacet
  facet normal -0.514049 0.857761 0
    outer loop
      vertex 1.99993 81.7416 11.8337
      vertex 2.37871 81.9686 0
      vertex 1.99993 81.7416 0
    endloop
  endfacet
  facet normal -0.98913 0.143704 0.0311599
    outer loop
      vertex 0.0864668 74.8931 30.2534
      vertex 0.0216684 78.4411 11.8337
      vertex 0.0216694 74.4732 30.133
    endloop
  endfacet
  facet normal -0.998739 0.0490616 0.0106383
    outer loop
      vertex 0.0216684 78.4411 11.8337
      vertex 0 78 11.8337
      vertex 0.0216694 74.4732 30.133
    endloop
  endfacet
  facet normal -0.970021 0.233299 0.0680456
    outer loop
      vertex 0.193769 75.3049 30.3715
      vertex 0.0864668 74.8904 30.263
      vertex 0.193769 75.3021 30.3811
    endloop
  endfacet
  facet normal -0.903966 0.410501 0.11973
    outer loop
      vertex 0.342543 75.7046 30.4861
      vertex 0.342543 75.7018 30.4957
      vertex 0.531355 76.0883 30.5961
    endloop
  endfacet
  facet normal -0.803244 0.571824 0.166782
    outer loop
      vertex 0.758388 76.4524 30.7005
      vertex 1.02145 76.7906 30.8079
      vertex 1.02145 76.7934 30.7983
    endloop
  endfacet
  facet normal -0.80314 0.57397 0.159765
    outer loop
      vertex 1.02145 76.7906 30.8079
      vertex 0.758388 76.4524 30.7005
      vertex 0.758388 76.4497 30.7102
    endloop
  endfacet
  facet normal -0.594852 0.786119 0.167831
    outer loop
      vertex 1.99993 77.6459 31.0428
      vertex 1.64523 81.4785 11.8337
      vertex 1.64523 77.393 30.9702
    endloop
  endfacet
  facet normal -0.663229 0.731923 0.15626
    outer loop
      vertex 1.64523 81.4785 11.8337
      vertex 1.31802 81.182 11.8337
      vertex 1.64523 77.393 30.9702
    endloop
  endfacet
  facet normal 0.427726 0.903908 -0
    outer loop
      vertex 73.6213 81.9686 0
      vertex 73.2221 82.1575 11.8337
      vertex 73.6213 81.9686 11.8337
    endloop
  endfacet
  facet normal 0.427726 0.903908 0
    outer loop
      vertex 73.2221 82.1575 11.8337
      vertex 73.6213 81.9686 0
      vertex 73.2221 82.1575 0
    endloop
  endfacet
  facet normal 0.98918 0.14084 0.0410785
    outer loop
      vertex 75.9783 74.4732 30.133
      vertex 75.9135 74.8904 30.263
      vertex 75.9783 74.4704 30.1426
    endloop
  endfacet
  facet normal 0.970035 0.23389 0.0657816
    outer loop
      vertex 75.9135 74.8931 30.2534
      vertex 75.8062 75.3049 30.3715
      vertex 75.9135 74.8904 30.263
    endloop
  endfacet
  facet normal 0.857749 0.495241 0.137851
    outer loop
      vertex 75.2416 76.4524 30.7005
      vertex 75.2416 76.4497 30.7102
      vertex 75.4686 76.0883 30.5961
    endloop
  endfacet
  facet normal -0.000141923 -0.275717 0.961239
    outer loop
      vertex 75.6575 75.7018 30.4957
      vertex 74.682 77.1052 30.8981
      vertex 75.9135 74.8904 30.263
    endloop
  endfacet
  facet normal 0.594852 0.786119 0.167831
    outer loop
      vertex 74.3548 81.4785 11.8337
      vertex 74.0001 77.6459 31.0428
      vertex 74.3548 77.393 30.9702
    endloop
  endfacet
  facet normal 0.803168 0.595753 0
    outer loop
      vertex 75.2416 80.5001 11.8337
      vertex 74.9785 80.8548 0
      vertex 74.9785 80.8548 11.8337
    endloop
  endfacet
  facet normal 0.803168 0.595753 0
    outer loop
      vertex 74.9785 80.8548 0
      vertex 75.2416 80.5001 11.8337
      vertex 75.2416 80.5001 0
    endloop
  endfacet
  facet normal -0.427717 0.903913 0
    outer loop
      vertex 2.77792 82.1575 0
      vertex 2.37871 81.9686 11.8337
      vertex 2.77792 82.1575 11.8337
    endloop
  endfacet
  facet normal -0.427717 0.903913 0
    outer loop
      vertex 2.37871 81.9686 11.8337
      vertex 2.77792 82.1575 0
      vertex 2.37871 81.9686 0
    endloop
  endfacet
  facet normal -0.514153 0.825664 0.232218
    outer loop
      vertex 2.37872 77.8641 31.1053
      vertex 1.99993 77.6431 31.0524
      vertex 2.37872 77.8614 31.1149
    endloop
  endfacet
  facet normal -0.513993 0.823483 0.240182
    outer loop
      vertex 1.99993 77.6431 31.0524
      vertex 2.37872 77.8641 31.1053
      vertex 1.99993 77.6459 31.0428
    endloop
  endfacet
  facet normal 0.242535 0.948928 0.201775
    outer loop
      vertex 72.8063 82.3062 11.8337
      vertex 72.3779 78.2918 31.228
      vertex 72.8063 78.1886 31.1984
    endloop
  endfacet
  facet normal 0.242885 0.931253 0.271615
    outer loop
      vertex 72.8063 78.1859 31.208
      vertex 72.3779 78.2918 31.228
      vertex 72.3779 78.289 31.2376
    endloop
  endfacet
  facet normal 0.243089 0.933775 0.262624
    outer loop
      vertex 72.3779 78.2918 31.228
      vertex 72.8063 78.1859 31.208
      vertex 72.8063 78.1886 31.1984
    endloop
  endfacet
  facet normal -0.00129499 -0.277252 0.960796
    outer loop
      vertex 74.3548 77.3902 30.9799
      vertex 74.0001 77.6431 31.0524
      vertex 74.682 77.1052 30.8981
    endloop
  endfacet
  facet normal 0.000297982 -0.274808 0.961499
    outer loop
      vertex 72.8063 78.1859 31.208
      vertex 72.3779 78.289 31.2376
      vertex 73.2221 78.0429 31.167
    endloop
  endfacet
  facet normal 0.146173 0.967648 0.205646
    outer loop
      vertex 72.3779 82.4135 11.8337
      vertex 71.9411 78.354 31.2458
      vertex 72.3779 78.2918 31.228
    endloop
  endfacet
  facet normal 0.237958 0.950058 0.201907
    outer loop
      vertex 72.3779 82.4135 11.8337
      vertex 72.3779 78.2918 31.228
      vertex 72.8063 82.3062 11.8337
    endloop
  endfacet
  facet normal 0.336738 0.941598 -0
    outer loop
      vertex 73.2221 82.1575 0
      vertex 72.8063 82.3062 11.8337
      vertex 73.2221 82.1575 11.8337
    endloop
  endfacet
  facet normal 0.336738 0.941598 0
    outer loop
      vertex 72.8063 82.3062 11.8337
      vertex 73.2221 82.1575 0
      vertex 72.8063 82.3062 0
    endloop
  endfacet
  facet normal 0.000489535 -0.27594 0.961175
    outer loop
      vertex 0.758388 76.4497 30.7102
      vertex 0.342543 75.7018 30.4957
      vertex 1.31802 77.1052 30.8981
    endloop
  endfacet
  facet normal -0.00293384 -0.27418 0.961674
    outer loop
      vertex 0.531355 76.0856 30.6057
      vertex 0.342543 75.7018 30.4957
      vertex 0.758388 76.4497 30.7102
    endloop
  endfacet
  facet normal -0.989181 0.140835 0.0410769
    outer loop
      vertex 0.0216694 74.4732 30.133
      vertex 0.0216694 74.4704 30.1426
      vertex 0.0864668 74.8904 30.263
    endloop
  endfacet
  facet normal -0.998795 0.0471053 0.013739
    outer loop
      vertex 0.0216694 74.4732 30.133
      vertex 0 74.0464 30.021
      vertex 0.0216694 74.4704 30.1426
    endloop
  endfacet
  facet normal -0.740936 0.671575 0
    outer loop
      vertex 1.02145 80.8548 0
      vertex 1.31802 81.182 11.8337
      vertex 1.31802 81.182 0
    endloop
  endfacet
  facet normal -0.740936 0.671575 0
    outer loop
      vertex 1.31802 81.182 11.8337
      vertex 1.02145 80.8548 0
      vertex 1.02145 80.8548 11.8337
    endloop
  endfacet
  facet normal -0.740134 0.65755 0.140819
    outer loop
      vertex 1.31802 77.1079 30.8885
      vertex 1.02145 80.8548 11.8337
      vertex 1.02145 76.7934 30.7983
    endloop
  endfacet
  facet normal -0.740911 0.64652 0.181834
    outer loop
      vertex 1.02145 76.7934 30.7983
      vertex 1.31802 77.1052 30.8981
      vertex 1.31802 77.1079 30.8885
    endloop
  endfacet
  facet normal -0.74101 0.644634 0.188018
    outer loop
      vertex 1.31802 77.1052 30.8981
      vertex 1.02145 76.7934 30.7983
      vertex 1.02145 76.7906 30.8079
    endloop
  endfacet
  facet normal -0.671485 0.71195 0.205511
    outer loop
      vertex 1.64523 77.393 30.9702
      vertex 1.31802 77.1052 30.8981
      vertex 1.64523 77.3902 30.9799
    endloop
  endfacet
  facet normal -0.671566 0.713271 0.200607
    outer loop
      vertex 1.31802 77.1052 30.8981
      vertex 1.64523 77.393 30.9702
      vertex 1.31802 77.1079 30.8885
    endloop
  endfacet
  facet normal 0.00129517 -0.277252 0.960796
    outer loop
      vertex 1.64523 77.3902 30.9799
      vertex 1.31802 77.1052 30.8981
      vertex 1.99993 77.6431 31.0524
    endloop
  endfacet
  facet normal 0.988676 0.146672 0.03173
    outer loop
      vertex 75.9135 78.8779 11.8337
      vertex 75.9135 74.8931 30.2534
      vertex 75.9783 78.4411 11.8337
    endloop
  endfacet
  facet normal 0.941362 0.329803 0.0711883
    outer loop
      vertex 75.8062 79.3063 11.8337
      vertex 75.6575 75.7046 30.4861
      vertex 75.8062 75.3049 30.3715
    endloop
  endfacet
  facet normal 0.941598 0.323269 0.0942867
    outer loop
      vertex 75.6575 75.7046 30.4861
      vertex 75.6575 75.7018 30.4957
      vertex 75.8062 75.3049 30.3715
    endloop
  endfacet
  facet normal 0.513089 0.839466 0.178988
    outer loop
      vertex 74.0001 81.7416 11.8337
      vertex 73.6213 77.8641 31.1053
      vertex 74.0001 77.6459 31.0428
    endloop
  endfacet
  facet normal 0.50566 0.843807 0.179715
    outer loop
      vertex 73.6213 81.9686 11.8337
      vertex 73.6213 77.8641 31.1053
      vertex 74.0001 81.7416 11.8337
    endloop
  endfacet
  facet normal -0.426739 0.884536 0.18839
    outer loop
      vertex 2.77793 78.0456 31.1574
      vertex 2.37871 81.9686 11.8337
      vertex 2.37872 77.8641 31.1053
    endloop
  endfacet
  facet normal -0.50568 0.843795 0.179713
    outer loop
      vertex 2.37871 81.9686 11.8337
      vertex 1.99993 81.7416 11.8337
      vertex 2.37872 77.8641 31.1053
    endloop
  endfacet
  facet normal -0.330185 0.923275 0.19632
    outer loop
      vertex 3.19372 82.3062 11.8337
      vertex 2.77792 82.1575 11.8337
      vertex 3.19372 78.1886 31.1984
    endloop
  endfacet
  facet normal 0.0492349 0.961483 0.270417
    outer loop
      vertex 71.9411 78.354 31.2458
      vertex 71.5 78.3749 31.2518
      vertex 71.9411 78.3513 31.2554
    endloop
  endfacet
  facet normal 0 0.96 0.28
    outer loop
      vertex 71.5 78.3749 31.2518
      vertex 4.5 78.3721 31.2614
      vertex 71.5 78.3721 31.2614
    endloop
  endfacet
  facet normal 0 0.96 0.28
    outer loop
      vertex 4.5 78.3721 31.2614
      vertex 71.5 78.3749 31.2518
      vertex 4.5 78.3749 31.2518
    endloop
  endfacet
  facet normal -0.000150232 -0.275277 0.961365
    outer loop
      vertex 2.77793 78.0429 31.167
      vertex 1.99993 77.6431 31.0524
      vertex 3.62209 78.289 31.2376
    endloop
  endfacet
  facet normal -0.000298034 -0.274808 0.961499
    outer loop
      vertex 3.19372 78.1859 31.208
      vertex 2.77793 78.0429 31.167
      vertex 3.62209 78.289 31.2376
    endloop
  endfacet
  facet normal 0.000150216 -0.275277 0.961365
    outer loop
      vertex 73.2221 78.0429 31.167
      vertex 72.3779 78.289 31.2376
      vertex 74.0001 77.6431 31.0524
    endloop
  endfacet
  facet normal -9.62887e-05 -0.275849 0.961201
    outer loop
      vertex 74.0001 77.6431 31.0524
      vertex 72.3779 78.289 31.2376
      vertex 74.682 77.1052 30.8981
    endloop
  endfacet
  facet normal 0.903908 0.427726 0
    outer loop
      vertex 75.6575 79.7221 11.8337
      vertex 75.4686 80.1213 0
      vertex 75.4686 80.1213 11.8337
    endloop
  endfacet
  facet normal 0.903908 0.427726 0
    outer loop
      vertex 75.4686 80.1213 0
      vertex 75.6575 79.7221 11.8337
      vertex 75.6575 79.7221 0
    endloop
  endfacet
  facet normal 0.00124321 -0.276038 0.961146
    outer loop
      vertex 0.193769 75.3021 30.3811
      vertex 0.0864668 74.8904 30.263
      vertex 0.342543 75.7018 30.4957
    endloop
  endfacet
  facet normal -0.941545 0.323411 0.0943282
    outer loop
      vertex 0.193769 75.3049 30.3715
      vertex 0.193769 75.3021 30.3811
      vertex 0.342543 75.7018 30.4957
    endloop
  endfacet
  facet normal 0.989175 0.14126 0.0397294
    outer loop
      vertex 75.9135 74.8931 30.2534
      vertex 75.9135 74.8904 30.263
      vertex 75.9783 74.4732 30.133
    endloop
  endfacet
  facet normal 0.989129 0.14371 0.0311611
    outer loop
      vertex 75.9783 78.4411 11.8337
      vertex 75.9135 74.8931 30.2534
      vertex 75.9783 74.4732 30.133
    endloop
  endfacet
  facet normal 0.970022 0.233295 0.0680443
    outer loop
      vertex 75.8062 75.3049 30.3715
      vertex 75.8062 75.3021 30.3811
      vertex 75.9135 74.8904 30.263
    endloop
  endfacet
  facet normal 0.903928 0.411711 0.115794
    outer loop
      vertex 75.4686 76.0883 30.5961
      vertex 75.4686 76.0856 30.6057
      vertex 75.6575 75.7018 30.4957
    endloop
  endfacet
  facet normal 0.857238 0.503422 0.108211
    outer loop
      vertex 75.4686 80.1213 11.8337
      vertex 75.2416 76.4524 30.7005
      vertex 75.4686 76.0883 30.5961
    endloop
  endfacet
  facet normal -0.000489737 -0.27594 0.961175
    outer loop
      vertex 75.2416 76.4497 30.7102
      vertex 74.682 77.1052 30.8981
      vertex 75.6575 75.7018 30.4957
    endloop
  endfacet
  facet normal 0.336139 0.921188 0.19602
    outer loop
      vertex 73.2221 82.1575 11.8337
      vertex 72.8063 78.1886 31.1984
      vertex 73.2221 78.0456 31.1574
    endloop
  endfacet
  facet normal 0.336858 0.906389 0.254922
    outer loop
      vertex 73.2221 78.0429 31.167
      vertex 72.8063 78.1886 31.1984
      vertex 72.8063 78.1859 31.208
    endloop
  endfacet
  facet normal 0.336858 0.906389 0.254922
    outer loop
      vertex 72.8063 78.1886 31.1984
      vertex 73.2221 78.0429 31.167
      vertex 73.2221 78.0456 31.1574
    endloop
  endfacet
  facet normal 0.671496 0.71194 0.205509
    outer loop
      vertex 74.682 77.1052 30.8981
      vertex 74.3548 77.393 30.9702
      vertex 74.3548 77.3902 30.9799
    endloop
  endfacet
  facet normal 0.671577 0.713261 0.200605
    outer loop
      vertex 74.3548 77.393 30.9702
      vertex 74.682 77.1052 30.8981
      vertex 74.682 77.1079 30.8885
    endloop
  endfacet
  facet normal 0.66324 0.731913 0.156258
    outer loop
      vertex 74.3548 81.4785 11.8337
      vertex 74.3548 77.393 30.9702
      vertex 74.682 81.182 11.8337
    endloop
  endfacet
  facet normal -0.336146 0.921185 0.19602
    outer loop
      vertex 3.19372 78.1886 31.1984
      vertex 2.77792 82.1575 11.8337
      vertex 2.77793 78.0456 31.1574
    endloop
  endfacet
  facet normal -0.420018 0.887642 0.188882
    outer loop
      vertex 2.77792 82.1575 11.8337
      vertex 2.37871 81.9686 11.8337
      vertex 2.77793 78.0456 31.1574
    endloop
  endfacet
  facet normal 0.0490183 0.958846 0.279663
    outer loop
      vertex 71.5 78.3749 31.2518
      vertex 71.5 78.3721 31.2614
      vertex 71.9411 78.3513 31.2554
    endloop
  endfacet
  facet normal 0 -0.277161 0.960824
    outer loop
      vertex 4.5 78.3721 31.2614
      vertex 71.9411 78.3513 31.2554
      vertex 71.5 78.3721 31.2614
    endloop
  endfacet
  facet normal 0 -0.277161 0.960824
    outer loop
      vertex 71.9411 78.3513 31.2554
      vertex 4.5 78.3721 31.2614
      vertex 4.05892 78.3513 31.2554
    endloop
  endfacet
  facet normal -0.0490205 0.958846 0.279663
    outer loop
      vertex 4.5 78.3749 31.2518
      vertex 4.05892 78.3513 31.2554
      vertex 4.5 78.3721 31.2614
    endloop
  endfacet
  facet normal -0.427582 0.870214 0.244748
    outer loop
      vertex 2.77793 78.0456 31.1574
      vertex 2.37872 77.8614 31.1149
      vertex 2.77793 78.0429 31.167
    endloop
  endfacet
  facet normal -0.427582 0.870214 0.244748
    outer loop
      vertex 2.37872 77.8614 31.1149
      vertex 2.77793 78.0456 31.1574
      vertex 2.37872 77.8641 31.1053
    endloop
  endfacet
  facet normal -0.00155212 -0.272754 0.962083
    outer loop
      vertex 2.37872 77.8614 31.1149
      vertex 1.99993 77.6431 31.0524
      vertex 2.77793 78.0429 31.167
    endloop
  endfacet
  facet normal 0.427591 0.87021 0.244746
    outer loop
      vertex 73.6213 77.8614 31.1149
      vertex 73.2221 78.0456 31.1574
      vertex 73.2221 78.0429 31.167
    endloop
  endfacet
  facet normal 0.427591 0.87021 0.244746
    outer loop
      vertex 73.2221 78.0456 31.1574
      vertex 73.6213 77.8614 31.1149
      vertex 73.6213 77.8641 31.1053
    endloop
  endfacet
  facet normal 0.96991 0.237959 0.0514786
    outer loop
      vertex 75.9135 78.8779 11.8337
      vertex 75.8062 75.3049 30.3715
      vertex 75.9135 74.8931 30.2534
    endloop
  endfacet
  facet normal 0.968705 0.242628 0.0523715
    outer loop
      vertex 75.8062 79.3063 11.8337
      vertex 75.8062 75.3049 30.3715
      vertex 75.9135 78.8779 11.8337
    endloop
  endfacet
  facet normal 0.802547 0.583316 0.125145
    outer loop
      vertex 75.2416 80.5001 11.8337
      vertex 74.9785 76.7934 30.7983
      vertex 75.2416 76.4524 30.7005
    endloop
  endfacet
  facet normal 0.79671 0.590962 0.126559
    outer loop
      vertex 74.9785 80.8548 11.8337
      vertex 74.9785 76.7934 30.7983
      vertex 75.2416 80.5001 11.8337
    endloop
  endfacet
  facet normal 0.903518 0.418943 0.0902353
    outer loop
      vertex 75.6575 79.7221 11.8337
      vertex 75.4686 76.0883 30.5961
      vertex 75.6575 75.7046 30.4861
    endloop
  endfacet
  facet normal 0.900112 0.42593 0.0915541
    outer loop
      vertex 75.4686 80.1213 11.8337
      vertex 75.4686 76.0883 30.5961
      vertex 75.6575 79.7221 11.8337
    endloop
  endfacet
  facet normal 0.803203 0.571877 0.166797
    outer loop
      vertex 74.9785 76.7906 30.8079
      vertex 75.2416 76.4524 30.7005
      vertex 74.9785 76.7934 30.7983
    endloop
  endfacet
  facet normal 0.803098 0.574024 0.15978
    outer loop
      vertex 75.2416 76.4524 30.7005
      vertex 74.9785 76.7906 30.8079
      vertex 75.2416 76.4497 30.7102
    endloop
  endfacet
  facet normal 0.000670174 -0.275025 0.961437
    outer loop
      vertex 74.9785 76.7906 30.8079
      vertex 74.682 77.1052 30.8981
      vertex 75.2416 76.4497 30.7102
    endloop
  endfacet
  facet normal -0.513099 0.83946 0.178987
    outer loop
      vertex 2.37872 77.8641 31.1053
      vertex 1.99993 81.7416 11.8337
      vertex 1.99993 77.6459 31.0428
    endloop
  endfacet
  facet normal 0.941598 0.323269 0.0942867
    outer loop
      vertex 75.8062 75.3049 30.3715
      vertex 75.6575 75.7018 30.4957
      vertex 75.8062 75.3021 30.3811
    endloop
  endfacet
  facet normal -0.00124521 -0.276038 0.961146
    outer loop
      vertex 75.8062 75.3021 30.3811
      vertex 75.6575 75.7018 30.4957
      vertex 75.9135 74.8904 30.263
    endloop
  endfacet
  facet normal 0.740213 0.657465 0.140801
    outer loop
      vertex 74.9785 80.8548 11.8337
      vertex 74.682 77.1079 30.8885
      vertex 74.9785 76.7934 30.7983
    endloop
  endfacet
  facet normal 0.857769 0.494837 0.139173
    outer loop
      vertex 75.4686 76.0883 30.5961
      vertex 75.2416 76.4497 30.7102
      vertex 75.4686 76.0856 30.6057
    endloop
  endfacet
  facet normal 0.002941 -0.274176 0.961675
    outer loop
      vertex 75.4686 76.0856 30.6057
      vertex 75.2416 76.4497 30.7102
      vertex 75.6575 75.7018 30.4957
    endloop
  endfacet
  facet normal 0.74099 0.646436 0.18181
    outer loop
      vertex 74.682 77.1052 30.8981
      vertex 74.9785 76.7934 30.7983
      vertex 74.682 77.1079 30.8885
    endloop
  endfacet
  facet normal 0.741089 0.644551 0.187994
    outer loop
      vertex 74.9785 76.7934 30.7983
      vertex 74.682 77.1052 30.8981
      vertex 74.9785 76.7906 30.8079
    endloop
  endfacet
  facet normal 0.989175 0.146739 0
    outer loop
      vertex 2.44035 4.09031 6.2
      vertex 2.41011 4.29416 0
      vertex 2.41011 4.29416 6.2
    endloop
  endfacet
  facet normal 0.989175 0.146739 0
    outer loop
      vertex 2.41011 4.29416 0
      vertex 2.44035 4.09031 6.2
      vertex 2.44035 4.09031 0
    endloop
  endfacet
  facet normal -0.989133 0.147023 0
    outer loop
      vertex 73.5596 4.09031 0
      vertex 73.5899 4.29416 6.2
      vertex 73.5899 4.29416 0
    endloop
  endfacet
  facet normal -0.989133 0.147023 0
    outer loop
      vertex 73.5899 4.29416 6.2
      vertex 73.5596 4.09031 0
      vertex 73.5596 4.09031 6.2
    endloop
  endfacet
  facet normal 1 0 0
    outer loop
      vertex 2.4 35 6.2
      vertex 2.4 17.25 3.8
      vertex 2.4 32.25 3.8
    endloop
  endfacet
  facet normal 1 0 0
    outer loop
      vertex 2.4 17.25 3.8
      vertex 2.4 4.5 6.2
      vertex 2.4 17.25 2.5
    endloop
  endfacet
  facet normal 1 -0 0
    outer loop
      vertex 2.4 4.5 6.2
      vertex 2.4 17.25 3.8
      vertex 2.4 35 6.2
    endloop
  endfacet
  facet normal 1 0 0
    outer loop
      vertex 2.4 74.8761 27.1276
      vertex 2.4 50.25 3.8
      vertex 2.4 65.25 3.8
    endloop
  endfacet
  facet normal 1 -0 0
    outer loop
      vertex 2.4 35 11.8337
      vertex 2.4 50.25 3.8
      vertex 2.4 38.1339 16.6024
    endloop
  endfacet
  facet normal 1 -0 0
    outer loop
      vertex 2.4 38.1339 16.6024
      vertex 2.4 50.25 3.8
      vertex 2.4 74.8734 27.1373
    endloop
  endfacet
  facet normal 1 0 0
    outer loop
      vertex 2.4 65.25 3.8
      vertex 2.4 78 11.8337
      vertex 2.4 74.8761 27.1276
    endloop
  endfacet
  facet normal 1 0 0
    outer loop
      vertex 2.4 50.25 3.8
      vertex 2.4 74.8761 27.1276
      vertex 2.4 74.8734 27.1373
    endloop
  endfacet
  facet normal 1 0 0
    outer loop
      vertex 2.4 78 11.8337
      vertex 2.4 65.25 3.8
      vertex 2.4 78 0
    endloop
  endfacet
  facet normal 1 -0 0
    outer loop
      vertex 2.4 65.25 2.5
      vertex 2.4 78 0
      vertex 2.4 65.25 3.8
    endloop
  endfacet
  facet normal 1 -0 0
    outer loop
      vertex 2.4 50.25 2.5
      vertex 2.4 78 0
      vertex 2.4 65.25 2.5
    endloop
  endfacet
  facet normal 1 -0 0
    outer loop
      vertex 2.4 35 6.2
      vertex 2.4 50.25 3.8
      vertex 2.4 35 11.8337
    endloop
  endfacet
  facet normal 1 0 0
    outer loop
      vertex 2.4 50.25 3.8
      vertex 2.4 35 6.2
      vertex 2.4 50.25 2.5
    endloop
  endfacet
  facet normal 1 0 0
    outer loop
      vertex 2.4 32.25 2.5
      vertex 2.4 35 6.2
      vertex 2.4 32.25 3.8
    endloop
  endfacet
  facet normal 1 0 0
    outer loop
      vertex 2.4 35 6.2
      vertex 2.4 32.25 2.5
      vertex 2.4 50.25 2.5
    endloop
  endfacet
  facet normal 1 0 0
    outer loop
      vertex 2.4 50.25 2.5
      vertex 2.4 32.25 2.5
      vertex 2.4 78 0
    endloop
  endfacet
  facet normal 1 0 0
    outer loop
      vertex 2.4 4.5 0
      vertex 2.4 32.25 2.5
      vertex 2.4 17.25 2.5
    endloop
  endfacet
  facet normal 1 0 0
    outer loop
      vertex 2.4 32.25 2.5
      vertex 2.4 4.5 0
      vertex 2.4 78 0
    endloop
  endfacet
  facet normal 1 0 0
    outer loop
      vertex 2.4 4.5 0
      vertex 2.4 17.25 2.5
      vertex 2.4 4.5 6.2
    endloop
  endfacet
  facet normal 0.941557 0.336853 0
    outer loop
      vertex 2.55985 3.69636 6.2
      vertex 2.49043 3.8904 0
      vertex 2.49043 3.8904 6.2
    endloop
  endfacet
  facet normal 0.941557 0.336853 0
    outer loop
      vertex 2.49043 3.8904 0
      vertex 2.55985 3.69636 6.2
      vertex 2.55985 3.69636 0
    endloop
  endfacet
  facet normal 0.970025 0.243004 0
    outer loop
      vertex 2.49043 3.8904 6.2
      vertex 2.44035 4.09031 0
      vertex 2.44035 4.09031 6.2
    endloop
  endfacet
  facet normal 0.970025 0.243004 0
    outer loop
      vertex 2.44035 4.09031 0
      vertex 2.49043 3.8904 6.2
      vertex 2.49043 3.8904 0
    endloop
  endfacet
  facet normal -0.803127 0.595808 0
    outer loop
      vertex 73.1233 3.16777 0
      vertex 73.2461 3.3333 6.2
      vertex 73.2461 3.3333 0
    endloop
  endfacet
  facet normal -0.803127 0.595808 0
    outer loop
      vertex 73.2461 3.3333 6.2
      vertex 73.1233 3.16777 0
      vertex 73.1233 3.16777 6.2
    endloop
  endfacet
  facet normal -1 0 0
    outer loop
      vertex 73.6 50.25 3.8
      vertex 73.6 35 11.8337
      vertex 73.6 38.1339 16.6024
    endloop
  endfacet
  facet normal -1 0 0
    outer loop
      vertex 73.6 32.25 3.8
      vertex 73.6 35 6.2
      vertex 73.6 32.25 2.5
    endloop
  endfacet
  facet normal -1 0 0
    outer loop
      vertex 73.6 17.25 3.8
      vertex 73.6 35 6.2
      vertex 73.6 32.25 3.8
    endloop
  endfacet
  facet normal -1 0 0
    outer loop
      vertex 73.6 17.25 3.8
      vertex 73.6 4.5 6.2
      vertex 73.6 35 6.2
    endloop
  endfacet
  facet normal -1 0 0
    outer loop
      vertex 73.6 4.5 6.2
      vertex 73.6 17.25 3.8
      vertex 73.6 4.5 0
    endloop
  endfacet
  facet normal -1 0 0
    outer loop
      vertex 73.6 65.25 3.8
      vertex 73.6 78 11.8337
      vertex 73.6 78 0
    endloop
  endfacet
  facet normal -1 0 -0
    outer loop
      vertex 73.6 66.6331 17.4364
      vertex 73.6 78 11.8337
      vertex 73.6 66.5633 17.0102
    endloop
  endfacet
  facet normal -1 0 -0
    outer loop
      vertex 73.6 66.6609 17.8672
      vertex 73.6 78 11.8337
      vertex 73.6 66.6331 17.4364
    endloop
  endfacet
  facet normal -1 0 0
    outer loop
      vertex 73.6 78 11.8337
      vertex 73.6 66.6463 18.2988
      vertex 73.6 74.8761 27.1276
    endloop
  endfacet
  facet normal -1 0 0
    outer loop
      vertex 73.6 66.6463 18.2988
      vertex 73.6 78 11.8337
      vertex 73.6 66.6609 17.8672
    endloop
  endfacet
  facet normal -1 0 0
    outer loop
      vertex 73.6 78 11.8337
      vertex 73.6 66.452 16.593
      vertex 73.6 66.5633 17.0102
    endloop
  endfacet
  facet normal -1 0 0
    outer loop
      vertex 73.6 78 11.8337
      vertex 73.6 66.3003 16.1888
      vertex 73.6 66.452 16.593
    endloop
  endfacet
  facet normal -1 0 0
    outer loop
      vertex 73.6 78 11.8337
      vertex 73.6 66.1098 15.8013
      vertex 73.6 66.3003 16.1888
    endloop
  endfacet
  facet normal -1 0 0
    outer loop
      vertex 73.6 78 11.8337
      vertex 73.6 65.8821 15.4343
      vertex 73.6 66.1098 15.8013
    endloop
  endfacet
  facet normal -1 0 0
    outer loop
      vertex 73.6 78 11.8337
      vertex 73.6 65.6197 15.0915
      vertex 73.6 65.8821 15.4343
    endloop
  endfacet
  facet normal -1 0 -0
    outer loop
      vertex 73.6 65.3248 14.776
      vertex 73.6 78 11.8337
      vertex 73.6 65.25 3.8
    endloop
  endfacet
  facet normal -1 0 0
    outer loop
      vertex 73.6 65.25 3.8
      vertex 73.6 78 0
      vertex 73.6 65.25 2.5
    endloop
  endfacet
  facet normal -1 0 0
    outer loop
      vertex 73.6 78 0
      vertex 73.6 50.25 2.5
      vertex 73.6 65.25 2.5
    endloop
  endfacet
  facet normal -1 0 0
    outer loop
      vertex 73.6 35 6.2
      vertex 73.6 50.25 3.8
      vertex 73.6 50.25 2.5
    endloop
  endfacet
  facet normal -1 0 0
    outer loop
      vertex 73.6 35 11.8337
      vertex 73.6 50.25 3.8
      vertex 73.6 35 6.2
    endloop
  endfacet
  facet normal -1 0 0
    outer loop
      vertex 73.6 50.25 2.5
      vertex 73.6 32.25 2.5
      vertex 73.6 35 6.2
    endloop
  endfacet
  facet normal -1 0 0
    outer loop
      vertex 73.6 78 0
      vertex 73.6 32.25 2.5
      vertex 73.6 50.25 2.5
    endloop
  endfacet
  facet normal -1 0 0
    outer loop
      vertex 73.6 4.5 0
      vertex 73.6 32.25 2.5
      vertex 73.6 78 0
    endloop
  endfacet
  facet normal -1 -0 0
    outer loop
      vertex 73.6 17.25 2.5
      vertex 73.6 4.5 0
      vertex 73.6 17.25 3.8
    endloop
  endfacet
  facet normal -1 -0 0
    outer loop
      vertex 73.6 32.25 2.5
      vertex 73.6 4.5 0
      vertex 73.6 17.25 2.5
    endloop
  endfacet
  facet normal -1 0 0
    outer loop
      vertex 73.6 66.5895 18.7268
      vertex 73.6 74.8761 27.1276
      vertex 73.6 66.6463 18.2988
    endloop
  endfacet
  facet normal -1 0 0
    outer loop
      vertex 73.6 66.491 19.1472
      vertex 73.6 74.8761 27.1276
      vertex 73.6 66.5895 18.7268
    endloop
  endfacet
  facet normal -1 0 0
    outer loop
      vertex 73.6 66.3517 19.556
      vertex 73.6 74.8761 27.1276
      vertex 73.6 66.491 19.1472
    endloop
  endfacet
  facet normal -1 0 0
    outer loop
      vertex 73.6 66.1731 19.9491
      vertex 73.6 74.8761 27.1276
      vertex 73.6 66.3517 19.556
    endloop
  endfacet
  facet normal -1 0 0
    outer loop
      vertex 73.6 65.9568 20.3228
      vertex 73.6 74.8761 27.1276
      vertex 73.6 66.1731 19.9491
    endloop
  endfacet
  facet normal -1 0 0
    outer loop
      vertex 73.6 65.7049 20.6735
      vertex 73.6 74.8761 27.1276
      vertex 73.6 65.9568 20.3228
    endloop
  endfacet
  facet normal -1 0 0
    outer loop
      vertex 73.6 65.4198 20.9978
      vertex 73.6 74.8761 27.1276
      vertex 73.6 65.7049 20.6735
    endloop
  endfacet
  facet normal -1 0 0
    outer loop
      vertex 73.6 65.1044 21.2927
      vertex 73.6 74.8761 27.1276
      vertex 73.6 65.4198 20.9978
    endloop
  endfacet
  facet normal -1 -0 0
    outer loop
      vertex 73.6 74.8761 27.1276
      vertex 73.6 65.1044 21.2927
      vertex 73.6 74.8734 27.1373
    endloop
  endfacet
  facet normal -1 0 0
    outer loop
      vertex 73.6 64.7615 21.5551
      vertex 73.6 74.8734 27.1373
      vertex 73.6 65.1044 21.2927
    endloop
  endfacet
  facet normal -1 0 0
    outer loop
      vertex 73.6 64.3946 21.7828
      vertex 73.6 74.8734 27.1373
      vertex 73.6 64.7615 21.5551
    endloop
  endfacet
  facet normal -1 0 0
    outer loop
      vertex 73.6 64.0071 21.9733
      vertex 73.6 74.8734 27.1373
      vertex 73.6 64.3946 21.7828
    endloop
  endfacet
  facet normal -1 0 0
    outer loop
      vertex 73.6 63.6028 22.125
      vertex 73.6 74.8734 27.1373
      vertex 73.6 64.0071 21.9733
    endloop
  endfacet
  facet normal -1 0 0
    outer loop
      vertex 73.6 63.1856 22.2363
      vertex 73.6 74.8734 27.1373
      vertex 73.6 63.6028 22.125
    endloop
  endfacet
  facet normal -1 0 0
    outer loop
      vertex 73.6 62.7595 22.3061
      vertex 73.6 74.8734 27.1373
      vertex 73.6 63.1856 22.2363
    endloop
  endfacet
  facet normal -1 0 0
    outer loop
      vertex 73.6 62.3286 22.3339
      vertex 73.6 74.8734 27.1373
      vertex 73.6 62.7595 22.3061
    endloop
  endfacet
  facet normal -1 0 0
    outer loop
      vertex 73.6 61.8971 22.3193
      vertex 73.6 74.8734 27.1373
      vertex 73.6 62.3286 22.3339
    endloop
  endfacet
  facet normal -1 0 0
    outer loop
      vertex 73.6 61.469 22.2625
      vertex 73.6 74.8734 27.1373
      vertex 73.6 61.8971 22.3193
    endloop
  endfacet
  facet normal -1 0 0
    outer loop
      vertex 73.6 61.0486 22.164
      vertex 73.6 74.8734 27.1373
      vertex 73.6 61.469 22.2625
    endloop
  endfacet
  facet normal -1 0 0
    outer loop
      vertex 73.6 54.5121 20.2896
      vertex 73.6 74.8734 27.1373
      vertex 73.6 61.0486 22.164
    endloop
  endfacet
  facet normal -1 0 0
    outer loop
      vertex 73.6 51.34 15.6957
      vertex 73.6 38.1339 16.6024
      vertex 73.6 51.3254 16.1273
    endloop
  endfacet
  facet normal -1 -0 0
    outer loop
      vertex 73.6 54.5121 20.2896
      vertex 73.6 38.1339 16.6024
      vertex 73.6 74.8734 27.1373
    endloop
  endfacet
  facet normal -1 -0 0
    outer loop
      vertex 73.6 54.1033 20.1504
      vertex 73.6 38.1339 16.6024
      vertex 73.6 54.5121 20.2896
    endloop
  endfacet
  facet normal -1 -0 0
    outer loop
      vertex 73.6 53.7102 19.9718
      vertex 73.6 38.1339 16.6024
      vertex 73.6 54.1033 20.1504
    endloop
  endfacet
  facet normal -1 -0 0
    outer loop
      vertex 73.6 53.3365 19.7555
      vertex 73.6 38.1339 16.6024
      vertex 73.6 53.7102 19.9718
    endloop
  endfacet
  facet normal -1 -0 0
    outer loop
      vertex 73.6 52.9858 19.5036
      vertex 73.6 38.1339 16.6024
      vertex 73.6 53.3365 19.7555
    endloop
  endfacet
  facet normal -1 -0 0
    outer loop
      vertex 73.6 52.6615 19.2185
      vertex 73.6 38.1339 16.6024
      vertex 73.6 52.9858 19.5036
    endloop
  endfacet
  facet normal -1 -0 0
    outer loop
      vertex 73.6 52.3666 18.903
      vertex 73.6 38.1339 16.6024
      vertex 73.6 52.6615 19.2185
    endloop
  endfacet
  facet normal -1 -0 0
    outer loop
      vertex 73.6 52.1041 18.5602
      vertex 73.6 38.1339 16.6024
      vertex 73.6 52.3666 18.903
    endloop
  endfacet
  facet normal -1 -0 0
    outer loop
      vertex 73.6 51.8765 18.1933
      vertex 73.6 38.1339 16.6024
      vertex 73.6 52.1041 18.5602
    endloop
  endfacet
  facet normal -1 -0 0
    outer loop
      vertex 73.6 51.686 17.8058
      vertex 73.6 38.1339 16.6024
      vertex 73.6 51.8765 18.1933
    endloop
  endfacet
  facet normal -1 -0 0
    outer loop
      vertex 73.6 51.5343 17.4015
      vertex 73.6 38.1339 16.6024
      vertex 73.6 51.686 17.8058
    endloop
  endfacet
  facet normal -1 -0 0
    outer loop
      vertex 73.6 51.423 16.9843
      vertex 73.6 38.1339 16.6024
      vertex 73.6 51.5343 17.4015
    endloop
  endfacet
  facet normal -1 0 0
    outer loop
      vertex 73.6 51.3532 16.5582
      vertex 73.6 38.1339 16.6024
      vertex 73.6 51.423 16.9843
    endloop
  endfacet
  facet normal -1 0 0
    outer loop
      vertex 73.6 51.3254 16.1273
      vertex 73.6 38.1339 16.6024
      vertex 73.6 51.3532 16.5582
    endloop
  endfacet
  facet normal -1 0 0
    outer loop
      vertex 73.6 78 11.8337
      vertex 73.6 65.3248 14.776
      vertex 73.6 65.6197 15.0915
    endloop
  endfacet
  facet normal -1 0 0
    outer loop
      vertex 73.6 65.25 3.8
      vertex 73.6 65.0005 14.491
      vertex 73.6 65.3248 14.776
    endloop
  endfacet
  facet normal -1 0 0
    outer loop
      vertex 73.6 65.25 3.8
      vertex 73.6 64.6498 14.2391
      vertex 73.6 65.0005 14.491
    endloop
  endfacet
  facet normal -1 0 0
    outer loop
      vertex 73.6 65.25 3.8
      vertex 73.6 64.2761 14.0228
      vertex 73.6 64.6498 14.2391
    endloop
  endfacet
  facet normal -1 0 0
    outer loop
      vertex 73.6 65.25 3.8
      vertex 73.6 63.883 13.8441
      vertex 73.6 64.2761 14.0228
    endloop
  endfacet
  facet normal -1 0 0
    outer loop
      vertex 73.6 65.25 3.8
      vertex 73.6 63.4742 13.7049
      vertex 73.6 63.883 13.8441
    endloop
  endfacet
  facet normal -1 0 0
    outer loop
      vertex 73.6 65.25 3.8
      vertex 73.6 56.9377 11.8306
      vertex 73.6 63.4742 13.7049
    endloop
  endfacet
  facet normal -1 0 0
    outer loop
      vertex 73.6 65.25 3.8
      vertex 73.6 56.5173 11.7321
      vertex 73.6 56.9377 11.8306
    endloop
  endfacet
  facet normal -1 0 0
    outer loop
      vertex 73.6 50.25 3.8
      vertex 73.6 56.5173 11.7321
      vertex 73.6 65.25 3.8
    endloop
  endfacet
  facet normal -1 0 0
    outer loop
      vertex 73.6 56.5173 11.7321
      vertex 73.6 50.25 3.8
      vertex 73.6 56.0892 11.6752
    endloop
  endfacet
  facet normal -1 0 0
    outer loop
      vertex 73.6 56.0892 11.6752
      vertex 73.6 50.25 3.8
      vertex 73.6 55.6577 11.6606
    endloop
  endfacet
  facet normal -1 -0 0
    outer loop
      vertex 73.6 55.6577 11.6606
      vertex 73.6 50.25 3.8
      vertex 73.6 55.2268 11.6884
    endloop
  endfacet
  facet normal -1 -0 0
    outer loop
      vertex 73.6 55.2268 11.6884
      vertex 73.6 50.25 3.8
      vertex 73.6 54.8007 11.7583
    endloop
  endfacet
  facet normal -1 -0 0
    outer loop
      vertex 73.6 54.8007 11.7583
      vertex 73.6 50.25 3.8
      vertex 73.6 54.3835 11.8696
    endloop
  endfacet
  facet normal -1 -0 0
    outer loop
      vertex 73.6 54.3835 11.8696
      vertex 73.6 50.25 3.8
      vertex 73.6 53.9792 12.0212
    endloop
  endfacet
  facet normal -1 -0 0
    outer loop
      vertex 73.6 53.9792 12.0212
      vertex 73.6 50.25 3.8
      vertex 73.6 53.5917 12.2118
    endloop
  endfacet
  facet normal -1 0 0
    outer loop
      vertex 73.6 51.3968 15.2677
      vertex 73.6 38.1339 16.6024
      vertex 73.6 51.34 15.6957
    endloop
  endfacet
  facet normal -1 0 0
    outer loop
      vertex 73.6 51.4953 14.8473
      vertex 73.6 38.1339 16.6024
      vertex 73.6 51.3968 15.2677
    endloop
  endfacet
  facet normal -1 0 0
    outer loop
      vertex 73.6 51.6346 14.4386
      vertex 73.6 38.1339 16.6024
      vertex 73.6 51.4953 14.8473
    endloop
  endfacet
  facet normal -1 0 0
    outer loop
      vertex 73.6 51.8132 14.0455
      vertex 73.6 38.1339 16.6024
      vertex 73.6 51.6346 14.4386
    endloop
  endfacet
  facet normal -1 0 0
    outer loop
      vertex 73.6 38.1339 16.6024
      vertex 73.6 51.8132 14.0455
      vertex 73.6 50.25 3.8
    endloop
  endfacet
  facet normal -1 -0 0
    outer loop
      vertex 73.6 52.0295 13.6717
      vertex 73.6 50.25 3.8
      vertex 73.6 51.8132 14.0455
    endloop
  endfacet
  facet normal -1 -0 0
    outer loop
      vertex 73.6 52.2814 13.3211
      vertex 73.6 50.25 3.8
      vertex 73.6 52.0295 13.6717
    endloop
  endfacet
  facet normal -1 -0 0
    outer loop
      vertex 73.6 52.5665 12.9967
      vertex 73.6 50.25 3.8
      vertex 73.6 52.2814 13.3211
    endloop
  endfacet
  facet normal -1 -0 0
    outer loop
      vertex 73.6 52.8819 12.7019
      vertex 73.6 50.25 3.8
      vertex 73.6 52.5665 12.9967
    endloop
  endfacet
  facet normal -1 -0 0
    outer loop
      vertex 73.6 53.2248 12.4394
      vertex 73.6 50.25 3.8
      vertex 73.6 52.8819 12.7019
    endloop
  endfacet
  facet normal -1 -0 0
    outer loop
      vertex 73.6 53.5917 12.2118
      vertex 73.6 50.25 3.8
      vertex 73.6 53.2248 12.4394
    endloop
  endfacet
  facet normal -0.740927 0.671585 0
    outer loop
      vertex 72.9849 3.01508 0
      vertex 73.1233 3.16777 6.2
      vertex 73.1233 3.16777 0
    endloop
  endfacet
  facet normal -0.740927 0.671585 0
    outer loop
      vertex 73.1233 3.16777 6.2
      vertex 72.9849 3.01508 0
      vertex 72.9849 3.01508 6.2
    endloop
  endfacet
  facet normal -0.336914 0.941535 0
    outer loop
      vertex 72.3036 2.55985 0
      vertex 72.1096 2.49043 6.2
      vertex 72.3036 2.55985 6.2
    endloop
  endfacet
  facet normal -0.336914 0.941535 0
    outer loop
      vertex 72.1096 2.49043 6.2
      vertex 72.3036 2.55985 0
      vertex 72.1096 2.49043 0
    endloop
  endfacet
  facet normal 0 1 -0
    outer loop
      vertex 45.7 2.4 2.5
      vertex 30.3 2.4 3.8
      vertex 45.7 2.4 3.8
    endloop
  endfacet
  facet normal 0 1 0
    outer loop
      vertex 30.3 2.4 3.8
      vertex 45.7 2.4 2.5
      vertex 30.3 2.4 2.5
    endloop
  endfacet
  facet normal 0 1 0
    outer loop
      vertex 45.7 2.4 3.8
      vertex 71.5 2.4 6.2
      vertex 60.7 2.4 3.8
    endloop
  endfacet
  facet normal 0 1 0
    outer loop
      vertex 71.5 2.4 6.2
      vertex 60.7 2.4 2.5
      vertex 60.7 2.4 3.8
    endloop
  endfacet
  facet normal 0 1 0
    outer loop
      vertex 71.5 2.4 0
      vertex 45.7 2.4 2.5
      vertex 60.7 2.4 2.5
    endloop
  endfacet
  facet normal 0 1 0
    outer loop
      vertex 45.7 2.4 2.5
      vertex 71.5 2.4 0
      vertex 30.3 2.4 2.5
    endloop
  endfacet
  facet normal 0 1 0
    outer loop
      vertex 4.5 2.4 0
      vertex 30.3 2.4 2.5
      vertex 71.5 2.4 0
    endloop
  endfacet
  facet normal 0 1 -0
    outer loop
      vertex 71.5 2.4 0
      vertex 60.7 2.4 2.5
      vertex 71.5 2.4 6.2
    endloop
  endfacet
  facet normal 0 1 0
    outer loop
      vertex 71.5 2.4 6.2
      vertex 45.7 2.4 3.8
      vertex 4.5 2.4 6.2
    endloop
  endfacet
  facet normal 0 1 -0
    outer loop
      vertex 30.3 2.4 3.8
      vertex 4.5 2.4 6.2
      vertex 45.7 2.4 3.8
    endloop
  endfacet
  facet normal 0 1 -0
    outer loop
      vertex 15.3 2.4 3.8
      vertex 4.5 2.4 6.2
      vertex 30.3 2.4 3.8
    endloop
  endfacet
  facet normal 0 1 -0
    outer loop
      vertex 15.3 2.4 2.5
      vertex 4.5 2.4 6.2
      vertex 15.3 2.4 3.8
    endloop
  endfacet
  facet normal 0 1 0
    outer loop
      vertex 15.3 2.4 2.5
      vertex 4.5 2.4 0
      vertex 4.5 2.4 6.2
    endloop
  endfacet
  facet normal 0 1 0
    outer loop
      vertex 30.3 2.4 2.5
      vertex 4.5 2.4 0
      vertex 15.3 2.4 2.5
    endloop
  endfacet
  facet normal -0.146703 0.989181 0
    outer loop
      vertex 71.9097 2.44035 0
      vertex 71.7058 2.41011 6.2
      vertex 71.9097 2.44035 6.2
    endloop
  endfacet
  facet normal -0.146703 0.989181 0
    outer loop
      vertex 71.7058 2.41011 6.2
      vertex 71.9097 2.44035 0
      vertex 71.7058 2.41011 0
    endloop
  endfacet
  facet normal 0.903987 0.427561 0
    outer loop
      vertex 2.64796 3.51007 6.2
      vertex 2.55985 3.69636 0
      vertex 2.55985 3.69636 6.2
    endloop
  endfacet
  facet normal 0.903987 0.427561 0
    outer loop
      vertex 2.55985 3.69636 0
      vertex 2.64796 3.51007 6.2
      vertex 2.64796 3.51007 0
    endloop
  endfacet
  facet normal 0.740927 0.671585 0
    outer loop
      vertex 3.01508 3.01508 6.2
      vertex 2.87668 3.16777 0
      vertex 2.87668 3.16777 6.2
    endloop
  endfacet
  facet normal 0.740927 0.671585 0
    outer loop
      vertex 2.87668 3.16777 0
      vertex 3.01508 3.01508 6.2
      vertex 3.01508 3.01508 0
    endloop
  endfacet
  facet normal -0.998798 0.0490083 0
    outer loop
      vertex 73.5899 4.29416 0
      vertex 73.6 4.5 6.2
      vertex 73.6 4.5 0
    endloop
  endfacet
  facet normal -0.998798 0.0490083 0
    outer loop
      vertex 73.6 4.5 6.2
      vertex 73.5899 4.29416 0
      vertex 73.5899 4.29416 6.2
    endloop
  endfacet
  facet normal 0.998796 0.0490567 0
    outer loop
      vertex 2.41011 4.29416 6.2
      vertex 2.4 4.5 0
      vertex 2.4 4.5 6.2
    endloop
  endfacet
  facet normal 0.998796 0.0490567 0
    outer loop
      vertex 2.4 4.5 0
      vertex 2.41011 4.29416 6.2
      vertex 2.41011 4.29416 0
    endloop
  endfacet
  facet normal 0.146739 0.989175 -0
    outer loop
      vertex 4.29416 2.41011 0
      vertex 4.09031 2.44035 6.2
      vertex 4.29416 2.41011 6.2
    endloop
  endfacet
  facet normal 0.146739 0.989175 0
    outer loop
      vertex 4.09031 2.44035 6.2
      vertex 4.29416 2.41011 0
      vertex 4.09031 2.44035 0
    endloop
  endfacet
  facet normal 0.243004 0.970025 -0
    outer loop
      vertex 4.09031 2.44035 0
      vertex 3.8904 2.49043 6.2
      vertex 4.09031 2.44035 6.2
    endloop
  endfacet
  facet normal 0.243004 0.970025 0
    outer loop
      vertex 3.8904 2.49043 6.2
      vertex 4.09031 2.44035 0
      vertex 3.8904 2.49043 0
    endloop
  endfacet
  facet normal 0.514096 0.857733 -0
    outer loop
      vertex 3.51007 2.64796 0
      vertex 3.3333 2.75391 6.2
      vertex 3.51007 2.64796 6.2
    endloop
  endfacet
  facet normal 0.514096 0.857733 0
    outer loop
      vertex 3.3333 2.75391 6.2
      vertex 3.51007 2.64796 0
      vertex 3.3333 2.75391 0
    endloop
  endfacet
  facet normal 0.0490567 0.998796 -0
    outer loop
      vertex 4.5 2.4 0
      vertex 4.29416 2.41011 6.2
      vertex 4.5 2.4 6.2
    endloop
  endfacet
  facet normal 0.0490567 0.998796 0
    outer loop
      vertex 4.29416 2.41011 6.2
      vertex 4.5 2.4 0
      vertex 4.29416 2.41011 0
    endloop
  endfacet
  facet normal 0.671585 0.740927 -0
    outer loop
      vertex 3.16777 2.87668 0
      vertex 3.01508 3.01508 6.2
      vertex 3.16777 2.87668 6.2
    endloop
  endfacet
  facet normal 0.671585 0.740927 0
    outer loop
      vertex 3.01508 3.01508 6.2
      vertex 3.16777 2.87668 0
      vertex 3.01508 3.01508 0
    endloop
  endfacet
  facet normal 0.857733 0.514096 0
    outer loop
      vertex 2.75391 3.3333 6.2
      vertex 2.64796 3.51007 0
      vertex 2.64796 3.51007 6.2
    endloop
  endfacet
  facet normal 0.857733 0.514096 0
    outer loop
      vertex 2.64796 3.51007 0
      vertex 2.75391 3.3333 6.2
      vertex 2.75391 3.3333 0
    endloop
  endfacet
  facet normal -0.904005 0.427521 0
    outer loop
      vertex 73.352 3.51007 0
      vertex 73.4401 3.69636 6.2
      vertex 73.4401 3.69636 0
    endloop
  endfacet
  facet normal -0.904005 0.427521 0
    outer loop
      vertex 73.4401 3.69636 6.2
      vertex 73.352 3.51007 0
      vertex 73.352 3.51007 6.2
    endloop
  endfacet
  facet normal -0.970117 0.242638 0
    outer loop
      vertex 73.5096 3.8904 0
      vertex 73.5596 4.09031 6.2
      vertex 73.5596 4.09031 0
    endloop
  endfacet
  facet normal -0.970117 0.242638 0
    outer loop
      vertex 73.5596 4.09031 6.2
      vertex 73.5096 3.8904 0
      vertex 73.5096 3.8904 6.2
    endloop
  endfacet
  facet normal 0.427561 0.903987 -0
    outer loop
      vertex 3.69636 2.55985 0
      vertex 3.51007 2.64796 6.2
      vertex 3.69636 2.55985 6.2
    endloop
  endfacet
  facet normal 0.427561 0.903987 0
    outer loop
      vertex 3.51007 2.64796 6.2
      vertex 3.69636 2.55985 0
      vertex 3.51007 2.64796 0
    endloop
  endfacet
  facet normal -0.85784 0.513918 0
    outer loop
      vertex 73.2461 3.3333 0
      vertex 73.352 3.51007 6.2
      vertex 73.352 3.51007 0
    endloop
  endfacet
  facet normal -0.85784 0.513918 0
    outer loop
      vertex 73.352 3.51007 6.2
      vertex 73.2461 3.3333 0
      vertex 73.2461 3.3333 6.2
    endloop
  endfacet
  facet normal 0.595714 0.803197 -0
    outer loop
      vertex 3.3333 2.75391 0
      vertex 3.16777 2.87668 6.2
      vertex 3.3333 2.75391 6.2
    endloop
  endfacet
  facet normal 0.595714 0.803197 0
    outer loop
      vertex 3.16777 2.87668 6.2
      vertex 3.3333 2.75391 0
      vertex 3.16777 2.87668 0
    endloop
  endfacet
  facet normal 0.803197 0.595714 0
    outer loop
      vertex 2.87668 3.16777 6.2
      vertex 2.75391 3.3333 0
      vertex 2.75391 3.3333 6.2
    endloop
  endfacet
  facet normal 0.803197 0.595714 0
    outer loop
      vertex 2.75391 3.3333 0
      vertex 2.87668 3.16777 6.2
      vertex 2.87668 3.16777 0
    endloop
  endfacet
  facet normal 0.336853 0.941557 -0
    outer loop
      vertex 3.8904 2.49043 0
      vertex 3.69636 2.55985 6.2
      vertex 3.8904 2.49043 6.2
    endloop
  endfacet
  facet normal 0.336853 0.941557 0
    outer loop
      vertex 3.69636 2.55985 6.2
      vertex 3.8904 2.49043 0
      vertex 3.69636 2.55985 0
    endloop
  endfacet
  facet normal -0.595783 0.803145 0
    outer loop
      vertex 72.8322 2.87668 0
      vertex 72.6667 2.75391 6.2
      vertex 72.8322 2.87668 6.2
    endloop
  endfacet
  facet normal -0.595783 0.803145 0
    outer loop
      vertex 72.6667 2.75391 6.2
      vertex 72.8322 2.87668 0
      vertex 72.6667 2.75391 0
    endloop
  endfacet
  facet normal -0.0490662 0.998796 0
    outer loop
      vertex 71.7058 2.41011 0
      vertex 71.5 2.4 6.2
      vertex 71.7058 2.41011 6.2
    endloop
  endfacet
  facet normal -0.0490662 0.998796 0
    outer loop
      vertex 71.5 2.4 6.2
      vertex 71.7058 2.41011 0
      vertex 71.5 2.4 0
    endloop
  endfacet
  facet normal -0.243015 0.970022 0
    outer loop
      vertex 72.1096 2.49043 0
      vertex 71.9097 2.44035 6.2
      vertex 72.1096 2.49043 6.2
    endloop
  endfacet
  facet normal -0.243015 0.970022 0
    outer loop
      vertex 71.9097 2.44035 6.2
      vertex 72.1096 2.49043 0
      vertex 71.9097 2.44035 0
    endloop
  endfacet
  facet normal -0.514032 0.857771 0
    outer loop
      vertex 72.6667 2.75391 0
      vertex 72.4899 2.64796 6.2
      vertex 72.6667 2.75391 6.2
    endloop
  endfacet
  facet normal -0.514032 0.857771 0
    outer loop
      vertex 72.4899 2.64796 6.2
      vertex 72.6667 2.75391 0
      vertex 72.4899 2.64796 0
    endloop
  endfacet
  facet normal -0.427542 0.903996 0
    outer loop
      vertex 72.4899 2.64796 0
      vertex 72.3036 2.55985 6.2
      vertex 72.4899 2.64796 6.2
    endloop
  endfacet
  facet normal -0.427542 0.903996 0
    outer loop
      vertex 72.3036 2.55985 6.2
      vertex 72.4899 2.64796 0
      vertex 72.3036 2.55985 0
    endloop
  endfacet
  facet normal -0.941434 0.337197 0
    outer loop
      vertex 73.4401 3.69636 0
      vertex 73.5096 3.8904 6.2
      vertex 73.5096 3.8904 0
    endloop
  endfacet
  facet normal -0.941434 0.337197 0
    outer loop
      vertex 73.5096 3.8904 6.2
      vertex 73.4401 3.69636 0
      vertex 73.4401 3.69636 6.2
    endloop
  endfacet
  facet normal 0 0 -1
    outer loop
      vertex 73.6 4.5 6.2
      vertex 63.6846 16.1863 6.2
      vertex 63.7 16.5 6.2
    endloop
  endfacet
  facet normal 0 0 -1
    outer loop
      vertex 73.6 4.5 6.2
      vertex 63.6385 15.8757 6.2
      vertex 63.6846 16.1863 6.2
    endloop
  endfacet
  facet normal 0 0 -1
    outer loop
      vertex 73.6 4.5 6.2
      vertex 63.5622 15.5711 6.2
      vertex 63.6385 15.8757 6.2
    endloop
  endfacet
  facet normal 0 0 -1
    outer loop
      vertex 73.6 4.5 6.2
      vertex 63.4564 15.2754 6.2
      vertex 63.5622 15.5711 6.2
    endloop
  endfacet
  facet normal 0 0 -1
    outer loop
      vertex 73.6 4.5 6.2
      vertex 63.3221 14.9915 6.2
      vertex 63.4564 15.2754 6.2
    endloop
  endfacet
  facet normal 0 0 -1
    outer loop
      vertex 73.6 4.5 6.2
      vertex 63.1607 14.7222 6.2
      vertex 63.3221 14.9915 6.2
    endloop
  endfacet
  facet normal 0 0 -1
    outer loop
      vertex 73.6 4.5 6.2
      vertex 62.9736 14.4699 6.2
      vertex 63.1607 14.7222 6.2
    endloop
  endfacet
  facet normal 0 0 -1
    outer loop
      vertex 73.6 4.5 6.2
      vertex 62.7627 14.2373 6.2
      vertex 62.9736 14.4699 6.2
    endloop
  endfacet
  facet normal 0 0 -1
    outer loop
      vertex 73.6 4.5 6.2
      vertex 62.5301 14.0264 6.2
      vertex 62.7627 14.2373 6.2
    endloop
  endfacet
  facet normal 0 0 -1
    outer loop
      vertex 71.5 2.4 6.2
      vertex 62.2778 13.8393 6.2
      vertex 62.5301 14.0264 6.2
    endloop
  endfacet
  facet normal 0 0 -1
    outer loop
      vertex 71.5 2.4 6.2
      vertex 62.0085 13.6779 6.2
      vertex 62.2778 13.8393 6.2
    endloop
  endfacet
  facet normal 0 0 -1
    outer loop
      vertex 71.5 2.4 6.2
      vertex 61.7246 13.5436 6.2
      vertex 62.0085 13.6779 6.2
    endloop
  endfacet
  facet normal 0 0 -1
    outer loop
      vertex 71.5 2.4 6.2
      vertex 61.4289 13.4378 6.2
      vertex 61.7246 13.5436 6.2
    endloop
  endfacet
  facet normal 0 0 -1
    outer loop
      vertex 71.5 2.4 6.2
      vertex 61.1243 13.3615 6.2
      vertex 61.4289 13.4378 6.2
    endloop
  endfacet
  facet normal 0 0 -1
    outer loop
      vertex 55.525 8.5 6.2
      vertex 61.1243 13.3615 6.2
      vertex 71.5 2.4 6.2
    endloop
  endfacet
  facet normal 0 0 -1
    outer loop
      vertex 61.1243 13.3615 6.2
      vertex 55.525 8.5 6.2
      vertex 60.8137 13.3154 6.2
    endloop
  endfacet
  facet normal 0 0 -1
    outer loop
      vertex 60.8137 13.3154 6.2
      vertex 55.525 8.5 6.2
      vertex 60.5 13.3 6.2
    endloop
  endfacet
  facet normal -0 0 -1
    outer loop
      vertex 60.5 13.3 6.2
      vertex 55.525 8.5 6.2
      vertex 60.1863 13.3154 6.2
    endloop
  endfacet
  facet normal -0 0 -1
    outer loop
      vertex 60.1863 13.3154 6.2
      vertex 55.525 8.5 6.2
      vertex 59.8757 13.3615 6.2
    endloop
  endfacet
  facet normal -0 0 -1
    outer loop
      vertex 59.8757 13.3615 6.2
      vertex 55.525 8.5 6.2
      vertex 59.5711 13.4378 6.2
    endloop
  endfacet
  facet normal -0 0 -1
    outer loop
      vertex 59.5711 13.4378 6.2
      vertex 55.525 8.5 6.2
      vertex 59.2754 13.5436 6.2
    endloop
  endfacet
  facet normal -0 0 -1
    outer loop
      vertex 59.2754 13.5436 6.2
      vertex 55.525 8.5 6.2
      vertex 58.9915 13.6779 6.2
    endloop
  endfacet
  facet normal -0 0 -1
    outer loop
      vertex 58.9915 13.6779 6.2
      vertex 55.525 8.5 6.2
      vertex 58.7222 13.8393 6.2
    endloop
  endfacet
  facet normal -0 0 -1
    outer loop
      vertex 57.3154 16.1863 6.2
      vertex 55.525 8.5 6.2
      vertex 57.3 16.5 6.2
    endloop
  endfacet
  facet normal -0 0 -1
    outer loop
      vertex 57.3615 15.8757 6.2
      vertex 55.525 8.5 6.2
      vertex 57.3154 16.1863 6.2
    endloop
  endfacet
  facet normal -0 0 -1
    outer loop
      vertex 57.4378 15.5711 6.2
      vertex 55.525 8.5 6.2
      vertex 57.3615 15.8757 6.2
    endloop
  endfacet
  facet normal -0 0 -1
    outer loop
      vertex 57.5436 15.2754 6.2
      vertex 55.525 8.5 6.2
      vertex 57.4378 15.5711 6.2
    endloop
  endfacet
  facet normal -0 0 -1
    outer loop
      vertex 57.6779 14.9915 6.2
      vertex 55.525 8.5 6.2
      vertex 57.5436 15.2754 6.2
    endloop
  endfacet
  facet normal -0 0 -1
    outer loop
      vertex 57.8393 14.7222 6.2
      vertex 55.525 8.5 6.2
      vertex 57.6779 14.9915 6.2
    endloop
  endfacet
  facet normal -0 0 -1
    outer loop
      vertex 58.0264 14.4699 6.2
      vertex 55.525 8.5 6.2
      vertex 57.8393 14.7222 6.2
    endloop
  endfacet
  facet normal -0 0 -1
    outer loop
      vertex 58.2373 14.2373 6.2
      vertex 55.525 8.5 6.2
      vertex 58.0264 14.4699 6.2
    endloop
  endfacet
  facet normal -0 0 -1
    outer loop
      vertex 58.4699 14.0264 6.2
      vertex 55.525 8.5 6.2
      vertex 58.2373 14.2373 6.2
    endloop
  endfacet
  facet normal -0 0 -1
    outer loop
      vertex 58.7222 13.8393 6.2
      vertex 55.525 8.5 6.2
      vertex 58.4699 14.0264 6.2
    endloop
  endfacet
  facet normal 0 0 -1
    outer loop
      vertex 71.5 2.4 6.2
      vertex 39.525 8.5 6.2
      vertex 55.525 8.5 6.2
    endloop
  endfacet
  facet normal 0 0 -1
    outer loop
      vertex 39.525 8.5 6.2
      vertex 36.475 8.5 6.2
      vertex 39.525 24.5 6.2
    endloop
  endfacet
  facet normal 0 0 -1
    outer loop
      vertex 71.5 2.4 6.2
      vertex 36.475 8.5 6.2
      vertex 39.525 8.5 6.2
    endloop
  endfacet
  facet normal 0 0 -1
    outer loop
      vertex 4.5 2.4 6.2
      vertex 36.475 8.5 6.2
      vertex 71.5 2.4 6.2
    endloop
  endfacet
  facet normal 0 0 -1
    outer loop
      vertex 20.475 8.5 6.2
      vertex 18.7 16.5 6.2
      vertex 20.475 24.5 6.2
    endloop
  endfacet
  facet normal 0 0 -1
    outer loop
      vertex 20.475 8.5 6.2
      vertex 18.6846 16.1863 6.2
      vertex 18.7 16.5 6.2
    endloop
  endfacet
  facet normal 0 0 -1
    outer loop
      vertex 20.475 8.5 6.2
      vertex 18.6385 15.8757 6.2
      vertex 18.6846 16.1863 6.2
    endloop
  endfacet
  facet normal 0 0 -1
    outer loop
      vertex 20.475 8.5 6.2
      vertex 18.5622 15.5711 6.2
      vertex 18.6385 15.8757 6.2
    endloop
  endfacet
  facet normal 0 0 -1
    outer loop
      vertex 20.475 8.5 6.2
      vertex 18.4564 15.2754 6.2
      vertex 18.5622 15.5711 6.2
    endloop
  endfacet
  facet normal 0 0 -1
    outer loop
      vertex 20.475 8.5 6.2
      vertex 18.3221 14.9915 6.2
      vertex 18.4564 15.2754 6.2
    endloop
  endfacet
  facet normal 0 0 -1
    outer loop
      vertex 20.475 8.5 6.2
      vertex 18.1607 14.7222 6.2
      vertex 18.3221 14.9915 6.2
    endloop
  endfacet
  facet normal 0 0 -1
    outer loop
      vertex 20.475 8.5 6.2
      vertex 17.9736 14.4699 6.2
      vertex 18.1607 14.7222 6.2
    endloop
  endfacet
  facet normal 0 0 -1
    outer loop
      vertex 20.475 8.5 6.2
      vertex 17.7627 14.2373 6.2
      vertex 17.9736 14.4699 6.2
    endloop
  endfacet
  facet normal 0 0 -1
    outer loop
      vertex 20.475 8.5 6.2
      vertex 17.5301 14.0264 6.2
      vertex 17.7627 14.2373 6.2
    endloop
  endfacet
  facet normal 0 0 -1
    outer loop
      vertex 20.475 8.5 6.2
      vertex 17.2778 13.8393 6.2
      vertex 17.5301 14.0264 6.2
    endloop
  endfacet
  facet normal 0 0 -1
    outer loop
      vertex 20.475 8.5 6.2
      vertex 17.0085 13.6779 6.2
      vertex 17.2778 13.8393 6.2
    endloop
  endfacet
  facet normal 0 0 -1
    outer loop
      vertex 20.475 8.5 6.2
      vertex 16.7246 13.5436 6.2
      vertex 17.0085 13.6779 6.2
    endloop
  endfacet
  facet normal 0 0 -1
    outer loop
      vertex 20.475 8.5 6.2
      vertex 16.4289 13.4378 6.2
      vertex 16.7246 13.5436 6.2
    endloop
  endfacet
  facet normal 0 0 -1
    outer loop
      vertex 20.475 8.5 6.2
      vertex 16.1243 13.3615 6.2
      vertex 16.4289 13.4378 6.2
    endloop
  endfacet
  facet normal 0 0 -1
    outer loop
      vertex 20.475 8.5 6.2
      vertex 15.8137 13.3154 6.2
      vertex 16.1243 13.3615 6.2
    endloop
  endfacet
  facet normal 0 0 -1
    outer loop
      vertex 20.475 8.5 6.2
      vertex 15.5 13.3 6.2
      vertex 15.8137 13.3154 6.2
    endloop
  endfacet
  facet normal 0 0 -1
    outer loop
      vertex 20.475 8.5 6.2
      vertex 15.1863 13.3154 6.2
      vertex 15.5 13.3 6.2
    endloop
  endfacet
  facet normal 0 0 -1
    outer loop
      vertex 20.475 8.5 6.2
      vertex 14.8757 13.3615 6.2
      vertex 15.1863 13.3154 6.2
    endloop
  endfacet
  facet normal 0 0 -1
    outer loop
      vertex 20.475 8.5 6.2
      vertex 14.5711 13.4378 6.2
      vertex 14.8757 13.3615 6.2
    endloop
  endfacet
  facet normal 0 0 -1
    outer loop
      vertex 4.5 2.4 6.2
      vertex 14.5711 13.4378 6.2
      vertex 20.475 8.5 6.2
    endloop
  endfacet
  facet normal -0 0 -1
    outer loop
      vertex 14.5711 13.4378 6.2
      vertex 4.5 2.4 6.2
      vertex 14.2754 13.5436 6.2
    endloop
  endfacet
  facet normal -0 0 -1
    outer loop
      vertex 14.2754 13.5436 6.2
      vertex 4.5 2.4 6.2
      vertex 13.9915 13.6779 6.2
    endloop
  endfacet
  facet normal -0 0 -1
    outer loop
      vertex 13.9915 13.6779 6.2
      vertex 4.5 2.4 6.2
      vertex 13.7222 13.8393 6.2
    endloop
  endfacet
  facet normal -0 0 -1
    outer loop
      vertex 12.3615 15.8757 6.2
      vertex 2.4 4.5 6.2
      vertex 12.3154 16.1863 6.2
    endloop
  endfacet
  facet normal -0 0 -1
    outer loop
      vertex 12.4378 15.5711 6.2
      vertex 2.4 4.5 6.2
      vertex 12.3615 15.8757 6.2
    endloop
  endfacet
  facet normal -0 0 -1
    outer loop
      vertex 12.5436 15.2754 6.2
      vertex 2.4 4.5 6.2
      vertex 12.4378 15.5711 6.2
    endloop
  endfacet
  facet normal -0 0 -1
    outer loop
      vertex 12.6779 14.9915 6.2
      vertex 2.4 4.5 6.2
      vertex 12.5436 15.2754 6.2
    endloop
  endfacet
  facet normal -0 0 -1
    outer loop
      vertex 12.8393 14.7222 6.2
      vertex 2.4 4.5 6.2
      vertex 12.6779 14.9915 6.2
    endloop
  endfacet
  facet normal -0 0 -1
    outer loop
      vertex 13.0264 14.4699 6.2
      vertex 2.4 4.5 6.2
      vertex 12.8393 14.7222 6.2
    endloop
  endfacet
  facet normal -0 0 -1
    outer loop
      vertex 13.2373 14.2373 6.2
      vertex 2.4 4.5 6.2
      vertex 13.0264 14.4699 6.2
    endloop
  endfacet
  facet normal -0 0 -1
    outer loop
      vertex 13.4699 14.0264 6.2
      vertex 2.4 4.5 6.2
      vertex 13.2373 14.2373 6.2
    endloop
  endfacet
  facet normal 0 0 -1
    outer loop
      vertex 2.4 4.5 6.2
      vertex 13.4699 14.0264 6.2
      vertex 4.5 2.4 6.2
    endloop
  endfacet
  facet normal -0 0 -1
    outer loop
      vertex 13.7222 13.8393 6.2
      vertex 4.5 2.4 6.2
      vertex 13.4699 14.0264 6.2
    endloop
  endfacet
  facet normal -0 0 -1
    outer loop
      vertex 36.475 8.5 6.2
      vertex 4.5 2.4 6.2
      vertex 20.475 8.5 6.2
    endloop
  endfacet
  facet normal 0 0 -1
    outer loop
      vertex 71.5 2.4 6.2
      vertex 73.6 4.5 6.2
      vertex 73.5899 4.29416 6.2
    endloop
  endfacet
  facet normal 0 0 -1
    outer loop
      vertex 71.5 2.4 6.2
      vertex 73.5899 4.29416 6.2
      vertex 73.5596 4.09031 6.2
    endloop
  endfacet
  facet normal 0 0 -1
    outer loop
      vertex 71.5 2.4 6.2
      vertex 73.5596 4.09031 6.2
      vertex 73.5096 3.8904 6.2
    endloop
  endfacet
  facet normal 0 0 -1
    outer loop
      vertex 71.5 2.4 6.2
      vertex 73.5096 3.8904 6.2
      vertex 73.4401 3.69636 6.2
    endloop
  endfacet
  facet normal 0 0 -1
    outer loop
      vertex 71.5 2.4 6.2
      vertex 73.4401 3.69636 6.2
      vertex 73.352 3.51007 6.2
    endloop
  endfacet
  facet normal 0 0 -1
    outer loop
      vertex 71.5 2.4 6.2
      vertex 73.352 3.51007 6.2
      vertex 73.2461 3.3333 6.2
    endloop
  endfacet
  facet normal 0 0 -1
    outer loop
      vertex 71.5 2.4 6.2
      vertex 73.2461 3.3333 6.2
      vertex 73.1233 3.16777 6.2
    endloop
  endfacet
  facet normal 0 0 -1
    outer loop
      vertex 71.5 2.4 6.2
      vertex 73.1233 3.16777 6.2
      vertex 72.9849 3.01508 6.2
    endloop
  endfacet
  facet normal 0 0 -1
    outer loop
      vertex 71.5 2.4 6.2
      vertex 72.9849 3.01508 6.2
      vertex 72.8322 2.87668 6.2
    endloop
  endfacet
  facet normal 0 0 -1
    outer loop
      vertex 71.5 2.4 6.2
      vertex 72.8322 2.87668 6.2
      vertex 72.6667 2.75391 6.2
    endloop
  endfacet
  facet normal 0 0 -1
    outer loop
      vertex 71.5 2.4 6.2
      vertex 72.6667 2.75391 6.2
      vertex 72.4899 2.64796 6.2
    endloop
  endfacet
  facet normal 0 0 -1
    outer loop
      vertex 71.5 2.4 6.2
      vertex 72.4899 2.64796 6.2
      vertex 72.3036 2.55985 6.2
    endloop
  endfacet
  facet normal 0 0 -1
    outer loop
      vertex 71.5 2.4 6.2
      vertex 72.3036 2.55985 6.2
      vertex 72.1096 2.49043 6.2
    endloop
  endfacet
  facet normal 0 0 -1
    outer loop
      vertex 71.5 2.4 6.2
      vertex 72.1096 2.49043 6.2
      vertex 71.9097 2.44035 6.2
    endloop
  endfacet
  facet normal 0 0 -1
    outer loop
      vertex 71.5 2.4 6.2
      vertex 71.9097 2.44035 6.2
      vertex 71.7058 2.41011 6.2
    endloop
  endfacet
  facet normal 0 0 -1
    outer loop
      vertex 62.5301 14.0264 6.2
      vertex 73.6 4.5 6.2
      vertex 71.5 2.4 6.2
    endloop
  endfacet
  facet normal 0 0 -1
    outer loop
      vertex 73.6 4.5 6.2
      vertex 63.7 16.5 6.2
      vertex 63.6846 16.8137 6.2
    endloop
  endfacet
  facet normal 0 0 -1
    outer loop
      vertex 73.6 4.5 6.2
      vertex 63.6846 16.8137 6.2
      vertex 63.6385 17.1243 6.2
    endloop
  endfacet
  facet normal 0 0 -1
    outer loop
      vertex 73.6 4.5 6.2
      vertex 63.6385 17.1243 6.2
      vertex 73.6 35 6.2
    endloop
  endfacet
  facet normal 0 0 -1
    outer loop
      vertex 63.5622 17.4289 6.2
      vertex 73.6 35 6.2
      vertex 63.6385 17.1243 6.2
    endloop
  endfacet
  facet normal 0 0 -1
    outer loop
      vertex 63.4564 17.7246 6.2
      vertex 73.6 35 6.2
      vertex 63.5622 17.4289 6.2
    endloop
  endfacet
  facet normal 0 0 -1
    outer loop
      vertex 63.3221 18.0085 6.2
      vertex 73.6 35 6.2
      vertex 63.4564 17.7246 6.2
    endloop
  endfacet
  facet normal 0 0 -1
    outer loop
      vertex 63.1607 18.2778 6.2
      vertex 73.6 35 6.2
      vertex 63.3221 18.0085 6.2
    endloop
  endfacet
  facet normal 0 0 -1
    outer loop
      vertex 62.9736 18.5301 6.2
      vertex 73.6 35 6.2
      vertex 63.1607 18.2778 6.2
    endloop
  endfacet
  facet normal 0 0 -1
    outer loop
      vertex 62.7627 18.7627 6.2
      vertex 73.6 35 6.2
      vertex 62.9736 18.5301 6.2
    endloop
  endfacet
  facet normal 0 0 -1
    outer loop
      vertex 62.5301 18.9736 6.2
      vertex 73.6 35 6.2
      vertex 62.7627 18.7627 6.2
    endloop
  endfacet
  facet normal 0 0 -1
    outer loop
      vertex 62.2778 19.1607 6.2
      vertex 73.6 35 6.2
      vertex 62.5301 18.9736 6.2
    endloop
  endfacet
  facet normal 0 0 -1
    outer loop
      vertex 62.0085 19.3221 6.2
      vertex 73.6 35 6.2
      vertex 62.2778 19.1607 6.2
    endloop
  endfacet
  facet normal 0 0 -1
    outer loop
      vertex 61.7246 19.4564 6.2
      vertex 73.6 35 6.2
      vertex 62.0085 19.3221 6.2
    endloop
  endfacet
  facet normal 0 0 -1
    outer loop
      vertex 61.4289 19.5622 6.2
      vertex 73.6 35 6.2
      vertex 61.7246 19.4564 6.2
    endloop
  endfacet
  facet normal 0 0 -1
    outer loop
      vertex 55.525 24.5 6.2
      vertex 61.4289 19.5622 6.2
      vertex 61.1243 19.6385 6.2
    endloop
  endfacet
  facet normal 0 0 -1
    outer loop
      vertex 55.525 24.5 6.2
      vertex 61.1243 19.6385 6.2
      vertex 60.8137 19.6846 6.2
    endloop
  endfacet
  facet normal 0 0 -1
    outer loop
      vertex 55.525 24.5 6.2
      vertex 60.8137 19.6846 6.2
      vertex 60.5 19.7 6.2
    endloop
  endfacet
  facet normal 0 0 -1
    outer loop
      vertex 55.525 24.5 6.2
      vertex 60.5 19.7 6.2
      vertex 60.1863 19.6846 6.2
    endloop
  endfacet
  facet normal 0 0 -1
    outer loop
      vertex 55.525 24.5 6.2
      vertex 60.1863 19.6846 6.2
      vertex 59.8757 19.6385 6.2
    endloop
  endfacet
  facet normal 0 0 -1
    outer loop
      vertex 55.525 24.5 6.2
      vertex 59.8757 19.6385 6.2
      vertex 59.5711 19.5622 6.2
    endloop
  endfacet
  facet normal 0 0 -1
    outer loop
      vertex 55.525 24.5 6.2
      vertex 59.5711 19.5622 6.2
      vertex 59.2754 19.4564 6.2
    endloop
  endfacet
  facet normal 0 0 -1
    outer loop
      vertex 55.525 24.5 6.2
      vertex 59.2754 19.4564 6.2
      vertex 58.9915 19.3221 6.2
    endloop
  endfacet
  facet normal 0 0 -1
    outer loop
      vertex 55.525 24.5 6.2
      vertex 58.9915 19.3221 6.2
      vertex 58.7222 19.1607 6.2
    endloop
  endfacet
  facet normal 0 0 -1
    outer loop
      vertex 55.525 24.5 6.2
      vertex 58.7222 19.1607 6.2
      vertex 58.4699 18.9736 6.2
    endloop
  endfacet
  facet normal 0 0 -1
    outer loop
      vertex 55.525 24.5 6.2
      vertex 58.4699 18.9736 6.2
      vertex 58.2373 18.7627 6.2
    endloop
  endfacet
  facet normal 0 0 -1
    outer loop
      vertex 55.525 24.5 6.2
      vertex 57.3 16.5 6.2
      vertex 55.525 8.5 6.2
    endloop
  endfacet
  facet normal 0 0 -1
    outer loop
      vertex 57.3 16.5 6.2
      vertex 55.525 24.5 6.2
      vertex 57.3154 16.8137 6.2
    endloop
  endfacet
  facet normal 0 0 -1
    outer loop
      vertex 57.3154 16.8137 6.2
      vertex 55.525 24.5 6.2
      vertex 57.3615 17.1243 6.2
    endloop
  endfacet
  facet normal 0 0 -1
    outer loop
      vertex 55.525 24.5 6.2
      vertex 57.4378 17.4289 6.2
      vertex 57.3615 17.1243 6.2
    endloop
  endfacet
  facet normal 0 0 -1
    outer loop
      vertex 55.525 24.5 6.2
      vertex 57.5436 17.7246 6.2
      vertex 57.4378 17.4289 6.2
    endloop
  endfacet
  facet normal 0 0 -1
    outer loop
      vertex 55.525 24.5 6.2
      vertex 57.6779 18.0085 6.2
      vertex 57.5436 17.7246 6.2
    endloop
  endfacet
  facet normal 0 0 -1
    outer loop
      vertex 55.525 24.5 6.2
      vertex 57.8393 18.2778 6.2
      vertex 57.6779 18.0085 6.2
    endloop
  endfacet
  facet normal 0 0 -1
    outer loop
      vertex 55.525 24.5 6.2
      vertex 58.0264 18.5301 6.2
      vertex 57.8393 18.2778 6.2
    endloop
  endfacet
  facet normal 0 0 -1
    outer loop
      vertex 55.525 24.5 6.2
      vertex 58.2373 18.7627 6.2
      vertex 58.0264 18.5301 6.2
    endloop
  endfacet
  facet normal 0 0 -1
    outer loop
      vertex 61.4289 19.5622 6.2
      vertex 55.525 24.5 6.2
      vertex 73.6 35 6.2
    endloop
  endfacet
  facet normal 0 0 -1
    outer loop
      vertex 39.525 24.5 6.2
      vertex 73.6 35 6.2
      vertex 55.525 24.5 6.2
    endloop
  endfacet
  facet normal 0 0 -1
    outer loop
      vertex 36.475 24.5 6.2
      vertex 39.525 24.5 6.2
      vertex 36.475 8.5 6.2
    endloop
  endfacet
  facet normal 0 0 -1
    outer loop
      vertex 36.475 24.5 6.2
      vertex 73.6 35 6.2
      vertex 39.525 24.5 6.2
    endloop
  endfacet
  facet normal 0 0 -1
    outer loop
      vertex 2.4 35 6.2
      vertex 36.475 24.5 6.2
      vertex 20.475 24.5 6.2
    endloop
  endfacet
  facet normal 0 0 -1
    outer loop
      vertex 18.6846 16.8137 6.2
      vertex 20.475 24.5 6.2
      vertex 18.7 16.5 6.2
    endloop
  endfacet
  facet normal 0 0 -1
    outer loop
      vertex 18.6385 17.1243 6.2
      vertex 20.475 24.5 6.2
      vertex 18.6846 16.8137 6.2
    endloop
  endfacet
  facet normal 0 0 -1
    outer loop
      vertex 18.5622 17.4289 6.2
      vertex 20.475 24.5 6.2
      vertex 18.6385 17.1243 6.2
    endloop
  endfacet
  facet normal 0 0 -1
    outer loop
      vertex 18.4564 17.7246 6.2
      vertex 20.475 24.5 6.2
      vertex 18.5622 17.4289 6.2
    endloop
  endfacet
  facet normal 0 0 -1
    outer loop
      vertex 18.3221 18.0085 6.2
      vertex 20.475 24.5 6.2
      vertex 18.4564 17.7246 6.2
    endloop
  endfacet
  facet normal 0 0 -1
    outer loop
      vertex 18.1607 18.2778 6.2
      vertex 20.475 24.5 6.2
      vertex 18.3221 18.0085 6.2
    endloop
  endfacet
  facet normal 0 0 -1
    outer loop
      vertex 17.9736 18.5301 6.2
      vertex 20.475 24.5 6.2
      vertex 18.1607 18.2778 6.2
    endloop
  endfacet
  facet normal 0 0 -1
    outer loop
      vertex 17.7627 18.7627 6.2
      vertex 20.475 24.5 6.2
      vertex 17.9736 18.5301 6.2
    endloop
  endfacet
  facet normal 0 0 -1
    outer loop
      vertex 17.5301 18.9736 6.2
      vertex 20.475 24.5 6.2
      vertex 17.7627 18.7627 6.2
    endloop
  endfacet
  facet normal 0 0 -1
    outer loop
      vertex 17.2778 19.1607 6.2
      vertex 20.475 24.5 6.2
      vertex 17.5301 18.9736 6.2
    endloop
  endfacet
  facet normal 0 0 -1
    outer loop
      vertex 17.0085 19.3221 6.2
      vertex 20.475 24.5 6.2
      vertex 17.2778 19.1607 6.2
    endloop
  endfacet
  facet normal 0 0 -1
    outer loop
      vertex 16.7246 19.4564 6.2
      vertex 20.475 24.5 6.2
      vertex 17.0085 19.3221 6.2
    endloop
  endfacet
  facet normal 0 0 -1
    outer loop
      vertex 16.4289 19.5622 6.2
      vertex 20.475 24.5 6.2
      vertex 16.7246 19.4564 6.2
    endloop
  endfacet
  facet normal 0 0 -1
    outer loop
      vertex 16.1243 19.6385 6.2
      vertex 20.475 24.5 6.2
      vertex 16.4289 19.5622 6.2
    endloop
  endfacet
  facet normal 0 0 -1
    outer loop
      vertex 15.8137 19.6846 6.2
      vertex 20.475 24.5 6.2
      vertex 16.1243 19.6385 6.2
    endloop
  endfacet
  facet normal 0 0 -1
    outer loop
      vertex 15.5 19.7 6.2
      vertex 20.475 24.5 6.2
      vertex 15.8137 19.6846 6.2
    endloop
  endfacet
  facet normal 0 0 -1
    outer loop
      vertex 15.1863 19.6846 6.2
      vertex 20.475 24.5 6.2
      vertex 15.5 19.7 6.2
    endloop
  endfacet
  facet normal 0 0 -1
    outer loop
      vertex 14.8757 19.6385 6.2
      vertex 20.475 24.5 6.2
      vertex 15.1863 19.6846 6.2
    endloop
  endfacet
  facet normal 0 0 -1
    outer loop
      vertex 14.5711 19.5622 6.2
      vertex 20.475 24.5 6.2
      vertex 14.8757 19.6385 6.2
    endloop
  endfacet
  facet normal 0 0 -1
    outer loop
      vertex 2.4 35 6.2
      vertex 14.5711 19.5622 6.2
      vertex 14.2754 19.4564 6.2
    endloop
  endfacet
  facet normal 0 0 -1
    outer loop
      vertex 2.4 35 6.2
      vertex 14.2754 19.4564 6.2
      vertex 13.9915 19.3221 6.2
    endloop
  endfacet
  facet normal 0 0 -1
    outer loop
      vertex 2.4 35 6.2
      vertex 13.9915 19.3221 6.2
      vertex 13.7222 19.1607 6.2
    endloop
  endfacet
  facet normal 0 0 -1
    outer loop
      vertex 2.4 35 6.2
      vertex 13.7222 19.1607 6.2
      vertex 13.4699 18.9736 6.2
    endloop
  endfacet
  facet normal -0 0 -1
    outer loop
      vertex 12.3154 16.1863 6.2
      vertex 2.4 4.5 6.2
      vertex 12.3 16.5 6.2
    endloop
  endfacet
  facet normal -0 0 -1
    outer loop
      vertex 12.3 16.5 6.2
      vertex 2.4 4.5 6.2
      vertex 12.3154 16.8137 6.2
    endloop
  endfacet
  facet normal -0 0 -1
    outer loop
      vertex 12.3154 16.8137 6.2
      vertex 2.4 4.5 6.2
      vertex 12.3615 17.1243 6.2
    endloop
  endfacet
  facet normal 0 0 -1
    outer loop
      vertex 2.4 35 6.2
      vertex 12.3615 17.1243 6.2
      vertex 2.4 4.5 6.2
    endloop
  endfacet
  facet normal 0 0 -1
    outer loop
      vertex 12.3615 17.1243 6.2
      vertex 2.4 35 6.2
      vertex 12.4378 17.4289 6.2
    endloop
  endfacet
  facet normal 0 0 -1
    outer loop
      vertex 2.4 4.5 6.2
      vertex 4.5 2.4 6.2
      vertex 4.29416 2.41011 6.2
    endloop
  endfacet
  facet normal 0 0 -1
    outer loop
      vertex 2.4 4.5 6.2
      vertex 4.29416 2.41011 6.2
      vertex 4.09031 2.44035 6.2
    endloop
  endfacet
  facet normal 0 0 -1
    outer loop
      vertex 2.4 4.5 6.2
      vertex 4.09031 2.44035 6.2
      vertex 3.8904 2.49043 6.2
    endloop
  endfacet
  facet normal 0 0 -1
    outer loop
      vertex 2.4 4.5 6.2
      vertex 3.8904 2.49043 6.2
      vertex 3.69636 2.55985 6.2
    endloop
  endfacet
  facet normal 0 0 -1
    outer loop
      vertex 2.4 4.5 6.2
      vertex 3.69636 2.55985 6.2
      vertex 3.51007 2.64796 6.2
    endloop
  endfacet
  facet normal 0 0 -1
    outer loop
      vertex 2.4 4.5 6.2
      vertex 3.51007 2.64796 6.2
      vertex 3.3333 2.75391 6.2
    endloop
  endfacet
  facet normal 0 0 -1
    outer loop
      vertex 12.4378 17.4289 6.2
      vertex 2.4 35 6.2
      vertex 12.5436 17.7246 6.2
    endloop
  endfacet
  facet normal 0 0 -1
    outer loop
      vertex 2.4 4.5 6.2
      vertex 3.3333 2.75391 6.2
      vertex 3.16777 2.87668 6.2
    endloop
  endfacet
  facet normal 0 0 -1
    outer loop
      vertex 2.4 4.5 6.2
      vertex 3.16777 2.87668 6.2
      vertex 3.01508 3.01508 6.2
    endloop
  endfacet
  facet normal 0 0 -1
    outer loop
      vertex 2.4 4.5 6.2
      vertex 3.01508 3.01508 6.2
      vertex 2.87668 3.16777 6.2
    endloop
  endfacet
  facet normal 0 0 -1
    outer loop
      vertex 2.4 4.5 6.2
      vertex 2.87668 3.16777 6.2
      vertex 2.75391 3.3333 6.2
    endloop
  endfacet
  facet normal 0 0 -1
    outer loop
      vertex 2.4 4.5 6.2
      vertex 2.75391 3.3333 6.2
      vertex 2.64796 3.51007 6.2
    endloop
  endfacet
  facet normal 0 0 -1
    outer loop
      vertex 2.4 4.5 6.2
      vertex 2.64796 3.51007 6.2
      vertex 2.55985 3.69636 6.2
    endloop
  endfacet
  facet normal 0 0 -1
    outer loop
      vertex 2.4 4.5 6.2
      vertex 2.55985 3.69636 6.2
      vertex 2.49043 3.8904 6.2
    endloop
  endfacet
  facet normal 0 0 -1
    outer loop
      vertex 2.4 4.5 6.2
      vertex 2.49043 3.8904 6.2
      vertex 2.44035 4.09031 6.2
    endloop
  endfacet
  facet normal 0 0 -1
    outer loop
      vertex 2.4 4.5 6.2
      vertex 2.44035 4.09031 6.2
      vertex 2.41011 4.29416 6.2
    endloop
  endfacet
  facet normal 0 0 -1
    outer loop
      vertex 12.5436 17.7246 6.2
      vertex 2.4 35 6.2
      vertex 12.6779 18.0085 6.2
    endloop
  endfacet
  facet normal 0 0 -1
    outer loop
      vertex 12.6779 18.0085 6.2
      vertex 2.4 35 6.2
      vertex 12.8393 18.2778 6.2
    endloop
  endfacet
  facet normal 0 0 -1
    outer loop
      vertex 36.475 24.5 6.2
      vertex 2.4 35 6.2
      vertex 73.6 35 6.2
    endloop
  endfacet
  facet normal 0 0 -1
    outer loop
      vertex 14.5711 19.5622 6.2
      vertex 2.4 35 6.2
      vertex 20.475 24.5 6.2
    endloop
  endfacet
  facet normal 0 0 -1
    outer loop
      vertex 13.2373 18.7627 6.2
      vertex 2.4 35 6.2
      vertex 13.4699 18.9736 6.2
    endloop
  endfacet
  facet normal 0 0 -1
    outer loop
      vertex 13.0264 18.5301 6.2
      vertex 2.4 35 6.2
      vertex 13.2373 18.7627 6.2
    endloop
  endfacet
  facet normal 0 0 -1
    outer loop
      vertex 12.8393 18.2778 6.2
      vertex 2.4 35 6.2
      vertex 13.0264 18.5301 6.2
    endloop
  endfacet
  facet normal -0.671561 0.740949 0
    outer loop
      vertex 72.9849 3.01508 0
      vertex 72.8322 2.87668 6.2
      vertex 72.9849 3.01508 6.2
    endloop
  endfacet
  facet normal -0.671561 0.740949 0
    outer loop
      vertex 72.8322 2.87668 6.2
      vertex 72.9849 3.01508 0
      vertex 72.8322 2.87668 0
    endloop
  endfacet
  facet normal -0.0480502 -0.979083 -0.197707
    outer loop
      vertex 71.5 80.1 11.8337
      vertex 71.7058 80.0899 11.8337
      vertex 71.5 76.8948 27.7065
    endloop
  endfacet
  facet normal -0.900625 -0.425899 -0.0865161
    outer loop
      vertex 73.352 78.9899 11.8337
      vertex 73.4401 78.8036 11.8337
      vertex 73.352 75.8277 27.4005
    endloop
  endfacet
  facet normal 8.19647e-07 0.275637 -0.961262
    outer loop
      vertex 73.6 38.1339 16.6024
      vertex 62.61 40.4025 17.2529
      vertex 73.352 75.8249 27.4101
    endloop
  endfacet
  facet normal 0 0.275633 -0.961263
    outer loop
      vertex 73.6 38.1339 16.6024
      vertex 13.81 40.4025 17.2529
      vertex 62.61 40.4025 17.2529
    endloop
  endfacet
  facet normal 2.16172e-06 0.275638 -0.961262
    outer loop
      vertex 13.81 40.4025 17.2529
      vertex 2.64797 75.8249 27.4101
      vertex 13.81 74.6234 27.0656
    endloop
  endfacet
  facet normal -7.89436e-07 0.275637 -0.961262
    outer loop
      vertex 13.81 40.4025 17.2529
      vertex 2.4 38.1339 16.6024
      vertex 2.64797 75.8249 27.4101
    endloop
  endfacet
  facet normal 0 0.275633 -0.961263
    outer loop
      vertex 2.4 38.1339 16.6024
      vertex 13.81 40.4025 17.2529
      vertex 73.6 38.1339 16.6024
    endloop
  endfacet
  facet normal -2.24625e-06 0.275638 -0.961262
    outer loop
      vertex 62.61 74.6234 27.0656
      vertex 73.352 75.8249 27.4101
      vertex 62.61 40.4025 17.2529
    endloop
  endfacet
  facet normal 0 0.275619 -0.961267
    outer loop
      vertex 13.81 74.6234 27.0656
      vertex 73.352 75.8249 27.4101
      vertex 62.61 74.6234 27.0656
    endloop
  endfacet
  facet normal 0 0.275619 -0.961267
    outer loop
      vertex 73.352 75.8249 27.4101
      vertex 13.81 74.6234 27.0656
      vertex 2.64797 75.8249 27.4101
    endloop
  endfacet
  facet normal -0.740919 -0.646998 -0.180092
    outer loop
      vertex 72.9849 76.3035 27.5369
      vertex 73.1233 76.1567 27.4949
      vertex 72.9849 76.3008 27.5466
    endloop
  endfacet
  facet normal 0.989181 -0.146703 0
    outer loop
      vertex 2.41011 78.2058 11.8337
      vertex 2.44035 78.4097 0
      vertex 2.44035 78.4097 11.8337
    endloop
  endfacet
  facet normal 0.989181 -0.146703 0
    outer loop
      vertex 2.44035 78.4097 0
      vertex 2.41011 78.2058 11.8337
      vertex 2.41011 78.2058 0
    endloop
  endfacet
  facet normal -0.427502 -0.904014 0
    outer loop
      vertex 72.3036 79.9401 0
      vertex 72.4899 79.852 11.8337
      vertex 72.3036 79.9401 11.8337
    endloop
  endfacet
  facet normal -0.427502 -0.904014 -0
    outer loop
      vertex 72.4899 79.852 11.8337
      vertex 72.3036 79.9401 0
      vertex 72.4899 79.852 0
    endloop
  endfacet
  facet normal -0.427566 -0.867825 -0.253116
    outer loop
      vertex 72.3036 76.7411 27.6624
      vertex 72.4899 76.6536 27.6477
      vertex 72.3036 76.7383 27.672
    endloop
  endfacet
  facet normal -0.427566 -0.867825 -0.253116
    outer loop
      vertex 72.4899 76.6536 27.6477
      vertex 72.3036 76.7411 27.6624
      vertex 72.4899 76.6564 27.6381
    endloop
  endfacet
  facet normal 0.000556058 0.275776 -0.961222
    outer loop
      vertex 73.5096 75.4593 27.3053
      vertex 73.5899 75.0712 27.194
      vertex 73.352 75.8249 27.4101
    endloop
  endfacet
  facet normal 0.670611 -0.727039 -0.147295
    outer loop
      vertex 3.16777 76.4366 27.5751
      vertex 3.01508 76.3035 27.5369
      vertex 3.01508 79.4849 11.8337
    endloop
  endfacet
  facet normal -0.513853 -0.857878 0
    outer loop
      vertex 72.4899 79.852 0
      vertex 72.6667 79.7461 11.8337
      vertex 72.4899 79.852 11.8337
    endloop
  endfacet
  facet normal -0.513853 -0.857878 -0
    outer loop
      vertex 72.6667 79.7461 11.8337
      vertex 72.4899 79.852 0
      vertex 72.6667 79.7461 0
    endloop
  endfacet
  facet normal 0 0.835691 -0.5492
    outer loop
      vertex 73.6 35 11.8337
      vertex 2.4 38.1339 16.6024
      vertex 73.6 38.1339 16.6024
    endloop
  endfacet
  facet normal 0 0.835691 -0.5492
    outer loop
      vertex 2.4 38.1339 16.6024
      vertex 73.6 35 11.8337
      vertex 2.4 35 11.8337
    endloop
  endfacet
  facet normal 0.0490083 -0.998798 0
    outer loop
      vertex 4.29416 80.0899 0
      vertex 4.5 80.1 11.8337
      vertex 4.29416 80.0899 11.8337
    endloop
  endfacet
  facet normal 0.0490083 -0.998798 0
    outer loop
      vertex 4.5 80.1 11.8337
      vertex 4.29416 80.0899 0
      vertex 4.5 80.1 0
    endloop
  endfacet
  facet normal -0.513868 -0.823555 -0.240203
    outer loop
      vertex 72.4899 76.6564 27.6381
      vertex 72.6667 76.5546 27.6089
      vertex 72.4899 76.6536 27.6477
    endloop
  endfacet
  facet normal -0.238122 -0.952012 -0.192279
    outer loop
      vertex 71.9097 80.0596 11.8337
      vertex 72.1096 80.0096 11.8337
      vertex 71.9097 76.856 27.6954
    endloop
  endfacet
  facet normal 0.42056 -0.889285 -0.179726
    outer loop
      vertex 3.69636 79.9401 11.8337
      vertex 3.69637 76.7411 27.6624
      vertex 3.51007 79.852 11.8337
    endloop
  endfacet
  facet normal -0.998798 -0.0490178 0
    outer loop
      vertex 73.6 78 0
      vertex 73.5899 78.2058 11.8337
      vertex 73.5899 78.2058 0
    endloop
  endfacet
  facet normal -0.998798 -0.0490178 0
    outer loop
      vertex 73.5899 78.2058 11.8337
      vertex 73.6 78 0
      vertex 73.6 78 11.8337
    endloop
  endfacet
  facet normal -0.426454 -0.886568 -0.179261
    outer loop
      vertex 72.4899 79.852 11.8337
      vertex 72.4899 76.6564 27.6381
      vertex 72.3036 76.7411 27.6624
    endloop
  endfacet
  facet normal -0.506293 -0.845256 -0.170908
    outer loop
      vertex 72.4899 79.852 11.8337
      vertex 72.6667 79.7461 11.8337
      vertex 72.4899 76.6564 27.6381
    endloop
  endfacet
  facet normal 0.337197 -0.941434 0
    outer loop
      vertex 3.69636 79.9401 0
      vertex 3.8904 80.0096 11.8337
      vertex 3.69636 79.9401 11.8337
    endloop
  endfacet
  facet normal 0.337197 -0.941434 0
    outer loop
      vertex 3.8904 80.0096 11.8337
      vertex 3.69636 79.9401 0
      vertex 3.8904 80.0096 0
    endloop
  endfacet
  facet normal -0.998792 -0.0481513 -0.00983529
    outer loop
      vertex 73.6 78 11.8337
      vertex 73.6 74.8761 27.1276
      vertex 73.5899 75.074 27.1844
    endloop
  endfacet
  facet normal 0.734185 -0.66543 -0.134813
    outer loop
      vertex 3.01508 79.4849 11.8337
      vertex 3.01508 76.3035 27.5369
      vertex 2.87668 79.3322 11.8337
    endloop
  endfacet
  facet normal -0.670586 -0.72706 -0.147299
    outer loop
      vertex 72.9849 79.4849 11.8337
      vertex 72.9849 76.3035 27.5369
      vertex 72.8322 76.4366 27.5751
    endloop
  endfacet
  facet normal -1.29845e-05 0.275628 -0.961264
    outer loop
      vertex 72.8322 76.4338 27.5847
      vertex 73.352 75.8249 27.4101
      vertex 71.5 76.892 27.7161
    endloop
  endfacet
  facet normal -0.797277 -0.591575 -0.119949
    outer loop
      vertex 73.1233 79.3322 11.8337
      vertex 73.2461 79.1667 11.8337
      vertex 73.1233 76.1567 27.4949
    endloop
  endfacet
  facet normal 0.903996 -0.427542 0
    outer loop
      vertex 2.55985 78.8036 11.8337
      vertex 2.64796 78.9899 0
      vertex 2.64796 78.9899 11.8337
    endloop
  endfacet
  facet normal 0.903996 -0.427542 0
    outer loop
      vertex 2.64796 78.9899 0
      vertex 2.55985 78.8036 11.8337
      vertex 2.55985 78.8036 0
    endloop
  endfacet
  facet normal 1.29841e-05 0.275628 -0.961264
    outer loop
      vertex 3.16777 76.4338 27.5847
      vertex 4.5 76.892 27.7161
      vertex 2.64797 75.8249 27.4101
    endloop
  endfacet
  facet normal 0.0480409 -0.979083 -0.197707
    outer loop
      vertex 4.5 80.1 11.8337
      vertex 4.5 76.8948 27.7065
      vertex 4.29416 80.0899 11.8337
    endloop
  endfacet
  facet normal 0 -0.980215 -0.197935
    outer loop
      vertex 4.5 80.1 11.8337
      vertex 71.5 76.8948 27.7065
      vertex 4.5 76.8948 27.7065
    endloop
  endfacet
  facet normal 0 -0.980215 -0.197935
    outer loop
      vertex 71.5 76.8948 27.7065
      vertex 4.5 80.1 11.8337
      vertex 71.5 80.1 11.8337
    endloop
  endfacet
  facet normal -0.740983 -0.646443 -0.181812
    outer loop
      vertex 73.1233 76.1567 27.4949
      vertex 73.1233 76.154 27.5045
      vertex 72.9849 76.3008 27.5466
    endloop
  endfacet
  facet normal -0.588165 -0.792682 -0.160368
    outer loop
      vertex 72.6667 79.7461 11.8337
      vertex 72.8322 79.6233 11.8337
      vertex 72.6667 76.5546 27.6089
    endloop
  endfacet
  facet normal -0.243271 -0.933731 -0.262612
    outer loop
      vertex 72.1096 76.8078 27.6816
      vertex 72.1096 76.8051 27.6912
      vertex 71.9097 76.856 27.6954
    endloop
  endfacet
  facet normal -0.242551 -0.950926 -0.192118
    outer loop
      vertex 72.1096 80.0096 11.8337
      vertex 72.1096 76.8078 27.6816
      vertex 71.9097 76.856 27.6954
    endloop
  endfacet
  facet normal -0.857099 -0.504841 -0.102552
    outer loop
      vertex 73.352 78.9899 11.8337
      vertex 73.352 75.8277 27.4005
      vertex 73.2461 75.9976 27.4492
    endloop
  endfacet
  facet normal -0.803076 -0.595877 0
    outer loop
      vertex 73.2461 79.1667 0
      vertex 73.1233 79.3322 11.8337
      vertex 73.1233 79.3322 0
    endloop
  endfacet
  facet normal -0.803076 -0.595877 0
    outer loop
      vertex 73.1233 79.3322 11.8337
      vertex 73.2461 79.1667 0
      vertex 73.2461 79.1667 11.8337
    endloop
  endfacet
  facet normal -0.998797 -0.0470653 -0.0137274
    outer loop
      vertex 73.5899 75.074 27.1844
      vertex 73.6 74.8734 27.1373
      vertex 73.5899 75.0712 27.194
    endloop
  endfacet
  facet normal 8.08433e-05 0.275637 -0.961262
    outer loop
      vertex 73.5899 75.0712 27.194
      vertex 73.6 38.1339 16.6024
      vertex 73.352 75.8249 27.4101
    endloop
  endfacet
  facet normal 0 1 -0
    outer loop
      vertex 73.6 35 6.2
      vertex 2.4 35 11.8337
      vertex 73.6 35 11.8337
    endloop
  endfacet
  facet normal 0 1 0
    outer loop
      vertex 2.4 35 11.8337
      vertex 73.6 35 6.2
      vertex 2.4 35 6.2
    endloop
  endfacet
  facet normal 0.998797 -0.0472501 -0.0131521
    outer loop
      vertex 2.4 74.8761 27.1276
      vertex 2.41011 75.074 27.1844
      vertex 2.4 74.8734 27.1373
    endloop
  endfacet
  facet normal -0.512669 -0.841537 -0.170252
    outer loop
      vertex 72.6667 79.7461 11.8337
      vertex 72.6667 76.5546 27.6089
      vertex 72.4899 76.6564 27.6381
    endloop
  endfacet
  facet normal -0.968933 -0.242354 -0.0493345
    outer loop
      vertex 73.5096 78.6096 11.8337
      vertex 73.5596 78.4097 11.8337
      vertex 73.5096 75.4621 27.2957
    endloop
  endfacet
  facet normal -0.988695 -0.146922 -0.0299416
    outer loop
      vertex 73.5596 78.4097 11.8337
      vertex 73.5899 78.2058 11.8337
      vertex 73.5596 75.2699 27.2406
    endloop
  endfacet
  facet normal -0.671561 -0.740949 0
    outer loop
      vertex 72.8322 79.6233 0
      vertex 72.9849 79.4849 11.8337
      vertex 72.8322 79.6233 11.8337
    endloop
  endfacet
  facet normal -0.671561 -0.740949 -0
    outer loop
      vertex 72.9849 79.4849 11.8337
      vertex 72.8322 79.6233 0
      vertex 72.9849 79.4849 0
    endloop
  endfacet
  facet normal 0.00499057 0.272514 -0.962139
    outer loop
      vertex 2.75391 75.9949 27.4588
      vertex 2.87668 76.154 27.5045
      vertex 2.64797 75.8249 27.4101
    endloop
  endfacet
  facet normal 0 0.275649 -0.961258
    outer loop
      vertex 73.352 75.8249 27.4101
      vertex 4.5 76.892 27.7161
      vertex 71.5 76.892 27.7161
    endloop
  endfacet
  facet normal 0 0.275649 -0.961258
    outer loop
      vertex 4.5 76.892 27.7161
      vertex 73.352 75.8249 27.4101
      vertex 2.64797 75.8249 27.4101
    endloop
  endfacet
  facet normal 0 -0.96 -0.28
    outer loop
      vertex 4.5 76.8948 27.7065
      vertex 71.5 76.892 27.7161
      vertex 4.5 76.892 27.7161
    endloop
  endfacet
  facet normal 0 -0.96 -0.28
    outer loop
      vertex 71.5 76.892 27.7161
      vertex 4.5 76.8948 27.7065
      vertex 71.5 76.8948 27.7065
    endloop
  endfacet
  facet normal -0.595702 -0.771077 -0.224898
    outer loop
      vertex 72.8322 76.4366 27.5751
      vertex 72.8322 76.4338 27.5847
      vertex 72.6667 76.5546 27.6089
    endloop
  endfacet
  facet normal -0.803129 -0.573553 -0.161312
    outer loop
      vertex 73.1233 76.1567 27.4949
      vertex 73.2461 75.9949 27.4588
      vertex 73.1233 76.154 27.5045
    endloop
  endfacet
  facet normal -0.337273 -0.906246 -0.254882
    outer loop
      vertex 72.1096 76.8078 27.6816
      vertex 72.3036 76.7383 27.672
      vertex 72.1096 76.8051 27.6912
    endloop
  endfacet
  facet normal -0.336863 -0.903892 -0.263635
    outer loop
      vertex 72.3036 76.7383 27.672
      vertex 72.1096 76.8078 27.6816
      vertex 72.3036 76.7411 27.6624
    endloop
  endfacet
  facet normal -0.513868 -0.823555 -0.240203
    outer loop
      vertex 72.6667 76.5546 27.6089
      vertex 72.6667 76.5518 27.6185
      vertex 72.4899 76.6536 27.6477
    endloop
  endfacet
  facet normal -0.000120451 0.275525 -0.961294
    outer loop
      vertex 72.4899 76.6536 27.6477
      vertex 72.6667 76.5518 27.6185
      vertex 72.3036 76.7383 27.672
    endloop
  endfacet
  facet normal 0.941535 -0.336914 0
    outer loop
      vertex 2.49043 78.6096 11.8337
      vertex 2.55985 78.8036 0
      vertex 2.55985 78.8036 11.8337
    endloop
  endfacet
  facet normal 0.941535 -0.336914 0
    outer loop
      vertex 2.55985 78.8036 0
      vertex 2.49043 78.6096 11.8337
      vertex 2.49043 78.6096 0
    endloop
  endfacet
  facet normal -0.144141 -0.969976 -0.195884
    outer loop
      vertex 71.7058 80.0899 11.8337
      vertex 71.9097 80.0596 11.8337
      vertex 71.7058 76.885 27.7037
    endloop
  endfacet
  facet normal -0.242832 -0.931266 -0.271619
    outer loop
      vertex 71.9097 76.856 27.6954
      vertex 72.1096 76.8051 27.6912
      vertex 71.9097 76.8532 27.705
    endloop
  endfacet
  facet normal -0.857801 -0.494786 -0.139158
    outer loop
      vertex 73.352 75.8277 27.4005
      vertex 73.2461 75.9949 27.4588
      vertex 73.2461 75.9976 27.4492
    endloop
  endfacet
  facet normal -0.857924 -0.493225 -0.143857
    outer loop
      vertex 73.2461 75.9949 27.4588
      vertex 73.352 75.8277 27.4005
      vertex 73.352 75.8249 27.4101
    endloop
  endfacet
  facet normal -0.595877 -0.803076 0
    outer loop
      vertex 72.6667 79.7461 0
      vertex 72.8322 79.6233 11.8337
      vertex 72.6667 79.7461 11.8337
    endloop
  endfacet
  facet normal -0.595877 -0.803076 -0
    outer loop
      vertex 72.8322 79.6233 11.8337
      vertex 72.6667 79.7461 0
      vertex 72.8322 79.6233 0
    endloop
  endfacet
  facet normal 0.00149075 0.27697 -0.960877
    outer loop
      vertex 72.9849 76.3008 27.5466
      vertex 73.1233 76.154 27.5045
      vertex 72.8322 76.4338 27.5847
    endloop
  endfacet
  facet normal 0.000942199 0.27593 -0.961177
    outer loop
      vertex 73.4401 75.6459 27.3588
      vertex 73.5096 75.4593 27.3053
      vertex 73.352 75.8249 27.4101
    endloop
  endfacet
  facet normal -0.998748 -0.0490153 -0.00999995
    outer loop
      vertex 73.5899 78.2058 11.8337
      vertex 73.6 78 11.8337
      vertex 73.5899 75.074 27.1844
    endloop
  endfacet
  facet normal -0.989062 -0.14452 -0.0294846
    outer loop
      vertex 73.5899 78.2058 11.8337
      vertex 73.5899 75.074 27.1844
      vertex 73.5596 75.2699 27.2406
    endloop
  endfacet
  facet normal 0.00174489 0.275637 -0.96126
    outer loop
      vertex 73.6 74.8734 27.1373
      vertex 73.6 38.1339 16.6024
      vertex 73.5899 75.0712 27.194
    endloop
  endfacet
  facet normal 0.998795 -0.0471118 -0.0137409
    outer loop
      vertex 2.41011 75.074 27.1844
      vertex 2.41011 75.0712 27.194
      vertex 2.4 74.8734 27.1373
    endloop
  endfacet
  facet normal -0.857878 -0.513853 0
    outer loop
      vertex 73.352 78.9899 0
      vertex 73.2461 79.1667 11.8337
      vertex 73.2461 79.1667 0
    endloop
  endfacet
  facet normal -0.857878 -0.513853 0
    outer loop
      vertex 73.2461 79.1667 11.8337
      vertex 73.352 78.9899 0
      vertex 73.352 78.9899 11.8337
    endloop
  endfacet
  facet normal -0.146988 -0.989138 0
    outer loop
      vertex 71.7058 80.0899 0
      vertex 71.9097 80.0596 11.8337
      vertex 71.7058 80.0899 11.8337
    endloop
  endfacet
  facet normal -0.146988 -0.989138 -0
    outer loop
      vertex 71.9097 80.0596 11.8337
      vertex 71.7058 80.0899 0
      vertex 71.9097 80.0596 0
    endloop
  endfacet
  facet normal 0 -1 0
    outer loop
      vertex 30.3 80.1 2.5
      vertex 45.7 80.1 3.8
      vertex 30.3 80.1 3.8
    endloop
  endfacet
  facet normal 0 -1 -0
    outer loop
      vertex 45.7 80.1 3.8
      vertex 30.3 80.1 2.5
      vertex 45.7 80.1 2.5
    endloop
  endfacet
  facet normal 0 -1 0
    outer loop
      vertex 30.3 80.1 3.8
      vertex 4.5 80.1 11.8337
      vertex 15.3 80.1 3.8
    endloop
  endfacet
  facet normal 0 -1 0
    outer loop
      vertex 4.5 80.1 0
      vertex 15.3 80.1 3.8
      vertex 4.5 80.1 11.8337
    endloop
  endfacet
  facet normal 0 -1 0
    outer loop
      vertex 4.5 80.1 0
      vertex 30.3 80.1 2.5
      vertex 15.3 80.1 2.5
    endloop
  endfacet
  facet normal 0 -1 -0
    outer loop
      vertex 30.3 80.1 2.5
      vertex 4.5 80.1 0
      vertex 45.7 80.1 2.5
    endloop
  endfacet
  facet normal 0 -1 0
    outer loop
      vertex 71.5 80.1 0
      vertex 45.7 80.1 2.5
      vertex 4.5 80.1 0
    endloop
  endfacet
  facet normal 0 -1 -0
    outer loop
      vertex 15.3 80.1 3.8
      vertex 4.5 80.1 0
      vertex 15.3 80.1 2.5
    endloop
  endfacet
  facet normal 0 -1 0
    outer loop
      vertex 4.5 80.1 11.8337
      vertex 30.3 80.1 3.8
      vertex 71.5 80.1 11.8337
    endloop
  endfacet
  facet normal 0 -1 0
    outer loop
      vertex 45.7 80.1 3.8
      vertex 71.5 80.1 11.8337
      vertex 30.3 80.1 3.8
    endloop
  endfacet
  facet normal 0 -1 0
    outer loop
      vertex 60.7 80.1 3.8
      vertex 71.5 80.1 11.8337
      vertex 45.7 80.1 3.8
    endloop
  endfacet
  facet normal 0 -1 0
    outer loop
      vertex 71.5 80.1 0
      vertex 60.7 80.1 3.8
      vertex 60.7 80.1 2.5
    endloop
  endfacet
  facet normal 0 -1 0
    outer loop
      vertex 60.7 80.1 3.8
      vertex 71.5 80.1 0
      vertex 71.5 80.1 11.8337
    endloop
  endfacet
  facet normal 0 -1 0
    outer loop
      vertex 45.7 80.1 2.5
      vertex 71.5 80.1 0
      vertex 60.7 80.1 2.5
    endloop
  endfacet
  facet normal 0.512733 -0.8415 -0.170245
    outer loop
      vertex 3.51007 76.6564 27.6381
      vertex 3.3333 76.5546 27.6089
      vertex 3.3333 79.7461 11.8337
    endloop
  endfacet
  facet normal 0.427566 -0.867825 -0.253116
    outer loop
      vertex 3.51007 76.6536 27.6477
      vertex 3.69637 76.7411 27.6624
      vertex 3.69637 76.7383 27.672
    endloop
  endfacet
  facet normal 0.427566 -0.867825 -0.253116
    outer loop
      vertex 3.69637 76.7411 27.6624
      vertex 3.51007 76.6536 27.6477
      vertex 3.51007 76.6564 27.6381
    endloop
  endfacet
  facet normal -0.739893 -0.659308 -0.133683
    outer loop
      vertex 73.1233 79.3322 11.8337
      vertex 73.1233 76.1567 27.4949
      vertex 72.9849 76.3035 27.5369
    endloop
  endfacet
  facet normal -0.734185 -0.66543 -0.134813
    outer loop
      vertex 72.9849 79.4849 11.8337
      vertex 73.1233 79.3322 11.8337
      vertex 72.9849 76.3035 27.5369
    endloop
  endfacet
  facet normal 0.00058313 0.276098 -0.961129
    outer loop
      vertex 73.1233 76.154 27.5045
      vertex 73.352 75.8249 27.4101
      vertex 72.8322 76.4338 27.5847
    endloop
  endfacet
  facet normal -0.00497635 0.272524 -0.962136
    outer loop
      vertex 73.2461 75.9949 27.4588
      vertex 73.352 75.8249 27.4101
      vertex 73.1233 76.154 27.5045
    endloop
  endfacet
  facet normal -0.335888 -0.923236 -0.186587
    outer loop
      vertex 72.3036 79.9401 11.8337
      vertex 72.3036 76.7411 27.6624
      vertex 72.1096 76.8078 27.6816
    endloop
  endfacet
  facet normal -0.420541 -0.889294 -0.179727
    outer loop
      vertex 72.3036 79.9401 11.8337
      vertex 72.4899 79.852 11.8337
      vertex 72.3036 76.7411 27.6624
    endloop
  endfacet
  facet normal -0.000746493 0.274399 -0.961616
    outer loop
      vertex 72.6667 76.5518 27.6185
      vertex 72.8322 76.4338 27.5847
      vertex 72.3036 76.7383 27.672
    endloop
  endfacet
  facet normal -0.595702 -0.771077 -0.224898
    outer loop
      vertex 72.6667 76.5546 27.6089
      vertex 72.8322 76.4338 27.5847
      vertex 72.6667 76.5518 27.6185
    endloop
  endfacet
  facet normal -0.0490178 -0.998798 0
    outer loop
      vertex 71.5 80.1 0
      vertex 71.7058 80.0899 11.8337
      vertex 71.5 80.1 11.8337
    endloop
  endfacet
  facet normal -0.0490178 -0.998798 -0
    outer loop
      vertex 71.7058 80.0899 11.8337
      vertex 71.5 80.1 0
      vertex 71.7058 80.0899 0
    endloop
  endfacet
  facet normal -0.0493099 -0.97902 -0.19771
    outer loop
      vertex 71.7058 80.0899 11.8337
      vertex 71.7058 76.885 27.7037
      vertex 71.5 76.8948 27.7065
    endloop
  endfacet
  facet normal -6.14008e-05 0.275498 -0.961302
    outer loop
      vertex 72.3036 76.7383 27.672
      vertex 72.8322 76.4338 27.5847
      vertex 71.5 76.892 27.7161
    endloop
  endfacet
  facet normal -0.146798 -0.9496 -0.276967
    outer loop
      vertex 71.9097 76.856 27.6954
      vertex 71.9097 76.8532 27.705
      vertex 71.7058 76.8823 27.7133
    endloop
  endfacet
  facet normal -0.941423 -0.324634 -0.0913032
    outer loop
      vertex 73.5096 75.4621 27.2957
      vertex 73.4401 75.6459 27.3588
      vertex 73.4401 75.6486 27.3492
    endloop
  endfacet
  facet normal -0.941476 -0.323597 -0.0943824
    outer loop
      vertex 73.4401 75.6459 27.3588
      vertex 73.5096 75.4621 27.2957
      vertex 73.5096 75.4593 27.3053
    endloop
  endfacet
  facet normal -0.803129 -0.573553 -0.161312
    outer loop
      vertex 73.2461 75.9976 27.4492
      vertex 73.2461 75.9949 27.4588
      vertex 73.1233 76.1567 27.4949
    endloop
  endfacet
  facet normal 0.588095 -0.792731 -0.160378
    outer loop
      vertex 3.3333 79.7461 11.8337
      vertex 3.3333 76.5546 27.6089
      vertex 3.16777 79.6233 11.8337
    endloop
  endfacet
  facet normal -0.941093 -0.331353 -0.0674514
    outer loop
      vertex 73.5096 78.6096 11.8337
      vertex 73.5096 75.4621 27.2957
      vertex 73.4401 75.6486 27.3492
    endloop
  endfacet
  facet normal -0.939206 -0.336468 -0.0684191
    outer loop
      vertex 73.4401 78.8036 11.8337
      vertex 73.5096 78.6096 11.8337
      vertex 73.4401 75.6486 27.3492
    endloop
  endfacet
  facet normal -0.970125 -0.2329 -0.0679292
    outer loop
      vertex 73.5596 75.2699 27.2406
      vertex 73.5096 75.4593 27.3053
      vertex 73.5096 75.4621 27.2957
    endloop
  endfacet
  facet normal -0.970098 -0.233649 -0.0657139
    outer loop
      vertex 73.5096 75.4593 27.3053
      vertex 73.5596 75.2699 27.2406
      vertex 73.5596 75.2672 27.2502
    endloop
  endfacet
  facet normal -0.000864823 0.275504 -0.961299
    outer loop
      vertex 73.5596 75.2672 27.2502
      vertex 73.5899 75.0712 27.194
      vertex 73.5096 75.4593 27.3053
    endloop
  endfacet
  facet normal 0.797348 -0.591483 -0.11993
    outer loop
      vertex 2.87668 79.3322 11.8337
      vertex 2.87668 76.1567 27.4949
      vertex 2.75391 79.1667 11.8337
    endloop
  endfacet
  facet normal -0.989128 -0.141567 -0.0398157
    outer loop
      vertex 73.5596 75.2699 27.2406
      vertex 73.5899 75.074 27.1844
      vertex 73.5596 75.2672 27.2502
    endloop
  endfacet
  facet normal -0.989138 -0.141111 -0.0411575
    outer loop
      vertex 73.5899 75.074 27.1844
      vertex 73.5899 75.0712 27.194
      vertex 73.5596 75.2672 27.2502
    endloop
  endfacet
  facet normal 0.147023 -0.989133 0
    outer loop
      vertex 4.09031 80.0596 0
      vertex 4.29416 80.0899 11.8337
      vertex 4.09031 80.0596 11.8337
    endloop
  endfacet
  facet normal 0.147023 -0.989133 0
    outer loop
      vertex 4.29416 80.0899 11.8337
      vertex 4.09031 80.0596 0
      vertex 4.29416 80.0899 0
    endloop
  endfacet
  facet normal 0.595632 -0.771127 -0.224912
    outer loop
      vertex 3.3333 76.5546 27.6089
      vertex 3.3333 76.5518 27.6185
      vertex 3.16777 76.4338 27.5847
    endloop
  endfacet
  facet normal 0.513932 -0.823518 -0.240193
    outer loop
      vertex 3.51007 76.6564 27.6381
      vertex 3.51007 76.6536 27.6477
      vertex 3.3333 76.5546 27.6089
    endloop
  endfacet
  facet normal 0.24326 -0.933734 -0.262613
    outer loop
      vertex 3.8904 76.8078 27.6816
      vertex 4.09031 76.856 27.6954
      vertex 3.8904 76.8051 27.6912
    endloop
  endfacet
  facet normal 0.740949 -0.671561 0
    outer loop
      vertex 2.87668 79.3322 11.8337
      vertex 3.01508 79.4849 0
      vertex 3.01508 79.4849 11.8337
    endloop
  endfacet
  facet normal 0.740949 -0.671561 0
    outer loop
      vertex 3.01508 79.4849 0
      vertex 2.87668 79.3322 11.8337
      vertex 2.87668 79.3322 0
    endloop
  endfacet
  facet normal 0.000858951 0.275505 -0.961299
    outer loop
      vertex 2.44035 75.2672 27.2502
      vertex 2.49043 75.4593 27.3053
      vertex 2.41011 75.0712 27.194
    endloop
  endfacet
  facet normal -0.740949 -0.671561 0
    outer loop
      vertex 73.1233 79.3322 0
      vertex 72.9849 79.4849 11.8337
      vertex 72.9849 79.4849 0
    endloop
  endfacet
  facet normal -0.740949 -0.671561 0
    outer loop
      vertex 72.9849 79.4849 11.8337
      vertex 73.1233 79.3322 0
      vertex 73.1233 79.3322 11.8337
    endloop
  endfacet
  facet normal -0.969951 -0.2384 -0.0485841
    outer loop
      vertex 73.5596 78.4097 11.8337
      vertex 73.5596 75.2699 27.2406
      vertex 73.5096 75.4621 27.2957
    endloop
  endfacet
  facet normal 0.968838 -0.242718 -0.0494086
    outer loop
      vertex 2.49043 78.6096 11.8337
      vertex 2.49043 75.4621 27.2957
      vertex 2.44035 78.4097 11.8337
    endloop
  endfacet
  facet normal -0.664131 -0.732752 -0.148339
    outer loop
      vertex 72.8322 79.6233 11.8337
      vertex 72.9849 79.4849 11.8337
      vertex 72.8322 76.4366 27.5751
    endloop
  endfacet
  facet normal -0.594499 -0.788109 -0.159545
    outer loop
      vertex 72.8322 79.6233 11.8337
      vertex 72.8322 76.4366 27.5751
      vertex 72.6667 76.5546 27.6089
    endloop
  endfacet
  facet normal -0.671422 -0.711432 -0.207501
    outer loop
      vertex 72.8322 76.4366 27.5751
      vertex 72.9849 76.3008 27.5466
      vertex 72.8322 76.4338 27.5847
    endloop
  endfacet
  facet normal -0.671744 -0.713652 -0.198645
    outer loop
      vertex 72.9849 76.3008 27.5466
      vertex 72.8322 76.4366 27.5751
      vertex 72.9849 76.3035 27.5369
    endloop
  endfacet
  facet normal -0.331319 -0.924833 -0.186847
    outer loop
      vertex 72.1096 80.0096 11.8337
      vertex 72.3036 79.9401 11.8337
      vertex 72.1096 76.8078 27.6816
    endloop
  endfacet
  facet normal -0.24265 -0.970114 0
    outer loop
      vertex 71.9097 80.0596 0
      vertex 72.1096 80.0096 11.8337
      vertex 71.9097 80.0596 11.8337
    endloop
  endfacet
  facet normal -0.24265 -0.970114 -0
    outer loop
      vertex 72.1096 80.0096 11.8337
      vertex 71.9097 80.0596 0
      vertex 72.1096 80.0096 0
    endloop
  endfacet
  facet normal 0.000532289 0.277732 -0.960658
    outer loop
      vertex 71.9097 76.8532 27.705
      vertex 72.3036 76.7383 27.672
      vertex 71.7058 76.8823 27.7133
    endloop
  endfacet
  facet normal -0.145892 -0.96972 -0.195855
    outer loop
      vertex 71.9097 80.0596 11.8337
      vertex 71.9097 76.856 27.6954
      vertex 71.7058 76.885 27.7037
    endloop
  endfacet
  facet normal -0.146343 -0.952287 -0.267831
    outer loop
      vertex 71.7058 76.885 27.7037
      vertex 71.9097 76.856 27.6954
      vertex 71.7058 76.8823 27.7133
    endloop
  endfacet
  facet normal 0.000401328 0.277317 -0.960778
    outer loop
      vertex 72.1096 76.8051 27.6912
      vertex 72.3036 76.7383 27.672
      vertex 71.9097 76.8532 27.705
    endloop
  endfacet
  facet normal -0.80223 -0.585087 -0.118741
    outer loop
      vertex 73.2461 79.1667 11.8337
      vertex 73.2461 75.9976 27.4492
      vertex 73.1233 76.1567 27.4949
    endloop
  endfacet
  facet normal -0.853251 -0.511082 -0.103722
    outer loop
      vertex 73.2461 79.1667 11.8337
      vertex 73.352 78.9899 11.8337
      vertex 73.2461 75.9976 27.4492
    endloop
  endfacet
  facet normal -0.904014 -0.427502 0
    outer loop
      vertex 73.4401 78.8036 0
      vertex 73.352 78.9899 11.8337
      vertex 73.352 78.9899 0
    endloop
  endfacet
  facet normal -0.904014 -0.427502 0
    outer loop
      vertex 73.352 78.9899 11.8337
      vertex 73.4401 78.8036 0
      vertex 73.4401 78.8036 11.8337
    endloop
  endfacet
  facet normal -0.989138 -0.146988 0
    outer loop
      vertex 73.5899 78.2058 0
      vertex 73.5596 78.4097 11.8337
      vertex 73.5596 78.4097 0
    endloop
  endfacet
  facet normal -0.989138 -0.146988 0
    outer loop
      vertex 73.5596 78.4097 11.8337
      vertex 73.5899 78.2058 0
      vertex 73.5899 78.2058 11.8337
    endloop
  endfacet
  facet normal -0.941412 -0.337258 0
    outer loop
      vertex 73.5096 78.6096 0
      vertex 73.4401 78.8036 11.8337
      vertex 73.4401 78.8036 0
    endloop
  endfacet
  facet normal -0.941412 -0.337258 0
    outer loop
      vertex 73.4401 78.8036 11.8337
      vertex 73.5096 78.6096 0
      vertex 73.5096 78.6096 11.8337
    endloop
  endfacet
  facet normal -0.903507 -0.419977 -0.0854003
    outer loop
      vertex 73.4401 78.8036 11.8337
      vertex 73.4401 75.6486 27.3492
      vertex 73.352 75.8277 27.4005
    endloop
  endfacet
  facet normal -0.904014 -0.410402 -0.119701
    outer loop
      vertex 73.4401 75.6486 27.3492
      vertex 73.352 75.8249 27.4101
      vertex 73.352 75.8277 27.4005
    endloop
  endfacet
  facet normal -0.903929 -0.411709 -0.115793
    outer loop
      vertex 73.352 75.8249 27.4101
      vertex 73.4401 75.6486 27.3492
      vertex 73.4401 75.6459 27.3588
    endloop
  endfacet
  facet normal 0.506357 -0.845219 -0.170901
    outer loop
      vertex 3.51007 79.852 11.8337
      vertex 3.51007 76.6564 27.6381
      vertex 3.3333 79.7461 11.8337
    endloop
  endfacet
  facet normal -0.970114 -0.24265 0
    outer loop
      vertex 73.5596 78.4097 0
      vertex 73.5096 78.6096 11.8337
      vertex 73.5096 78.6096 0
    endloop
  endfacet
  facet normal -0.970114 -0.24265 0
    outer loop
      vertex 73.5096 78.6096 11.8337
      vertex 73.5596 78.4097 0
      vertex 73.5596 78.4097 11.8337
    endloop
  endfacet
  facet normal -0.998799 -0.0472035 -0.0131391
    outer loop
      vertex 73.6 74.8761 27.1276
      vertex 73.6 74.8734 27.1373
      vertex 73.5899 75.074 27.1844
    endloop
  endfacet
  facet normal -0.337258 -0.941412 0
    outer loop
      vertex 72.1096 80.0096 0
      vertex 72.3036 79.9401 11.8337
      vertex 72.1096 80.0096 11.8337
    endloop
  endfacet
  facet normal -0.337258 -0.941412 -0
    outer loop
      vertex 72.3036 79.9401 11.8337
      vertex 72.1096 80.0096 0
      vertex 72.3036 79.9401 0
    endloop
  endfacet
  facet normal -0.000583241 0.276098 -0.961129
    outer loop
      vertex 2.87668 76.154 27.5045
      vertex 3.16777 76.4338 27.5847
      vertex 2.64797 75.8249 27.4101
    endloop
  endfacet
  facet normal 0.146378 -0.952282 -0.267829
    outer loop
      vertex 4.29416 76.885 27.7037
      vertex 4.29416 76.8823 27.7133
      vertex 4.09031 76.856 27.6954
    endloop
  endfacet
  facet normal 0.242821 -0.931268 -0.27162
    outer loop
      vertex 4.09031 76.856 27.6954
      vertex 4.09031 76.8532 27.705
      vertex 3.8904 76.8051 27.6912
    endloop
  endfacet
  facet normal 0.331258 -0.924854 -0.186851
    outer loop
      vertex 3.8904 80.0096 11.8337
      vertex 3.8904 76.8078 27.6816
      vertex 3.69636 79.9401 11.8337
    endloop
  endfacet
  facet normal 0.90347 -0.420055 -0.0854162
    outer loop
      vertex 2.64797 75.8277 27.4005
      vertex 2.55985 75.6486 27.3492
      vertex 2.55985 78.8036 11.8337
    endloop
  endfacet
  facet normal 0.989105 -0.14424 -0.0294275
    outer loop
      vertex 2.44035 75.2699 27.2406
      vertex 2.41011 75.074 27.1844
      vertex 2.41011 78.2058 11.8337
    endloop
  endfacet
  facet normal -0.0489984 -0.958847 -0.279664
    outer loop
      vertex 71.5 76.8948 27.7065
      vertex 71.7058 76.8823 27.7133
      vertex 71.5 76.892 27.7161
    endloop
  endfacet
  facet normal -0.0494635 -0.961473 -0.270414
    outer loop
      vertex 71.7058 76.8823 27.7133
      vertex 71.5 76.8948 27.7065
      vertex 71.7058 76.885 27.7037
    endloop
  endfacet
  facet normal -0.000104458 0.27529 -0.961361
    outer loop
      vertex 71.7058 76.8823 27.7133
      vertex 72.3036 76.7383 27.672
      vertex 71.5 76.892 27.7161
    endloop
  endfacet
  facet normal 0.595808 -0.803127 0
    outer loop
      vertex 3.16777 79.6233 0
      vertex 3.3333 79.7461 11.8337
      vertex 3.16777 79.6233 11.8337
    endloop
  endfacet
  facet normal 0.595808 -0.803127 0
    outer loop
      vertex 3.3333 79.7461 11.8337
      vertex 3.16777 79.6233 0
      vertex 3.3333 79.7461 0
    endloop
  endfacet
  facet normal 0.595632 -0.771127 -0.224912
    outer loop
      vertex 3.16777 76.4366 27.5751
      vertex 3.3333 76.5546 27.6089
      vertex 3.16777 76.4338 27.5847
    endloop
  endfacet
  facet normal 0.594429 -0.78816 -0.159556
    outer loop
      vertex 3.3333 76.5546 27.6089
      vertex 3.16777 76.4366 27.5751
      vertex 3.16777 79.6233 11.8337
    endloop
  endfacet
  facet normal 0.671447 -0.711411 -0.207495
    outer loop
      vertex 3.01508 76.3008 27.5466
      vertex 3.16777 76.4366 27.5751
      vertex 3.16777 76.4338 27.5847
    endloop
  endfacet
  facet normal 0.671769 -0.713631 -0.19864
    outer loop
      vertex 3.16777 76.4366 27.5751
      vertex 3.01508 76.3008 27.5466
      vertex 3.01508 76.3035 27.5369
    endloop
  endfacet
  facet normal 0.803198 -0.573462 -0.161286
    outer loop
      vertex 2.87668 76.1567 27.4949
      vertex 2.87668 76.154 27.5045
      vertex 2.75391 75.9949 27.4588
    endloop
  endfacet
  facet normal 0.427521 -0.904005 0
    outer loop
      vertex 3.51007 79.852 0
      vertex 3.69636 79.9401 11.8337
      vertex 3.51007 79.852 11.8337
    endloop
  endfacet
  facet normal 0.427521 -0.904005 0
    outer loop
      vertex 3.69636 79.9401 11.8337
      vertex 3.51007 79.852 0
      vertex 3.69636 79.9401 0
    endloop
  endfacet
  facet normal 0.000104433 0.27529 -0.961361
    outer loop
      vertex 4.29416 76.8823 27.7133
      vertex 4.5 76.892 27.7161
      vertex 3.69637 76.7383 27.672
    endloop
  endfacet
  facet normal 0.238111 -0.952015 -0.192279
    outer loop
      vertex 4.09031 80.0596 11.8337
      vertex 4.09031 76.856 27.6954
      vertex 3.8904 80.0096 11.8337
    endloop
  endfacet
  facet normal 0.8023 -0.584995 -0.118722
    outer loop
      vertex 2.87668 76.1567 27.4949
      vertex 2.75391 75.9976 27.4492
      vertex 2.75391 79.1667 11.8337
    endloop
  endfacet
  facet normal 0.857715 -0.494923 -0.139197
    outer loop
      vertex 2.75391 75.9949 27.4588
      vertex 2.64797 75.8277 27.4005
      vertex 2.75391 75.9976 27.4492
    endloop
  endfacet
  facet normal 0.857839 -0.493362 -0.143897
    outer loop
      vertex 2.64797 75.8277 27.4005
      vertex 2.75391 75.9949 27.4588
      vertex 2.64797 75.8249 27.4101
    endloop
  endfacet
  facet normal 0.739893 -0.659308 -0.133683
    outer loop
      vertex 3.01508 76.3035 27.5369
      vertex 2.87668 76.1567 27.4949
      vertex 2.87668 79.3322 11.8337
    endloop
  endfacet
  facet normal 0.857771 -0.514032 0
    outer loop
      vertex 2.64796 78.9899 11.8337
      vertex 2.75391 79.1667 0
      vertex 2.75391 79.1667 11.8337
    endloop
  endfacet
  facet normal 0.857771 -0.514032 0
    outer loop
      vertex 2.75391 79.1667 0
      vertex 2.64796 78.9899 11.8337
      vertex 2.64796 78.9899 0
    endloop
  endfacet
  facet normal 0.998796 -0.0490662 0
    outer loop
      vertex 2.4 78 11.8337
      vertex 2.41011 78.2058 0
      vertex 2.41011 78.2058 11.8337
    endloop
  endfacet
  facet normal 0.998796 -0.0490662 0
    outer loop
      vertex 2.41011 78.2058 0
      vertex 2.4 78 11.8337
      vertex 2.4 78 0
    endloop
  endfacet
  facet normal 0.941217 -0.331015 -0.0673826
    outer loop
      vertex 2.55985 75.6486 27.3492
      vertex 2.49043 75.4621 27.2957
      vertex 2.49043 78.6096 11.8337
    endloop
  endfacet
  facet normal 0.903977 -0.410478 -0.119723
    outer loop
      vertex 2.64797 75.8249 27.4101
      vertex 2.55985 75.6486 27.3492
      vertex 2.64797 75.8277 27.4005
    endloop
  endfacet
  facet normal 0.903891 -0.411786 -0.115815
    outer loop
      vertex 2.55985 75.6486 27.3492
      vertex 2.64797 75.8249 27.4101
      vertex 2.55985 75.6459 27.3588
    endloop
  endfacet
  facet normal 0.998745 -0.0490637 -0.0100098
    outer loop
      vertex 2.41011 78.2058 11.8337
      vertex 2.41011 75.074 27.1844
      vertex 2.4 78 11.8337
    endloop
  endfacet
  facet normal 0.998789 -0.0481989 -0.00984501
    outer loop
      vertex 2.4 78 11.8337
      vertex 2.41011 75.074 27.1844
      vertex 2.4 74.8761 27.1276
    endloop
  endfacet
  facet normal -0.000556594 0.275776 -0.961222
    outer loop
      vertex 2.49043 75.4593 27.3053
      vertex 2.64797 75.8249 27.4101
      vertex 2.41011 75.0712 27.194
    endloop
  endfacet
  facet normal 0.98918 -0.140838 -0.0410777
    outer loop
      vertex 2.41011 75.074 27.1844
      vertex 2.44035 75.2672 27.2502
      vertex 2.41011 75.0712 27.194
    endloop
  endfacet
  facet normal 0.242539 -0.950929 -0.192119
    outer loop
      vertex 4.09031 76.856 27.6954
      vertex 3.8904 76.8078 27.6816
      vertex 3.8904 80.0096 11.8337
    endloop
  endfacet
  facet normal 0.242638 -0.970117 0
    outer loop
      vertex 3.8904 80.0096 0
      vertex 4.09031 80.0596 11.8337
      vertex 3.8904 80.0096 11.8337
    endloop
  endfacet
  facet normal 0.242638 -0.970117 0
    outer loop
      vertex 4.09031 80.0596 11.8337
      vertex 3.8904 80.0096 0
      vertex 4.09031 80.0596 0
    endloop
  endfacet
  facet normal 0.513918 -0.85784 0
    outer loop
      vertex 3.3333 79.7461 0
      vertex 3.51007 79.852 11.8337
      vertex 3.3333 79.7461 11.8337
    endloop
  endfacet
  facet normal 0.513918 -0.85784 0
    outer loop
      vertex 3.51007 79.852 11.8337
      vertex 3.3333 79.7461 0
      vertex 3.51007 79.852 0
    endloop
  endfacet
  facet normal 0.335842 -0.923252 -0.186591
    outer loop
      vertex 3.8904 76.8078 27.6816
      vertex 3.69637 76.7411 27.6624
      vertex 3.69636 79.9401 11.8337
    endloop
  endfacet
  facet normal 0.513932 -0.823518 -0.240193
    outer loop
      vertex 3.3333 76.5546 27.6089
      vertex 3.51007 76.6536 27.6477
      vertex 3.3333 76.5518 27.6185
    endloop
  endfacet
  facet normal 0.146834 -0.949595 -0.276965
    outer loop
      vertex 4.09031 76.856 27.6954
      vertex 4.29416 76.8823 27.7133
      vertex 4.09031 76.8532 27.705
    endloop
  endfacet
  facet normal 0.0493004 -0.97902 -0.19771
    outer loop
      vertex 4.5 76.8948 27.7065
      vertex 4.29416 76.885 27.7037
      vertex 4.29416 80.0899 11.8337
    endloop
  endfacet
  facet normal 0.803198 -0.573462 -0.161286
    outer loop
      vertex 2.75391 75.9976 27.4492
      vertex 2.87668 76.1567 27.4949
      vertex 2.75391 75.9949 27.4588
    endloop
  endfacet
  facet normal 0.939333 -0.336126 -0.0683496
    outer loop
      vertex 2.55985 78.8036 11.8337
      vertex 2.55985 75.6486 27.3492
      vertex 2.49043 78.6096 11.8337
    endloop
  endfacet
  facet normal 0.740919 -0.646998 -0.180092
    outer loop
      vertex 3.01508 76.3035 27.5369
      vertex 3.01508 76.3008 27.5466
      vertex 2.87668 76.1567 27.4949
    endloop
  endfacet
  facet normal 0.857013 -0.504981 -0.102581
    outer loop
      vertex 2.75391 75.9976 27.4492
      vertex 2.64797 75.8277 27.4005
      vertex 2.64796 78.9899 11.8337
    endloop
  endfacet
  facet normal 0.853141 -0.511257 -0.103758
    outer loop
      vertex 2.75391 79.1667 11.8337
      vertex 2.75391 75.9976 27.4492
      vertex 2.64796 78.9899 11.8337
    endloop
  endfacet
  facet normal 0.941546 -0.324302 -0.09121
    outer loop
      vertex 2.55985 75.6459 27.3588
      vertex 2.49043 75.4621 27.2957
      vertex 2.55985 75.6486 27.3492
    endloop
  endfacet
  facet normal 0.941599 -0.323266 -0.094286
    outer loop
      vertex 2.49043 75.4621 27.2957
      vertex 2.55985 75.6459 27.3588
      vertex 2.49043 75.4593 27.3053
    endloop
  endfacet
  facet normal -0.000937965 0.275928 -0.961178
    outer loop
      vertex 2.55985 75.6459 27.3588
      vertex 2.64797 75.8249 27.4101
      vertex 2.49043 75.4593 27.3053
    endloop
  endfacet
  facet normal 0.970034 -0.233251 -0.0680314
    outer loop
      vertex 2.49043 75.4593 27.3053
      vertex 2.44035 75.2699 27.2406
      vertex 2.49043 75.4621 27.2957
    endloop
  endfacet
  facet normal 0.970006 -0.234001 -0.0658128
    outer loop
      vertex 2.44035 75.2699 27.2406
      vertex 2.49043 75.4593 27.3053
      vertex 2.44035 75.2672 27.2502
    endloop
  endfacet
  facet normal 0.98917 -0.141292 -0.0397385
    outer loop
      vertex 2.44035 75.2699 27.2406
      vertex 2.44035 75.2672 27.2502
      vertex 2.41011 75.074 27.1844
    endloop
  endfacet
  facet normal 0.145927 -0.969715 -0.195854
    outer loop
      vertex 4.29416 76.885 27.7037
      vertex 4.09031 76.856 27.6954
      vertex 4.09031 80.0596 11.8337
    endloop
  endfacet
  facet normal 0.144175 -0.969971 -0.195883
    outer loop
      vertex 4.29416 80.0899 11.8337
      vertex 4.29416 76.885 27.7037
      vertex 4.09031 80.0596 11.8337
    endloop
  endfacet
  facet normal -0.000532596 0.277733 -0.960658
    outer loop
      vertex 4.09031 76.8532 27.705
      vertex 4.29416 76.8823 27.7133
      vertex 3.69637 76.7383 27.672
    endloop
  endfacet
  facet normal 0.426454 -0.886568 -0.179261
    outer loop
      vertex 3.69637 76.7411 27.6624
      vertex 3.51007 76.6564 27.6381
      vertex 3.51007 79.852 11.8337
    endloop
  endfacet
  facet normal 0.000120375 0.275526 -0.961294
    outer loop
      vertex 3.51007 76.6536 27.6477
      vertex 3.69637 76.7383 27.672
      vertex 3.3333 76.5518 27.6185
    endloop
  endfacet
  facet normal 0.0489889 -0.958847 -0.279664
    outer loop
      vertex 4.29416 76.8823 27.7133
      vertex 4.5 76.8948 27.7065
      vertex 4.5 76.892 27.7161
    endloop
  endfacet
  facet normal 0.0494539 -0.961473 -0.270414
    outer loop
      vertex 4.5 76.8948 27.7065
      vertex 4.29416 76.8823 27.7133
      vertex 4.29416 76.885 27.7037
    endloop
  endfacet
  facet normal 0.664156 -0.732731 -0.148335
    outer loop
      vertex 3.16777 79.6233 11.8337
      vertex 3.16777 76.4366 27.5751
      vertex 3.01508 79.4849 11.8337
    endloop
  endfacet
  facet normal 0.803145 -0.595783 0
    outer loop
      vertex 2.75391 79.1667 11.8337
      vertex 2.87668 79.3322 0
      vertex 2.87668 79.3322 11.8337
    endloop
  endfacet
  facet normal 0.803145 -0.595783 0
    outer loop
      vertex 2.87668 79.3322 0
      vertex 2.75391 79.1667 11.8337
      vertex 2.75391 79.1667 0
    endloop
  endfacet
  facet normal 0.740983 -0.646443 -0.181812
    outer loop
      vertex 2.87668 76.1567 27.4949
      vertex 3.01508 76.3008 27.5466
      vertex 2.87668 76.154 27.5045
    endloop
  endfacet
  facet normal -0.0014913 0.276971 -0.960877
    outer loop
      vertex 3.01508 76.3008 27.5466
      vertex 3.16777 76.4338 27.5847
      vertex 2.87668 76.154 27.5045
    endloop
  endfacet
  facet normal 0.900605 -0.425938 -0.0865246
    outer loop
      vertex 2.64796 78.9899 11.8337
      vertex 2.64797 75.8277 27.4005
      vertex 2.55985 78.8036 11.8337
    endloop
  endfacet
  facet normal 0.970022 -0.243015 0
    outer loop
      vertex 2.44035 78.4097 11.8337
      vertex 2.49043 78.6096 0
      vertex 2.49043 78.6096 11.8337
    endloop
  endfacet
  facet normal 0.970022 -0.243015 0
    outer loop
      vertex 2.49043 78.6096 0
      vertex 2.44035 78.4097 11.8337
      vertex 2.44035 78.4097 0
    endloop
  endfacet
  facet normal 0.671585 -0.740927 0
    outer loop
      vertex 3.01508 79.4849 0
      vertex 3.16777 79.6233 11.8337
      vertex 3.01508 79.4849 11.8337
    endloop
  endfacet
  facet normal 0.671585 -0.740927 0
    outer loop
      vertex 3.16777 79.6233 11.8337
      vertex 3.01508 79.4849 0
      vertex 3.16777 79.6233 0
    endloop
  endfacet
  facet normal 0.969859 -0.238759 -0.0486572
    outer loop
      vertex 2.49043 75.4621 27.2957
      vertex 2.44035 75.2699 27.2406
      vertex 2.44035 78.4097 11.8337
    endloop
  endfacet
  facet normal 0.988739 -0.146638 -0.0298836
    outer loop
      vertex 2.44035 78.4097 11.8337
      vertex 2.44035 75.2699 27.2406
      vertex 2.41011 78.2058 11.8337
    endloop
  endfacet
  facet normal -0.00174317 0.275637 -0.96126
    outer loop
      vertex 2.4 74.8734 27.1373
      vertex 2.41011 75.0712 27.194
      vertex 2.4 38.1339 16.6024
    endloop
  endfacet
  facet normal -8.0857e-05 0.275637 -0.961262
    outer loop
      vertex 2.41011 75.0712 27.194
      vertex 2.64797 75.8249 27.4101
      vertex 2.4 38.1339 16.6024
    endloop
  endfacet
  facet normal 0.337227 -0.906262 -0.254886
    outer loop
      vertex 3.69637 76.7383 27.672
      vertex 3.8904 76.8078 27.6816
      vertex 3.8904 76.8051 27.6912
    endloop
  endfacet
  facet normal 0.336817 -0.903907 -0.26364
    outer loop
      vertex 3.8904 76.8078 27.6816
      vertex 3.69637 76.7383 27.672
      vertex 3.69637 76.7411 27.6624
    endloop
  endfacet
  facet normal -0.000401405 0.277318 -0.960778
    outer loop
      vertex 3.8904 76.8051 27.6912
      vertex 4.09031 76.8532 27.705
      vertex 3.69637 76.7383 27.672
    endloop
  endfacet
  facet normal 0.000747063 0.274398 -0.961616
    outer loop
      vertex 3.3333 76.5518 27.6185
      vertex 3.69637 76.7383 27.672
      vertex 3.16777 76.4338 27.5847
    endloop
  endfacet
  facet normal 6.13974e-05 0.275498 -0.961302
    outer loop
      vertex 3.69637 76.7383 27.672
      vertex 4.5 76.892 27.7161
      vertex 3.16777 76.4338 27.5847
    endloop
  endfacet
  facet normal 0.98914 0.146976 0
    outer loop
      vertex 16.4454 16.5931 5
      vertex 16.4317 16.6853 2.7
      vertex 16.4317 16.6853 5
    endloop
  endfacet
  facet normal 0.98914 0.146976 0
    outer loop
      vertex 16.4317 16.6853 2.7
      vertex 16.4454 16.5931 5
      vertex 16.4454 16.5931 2.7
    endloop
  endfacet
  facet normal 0.998782 0.049349 0
    outer loop
      vertex 16.45 16.5 5
      vertex 16.4454 16.5931 2.7
      vertex 16.4454 16.5931 5
    endloop
  endfacet
  facet normal 0.998782 0.049349 0
    outer loop
      vertex 16.4454 16.5931 2.7
      vertex 16.45 16.5 5
      vertex 16.45 16.5 2.7
    endloop
  endfacet
  facet normal 0.970206 0.242283 0
    outer loop
      vertex 16.4317 16.6853 5
      vertex 16.4091 16.7758 2.7
      vertex 16.4091 16.7758 5
    endloop
  endfacet
  facet normal 0.970206 0.242283 0
    outer loop
      vertex 16.4091 16.7758 2.7
      vertex 16.4317 16.6853 5
      vertex 16.4317 16.6853 2.7
    endloop
  endfacet
  facet normal 0.337084 -0.941474 0
    outer loop
      vertex 15.7758 15.5909 2.7
      vertex 15.8635 15.6223 5
      vertex 15.7758 15.5909 5
    endloop
  endfacet
  facet normal 0.337084 -0.941474 0
    outer loop
      vertex 15.8635 15.6223 5
      vertex 15.7758 15.5909 2.7
      vertex 15.8635 15.6223 2.7
    endloop
  endfacet
  facet normal -0.671391 0.741104 0
    outer loop
      vertex 14.8973 17.2344 2.7
      vertex 14.8282 17.1718 5
      vertex 14.8973 17.2344 5
    endloop
  endfacet
  facet normal -0.671391 0.741104 0
    outer loop
      vertex 14.8282 17.1718 5
      vertex 14.8973 17.2344 2.7
      vertex 14.8282 17.1718 2.7
    endloop
  endfacet
  facet normal -0.970206 -0.242283 0
    outer loop
      vertex 14.5909 16.2242 2.7
      vertex 14.5683 16.3147 5
      vertex 14.5683 16.3147 2.7
    endloop
  endfacet
  facet normal -0.970206 -0.242283 0
    outer loop
      vertex 14.5683 16.3147 5
      vertex 14.5909 16.2242 2.7
      vertex 14.5909 16.2242 5
    endloop
  endfacet
  facet normal 0.42781 0.903869 -0
    outer loop
      vertex 15.9478 17.3378 2.7
      vertex 15.8635 17.3777 5
      vertex 15.9478 17.3378 5
    endloop
  endfacet
  facet normal 0.42781 0.903869 0
    outer loop
      vertex 15.8635 17.3777 5
      vertex 15.9478 17.3378 2.7
      vertex 15.8635 17.3777 2.7
    endloop
  endfacet
  facet normal -0.242283 -0.970206 0
    outer loop
      vertex 15.2242 15.5909 2.7
      vertex 15.3147 15.5683 5
      vertex 15.2242 15.5909 5
    endloop
  endfacet
  facet normal -0.242283 -0.970206 -0
    outer loop
      vertex 15.3147 15.5683 5
      vertex 15.2242 15.5909 2.7
      vertex 15.3147 15.5683 2.7
    endloop
  endfacet
  facet normal -0.146976 -0.98914 0
    outer loop
      vertex 15.3147 15.5683 2.7
      vertex 15.4069 15.5546 5
      vertex 15.3147 15.5683 5
    endloop
  endfacet
  facet normal -0.146976 -0.98914 -0
    outer loop
      vertex 15.4069 15.5546 5
      vertex 15.3147 15.5683 2.7
      vertex 15.4069 15.5546 2.7
    endloop
  endfacet
  facet normal 0.242283 0.970206 -0
    outer loop
      vertex 15.7758 17.4091 2.7
      vertex 15.6853 17.4317 5
      vertex 15.7758 17.4091 5
    endloop
  endfacet
  facet normal 0.242283 0.970206 0
    outer loop
      vertex 15.6853 17.4317 5
      vertex 15.7758 17.4091 2.7
      vertex 15.6853 17.4317 2.7
    endloop
  endfacet
  facet normal -0.741104 0.671391 0
    outer loop
      vertex 14.7656 17.1027 2.7
      vertex 14.8282 17.1718 5
      vertex 14.8282 17.1718 2.7
    endloop
  endfacet
  facet normal -0.741104 0.671391 0
    outer loop
      vertex 14.8282 17.1718 5
      vertex 14.7656 17.1027 2.7
      vertex 14.7656 17.1027 5
    endloop
  endfacet
  facet normal 0 0 -1
    outer loop
      vertex 16.4402 16.4979 2.7
      vertex 16.45 16.5 2.7
      vertex 16.4454 16.4069 2.7
    endloop
  endfacet
  facet normal 0 0 -1
    outer loop
      vertex 16.4402 16.5021 2.7
      vertex 16.45 16.5 2.7
      vertex 16.4403 16.5 2.7
    endloop
  endfacet
  facet normal -0 0 -1
    outer loop
      vertex 16.45 16.5 2.7
      vertex 16.4402 16.4979 2.7
      vertex 16.4403 16.5 2.7
    endloop
  endfacet
  facet normal 0 0 -1
    outer loop
      vertex 16.4454 16.4069 2.7
      vertex 16.4358 16.4078 2.7
      vertex 16.4402 16.4979 2.7
    endloop
  endfacet
  facet normal -0 0 -1
    outer loop
      vertex 16.4454 16.4069 2.7
      vertex 16.4355 16.4058 2.7
      vertex 16.4358 16.4078 2.7
    endloop
  endfacet
  facet normal 0 0 -1
    outer loop
      vertex 16.4317 16.3147 2.7
      vertex 16.4355 16.4058 2.7
      vertex 16.4454 16.4069 2.7
    endloop
  endfacet
  facet normal 0 0 -1
    outer loop
      vertex 16.4317 16.3147 2.7
      vertex 16.4223 16.3166 2.7
      vertex 16.4355 16.4058 2.7
    endloop
  endfacet
  facet normal 0 0 -1
    outer loop
      vertex 16.4003 16.229 2.7
      vertex 16.4317 16.3147 2.7
      vertex 16.4091 16.2242 2.7
    endloop
  endfacet
  facet normal -0 0 -1
    outer loop
      vertex 16.4317 16.3147 2.7
      vertex 16.4003 16.229 2.7
      vertex 16.4223 16.3166 2.7
    endloop
  endfacet
  facet normal 0 0 -1
    outer loop
      vertex 16.4091 16.2242 2.7
      vertex 16.3998 16.227 2.7
      vertex 16.4003 16.229 2.7
    endloop
  endfacet
  facet normal 0 0 -1
    outer loop
      vertex 16.3694 16.1421 2.7
      vertex 16.4091 16.2242 2.7
      vertex 16.3777 16.1365 2.7
    endloop
  endfacet
  facet normal -0 0 -1
    outer loop
      vertex 16.4091 16.2242 2.7
      vertex 16.3694 16.1421 2.7
      vertex 16.3998 16.227 2.7
    endloop
  endfacet
  facet normal 0 0 -1
    outer loop
      vertex 16.3777 16.1365 2.7
      vertex 16.3687 16.1402 2.7
      vertex 16.3694 16.1421 2.7
    endloop
  endfacet
  facet normal 0 0 -1
    outer loop
      vertex 16.3302 16.0586 2.7
      vertex 16.3777 16.1365 2.7
      vertex 16.3378 16.0522 2.7
    endloop
  endfacet
  facet normal -0 0 -1
    outer loop
      vertex 16.3777 16.1365 2.7
      vertex 16.3302 16.0586 2.7
      vertex 16.3687 16.1402 2.7
    endloop
  endfacet
  facet normal 0 0 -1
    outer loop
      vertex 16.3378 16.0522 2.7
      vertex 16.3293 16.0567 2.7
      vertex 16.3302 16.0586 2.7
    endloop
  endfacet
  facet normal 0 0 -1
    outer loop
      vertex 16.3378 16.0522 2.7
      vertex 16.3282 16.055 2.7
      vertex 16.3293 16.0567 2.7
    endloop
  endfacet
  facet normal 0 0 -1
    outer loop
      vertex 16.2899 15.9722 2.7
      vertex 16.3282 16.055 2.7
      vertex 16.3378 16.0522 2.7
    endloop
  endfacet
  facet normal 0 0 -1
    outer loop
      vertex 16.2899 15.9722 2.7
      vertex 16.2818 15.9776 2.7
      vertex 16.3282 16.055 2.7
    endloop
  endfacet
  facet normal 0 0 -1
    outer loop
      vertex 16.2899 15.9722 2.7
      vertex 16.2806 15.9759 2.7
      vertex 16.2818 15.9776 2.7
    endloop
  endfacet
  facet normal 0 0 -1
    outer loop
      vertex 16.2344 15.8973 2.7
      vertex 16.2806 15.9759 2.7
      vertex 16.2899 15.9722 2.7
    endloop
  endfacet
  facet normal 0 0 -1
    outer loop
      vertex 16.2344 15.8973 2.7
      vertex 16.2269 15.9035 2.7
      vertex 16.2806 15.9759 2.7
    endloop
  endfacet
  facet normal 0 0 -1
    outer loop
      vertex 16.1663 15.8366 2.7
      vertex 16.2344 15.8973 2.7
      vertex 16.1718 15.8282 2.7
    endloop
  endfacet
  facet normal -0 0 -1
    outer loop
      vertex 16.2344 15.8973 2.7
      vertex 16.1663 15.8366 2.7
      vertex 16.2269 15.9035 2.7
    endloop
  endfacet
  facet normal 0 0 -1
    outer loop
      vertex 16.1718 15.8282 2.7
      vertex 16.1649 15.8351 2.7
      vertex 16.1663 15.8366 2.7
    endloop
  endfacet
  facet normal 0 0 -1
    outer loop
      vertex 16.1718 15.8282 2.7
      vertex 16.1634 15.8337 2.7
      vertex 16.1649 15.8351 2.7
    endloop
  endfacet
  facet normal 0 0 -1
    outer loop
      vertex 16.1027 15.7656 2.7
      vertex 16.1634 15.8337 2.7
      vertex 16.1718 15.8282 2.7
    endloop
  endfacet
  facet normal 0 0 -1
    outer loop
      vertex 16.1027 15.7656 2.7
      vertex 16.0965 15.7731 2.7
      vertex 16.1634 15.8337 2.7
    endloop
  endfacet
  facet normal 0 0 -1
    outer loop
      vertex 16.0241 15.7194 2.7
      vertex 16.1027 15.7656 2.7
      vertex 16.0278 15.7101 2.7
    endloop
  endfacet
  facet normal -0 0 -1
    outer loop
      vertex 16.1027 15.7656 2.7
      vertex 16.0241 15.7194 2.7
      vertex 16.0965 15.7731 2.7
    endloop
  endfacet
  facet normal 0 0 -1
    outer loop
      vertex 16.0278 15.7101 2.7
      vertex 16.0224 15.7182 2.7
      vertex 16.0241 15.7194 2.7
    endloop
  endfacet
  facet normal 0 0 -1
    outer loop
      vertex 15.945 15.6718 2.7
      vertex 16.0278 15.7101 2.7
      vertex 15.9478 15.6622 2.7
    endloop
  endfacet
  facet normal -0 0 -1
    outer loop
      vertex 16.0278 15.7101 2.7
      vertex 15.945 15.6718 2.7
      vertex 16.0224 15.7182 2.7
    endloop
  endfacet
  facet normal 0 0 -1
    outer loop
      vertex 15.9478 15.6622 2.7
      vertex 15.9433 15.6707 2.7
      vertex 15.945 15.6718 2.7
    endloop
  endfacet
  facet normal 0 0 -1
    outer loop
      vertex 15.9478 15.6622 2.7
      vertex 15.9414 15.6698 2.7
      vertex 15.9433 15.6707 2.7
    endloop
  endfacet
  facet normal 0 0 -1
    outer loop
      vertex 15.8635 15.6223 2.7
      vertex 15.9414 15.6698 2.7
      vertex 15.9478 15.6622 2.7
    endloop
  endfacet
  facet normal 0 0 -1
    outer loop
      vertex 15.8635 15.6223 2.7
      vertex 15.8598 15.6313 2.7
      vertex 15.9414 15.6698 2.7
    endloop
  endfacet
  facet normal 0 0 -1
    outer loop
      vertex 15.8635 15.6223 2.7
      vertex 15.8579 15.6306 2.7
      vertex 15.8598 15.6313 2.7
    endloop
  endfacet
  facet normal 0 0 -1
    outer loop
      vertex 15.7758 15.5909 2.7
      vertex 15.8579 15.6306 2.7
      vertex 15.8635 15.6223 2.7
    endloop
  endfacet
  facet normal 0 0 -1
    outer loop
      vertex 15.7758 15.5909 2.7
      vertex 15.773 15.6002 2.7
      vertex 15.8579 15.6306 2.7
    endloop
  endfacet
  facet normal 0 0 -1
    outer loop
      vertex 15.7758 15.5909 2.7
      vertex 15.771 15.5997 2.7
      vertex 15.773 15.6002 2.7
    endloop
  endfacet
  facet normal 0 0 -1
    outer loop
      vertex 15.6853 15.5683 2.7
      vertex 15.771 15.5997 2.7
      vertex 15.7758 15.5909 2.7
    endloop
  endfacet
  facet normal 0 0 -1
    outer loop
      vertex 15.6853 15.5683 2.7
      vertex 15.6834 15.5777 2.7
      vertex 15.771 15.5997 2.7
    endloop
  endfacet
  facet normal -0 0 -1
    outer loop
      vertex 15.6853 15.5683 2.7
      vertex 15.5942 15.5645 2.7
      vertex 15.6834 15.5777 2.7
    endloop
  endfacet
  facet normal 0 0 -1
    outer loop
      vertex 15.5931 15.5546 2.7
      vertex 15.5942 15.5645 2.7
      vertex 15.6853 15.5683 2.7
    endloop
  endfacet
  facet normal 0 0 -1
    outer loop
      vertex 15.5931 15.5546 2.7
      vertex 15.5922 15.5642 2.7
      vertex 15.5942 15.5645 2.7
    endloop
  endfacet
  facet normal 0 0 -1
    outer loop
      vertex 15.5931 15.5546 2.7
      vertex 15.5021 15.5598 2.7
      vertex 15.5922 15.5642 2.7
    endloop
  endfacet
  facet normal 0 0 -1
    outer loop
      vertex 15.5 15.55 2.7
      vertex 15.5021 15.5598 2.7
      vertex 15.5931 15.5546 2.7
    endloop
  endfacet
  facet normal 0 0 -1
    outer loop
      vertex 15.5 15.55 2.7
      vertex 15.5 15.5597 2.7
      vertex 15.5021 15.5598 2.7
    endloop
  endfacet
  facet normal 0 0 -1
    outer loop
      vertex 15.5 15.55 2.7
      vertex 15.4979 15.5598 2.7
      vertex 15.5 15.5597 2.7
    endloop
  endfacet
  facet normal 0 0 -1
    outer loop
      vertex 15.4069 15.5546 2.7
      vertex 15.4979 15.5598 2.7
      vertex 15.5 15.55 2.7
    endloop
  endfacet
  facet normal -0 0 -1
    outer loop
      vertex 15.4979 15.5598 2.7
      vertex 15.4069 15.5546 2.7
      vertex 15.4078 15.5642 2.7
    endloop
  endfacet
  facet normal 0 0 -1
    outer loop
      vertex 15.4069 15.5546 2.7
      vertex 15.4058 15.5645 2.7
      vertex 15.4078 15.5642 2.7
    endloop
  endfacet
  facet normal 0 0 -1
    outer loop
      vertex 15.3147 15.5683 2.7
      vertex 15.4058 15.5645 2.7
      vertex 15.4069 15.5546 2.7
    endloop
  endfacet
  facet normal 0 0 -1
    outer loop
      vertex 15.4058 15.5645 2.7
      vertex 15.3147 15.5683 2.7
      vertex 15.3166 15.5777 2.7
    endloop
  endfacet
  facet normal 0 0 -1
    outer loop
      vertex 15.3147 15.5683 2.7
      vertex 15.229 15.5997 2.7
      vertex 15.3166 15.5777 2.7
    endloop
  endfacet
  facet normal 0 0 -1
    outer loop
      vertex 15.2242 15.5909 2.7
      vertex 15.229 15.5997 2.7
      vertex 15.3147 15.5683 2.7
    endloop
  endfacet
  facet normal -0 0 -1
    outer loop
      vertex 15.229 15.5997 2.7
      vertex 15.2242 15.5909 2.7
      vertex 15.227 15.6002 2.7
    endloop
  endfacet
  facet normal 0 0 -1
    outer loop
      vertex 15.2242 15.5909 2.7
      vertex 15.1421 15.6306 2.7
      vertex 15.227 15.6002 2.7
    endloop
  endfacet
  facet normal 0 0 -1
    outer loop
      vertex 15.1365 15.6223 2.7
      vertex 15.1421 15.6306 2.7
      vertex 15.2242 15.5909 2.7
    endloop
  endfacet
  facet normal -0 0 -1
    outer loop
      vertex 15.1421 15.6306 2.7
      vertex 15.1365 15.6223 2.7
      vertex 15.1402 15.6313 2.7
    endloop
  endfacet
  facet normal 0 0 -1
    outer loop
      vertex 15.1365 15.6223 2.7
      vertex 15.0586 15.6698 2.7
      vertex 15.1402 15.6313 2.7
    endloop
  endfacet
  facet normal 0 0 -1
    outer loop
      vertex 15.0522 15.6622 2.7
      vertex 15.0586 15.6698 2.7
      vertex 15.1365 15.6223 2.7
    endloop
  endfacet
  facet normal -0 0 -1
    outer loop
      vertex 15.0586 15.6698 2.7
      vertex 15.0522 15.6622 2.7
      vertex 15.0567 15.6707 2.7
    endloop
  endfacet
  facet normal -0 0 -1
    outer loop
      vertex 15.0567 15.6707 2.7
      vertex 15.0522 15.6622 2.7
      vertex 15.055 15.6718 2.7
    endloop
  endfacet
  facet normal 0 0 -1
    outer loop
      vertex 14.9722 15.7101 2.7
      vertex 15.055 15.6718 2.7
      vertex 15.0522 15.6622 2.7
    endloop
  endfacet
  facet normal 0 0 -1
    outer loop
      vertex 15.055 15.6718 2.7
      vertex 14.9722 15.7101 2.7
      vertex 14.9776 15.7182 2.7
    endloop
  endfacet
  facet normal -0 0 -1
    outer loop
      vertex 14.9776 15.7182 2.7
      vertex 14.9722 15.7101 2.7
      vertex 14.9759 15.7194 2.7
    endloop
  endfacet
  facet normal 0 0 -1
    outer loop
      vertex 14.8973 15.7656 2.7
      vertex 14.9759 15.7194 2.7
      vertex 14.9722 15.7101 2.7
    endloop
  endfacet
  facet normal 0 0 -1
    outer loop
      vertex 14.9759 15.7194 2.7
      vertex 14.8973 15.7656 2.7
      vertex 14.9035 15.7731 2.7
    endloop
  endfacet
  facet normal 0 0 -1
    outer loop
      vertex 14.8973 15.7656 2.7
      vertex 14.8366 15.8337 2.7
      vertex 14.9035 15.7731 2.7
    endloop
  endfacet
  facet normal 0 0 -1
    outer loop
      vertex 14.8282 15.8282 2.7
      vertex 14.8366 15.8337 2.7
      vertex 14.8973 15.7656 2.7
    endloop
  endfacet
  facet normal -0 0 -1
    outer loop
      vertex 14.8366 15.8337 2.7
      vertex 14.8282 15.8282 2.7
      vertex 14.8351 15.8351 2.7
    endloop
  endfacet
  facet normal -0 0 -1
    outer loop
      vertex 14.8351 15.8351 2.7
      vertex 14.8282 15.8282 2.7
      vertex 14.8337 15.8366 2.7
    endloop
  endfacet
  facet normal 0 0 -1
    outer loop
      vertex 14.7656 15.8973 2.7
      vertex 14.8337 15.8366 2.7
      vertex 14.8282 15.8282 2.7
    endloop
  endfacet
  facet normal 0 0 -1
    outer loop
      vertex 14.8337 15.8366 2.7
      vertex 14.7656 15.8973 2.7
      vertex 14.7731 15.9035 2.7
    endloop
  endfacet
  facet normal 0 0 -1
    outer loop
      vertex 14.7656 15.8973 2.7
      vertex 14.7194 15.9759 2.7
      vertex 14.7731 15.9035 2.7
    endloop
  endfacet
  facet normal 0 0 -1
    outer loop
      vertex 14.7101 15.9722 2.7
      vertex 14.7194 15.9759 2.7
      vertex 14.7656 15.8973 2.7
    endloop
  endfacet
  facet normal -0 0 -1
    outer loop
      vertex 14.7194 15.9759 2.7
      vertex 14.7101 15.9722 2.7
      vertex 14.7182 15.9776 2.7
    endloop
  endfacet
  facet normal 0 0 -1
    outer loop
      vertex 14.7101 15.9722 2.7
      vertex 14.6718 16.055 2.7
      vertex 14.7182 15.9776 2.7
    endloop
  endfacet
  facet normal 0 0 -1
    outer loop
      vertex 14.6622 16.0522 2.7
      vertex 14.6718 16.055 2.7
      vertex 14.7101 15.9722 2.7
    endloop
  endfacet
  facet normal -0 0 -1
    outer loop
      vertex 14.6718 16.055 2.7
      vertex 14.6622 16.0522 2.7
      vertex 14.6707 16.0567 2.7
    endloop
  endfacet
  facet normal -0 0 -1
    outer loop
      vertex 14.6707 16.0567 2.7
      vertex 14.6622 16.0522 2.7
      vertex 14.6698 16.0586 2.7
    endloop
  endfacet
  facet normal 0 0 -1
    outer loop
      vertex 14.6223 16.1365 2.7
      vertex 14.6698 16.0586 2.7
      vertex 14.6622 16.0522 2.7
    endloop
  endfacet
  facet normal 0 0 -1
    outer loop
      vertex 14.6698 16.0586 2.7
      vertex 14.6223 16.1365 2.7
      vertex 14.6313 16.1402 2.7
    endloop
  endfacet
  facet normal -0 0 -1
    outer loop
      vertex 14.6313 16.1402 2.7
      vertex 14.6223 16.1365 2.7
      vertex 14.6306 16.1421 2.7
    endloop
  endfacet
  facet normal 0 0 -1
    outer loop
      vertex 14.5909 16.2242 2.7
      vertex 14.6306 16.1421 2.7
      vertex 14.6223 16.1365 2.7
    endloop
  endfacet
  facet normal 0 0 -1
    outer loop
      vertex 14.6306 16.1421 2.7
      vertex 14.5909 16.2242 2.7
      vertex 14.6002 16.227 2.7
    endloop
  endfacet
  facet normal -0 0 -1
    outer loop
      vertex 14.6002 16.227 2.7
      vertex 14.5909 16.2242 2.7
      vertex 14.5997 16.229 2.7
    endloop
  endfacet
  facet normal 0 0 -1
    outer loop
      vertex 14.5683 16.3147 2.7
      vertex 14.5997 16.229 2.7
      vertex 14.5909 16.2242 2.7
    endloop
  endfacet
  facet normal 0 0 -1
    outer loop
      vertex 14.5997 16.229 2.7
      vertex 14.5683 16.3147 2.7
      vertex 14.5777 16.3166 2.7
    endloop
  endfacet
  facet normal 0 0 -1
    outer loop
      vertex 14.5683 16.3147 2.7
      vertex 14.5645 16.4058 2.7
      vertex 14.5777 16.3166 2.7
    endloop
  endfacet
  facet normal 0 0 -1
    outer loop
      vertex 14.5546 16.4069 2.7
      vertex 14.5645 16.4058 2.7
      vertex 14.5683 16.3147 2.7
    endloop
  endfacet
  facet normal 0 0 -1
    outer loop
      vertex 14.5645 16.4058 2.7
      vertex 14.5546 16.4069 2.7
      vertex 14.5642 16.4078 2.7
    endloop
  endfacet
  facet normal -0 0 -1
    outer loop
      vertex 14.5642 16.4078 2.7
      vertex 14.5546 16.4069 2.7
      vertex 14.5598 16.4979 2.7
    endloop
  endfacet
  facet normal 0 0 -1
    outer loop
      vertex 14.55 16.5 2.7
      vertex 14.5598 16.4979 2.7
      vertex 14.5546 16.4069 2.7
    endloop
  endfacet
  facet normal 0 0 -1
    outer loop
      vertex 16.45 16.5 2.7
      vertex 16.4402 16.5021 2.7
      vertex 16.4454 16.5931 2.7
    endloop
  endfacet
  facet normal 0 0 -1
    outer loop
      vertex 16.4358 16.5922 2.7
      vertex 16.4454 16.5931 2.7
      vertex 16.4402 16.5021 2.7
    endloop
  endfacet
  facet normal 0 0 -1
    outer loop
      vertex 16.4355 16.5942 2.7
      vertex 16.4454 16.5931 2.7
      vertex 16.4358 16.5922 2.7
    endloop
  endfacet
  facet normal 0 0 -1
    outer loop
      vertex 16.4355 16.5942 2.7
      vertex 16.4317 16.6853 2.7
      vertex 16.4454 16.5931 2.7
    endloop
  endfacet
  facet normal 0 0 -1
    outer loop
      vertex 16.4223 16.6834 2.7
      vertex 16.4317 16.6853 2.7
      vertex 16.4355 16.5942 2.7
    endloop
  endfacet
  facet normal 0 0 -1
    outer loop
      vertex 16.4003 16.771 2.7
      vertex 16.4317 16.6853 2.7
      vertex 16.4223 16.6834 2.7
    endloop
  endfacet
  facet normal 0 0 -1
    outer loop
      vertex 16.4317 16.6853 2.7
      vertex 16.4003 16.771 2.7
      vertex 16.4091 16.7758 2.7
    endloop
  endfacet
  facet normal 0 0 -1
    outer loop
      vertex 16.3998 16.773 2.7
      vertex 16.4091 16.7758 2.7
      vertex 16.4003 16.771 2.7
    endloop
  endfacet
  facet normal 0 0 -1
    outer loop
      vertex 16.3694 16.8579 2.7
      vertex 16.4091 16.7758 2.7
      vertex 16.3998 16.773 2.7
    endloop
  endfacet
  facet normal 0 0 -1
    outer loop
      vertex 16.4091 16.7758 2.7
      vertex 16.3694 16.8579 2.7
      vertex 16.3777 16.8635 2.7
    endloop
  endfacet
  facet normal 0 0 -1
    outer loop
      vertex 16.3687 16.8598 2.7
      vertex 16.3777 16.8635 2.7
      vertex 16.3694 16.8579 2.7
    endloop
  endfacet
  facet normal 0 0 -1
    outer loop
      vertex 16.3302 16.9414 2.7
      vertex 16.3777 16.8635 2.7
      vertex 16.3687 16.8598 2.7
    endloop
  endfacet
  facet normal 0 0 -1
    outer loop
      vertex 16.3777 16.8635 2.7
      vertex 16.3302 16.9414 2.7
      vertex 16.3378 16.9478 2.7
    endloop
  endfacet
  facet normal 0 0 -1
    outer loop
      vertex 16.3293 16.9433 2.7
      vertex 16.3378 16.9478 2.7
      vertex 16.3302 16.9414 2.7
    endloop
  endfacet
  facet normal 0 0 -1
    outer loop
      vertex 16.3282 16.945 2.7
      vertex 16.3378 16.9478 2.7
      vertex 16.3293 16.9433 2.7
    endloop
  endfacet
  facet normal 0 0 -1
    outer loop
      vertex 16.3282 16.945 2.7
      vertex 16.2899 17.0278 2.7
      vertex 16.3378 16.9478 2.7
    endloop
  endfacet
  facet normal 0 0 -1
    outer loop
      vertex 16.2818 17.0224 2.7
      vertex 16.2899 17.0278 2.7
      vertex 16.3282 16.945 2.7
    endloop
  endfacet
  facet normal 0 0 -1
    outer loop
      vertex 16.2806 17.0241 2.7
      vertex 16.2899 17.0278 2.7
      vertex 16.2818 17.0224 2.7
    endloop
  endfacet
  facet normal 0 0 -1
    outer loop
      vertex 16.2806 17.0241 2.7
      vertex 16.2344 17.1027 2.7
      vertex 16.2899 17.0278 2.7
    endloop
  endfacet
  facet normal 0 0 -1
    outer loop
      vertex 16.2269 17.0965 2.7
      vertex 16.2344 17.1027 2.7
      vertex 16.2806 17.0241 2.7
    endloop
  endfacet
  facet normal 0 0 -1
    outer loop
      vertex 16.1663 17.1634 2.7
      vertex 16.2344 17.1027 2.7
      vertex 16.2269 17.0965 2.7
    endloop
  endfacet
  facet normal 0 0 -1
    outer loop
      vertex 16.2344 17.1027 2.7
      vertex 16.1663 17.1634 2.7
      vertex 16.1718 17.1718 2.7
    endloop
  endfacet
  facet normal 0 0 -1
    outer loop
      vertex 16.1649 17.1649 2.7
      vertex 16.1718 17.1718 2.7
      vertex 16.1663 17.1634 2.7
    endloop
  endfacet
  facet normal 0 0 -1
    outer loop
      vertex 16.1634 17.1663 2.7
      vertex 16.1718 17.1718 2.7
      vertex 16.1649 17.1649 2.7
    endloop
  endfacet
  facet normal 0 0 -1
    outer loop
      vertex 16.1634 17.1663 2.7
      vertex 16.1027 17.2344 2.7
      vertex 16.1718 17.1718 2.7
    endloop
  endfacet
  facet normal 0 0 -1
    outer loop
      vertex 16.0965 17.2269 2.7
      vertex 16.1027 17.2344 2.7
      vertex 16.1634 17.1663 2.7
    endloop
  endfacet
  facet normal 0 0 -1
    outer loop
      vertex 16.0241 17.2806 2.7
      vertex 16.1027 17.2344 2.7
      vertex 16.0965 17.2269 2.7
    endloop
  endfacet
  facet normal 0 0 -1
    outer loop
      vertex 16.1027 17.2344 2.7
      vertex 16.0241 17.2806 2.7
      vertex 16.0278 17.2899 2.7
    endloop
  endfacet
  facet normal 0 0 -1
    outer loop
      vertex 16.0224 17.2818 2.7
      vertex 16.0278 17.2899 2.7
      vertex 16.0241 17.2806 2.7
    endloop
  endfacet
  facet normal 0 0 -1
    outer loop
      vertex 15.945 17.3282 2.7
      vertex 16.0278 17.2899 2.7
      vertex 16.0224 17.2818 2.7
    endloop
  endfacet
  facet normal 0 0 -1
    outer loop
      vertex 16.0278 17.2899 2.7
      vertex 15.945 17.3282 2.7
      vertex 15.9478 17.3378 2.7
    endloop
  endfacet
  facet normal 0 0 -1
    outer loop
      vertex 15.9433 17.3293 2.7
      vertex 15.9478 17.3378 2.7
      vertex 15.945 17.3282 2.7
    endloop
  endfacet
  facet normal 0 0 -1
    outer loop
      vertex 15.9414 17.3302 2.7
      vertex 15.9478 17.3378 2.7
      vertex 15.9433 17.3293 2.7
    endloop
  endfacet
  facet normal 0 0 -1
    outer loop
      vertex 15.9414 17.3302 2.7
      vertex 15.8635 17.3777 2.7
      vertex 15.9478 17.3378 2.7
    endloop
  endfacet
  facet normal 0 0 -1
    outer loop
      vertex 15.8598 17.3687 2.7
      vertex 15.8635 17.3777 2.7
      vertex 15.9414 17.3302 2.7
    endloop
  endfacet
  facet normal 0 0 -1
    outer loop
      vertex 15.8579 17.3694 2.7
      vertex 15.8635 17.3777 2.7
      vertex 15.8598 17.3687 2.7
    endloop
  endfacet
  facet normal 0 0 -1
    outer loop
      vertex 15.8579 17.3694 2.7
      vertex 15.7758 17.4091 2.7
      vertex 15.8635 17.3777 2.7
    endloop
  endfacet
  facet normal 0 0 -1
    outer loop
      vertex 15.773 17.3998 2.7
      vertex 15.7758 17.4091 2.7
      vertex 15.8579 17.3694 2.7
    endloop
  endfacet
  facet normal 0 0 -1
    outer loop
      vertex 15.771 17.4003 2.7
      vertex 15.7758 17.4091 2.7
      vertex 15.773 17.3998 2.7
    endloop
  endfacet
  facet normal 0 0 -1
    outer loop
      vertex 15.771 17.4003 2.7
      vertex 15.6853 17.4317 2.7
      vertex 15.7758 17.4091 2.7
    endloop
  endfacet
  facet normal 0 0 -1
    outer loop
      vertex 15.6834 17.4223 2.7
      vertex 15.6853 17.4317 2.7
      vertex 15.771 17.4003 2.7
    endloop
  endfacet
  facet normal 0 0 -1
    outer loop
      vertex 15.5942 17.4355 2.7
      vertex 15.6853 17.4317 2.7
      vertex 15.6834 17.4223 2.7
    endloop
  endfacet
  facet normal 0 0 -1
    outer loop
      vertex 15.5942 17.4355 2.7
      vertex 15.5931 17.4454 2.7
      vertex 15.6853 17.4317 2.7
    endloop
  endfacet
  facet normal 0 0 -1
    outer loop
      vertex 15.5922 17.4358 2.7
      vertex 15.5931 17.4454 2.7
      vertex 15.5942 17.4355 2.7
    endloop
  endfacet
  facet normal 0 0 -1
    outer loop
      vertex 15.5021 17.4402 2.7
      vertex 15.5931 17.4454 2.7
      vertex 15.5922 17.4358 2.7
    endloop
  endfacet
  facet normal 0 0 -1
    outer loop
      vertex 15.5 17.45 2.7
      vertex 15.5021 17.4402 2.7
      vertex 15.5 17.4403 2.7
    endloop
  endfacet
  facet normal 0 0 -1
    outer loop
      vertex 15.5021 17.4402 2.7
      vertex 15.5 17.45 2.7
      vertex 15.5931 17.4454 2.7
    endloop
  endfacet
  facet normal 0 0 -1
    outer loop
      vertex 15.4979 17.4402 2.7
      vertex 15.5 17.45 2.7
      vertex 15.5 17.4403 2.7
    endloop
  endfacet
  facet normal 0 0 -1
    outer loop
      vertex 15.4069 17.4454 2.7
      vertex 15.4979 17.4402 2.7
      vertex 15.4078 17.4358 2.7
    endloop
  endfacet
  facet normal 0 0 -1
    outer loop
      vertex 15.4979 17.4402 2.7
      vertex 15.4069 17.4454 2.7
      vertex 15.5 17.45 2.7
    endloop
  endfacet
  facet normal 0 0 -1
    outer loop
      vertex 15.4058 17.4355 2.7
      vertex 15.4069 17.4454 2.7
      vertex 15.4078 17.4358 2.7
    endloop
  endfacet
  facet normal 0 0 -1
    outer loop
      vertex 15.3147 17.4317 2.7
      vertex 15.4058 17.4355 2.7
      vertex 15.3166 17.4223 2.7
    endloop
  endfacet
  facet normal -0 0 -1
    outer loop
      vertex 15.4058 17.4355 2.7
      vertex 15.3147 17.4317 2.7
      vertex 15.4069 17.4454 2.7
    endloop
  endfacet
  facet normal 0 0 -1
    outer loop
      vertex 15.229 17.4003 2.7
      vertex 15.3147 17.4317 2.7
      vertex 15.3166 17.4223 2.7
    endloop
  endfacet
  facet normal 0 0 -1
    outer loop
      vertex 15.2242 17.4091 2.7
      vertex 15.229 17.4003 2.7
      vertex 15.227 17.3998 2.7
    endloop
  endfacet
  facet normal 0 0 -1
    outer loop
      vertex 15.229 17.4003 2.7
      vertex 15.2242 17.4091 2.7
      vertex 15.3147 17.4317 2.7
    endloop
  endfacet
  facet normal 0 0 -1
    outer loop
      vertex 15.1421 17.3694 2.7
      vertex 15.2242 17.4091 2.7
      vertex 15.227 17.3998 2.7
    endloop
  endfacet
  facet normal 0 0 -1
    outer loop
      vertex 15.1365 17.3777 2.7
      vertex 15.1421 17.3694 2.7
      vertex 15.1402 17.3687 2.7
    endloop
  endfacet
  facet normal 0 0 -1
    outer loop
      vertex 15.1421 17.3694 2.7
      vertex 15.1365 17.3777 2.7
      vertex 15.2242 17.4091 2.7
    endloop
  endfacet
  facet normal 0 0 -1
    outer loop
      vertex 15.0586 17.3302 2.7
      vertex 15.1365 17.3777 2.7
      vertex 15.1402 17.3687 2.7
    endloop
  endfacet
  facet normal 0 0 -1
    outer loop
      vertex 15.0522 17.3378 2.7
      vertex 15.0586 17.3302 2.7
      vertex 15.0567 17.3293 2.7
    endloop
  endfacet
  facet normal 0 0 -1
    outer loop
      vertex 15.0522 17.3378 2.7
      vertex 15.0567 17.3293 2.7
      vertex 15.055 17.3282 2.7
    endloop
  endfacet
  facet normal 0 0 -1
    outer loop
      vertex 15.0586 17.3302 2.7
      vertex 15.0522 17.3378 2.7
      vertex 15.1365 17.3777 2.7
    endloop
  endfacet
  facet normal 0 0 -1
    outer loop
      vertex 14.9722 17.2899 2.7
      vertex 15.055 17.3282 2.7
      vertex 14.9776 17.2818 2.7
    endloop
  endfacet
  facet normal 0 0 -1
    outer loop
      vertex 14.9722 17.2899 2.7
      vertex 14.9776 17.2818 2.7
      vertex 14.9759 17.2806 2.7
    endloop
  endfacet
  facet normal -0 0 -1
    outer loop
      vertex 15.055 17.3282 2.7
      vertex 14.9722 17.2899 2.7
      vertex 15.0522 17.3378 2.7
    endloop
  endfacet
  facet normal 0 0 -1
    outer loop
      vertex 14.8973 17.2344 2.7
      vertex 14.9759 17.2806 2.7
      vertex 14.9035 17.2269 2.7
    endloop
  endfacet
  facet normal -0 0 -1
    outer loop
      vertex 14.9759 17.2806 2.7
      vertex 14.8973 17.2344 2.7
      vertex 14.9722 17.2899 2.7
    endloop
  endfacet
  facet normal 0 0 -1
    outer loop
      vertex 14.8366 17.1663 2.7
      vertex 14.8973 17.2344 2.7
      vertex 14.9035 17.2269 2.7
    endloop
  endfacet
  facet normal 0 0 -1
    outer loop
      vertex 14.8282 17.1718 2.7
      vertex 14.8366 17.1663 2.7
      vertex 14.8351 17.1649 2.7
    endloop
  endfacet
  facet normal 0 0 -1
    outer loop
      vertex 14.8282 17.1718 2.7
      vertex 14.8351 17.1649 2.7
      vertex 14.8337 17.1634 2.7
    endloop
  endfacet
  facet normal 0 0 -1
    outer loop
      vertex 14.8366 17.1663 2.7
      vertex 14.8282 17.1718 2.7
      vertex 14.8973 17.2344 2.7
    endloop
  endfacet
  facet normal 0 0 -1
    outer loop
      vertex 14.7656 17.1027 2.7
      vertex 14.8337 17.1634 2.7
      vertex 14.7731 17.0965 2.7
    endloop
  endfacet
  facet normal -0 0 -1
    outer loop
      vertex 14.8337 17.1634 2.7
      vertex 14.7656 17.1027 2.7
      vertex 14.8282 17.1718 2.7
    endloop
  endfacet
  facet normal 0 0 -1
    outer loop
      vertex 14.7194 17.0241 2.7
      vertex 14.7656 17.1027 2.7
      vertex 14.7731 17.0965 2.7
    endloop
  endfacet
  facet normal 0 0 -1
    outer loop
      vertex 14.7101 17.0278 2.7
      vertex 14.7194 17.0241 2.7
      vertex 14.7182 17.0224 2.7
    endloop
  endfacet
  facet normal 0 0 -1
    outer loop
      vertex 14.7194 17.0241 2.7
      vertex 14.7101 17.0278 2.7
      vertex 14.7656 17.1027 2.7
    endloop
  endfacet
  facet normal 0 0 -1
    outer loop
      vertex 14.6718 16.945 2.7
      vertex 14.7101 17.0278 2.7
      vertex 14.7182 17.0224 2.7
    endloop
  endfacet
  facet normal 0 0 -1
    outer loop
      vertex 14.6622 16.9478 2.7
      vertex 14.6718 16.945 2.7
      vertex 14.6707 16.9433 2.7
    endloop
  endfacet
  facet normal 0 0 -1
    outer loop
      vertex 14.6622 16.9478 2.7
      vertex 14.6707 16.9433 2.7
      vertex 14.6698 16.9414 2.7
    endloop
  endfacet
  facet normal 0 0 -1
    outer loop
      vertex 14.6718 16.945 2.7
      vertex 14.6622 16.9478 2.7
      vertex 14.7101 17.0278 2.7
    endloop
  endfacet
  facet normal 0 0 -1
    outer loop
      vertex 14.6223 16.8635 2.7
      vertex 14.6698 16.9414 2.7
      vertex 14.6313 16.8598 2.7
    endloop
  endfacet
  facet normal 0 0 -1
    outer loop
      vertex 14.6223 16.8635 2.7
      vertex 14.6313 16.8598 2.7
      vertex 14.6306 16.8579 2.7
    endloop
  endfacet
  facet normal -0 0 -1
    outer loop
      vertex 14.6698 16.9414 2.7
      vertex 14.6223 16.8635 2.7
      vertex 14.6622 16.9478 2.7
    endloop
  endfacet
  facet normal 0 0 -1
    outer loop
      vertex 14.5909 16.7758 2.7
      vertex 14.6306 16.8579 2.7
      vertex 14.6002 16.773 2.7
    endloop
  endfacet
  facet normal 0 0 -1
    outer loop
      vertex 14.5909 16.7758 2.7
      vertex 14.6002 16.773 2.7
      vertex 14.5997 16.771 2.7
    endloop
  endfacet
  facet normal -0 0 -1
    outer loop
      vertex 14.6306 16.8579 2.7
      vertex 14.5909 16.7758 2.7
      vertex 14.6223 16.8635 2.7
    endloop
  endfacet
  facet normal 0 0 -1
    outer loop
      vertex 14.5683 16.6853 2.7
      vertex 14.5997 16.771 2.7
      vertex 14.5777 16.6834 2.7
    endloop
  endfacet
  facet normal -0 0 -1
    outer loop
      vertex 14.5997 16.771 2.7
      vertex 14.5683 16.6853 2.7
      vertex 14.5909 16.7758 2.7
    endloop
  endfacet
  facet normal 0 0 -1
    outer loop
      vertex 14.5645 16.5942 2.7
      vertex 14.5683 16.6853 2.7
      vertex 14.5777 16.6834 2.7
    endloop
  endfacet
  facet normal 0 0 -1
    outer loop
      vertex 14.5546 16.5931 2.7
      vertex 14.5645 16.5942 2.7
      vertex 14.5642 16.5922 2.7
    endloop
  endfacet
  facet normal 0 0 -1
    outer loop
      vertex 14.5546 16.5931 2.7
      vertex 14.5642 16.5922 2.7
      vertex 14.5598 16.5021 2.7
    endloop
  endfacet
  facet normal 0 0 -1
    outer loop
      vertex 14.55 16.5 2.7
      vertex 14.5598 16.5021 2.7
      vertex 14.5597 16.5 2.7
    endloop
  endfacet
  facet normal 0 0 -1
    outer loop
      vertex 14.5598 16.4979 2.7
      vertex 14.55 16.5 2.7
      vertex 14.5597 16.5 2.7
    endloop
  endfacet
  facet normal -0 0 -1
    outer loop
      vertex 14.5645 16.5942 2.7
      vertex 14.5546 16.5931 2.7
      vertex 14.5683 16.6853 2.7
    endloop
  endfacet
  facet normal -0 0 -1
    outer loop
      vertex 14.5598 16.5021 2.7
      vertex 14.55 16.5 2.7
      vertex 14.5546 16.5931 2.7
    endloop
  endfacet
  facet normal -0.337084 0.941474 0
    outer loop
      vertex 15.2242 17.4091 2.7
      vertex 15.1365 17.3777 5
      vertex 15.2242 17.4091 5
    endloop
  endfacet
  facet normal -0.337084 0.941474 0
    outer loop
      vertex 15.1365 17.3777 5
      vertex 15.2242 17.4091 2.7
      vertex 15.1365 17.3777 2.7
    endloop
  endfacet
  facet normal 0.049349 -0.998782 0
    outer loop
      vertex 15.5 15.55 2.7
      vertex 15.5931 15.5546 5
      vertex 15.5 15.55 5
    endloop
  endfacet
  facet normal 0.049349 -0.998782 0
    outer loop
      vertex 15.5931 15.5546 5
      vertex 15.5 15.55 2.7
      vertex 15.5931 15.5546 2.7
    endloop
  endfacet
  facet normal -0.049349 0.998782 0
    outer loop
      vertex 15.5 17.45 2.7
      vertex 15.4069 17.4454 5
      vertex 15.5 17.45 5
    endloop
  endfacet
  facet normal -0.049349 0.998782 0
    outer loop
      vertex 15.4069 17.4454 5
      vertex 15.5 17.45 2.7
      vertex 15.4069 17.4454 2.7
    endloop
  endfacet
  facet normal -0.595356 -0.803462 0
    outer loop
      vertex 14.8973 15.7656 2.7
      vertex 14.9722 15.7101 5
      vertex 14.8973 15.7656 5
    endloop
  endfacet
  facet normal -0.595356 -0.803462 -0
    outer loop
      vertex 14.9722 15.7101 5
      vertex 14.8973 15.7656 2.7
      vertex 14.9722 15.7101 2.7
    endloop
  endfacet
  facet normal -0.903869 -0.42781 0
    outer loop
      vertex 14.6622 16.0522 2.7
      vertex 14.6223 16.1365 5
      vertex 14.6223 16.1365 2.7
    endloop
  endfacet
  facet normal -0.903869 -0.42781 0
    outer loop
      vertex 14.6223 16.1365 5
      vertex 14.6622 16.0522 2.7
      vertex 14.6622 16.0522 5
    endloop
  endfacet
  facet normal -0.146976 0.98914 0
    outer loop
      vertex 15.4069 17.4454 2.7
      vertex 15.3147 17.4317 5
      vertex 15.4069 17.4454 5
    endloop
  endfacet
  facet normal -0.146976 0.98914 0
    outer loop
      vertex 15.3147 17.4317 5
      vertex 15.4069 17.4454 2.7
      vertex 15.3147 17.4317 2.7
    endloop
  endfacet
  facet normal 0.595356 -0.803462 0
    outer loop
      vertex 16.0278 15.7101 2.7
      vertex 16.1027 15.7656 5
      vertex 16.0278 15.7101 5
    endloop
  endfacet
  facet normal 0.595356 -0.803462 0
    outer loop
      vertex 16.1027 15.7656 5
      vertex 16.0278 15.7101 2.7
      vertex 16.1027 15.7656 2.7
    endloop
  endfacet
  facet normal 0.513707 0.857966 -0
    outer loop
      vertex 16.0278 17.2899 2.7
      vertex 15.9478 17.3378 5
      vertex 16.0278 17.2899 5
    endloop
  endfacet
  facet normal 0.513707 0.857966 0
    outer loop
      vertex 15.9478 17.3378 5
      vertex 16.0278 17.2899 2.7
      vertex 15.9478 17.3378 2.7
    endloop
  endfacet
  facet normal -0.998782 -0.049349 0
    outer loop
      vertex 14.5546 16.4069 2.7
      vertex 14.55 16.5 5
      vertex 14.55 16.5 2.7
    endloop
  endfacet
  facet normal -0.998782 -0.049349 0
    outer loop
      vertex 14.55 16.5 5
      vertex 14.5546 16.4069 2.7
      vertex 14.5546 16.4069 5
    endloop
  endfacet
  facet normal -0.903869 0.42781 0
    outer loop
      vertex 14.6223 16.8635 2.7
      vertex 14.6622 16.9478 5
      vertex 14.6622 16.9478 2.7
    endloop
  endfacet
  facet normal -0.903869 0.42781 0
    outer loop
      vertex 14.6622 16.9478 5
      vertex 14.6223 16.8635 2.7
      vertex 14.6223 16.8635 5
    endloop
  endfacet
  facet normal 0.970206 -0.242283 0
    outer loop
      vertex 16.4091 16.2242 5
      vertex 16.4317 16.3147 2.7
      vertex 16.4317 16.3147 5
    endloop
  endfacet
  facet normal 0.970206 -0.242283 0
    outer loop
      vertex 16.4317 16.3147 2.7
      vertex 16.4091 16.2242 5
      vertex 16.4091 16.2242 2.7
    endloop
  endfacet
  facet normal 0.671391 0.741104 -0
    outer loop
      vertex 16.1718 17.1718 2.7
      vertex 16.1027 17.2344 5
      vertex 16.1718 17.1718 5
    endloop
  endfacet
  facet normal 0.671391 0.741104 0
    outer loop
      vertex 16.1027 17.2344 5
      vertex 16.1718 17.1718 2.7
      vertex 16.1027 17.2344 2.7
    endloop
  endfacet
  facet normal 0.595356 0.803462 -0
    outer loop
      vertex 16.1027 17.2344 2.7
      vertex 16.0278 17.2899 5
      vertex 16.1027 17.2344 5
    endloop
  endfacet
  facet normal 0.595356 0.803462 0
    outer loop
      vertex 16.0278 17.2899 5
      vertex 16.1027 17.2344 2.7
      vertex 16.0278 17.2899 2.7
    endloop
  endfacet
  facet normal -0.595356 0.803462 0
    outer loop
      vertex 14.9722 17.2899 2.7
      vertex 14.8973 17.2344 5
      vertex 14.9722 17.2899 5
    endloop
  endfacet
  facet normal -0.595356 0.803462 0
    outer loop
      vertex 14.8973 17.2344 5
      vertex 14.9722 17.2899 2.7
      vertex 14.8973 17.2344 2.7
    endloop
  endfacet
  facet normal 0.513707 -0.857966 0
    outer loop
      vertex 15.9478 15.6622 2.7
      vertex 16.0278 15.7101 5
      vertex 15.9478 15.6622 5
    endloop
  endfacet
  facet normal 0.513707 -0.857966 0
    outer loop
      vertex 16.0278 15.7101 5
      vertex 15.9478 15.6622 2.7
      vertex 16.0278 15.7101 2.7
    endloop
  endfacet
  facet normal 0.741104 0.671391 0
    outer loop
      vertex 16.2344 17.1027 5
      vertex 16.1718 17.1718 2.7
      vertex 16.1718 17.1718 5
    endloop
  endfacet
  facet normal 0.741104 0.671391 0
    outer loop
      vertex 16.1718 17.1718 2.7
      vertex 16.2344 17.1027 5
      vertex 16.2344 17.1027 2.7
    endloop
  endfacet
  facet normal 0.803462 0.595356 0
    outer loop
      vertex 16.2899 17.0278 5
      vertex 16.2344 17.1027 2.7
      vertex 16.2344 17.1027 5
    endloop
  endfacet
  facet normal 0.803462 0.595356 0
    outer loop
      vertex 16.2344 17.1027 2.7
      vertex 16.2899 17.0278 5
      vertex 16.2899 17.0278 2.7
    endloop
  endfacet
  facet normal 0.98914 -0.146976 0
    outer loop
      vertex 16.4317 16.3147 5
      vertex 16.4454 16.4069 2.7
      vertex 16.4454 16.4069 5
    endloop
  endfacet
  facet normal 0.98914 -0.146976 0
    outer loop
      vertex 16.4454 16.4069 2.7
      vertex 16.4317 16.3147 5
      vertex 16.4317 16.3147 2.7
    endloop
  endfacet
  facet normal -0.941474 0.337084 0
    outer loop
      vertex 14.5909 16.7758 2.7
      vertex 14.6223 16.8635 5
      vertex 14.6223 16.8635 2.7
    endloop
  endfacet
  facet normal -0.941474 0.337084 0
    outer loop
      vertex 14.6223 16.8635 5
      vertex 14.5909 16.7758 2.7
      vertex 14.5909 16.7758 5
    endloop
  endfacet
  facet normal 0.903869 -0.42781 0
    outer loop
      vertex 16.3378 16.0522 5
      vertex 16.3777 16.1365 2.7
      vertex 16.3777 16.1365 5
    endloop
  endfacet
  facet normal 0.903869 -0.42781 0
    outer loop
      vertex 16.3777 16.1365 2.7
      vertex 16.3378 16.0522 5
      vertex 16.3378 16.0522 2.7
    endloop
  endfacet
  facet normal 0.998782 -0.049349 0
    outer loop
      vertex 16.4454 16.4069 5
      vertex 16.45 16.5 2.7
      vertex 16.45 16.5 5
    endloop
  endfacet
  facet normal 0.998782 -0.049349 0
    outer loop
      vertex 16.45 16.5 2.7
      vertex 16.4454 16.4069 5
      vertex 16.4454 16.4069 2.7
    endloop
  endfacet
  facet normal 0.242283 -0.970206 0
    outer loop
      vertex 15.6853 15.5683 2.7
      vertex 15.7758 15.5909 5
      vertex 15.6853 15.5683 5
    endloop
  endfacet
  facet normal 0.242283 -0.970206 0
    outer loop
      vertex 15.7758 15.5909 5
      vertex 15.6853 15.5683 2.7
      vertex 15.7758 15.5909 2.7
    endloop
  endfacet
  facet normal 0.146976 -0.98914 0
    outer loop
      vertex 15.5931 15.5546 2.7
      vertex 15.6853 15.5683 5
      vertex 15.5931 15.5546 5
    endloop
  endfacet
  facet normal 0.146976 -0.98914 0
    outer loop
      vertex 15.6853 15.5683 5
      vertex 15.5931 15.5546 2.7
      vertex 15.6853 15.5683 2.7
    endloop
  endfacet
  facet normal 0.941474 0.337084 0
    outer loop
      vertex 16.4091 16.7758 5
      vertex 16.3777 16.8635 2.7
      vertex 16.3777 16.8635 5
    endloop
  endfacet
  facet normal 0.941474 0.337084 0
    outer loop
      vertex 16.3777 16.8635 2.7
      vertex 16.4091 16.7758 5
      vertex 16.4091 16.7758 2.7
    endloop
  endfacet
  facet normal 0.803462 -0.595356 0
    outer loop
      vertex 16.2344 15.8973 5
      vertex 16.2899 15.9722 2.7
      vertex 16.2899 15.9722 5
    endloop
  endfacet
  facet normal 0.803462 -0.595356 0
    outer loop
      vertex 16.2899 15.9722 2.7
      vertex 16.2344 15.8973 5
      vertex 16.2344 15.8973 2.7
    endloop
  endfacet
  facet normal 0.857966 -0.513707 0
    outer loop
      vertex 16.2899 15.9722 5
      vertex 16.3378 16.0522 2.7
      vertex 16.3378 16.0522 5
    endloop
  endfacet
  facet normal 0.857966 -0.513707 0
    outer loop
      vertex 16.3378 16.0522 2.7
      vertex 16.2899 15.9722 5
      vertex 16.2899 15.9722 2.7
    endloop
  endfacet
  facet normal 0.42781 -0.903869 0
    outer loop
      vertex 15.8635 15.6223 2.7
      vertex 15.9478 15.6622 5
      vertex 15.8635 15.6223 5
    endloop
  endfacet
  facet normal 0.42781 -0.903869 0
    outer loop
      vertex 15.9478 15.6622 5
      vertex 15.8635 15.6223 2.7
      vertex 15.9478 15.6622 2.7
    endloop
  endfacet
  facet normal 0.049349 0.998782 -0
    outer loop
      vertex 15.5931 17.4454 2.7
      vertex 15.5 17.45 5
      vertex 15.5931 17.4454 5
    endloop
  endfacet
  facet normal 0.049349 0.998782 0
    outer loop
      vertex 15.5 17.45 5
      vertex 15.5931 17.4454 2.7
      vertex 15.5 17.45 2.7
    endloop
  endfacet
  facet normal 0.941474 -0.337084 0
    outer loop
      vertex 16.3777 16.1365 5
      vertex 16.4091 16.2242 2.7
      vertex 16.4091 16.2242 5
    endloop
  endfacet
  facet normal 0.941474 -0.337084 0
    outer loop
      vertex 16.4091 16.2242 2.7
      vertex 16.3777 16.1365 5
      vertex 16.3777 16.1365 2.7
    endloop
  endfacet
  facet normal -0.242283 0.970206 0
    outer loop
      vertex 15.3147 17.4317 2.7
      vertex 15.2242 17.4091 5
      vertex 15.3147 17.4317 5
    endloop
  endfacet
  facet normal -0.242283 0.970206 0
    outer loop
      vertex 15.2242 17.4091 5
      vertex 15.3147 17.4317 2.7
      vertex 15.2242 17.4091 2.7
    endloop
  endfacet
  facet normal 0.903869 0.42781 0
    outer loop
      vertex 16.3777 16.8635 5
      vertex 16.3378 16.9478 2.7
      vertex 16.3378 16.9478 5
    endloop
  endfacet
  facet normal 0.903869 0.42781 0
    outer loop
      vertex 16.3378 16.9478 2.7
      vertex 16.3777 16.8635 5
      vertex 16.3777 16.8635 2.7
    endloop
  endfacet
  facet normal -0.42781 0.903869 0
    outer loop
      vertex 15.1365 17.3777 2.7
      vertex 15.0522 17.3378 5
      vertex 15.1365 17.3777 5
    endloop
  endfacet
  facet normal -0.42781 0.903869 0
    outer loop
      vertex 15.0522 17.3378 5
      vertex 15.1365 17.3777 2.7
      vertex 15.0522 17.3378 2.7
    endloop
  endfacet
  facet normal 0.146976 0.98914 -0
    outer loop
      vertex 15.6853 17.4317 2.7
      vertex 15.5931 17.4454 5
      vertex 15.6853 17.4317 5
    endloop
  endfacet
  facet normal 0.146976 0.98914 0
    outer loop
      vertex 15.5931 17.4454 5
      vertex 15.6853 17.4317 2.7
      vertex 15.5931 17.4454 2.7
    endloop
  endfacet
  facet normal -0.857966 -0.513707 0
    outer loop
      vertex 14.7101 15.9722 2.7
      vertex 14.6622 16.0522 5
      vertex 14.6622 16.0522 2.7
    endloop
  endfacet
  facet normal -0.857966 -0.513707 0
    outer loop
      vertex 14.6622 16.0522 5
      vertex 14.7101 15.9722 2.7
      vertex 14.7101 15.9722 5
    endloop
  endfacet
  facet normal 0.857966 0.513707 0
    outer loop
      vertex 16.3378 16.9478 5
      vertex 16.2899 17.0278 2.7
      vertex 16.2899 17.0278 5
    endloop
  endfacet
  facet normal 0.857966 0.513707 0
    outer loop
      vertex 16.2899 17.0278 2.7
      vertex 16.3378 16.9478 5
      vertex 16.3378 16.9478 2.7
    endloop
  endfacet
  facet normal -0.513707 0.857966 0
    outer loop
      vertex 15.0522 17.3378 2.7
      vertex 14.9722 17.2899 5
      vertex 15.0522 17.3378 5
    endloop
  endfacet
  facet normal -0.513707 0.857966 0
    outer loop
      vertex 14.9722 17.2899 5
      vertex 15.0522 17.3378 2.7
      vertex 14.9722 17.2899 2.7
    endloop
  endfacet
  facet normal -0.741104 -0.671391 0
    outer loop
      vertex 14.8282 15.8282 2.7
      vertex 14.7656 15.8973 5
      vertex 14.7656 15.8973 2.7
    endloop
  endfacet
  facet normal -0.741104 -0.671391 0
    outer loop
      vertex 14.7656 15.8973 5
      vertex 14.8282 15.8282 2.7
      vertex 14.8282 15.8282 5
    endloop
  endfacet
  facet normal -0.42781 -0.903869 0
    outer loop
      vertex 15.0522 15.6622 2.7
      vertex 15.1365 15.6223 5
      vertex 15.0522 15.6622 5
    endloop
  endfacet
  facet normal -0.42781 -0.903869 -0
    outer loop
      vertex 15.1365 15.6223 5
      vertex 15.0522 15.6622 2.7
      vertex 15.1365 15.6223 2.7
    endloop
  endfacet
  facet normal -0.941474 -0.337084 0
    outer loop
      vertex 14.6223 16.1365 2.7
      vertex 14.5909 16.2242 5
      vertex 14.5909 16.2242 2.7
    endloop
  endfacet
  facet normal -0.941474 -0.337084 0
    outer loop
      vertex 14.5909 16.2242 5
      vertex 14.6223 16.1365 2.7
      vertex 14.6223 16.1365 5
    endloop
  endfacet
  facet normal -0.513707 -0.857966 0
    outer loop
      vertex 14.9722 15.7101 2.7
      vertex 15.0522 15.6622 5
      vertex 14.9722 15.7101 5
    endloop
  endfacet
  facet normal -0.513707 -0.857966 -0
    outer loop
      vertex 15.0522 15.6622 5
      vertex 14.9722 15.7101 2.7
      vertex 15.0522 15.6622 2.7
    endloop
  endfacet
  facet normal -0.970206 0.242283 0
    outer loop
      vertex 14.5683 16.6853 2.7
      vertex 14.5909 16.7758 5
      vertex 14.5909 16.7758 2.7
    endloop
  endfacet
  facet normal -0.970206 0.242283 0
    outer loop
      vertex 14.5909 16.7758 5
      vertex 14.5683 16.6853 2.7
      vertex 14.5683 16.6853 5
    endloop
  endfacet
  facet normal -0.98914 0.146976 0
    outer loop
      vertex 14.5546 16.5931 2.7
      vertex 14.5683 16.6853 5
      vertex 14.5683 16.6853 2.7
    endloop
  endfacet
  facet normal -0.98914 0.146976 0
    outer loop
      vertex 14.5683 16.6853 5
      vertex 14.5546 16.5931 2.7
      vertex 14.5546 16.5931 5
    endloop
  endfacet
  facet normal 0.337084 0.941474 -0
    outer loop
      vertex 15.8635 17.3777 2.7
      vertex 15.7758 17.4091 5
      vertex 15.8635 17.3777 5
    endloop
  endfacet
  facet normal 0.337084 0.941474 0
    outer loop
      vertex 15.7758 17.4091 5
      vertex 15.8635 17.3777 2.7
      vertex 15.7758 17.4091 2.7
    endloop
  endfacet
  facet normal -0.803462 -0.595356 0
    outer loop
      vertex 14.7656 15.8973 2.7
      vertex 14.7101 15.9722 5
      vertex 14.7101 15.9722 2.7
    endloop
  endfacet
  facet normal -0.803462 -0.595356 0
    outer loop
      vertex 14.7101 15.9722 5
      vertex 14.7656 15.8973 2.7
      vertex 14.7656 15.8973 5
    endloop
  endfacet
  facet normal -0.98914 -0.146976 0
    outer loop
      vertex 14.5683 16.3147 2.7
      vertex 14.5546 16.4069 5
      vertex 14.5546 16.4069 2.7
    endloop
  endfacet
  facet normal -0.98914 -0.146976 0
    outer loop
      vertex 14.5546 16.4069 5
      vertex 14.5683 16.3147 2.7
      vertex 14.5683 16.3147 5
    endloop
  endfacet
  facet normal -0.671391 -0.741104 0
    outer loop
      vertex 14.8282 15.8282 2.7
      vertex 14.8973 15.7656 5
      vertex 14.8282 15.8282 5
    endloop
  endfacet
  facet normal -0.671391 -0.741104 -0
    outer loop
      vertex 14.8973 15.7656 5
      vertex 14.8282 15.8282 2.7
      vertex 14.8973 15.7656 2.7
    endloop
  endfacet
  facet normal -0.803462 0.595356 0
    outer loop
      vertex 14.7101 17.0278 2.7
      vertex 14.7656 17.1027 5
      vertex 14.7656 17.1027 2.7
    endloop
  endfacet
  facet normal -0.803462 0.595356 0
    outer loop
      vertex 14.7656 17.1027 5
      vertex 14.7101 17.0278 2.7
      vertex 14.7101 17.0278 5
    endloop
  endfacet
  facet normal -0.857966 0.513707 0
    outer loop
      vertex 14.6622 16.9478 2.7
      vertex 14.7101 17.0278 5
      vertex 14.7101 17.0278 2.7
    endloop
  endfacet
  facet normal -0.857966 0.513707 0
    outer loop
      vertex 14.7101 17.0278 5
      vertex 14.6622 16.9478 2.7
      vertex 14.6622 16.9478 5
    endloop
  endfacet
  facet normal -0.049349 -0.998782 0
    outer loop
      vertex 15.4069 15.5546 2.7
      vertex 15.5 15.55 5
      vertex 15.4069 15.5546 5
    endloop
  endfacet
  facet normal -0.049349 -0.998782 -0
    outer loop
      vertex 15.5 15.55 5
      vertex 15.4069 15.5546 2.7
      vertex 15.5 15.55 2.7
    endloop
  endfacet
  facet normal -0.998782 0.049349 0
    outer loop
      vertex 14.55 16.5 2.7
      vertex 14.5546 16.5931 5
      vertex 14.5546 16.5931 2.7
    endloop
  endfacet
  facet normal -0.998782 0.049349 0
    outer loop
      vertex 14.5546 16.5931 5
      vertex 14.55 16.5 2.7
      vertex 14.55 16.5 5
    endloop
  endfacet
  facet normal -0.337084 -0.941474 0
    outer loop
      vertex 15.1365 15.6223 2.7
      vertex 15.2242 15.5909 5
      vertex 15.1365 15.6223 5
    endloop
  endfacet
  facet normal -0.337084 -0.941474 -0
    outer loop
      vertex 15.2242 15.5909 5
      vertex 15.1365 15.6223 2.7
      vertex 15.2242 15.5909 2.7
    endloop
  endfacet
  facet normal 0.741104 -0.671391 0
    outer loop
      vertex 16.1718 15.8282 5
      vertex 16.2344 15.8973 2.7
      vertex 16.2344 15.8973 5
    endloop
  endfacet
  facet normal 0.741104 -0.671391 0
    outer loop
      vertex 16.2344 15.8973 2.7
      vertex 16.1718 15.8282 5
      vertex 16.1718 15.8282 2.7
    endloop
  endfacet
  facet normal 0.671391 -0.741104 0
    outer loop
      vertex 16.1027 15.7656 2.7
      vertex 16.1718 15.8282 5
      vertex 16.1027 15.7656 5
    endloop
  endfacet
  facet normal 0.671391 -0.741104 0
    outer loop
      vertex 16.1718 15.8282 5
      vertex 16.1027 15.7656 2.7
      vertex 16.1718 15.8282 2.7
    endloop
  endfacet
  facet normal 0.718209 0.0342004 -0.694987
    outer loop
      vertex 16.15 16.5 2.4
      vertex 16.4402 16.5021 2.7
      vertex 16.4403 16.5 2.7
    endloop
  endfacet
  facet normal 0.718187 0.034951 -0.694971
    outer loop
      vertex 16.4402 16.5021 2.7
      vertex 16.15 16.5 2.4
      vertex 16.1469 16.5637 2.4
    endloop
  endfacet
  facet normal 0.369746 -0.616775 -0.694893
    outer loop
      vertex 15.945 15.6718 2.7
      vertex 15.8611 15.9595 2.4
      vertex 16.0224 15.7182 2.7
    endloop
  endfacet
  facet normal 0.697323 0.175127 -0.695033
    outer loop
      vertex 16.4223 16.6834 2.7
      vertex 16.1375 16.6268 2.4
      vertex 16.4003 16.771 2.7
    endloop
  endfacet
  facet normal 0.105248 0.711222 -0.695044
    outer loop
      vertex 15.6268 17.1375 2.4
      vertex 15.5942 17.4355 2.7
      vertex 15.6834 17.4223 2.7
    endloop
  endfacet
  facet normal -0.48356 0.532028 -0.695066
    outer loop
      vertex 15.0404 16.9596 2.4
      vertex 14.8366 17.1663 2.7
      vertex 15.0876 17.0025 2.4
    endloop
  endfacet
  facet normal -0.490444 0.525475 -0.695227
    outer loop
      vertex 14.8366 17.1663 2.7
      vertex 15.0404 16.9596 2.4
      vertex 14.8351 17.1649 2.7
    endloop
  endfacet
  facet normal -0.368927 0.617135 -0.695009
    outer loop
      vertex 15.055 17.3282 2.7
      vertex 15.1936 17.0732 2.4
      vertex 15.1389 17.0405 2.4
    endloop
  endfacet
  facet normal -0.390992 0.60426 -0.694259
    outer loop
      vertex 15.1936 17.0732 2.4
      vertex 15.055 17.3282 2.7
      vertex 15.0567 17.3293 2.7
    endloop
  endfacet
  facet normal 0.58724 -0.414523 -0.695212
    outer loop
      vertex 16.2806 15.9759 2.7
      vertex 16.0405 16.1389 2.4
      vertex 16.2818 15.9776 2.7
    endloop
  endfacet
  facet normal 0.57779 -0.427993 -0.694968
    outer loop
      vertex 16.0405 16.1389 2.4
      vertex 16.2806 15.9759 2.7
      vertex 16.0025 16.0876 2.4
    endloop
  endfacet
  facet normal -0.650285 -0.306813 -0.694978
    outer loop
      vertex 14.6698 16.0586 2.7
      vertex 14.6313 16.1402 2.7
      vertex 14.8995 16.2513 2.4
    endloop
  endfacet
  facet normal 0.532955 -0.482766 -0.694907
    outer loop
      vertex 16.1663 15.8366 2.7
      vertex 16.0025 16.0876 2.4
      vertex 16.2269 15.9035 2.7
    endloop
  endfacet
  facet normal 0.0342004 -0.718209 -0.694987
    outer loop
      vertex 15.5 15.85 2.4
      vertex 15.5021 15.5598 2.7
      vertex 15.5 15.5597 2.7
    endloop
  endfacet
  facet normal 0.034951 -0.718187 -0.694971
    outer loop
      vertex 15.5021 15.5598 2.7
      vertex 15.5 15.85 2.4
      vertex 15.5637 15.8531 2.4
    endloop
  endfacet
  facet normal 0.650285 0.306813 -0.694978
    outer loop
      vertex 16.3687 16.8598 2.7
      vertex 16.1005 16.7487 2.4
      vertex 16.3302 16.9414 2.7
    endloop
  endfacet
  facet normal 0.306813 -0.650285 -0.694978
    outer loop
      vertex 15.8598 15.6313 2.7
      vertex 15.7487 15.8995 2.4
      vertex 15.9414 15.6698 2.7
    endloop
  endfacet
  facet normal -0.718197 -0.0350729 -0.694956
    outer loop
      vertex 14.5642 16.4078 2.7
      vertex 14.5598 16.4979 2.7
      vertex 14.8531 16.4363 2.4
    endloop
  endfacet
  facet normal -0.369746 0.616775 -0.694893
    outer loop
      vertex 15.1389 17.0405 2.4
      vertex 14.9776 17.2818 2.7
      vertex 15.055 17.3282 2.7
    endloop
  endfacet
  facet normal -0.616775 -0.369746 -0.694893
    outer loop
      vertex 14.7182 15.9776 2.7
      vertex 14.6718 16.055 2.7
      vertex 14.9595 16.1389 2.4
    endloop
  endfacet
  facet normal 0.105948 0.711207 -0.694953
    outer loop
      vertex 15.5637 17.1469 2.4
      vertex 15.5942 17.4355 2.7
      vertex 15.6268 17.1375 2.4
    endloop
  endfacet
  facet normal 0.106667 0.711115 -0.694937
    outer loop
      vertex 15.5942 17.4355 2.7
      vertex 15.5637 17.1469 2.4
      vertex 15.5922 17.4358 2.7
    endloop
  endfacet
  facet normal 0.697578 0.174394 -0.694962
    outer loop
      vertex 16.4003 16.771 2.7
      vertex 16.122 16.6887 2.4
      vertex 16.3998 16.773 2.7
    endloop
  endfacet
  facet normal 0.697506 0.174658 -0.694968
    outer loop
      vertex 16.122 16.6887 2.4
      vertex 16.4003 16.771 2.7
      vertex 16.1375 16.6268 2.4
    endloop
  endfacet
  facet normal -0.242395 0.676951 -0.694969
    outer loop
      vertex 15.3113 17.122 2.4
      vertex 15.1421 17.3694 2.7
      vertex 15.227 17.3998 2.7
    endloop
  endfacet
  facet normal -0.697323 0.175127 -0.695033
    outer loop
      vertex 14.8625 16.6268 2.4
      vertex 14.5777 16.6834 2.7
      vertex 14.5997 16.771 2.7
    endloop
  endfacet
  facet normal 0.427993 0.57779 -0.694968
    outer loop
      vertex 15.8611 17.0405 2.4
      vertex 16.0241 17.2806 2.7
      vertex 15.9124 17.0025 2.4
    endloop
  endfacet
  facet normal 0.414523 0.58724 -0.695212
    outer loop
      vertex 16.0241 17.2806 2.7
      vertex 15.8611 17.0405 2.4
      vertex 16.0224 17.2818 2.7
    endloop
  endfacet
  facet normal -0.532028 0.48356 -0.695066
    outer loop
      vertex 14.8337 17.1634 2.7
      vertex 15.0404 16.9596 2.4
      vertex 14.9975 16.9124 2.4
    endloop
  endfacet
  facet normal -0.525475 0.490444 -0.695227
    outer loop
      vertex 15.0404 16.9596 2.4
      vertex 14.8337 17.1634 2.7
      vertex 14.8351 17.1649 2.7
    endloop
  endfacet
  facet normal 0.58724 0.414523 -0.695212
    outer loop
      vertex 16.0405 16.8611 2.4
      vertex 16.2806 17.0241 2.7
      vertex 16.2818 17.0224 2.7
    endloop
  endfacet
  facet normal 0.57779 0.427993 -0.694968
    outer loop
      vertex 16.2806 17.0241 2.7
      vertex 16.0405 16.8611 2.4
      vertex 16.0025 16.9124 2.4
    endloop
  endfacet
  facet normal 0.711115 -0.106667 -0.694937
    outer loop
      vertex 16.4355 16.4058 2.7
      vertex 16.1469 16.4363 2.4
      vertex 16.4358 16.4078 2.7
    endloop
  endfacet
  facet normal 0.711207 -0.105948 -0.694953
    outer loop
      vertex 16.1469 16.4363 2.4
      vertex 16.4355 16.4058 2.7
      vertex 16.1375 16.3732 2.4
    endloop
  endfacet
  facet normal -0.711222 -0.105248 -0.695044
    outer loop
      vertex 14.5777 16.3166 2.7
      vertex 14.5645 16.4058 2.7
      vertex 14.8625 16.3732 2.4
    endloop
  endfacet
  facet normal 0.532028 0.48356 -0.695066
    outer loop
      vertex 15.9596 16.9596 2.4
      vertex 16.1663 17.1634 2.7
      vertex 16.0025 16.9124 2.4
    endloop
  endfacet
  facet normal 0.525475 0.490444 -0.695227
    outer loop
      vertex 16.1663 17.1634 2.7
      vertex 15.9596 16.9596 2.4
      vertex 16.1649 17.1649 2.7
    endloop
  endfacet
  facet normal 0.674577 -0.248529 -0.695111
    outer loop
      vertex 16.1005 16.2513 2.4
      vertex 16.3694 16.1421 2.7
      vertex 16.3687 16.1402 2.7
    endloop
  endfacet
  facet normal 0.676874 -0.242546 -0.694991
    outer loop
      vertex 16.3694 16.1421 2.7
      vertex 16.1005 16.2513 2.4
      vertex 16.122 16.3113 2.4
    endloop
  endfacet
  facet normal -0.242546 0.676874 -0.694991
    outer loop
      vertex 15.2513 17.1005 2.4
      vertex 15.1421 17.3694 2.7
      vertex 15.3113 17.122 2.4
    endloop
  endfacet
  facet normal -0.248529 0.674577 -0.695111
    outer loop
      vertex 15.1421 17.3694 2.7
      vertex 15.2513 17.1005 2.4
      vertex 15.1402 17.3687 2.7
    endloop
  endfacet
  facet normal -0.711207 0.105948 -0.694953
    outer loop
      vertex 14.8531 16.5637 2.4
      vertex 14.5645 16.5942 2.7
      vertex 14.8625 16.6268 2.4
    endloop
  endfacet
  facet normal -0.711115 0.106667 -0.694937
    outer loop
      vertex 14.5645 16.5942 2.7
      vertex 14.8531 16.5637 2.4
      vertex 14.5642 16.5922 2.7
    endloop
  endfacet
  facet normal 0.532955 0.482766 -0.694907
    outer loop
      vertex 16.2269 17.0965 2.7
      vertex 16.0025 16.9124 2.4
      vertex 16.1663 17.1634 2.7
    endloop
  endfacet
  facet normal 0.676951 0.242395 -0.694969
    outer loop
      vertex 16.3998 16.773 2.7
      vertex 16.122 16.6887 2.4
      vertex 16.3694 16.8579 2.7
    endloop
  endfacet
  facet normal 0.697323 -0.175127 -0.695033
    outer loop
      vertex 16.4003 16.229 2.7
      vertex 16.1375 16.3732 2.4
      vertex 16.4223 16.3166 2.7
    endloop
  endfacet
  facet normal -0.676951 -0.242395 -0.694969
    outer loop
      vertex 14.6306 16.1421 2.7
      vertex 14.6002 16.227 2.7
      vertex 14.878 16.3113 2.4
    endloop
  endfacet
  facet normal 0.307762 0.64972 -0.695087
    outer loop
      vertex 15.8064 17.0732 2.4
      vertex 15.9414 17.3302 2.7
      vertex 15.9433 17.3293 2.7
    endloop
  endfacet
  facet normal 0.307475 0.649864 -0.69508
    outer loop
      vertex 15.9414 17.3302 2.7
      vertex 15.8064 17.0732 2.4
      vertex 15.7487 17.1005 2.4
    endloop
  endfacet
  facet normal -0.390992 -0.60426 -0.694259
    outer loop
      vertex 15.055 15.6718 2.7
      vertex 15.1936 15.9268 2.4
      vertex 15.0567 15.6707 2.7
    endloop
  endfacet
  facet normal -0.368927 -0.617135 -0.695009
    outer loop
      vertex 15.1936 15.9268 2.4
      vertex 15.055 15.6718 2.7
      vertex 15.1389 15.9595 2.4
    endloop
  endfacet
  facet normal -0.718197 0.0350729 -0.694956
    outer loop
      vertex 14.8531 16.5637 2.4
      vertex 14.5598 16.5021 2.7
      vertex 14.5642 16.5922 2.7
    endloop
  endfacet
  facet normal 0.711222 -0.105248 -0.695044
    outer loop
      vertex 16.4223 16.3166 2.7
      vertex 16.1375 16.3732 2.4
      vertex 16.4355 16.4058 2.7
    endloop
  endfacet
  facet normal -0.674577 -0.248529 -0.695111
    outer loop
      vertex 14.6306 16.1421 2.7
      vertex 14.8995 16.2513 2.4
      vertex 14.6313 16.1402 2.7
    endloop
  endfacet
  facet normal -0.676874 -0.242546 -0.694991
    outer loop
      vertex 14.8995 16.2513 2.4
      vertex 14.6306 16.1421 2.7
      vertex 14.878 16.3113 2.4
    endloop
  endfacet
  facet normal -0.306813 -0.650285 -0.694978
    outer loop
      vertex 15.1402 15.6313 2.7
      vertex 15.0586 15.6698 2.7
      vertex 15.2513 15.8995 2.4
    endloop
  endfacet
  facet normal -0.676874 0.242546 -0.694991
    outer loop
      vertex 14.6306 16.8579 2.7
      vertex 14.8995 16.7487 2.4
      vertex 14.878 16.6887 2.4
    endloop
  endfacet
  facet normal -0.674577 0.248529 -0.695111
    outer loop
      vertex 14.8995 16.7487 2.4
      vertex 14.6306 16.8579 2.7
      vertex 14.6313 16.8598 2.7
    endloop
  endfacet
  facet normal 0.718197 0.0350729 -0.694956
    outer loop
      vertex 16.4402 16.5021 2.7
      vertex 16.1469 16.5637 2.4
      vertex 16.4358 16.5922 2.7
    endloop
  endfacet
  facet normal 0.718197 -0.0350729 -0.694956
    outer loop
      vertex 16.4358 16.4078 2.7
      vertex 16.1469 16.4363 2.4
      vertex 16.4402 16.4979 2.7
    endloop
  endfacet
  facet normal -0.0350729 0.718197 -0.694956
    outer loop
      vertex 15.4363 17.1469 2.4
      vertex 15.4078 17.4358 2.7
      vertex 15.4979 17.4402 2.7
    endloop
  endfacet
  facet normal 0.0350729 -0.718197 -0.694956
    outer loop
      vertex 15.5922 15.5642 2.7
      vertex 15.5021 15.5598 2.7
      vertex 15.5637 15.8531 2.4
    endloop
  endfacet
  facet normal -0.105248 -0.711222 -0.695044
    outer loop
      vertex 15.4058 15.5645 2.7
      vertex 15.3166 15.5777 2.7
      vertex 15.3732 15.8625 2.4
    endloop
  endfacet
  facet normal -0.0350729 -0.718197 -0.694956
    outer loop
      vertex 15.4979 15.5598 2.7
      vertex 15.4078 15.5642 2.7
      vertex 15.4363 15.8531 2.4
    endloop
  endfacet
  facet normal 0.676874 0.242546 -0.694991
    outer loop
      vertex 16.1005 16.7487 2.4
      vertex 16.3694 16.8579 2.7
      vertex 16.122 16.6887 2.4
    endloop
  endfacet
  facet normal 0.674577 0.248529 -0.695111
    outer loop
      vertex 16.3694 16.8579 2.7
      vertex 16.1005 16.7487 2.4
      vertex 16.3687 16.8598 2.7
    endloop
  endfacet
  facet normal 0.174658 -0.697506 -0.694968
    outer loop
      vertex 15.6887 15.878 2.4
      vertex 15.771 15.5997 2.7
      vertex 15.6268 15.8625 2.4
    endloop
  endfacet
  facet normal 0.174394 -0.697578 -0.694962
    outer loop
      vertex 15.771 15.5997 2.7
      vertex 15.6887 15.878 2.4
      vertex 15.773 15.6002 2.7
    endloop
  endfacet
  facet normal -0.649864 0.307475 -0.69508
    outer loop
      vertex 14.6698 16.9414 2.7
      vertex 14.9268 16.8064 2.4
      vertex 14.8995 16.7487 2.4
    endloop
  endfacet
  facet normal -0.64972 0.307762 -0.695087
    outer loop
      vertex 14.9268 16.8064 2.4
      vertex 14.6698 16.9414 2.7
      vertex 14.6707 16.9433 2.7
    endloop
  endfacet
  facet normal -0.711222 0.105248 -0.695044
    outer loop
      vertex 14.8625 16.6268 2.4
      vertex 14.5645 16.5942 2.7
      vertex 14.5777 16.6834 2.7
    endloop
  endfacet
  facet normal 0.428389 0.577568 -0.694909
    outer loop
      vertex 16.0965 17.2269 2.7
      vertex 15.9124 17.0025 2.4
      vertex 16.0241 17.2806 2.7
    endloop
  endfacet
  facet normal 0.0350729 0.718197 -0.694956
    outer loop
      vertex 15.5637 17.1469 2.4
      vertex 15.5021 17.4402 2.7
      vertex 15.5922 17.4358 2.7
    endloop
  endfacet
  facet normal -0.106667 0.711115 -0.694937
    outer loop
      vertex 15.4363 17.1469 2.4
      vertex 15.4058 17.4355 2.7
      vertex 15.4078 17.4358 2.7
    endloop
  endfacet
  facet normal -0.105948 0.711207 -0.694953
    outer loop
      vertex 15.4058 17.4355 2.7
      vertex 15.4363 17.1469 2.4
      vertex 15.3732 17.1375 2.4
    endloop
  endfacet
  facet normal 0.676951 -0.242395 -0.694969
    outer loop
      vertex 16.3694 16.1421 2.7
      vertex 16.122 16.3113 2.4
      vertex 16.3998 16.227 2.7
    endloop
  endfacet
  facet normal 0.175127 0.697323 -0.695033
    outer loop
      vertex 15.771 17.4003 2.7
      vertex 15.6268 17.1375 2.4
      vertex 15.6834 17.4223 2.7
    endloop
  endfacet
  facet normal -0.306813 0.650285 -0.694978
    outer loop
      vertex 15.2513 17.1005 2.4
      vertex 15.0586 17.3302 2.7
      vertex 15.1402 17.3687 2.7
    endloop
  endfacet
  facet normal -0.532955 -0.482766 -0.694907
    outer loop
      vertex 14.8337 15.8366 2.7
      vertex 14.7731 15.9035 2.7
      vertex 14.9975 16.0876 2.4
    endloop
  endfacet
  facet normal -0.034951 -0.718187 -0.694971
    outer loop
      vertex 15.5 15.85 2.4
      vertex 15.4979 15.5598 2.7
      vertex 15.4363 15.8531 2.4
    endloop
  endfacet
  facet normal -0.0342004 -0.718209 -0.694987
    outer loop
      vertex 15.4979 15.5598 2.7
      vertex 15.5 15.85 2.4
      vertex 15.5 15.5597 2.7
    endloop
  endfacet
  facet normal 0.490444 -0.525475 -0.695227
    outer loop
      vertex 16.1634 15.8337 2.7
      vertex 15.9596 16.0404 2.4
      vertex 16.1649 15.8351 2.7
    endloop
  endfacet
  facet normal 0.48356 -0.532028 -0.695066
    outer loop
      vertex 15.9596 16.0404 2.4
      vertex 16.1634 15.8337 2.7
      vertex 15.9124 15.9975 2.4
    endloop
  endfacet
  facet normal 0.248529 0.674577 -0.695111
    outer loop
      vertex 15.7487 17.1005 2.4
      vertex 15.8579 17.3694 2.7
      vertex 15.8598 17.3687 2.7
    endloop
  endfacet
  facet normal 0.242546 0.676874 -0.694991
    outer loop
      vertex 15.8579 17.3694 2.7
      vertex 15.7487 17.1005 2.4
      vertex 15.6887 17.122 2.4
    endloop
  endfacet
  facet normal 0.174394 0.697578 -0.694962
    outer loop
      vertex 15.6887 17.122 2.4
      vertex 15.771 17.4003 2.7
      vertex 15.773 17.3998 2.7
    endloop
  endfacet
  facet normal 0.174658 0.697506 -0.694968
    outer loop
      vertex 15.771 17.4003 2.7
      vertex 15.6887 17.122 2.4
      vertex 15.6268 17.1375 2.4
    endloop
  endfacet
  facet normal 0.242395 0.676951 -0.694969
    outer loop
      vertex 15.8579 17.3694 2.7
      vertex 15.6887 17.122 2.4
      vertex 15.773 17.3998 2.7
    endloop
  endfacet
  facet normal 0.718209 -0.0342004 -0.694987
    outer loop
      vertex 16.4402 16.4979 2.7
      vertex 16.15 16.5 2.4
      vertex 16.4403 16.5 2.7
    endloop
  endfacet
  facet normal 0.718187 -0.034951 -0.694971
    outer loop
      vertex 16.15 16.5 2.4
      vertex 16.4402 16.4979 2.7
      vertex 16.1469 16.4363 2.4
    endloop
  endfacet
  facet normal 0.711222 0.105248 -0.695044
    outer loop
      vertex 16.4355 16.5942 2.7
      vertex 16.1375 16.6268 2.4
      vertex 16.4223 16.6834 2.7
    endloop
  endfacet
  facet normal 0.711115 0.106667 -0.694937
    outer loop
      vertex 16.1469 16.5637 2.4
      vertex 16.4355 16.5942 2.7
      vertex 16.4358 16.5922 2.7
    endloop
  endfacet
  facet normal 0.711207 0.105948 -0.694953
    outer loop
      vertex 16.4355 16.5942 2.7
      vertex 16.1469 16.5637 2.4
      vertex 16.1375 16.6268 2.4
    endloop
  endfacet
  facet normal -0.482766 -0.532955 -0.694907
    outer loop
      vertex 14.9035 15.7731 2.7
      vertex 14.8366 15.8337 2.7
      vertex 15.0876 15.9975 2.4
    endloop
  endfacet
  facet normal -0.650285 0.306813 -0.694978
    outer loop
      vertex 14.8995 16.7487 2.4
      vertex 14.6313 16.8598 2.7
      vertex 14.6698 16.9414 2.7
    endloop
  endfacet
  facet normal 0.577568 0.428389 -0.694909
    outer loop
      vertex 16.2806 17.0241 2.7
      vertex 16.0025 16.9124 2.4
      vertex 16.2269 17.0965 2.7
    endloop
  endfacet
  facet normal 0.369746 0.616775 -0.694893
    outer loop
      vertex 16.0224 17.2818 2.7
      vertex 15.8611 17.0405 2.4
      vertex 15.945 17.3282 2.7
    endloop
  endfacet
  facet normal -0.48356 -0.532028 -0.695066
    outer loop
      vertex 14.8366 15.8337 2.7
      vertex 15.0404 16.0404 2.4
      vertex 15.0876 15.9975 2.4
    endloop
  endfacet
  facet normal -0.490444 -0.525475 -0.695227
    outer loop
      vertex 15.0404 16.0404 2.4
      vertex 14.8366 15.8337 2.7
      vertex 14.8351 15.8351 2.7
    endloop
  endfacet
  facet normal 0.242395 -0.676951 -0.694969
    outer loop
      vertex 15.773 15.6002 2.7
      vertex 15.6887 15.878 2.4
      vertex 15.8579 15.6306 2.7
    endloop
  endfacet
  facet normal 0.248529 -0.674577 -0.695111
    outer loop
      vertex 15.8579 15.6306 2.7
      vertex 15.7487 15.8995 2.4
      vertex 15.8598 15.6313 2.7
    endloop
  endfacet
  facet normal 0.242546 -0.676874 -0.694991
    outer loop
      vertex 15.7487 15.8995 2.4
      vertex 15.8579 15.6306 2.7
      vertex 15.6887 15.878 2.4
    endloop
  endfacet
  facet normal 0.649864 0.307475 -0.69508
    outer loop
      vertex 16.0732 16.8064 2.4
      vertex 16.3302 16.9414 2.7
      vertex 16.1005 16.7487 2.4
    endloop
  endfacet
  facet normal 0.64972 0.307762 -0.695087
    outer loop
      vertex 16.3302 16.9414 2.7
      vertex 16.0732 16.8064 2.4
      vertex 16.3293 16.9433 2.7
    endloop
  endfacet
  facet normal 0.616775 0.369746 -0.694893
    outer loop
      vertex 16.3282 16.945 2.7
      vertex 16.0405 16.8611 2.4
      vertex 16.2818 17.0224 2.7
    endloop
  endfacet
  facet normal 0.034951 0.718187 -0.694971
    outer loop
      vertex 15.5 17.15 2.4
      vertex 15.5021 17.4402 2.7
      vertex 15.5637 17.1469 2.4
    endloop
  endfacet
  facet normal 0.0342004 0.718209 -0.694987
    outer loop
      vertex 15.5021 17.4402 2.7
      vertex 15.5 17.15 2.4
      vertex 15.5 17.4403 2.7
    endloop
  endfacet
  facet normal -0.718187 0.034951 -0.694971
    outer loop
      vertex 14.85 16.5 2.4
      vertex 14.5598 16.5021 2.7
      vertex 14.8531 16.5637 2.4
    endloop
  endfacet
  facet normal -0.718209 0.0342004 -0.694987
    outer loop
      vertex 14.5598 16.5021 2.7
      vertex 14.85 16.5 2.4
      vertex 14.5597 16.5 2.7
    endloop
  endfacet
  facet normal -0.0342004 0.718209 -0.694987
    outer loop
      vertex 15.5 17.15 2.4
      vertex 15.4979 17.4402 2.7
      vertex 15.5 17.4403 2.7
    endloop
  endfacet
  facet normal -0.034951 0.718187 -0.694971
    outer loop
      vertex 15.4979 17.4402 2.7
      vertex 15.5 17.15 2.4
      vertex 15.4363 17.1469 2.4
    endloop
  endfacet
  facet normal -0.57779 -0.427993 -0.694968
    outer loop
      vertex 14.7194 15.9759 2.7
      vertex 14.9595 16.1389 2.4
      vertex 14.9975 16.0876 2.4
    endloop
  endfacet
  facet normal -0.58724 -0.414523 -0.695212
    outer loop
      vertex 14.9595 16.1389 2.4
      vertex 14.7194 15.9759 2.7
      vertex 14.7182 15.9776 2.7
    endloop
  endfacet
  facet normal 0.306813 0.650285 -0.694978
    outer loop
      vertex 15.9414 17.3302 2.7
      vertex 15.7487 17.1005 2.4
      vertex 15.8598 17.3687 2.7
    endloop
  endfacet
  facet normal -0.577568 0.428389 -0.694909
    outer loop
      vertex 14.9975 16.9124 2.4
      vertex 14.7194 17.0241 2.7
      vertex 14.7731 17.0965 2.7
    endloop
  endfacet
  facet normal -0.718209 -0.0342004 -0.694987
    outer loop
      vertex 14.85 16.5 2.4
      vertex 14.5598 16.4979 2.7
      vertex 14.5597 16.5 2.7
    endloop
  endfacet
  facet normal -0.718187 -0.034951 -0.694971
    outer loop
      vertex 14.5598 16.4979 2.7
      vertex 14.85 16.5 2.4
      vertex 14.8531 16.4363 2.4
    endloop
  endfacet
  facet normal -0.307475 -0.649864 -0.69508
    outer loop
      vertex 15.0586 15.6698 2.7
      vertex 15.1936 15.9268 2.4
      vertex 15.2513 15.8995 2.4
    endloop
  endfacet
  facet normal -0.307762 -0.64972 -0.695087
    outer loop
      vertex 15.1936 15.9268 2.4
      vertex 15.0586 15.6698 2.7
      vertex 15.0567 15.6707 2.7
    endloop
  endfacet
  facet normal -0.174394 -0.697578 -0.694962
    outer loop
      vertex 15.3113 15.878 2.4
      vertex 15.229 15.5997 2.7
      vertex 15.227 15.6002 2.7
    endloop
  endfacet
  facet normal -0.174658 -0.697506 -0.694968
    outer loop
      vertex 15.229 15.5997 2.7
      vertex 15.3113 15.878 2.4
      vertex 15.3732 15.8625 2.4
    endloop
  endfacet
  facet normal -0.617135 0.368927 -0.695009
    outer loop
      vertex 14.9268 16.8064 2.4
      vertex 14.6718 16.945 2.7
      vertex 14.9595 16.8611 2.4
    endloop
  endfacet
  facet normal -0.60426 0.390992 -0.694259
    outer loop
      vertex 14.6718 16.945 2.7
      vertex 14.9268 16.8064 2.4
      vertex 14.6707 16.9433 2.7
    endloop
  endfacet
  facet normal 0.390992 -0.60426 -0.694259
    outer loop
      vertex 15.8064 15.9268 2.4
      vertex 15.945 15.6718 2.7
      vertex 15.9433 15.6707 2.7
    endloop
  endfacet
  facet normal 0.368927 -0.617135 -0.695009
    outer loop
      vertex 15.945 15.6718 2.7
      vertex 15.8064 15.9268 2.4
      vertex 15.8611 15.9595 2.4
    endloop
  endfacet
  facet normal 0.307762 -0.64972 -0.695087
    outer loop
      vertex 15.9414 15.6698 2.7
      vertex 15.8064 15.9268 2.4
      vertex 15.9433 15.6707 2.7
    endloop
  endfacet
  facet normal 0.307475 -0.649864 -0.69508
    outer loop
      vertex 15.8064 15.9268 2.4
      vertex 15.9414 15.6698 2.7
      vertex 15.7487 15.8995 2.4
    endloop
  endfacet
  facet normal 0.482766 -0.532955 -0.694907
    outer loop
      vertex 16.0965 15.7731 2.7
      vertex 15.9124 15.9975 2.4
      vertex 16.1634 15.8337 2.7
    endloop
  endfacet
  facet normal 0.428389 -0.577568 -0.694909
    outer loop
      vertex 16.0241 15.7194 2.7
      vertex 15.9124 15.9975 2.4
      vertex 16.0965 15.7731 2.7
    endloop
  endfacet
  facet normal 0.64972 -0.307762 -0.695087
    outer loop
      vertex 16.0732 16.1936 2.4
      vertex 16.3302 16.0586 2.7
      vertex 16.3293 16.0567 2.7
    endloop
  endfacet
  facet normal 0.649864 -0.307475 -0.69508
    outer loop
      vertex 16.3302 16.0586 2.7
      vertex 16.0732 16.1936 2.4
      vertex 16.1005 16.2513 2.4
    endloop
  endfacet
  facet normal 0.650285 -0.306813 -0.694978
    outer loop
      vertex 16.3302 16.0586 2.7
      vertex 16.1005 16.2513 2.4
      vertex 16.3687 16.1402 2.7
    endloop
  endfacet
  facet normal 0.414523 -0.58724 -0.695212
    outer loop
      vertex 15.8611 15.9595 2.4
      vertex 16.0241 15.7194 2.7
      vertex 16.0224 15.7182 2.7
    endloop
  endfacet
  facet normal 0.427993 -0.57779 -0.694968
    outer loop
      vertex 16.0241 15.7194 2.7
      vertex 15.8611 15.9595 2.4
      vertex 15.9124 15.9975 2.4
    endloop
  endfacet
  facet normal 0.697506 -0.174658 -0.694968
    outer loop
      vertex 16.4003 16.229 2.7
      vertex 16.122 16.3113 2.4
      vertex 16.1375 16.3732 2.4
    endloop
  endfacet
  facet normal 0.697578 -0.174394 -0.694962
    outer loop
      vertex 16.122 16.3113 2.4
      vertex 16.4003 16.229 2.7
      vertex 16.3998 16.227 2.7
    endloop
  endfacet
  facet normal -0.242395 -0.676951 -0.694969
    outer loop
      vertex 15.227 15.6002 2.7
      vertex 15.1421 15.6306 2.7
      vertex 15.3113 15.878 2.4
    endloop
  endfacet
  facet normal 0.525475 -0.490444 -0.695227
    outer loop
      vertex 15.9596 16.0404 2.4
      vertex 16.1663 15.8366 2.7
      vertex 16.1649 15.8351 2.7
    endloop
  endfacet
  facet normal 0.532028 -0.48356 -0.695066
    outer loop
      vertex 16.1663 15.8366 2.7
      vertex 15.9596 16.0404 2.4
      vertex 16.0025 16.0876 2.4
    endloop
  endfacet
  facet normal 0.577568 -0.428389 -0.694909
    outer loop
      vertex 16.2269 15.9035 2.7
      vertex 16.0025 16.0876 2.4
      vertex 16.2806 15.9759 2.7
    endloop
  endfacet
  facet normal 0.616775 -0.369746 -0.694893
    outer loop
      vertex 16.2818 15.9776 2.7
      vertex 16.0405 16.1389 2.4
      vertex 16.3282 16.055 2.7
    endloop
  endfacet
  facet normal -0.427993 0.57779 -0.694968
    outer loop
      vertex 14.9759 17.2806 2.7
      vertex 15.1389 17.0405 2.4
      vertex 15.0876 17.0025 2.4
    endloop
  endfacet
  facet normal -0.414523 0.58724 -0.695212
    outer loop
      vertex 15.1389 17.0405 2.4
      vertex 14.9759 17.2806 2.7
      vertex 14.9776 17.2818 2.7
    endloop
  endfacet
  facet normal 0.368927 0.617135 -0.695009
    outer loop
      vertex 15.8064 17.0732 2.4
      vertex 15.945 17.3282 2.7
      vertex 15.8611 17.0405 2.4
    endloop
  endfacet
  facet normal 0.390992 0.60426 -0.694259
    outer loop
      vertex 15.945 17.3282 2.7
      vertex 15.8064 17.0732 2.4
      vertex 15.9433 17.3293 2.7
    endloop
  endfacet
  facet normal -0.532955 0.482766 -0.694907
    outer loop
      vertex 14.9975 16.9124 2.4
      vertex 14.7731 17.0965 2.7
      vertex 14.8337 17.1634 2.7
    endloop
  endfacet
  facet normal -0.428389 -0.577568 -0.694909
    outer loop
      vertex 14.9759 15.7194 2.7
      vertex 14.9035 15.7731 2.7
      vertex 15.0876 15.9975 2.4
    endloop
  endfacet
  facet normal -0.482766 0.532955 -0.694907
    outer loop
      vertex 15.0876 17.0025 2.4
      vertex 14.8366 17.1663 2.7
      vertex 14.9035 17.2269 2.7
    endloop
  endfacet
  facet normal -0.428389 0.577568 -0.694909
    outer loop
      vertex 15.0876 17.0025 2.4
      vertex 14.9035 17.2269 2.7
      vertex 14.9759 17.2806 2.7
    endloop
  endfacet
  facet normal -0.242546 -0.676874 -0.694991
    outer loop
      vertex 15.1421 15.6306 2.7
      vertex 15.2513 15.8995 2.4
      vertex 15.3113 15.878 2.4
    endloop
  endfacet
  facet normal -0.248529 -0.674577 -0.695111
    outer loop
      vertex 15.2513 15.8995 2.4
      vertex 15.1421 15.6306 2.7
      vertex 15.1402 15.6313 2.7
    endloop
  endfacet
  facet normal -0.525475 -0.490444 -0.695227
    outer loop
      vertex 14.8337 15.8366 2.7
      vertex 15.0404 16.0404 2.4
      vertex 14.8351 15.8351 2.7
    endloop
  endfacet
  facet normal -0.532028 -0.48356 -0.695066
    outer loop
      vertex 15.0404 16.0404 2.4
      vertex 14.8337 15.8366 2.7
      vertex 14.9975 16.0876 2.4
    endloop
  endfacet
  facet normal -0.577568 -0.428389 -0.694909
    outer loop
      vertex 14.7731 15.9035 2.7
      vertex 14.7194 15.9759 2.7
      vertex 14.9975 16.0876 2.4
    endloop
  endfacet
  facet normal -0.175127 -0.697323 -0.695033
    outer loop
      vertex 15.3166 15.5777 2.7
      vertex 15.229 15.5997 2.7
      vertex 15.3732 15.8625 2.4
    endloop
  endfacet
  facet normal -0.617135 -0.368927 -0.695009
    outer loop
      vertex 14.6718 16.055 2.7
      vertex 14.9268 16.1936 2.4
      vertex 14.9595 16.1389 2.4
    endloop
  endfacet
  facet normal -0.60426 -0.390992 -0.694259
    outer loop
      vertex 14.9268 16.1936 2.4
      vertex 14.6718 16.055 2.7
      vertex 14.6707 16.0567 2.7
    endloop
  endfacet
  facet normal 0.60426 0.390992 -0.694259
    outer loop
      vertex 16.0732 16.8064 2.4
      vertex 16.3282 16.945 2.7
      vertex 16.3293 16.9433 2.7
    endloop
  endfacet
  facet normal 0.617135 0.368927 -0.695009
    outer loop
      vertex 16.3282 16.945 2.7
      vertex 16.0732 16.8064 2.4
      vertex 16.0405 16.8611 2.4
    endloop
  endfacet
  facet normal 0.175127 -0.697323 -0.695033
    outer loop
      vertex 15.6834 15.5777 2.7
      vertex 15.6268 15.8625 2.4
      vertex 15.771 15.5997 2.7
    endloop
  endfacet
  facet normal -0.616775 0.369746 -0.694893
    outer loop
      vertex 14.9595 16.8611 2.4
      vertex 14.6718 16.945 2.7
      vertex 14.7182 17.0224 2.7
    endloop
  endfacet
  facet normal -0.105948 -0.711207 -0.694953
    outer loop
      vertex 15.4363 15.8531 2.4
      vertex 15.4058 15.5645 2.7
      vertex 15.3732 15.8625 2.4
    endloop
  endfacet
  facet normal -0.106667 -0.711115 -0.694937
    outer loop
      vertex 15.4058 15.5645 2.7
      vertex 15.4363 15.8531 2.4
      vertex 15.4078 15.5642 2.7
    endloop
  endfacet
  facet normal -0.697578 0.174394 -0.694962
    outer loop
      vertex 14.878 16.6887 2.4
      vertex 14.5997 16.771 2.7
      vertex 14.6002 16.773 2.7
    endloop
  endfacet
  facet normal -0.697506 0.174658 -0.694968
    outer loop
      vertex 14.5997 16.771 2.7
      vertex 14.878 16.6887 2.4
      vertex 14.8625 16.6268 2.4
    endloop
  endfacet
  facet normal -0.676951 0.242395 -0.694969
    outer loop
      vertex 14.878 16.6887 2.4
      vertex 14.6002 16.773 2.7
      vertex 14.6306 16.8579 2.7
    endloop
  endfacet
  facet normal -0.307475 0.649864 -0.69508
    outer loop
      vertex 15.1936 17.0732 2.4
      vertex 15.0586 17.3302 2.7
      vertex 15.2513 17.1005 2.4
    endloop
  endfacet
  facet normal -0.307762 0.64972 -0.695087
    outer loop
      vertex 15.0586 17.3302 2.7
      vertex 15.1936 17.0732 2.4
      vertex 15.0567 17.3293 2.7
    endloop
  endfacet
  facet normal -0.711115 -0.106667 -0.694937
    outer loop
      vertex 14.8531 16.4363 2.4
      vertex 14.5645 16.4058 2.7
      vertex 14.5642 16.4078 2.7
    endloop
  endfacet
  facet normal -0.711207 -0.105948 -0.694953
    outer loop
      vertex 14.5645 16.4058 2.7
      vertex 14.8531 16.4363 2.4
      vertex 14.8625 16.3732 2.4
    endloop
  endfacet
  facet normal 0.490444 0.525475 -0.695227
    outer loop
      vertex 15.9596 16.9596 2.4
      vertex 16.1634 17.1663 2.7
      vertex 16.1649 17.1649 2.7
    endloop
  endfacet
  facet normal 0.48356 0.532028 -0.695066
    outer loop
      vertex 16.1634 17.1663 2.7
      vertex 15.9596 16.9596 2.4
      vertex 15.9124 17.0025 2.4
    endloop
  endfacet
  facet normal 0.482766 0.532955 -0.694907
    outer loop
      vertex 16.1634 17.1663 2.7
      vertex 15.9124 17.0025 2.4
      vertex 16.0965 17.2269 2.7
    endloop
  endfacet
  facet normal -0.697323 -0.175127 -0.695033
    outer loop
      vertex 14.5997 16.229 2.7
      vertex 14.5777 16.3166 2.7
      vertex 14.8625 16.3732 2.4
    endloop
  endfacet
  facet normal 0.105248 -0.711222 -0.695044
    outer loop
      vertex 15.6834 15.5777 2.7
      vertex 15.5942 15.5645 2.7
      vertex 15.6268 15.8625 2.4
    endloop
  endfacet
  facet normal 0.106667 -0.711115 -0.694937
    outer loop
      vertex 15.5637 15.8531 2.4
      vertex 15.5942 15.5645 2.7
      vertex 15.5922 15.5642 2.7
    endloop
  endfacet
  facet normal 0.105948 -0.711207 -0.694953
    outer loop
      vertex 15.5942 15.5645 2.7
      vertex 15.5637 15.8531 2.4
      vertex 15.6268 15.8625 2.4
    endloop
  endfacet
  facet normal 0.60426 -0.390992 -0.694259
    outer loop
      vertex 16.3282 16.055 2.7
      vertex 16.0732 16.1936 2.4
      vertex 16.3293 16.0567 2.7
    endloop
  endfacet
  facet normal 0.617135 -0.368927 -0.695009
    outer loop
      vertex 16.0732 16.1936 2.4
      vertex 16.3282 16.055 2.7
      vertex 16.0405 16.1389 2.4
    endloop
  endfacet
  facet normal 0 0 -1
    outer loop
      vertex 16.1469 16.4363 2.4
      vertex 16.1469 16.5637 2.4
      vertex 16.15 16.5 2.4
    endloop
  endfacet
  facet normal 0 0 -1
    outer loop
      vertex 16.1375 16.3732 2.4
      vertex 16.1469 16.5637 2.4
      vertex 16.1469 16.4363 2.4
    endloop
  endfacet
  facet normal 0 0 -1
    outer loop
      vertex 16.1375 16.3732 2.4
      vertex 16.1375 16.6268 2.4
      vertex 16.1469 16.5637 2.4
    endloop
  endfacet
  facet normal 0 0 -1
    outer loop
      vertex 16.122 16.3113 2.4
      vertex 16.1375 16.6268 2.4
      vertex 16.1375 16.3732 2.4
    endloop
  endfacet
  facet normal 0 0 -1
    outer loop
      vertex 16.122 16.3113 2.4
      vertex 16.122 16.6887 2.4
      vertex 16.1375 16.6268 2.4
    endloop
  endfacet
  facet normal 0 0 -1
    outer loop
      vertex 16.1005 16.2513 2.4
      vertex 16.122 16.6887 2.4
      vertex 16.122 16.3113 2.4
    endloop
  endfacet
  facet normal 0 0 -1
    outer loop
      vertex 16.1005 16.2513 2.4
      vertex 16.1005 16.7487 2.4
      vertex 16.122 16.6887 2.4
    endloop
  endfacet
  facet normal 0 0 -1
    outer loop
      vertex 16.0732 16.1936 2.4
      vertex 16.1005 16.7487 2.4
      vertex 16.1005 16.2513 2.4
    endloop
  endfacet
  facet normal 0 0 -1
    outer loop
      vertex 16.0732 16.1936 2.4
      vertex 16.0732 16.8064 2.4
      vertex 16.1005 16.7487 2.4
    endloop
  endfacet
  facet normal 0 0 -1
    outer loop
      vertex 16.0405 16.1389 2.4
      vertex 16.0732 16.8064 2.4
      vertex 16.0732 16.1936 2.4
    endloop
  endfacet
  facet normal 0 0 -1
    outer loop
      vertex 16.0405 16.1389 2.4
      vertex 16.0405 16.8611 2.4
      vertex 16.0732 16.8064 2.4
    endloop
  endfacet
  facet normal 0 0 -1
    outer loop
      vertex 16.0025 16.0876 2.4
      vertex 16.0405 16.8611 2.4
      vertex 16.0405 16.1389 2.4
    endloop
  endfacet
  facet normal 0 0 -1
    outer loop
      vertex 16.0025 16.0876 2.4
      vertex 16.0025 16.9124 2.4
      vertex 16.0405 16.8611 2.4
    endloop
  endfacet
  facet normal 0 0 -1
    outer loop
      vertex 15.9596 16.0404 2.4
      vertex 16.0025 16.9124 2.4
      vertex 16.0025 16.0876 2.4
    endloop
  endfacet
  facet normal 0 0 -1
    outer loop
      vertex 15.9596 16.0404 2.4
      vertex 15.9596 16.9596 2.4
      vertex 16.0025 16.9124 2.4
    endloop
  endfacet
  facet normal 0 0 -1
    outer loop
      vertex 15.9124 15.9975 2.4
      vertex 15.9596 16.9596 2.4
      vertex 15.9596 16.0404 2.4
    endloop
  endfacet
  facet normal 0 0 -1
    outer loop
      vertex 15.9124 15.9975 2.4
      vertex 15.9124 17.0025 2.4
      vertex 15.9596 16.9596 2.4
    endloop
  endfacet
  facet normal 0 0 -1
    outer loop
      vertex 15.8611 15.9595 2.4
      vertex 15.9124 17.0025 2.4
      vertex 15.9124 15.9975 2.4
    endloop
  endfacet
  facet normal 0 0 -1
    outer loop
      vertex 15.8611 15.9595 2.4
      vertex 15.8611 17.0405 2.4
      vertex 15.9124 17.0025 2.4
    endloop
  endfacet
  facet normal 0 0 -1
    outer loop
      vertex 15.8064 15.9268 2.4
      vertex 15.8611 17.0405 2.4
      vertex 15.8611 15.9595 2.4
    endloop
  endfacet
  facet normal 0 0 -1
    outer loop
      vertex 15.8064 15.9268 2.4
      vertex 15.8064 17.0732 2.4
      vertex 15.8611 17.0405 2.4
    endloop
  endfacet
  facet normal 0 0 -1
    outer loop
      vertex 15.7487 15.8995 2.4
      vertex 15.8064 17.0732 2.4
      vertex 15.8064 15.9268 2.4
    endloop
  endfacet
  facet normal 0 0 -1
    outer loop
      vertex 15.7487 15.8995 2.4
      vertex 15.7487 17.1005 2.4
      vertex 15.8064 17.0732 2.4
    endloop
  endfacet
  facet normal 0 0 -1
    outer loop
      vertex 15.6887 15.878 2.4
      vertex 15.7487 17.1005 2.4
      vertex 15.7487 15.8995 2.4
    endloop
  endfacet
  facet normal 0 0 -1
    outer loop
      vertex 15.6887 15.878 2.4
      vertex 15.6887 17.122 2.4
      vertex 15.7487 17.1005 2.4
    endloop
  endfacet
  facet normal 0 0 -1
    outer loop
      vertex 15.6268 15.8625 2.4
      vertex 15.6887 17.122 2.4
      vertex 15.6887 15.878 2.4
    endloop
  endfacet
  facet normal 0 0 -1
    outer loop
      vertex 15.6268 15.8625 2.4
      vertex 15.6268 17.1375 2.4
      vertex 15.6887 17.122 2.4
    endloop
  endfacet
  facet normal 0 0 -1
    outer loop
      vertex 15.5637 15.8531 2.4
      vertex 15.6268 17.1375 2.4
      vertex 15.6268 15.8625 2.4
    endloop
  endfacet
  facet normal 0 0 -1
    outer loop
      vertex 15.5637 15.8531 2.4
      vertex 15.5637 17.1469 2.4
      vertex 15.6268 17.1375 2.4
    endloop
  endfacet
  facet normal 0 0 -1
    outer loop
      vertex 15.5 15.85 2.4
      vertex 15.5637 17.1469 2.4
      vertex 15.5637 15.8531 2.4
    endloop
  endfacet
  facet normal 0 0 -1
    outer loop
      vertex 15.5 15.85 2.4
      vertex 15.5 17.15 2.4
      vertex 15.5637 17.1469 2.4
    endloop
  endfacet
  facet normal 0 0 -1
    outer loop
      vertex 15.4363 15.8531 2.4
      vertex 15.5 17.15 2.4
      vertex 15.5 15.85 2.4
    endloop
  endfacet
  facet normal 0 0 -1
    outer loop
      vertex 15.4363 15.8531 2.4
      vertex 15.4363 17.1469 2.4
      vertex 15.5 17.15 2.4
    endloop
  endfacet
  facet normal 0 0 -1
    outer loop
      vertex 15.3732 15.8625 2.4
      vertex 15.4363 17.1469 2.4
      vertex 15.4363 15.8531 2.4
    endloop
  endfacet
  facet normal 0 0 -1
    outer loop
      vertex 15.3732 15.8625 2.4
      vertex 15.3732 17.1375 2.4
      vertex 15.4363 17.1469 2.4
    endloop
  endfacet
  facet normal 0 0 -1
    outer loop
      vertex 15.3113 15.878 2.4
      vertex 15.3732 17.1375 2.4
      vertex 15.3732 15.8625 2.4
    endloop
  endfacet
  facet normal 0 0 -1
    outer loop
      vertex 15.3113 15.878 2.4
      vertex 15.3113 17.122 2.4
      vertex 15.3732 17.1375 2.4
    endloop
  endfacet
  facet normal 0 0 -1
    outer loop
      vertex 15.2513 15.8995 2.4
      vertex 15.3113 17.122 2.4
      vertex 15.3113 15.878 2.4
    endloop
  endfacet
  facet normal 0 0 -1
    outer loop
      vertex 15.2513 15.8995 2.4
      vertex 15.2513 17.1005 2.4
      vertex 15.3113 17.122 2.4
    endloop
  endfacet
  facet normal 0 0 -1
    outer loop
      vertex 15.1936 15.9268 2.4
      vertex 15.2513 17.1005 2.4
      vertex 15.2513 15.8995 2.4
    endloop
  endfacet
  facet normal 0 0 -1
    outer loop
      vertex 15.1936 15.9268 2.4
      vertex 15.1936 17.0732 2.4
      vertex 15.2513 17.1005 2.4
    endloop
  endfacet
  facet normal 0 0 -1
    outer loop
      vertex 15.1389 15.9595 2.4
      vertex 15.1936 17.0732 2.4
      vertex 15.1936 15.9268 2.4
    endloop
  endfacet
  facet normal 0 0 -1
    outer loop
      vertex 15.1389 15.9595 2.4
      vertex 15.1389 17.0405 2.4
      vertex 15.1936 17.0732 2.4
    endloop
  endfacet
  facet normal 0 0 -1
    outer loop
      vertex 15.0876 15.9975 2.4
      vertex 15.1389 17.0405 2.4
      vertex 15.1389 15.9595 2.4
    endloop
  endfacet
  facet normal 0 0 -1
    outer loop
      vertex 15.0876 15.9975 2.4
      vertex 15.0876 17.0025 2.4
      vertex 15.1389 17.0405 2.4
    endloop
  endfacet
  facet normal 0 0 -1
    outer loop
      vertex 15.0404 16.0404 2.4
      vertex 15.0876 17.0025 2.4
      vertex 15.0876 15.9975 2.4
    endloop
  endfacet
  facet normal 0 0 -1
    outer loop
      vertex 15.0404 16.0404 2.4
      vertex 15.0404 16.9596 2.4
      vertex 15.0876 17.0025 2.4
    endloop
  endfacet
  facet normal 0 0 -1
    outer loop
      vertex 14.9975 16.0876 2.4
      vertex 15.0404 16.9596 2.4
      vertex 15.0404 16.0404 2.4
    endloop
  endfacet
  facet normal 0 0 -1
    outer loop
      vertex 14.9975 16.0876 2.4
      vertex 14.9975 16.9124 2.4
      vertex 15.0404 16.9596 2.4
    endloop
  endfacet
  facet normal 0 0 -1
    outer loop
      vertex 14.9595 16.1389 2.4
      vertex 14.9975 16.9124 2.4
      vertex 14.9975 16.0876 2.4
    endloop
  endfacet
  facet normal 0 0 -1
    outer loop
      vertex 14.9595 16.1389 2.4
      vertex 14.9595 16.8611 2.4
      vertex 14.9975 16.9124 2.4
    endloop
  endfacet
  facet normal 0 0 -1
    outer loop
      vertex 14.9268 16.1936 2.4
      vertex 14.9595 16.8611 2.4
      vertex 14.9595 16.1389 2.4
    endloop
  endfacet
  facet normal 0 0 -1
    outer loop
      vertex 14.9268 16.1936 2.4
      vertex 14.9268 16.8064 2.4
      vertex 14.9595 16.8611 2.4
    endloop
  endfacet
  facet normal 0 0 -1
    outer loop
      vertex 14.8995 16.2513 2.4
      vertex 14.9268 16.8064 2.4
      vertex 14.9268 16.1936 2.4
    endloop
  endfacet
  facet normal 0 0 -1
    outer loop
      vertex 14.8995 16.2513 2.4
      vertex 14.8995 16.7487 2.4
      vertex 14.9268 16.8064 2.4
    endloop
  endfacet
  facet normal 0 0 -1
    outer loop
      vertex 14.878 16.3113 2.4
      vertex 14.8995 16.7487 2.4
      vertex 14.8995 16.2513 2.4
    endloop
  endfacet
  facet normal 0 0 -1
    outer loop
      vertex 14.878 16.3113 2.4
      vertex 14.878 16.6887 2.4
      vertex 14.8995 16.7487 2.4
    endloop
  endfacet
  facet normal 0 0 -1
    outer loop
      vertex 14.8625 16.3732 2.4
      vertex 14.878 16.6887 2.4
      vertex 14.878 16.3113 2.4
    endloop
  endfacet
  facet normal 0 0 -1
    outer loop
      vertex 14.8625 16.3732 2.4
      vertex 14.8625 16.6268 2.4
      vertex 14.878 16.6887 2.4
    endloop
  endfacet
  facet normal 0 0 -1
    outer loop
      vertex 14.8531 16.4363 2.4
      vertex 14.8625 16.6268 2.4
      vertex 14.8625 16.3732 2.4
    endloop
  endfacet
  facet normal 0 0 -1
    outer loop
      vertex 14.8531 16.4363 2.4
      vertex 14.8531 16.5637 2.4
      vertex 14.8625 16.6268 2.4
    endloop
  endfacet
  facet normal 0 -0 -1
    outer loop
      vertex 14.8531 16.5637 2.4
      vertex 14.8531 16.4363 2.4
      vertex 14.85 16.5 2.4
    endloop
  endfacet
  facet normal -0.175127 0.697323 -0.695033
    outer loop
      vertex 15.3732 17.1375 2.4
      vertex 15.229 17.4003 2.7
      vertex 15.3166 17.4223 2.7
    endloop
  endfacet
  facet normal -0.697506 -0.174658 -0.694968
    outer loop
      vertex 14.878 16.3113 2.4
      vertex 14.5997 16.229 2.7
      vertex 14.8625 16.3732 2.4
    endloop
  endfacet
  facet normal -0.697578 -0.174394 -0.694962
    outer loop
      vertex 14.5997 16.229 2.7
      vertex 14.878 16.3113 2.4
      vertex 14.6002 16.227 2.7
    endloop
  endfacet
  facet normal -0.369746 -0.616775 -0.694893
    outer loop
      vertex 15.055 15.6718 2.7
      vertex 14.9776 15.7182 2.7
      vertex 15.1389 15.9595 2.4
    endloop
  endfacet
  facet normal -0.414523 -0.58724 -0.695212
    outer loop
      vertex 14.9759 15.7194 2.7
      vertex 15.1389 15.9595 2.4
      vertex 14.9776 15.7182 2.7
    endloop
  endfacet
  facet normal -0.427993 -0.57779 -0.694968
    outer loop
      vertex 15.1389 15.9595 2.4
      vertex 14.9759 15.7194 2.7
      vertex 15.0876 15.9975 2.4
    endloop
  endfacet
  facet normal -0.105248 0.711222 -0.695044
    outer loop
      vertex 15.3732 17.1375 2.4
      vertex 15.3166 17.4223 2.7
      vertex 15.4058 17.4355 2.7
    endloop
  endfacet
  facet normal -0.174658 0.697506 -0.694968
    outer loop
      vertex 15.3113 17.122 2.4
      vertex 15.229 17.4003 2.7
      vertex 15.3732 17.1375 2.4
    endloop
  endfacet
  facet normal -0.174394 0.697578 -0.694962
    outer loop
      vertex 15.229 17.4003 2.7
      vertex 15.3113 17.122 2.4
      vertex 15.227 17.3998 2.7
    endloop
  endfacet
  facet normal -0.57779 0.427993 -0.694968
    outer loop
      vertex 14.9595 16.8611 2.4
      vertex 14.7194 17.0241 2.7
      vertex 14.9975 16.9124 2.4
    endloop
  endfacet
  facet normal -0.58724 0.414523 -0.695212
    outer loop
      vertex 14.7194 17.0241 2.7
      vertex 14.9595 16.8611 2.4
      vertex 14.7182 17.0224 2.7
    endloop
  endfacet
  facet normal -0.64972 -0.307762 -0.695087
    outer loop
      vertex 14.6698 16.0586 2.7
      vertex 14.9268 16.1936 2.4
      vertex 14.6707 16.0567 2.7
    endloop
  endfacet
  facet normal -0.649864 -0.307475 -0.69508
    outer loop
      vertex 14.9268 16.1936 2.4
      vertex 14.6698 16.0586 2.7
      vertex 14.8995 16.2513 2.4
    endloop
  endfacet
  facet normal -0.671705 -0.740819 0
    outer loop
      vertex 13.2373 14.2373 5
      vertex 13.4699 14.0264 6.2
      vertex 13.2373 14.2373 6.2
    endloop
  endfacet
  facet normal -0.671705 -0.740819 -0
    outer loop
      vertex 13.4699 14.0264 6.2
      vertex 13.2373 14.2373 5
      vertex 13.4699 14.0264 5
    endloop
  endfacet
  facet normal -0.941547 0.336881 0
    outer loop
      vertex 12.4378 17.4289 5
      vertex 12.5436 17.7246 6.2
      vertex 12.5436 17.7246 5
    endloop
  endfacet
  facet normal -0.941547 0.336881 0
    outer loop
      vertex 12.5436 17.7246 6.2
      vertex 12.4378 17.4289 5
      vertex 12.4378 17.4289 6.2
    endloop
  endfacet
  facet normal 0.989164 0.146814 0
    outer loop
      vertex 18.6846 16.8137 6.2
      vertex 18.6385 17.1243 5
      vertex 18.6385 17.1243 6.2
    endloop
  endfacet
  facet normal 0.989164 0.146814 0
    outer loop
      vertex 18.6385 17.1243 5
      vertex 18.6846 16.8137 6.2
      vertex 18.6846 16.8137 5
    endloop
  endfacet
  facet normal 0.998797 0.0490324 0
    outer loop
      vertex 18.7 16.5 6.2
      vertex 18.6846 16.8137 5
      vertex 18.6846 16.8137 6.2
    endloop
  endfacet
  facet normal 0.998797 0.0490324 0
    outer loop
      vertex 18.6846 16.8137 5
      vertex 18.7 16.5 6.2
      vertex 18.7 16.5 5
    endloop
  endfacet
  facet normal -0.514074 -0.857746 0
    outer loop
      vertex 13.7222 13.8393 5
      vertex 13.9915 13.6779 6.2
      vertex 13.7222 13.8393 6.2
    endloop
  endfacet
  facet normal -0.514074 -0.857746 -0
    outer loop
      vertex 13.9915 13.6779 6.2
      vertex 13.7222 13.8393 5
      vertex 13.9915 13.6779 5
    endloop
  endfacet
  facet normal 0.671705 0.740819 -0
    outer loop
      vertex 17.7627 18.7627 5
      vertex 17.5301 18.9736 6.2
      vertex 17.7627 18.7627 6.2
    endloop
  endfacet
  facet normal 0.671705 0.740819 0
    outer loop
      vertex 17.5301 18.9736 6.2
      vertex 17.7627 18.7627 5
      vertex 17.5301 18.9736 5
    endloop
  endfacet
  facet normal -0.146814 -0.989164 0
    outer loop
      vertex 14.8757 13.3615 5
      vertex 15.1863 13.3154 6.2
      vertex 14.8757 13.3615 6.2
    endloop
  endfacet
  facet normal -0.146814 -0.989164 -0
    outer loop
      vertex 15.1863 13.3154 6.2
      vertex 14.8757 13.3615 5
      vertex 15.1863 13.3154 5
    endloop
  endfacet
  facet normal 0.740819 0.671705 0
    outer loop
      vertex 17.9736 18.5301 6.2
      vertex 17.7627 18.7627 5
      vertex 17.7627 18.7627 6.2
    endloop
  endfacet
  facet normal 0.740819 0.671705 0
    outer loop
      vertex 17.7627 18.7627 5
      vertex 17.9736 18.5301 6.2
      vertex 17.9736 18.5301 5
    endloop
  endfacet
  facet normal 0.427621 0.903958 -0
    outer loop
      vertex 17.0085 19.3221 5
      vertex 16.7246 19.4564 6.2
      vertex 17.0085 19.3221 6.2
    endloop
  endfacet
  facet normal 0.427621 0.903958 0
    outer loop
      vertex 16.7246 19.4564 6.2
      vertex 17.0085 19.3221 5
      vertex 16.7246 19.4564 5
    endloop
  endfacet
  facet normal 0.0490324 -0.998797 0
    outer loop
      vertex 15.5 13.3 5
      vertex 15.8137 13.3154 6.2
      vertex 15.5 13.3 6.2
    endloop
  endfacet
  facet normal 0.0490324 -0.998797 0
    outer loop
      vertex 15.8137 13.3154 6.2
      vertex 15.5 13.3 5
      vertex 15.8137 13.3154 5
    endloop
  endfacet
  facet normal -0.740819 0.671705 0
    outer loop
      vertex 13.0264 18.5301 5
      vertex 13.2373 18.7627 6.2
      vertex 13.2373 18.7627 5
    endloop
  endfacet
  facet normal -0.740819 0.671705 0
    outer loop
      vertex 13.2373 18.7627 6.2
      vertex 13.0264 18.5301 5
      vertex 13.0264 18.5301 6.2
    endloop
  endfacet
  facet normal 0.989164 -0.146814 0
    outer loop
      vertex 18.6385 15.8757 6.2
      vertex 18.6846 16.1863 5
      vertex 18.6846 16.1863 6.2
    endloop
  endfacet
  facet normal 0.989164 -0.146814 0
    outer loop
      vertex 18.6846 16.1863 5
      vertex 18.6385 15.8757 6.2
      vertex 18.6385 15.8757 5
    endloop
  endfacet
  facet normal 0.903958 0.427621 0
    outer loop
      vertex 18.4564 17.7246 6.2
      vertex 18.3221 18.0085 5
      vertex 18.3221 18.0085 6.2
    endloop
  endfacet
  facet normal 0.903958 0.427621 0
    outer loop
      vertex 18.3221 18.0085 5
      vertex 18.4564 17.7246 6.2
      vertex 18.4564 17.7246 5
    endloop
  endfacet
  facet normal -0.242985 0.97003 0
    outer loop
      vertex 14.8757 19.6385 5
      vertex 14.5711 19.5622 6.2
      vertex 14.8757 19.6385 6.2
    endloop
  endfacet
  facet normal -0.242985 0.97003 0
    outer loop
      vertex 14.5711 19.5622 6.2
      vertex 14.8757 19.6385 5
      vertex 14.5711 19.5622 5
    endloop
  endfacet
  facet normal -0.803236 0.595661 0
    outer loop
      vertex 12.8393 18.2778 5
      vertex 13.0264 18.5301 6.2
      vertex 13.0264 18.5301 5
    endloop
  endfacet
  facet normal -0.803236 0.595661 0
    outer loop
      vertex 13.0264 18.5301 6.2
      vertex 12.8393 18.2778 5
      vertex 12.8393 18.2778 6.2
    endloop
  endfacet
  facet normal 0.242985 0.97003 -0
    outer loop
      vertex 16.4289 19.5622 5
      vertex 16.1243 19.6385 6.2
      vertex 16.4289 19.5622 6.2
    endloop
  endfacet
  facet normal 0.242985 0.97003 0
    outer loop
      vertex 16.1243 19.6385 6.2
      vertex 16.4289 19.5622 5
      vertex 16.1243 19.6385 5
    endloop
  endfacet
  facet normal 0.336881 0.941547 -0
    outer loop
      vertex 16.7246 19.4564 5
      vertex 16.4289 19.5622 6.2
      vertex 16.7246 19.4564 6.2
    endloop
  endfacet
  facet normal 0.336881 0.941547 0
    outer loop
      vertex 16.4289 19.5622 6.2
      vertex 16.7246 19.4564 5
      vertex 16.4289 19.5622 5
    endloop
  endfacet
  facet normal 0.941547 0.336881 0
    outer loop
      vertex 18.5622 17.4289 6.2
      vertex 18.4564 17.7246 5
      vertex 18.4564 17.7246 6.2
    endloop
  endfacet
  facet normal 0.941547 0.336881 0
    outer loop
      vertex 18.4564 17.7246 5
      vertex 18.5622 17.4289 6.2
      vertex 18.5622 17.4289 5
    endloop
  endfacet
  facet normal 0.595661 0.803236 -0
    outer loop
      vertex 17.5301 18.9736 5
      vertex 17.2778 19.1607 6.2
      vertex 17.5301 18.9736 6.2
    endloop
  endfacet
  facet normal 0.595661 0.803236 0
    outer loop
      vertex 17.2778 19.1607 6.2
      vertex 17.5301 18.9736 5
      vertex 17.2778 19.1607 5
    endloop
  endfacet
  facet normal -0.857746 -0.514074 0
    outer loop
      vertex 12.8393 14.7222 5
      vertex 12.6779 14.9915 6.2
      vertex 12.6779 14.9915 5
    endloop
  endfacet
  facet normal -0.857746 -0.514074 0
    outer loop
      vertex 12.6779 14.9915 6.2
      vertex 12.8393 14.7222 5
      vertex 12.8393 14.7222 6.2
    endloop
  endfacet
  facet normal 0.514074 0.857746 -0
    outer loop
      vertex 17.2778 19.1607 5
      vertex 17.0085 19.3221 6.2
      vertex 17.2778 19.1607 6.2
    endloop
  endfacet
  facet normal 0.514074 0.857746 0
    outer loop
      vertex 17.0085 19.3221 6.2
      vertex 17.2778 19.1607 5
      vertex 17.0085 19.3221 5
    endloop
  endfacet
  facet normal 0.941547 -0.336881 0
    outer loop
      vertex 18.4564 15.2754 6.2
      vertex 18.5622 15.5711 5
      vertex 18.5622 15.5711 6.2
    endloop
  endfacet
  facet normal 0.941547 -0.336881 0
    outer loop
      vertex 18.5622 15.5711 5
      vertex 18.4564 15.2754 6.2
      vertex 18.4564 15.2754 5
    endloop
  endfacet
  facet normal -0.857746 0.514074 0
    outer loop
      vertex 12.6779 18.0085 5
      vertex 12.8393 18.2778 6.2
      vertex 12.8393 18.2778 5
    endloop
  endfacet
  facet normal -0.857746 0.514074 0
    outer loop
      vertex 12.8393 18.2778 6.2
      vertex 12.6779 18.0085 5
      vertex 12.6779 18.0085 6.2
    endloop
  endfacet
  facet normal -0.97003 -0.242985 0
    outer loop
      vertex 12.4378 15.5711 5
      vertex 12.3615 15.8757 6.2
      vertex 12.3615 15.8757 5
    endloop
  endfacet
  facet normal -0.97003 -0.242985 0
    outer loop
      vertex 12.3615 15.8757 6.2
      vertex 12.4378 15.5711 5
      vertex 12.4378 15.5711 6.2
    endloop
  endfacet
  facet normal 0.0490324 0.998797 -0
    outer loop
      vertex 15.8137 19.6846 5
      vertex 15.5 19.7 6.2
      vertex 15.8137 19.6846 6.2
    endloop
  endfacet
  facet normal 0.0490324 0.998797 0
    outer loop
      vertex 15.5 19.7 6.2
      vertex 15.8137 19.6846 5
      vertex 15.5 19.7 5
    endloop
  endfacet
  facet normal 0.857746 0.514074 0
    outer loop
      vertex 18.3221 18.0085 6.2
      vertex 18.1607 18.2778 5
      vertex 18.1607 18.2778 6.2
    endloop
  endfacet
  facet normal 0.857746 0.514074 0
    outer loop
      vertex 18.1607 18.2778 5
      vertex 18.3221 18.0085 6.2
      vertex 18.3221 18.0085 5
    endloop
  endfacet
  facet normal -0.941547 -0.336881 0
    outer loop
      vertex 12.5436 15.2754 5
      vertex 12.4378 15.5711 6.2
      vertex 12.4378 15.5711 5
    endloop
  endfacet
  facet normal -0.941547 -0.336881 0
    outer loop
      vertex 12.4378 15.5711 6.2
      vertex 12.5436 15.2754 5
      vertex 12.5436 15.2754 6.2
    endloop
  endfacet
  facet normal -0.671705 0.740819 0
    outer loop
      vertex 13.4699 18.9736 5
      vertex 13.2373 18.7627 6.2
      vertex 13.4699 18.9736 6.2
    endloop
  endfacet
  facet normal -0.671705 0.740819 0
    outer loop
      vertex 13.2373 18.7627 6.2
      vertex 13.4699 18.9736 5
      vertex 13.2373 18.7627 5
    endloop
  endfacet
  facet normal 0.97003 -0.242985 0
    outer loop
      vertex 18.5622 15.5711 6.2
      vertex 18.6385 15.8757 5
      vertex 18.6385 15.8757 6.2
    endloop
  endfacet
  facet normal 0.97003 -0.242985 0
    outer loop
      vertex 18.6385 15.8757 5
      vertex 18.5622 15.5711 6.2
      vertex 18.5622 15.5711 5
    endloop
  endfacet
  facet normal 0 0 -1
    outer loop
      vertex 16.45 16.5 5
      vertex 18.7 16.5 5
      vertex 18.6846 16.1863 5
    endloop
  endfacet
  facet normal 0 0 -1
    outer loop
      vertex 16.4454 16.4069 5
      vertex 18.6846 16.1863 5
      vertex 18.6385 15.8757 5
    endloop
  endfacet
  facet normal 0 0 -1
    outer loop
      vertex 18.7 16.5 5
      vertex 16.45 16.5 5
      vertex 18.6846 16.8137 5
    endloop
  endfacet
  facet normal 0 0 -1
    outer loop
      vertex 16.4317 16.3147 5
      vertex 18.6385 15.8757 5
      vertex 18.5622 15.5711 5
    endloop
  endfacet
  facet normal 0 0 -1
    outer loop
      vertex 16.4454 16.5931 5
      vertex 18.6846 16.8137 5
      vertex 16.45 16.5 5
    endloop
  endfacet
  facet normal 0 0 -1
    outer loop
      vertex 16.4091 16.2242 5
      vertex 18.5622 15.5711 5
      vertex 18.4564 15.2754 5
    endloop
  endfacet
  facet normal -0 0 -1
    outer loop
      vertex 18.6846 16.8137 5
      vertex 16.4454 16.5931 5
      vertex 18.6385 17.1243 5
    endloop
  endfacet
  facet normal 0 0 -1
    outer loop
      vertex 16.3777 16.1365 5
      vertex 18.4564 15.2754 5
      vertex 18.3221 14.9915 5
    endloop
  endfacet
  facet normal 0 0 -1
    outer loop
      vertex 16.4317 16.6853 5
      vertex 18.6385 17.1243 5
      vertex 16.4454 16.5931 5
    endloop
  endfacet
  facet normal 0 0 -1
    outer loop
      vertex 16.3378 16.0522 5
      vertex 18.3221 14.9915 5
      vertex 18.1607 14.7222 5
    endloop
  endfacet
  facet normal -0 0 -1
    outer loop
      vertex 18.6385 17.1243 5
      vertex 16.4317 16.6853 5
      vertex 18.5622 17.4289 5
    endloop
  endfacet
  facet normal 0 0 -1
    outer loop
      vertex 16.2899 15.9722 5
      vertex 18.1607 14.7222 5
      vertex 17.9736 14.4699 5
    endloop
  endfacet
  facet normal 0 0 -1
    outer loop
      vertex 16.4091 16.7758 5
      vertex 18.5622 17.4289 5
      vertex 16.4317 16.6853 5
    endloop
  endfacet
  facet normal 0 0 -1
    outer loop
      vertex 16.2344 15.8973 5
      vertex 17.9736 14.4699 5
      vertex 17.7627 14.2373 5
    endloop
  endfacet
  facet normal -0 0 -1
    outer loop
      vertex 18.5622 17.4289 5
      vertex 16.4091 16.7758 5
      vertex 18.4564 17.7246 5
    endloop
  endfacet
  facet normal 0 0 -1
    outer loop
      vertex 16.1718 15.8282 5
      vertex 17.7627 14.2373 5
      vertex 17.5301 14.0264 5
    endloop
  endfacet
  facet normal 0 0 -1
    outer loop
      vertex 16.3777 16.8635 5
      vertex 18.4564 17.7246 5
      vertex 16.4091 16.7758 5
    endloop
  endfacet
  facet normal 0 0 -1
    outer loop
      vertex 16.1027 15.7656 5
      vertex 17.5301 14.0264 5
      vertex 17.2778 13.8393 5
    endloop
  endfacet
  facet normal -0 0 -1
    outer loop
      vertex 18.4564 17.7246 5
      vertex 16.3777 16.8635 5
      vertex 18.3221 18.0085 5
    endloop
  endfacet
  facet normal 0 0 -1
    outer loop
      vertex 16.0278 15.7101 5
      vertex 17.2778 13.8393 5
      vertex 17.0085 13.6779 5
    endloop
  endfacet
  facet normal 0 0 -1
    outer loop
      vertex 16.3378 16.9478 5
      vertex 18.3221 18.0085 5
      vertex 16.3777 16.8635 5
    endloop
  endfacet
  facet normal 0 0 -1
    outer loop
      vertex 15.9478 15.6622 5
      vertex 17.0085 13.6779 5
      vertex 16.7246 13.5436 5
    endloop
  endfacet
  facet normal -0 0 -1
    outer loop
      vertex 18.3221 18.0085 5
      vertex 16.3378 16.9478 5
      vertex 18.1607 18.2778 5
    endloop
  endfacet
  facet normal 0 0 -1
    outer loop
      vertex 16.2899 17.0278 5
      vertex 18.1607 18.2778 5
      vertex 16.3378 16.9478 5
    endloop
  endfacet
  facet normal 0 0 -1
    outer loop
      vertex 18.6846 16.1863 5
      vertex 16.4454 16.4069 5
      vertex 16.45 16.5 5
    endloop
  endfacet
  facet normal 0 0 -1
    outer loop
      vertex 18.6385 15.8757 5
      vertex 16.4317 16.3147 5
      vertex 16.4454 16.4069 5
    endloop
  endfacet
  facet normal 0 0 -1
    outer loop
      vertex 15.8635 15.6223 5
      vertex 16.7246 13.5436 5
      vertex 16.4289 13.4378 5
    endloop
  endfacet
  facet normal 0 0 -1
    outer loop
      vertex 18.5622 15.5711 5
      vertex 16.4091 16.2242 5
      vertex 16.4317 16.3147 5
    endloop
  endfacet
  facet normal 0 0 -1
    outer loop
      vertex 18.4564 15.2754 5
      vertex 16.3777 16.1365 5
      vertex 16.4091 16.2242 5
    endloop
  endfacet
  facet normal 0 0 -1
    outer loop
      vertex 18.3221 14.9915 5
      vertex 16.3378 16.0522 5
      vertex 16.3777 16.1365 5
    endloop
  endfacet
  facet normal 0 0 -1
    outer loop
      vertex 18.1607 14.7222 5
      vertex 16.2899 15.9722 5
      vertex 16.3378 16.0522 5
    endloop
  endfacet
  facet normal 0 0 -1
    outer loop
      vertex 17.9736 14.4699 5
      vertex 16.2344 15.8973 5
      vertex 16.2899 15.9722 5
    endloop
  endfacet
  facet normal 0 0 -1
    outer loop
      vertex 17.7627 14.2373 5
      vertex 16.1718 15.8282 5
      vertex 16.2344 15.8973 5
    endloop
  endfacet
  facet normal 0 0 -1
    outer loop
      vertex 15.7758 15.5909 5
      vertex 16.4289 13.4378 5
      vertex 16.1243 13.3615 5
    endloop
  endfacet
  facet normal 0 0 -1
    outer loop
      vertex 17.5301 14.0264 5
      vertex 16.1027 15.7656 5
      vertex 16.1718 15.8282 5
    endloop
  endfacet
  facet normal 0 0 -1
    outer loop
      vertex 17.2778 13.8393 5
      vertex 16.0278 15.7101 5
      vertex 16.1027 15.7656 5
    endloop
  endfacet
  facet normal 0 0 -1
    outer loop
      vertex 17.0085 13.6779 5
      vertex 15.9478 15.6622 5
      vertex 16.0278 15.7101 5
    endloop
  endfacet
  facet normal 0 0 -1
    outer loop
      vertex 16.7246 13.5436 5
      vertex 15.8635 15.6223 5
      vertex 15.9478 15.6622 5
    endloop
  endfacet
  facet normal 0 0 -1
    outer loop
      vertex 15.6853 15.5683 5
      vertex 16.1243 13.3615 5
      vertex 15.8137 13.3154 5
    endloop
  endfacet
  facet normal 0 0 -1
    outer loop
      vertex 16.4289 13.4378 5
      vertex 15.7758 15.5909 5
      vertex 15.8635 15.6223 5
    endloop
  endfacet
  facet normal 0 0 -1
    outer loop
      vertex 16.1243 13.3615 5
      vertex 15.6853 15.5683 5
      vertex 15.7758 15.5909 5
    endloop
  endfacet
  facet normal 0 0 -1
    outer loop
      vertex 15.8137 13.3154 5
      vertex 15.5931 15.5546 5
      vertex 15.6853 15.5683 5
    endloop
  endfacet
  facet normal 0 0 -1
    outer loop
      vertex 15.5 13.3 5
      vertex 15.5931 15.5546 5
      vertex 15.8137 13.3154 5
    endloop
  endfacet
  facet normal 0 0 -1
    outer loop
      vertex 15.5 13.3 5
      vertex 15.5 15.55 5
      vertex 15.5931 15.5546 5
    endloop
  endfacet
  facet normal 0 0 -1
    outer loop
      vertex 15.5 13.3 5
      vertex 15.4069 15.5546 5
      vertex 15.5 15.55 5
    endloop
  endfacet
  facet normal 0 0 -1
    outer loop
      vertex 15.1863 13.3154 5
      vertex 15.4069 15.5546 5
      vertex 15.5 13.3 5
    endloop
  endfacet
  facet normal -0 0 -1
    outer loop
      vertex 15.4069 15.5546 5
      vertex 15.1863 13.3154 5
      vertex 15.3147 15.5683 5
    endloop
  endfacet
  facet normal 0 0 -1
    outer loop
      vertex 14.8757 13.3615 5
      vertex 15.3147 15.5683 5
      vertex 15.1863 13.3154 5
    endloop
  endfacet
  facet normal -0 0 -1
    outer loop
      vertex 15.3147 15.5683 5
      vertex 14.8757 13.3615 5
      vertex 15.2242 15.5909 5
    endloop
  endfacet
  facet normal 0 0 -1
    outer loop
      vertex 14.5711 13.4378 5
      vertex 15.2242 15.5909 5
      vertex 14.8757 13.3615 5
    endloop
  endfacet
  facet normal -0 0 -1
    outer loop
      vertex 15.2242 15.5909 5
      vertex 14.5711 13.4378 5
      vertex 15.1365 15.6223 5
    endloop
  endfacet
  facet normal 0 0 -1
    outer loop
      vertex 14.2754 13.5436 5
      vertex 15.1365 15.6223 5
      vertex 14.5711 13.4378 5
    endloop
  endfacet
  facet normal -0 0 -1
    outer loop
      vertex 15.1365 15.6223 5
      vertex 14.2754 13.5436 5
      vertex 15.0522 15.6622 5
    endloop
  endfacet
  facet normal 0 0 -1
    outer loop
      vertex 13.9915 13.6779 5
      vertex 15.0522 15.6622 5
      vertex 14.2754 13.5436 5
    endloop
  endfacet
  facet normal -0 0 -1
    outer loop
      vertex 15.0522 15.6622 5
      vertex 13.9915 13.6779 5
      vertex 14.9722 15.7101 5
    endloop
  endfacet
  facet normal 0 0 -1
    outer loop
      vertex 13.7222 13.8393 5
      vertex 14.9722 15.7101 5
      vertex 13.9915 13.6779 5
    endloop
  endfacet
  facet normal -0 0 -1
    outer loop
      vertex 14.9722 15.7101 5
      vertex 13.7222 13.8393 5
      vertex 14.8973 15.7656 5
    endloop
  endfacet
  facet normal 0 0 -1
    outer loop
      vertex 13.4699 14.0264 5
      vertex 14.8973 15.7656 5
      vertex 13.7222 13.8393 5
    endloop
  endfacet
  facet normal -0 0 -1
    outer loop
      vertex 14.8973 15.7656 5
      vertex 13.4699 14.0264 5
      vertex 14.8282 15.8282 5
    endloop
  endfacet
  facet normal 0 0 -1
    outer loop
      vertex 13.2373 14.2373 5
      vertex 14.8282 15.8282 5
      vertex 13.4699 14.0264 5
    endloop
  endfacet
  facet normal -0 0 -1
    outer loop
      vertex 14.8282 15.8282 5
      vertex 13.2373 14.2373 5
      vertex 14.7656 15.8973 5
    endloop
  endfacet
  facet normal 0 0 -1
    outer loop
      vertex 13.0264 14.4699 5
      vertex 14.7656 15.8973 5
      vertex 13.2373 14.2373 5
    endloop
  endfacet
  facet normal -0 0 -1
    outer loop
      vertex 14.7656 15.8973 5
      vertex 13.0264 14.4699 5
      vertex 14.7101 15.9722 5
    endloop
  endfacet
  facet normal 0 0 -1
    outer loop
      vertex 12.8393 14.7222 5
      vertex 14.7101 15.9722 5
      vertex 13.0264 14.4699 5
    endloop
  endfacet
  facet normal -0 0 -1
    outer loop
      vertex 18.1607 18.2778 5
      vertex 16.2899 17.0278 5
      vertex 17.9736 18.5301 5
    endloop
  endfacet
  facet normal 0 0 -1
    outer loop
      vertex 16.2344 17.1027 5
      vertex 17.9736 18.5301 5
      vertex 16.2899 17.0278 5
    endloop
  endfacet
  facet normal -0 0 -1
    outer loop
      vertex 17.9736 18.5301 5
      vertex 16.2344 17.1027 5
      vertex 17.7627 18.7627 5
    endloop
  endfacet
  facet normal 0 0 -1
    outer loop
      vertex 16.1718 17.1718 5
      vertex 17.7627 18.7627 5
      vertex 16.2344 17.1027 5
    endloop
  endfacet
  facet normal -0 0 -1
    outer loop
      vertex 17.7627 18.7627 5
      vertex 16.1718 17.1718 5
      vertex 17.5301 18.9736 5
    endloop
  endfacet
  facet normal 0 0 -1
    outer loop
      vertex 16.1027 17.2344 5
      vertex 17.5301 18.9736 5
      vertex 16.1718 17.1718 5
    endloop
  endfacet
  facet normal -0 0 -1
    outer loop
      vertex 17.5301 18.9736 5
      vertex 16.1027 17.2344 5
      vertex 17.2778 19.1607 5
    endloop
  endfacet
  facet normal 0 0 -1
    outer loop
      vertex 16.0278 17.2899 5
      vertex 17.2778 19.1607 5
      vertex 16.1027 17.2344 5
    endloop
  endfacet
  facet normal -0 0 -1
    outer loop
      vertex 17.2778 19.1607 5
      vertex 16.0278 17.2899 5
      vertex 17.0085 19.3221 5
    endloop
  endfacet
  facet normal 0 0 -1
    outer loop
      vertex 15.9478 17.3378 5
      vertex 17.0085 19.3221 5
      vertex 16.0278 17.2899 5
    endloop
  endfacet
  facet normal -0 0 -1
    outer loop
      vertex 17.0085 19.3221 5
      vertex 15.9478 17.3378 5
      vertex 16.7246 19.4564 5
    endloop
  endfacet
  facet normal 0 0 -1
    outer loop
      vertex 15.8635 17.3777 5
      vertex 16.7246 19.4564 5
      vertex 15.9478 17.3378 5
    endloop
  endfacet
  facet normal -0 0 -1
    outer loop
      vertex 16.7246 19.4564 5
      vertex 15.8635 17.3777 5
      vertex 16.4289 19.5622 5
    endloop
  endfacet
  facet normal 0 0 -1
    outer loop
      vertex 15.7758 17.4091 5
      vertex 16.4289 19.5622 5
      vertex 15.8635 17.3777 5
    endloop
  endfacet
  facet normal -0 0 -1
    outer loop
      vertex 16.4289 19.5622 5
      vertex 15.7758 17.4091 5
      vertex 16.1243 19.6385 5
    endloop
  endfacet
  facet normal 0 0 -1
    outer loop
      vertex 15.6853 17.4317 5
      vertex 16.1243 19.6385 5
      vertex 15.7758 17.4091 5
    endloop
  endfacet
  facet normal -0 0 -1
    outer loop
      vertex 16.1243 19.6385 5
      vertex 15.6853 17.4317 5
      vertex 15.8137 19.6846 5
    endloop
  endfacet
  facet normal 0 0 -1
    outer loop
      vertex 15.5931 17.4454 5
      vertex 15.8137 19.6846 5
      vertex 15.6853 17.4317 5
    endloop
  endfacet
  facet normal 0 0 -1
    outer loop
      vertex 15.5 17.45 5
      vertex 15.8137 19.6846 5
      vertex 15.5931 17.4454 5
    endloop
  endfacet
  facet normal 0 0 -1
    outer loop
      vertex 15.5 17.45 5
      vertex 15.5 19.7 5
      vertex 15.8137 19.6846 5
    endloop
  endfacet
  facet normal 0 0 -1
    outer loop
      vertex 15.4069 17.4454 5
      vertex 15.5 19.7 5
      vertex 15.5 17.45 5
    endloop
  endfacet
  facet normal 0 0 -1
    outer loop
      vertex 15.1863 19.6846 5
      vertex 15.4069 17.4454 5
      vertex 15.3147 17.4317 5
    endloop
  endfacet
  facet normal 0 0 -1
    outer loop
      vertex 14.8757 19.6385 5
      vertex 15.3147 17.4317 5
      vertex 15.2242 17.4091 5
    endloop
  endfacet
  facet normal 0 0 -1
    outer loop
      vertex 15.4069 17.4454 5
      vertex 15.1863 19.6846 5
      vertex 15.5 19.7 5
    endloop
  endfacet
  facet normal 0 0 -1
    outer loop
      vertex 14.5711 19.5622 5
      vertex 15.2242 17.4091 5
      vertex 15.1365 17.3777 5
    endloop
  endfacet
  facet normal 0 0 -1
    outer loop
      vertex 14.2754 19.4564 5
      vertex 15.1365 17.3777 5
      vertex 15.0522 17.3378 5
    endloop
  endfacet
  facet normal 0 0 -1
    outer loop
      vertex 13.9915 19.3221 5
      vertex 15.0522 17.3378 5
      vertex 14.9722 17.2899 5
    endloop
  endfacet
  facet normal 0 0 -1
    outer loop
      vertex 13.7222 19.1607 5
      vertex 14.9722 17.2899 5
      vertex 14.8973 17.2344 5
    endloop
  endfacet
  facet normal 0 0 -1
    outer loop
      vertex 15.3147 17.4317 5
      vertex 14.8757 19.6385 5
      vertex 15.1863 19.6846 5
    endloop
  endfacet
  facet normal 0 0 -1
    outer loop
      vertex 13.4699 18.9736 5
      vertex 14.8973 17.2344 5
      vertex 14.8282 17.1718 5
    endloop
  endfacet
  facet normal 0 0 -1
    outer loop
      vertex 13.2373 18.7627 5
      vertex 14.8282 17.1718 5
      vertex 14.7656 17.1027 5
    endloop
  endfacet
  facet normal 0 0 -1
    outer loop
      vertex 13.0264 18.5301 5
      vertex 14.7656 17.1027 5
      vertex 14.7101 17.0278 5
    endloop
  endfacet
  facet normal 0 0 -1
    outer loop
      vertex 12.8393 18.2778 5
      vertex 14.7101 17.0278 5
      vertex 14.6622 16.9478 5
    endloop
  endfacet
  facet normal 0 0 -1
    outer loop
      vertex 12.6779 18.0085 5
      vertex 14.6622 16.9478 5
      vertex 14.6223 16.8635 5
    endloop
  endfacet
  facet normal 0 0 -1
    outer loop
      vertex 12.5436 17.7246 5
      vertex 14.6223 16.8635 5
      vertex 14.5909 16.7758 5
    endloop
  endfacet
  facet normal 0 0 -1
    outer loop
      vertex 15.2242 17.4091 5
      vertex 14.5711 19.5622 5
      vertex 14.8757 19.6385 5
    endloop
  endfacet
  facet normal 0 0 -1
    outer loop
      vertex 12.4378 17.4289 5
      vertex 14.5909 16.7758 5
      vertex 14.5683 16.6853 5
    endloop
  endfacet
  facet normal 0 0 -1
    outer loop
      vertex 12.3615 17.1243 5
      vertex 14.5683 16.6853 5
      vertex 14.5546 16.5931 5
    endloop
  endfacet
  facet normal 0 0 -1
    outer loop
      vertex 12.3154 16.8137 5
      vertex 14.5546 16.5931 5
      vertex 14.55 16.5 5
    endloop
  endfacet
  facet normal -0 0 -1
    outer loop
      vertex 14.7101 15.9722 5
      vertex 12.8393 14.7222 5
      vertex 14.6622 16.0522 5
    endloop
  endfacet
  facet normal 0 0 -1
    outer loop
      vertex 15.1365 17.3777 5
      vertex 14.2754 19.4564 5
      vertex 14.5711 19.5622 5
    endloop
  endfacet
  facet normal 0 0 -1
    outer loop
      vertex 12.6779 14.9915 5
      vertex 14.6622 16.0522 5
      vertex 12.8393 14.7222 5
    endloop
  endfacet
  facet normal 0 0 -1
    outer loop
      vertex 15.0522 17.3378 5
      vertex 13.9915 19.3221 5
      vertex 14.2754 19.4564 5
    endloop
  endfacet
  facet normal -0 0 -1
    outer loop
      vertex 14.6622 16.0522 5
      vertex 12.6779 14.9915 5
      vertex 14.6223 16.1365 5
    endloop
  endfacet
  facet normal 0 0 -1
    outer loop
      vertex 14.9722 17.2899 5
      vertex 13.7222 19.1607 5
      vertex 13.9915 19.3221 5
    endloop
  endfacet
  facet normal 0 0 -1
    outer loop
      vertex 12.5436 15.2754 5
      vertex 14.6223 16.1365 5
      vertex 12.6779 14.9915 5
    endloop
  endfacet
  facet normal 0 0 -1
    outer loop
      vertex 14.8973 17.2344 5
      vertex 13.4699 18.9736 5
      vertex 13.7222 19.1607 5
    endloop
  endfacet
  facet normal -0 0 -1
    outer loop
      vertex 14.6223 16.1365 5
      vertex 12.5436 15.2754 5
      vertex 14.5909 16.2242 5
    endloop
  endfacet
  facet normal 0 0 -1
    outer loop
      vertex 14.8282 17.1718 5
      vertex 13.2373 18.7627 5
      vertex 13.4699 18.9736 5
    endloop
  endfacet
  facet normal 0 0 -1
    outer loop
      vertex 12.4378 15.5711 5
      vertex 14.5909 16.2242 5
      vertex 12.5436 15.2754 5
    endloop
  endfacet
  facet normal 0 0 -1
    outer loop
      vertex 14.7656 17.1027 5
      vertex 13.0264 18.5301 5
      vertex 13.2373 18.7627 5
    endloop
  endfacet
  facet normal -0 0 -1
    outer loop
      vertex 14.5909 16.2242 5
      vertex 12.4378 15.5711 5
      vertex 14.5683 16.3147 5
    endloop
  endfacet
  facet normal 0 0 -1
    outer loop
      vertex 14.7101 17.0278 5
      vertex 12.8393 18.2778 5
      vertex 13.0264 18.5301 5
    endloop
  endfacet
  facet normal 0 0 -1
    outer loop
      vertex 12.3615 15.8757 5
      vertex 14.5683 16.3147 5
      vertex 12.4378 15.5711 5
    endloop
  endfacet
  facet normal 0 0 -1
    outer loop
      vertex 14.6622 16.9478 5
      vertex 12.6779 18.0085 5
      vertex 12.8393 18.2778 5
    endloop
  endfacet
  facet normal -0 0 -1
    outer loop
      vertex 14.5683 16.3147 5
      vertex 12.3615 15.8757 5
      vertex 14.5546 16.4069 5
    endloop
  endfacet
  facet normal 0 0 -1
    outer loop
      vertex 14.6223 16.8635 5
      vertex 12.5436 17.7246 5
      vertex 12.6779 18.0085 5
    endloop
  endfacet
  facet normal 0 0 -1
    outer loop
      vertex 12.3154 16.1863 5
      vertex 14.5546 16.4069 5
      vertex 12.3615 15.8757 5
    endloop
  endfacet
  facet normal 0 0 -1
    outer loop
      vertex 14.5909 16.7758 5
      vertex 12.4378 17.4289 5
      vertex 12.5436 17.7246 5
    endloop
  endfacet
  facet normal -0 0 -1
    outer loop
      vertex 14.5546 16.4069 5
      vertex 12.3154 16.1863 5
      vertex 14.55 16.5 5
    endloop
  endfacet
  facet normal 0 0 -1
    outer loop
      vertex 14.5683 16.6853 5
      vertex 12.3615 17.1243 5
      vertex 12.4378 17.4289 5
    endloop
  endfacet
  facet normal 0 0 -1
    outer loop
      vertex 12.3 16.5 5
      vertex 14.55 16.5 5
      vertex 12.3154 16.1863 5
    endloop
  endfacet
  facet normal 0 0 -1
    outer loop
      vertex 14.5546 16.5931 5
      vertex 12.3154 16.8137 5
      vertex 12.3615 17.1243 5
    endloop
  endfacet
  facet normal 0 0 -1
    outer loop
      vertex 14.55 16.5 5
      vertex 12.3 16.5 5
      vertex 12.3154 16.8137 5
    endloop
  endfacet
  facet normal -0.514074 0.857746 0
    outer loop
      vertex 13.9915 19.3221 5
      vertex 13.7222 19.1607 6.2
      vertex 13.9915 19.3221 6.2
    endloop
  endfacet
  facet normal -0.514074 0.857746 0
    outer loop
      vertex 13.7222 19.1607 6.2
      vertex 13.9915 19.3221 5
      vertex 13.7222 19.1607 5
    endloop
  endfacet
  facet normal -0.998797 -0.0490324 0
    outer loop
      vertex 12.3154 16.1863 5
      vertex 12.3 16.5 6.2
      vertex 12.3 16.5 5
    endloop
  endfacet
  facet normal -0.998797 -0.0490324 0
    outer loop
      vertex 12.3 16.5 6.2
      vertex 12.3154 16.1863 5
      vertex 12.3154 16.1863 6.2
    endloop
  endfacet
  facet normal -0.97003 0.242985 0
    outer loop
      vertex 12.3615 17.1243 5
      vertex 12.4378 17.4289 6.2
      vertex 12.4378 17.4289 5
    endloop
  endfacet
  facet normal -0.97003 0.242985 0
    outer loop
      vertex 12.4378 17.4289 6.2
      vertex 12.3615 17.1243 5
      vertex 12.3615 17.1243 6.2
    endloop
  endfacet
  facet normal 0.427621 -0.903958 0
    outer loop
      vertex 16.7246 13.5436 5
      vertex 17.0085 13.6779 6.2
      vertex 16.7246 13.5436 6.2
    endloop
  endfacet
  facet normal 0.427621 -0.903958 0
    outer loop
      vertex 17.0085 13.6779 6.2
      vertex 16.7246 13.5436 5
      vertex 17.0085 13.6779 5
    endloop
  endfacet
  facet normal -0.336881 0.941547 0
    outer loop
      vertex 14.5711 19.5622 5
      vertex 14.2754 19.4564 6.2
      vertex 14.5711 19.5622 6.2
    endloop
  endfacet
  facet normal -0.336881 0.941547 0
    outer loop
      vertex 14.2754 19.4564 6.2
      vertex 14.5711 19.5622 5
      vertex 14.2754 19.4564 5
    endloop
  endfacet
  facet normal 0.514074 -0.857746 0
    outer loop
      vertex 17.0085 13.6779 5
      vertex 17.2778 13.8393 6.2
      vertex 17.0085 13.6779 6.2
    endloop
  endfacet
  facet normal 0.514074 -0.857746 0
    outer loop
      vertex 17.2778 13.8393 6.2
      vertex 17.0085 13.6779 5
      vertex 17.2778 13.8393 5
    endloop
  endfacet
  facet normal 0.146814 -0.989164 0
    outer loop
      vertex 15.8137 13.3154 5
      vertex 16.1243 13.3615 6.2
      vertex 15.8137 13.3154 6.2
    endloop
  endfacet
  facet normal 0.146814 -0.989164 0
    outer loop
      vertex 16.1243 13.3615 6.2
      vertex 15.8137 13.3154 5
      vertex 16.1243 13.3615 5
    endloop
  endfacet
  facet normal 0.740819 -0.671705 0
    outer loop
      vertex 17.7627 14.2373 6.2
      vertex 17.9736 14.4699 5
      vertex 17.9736 14.4699 6.2
    endloop
  endfacet
  facet normal 0.740819 -0.671705 0
    outer loop
      vertex 17.9736 14.4699 5
      vertex 17.7627 14.2373 6.2
      vertex 17.7627 14.2373 5
    endloop
  endfacet
  facet normal 0.803236 -0.595661 0
    outer loop
      vertex 17.9736 14.4699 6.2
      vertex 18.1607 14.7222 5
      vertex 18.1607 14.7222 6.2
    endloop
  endfacet
  facet normal 0.803236 -0.595661 0
    outer loop
      vertex 18.1607 14.7222 5
      vertex 17.9736 14.4699 6.2
      vertex 17.9736 14.4699 5
    endloop
  endfacet
  facet normal -0.0490324 0.998797 0
    outer loop
      vertex 15.5 19.7 5
      vertex 15.1863 19.6846 6.2
      vertex 15.5 19.7 6.2
    endloop
  endfacet
  facet normal -0.0490324 0.998797 0
    outer loop
      vertex 15.1863 19.6846 6.2
      vertex 15.5 19.7 5
      vertex 15.1863 19.6846 5
    endloop
  endfacet
  facet normal -0.427621 0.903958 0
    outer loop
      vertex 14.2754 19.4564 5
      vertex 13.9915 19.3221 6.2
      vertex 14.2754 19.4564 6.2
    endloop
  endfacet
  facet normal -0.427621 0.903958 0
    outer loop
      vertex 13.9915 19.3221 6.2
      vertex 14.2754 19.4564 5
      vertex 13.9915 19.3221 5
    endloop
  endfacet
  facet normal -0.595661 0.803236 0
    outer loop
      vertex 13.7222 19.1607 5
      vertex 13.4699 18.9736 6.2
      vertex 13.7222 19.1607 6.2
    endloop
  endfacet
  facet normal -0.595661 0.803236 0
    outer loop
      vertex 13.4699 18.9736 6.2
      vertex 13.7222 19.1607 5
      vertex 13.4699 18.9736 5
    endloop
  endfacet
  facet normal -0.989164 0.146814 0
    outer loop
      vertex 12.3154 16.8137 5
      vertex 12.3615 17.1243 6.2
      vertex 12.3615 17.1243 5
    endloop
  endfacet
  facet normal -0.989164 0.146814 0
    outer loop
      vertex 12.3615 17.1243 6.2
      vertex 12.3154 16.8137 5
      vertex 12.3154 16.8137 6.2
    endloop
  endfacet
  facet normal -0.242985 -0.97003 0
    outer loop
      vertex 14.5711 13.4378 5
      vertex 14.8757 13.3615 6.2
      vertex 14.5711 13.4378 6.2
    endloop
  endfacet
  facet normal -0.242985 -0.97003 -0
    outer loop
      vertex 14.8757 13.3615 6.2
      vertex 14.5711 13.4378 5
      vertex 14.8757 13.3615 5
    endloop
  endfacet
  facet normal 0.97003 0.242985 0
    outer loop
      vertex 18.6385 17.1243 6.2
      vertex 18.5622 17.4289 5
      vertex 18.5622 17.4289 6.2
    endloop
  endfacet
  facet normal 0.97003 0.242985 0
    outer loop
      vertex 18.5622 17.4289 5
      vertex 18.6385 17.1243 6.2
      vertex 18.6385 17.1243 5
    endloop
  endfacet
  facet normal 0.803236 0.595661 0
    outer loop
      vertex 18.1607 18.2778 6.2
      vertex 17.9736 18.5301 5
      vertex 17.9736 18.5301 6.2
    endloop
  endfacet
  facet normal 0.803236 0.595661 0
    outer loop
      vertex 17.9736 18.5301 5
      vertex 18.1607 18.2778 6.2
      vertex 18.1607 18.2778 5
    endloop
  endfacet
  facet normal -0.803236 -0.595661 0
    outer loop
      vertex 13.0264 14.4699 5
      vertex 12.8393 14.7222 6.2
      vertex 12.8393 14.7222 5
    endloop
  endfacet
  facet normal -0.803236 -0.595661 0
    outer loop
      vertex 12.8393 14.7222 6.2
      vertex 13.0264 14.4699 5
      vertex 13.0264 14.4699 6.2
    endloop
  endfacet
  facet normal -0.903958 -0.427621 0
    outer loop
      vertex 12.6779 14.9915 5
      vertex 12.5436 15.2754 6.2
      vertex 12.5436 15.2754 5
    endloop
  endfacet
  facet normal -0.903958 -0.427621 0
    outer loop
      vertex 12.5436 15.2754 6.2
      vertex 12.6779 14.9915 5
      vertex 12.6779 14.9915 6.2
    endloop
  endfacet
  facet normal 0.146814 0.989164 -0
    outer loop
      vertex 16.1243 19.6385 5
      vertex 15.8137 19.6846 6.2
      vertex 16.1243 19.6385 6.2
    endloop
  endfacet
  facet normal 0.146814 0.989164 0
    outer loop
      vertex 15.8137 19.6846 6.2
      vertex 16.1243 19.6385 5
      vertex 15.8137 19.6846 5
    endloop
  endfacet
  facet normal -0.427621 -0.903958 0
    outer loop
      vertex 13.9915 13.6779 5
      vertex 14.2754 13.5436 6.2
      vertex 13.9915 13.6779 6.2
    endloop
  endfacet
  facet normal -0.427621 -0.903958 -0
    outer loop
      vertex 14.2754 13.5436 6.2
      vertex 13.9915 13.6779 5
      vertex 14.2754 13.5436 5
    endloop
  endfacet
  facet normal 0.595661 -0.803236 0
    outer loop
      vertex 17.2778 13.8393 5
      vertex 17.5301 14.0264 6.2
      vertex 17.2778 13.8393 6.2
    endloop
  endfacet
  facet normal 0.595661 -0.803236 0
    outer loop
      vertex 17.5301 14.0264 6.2
      vertex 17.2778 13.8393 5
      vertex 17.5301 14.0264 5
    endloop
  endfacet
  facet normal 0.998797 -0.0490324 0
    outer loop
      vertex 18.6846 16.1863 6.2
      vertex 18.7 16.5 5
      vertex 18.7 16.5 6.2
    endloop
  endfacet
  facet normal 0.998797 -0.0490324 0
    outer loop
      vertex 18.7 16.5 5
      vertex 18.6846 16.1863 6.2
      vertex 18.6846 16.1863 5
    endloop
  endfacet
  facet normal -0.146814 0.989164 0
    outer loop
      vertex 15.1863 19.6846 5
      vertex 14.8757 19.6385 6.2
      vertex 15.1863 19.6846 6.2
    endloop
  endfacet
  facet normal -0.146814 0.989164 0
    outer loop
      vertex 14.8757 19.6385 6.2
      vertex 15.1863 19.6846 5
      vertex 14.8757 19.6385 5
    endloop
  endfacet
  facet normal -0.989164 -0.146814 0
    outer loop
      vertex 12.3615 15.8757 5
      vertex 12.3154 16.1863 6.2
      vertex 12.3154 16.1863 5
    endloop
  endfacet
  facet normal -0.989164 -0.146814 0
    outer loop
      vertex 12.3154 16.1863 6.2
      vertex 12.3615 15.8757 5
      vertex 12.3615 15.8757 6.2
    endloop
  endfacet
  facet normal 0.336881 -0.941547 0
    outer loop
      vertex 16.4289 13.4378 5
      vertex 16.7246 13.5436 6.2
      vertex 16.4289 13.4378 6.2
    endloop
  endfacet
  facet normal 0.336881 -0.941547 0
    outer loop
      vertex 16.7246 13.5436 6.2
      vertex 16.4289 13.4378 5
      vertex 16.7246 13.5436 5
    endloop
  endfacet
  facet normal 0.242985 -0.97003 0
    outer loop
      vertex 16.1243 13.3615 5
      vertex 16.4289 13.4378 6.2
      vertex 16.1243 13.3615 6.2
    endloop
  endfacet
  facet normal 0.242985 -0.97003 0
    outer loop
      vertex 16.4289 13.4378 6.2
      vertex 16.1243 13.3615 5
      vertex 16.4289 13.4378 5
    endloop
  endfacet
  facet normal -0.740819 -0.671705 0
    outer loop
      vertex 13.2373 14.2373 5
      vertex 13.0264 14.4699 6.2
      vertex 13.0264 14.4699 5
    endloop
  endfacet
  facet normal -0.740819 -0.671705 0
    outer loop
      vertex 13.0264 14.4699 6.2
      vertex 13.2373 14.2373 5
      vertex 13.2373 14.2373 6.2
    endloop
  endfacet
  facet normal -0.903958 0.427621 0
    outer loop
      vertex 12.5436 17.7246 5
      vertex 12.6779 18.0085 6.2
      vertex 12.6779 18.0085 5
    endloop
  endfacet
  facet normal -0.903958 0.427621 0
    outer loop
      vertex 12.6779 18.0085 6.2
      vertex 12.5436 17.7246 5
      vertex 12.5436 17.7246 6.2
    endloop
  endfacet
  facet normal -0.595661 -0.803236 0
    outer loop
      vertex 13.4699 14.0264 5
      vertex 13.7222 13.8393 6.2
      vertex 13.4699 14.0264 6.2
    endloop
  endfacet
  facet normal -0.595661 -0.803236 -0
    outer loop
      vertex 13.7222 13.8393 6.2
      vertex 13.4699 14.0264 5
      vertex 13.7222 13.8393 5
    endloop
  endfacet
  facet normal 0.903958 -0.427621 0
    outer loop
      vertex 18.3221 14.9915 6.2
      vertex 18.4564 15.2754 5
      vertex 18.4564 15.2754 6.2
    endloop
  endfacet
  facet normal 0.903958 -0.427621 0
    outer loop
      vertex 18.4564 15.2754 5
      vertex 18.3221 14.9915 6.2
      vertex 18.3221 14.9915 5
    endloop
  endfacet
  facet normal 0.857746 -0.514074 0
    outer loop
      vertex 18.1607 14.7222 6.2
      vertex 18.3221 14.9915 5
      vertex 18.3221 14.9915 6.2
    endloop
  endfacet
  facet normal 0.857746 -0.514074 0
    outer loop
      vertex 18.3221 14.9915 5
      vertex 18.1607 14.7222 6.2
      vertex 18.1607 14.7222 5
    endloop
  endfacet
  facet normal -0.0490324 -0.998797 0
    outer loop
      vertex 15.1863 13.3154 5
      vertex 15.5 13.3 6.2
      vertex 15.1863 13.3154 6.2
    endloop
  endfacet
  facet normal -0.0490324 -0.998797 -0
    outer loop
      vertex 15.5 13.3 6.2
      vertex 15.1863 13.3154 5
      vertex 15.5 13.3 5
    endloop
  endfacet
  facet normal -0.998797 0.0490324 0
    outer loop
      vertex 12.3 16.5 5
      vertex 12.3154 16.8137 6.2
      vertex 12.3154 16.8137 5
    endloop
  endfacet
  facet normal -0.998797 0.0490324 0
    outer loop
      vertex 12.3154 16.8137 6.2
      vertex 12.3 16.5 5
      vertex 12.3 16.5 6.2
    endloop
  endfacet
  facet normal -0.336881 -0.941547 0
    outer loop
      vertex 14.2754 13.5436 5
      vertex 14.5711 13.4378 6.2
      vertex 14.2754 13.5436 6.2
    endloop
  endfacet
  facet normal -0.336881 -0.941547 -0
    outer loop
      vertex 14.5711 13.4378 6.2
      vertex 14.2754 13.5436 5
      vertex 14.5711 13.4378 5
    endloop
  endfacet
  facet normal 0.671705 -0.740819 0
    outer loop
      vertex 17.5301 14.0264 5
      vertex 17.7627 14.2373 6.2
      vertex 17.5301 14.0264 6.2
    endloop
  endfacet
  facet normal 0.671705 -0.740819 0
    outer loop
      vertex 17.7627 14.2373 6.2
      vertex 17.5301 14.0264 5
      vertex 17.7627 14.2373 5
    endloop
  endfacet
  facet normal 0.98914 0.146976 0
    outer loop
      vertex 61.4454 16.5931 5
      vertex 61.4317 16.6853 2.7
      vertex 61.4317 16.6853 5
    endloop
  endfacet
  facet normal 0.98914 0.146976 0
    outer loop
      vertex 61.4317 16.6853 2.7
      vertex 61.4454 16.5931 5
      vertex 61.4454 16.5931 2.7
    endloop
  endfacet
  facet normal 0.998782 0.049349 0
    outer loop
      vertex 61.45 16.5 5
      vertex 61.4454 16.5931 2.7
      vertex 61.4454 16.5931 5
    endloop
  endfacet
  facet normal 0.998782 0.049349 0
    outer loop
      vertex 61.4454 16.5931 2.7
      vertex 61.45 16.5 5
      vertex 61.45 16.5 2.7
    endloop
  endfacet
  facet normal 0.970206 0.242283 0
    outer loop
      vertex 61.4317 16.6853 5
      vertex 61.4091 16.7758 2.7
      vertex 61.4091 16.7758 5
    endloop
  endfacet
  facet normal 0.970206 0.242283 0
    outer loop
      vertex 61.4091 16.7758 2.7
      vertex 61.4317 16.6853 5
      vertex 61.4317 16.6853 2.7
    endloop
  endfacet
  facet normal 0.337084 -0.941474 0
    outer loop
      vertex 60.7758 15.5909 2.7
      vertex 60.8635 15.6223 5
      vertex 60.7758 15.5909 5
    endloop
  endfacet
  facet normal 0.337084 -0.941474 0
    outer loop
      vertex 60.8635 15.6223 5
      vertex 60.7758 15.5909 2.7
      vertex 60.8635 15.6223 2.7
    endloop
  endfacet
  facet normal -0.671391 0.741104 0
    outer loop
      vertex 59.8973 17.2344 2.7
      vertex 59.8282 17.1718 5
      vertex 59.8973 17.2344 5
    endloop
  endfacet
  facet normal -0.671391 0.741104 0
    outer loop
      vertex 59.8282 17.1718 5
      vertex 59.8973 17.2344 2.7
      vertex 59.8282 17.1718 2.7
    endloop
  endfacet
  facet normal -0.970206 -0.242283 0
    outer loop
      vertex 59.5909 16.2242 2.7
      vertex 59.5683 16.3147 5
      vertex 59.5683 16.3147 2.7
    endloop
  endfacet
  facet normal -0.970206 -0.242283 0
    outer loop
      vertex 59.5683 16.3147 5
      vertex 59.5909 16.2242 2.7
      vertex 59.5909 16.2242 5
    endloop
  endfacet
  facet normal 0.42781 0.903869 -0
    outer loop
      vertex 60.9478 17.3378 2.7
      vertex 60.8635 17.3777 5
      vertex 60.9478 17.3378 5
    endloop
  endfacet
  facet normal 0.42781 0.903869 0
    outer loop
      vertex 60.8635 17.3777 5
      vertex 60.9478 17.3378 2.7
      vertex 60.8635 17.3777 2.7
    endloop
  endfacet
  facet normal -0.242283 -0.970206 0
    outer loop
      vertex 60.2242 15.5909 2.7
      vertex 60.3147 15.5683 5
      vertex 60.2242 15.5909 5
    endloop
  endfacet
  facet normal -0.242283 -0.970206 -0
    outer loop
      vertex 60.3147 15.5683 5
      vertex 60.2242 15.5909 2.7
      vertex 60.3147 15.5683 2.7
    endloop
  endfacet
  facet normal -0.146976 -0.98914 0
    outer loop
      vertex 60.3147 15.5683 2.7
      vertex 60.4069 15.5546 5
      vertex 60.3147 15.5683 5
    endloop
  endfacet
  facet normal -0.146976 -0.98914 -0
    outer loop
      vertex 60.4069 15.5546 5
      vertex 60.3147 15.5683 2.7
      vertex 60.4069 15.5546 2.7
    endloop
  endfacet
  facet normal 0.242283 0.970206 -0
    outer loop
      vertex 60.7758 17.4091 2.7
      vertex 60.6853 17.4317 5
      vertex 60.7758 17.4091 5
    endloop
  endfacet
  facet normal 0.242283 0.970206 0
    outer loop
      vertex 60.6853 17.4317 5
      vertex 60.7758 17.4091 2.7
      vertex 60.6853 17.4317 2.7
    endloop
  endfacet
  facet normal -0.741104 0.671391 0
    outer loop
      vertex 59.7656 17.1027 2.7
      vertex 59.8282 17.1718 5
      vertex 59.8282 17.1718 2.7
    endloop
  endfacet
  facet normal -0.741104 0.671391 0
    outer loop
      vertex 59.8282 17.1718 5
      vertex 59.7656 17.1027 2.7
      vertex 59.7656 17.1027 5
    endloop
  endfacet
  facet normal 0 0 -1
    outer loop
      vertex 61.4402 16.4979 2.7
      vertex 61.45 16.5 2.7
      vertex 61.4454 16.4069 2.7
    endloop
  endfacet
  facet normal 0 0 -1
    outer loop
      vertex 61.4402 16.5021 2.7
      vertex 61.45 16.5 2.7
      vertex 61.4403 16.5 2.7
    endloop
  endfacet
  facet normal -0 0 -1
    outer loop
      vertex 61.45 16.5 2.7
      vertex 61.4402 16.4979 2.7
      vertex 61.4403 16.5 2.7
    endloop
  endfacet
  facet normal 0 0 -1
    outer loop
      vertex 61.4454 16.4069 2.7
      vertex 61.4358 16.4078 2.7
      vertex 61.4402 16.4979 2.7
    endloop
  endfacet
  facet normal -0 0 -1
    outer loop
      vertex 61.4454 16.4069 2.7
      vertex 61.4355 16.4058 2.7
      vertex 61.4358 16.4078 2.7
    endloop
  endfacet
  facet normal 0 0 -1
    outer loop
      vertex 61.4317 16.3147 2.7
      vertex 61.4355 16.4058 2.7
      vertex 61.4454 16.4069 2.7
    endloop
  endfacet
  facet normal 0 0 -1
    outer loop
      vertex 61.4317 16.3147 2.7
      vertex 61.4223 16.3166 2.7
      vertex 61.4355 16.4058 2.7
    endloop
  endfacet
  facet normal 0 0 -1
    outer loop
      vertex 61.4003 16.229 2.7
      vertex 61.4317 16.3147 2.7
      vertex 61.4091 16.2242 2.7
    endloop
  endfacet
  facet normal -0 0 -1
    outer loop
      vertex 61.4317 16.3147 2.7
      vertex 61.4003 16.229 2.7
      vertex 61.4223 16.3166 2.7
    endloop
  endfacet
  facet normal 0 0 -1
    outer loop
      vertex 61.4091 16.2242 2.7
      vertex 61.3998 16.227 2.7
      vertex 61.4003 16.229 2.7
    endloop
  endfacet
  facet normal 0 0 -1
    outer loop
      vertex 61.3694 16.1421 2.7
      vertex 61.4091 16.2242 2.7
      vertex 61.3777 16.1365 2.7
    endloop
  endfacet
  facet normal -0 0 -1
    outer loop
      vertex 61.4091 16.2242 2.7
      vertex 61.3694 16.1421 2.7
      vertex 61.3998 16.227 2.7
    endloop
  endfacet
  facet normal 0 0 -1
    outer loop
      vertex 61.3777 16.1365 2.7
      vertex 61.3687 16.1402 2.7
      vertex 61.3694 16.1421 2.7
    endloop
  endfacet
  facet normal 0 0 -1
    outer loop
      vertex 61.3302 16.0586 2.7
      vertex 61.3777 16.1365 2.7
      vertex 61.3378 16.0522 2.7
    endloop
  endfacet
  facet normal -0 0 -1
    outer loop
      vertex 61.3777 16.1365 2.7
      vertex 61.3302 16.0586 2.7
      vertex 61.3687 16.1402 2.7
    endloop
  endfacet
  facet normal 0 0 -1
    outer loop
      vertex 61.3378 16.0522 2.7
      vertex 61.3293 16.0567 2.7
      vertex 61.3302 16.0586 2.7
    endloop
  endfacet
  facet normal 0 0 -1
    outer loop
      vertex 61.3378 16.0522 2.7
      vertex 61.3282 16.055 2.7
      vertex 61.3293 16.0567 2.7
    endloop
  endfacet
  facet normal 0 0 -1
    outer loop
      vertex 61.2899 15.9722 2.7
      vertex 61.3282 16.055 2.7
      vertex 61.3378 16.0522 2.7
    endloop
  endfacet
  facet normal 0 0 -1
    outer loop
      vertex 61.2899 15.9722 2.7
      vertex 61.2818 15.9776 2.7
      vertex 61.3282 16.055 2.7
    endloop
  endfacet
  facet normal 0 0 -1
    outer loop
      vertex 61.2899 15.9722 2.7
      vertex 61.2806 15.9759 2.7
      vertex 61.2818 15.9776 2.7
    endloop
  endfacet
  facet normal 0 0 -1
    outer loop
      vertex 61.2344 15.8973 2.7
      vertex 61.2806 15.9759 2.7
      vertex 61.2899 15.9722 2.7
    endloop
  endfacet
  facet normal 0 0 -1
    outer loop
      vertex 61.2344 15.8973 2.7
      vertex 61.2269 15.9035 2.7
      vertex 61.2806 15.9759 2.7
    endloop
  endfacet
  facet normal 0 0 -1
    outer loop
      vertex 61.1663 15.8366 2.7
      vertex 61.2344 15.8973 2.7
      vertex 61.1718 15.8282 2.7
    endloop
  endfacet
  facet normal -0 0 -1
    outer loop
      vertex 61.2344 15.8973 2.7
      vertex 61.1663 15.8366 2.7
      vertex 61.2269 15.9035 2.7
    endloop
  endfacet
  facet normal 0 0 -1
    outer loop
      vertex 61.1718 15.8282 2.7
      vertex 61.1649 15.8351 2.7
      vertex 61.1663 15.8366 2.7
    endloop
  endfacet
  facet normal 0 0 -1
    outer loop
      vertex 61.1718 15.8282 2.7
      vertex 61.1634 15.8337 2.7
      vertex 61.1649 15.8351 2.7
    endloop
  endfacet
  facet normal 0 0 -1
    outer loop
      vertex 61.1027 15.7656 2.7
      vertex 61.1634 15.8337 2.7
      vertex 61.1718 15.8282 2.7
    endloop
  endfacet
  facet normal 0 0 -1
    outer loop
      vertex 61.1027 15.7656 2.7
      vertex 61.0965 15.7731 2.7
      vertex 61.1634 15.8337 2.7
    endloop
  endfacet
  facet normal 0 0 -1
    outer loop
      vertex 61.0241 15.7194 2.7
      vertex 61.1027 15.7656 2.7
      vertex 61.0278 15.7101 2.7
    endloop
  endfacet
  facet normal -0 0 -1
    outer loop
      vertex 61.1027 15.7656 2.7
      vertex 61.0241 15.7194 2.7
      vertex 61.0965 15.7731 2.7
    endloop
  endfacet
  facet normal 0 0 -1
    outer loop
      vertex 61.0278 15.7101 2.7
      vertex 61.0224 15.7182 2.7
      vertex 61.0241 15.7194 2.7
    endloop
  endfacet
  facet normal 0 0 -1
    outer loop
      vertex 60.945 15.6718 2.7
      vertex 61.0278 15.7101 2.7
      vertex 60.9478 15.6622 2.7
    endloop
  endfacet
  facet normal -0 0 -1
    outer loop
      vertex 61.0278 15.7101 2.7
      vertex 60.945 15.6718 2.7
      vertex 61.0224 15.7182 2.7
    endloop
  endfacet
  facet normal 0 0 -1
    outer loop
      vertex 60.9478 15.6622 2.7
      vertex 60.9433 15.6707 2.7
      vertex 60.945 15.6718 2.7
    endloop
  endfacet
  facet normal 0 0 -1
    outer loop
      vertex 60.9478 15.6622 2.7
      vertex 60.9414 15.6698 2.7
      vertex 60.9433 15.6707 2.7
    endloop
  endfacet
  facet normal 0 0 -1
    outer loop
      vertex 60.8635 15.6223 2.7
      vertex 60.9414 15.6698 2.7
      vertex 60.9478 15.6622 2.7
    endloop
  endfacet
  facet normal 0 0 -1
    outer loop
      vertex 60.8635 15.6223 2.7
      vertex 60.8598 15.6313 2.7
      vertex 60.9414 15.6698 2.7
    endloop
  endfacet
  facet normal 0 0 -1
    outer loop
      vertex 60.8635 15.6223 2.7
      vertex 60.8579 15.6306 2.7
      vertex 60.8598 15.6313 2.7
    endloop
  endfacet
  facet normal 0 0 -1
    outer loop
      vertex 60.7758 15.5909 2.7
      vertex 60.8579 15.6306 2.7
      vertex 60.8635 15.6223 2.7
    endloop
  endfacet
  facet normal 0 0 -1
    outer loop
      vertex 60.7758 15.5909 2.7
      vertex 60.773 15.6002 2.7
      vertex 60.8579 15.6306 2.7
    endloop
  endfacet
  facet normal 0 0 -1
    outer loop
      vertex 60.7758 15.5909 2.7
      vertex 60.771 15.5997 2.7
      vertex 60.773 15.6002 2.7
    endloop
  endfacet
  facet normal 0 0 -1
    outer loop
      vertex 60.6853 15.5683 2.7
      vertex 60.771 15.5997 2.7
      vertex 60.7758 15.5909 2.7
    endloop
  endfacet
  facet normal 0 0 -1
    outer loop
      vertex 60.6853 15.5683 2.7
      vertex 60.6834 15.5777 2.7
      vertex 60.771 15.5997 2.7
    endloop
  endfacet
  facet normal -0 0 -1
    outer loop
      vertex 60.6853 15.5683 2.7
      vertex 60.5942 15.5645 2.7
      vertex 60.6834 15.5777 2.7
    endloop
  endfacet
  facet normal 0 0 -1
    outer loop
      vertex 60.5931 15.5546 2.7
      vertex 60.5942 15.5645 2.7
      vertex 60.6853 15.5683 2.7
    endloop
  endfacet
  facet normal 0 0 -1
    outer loop
      vertex 60.5931 15.5546 2.7
      vertex 60.5922 15.5642 2.7
      vertex 60.5942 15.5645 2.7
    endloop
  endfacet
  facet normal 0 0 -1
    outer loop
      vertex 60.5931 15.5546 2.7
      vertex 60.5021 15.5598 2.7
      vertex 60.5922 15.5642 2.7
    endloop
  endfacet
  facet normal 0 0 -1
    outer loop
      vertex 60.5 15.55 2.7
      vertex 60.5021 15.5598 2.7
      vertex 60.5931 15.5546 2.7
    endloop
  endfacet
  facet normal 0 0 -1
    outer loop
      vertex 60.5 15.55 2.7
      vertex 60.5 15.5597 2.7
      vertex 60.5021 15.5598 2.7
    endloop
  endfacet
  facet normal 0 0 -1
    outer loop
      vertex 60.5 15.55 2.7
      vertex 60.4979 15.5598 2.7
      vertex 60.5 15.5597 2.7
    endloop
  endfacet
  facet normal 0 0 -1
    outer loop
      vertex 60.4069 15.5546 2.7
      vertex 60.4979 15.5598 2.7
      vertex 60.5 15.55 2.7
    endloop
  endfacet
  facet normal -0 0 -1
    outer loop
      vertex 60.4979 15.5598 2.7
      vertex 60.4069 15.5546 2.7
      vertex 60.4078 15.5642 2.7
    endloop
  endfacet
  facet normal 0 0 -1
    outer loop
      vertex 60.4069 15.5546 2.7
      vertex 60.4058 15.5645 2.7
      vertex 60.4078 15.5642 2.7
    endloop
  endfacet
  facet normal 0 0 -1
    outer loop
      vertex 60.3147 15.5683 2.7
      vertex 60.4058 15.5645 2.7
      vertex 60.4069 15.5546 2.7
    endloop
  endfacet
  facet normal 0 0 -1
    outer loop
      vertex 60.4058 15.5645 2.7
      vertex 60.3147 15.5683 2.7
      vertex 60.3166 15.5777 2.7
    endloop
  endfacet
  facet normal 0 0 -1
    outer loop
      vertex 60.3147 15.5683 2.7
      vertex 60.229 15.5997 2.7
      vertex 60.3166 15.5777 2.7
    endloop
  endfacet
  facet normal 0 0 -1
    outer loop
      vertex 60.2242 15.5909 2.7
      vertex 60.229 15.5997 2.7
      vertex 60.3147 15.5683 2.7
    endloop
  endfacet
  facet normal -0 0 -1
    outer loop
      vertex 60.229 15.5997 2.7
      vertex 60.2242 15.5909 2.7
      vertex 60.227 15.6002 2.7
    endloop
  endfacet
  facet normal 0 0 -1
    outer loop
      vertex 60.2242 15.5909 2.7
      vertex 60.1421 15.6306 2.7
      vertex 60.227 15.6002 2.7
    endloop
  endfacet
  facet normal 0 0 -1
    outer loop
      vertex 60.1365 15.6223 2.7
      vertex 60.1421 15.6306 2.7
      vertex 60.2242 15.5909 2.7
    endloop
  endfacet
  facet normal -0 0 -1
    outer loop
      vertex 60.1421 15.6306 2.7
      vertex 60.1365 15.6223 2.7
      vertex 60.1402 15.6313 2.7
    endloop
  endfacet
  facet normal 0 0 -1
    outer loop
      vertex 60.1365 15.6223 2.7
      vertex 60.0586 15.6698 2.7
      vertex 60.1402 15.6313 2.7
    endloop
  endfacet
  facet normal 0 0 -1
    outer loop
      vertex 60.0522 15.6622 2.7
      vertex 60.0586 15.6698 2.7
      vertex 60.1365 15.6223 2.7
    endloop
  endfacet
  facet normal -0 0 -1
    outer loop
      vertex 60.0586 15.6698 2.7
      vertex 60.0522 15.6622 2.7
      vertex 60.0567 15.6707 2.7
    endloop
  endfacet
  facet normal -0 0 -1
    outer loop
      vertex 60.0567 15.6707 2.7
      vertex 60.0522 15.6622 2.7
      vertex 60.055 15.6718 2.7
    endloop
  endfacet
  facet normal 0 0 -1
    outer loop
      vertex 59.9722 15.7101 2.7
      vertex 60.055 15.6718 2.7
      vertex 60.0522 15.6622 2.7
    endloop
  endfacet
  facet normal 0 0 -1
    outer loop
      vertex 60.055 15.6718 2.7
      vertex 59.9722 15.7101 2.7
      vertex 59.9776 15.7182 2.7
    endloop
  endfacet
  facet normal -0 0 -1
    outer loop
      vertex 59.9776 15.7182 2.7
      vertex 59.9722 15.7101 2.7
      vertex 59.9759 15.7194 2.7
    endloop
  endfacet
  facet normal 0 0 -1
    outer loop
      vertex 59.8973 15.7656 2.7
      vertex 59.9759 15.7194 2.7
      vertex 59.9722 15.7101 2.7
    endloop
  endfacet
  facet normal 0 0 -1
    outer loop
      vertex 59.9759 15.7194 2.7
      vertex 59.8973 15.7656 2.7
      vertex 59.9035 15.7731 2.7
    endloop
  endfacet
  facet normal 0 0 -1
    outer loop
      vertex 59.8973 15.7656 2.7
      vertex 59.8366 15.8337 2.7
      vertex 59.9035 15.7731 2.7
    endloop
  endfacet
  facet normal 0 0 -1
    outer loop
      vertex 59.8282 15.8282 2.7
      vertex 59.8366 15.8337 2.7
      vertex 59.8973 15.7656 2.7
    endloop
  endfacet
  facet normal -0 0 -1
    outer loop
      vertex 59.8366 15.8337 2.7
      vertex 59.8282 15.8282 2.7
      vertex 59.8351 15.8351 2.7
    endloop
  endfacet
  facet normal -0 0 -1
    outer loop
      vertex 59.8351 15.8351 2.7
      vertex 59.8282 15.8282 2.7
      vertex 59.8337 15.8366 2.7
    endloop
  endfacet
  facet normal 0 0 -1
    outer loop
      vertex 59.7656 15.8973 2.7
      vertex 59.8337 15.8366 2.7
      vertex 59.8282 15.8282 2.7
    endloop
  endfacet
  facet normal 0 0 -1
    outer loop
      vertex 59.8337 15.8366 2.7
      vertex 59.7656 15.8973 2.7
      vertex 59.7731 15.9035 2.7
    endloop
  endfacet
  facet normal 0 0 -1
    outer loop
      vertex 59.7656 15.8973 2.7
      vertex 59.7194 15.9759 2.7
      vertex 59.7731 15.9035 2.7
    endloop
  endfacet
  facet normal 0 0 -1
    outer loop
      vertex 59.7101 15.9722 2.7
      vertex 59.7194 15.9759 2.7
      vertex 59.7656 15.8973 2.7
    endloop
  endfacet
  facet normal -0 0 -1
    outer loop
      vertex 59.7194 15.9759 2.7
      vertex 59.7101 15.9722 2.7
      vertex 59.7182 15.9776 2.7
    endloop
  endfacet
  facet normal 0 0 -1
    outer loop
      vertex 59.7101 15.9722 2.7
      vertex 59.6718 16.055 2.7
      vertex 59.7182 15.9776 2.7
    endloop
  endfacet
  facet normal 0 0 -1
    outer loop
      vertex 59.6622 16.0522 2.7
      vertex 59.6718 16.055 2.7
      vertex 59.7101 15.9722 2.7
    endloop
  endfacet
  facet normal -0 0 -1
    outer loop
      vertex 59.6718 16.055 2.7
      vertex 59.6622 16.0522 2.7
      vertex 59.6707 16.0567 2.7
    endloop
  endfacet
  facet normal -0 0 -1
    outer loop
      vertex 59.6707 16.0567 2.7
      vertex 59.6622 16.0522 2.7
      vertex 59.6698 16.0586 2.7
    endloop
  endfacet
  facet normal 0 0 -1
    outer loop
      vertex 59.6223 16.1365 2.7
      vertex 59.6698 16.0586 2.7
      vertex 59.6622 16.0522 2.7
    endloop
  endfacet
  facet normal 0 0 -1
    outer loop
      vertex 59.6698 16.0586 2.7
      vertex 59.6223 16.1365 2.7
      vertex 59.6313 16.1402 2.7
    endloop
  endfacet
  facet normal -0 0 -1
    outer loop
      vertex 59.6313 16.1402 2.7
      vertex 59.6223 16.1365 2.7
      vertex 59.6306 16.1421 2.7
    endloop
  endfacet
  facet normal 0 0 -1
    outer loop
      vertex 59.5909 16.2242 2.7
      vertex 59.6306 16.1421 2.7
      vertex 59.6223 16.1365 2.7
    endloop
  endfacet
  facet normal 0 0 -1
    outer loop
      vertex 59.6306 16.1421 2.7
      vertex 59.5909 16.2242 2.7
      vertex 59.6002 16.227 2.7
    endloop
  endfacet
  facet normal -0 0 -1
    outer loop
      vertex 59.6002 16.227 2.7
      vertex 59.5909 16.2242 2.7
      vertex 59.5997 16.229 2.7
    endloop
  endfacet
  facet normal 0 0 -1
    outer loop
      vertex 59.5683 16.3147 2.7
      vertex 59.5997 16.229 2.7
      vertex 59.5909 16.2242 2.7
    endloop
  endfacet
  facet normal 0 0 -1
    outer loop
      vertex 59.5997 16.229 2.7
      vertex 59.5683 16.3147 2.7
      vertex 59.5777 16.3166 2.7
    endloop
  endfacet
  facet normal 0 0 -1
    outer loop
      vertex 59.5683 16.3147 2.7
      vertex 59.5645 16.4058 2.7
      vertex 59.5777 16.3166 2.7
    endloop
  endfacet
  facet normal 0 0 -1
    outer loop
      vertex 59.5546 16.4069 2.7
      vertex 59.5645 16.4058 2.7
      vertex 59.5683 16.3147 2.7
    endloop
  endfacet
  facet normal 0 0 -1
    outer loop
      vertex 59.5645 16.4058 2.7
      vertex 59.5546 16.4069 2.7
      vertex 59.5642 16.4078 2.7
    endloop
  endfacet
  facet normal -0 0 -1
    outer loop
      vertex 59.5642 16.4078 2.7
      vertex 59.5546 16.4069 2.7
      vertex 59.5598 16.4979 2.7
    endloop
  endfacet
  facet normal 0 0 -1
    outer loop
      vertex 59.55 16.5 2.7
      vertex 59.5598 16.4979 2.7
      vertex 59.5546 16.4069 2.7
    endloop
  endfacet
  facet normal 0 0 -1
    outer loop
      vertex 61.45 16.5 2.7
      vertex 61.4402 16.5021 2.7
      vertex 61.4454 16.5931 2.7
    endloop
  endfacet
  facet normal 0 0 -1
    outer loop
      vertex 61.4358 16.5922 2.7
      vertex 61.4454 16.5931 2.7
      vertex 61.4402 16.5021 2.7
    endloop
  endfacet
  facet normal 0 0 -1
    outer loop
      vertex 61.4355 16.5942 2.7
      vertex 61.4454 16.5931 2.7
      vertex 61.4358 16.5922 2.7
    endloop
  endfacet
  facet normal 0 0 -1
    outer loop
      vertex 61.4355 16.5942 2.7
      vertex 61.4317 16.6853 2.7
      vertex 61.4454 16.5931 2.7
    endloop
  endfacet
  facet normal 0 0 -1
    outer loop
      vertex 61.4223 16.6834 2.7
      vertex 61.4317 16.6853 2.7
      vertex 61.4355 16.5942 2.7
    endloop
  endfacet
  facet normal 0 0 -1
    outer loop
      vertex 61.4003 16.771 2.7
      vertex 61.4317 16.6853 2.7
      vertex 61.4223 16.6834 2.7
    endloop
  endfacet
  facet normal 0 0 -1
    outer loop
      vertex 61.4317 16.6853 2.7
      vertex 61.4003 16.771 2.7
      vertex 61.4091 16.7758 2.7
    endloop
  endfacet
  facet normal 0 0 -1
    outer loop
      vertex 61.3998 16.773 2.7
      vertex 61.4091 16.7758 2.7
      vertex 61.4003 16.771 2.7
    endloop
  endfacet
  facet normal 0 0 -1
    outer loop
      vertex 61.3694 16.8579 2.7
      vertex 61.4091 16.7758 2.7
      vertex 61.3998 16.773 2.7
    endloop
  endfacet
  facet normal 0 0 -1
    outer loop
      vertex 61.4091 16.7758 2.7
      vertex 61.3694 16.8579 2.7
      vertex 61.3777 16.8635 2.7
    endloop
  endfacet
  facet normal 0 0 -1
    outer loop
      vertex 61.3687 16.8598 2.7
      vertex 61.3777 16.8635 2.7
      vertex 61.3694 16.8579 2.7
    endloop
  endfacet
  facet normal 0 0 -1
    outer loop
      vertex 61.3302 16.9414 2.7
      vertex 61.3777 16.8635 2.7
      vertex 61.3687 16.8598 2.7
    endloop
  endfacet
  facet normal 0 0 -1
    outer loop
      vertex 61.3777 16.8635 2.7
      vertex 61.3302 16.9414 2.7
      vertex 61.3378 16.9478 2.7
    endloop
  endfacet
  facet normal 0 0 -1
    outer loop
      vertex 61.3293 16.9433 2.7
      vertex 61.3378 16.9478 2.7
      vertex 61.3302 16.9414 2.7
    endloop
  endfacet
  facet normal 0 0 -1
    outer loop
      vertex 61.3282 16.945 2.7
      vertex 61.3378 16.9478 2.7
      vertex 61.3293 16.9433 2.7
    endloop
  endfacet
  facet normal 0 0 -1
    outer loop
      vertex 61.3282 16.945 2.7
      vertex 61.2899 17.0278 2.7
      vertex 61.3378 16.9478 2.7
    endloop
  endfacet
  facet normal 0 0 -1
    outer loop
      vertex 61.2818 17.0224 2.7
      vertex 61.2899 17.0278 2.7
      vertex 61.3282 16.945 2.7
    endloop
  endfacet
  facet normal 0 0 -1
    outer loop
      vertex 61.2806 17.0241 2.7
      vertex 61.2899 17.0278 2.7
      vertex 61.2818 17.0224 2.7
    endloop
  endfacet
  facet normal 0 0 -1
    outer loop
      vertex 61.2806 17.0241 2.7
      vertex 61.2344 17.1027 2.7
      vertex 61.2899 17.0278 2.7
    endloop
  endfacet
  facet normal 0 0 -1
    outer loop
      vertex 61.2269 17.0965 2.7
      vertex 61.2344 17.1027 2.7
      vertex 61.2806 17.0241 2.7
    endloop
  endfacet
  facet normal 0 0 -1
    outer loop
      vertex 61.1663 17.1634 2.7
      vertex 61.2344 17.1027 2.7
      vertex 61.2269 17.0965 2.7
    endloop
  endfacet
  facet normal 0 0 -1
    outer loop
      vertex 61.2344 17.1027 2.7
      vertex 61.1663 17.1634 2.7
      vertex 61.1718 17.1718 2.7
    endloop
  endfacet
  facet normal 0 0 -1
    outer loop
      vertex 61.1649 17.1649 2.7
      vertex 61.1718 17.1718 2.7
      vertex 61.1663 17.1634 2.7
    endloop
  endfacet
  facet normal 0 0 -1
    outer loop
      vertex 61.1634 17.1663 2.7
      vertex 61.1718 17.1718 2.7
      vertex 61.1649 17.1649 2.7
    endloop
  endfacet
  facet normal 0 0 -1
    outer loop
      vertex 61.1634 17.1663 2.7
      vertex 61.1027 17.2344 2.7
      vertex 61.1718 17.1718 2.7
    endloop
  endfacet
  facet normal 0 0 -1
    outer loop
      vertex 61.0965 17.2269 2.7
      vertex 61.1027 17.2344 2.7
      vertex 61.1634 17.1663 2.7
    endloop
  endfacet
  facet normal 0 0 -1
    outer loop
      vertex 61.0241 17.2806 2.7
      vertex 61.1027 17.2344 2.7
      vertex 61.0965 17.2269 2.7
    endloop
  endfacet
  facet normal 0 0 -1
    outer loop
      vertex 61.1027 17.2344 2.7
      vertex 61.0241 17.2806 2.7
      vertex 61.0278 17.2899 2.7
    endloop
  endfacet
  facet normal 0 0 -1
    outer loop
      vertex 61.0224 17.2818 2.7
      vertex 61.0278 17.2899 2.7
      vertex 61.0241 17.2806 2.7
    endloop
  endfacet
  facet normal 0 0 -1
    outer loop
      vertex 60.945 17.3282 2.7
      vertex 61.0278 17.2899 2.7
      vertex 61.0224 17.2818 2.7
    endloop
  endfacet
  facet normal 0 0 -1
    outer loop
      vertex 61.0278 17.2899 2.7
      vertex 60.945 17.3282 2.7
      vertex 60.9478 17.3378 2.7
    endloop
  endfacet
  facet normal 0 0 -1
    outer loop
      vertex 60.9433 17.3293 2.7
      vertex 60.9478 17.3378 2.7
      vertex 60.945 17.3282 2.7
    endloop
  endfacet
  facet normal 0 0 -1
    outer loop
      vertex 60.9414 17.3302 2.7
      vertex 60.9478 17.3378 2.7
      vertex 60.9433 17.3293 2.7
    endloop
  endfacet
  facet normal 0 0 -1
    outer loop
      vertex 60.9414 17.3302 2.7
      vertex 60.8635 17.3777 2.7
      vertex 60.9478 17.3378 2.7
    endloop
  endfacet
  facet normal 0 0 -1
    outer loop
      vertex 60.8598 17.3687 2.7
      vertex 60.8635 17.3777 2.7
      vertex 60.9414 17.3302 2.7
    endloop
  endfacet
  facet normal 0 0 -1
    outer loop
      vertex 60.8579 17.3694 2.7
      vertex 60.8635 17.3777 2.7
      vertex 60.8598 17.3687 2.7
    endloop
  endfacet
  facet normal 0 0 -1
    outer loop
      vertex 60.8579 17.3694 2.7
      vertex 60.7758 17.4091 2.7
      vertex 60.8635 17.3777 2.7
    endloop
  endfacet
  facet normal 0 0 -1
    outer loop
      vertex 60.773 17.3998 2.7
      vertex 60.7758 17.4091 2.7
      vertex 60.8579 17.3694 2.7
    endloop
  endfacet
  facet normal 0 0 -1
    outer loop
      vertex 60.771 17.4003 2.7
      vertex 60.7758 17.4091 2.7
      vertex 60.773 17.3998 2.7
    endloop
  endfacet
  facet normal 0 0 -1
    outer loop
      vertex 60.771 17.4003 2.7
      vertex 60.6853 17.4317 2.7
      vertex 60.7758 17.4091 2.7
    endloop
  endfacet
  facet normal 0 0 -1
    outer loop
      vertex 60.6834 17.4223 2.7
      vertex 60.6853 17.4317 2.7
      vertex 60.771 17.4003 2.7
    endloop
  endfacet
  facet normal 0 0 -1
    outer loop
      vertex 60.5942 17.4355 2.7
      vertex 60.6853 17.4317 2.7
      vertex 60.6834 17.4223 2.7
    endloop
  endfacet
  facet normal 0 0 -1
    outer loop
      vertex 60.5942 17.4355 2.7
      vertex 60.5931 17.4454 2.7
      vertex 60.6853 17.4317 2.7
    endloop
  endfacet
  facet normal 0 0 -1
    outer loop
      vertex 60.5922 17.4358 2.7
      vertex 60.5931 17.4454 2.7
      vertex 60.5942 17.4355 2.7
    endloop
  endfacet
  facet normal 0 0 -1
    outer loop
      vertex 60.5021 17.4402 2.7
      vertex 60.5931 17.4454 2.7
      vertex 60.5922 17.4358 2.7
    endloop
  endfacet
  facet normal 0 0 -1
    outer loop
      vertex 60.5 17.45 2.7
      vertex 60.5021 17.4402 2.7
      vertex 60.5 17.4403 2.7
    endloop
  endfacet
  facet normal 0 0 -1
    outer loop
      vertex 60.5021 17.4402 2.7
      vertex 60.5 17.45 2.7
      vertex 60.5931 17.4454 2.7
    endloop
  endfacet
  facet normal 0 0 -1
    outer loop
      vertex 60.4979 17.4402 2.7
      vertex 60.5 17.45 2.7
      vertex 60.5 17.4403 2.7
    endloop
  endfacet
  facet normal 0 0 -1
    outer loop
      vertex 60.4069 17.4454 2.7
      vertex 60.4979 17.4402 2.7
      vertex 60.4078 17.4358 2.7
    endloop
  endfacet
  facet normal 0 0 -1
    outer loop
      vertex 60.4979 17.4402 2.7
      vertex 60.4069 17.4454 2.7
      vertex 60.5 17.45 2.7
    endloop
  endfacet
  facet normal 0 0 -1
    outer loop
      vertex 60.4058 17.4355 2.7
      vertex 60.4069 17.4454 2.7
      vertex 60.4078 17.4358 2.7
    endloop
  endfacet
  facet normal 0 0 -1
    outer loop
      vertex 60.3147 17.4317 2.7
      vertex 60.4058 17.4355 2.7
      vertex 60.3166 17.4223 2.7
    endloop
  endfacet
  facet normal -0 0 -1
    outer loop
      vertex 60.4058 17.4355 2.7
      vertex 60.3147 17.4317 2.7
      vertex 60.4069 17.4454 2.7
    endloop
  endfacet
  facet normal 0 0 -1
    outer loop
      vertex 60.229 17.4003 2.7
      vertex 60.3147 17.4317 2.7
      vertex 60.3166 17.4223 2.7
    endloop
  endfacet
  facet normal 0 0 -1
    outer loop
      vertex 60.2242 17.4091 2.7
      vertex 60.229 17.4003 2.7
      vertex 60.227 17.3998 2.7
    endloop
  endfacet
  facet normal 0 0 -1
    outer loop
      vertex 60.229 17.4003 2.7
      vertex 60.2242 17.4091 2.7
      vertex 60.3147 17.4317 2.7
    endloop
  endfacet
  facet normal 0 0 -1
    outer loop
      vertex 60.1421 17.3694 2.7
      vertex 60.2242 17.4091 2.7
      vertex 60.227 17.3998 2.7
    endloop
  endfacet
  facet normal 0 0 -1
    outer loop
      vertex 60.1365 17.3777 2.7
      vertex 60.1421 17.3694 2.7
      vertex 60.1402 17.3687 2.7
    endloop
  endfacet
  facet normal 0 0 -1
    outer loop
      vertex 60.1421 17.3694 2.7
      vertex 60.1365 17.3777 2.7
      vertex 60.2242 17.4091 2.7
    endloop
  endfacet
  facet normal 0 0 -1
    outer loop
      vertex 60.0586 17.3302 2.7
      vertex 60.1365 17.3777 2.7
      vertex 60.1402 17.3687 2.7
    endloop
  endfacet
  facet normal 0 0 -1
    outer loop
      vertex 60.0522 17.3378 2.7
      vertex 60.0586 17.3302 2.7
      vertex 60.0567 17.3293 2.7
    endloop
  endfacet
  facet normal 0 0 -1
    outer loop
      vertex 60.0522 17.3378 2.7
      vertex 60.0567 17.3293 2.7
      vertex 60.055 17.3282 2.7
    endloop
  endfacet
  facet normal 0 0 -1
    outer loop
      vertex 60.0586 17.3302 2.7
      vertex 60.0522 17.3378 2.7
      vertex 60.1365 17.3777 2.7
    endloop
  endfacet
  facet normal 0 0 -1
    outer loop
      vertex 59.9722 17.2899 2.7
      vertex 60.055 17.3282 2.7
      vertex 59.9776 17.2818 2.7
    endloop
  endfacet
  facet normal 0 0 -1
    outer loop
      vertex 59.9722 17.2899 2.7
      vertex 59.9776 17.2818 2.7
      vertex 59.9759 17.2806 2.7
    endloop
  endfacet
  facet normal -0 0 -1
    outer loop
      vertex 60.055 17.3282 2.7
      vertex 59.9722 17.2899 2.7
      vertex 60.0522 17.3378 2.7
    endloop
  endfacet
  facet normal 0 0 -1
    outer loop
      vertex 59.8973 17.2344 2.7
      vertex 59.9759 17.2806 2.7
      vertex 59.9035 17.2269 2.7
    endloop
  endfacet
  facet normal -0 0 -1
    outer loop
      vertex 59.9759 17.2806 2.7
      vertex 59.8973 17.2344 2.7
      vertex 59.9722 17.2899 2.7
    endloop
  endfacet
  facet normal 0 0 -1
    outer loop
      vertex 59.8366 17.1663 2.7
      vertex 59.8973 17.2344 2.7
      vertex 59.9035 17.2269 2.7
    endloop
  endfacet
  facet normal 0 0 -1
    outer loop
      vertex 59.8282 17.1718 2.7
      vertex 59.8366 17.1663 2.7
      vertex 59.8351 17.1649 2.7
    endloop
  endfacet
  facet normal 0 0 -1
    outer loop
      vertex 59.8282 17.1718 2.7
      vertex 59.8351 17.1649 2.7
      vertex 59.8337 17.1634 2.7
    endloop
  endfacet
  facet normal 0 0 -1
    outer loop
      vertex 59.8366 17.1663 2.7
      vertex 59.8282 17.1718 2.7
      vertex 59.8973 17.2344 2.7
    endloop
  endfacet
  facet normal 0 0 -1
    outer loop
      vertex 59.7656 17.1027 2.7
      vertex 59.8337 17.1634 2.7
      vertex 59.7731 17.0965 2.7
    endloop
  endfacet
  facet normal -0 0 -1
    outer loop
      vertex 59.8337 17.1634 2.7
      vertex 59.7656 17.1027 2.7
      vertex 59.8282 17.1718 2.7
    endloop
  endfacet
  facet normal 0 0 -1
    outer loop
      vertex 59.7194 17.0241 2.7
      vertex 59.7656 17.1027 2.7
      vertex 59.7731 17.0965 2.7
    endloop
  endfacet
  facet normal 0 0 -1
    outer loop
      vertex 59.7101 17.0278 2.7
      vertex 59.7194 17.0241 2.7
      vertex 59.7182 17.0224 2.7
    endloop
  endfacet
  facet normal 0 0 -1
    outer loop
      vertex 59.7194 17.0241 2.7
      vertex 59.7101 17.0278 2.7
      vertex 59.7656 17.1027 2.7
    endloop
  endfacet
  facet normal 0 0 -1
    outer loop
      vertex 59.6718 16.945 2.7
      vertex 59.7101 17.0278 2.7
      vertex 59.7182 17.0224 2.7
    endloop
  endfacet
  facet normal 0 0 -1
    outer loop
      vertex 59.6622 16.9478 2.7
      vertex 59.6718 16.945 2.7
      vertex 59.6707 16.9433 2.7
    endloop
  endfacet
  facet normal 0 0 -1
    outer loop
      vertex 59.6622 16.9478 2.7
      vertex 59.6707 16.9433 2.7
      vertex 59.6698 16.9414 2.7
    endloop
  endfacet
  facet normal 0 0 -1
    outer loop
      vertex 59.6718 16.945 2.7
      vertex 59.6622 16.9478 2.7
      vertex 59.7101 17.0278 2.7
    endloop
  endfacet
  facet normal 0 0 -1
    outer loop
      vertex 59.6223 16.8635 2.7
      vertex 59.6698 16.9414 2.7
      vertex 59.6313 16.8598 2.7
    endloop
  endfacet
  facet normal 0 0 -1
    outer loop
      vertex 59.6223 16.8635 2.7
      vertex 59.6313 16.8598 2.7
      vertex 59.6306 16.8579 2.7
    endloop
  endfacet
  facet normal -0 0 -1
    outer loop
      vertex 59.6698 16.9414 2.7
      vertex 59.6223 16.8635 2.7
      vertex 59.6622 16.9478 2.7
    endloop
  endfacet
  facet normal 0 0 -1
    outer loop
      vertex 59.5909 16.7758 2.7
      vertex 59.6306 16.8579 2.7
      vertex 59.6002 16.773 2.7
    endloop
  endfacet
  facet normal 0 0 -1
    outer loop
      vertex 59.5909 16.7758 2.7
      vertex 59.6002 16.773 2.7
      vertex 59.5997 16.771 2.7
    endloop
  endfacet
  facet normal -0 0 -1
    outer loop
      vertex 59.6306 16.8579 2.7
      vertex 59.5909 16.7758 2.7
      vertex 59.6223 16.8635 2.7
    endloop
  endfacet
  facet normal 0 0 -1
    outer loop
      vertex 59.5683 16.6853 2.7
      vertex 59.5997 16.771 2.7
      vertex 59.5777 16.6834 2.7
    endloop
  endfacet
  facet normal -0 0 -1
    outer loop
      vertex 59.5997 16.771 2.7
      vertex 59.5683 16.6853 2.7
      vertex 59.5909 16.7758 2.7
    endloop
  endfacet
  facet normal 0 0 -1
    outer loop
      vertex 59.5645 16.5942 2.7
      vertex 59.5683 16.6853 2.7
      vertex 59.5777 16.6834 2.7
    endloop
  endfacet
  facet normal 0 0 -1
    outer loop
      vertex 59.5546 16.5931 2.7
      vertex 59.5645 16.5942 2.7
      vertex 59.5642 16.5922 2.7
    endloop
  endfacet
  facet normal 0 0 -1
    outer loop
      vertex 59.5546 16.5931 2.7
      vertex 59.5642 16.5922 2.7
      vertex 59.5598 16.5021 2.7
    endloop
  endfacet
  facet normal 0 0 -1
    outer loop
      vertex 59.55 16.5 2.7
      vertex 59.5598 16.5021 2.7
      vertex 59.5597 16.5 2.7
    endloop
  endfacet
  facet normal 0 0 -1
    outer loop
      vertex 59.5598 16.4979 2.7
      vertex 59.55 16.5 2.7
      vertex 59.5597 16.5 2.7
    endloop
  endfacet
  facet normal -0 0 -1
    outer loop
      vertex 59.5645 16.5942 2.7
      vertex 59.5546 16.5931 2.7
      vertex 59.5683 16.6853 2.7
    endloop
  endfacet
  facet normal -0 0 -1
    outer loop
      vertex 59.5598 16.5021 2.7
      vertex 59.55 16.5 2.7
      vertex 59.5546 16.5931 2.7
    endloop
  endfacet
  facet normal -0.337084 0.941474 0
    outer loop
      vertex 60.2242 17.4091 2.7
      vertex 60.1365 17.3777 5
      vertex 60.2242 17.4091 5
    endloop
  endfacet
  facet normal -0.337084 0.941474 0
    outer loop
      vertex 60.1365 17.3777 5
      vertex 60.2242 17.4091 2.7
      vertex 60.1365 17.3777 2.7
    endloop
  endfacet
  facet normal 0.049349 -0.998782 0
    outer loop
      vertex 60.5 15.55 2.7
      vertex 60.5931 15.5546 5
      vertex 60.5 15.55 5
    endloop
  endfacet
  facet normal 0.049349 -0.998782 0
    outer loop
      vertex 60.5931 15.5546 5
      vertex 60.5 15.55 2.7
      vertex 60.5931 15.5546 2.7
    endloop
  endfacet
  facet normal -0.049349 0.998782 0
    outer loop
      vertex 60.5 17.45 2.7
      vertex 60.4069 17.4454 5
      vertex 60.5 17.45 5
    endloop
  endfacet
  facet normal -0.049349 0.998782 0
    outer loop
      vertex 60.4069 17.4454 5
      vertex 60.5 17.45 2.7
      vertex 60.4069 17.4454 2.7
    endloop
  endfacet
  facet normal -0.595356 -0.803462 0
    outer loop
      vertex 59.8973 15.7656 2.7
      vertex 59.9722 15.7101 5
      vertex 59.8973 15.7656 5
    endloop
  endfacet
  facet normal -0.595356 -0.803462 -0
    outer loop
      vertex 59.9722 15.7101 5
      vertex 59.8973 15.7656 2.7
      vertex 59.9722 15.7101 2.7
    endloop
  endfacet
  facet normal -0.903869 -0.42781 0
    outer loop
      vertex 59.6622 16.0522 2.7
      vertex 59.6223 16.1365 5
      vertex 59.6223 16.1365 2.7
    endloop
  endfacet
  facet normal -0.903869 -0.42781 0
    outer loop
      vertex 59.6223 16.1365 5
      vertex 59.6622 16.0522 2.7
      vertex 59.6622 16.0522 5
    endloop
  endfacet
  facet normal -0.146976 0.98914 0
    outer loop
      vertex 60.4069 17.4454 2.7
      vertex 60.3147 17.4317 5
      vertex 60.4069 17.4454 5
    endloop
  endfacet
  facet normal -0.146976 0.98914 0
    outer loop
      vertex 60.3147 17.4317 5
      vertex 60.4069 17.4454 2.7
      vertex 60.3147 17.4317 2.7
    endloop
  endfacet
  facet normal 0.595356 -0.803462 0
    outer loop
      vertex 61.0278 15.7101 2.7
      vertex 61.1027 15.7656 5
      vertex 61.0278 15.7101 5
    endloop
  endfacet
  facet normal 0.595356 -0.803462 0
    outer loop
      vertex 61.1027 15.7656 5
      vertex 61.0278 15.7101 2.7
      vertex 61.1027 15.7656 2.7
    endloop
  endfacet
  facet normal 0.513707 0.857966 -0
    outer loop
      vertex 61.0278 17.2899 2.7
      vertex 60.9478 17.3378 5
      vertex 61.0278 17.2899 5
    endloop
  endfacet
  facet normal 0.513707 0.857966 0
    outer loop
      vertex 60.9478 17.3378 5
      vertex 61.0278 17.2899 2.7
      vertex 60.9478 17.3378 2.7
    endloop
  endfacet
  facet normal -0.998782 -0.049349 0
    outer loop
      vertex 59.5546 16.4069 2.7
      vertex 59.55 16.5 5
      vertex 59.55 16.5 2.7
    endloop
  endfacet
  facet normal -0.998782 -0.049349 0
    outer loop
      vertex 59.55 16.5 5
      vertex 59.5546 16.4069 2.7
      vertex 59.5546 16.4069 5
    endloop
  endfacet
  facet normal -0.903869 0.42781 0
    outer loop
      vertex 59.6223 16.8635 2.7
      vertex 59.6622 16.9478 5
      vertex 59.6622 16.9478 2.7
    endloop
  endfacet
  facet normal -0.903869 0.42781 0
    outer loop
      vertex 59.6622 16.9478 5
      vertex 59.6223 16.8635 2.7
      vertex 59.6223 16.8635 5
    endloop
  endfacet
  facet normal 0.970206 -0.242283 0
    outer loop
      vertex 61.4091 16.2242 5
      vertex 61.4317 16.3147 2.7
      vertex 61.4317 16.3147 5
    endloop
  endfacet
  facet normal 0.970206 -0.242283 0
    outer loop
      vertex 61.4317 16.3147 2.7
      vertex 61.4091 16.2242 5
      vertex 61.4091 16.2242 2.7
    endloop
  endfacet
  facet normal 0.671391 0.741104 -0
    outer loop
      vertex 61.1718 17.1718 2.7
      vertex 61.1027 17.2344 5
      vertex 61.1718 17.1718 5
    endloop
  endfacet
  facet normal 0.671391 0.741104 0
    outer loop
      vertex 61.1027 17.2344 5
      vertex 61.1718 17.1718 2.7
      vertex 61.1027 17.2344 2.7
    endloop
  endfacet
  facet normal 0.595356 0.803462 -0
    outer loop
      vertex 61.1027 17.2344 2.7
      vertex 61.0278 17.2899 5
      vertex 61.1027 17.2344 5
    endloop
  endfacet
  facet normal 0.595356 0.803462 0
    outer loop
      vertex 61.0278 17.2899 5
      vertex 61.1027 17.2344 2.7
      vertex 61.0278 17.2899 2.7
    endloop
  endfacet
  facet normal -0.595356 0.803462 0
    outer loop
      vertex 59.9722 17.2899 2.7
      vertex 59.8973 17.2344 5
      vertex 59.9722 17.2899 5
    endloop
  endfacet
  facet normal -0.595356 0.803462 0
    outer loop
      vertex 59.8973 17.2344 5
      vertex 59.9722 17.2899 2.7
      vertex 59.8973 17.2344 2.7
    endloop
  endfacet
  facet normal 0.513707 -0.857966 0
    outer loop
      vertex 60.9478 15.6622 2.7
      vertex 61.0278 15.7101 5
      vertex 60.9478 15.6622 5
    endloop
  endfacet
  facet normal 0.513707 -0.857966 0
    outer loop
      vertex 61.0278 15.7101 5
      vertex 60.9478 15.6622 2.7
      vertex 61.0278 15.7101 2.7
    endloop
  endfacet
  facet normal 0.741104 0.671391 0
    outer loop
      vertex 61.2344 17.1027 5
      vertex 61.1718 17.1718 2.7
      vertex 61.1718 17.1718 5
    endloop
  endfacet
  facet normal 0.741104 0.671391 0
    outer loop
      vertex 61.1718 17.1718 2.7
      vertex 61.2344 17.1027 5
      vertex 61.2344 17.1027 2.7
    endloop
  endfacet
  facet normal 0.803462 0.595356 0
    outer loop
      vertex 61.2899 17.0278 5
      vertex 61.2344 17.1027 2.7
      vertex 61.2344 17.1027 5
    endloop
  endfacet
  facet normal 0.803462 0.595356 0
    outer loop
      vertex 61.2344 17.1027 2.7
      vertex 61.2899 17.0278 5
      vertex 61.2899 17.0278 2.7
    endloop
  endfacet
  facet normal 0.98914 -0.146976 0
    outer loop
      vertex 61.4317 16.3147 5
      vertex 61.4454 16.4069 2.7
      vertex 61.4454 16.4069 5
    endloop
  endfacet
  facet normal 0.98914 -0.146976 0
    outer loop
      vertex 61.4454 16.4069 2.7
      vertex 61.4317 16.3147 5
      vertex 61.4317 16.3147 2.7
    endloop
  endfacet
  facet normal -0.941474 0.337084 0
    outer loop
      vertex 59.5909 16.7758 2.7
      vertex 59.6223 16.8635 5
      vertex 59.6223 16.8635 2.7
    endloop
  endfacet
  facet normal -0.941474 0.337084 0
    outer loop
      vertex 59.6223 16.8635 5
      vertex 59.5909 16.7758 2.7
      vertex 59.5909 16.7758 5
    endloop
  endfacet
  facet normal 0.903869 -0.42781 0
    outer loop
      vertex 61.3378 16.0522 5
      vertex 61.3777 16.1365 2.7
      vertex 61.3777 16.1365 5
    endloop
  endfacet
  facet normal 0.903869 -0.42781 0
    outer loop
      vertex 61.3777 16.1365 2.7
      vertex 61.3378 16.0522 5
      vertex 61.3378 16.0522 2.7
    endloop
  endfacet
  facet normal 0.998782 -0.049349 0
    outer loop
      vertex 61.4454 16.4069 5
      vertex 61.45 16.5 2.7
      vertex 61.45 16.5 5
    endloop
  endfacet
  facet normal 0.998782 -0.049349 0
    outer loop
      vertex 61.45 16.5 2.7
      vertex 61.4454 16.4069 5
      vertex 61.4454 16.4069 2.7
    endloop
  endfacet
  facet normal 0.242283 -0.970206 0
    outer loop
      vertex 60.6853 15.5683 2.7
      vertex 60.7758 15.5909 5
      vertex 60.6853 15.5683 5
    endloop
  endfacet
  facet normal 0.242283 -0.970206 0
    outer loop
      vertex 60.7758 15.5909 5
      vertex 60.6853 15.5683 2.7
      vertex 60.7758 15.5909 2.7
    endloop
  endfacet
  facet normal 0.146976 -0.98914 0
    outer loop
      vertex 60.5931 15.5546 2.7
      vertex 60.6853 15.5683 5
      vertex 60.5931 15.5546 5
    endloop
  endfacet
  facet normal 0.146976 -0.98914 0
    outer loop
      vertex 60.6853 15.5683 5
      vertex 60.5931 15.5546 2.7
      vertex 60.6853 15.5683 2.7
    endloop
  endfacet
  facet normal 0.941474 0.337084 0
    outer loop
      vertex 61.4091 16.7758 5
      vertex 61.3777 16.8635 2.7
      vertex 61.3777 16.8635 5
    endloop
  endfacet
  facet normal 0.941474 0.337084 0
    outer loop
      vertex 61.3777 16.8635 2.7
      vertex 61.4091 16.7758 5
      vertex 61.4091 16.7758 2.7
    endloop
  endfacet
  facet normal 0.803462 -0.595356 0
    outer loop
      vertex 61.2344 15.8973 5
      vertex 61.2899 15.9722 2.7
      vertex 61.2899 15.9722 5
    endloop
  endfacet
  facet normal 0.803462 -0.595356 0
    outer loop
      vertex 61.2899 15.9722 2.7
      vertex 61.2344 15.8973 5
      vertex 61.2344 15.8973 2.7
    endloop
  endfacet
  facet normal 0.857966 -0.513707 0
    outer loop
      vertex 61.2899 15.9722 5
      vertex 61.3378 16.0522 2.7
      vertex 61.3378 16.0522 5
    endloop
  endfacet
  facet normal 0.857966 -0.513707 0
    outer loop
      vertex 61.3378 16.0522 2.7
      vertex 61.2899 15.9722 5
      vertex 61.2899 15.9722 2.7
    endloop
  endfacet
  facet normal 0.42781 -0.903869 0
    outer loop
      vertex 60.8635 15.6223 2.7
      vertex 60.9478 15.6622 5
      vertex 60.8635 15.6223 5
    endloop
  endfacet
  facet normal 0.42781 -0.903869 0
    outer loop
      vertex 60.9478 15.6622 5
      vertex 60.8635 15.6223 2.7
      vertex 60.9478 15.6622 2.7
    endloop
  endfacet
  facet normal 0.049349 0.998782 -0
    outer loop
      vertex 60.5931 17.4454 2.7
      vertex 60.5 17.45 5
      vertex 60.5931 17.4454 5
    endloop
  endfacet
  facet normal 0.049349 0.998782 0
    outer loop
      vertex 60.5 17.45 5
      vertex 60.5931 17.4454 2.7
      vertex 60.5 17.45 2.7
    endloop
  endfacet
  facet normal 0.941474 -0.337084 0
    outer loop
      vertex 61.3777 16.1365 5
      vertex 61.4091 16.2242 2.7
      vertex 61.4091 16.2242 5
    endloop
  endfacet
  facet normal 0.941474 -0.337084 0
    outer loop
      vertex 61.4091 16.2242 2.7
      vertex 61.3777 16.1365 5
      vertex 61.3777 16.1365 2.7
    endloop
  endfacet
  facet normal -0.242283 0.970206 0
    outer loop
      vertex 60.3147 17.4317 2.7
      vertex 60.2242 17.4091 5
      vertex 60.3147 17.4317 5
    endloop
  endfacet
  facet normal -0.242283 0.970206 0
    outer loop
      vertex 60.2242 17.4091 5
      vertex 60.3147 17.4317 2.7
      vertex 60.2242 17.4091 2.7
    endloop
  endfacet
  facet normal 0.903869 0.42781 0
    outer loop
      vertex 61.3777 16.8635 5
      vertex 61.3378 16.9478 2.7
      vertex 61.3378 16.9478 5
    endloop
  endfacet
  facet normal 0.903869 0.42781 0
    outer loop
      vertex 61.3378 16.9478 2.7
      vertex 61.3777 16.8635 5
      vertex 61.3777 16.8635 2.7
    endloop
  endfacet
  facet normal -0.42781 0.903869 0
    outer loop
      vertex 60.1365 17.3777 2.7
      vertex 60.0522 17.3378 5
      vertex 60.1365 17.3777 5
    endloop
  endfacet
  facet normal -0.42781 0.903869 0
    outer loop
      vertex 60.0522 17.3378 5
      vertex 60.1365 17.3777 2.7
      vertex 60.0522 17.3378 2.7
    endloop
  endfacet
  facet normal 0.146976 0.98914 -0
    outer loop
      vertex 60.6853 17.4317 2.7
      vertex 60.5931 17.4454 5
      vertex 60.6853 17.4317 5
    endloop
  endfacet
  facet normal 0.146976 0.98914 0
    outer loop
      vertex 60.5931 17.4454 5
      vertex 60.6853 17.4317 2.7
      vertex 60.5931 17.4454 2.7
    endloop
  endfacet
  facet normal -0.857966 -0.513707 0
    outer loop
      vertex 59.7101 15.9722 2.7
      vertex 59.6622 16.0522 5
      vertex 59.6622 16.0522 2.7
    endloop
  endfacet
  facet normal -0.857966 -0.513707 0
    outer loop
      vertex 59.6622 16.0522 5
      vertex 59.7101 15.9722 2.7
      vertex 59.7101 15.9722 5
    endloop
  endfacet
  facet normal 0.857966 0.513707 0
    outer loop
      vertex 61.3378 16.9478 5
      vertex 61.2899 17.0278 2.7
      vertex 61.2899 17.0278 5
    endloop
  endfacet
  facet normal 0.857966 0.513707 0
    outer loop
      vertex 61.2899 17.0278 2.7
      vertex 61.3378 16.9478 5
      vertex 61.3378 16.9478 2.7
    endloop
  endfacet
  facet normal -0.513707 0.857966 0
    outer loop
      vertex 60.0522 17.3378 2.7
      vertex 59.9722 17.2899 5
      vertex 60.0522 17.3378 5
    endloop
  endfacet
  facet normal -0.513707 0.857966 0
    outer loop
      vertex 59.9722 17.2899 5
      vertex 60.0522 17.3378 2.7
      vertex 59.9722 17.2899 2.7
    endloop
  endfacet
  facet normal -0.741104 -0.671391 0
    outer loop
      vertex 59.8282 15.8282 2.7
      vertex 59.7656 15.8973 5
      vertex 59.7656 15.8973 2.7
    endloop
  endfacet
  facet normal -0.741104 -0.671391 0
    outer loop
      vertex 59.7656 15.8973 5
      vertex 59.8282 15.8282 2.7
      vertex 59.8282 15.8282 5
    endloop
  endfacet
  facet normal -0.42781 -0.903869 0
    outer loop
      vertex 60.0522 15.6622 2.7
      vertex 60.1365 15.6223 5
      vertex 60.0522 15.6622 5
    endloop
  endfacet
  facet normal -0.42781 -0.903869 -0
    outer loop
      vertex 60.1365 15.6223 5
      vertex 60.0522 15.6622 2.7
      vertex 60.1365 15.6223 2.7
    endloop
  endfacet
  facet normal -0.941474 -0.337084 0
    outer loop
      vertex 59.6223 16.1365 2.7
      vertex 59.5909 16.2242 5
      vertex 59.5909 16.2242 2.7
    endloop
  endfacet
  facet normal -0.941474 -0.337084 0
    outer loop
      vertex 59.5909 16.2242 5
      vertex 59.6223 16.1365 2.7
      vertex 59.6223 16.1365 5
    endloop
  endfacet
  facet normal -0.513707 -0.857966 0
    outer loop
      vertex 59.9722 15.7101 2.7
      vertex 60.0522 15.6622 5
      vertex 59.9722 15.7101 5
    endloop
  endfacet
  facet normal -0.513707 -0.857966 -0
    outer loop
      vertex 60.0522 15.6622 5
      vertex 59.9722 15.7101 2.7
      vertex 60.0522 15.6622 2.7
    endloop
  endfacet
  facet normal -0.970206 0.242283 0
    outer loop
      vertex 59.5683 16.6853 2.7
      vertex 59.5909 16.7758 5
      vertex 59.5909 16.7758 2.7
    endloop
  endfacet
  facet normal -0.970206 0.242283 0
    outer loop
      vertex 59.5909 16.7758 5
      vertex 59.5683 16.6853 2.7
      vertex 59.5683 16.6853 5
    endloop
  endfacet
  facet normal -0.98914 0.146976 0
    outer loop
      vertex 59.5546 16.5931 2.7
      vertex 59.5683 16.6853 5
      vertex 59.5683 16.6853 2.7
    endloop
  endfacet
  facet normal -0.98914 0.146976 0
    outer loop
      vertex 59.5683 16.6853 5
      vertex 59.5546 16.5931 2.7
      vertex 59.5546 16.5931 5
    endloop
  endfacet
  facet normal 0.337084 0.941474 -0
    outer loop
      vertex 60.8635 17.3777 2.7
      vertex 60.7758 17.4091 5
      vertex 60.8635 17.3777 5
    endloop
  endfacet
  facet normal 0.337084 0.941474 0
    outer loop
      vertex 60.7758 17.4091 5
      vertex 60.8635 17.3777 2.7
      vertex 60.7758 17.4091 2.7
    endloop
  endfacet
  facet normal -0.803462 -0.595356 0
    outer loop
      vertex 59.7656 15.8973 2.7
      vertex 59.7101 15.9722 5
      vertex 59.7101 15.9722 2.7
    endloop
  endfacet
  facet normal -0.803462 -0.595356 0
    outer loop
      vertex 59.7101 15.9722 5
      vertex 59.7656 15.8973 2.7
      vertex 59.7656 15.8973 5
    endloop
  endfacet
  facet normal -0.98914 -0.146976 0
    outer loop
      vertex 59.5683 16.3147 2.7
      vertex 59.5546 16.4069 5
      vertex 59.5546 16.4069 2.7
    endloop
  endfacet
  facet normal -0.98914 -0.146976 0
    outer loop
      vertex 59.5546 16.4069 5
      vertex 59.5683 16.3147 2.7
      vertex 59.5683 16.3147 5
    endloop
  endfacet
  facet normal -0.671391 -0.741104 0
    outer loop
      vertex 59.8282 15.8282 2.7
      vertex 59.8973 15.7656 5
      vertex 59.8282 15.8282 5
    endloop
  endfacet
  facet normal -0.671391 -0.741104 -0
    outer loop
      vertex 59.8973 15.7656 5
      vertex 59.8282 15.8282 2.7
      vertex 59.8973 15.7656 2.7
    endloop
  endfacet
  facet normal -0.803462 0.595356 0
    outer loop
      vertex 59.7101 17.0278 2.7
      vertex 59.7656 17.1027 5
      vertex 59.7656 17.1027 2.7
    endloop
  endfacet
  facet normal -0.803462 0.595356 0
    outer loop
      vertex 59.7656 17.1027 5
      vertex 59.7101 17.0278 2.7
      vertex 59.7101 17.0278 5
    endloop
  endfacet
  facet normal -0.857966 0.513707 0
    outer loop
      vertex 59.6622 16.9478 2.7
      vertex 59.7101 17.0278 5
      vertex 59.7101 17.0278 2.7
    endloop
  endfacet
  facet normal -0.857966 0.513707 0
    outer loop
      vertex 59.7101 17.0278 5
      vertex 59.6622 16.9478 2.7
      vertex 59.6622 16.9478 5
    endloop
  endfacet
  facet normal -0.049349 -0.998782 0
    outer loop
      vertex 60.4069 15.5546 2.7
      vertex 60.5 15.55 5
      vertex 60.4069 15.5546 5
    endloop
  endfacet
  facet normal -0.049349 -0.998782 -0
    outer loop
      vertex 60.5 15.55 5
      vertex 60.4069 15.5546 2.7
      vertex 60.5 15.55 2.7
    endloop
  endfacet
  facet normal -0.998782 0.049349 0
    outer loop
      vertex 59.55 16.5 2.7
      vertex 59.5546 16.5931 5
      vertex 59.5546 16.5931 2.7
    endloop
  endfacet
  facet normal -0.998782 0.049349 0
    outer loop
      vertex 59.5546 16.5931 5
      vertex 59.55 16.5 2.7
      vertex 59.55 16.5 5
    endloop
  endfacet
  facet normal -0.337084 -0.941474 0
    outer loop
      vertex 60.1365 15.6223 2.7
      vertex 60.2242 15.5909 5
      vertex 60.1365 15.6223 5
    endloop
  endfacet
  facet normal -0.337084 -0.941474 -0
    outer loop
      vertex 60.2242 15.5909 5
      vertex 60.1365 15.6223 2.7
      vertex 60.2242 15.5909 2.7
    endloop
  endfacet
  facet normal 0.741104 -0.671391 0
    outer loop
      vertex 61.1718 15.8282 5
      vertex 61.2344 15.8973 2.7
      vertex 61.2344 15.8973 5
    endloop
  endfacet
  facet normal 0.741104 -0.671391 0
    outer loop
      vertex 61.2344 15.8973 2.7
      vertex 61.1718 15.8282 5
      vertex 61.1718 15.8282 2.7
    endloop
  endfacet
  facet normal 0.671391 -0.741104 0
    outer loop
      vertex 61.1027 15.7656 2.7
      vertex 61.1718 15.8282 5
      vertex 61.1027 15.7656 5
    endloop
  endfacet
  facet normal 0.671391 -0.741104 0
    outer loop
      vertex 61.1718 15.8282 5
      vertex 61.1027 15.7656 2.7
      vertex 61.1718 15.8282 2.7
    endloop
  endfacet
  facet normal 0.718209 0.0342004 -0.694987
    outer loop
      vertex 61.15 16.5 2.4
      vertex 61.4402 16.5021 2.7
      vertex 61.4403 16.5 2.7
    endloop
  endfacet
  facet normal 0.718187 0.034951 -0.694971
    outer loop
      vertex 61.4402 16.5021 2.7
      vertex 61.15 16.5 2.4
      vertex 61.1469 16.5637 2.4
    endloop
  endfacet
  facet normal 0.369746 -0.616775 -0.694893
    outer loop
      vertex 60.945 15.6718 2.7
      vertex 60.8611 15.9595 2.4
      vertex 61.0224 15.7182 2.7
    endloop
  endfacet
  facet normal 0.697323 0.175127 -0.695033
    outer loop
      vertex 61.4223 16.6834 2.7
      vertex 61.1375 16.6268 2.4
      vertex 61.4003 16.771 2.7
    endloop
  endfacet
  facet normal 0.105248 0.711222 -0.695044
    outer loop
      vertex 60.6268 17.1375 2.4
      vertex 60.5942 17.4355 2.7
      vertex 60.6834 17.4223 2.7
    endloop
  endfacet
  facet normal -0.48356 0.532028 -0.695066
    outer loop
      vertex 60.0404 16.9596 2.4
      vertex 59.8366 17.1663 2.7
      vertex 60.0876 17.0025 2.4
    endloop
  endfacet
  facet normal -0.490444 0.525475 -0.695227
    outer loop
      vertex 59.8366 17.1663 2.7
      vertex 60.0404 16.9596 2.4
      vertex 59.8351 17.1649 2.7
    endloop
  endfacet
  facet normal -0.368927 0.617135 -0.695009
    outer loop
      vertex 60.055 17.3282 2.7
      vertex 60.1936 17.0732 2.4
      vertex 60.1389 17.0405 2.4
    endloop
  endfacet
  facet normal -0.390992 0.60426 -0.694259
    outer loop
      vertex 60.1936 17.0732 2.4
      vertex 60.055 17.3282 2.7
      vertex 60.0567 17.3293 2.7
    endloop
  endfacet
  facet normal 0.58724 -0.414523 -0.695212
    outer loop
      vertex 61.2806 15.9759 2.7
      vertex 61.0405 16.1389 2.4
      vertex 61.2818 15.9776 2.7
    endloop
  endfacet
  facet normal 0.57779 -0.427993 -0.694968
    outer loop
      vertex 61.0405 16.1389 2.4
      vertex 61.2806 15.9759 2.7
      vertex 61.0025 16.0876 2.4
    endloop
  endfacet
  facet normal -0.650285 -0.306813 -0.694978
    outer loop
      vertex 59.6698 16.0586 2.7
      vertex 59.6313 16.1402 2.7
      vertex 59.8995 16.2513 2.4
    endloop
  endfacet
  facet normal 0.532955 -0.482766 -0.694907
    outer loop
      vertex 61.1663 15.8366 2.7
      vertex 61.0025 16.0876 2.4
      vertex 61.2269 15.9035 2.7
    endloop
  endfacet
  facet normal 0.0342004 -0.718209 -0.694987
    outer loop
      vertex 60.5 15.85 2.4
      vertex 60.5021 15.5598 2.7
      vertex 60.5 15.5597 2.7
    endloop
  endfacet
  facet normal 0.034951 -0.718187 -0.694971
    outer loop
      vertex 60.5021 15.5598 2.7
      vertex 60.5 15.85 2.4
      vertex 60.5637 15.8531 2.4
    endloop
  endfacet
  facet normal 0.650285 0.306813 -0.694978
    outer loop
      vertex 61.3687 16.8598 2.7
      vertex 61.1005 16.7487 2.4
      vertex 61.3302 16.9414 2.7
    endloop
  endfacet
  facet normal 0.306813 -0.650285 -0.694978
    outer loop
      vertex 60.8598 15.6313 2.7
      vertex 60.7487 15.8995 2.4
      vertex 60.9414 15.6698 2.7
    endloop
  endfacet
  facet normal -0.718197 -0.0350729 -0.694956
    outer loop
      vertex 59.5642 16.4078 2.7
      vertex 59.5598 16.4979 2.7
      vertex 59.8531 16.4363 2.4
    endloop
  endfacet
  facet normal -0.369746 0.616775 -0.694893
    outer loop
      vertex 60.1389 17.0405 2.4
      vertex 59.9776 17.2818 2.7
      vertex 60.055 17.3282 2.7
    endloop
  endfacet
  facet normal -0.616775 -0.369746 -0.694893
    outer loop
      vertex 59.7182 15.9776 2.7
      vertex 59.6718 16.055 2.7
      vertex 59.9595 16.1389 2.4
    endloop
  endfacet
  facet normal 0.105948 0.711207 -0.694953
    outer loop
      vertex 60.5637 17.1469 2.4
      vertex 60.5942 17.4355 2.7
      vertex 60.6268 17.1375 2.4
    endloop
  endfacet
  facet normal 0.106667 0.711115 -0.694937
    outer loop
      vertex 60.5942 17.4355 2.7
      vertex 60.5637 17.1469 2.4
      vertex 60.5922 17.4358 2.7
    endloop
  endfacet
  facet normal 0.697578 0.174394 -0.694962
    outer loop
      vertex 61.4003 16.771 2.7
      vertex 61.122 16.6887 2.4
      vertex 61.3998 16.773 2.7
    endloop
  endfacet
  facet normal 0.697506 0.174658 -0.694968
    outer loop
      vertex 61.122 16.6887 2.4
      vertex 61.4003 16.771 2.7
      vertex 61.1375 16.6268 2.4
    endloop
  endfacet
  facet normal -0.242395 0.676951 -0.694969
    outer loop
      vertex 60.3113 17.122 2.4
      vertex 60.1421 17.3694 2.7
      vertex 60.227 17.3998 2.7
    endloop
  endfacet
  facet normal -0.697323 0.175127 -0.695033
    outer loop
      vertex 59.8625 16.6268 2.4
      vertex 59.5777 16.6834 2.7
      vertex 59.5997 16.771 2.7
    endloop
  endfacet
  facet normal 0.427993 0.57779 -0.694968
    outer loop
      vertex 60.8611 17.0405 2.4
      vertex 61.0241 17.2806 2.7
      vertex 60.9124 17.0025 2.4
    endloop
  endfacet
  facet normal 0.414523 0.58724 -0.695212
    outer loop
      vertex 61.0241 17.2806 2.7
      vertex 60.8611 17.0405 2.4
      vertex 61.0224 17.2818 2.7
    endloop
  endfacet
  facet normal -0.532028 0.48356 -0.695066
    outer loop
      vertex 59.8337 17.1634 2.7
      vertex 60.0404 16.9596 2.4
      vertex 59.9975 16.9124 2.4
    endloop
  endfacet
  facet normal -0.525475 0.490444 -0.695227
    outer loop
      vertex 60.0404 16.9596 2.4
      vertex 59.8337 17.1634 2.7
      vertex 59.8351 17.1649 2.7
    endloop
  endfacet
  facet normal 0.58724 0.414523 -0.695212
    outer loop
      vertex 61.0405 16.8611 2.4
      vertex 61.2806 17.0241 2.7
      vertex 61.2818 17.0224 2.7
    endloop
  endfacet
  facet normal 0.57779 0.427993 -0.694968
    outer loop
      vertex 61.2806 17.0241 2.7
      vertex 61.0405 16.8611 2.4
      vertex 61.0025 16.9124 2.4
    endloop
  endfacet
  facet normal 0.711115 -0.106667 -0.694937
    outer loop
      vertex 61.4355 16.4058 2.7
      vertex 61.1469 16.4363 2.4
      vertex 61.4358 16.4078 2.7
    endloop
  endfacet
  facet normal 0.711207 -0.105948 -0.694953
    outer loop
      vertex 61.1469 16.4363 2.4
      vertex 61.4355 16.4058 2.7
      vertex 61.1375 16.3732 2.4
    endloop
  endfacet
  facet normal -0.711222 -0.105248 -0.695044
    outer loop
      vertex 59.5777 16.3166 2.7
      vertex 59.5645 16.4058 2.7
      vertex 59.8625 16.3732 2.4
    endloop
  endfacet
  facet normal 0.532028 0.48356 -0.695066
    outer loop
      vertex 60.9596 16.9596 2.4
      vertex 61.1663 17.1634 2.7
      vertex 61.0025 16.9124 2.4
    endloop
  endfacet
  facet normal 0.525475 0.490444 -0.695227
    outer loop
      vertex 61.1663 17.1634 2.7
      vertex 60.9596 16.9596 2.4
      vertex 61.1649 17.1649 2.7
    endloop
  endfacet
  facet normal 0.674577 -0.248529 -0.695111
    outer loop
      vertex 61.1005 16.2513 2.4
      vertex 61.3694 16.1421 2.7
      vertex 61.3687 16.1402 2.7
    endloop
  endfacet
  facet normal 0.676874 -0.242546 -0.694991
    outer loop
      vertex 61.3694 16.1421 2.7
      vertex 61.1005 16.2513 2.4
      vertex 61.122 16.3113 2.4
    endloop
  endfacet
  facet normal -0.242546 0.676874 -0.694991
    outer loop
      vertex 60.2513 17.1005 2.4
      vertex 60.1421 17.3694 2.7
      vertex 60.3113 17.122 2.4
    endloop
  endfacet
  facet normal -0.248529 0.674577 -0.695111
    outer loop
      vertex 60.1421 17.3694 2.7
      vertex 60.2513 17.1005 2.4
      vertex 60.1402 17.3687 2.7
    endloop
  endfacet
  facet normal -0.711207 0.105948 -0.694953
    outer loop
      vertex 59.8531 16.5637 2.4
      vertex 59.5645 16.5942 2.7
      vertex 59.8625 16.6268 2.4
    endloop
  endfacet
  facet normal -0.711115 0.106667 -0.694937
    outer loop
      vertex 59.5645 16.5942 2.7
      vertex 59.8531 16.5637 2.4
      vertex 59.5642 16.5922 2.7
    endloop
  endfacet
  facet normal 0.532955 0.482766 -0.694907
    outer loop
      vertex 61.2269 17.0965 2.7
      vertex 61.0025 16.9124 2.4
      vertex 61.1663 17.1634 2.7
    endloop
  endfacet
  facet normal 0.676951 0.242395 -0.694969
    outer loop
      vertex 61.3998 16.773 2.7
      vertex 61.122 16.6887 2.4
      vertex 61.3694 16.8579 2.7
    endloop
  endfacet
  facet normal 0.697323 -0.175127 -0.695033
    outer loop
      vertex 61.4003 16.229 2.7
      vertex 61.1375 16.3732 2.4
      vertex 61.4223 16.3166 2.7
    endloop
  endfacet
  facet normal -0.676951 -0.242395 -0.694969
    outer loop
      vertex 59.6306 16.1421 2.7
      vertex 59.6002 16.227 2.7
      vertex 59.878 16.3113 2.4
    endloop
  endfacet
  facet normal 0.307762 0.64972 -0.695087
    outer loop
      vertex 60.8064 17.0732 2.4
      vertex 60.9414 17.3302 2.7
      vertex 60.9433 17.3293 2.7
    endloop
  endfacet
  facet normal 0.307475 0.649864 -0.69508
    outer loop
      vertex 60.9414 17.3302 2.7
      vertex 60.8064 17.0732 2.4
      vertex 60.7487 17.1005 2.4
    endloop
  endfacet
  facet normal -0.390992 -0.60426 -0.694259
    outer loop
      vertex 60.055 15.6718 2.7
      vertex 60.1936 15.9268 2.4
      vertex 60.0567 15.6707 2.7
    endloop
  endfacet
  facet normal -0.368927 -0.617135 -0.695009
    outer loop
      vertex 60.1936 15.9268 2.4
      vertex 60.055 15.6718 2.7
      vertex 60.1389 15.9595 2.4
    endloop
  endfacet
  facet normal -0.718197 0.0350729 -0.694956
    outer loop
      vertex 59.8531 16.5637 2.4
      vertex 59.5598 16.5021 2.7
      vertex 59.5642 16.5922 2.7
    endloop
  endfacet
  facet normal 0.711222 -0.105248 -0.695044
    outer loop
      vertex 61.4223 16.3166 2.7
      vertex 61.1375 16.3732 2.4
      vertex 61.4355 16.4058 2.7
    endloop
  endfacet
  facet normal -0.674577 -0.248529 -0.695111
    outer loop
      vertex 59.6306 16.1421 2.7
      vertex 59.8995 16.2513 2.4
      vertex 59.6313 16.1402 2.7
    endloop
  endfacet
  facet normal -0.676874 -0.242546 -0.694991
    outer loop
      vertex 59.8995 16.2513 2.4
      vertex 59.6306 16.1421 2.7
      vertex 59.878 16.3113 2.4
    endloop
  endfacet
  facet normal -0.306813 -0.650285 -0.694978
    outer loop
      vertex 60.1402 15.6313 2.7
      vertex 60.0586 15.6698 2.7
      vertex 60.2513 15.8995 2.4
    endloop
  endfacet
  facet normal -0.676874 0.242546 -0.694991
    outer loop
      vertex 59.6306 16.8579 2.7
      vertex 59.8995 16.7487 2.4
      vertex 59.878 16.6887 2.4
    endloop
  endfacet
  facet normal -0.674577 0.248529 -0.695111
    outer loop
      vertex 59.8995 16.7487 2.4
      vertex 59.6306 16.8579 2.7
      vertex 59.6313 16.8598 2.7
    endloop
  endfacet
  facet normal 0.718197 0.0350729 -0.694956
    outer loop
      vertex 61.4402 16.5021 2.7
      vertex 61.1469 16.5637 2.4
      vertex 61.4358 16.5922 2.7
    endloop
  endfacet
  facet normal 0.718197 -0.0350729 -0.694956
    outer loop
      vertex 61.4358 16.4078 2.7
      vertex 61.1469 16.4363 2.4
      vertex 61.4402 16.4979 2.7
    endloop
  endfacet
  facet normal -0.0350729 0.718197 -0.694956
    outer loop
      vertex 60.4363 17.1469 2.4
      vertex 60.4078 17.4358 2.7
      vertex 60.4979 17.4402 2.7
    endloop
  endfacet
  facet normal 0.0350729 -0.718197 -0.694956
    outer loop
      vertex 60.5922 15.5642 2.7
      vertex 60.5021 15.5598 2.7
      vertex 60.5637 15.8531 2.4
    endloop
  endfacet
  facet normal -0.105248 -0.711222 -0.695044
    outer loop
      vertex 60.4058 15.5645 2.7
      vertex 60.3166 15.5777 2.7
      vertex 60.3732 15.8625 2.4
    endloop
  endfacet
  facet normal -0.0350729 -0.718197 -0.694956
    outer loop
      vertex 60.4979 15.5598 2.7
      vertex 60.4078 15.5642 2.7
      vertex 60.4363 15.8531 2.4
    endloop
  endfacet
  facet normal 0.676874 0.242546 -0.694991
    outer loop
      vertex 61.1005 16.7487 2.4
      vertex 61.3694 16.8579 2.7
      vertex 61.122 16.6887 2.4
    endloop
  endfacet
  facet normal 0.674577 0.248529 -0.695111
    outer loop
      vertex 61.3694 16.8579 2.7
      vertex 61.1005 16.7487 2.4
      vertex 61.3687 16.8598 2.7
    endloop
  endfacet
  facet normal 0.174658 -0.697506 -0.694968
    outer loop
      vertex 60.6887 15.878 2.4
      vertex 60.771 15.5997 2.7
      vertex 60.6268 15.8625 2.4
    endloop
  endfacet
  facet normal 0.174394 -0.697578 -0.694962
    outer loop
      vertex 60.771 15.5997 2.7
      vertex 60.6887 15.878 2.4
      vertex 60.773 15.6002 2.7
    endloop
  endfacet
  facet normal -0.649864 0.307475 -0.69508
    outer loop
      vertex 59.6698 16.9414 2.7
      vertex 59.9268 16.8064 2.4
      vertex 59.8995 16.7487 2.4
    endloop
  endfacet
  facet normal -0.64972 0.307762 -0.695087
    outer loop
      vertex 59.9268 16.8064 2.4
      vertex 59.6698 16.9414 2.7
      vertex 59.6707 16.9433 2.7
    endloop
  endfacet
  facet normal -0.711222 0.105248 -0.695044
    outer loop
      vertex 59.8625 16.6268 2.4
      vertex 59.5645 16.5942 2.7
      vertex 59.5777 16.6834 2.7
    endloop
  endfacet
  facet normal 0.428389 0.577568 -0.694909
    outer loop
      vertex 61.0965 17.2269 2.7
      vertex 60.9124 17.0025 2.4
      vertex 61.0241 17.2806 2.7
    endloop
  endfacet
  facet normal 0.0350729 0.718197 -0.694956
    outer loop
      vertex 60.5637 17.1469 2.4
      vertex 60.5021 17.4402 2.7
      vertex 60.5922 17.4358 2.7
    endloop
  endfacet
  facet normal -0.106667 0.711115 -0.694937
    outer loop
      vertex 60.4363 17.1469 2.4
      vertex 60.4058 17.4355 2.7
      vertex 60.4078 17.4358 2.7
    endloop
  endfacet
  facet normal -0.105948 0.711207 -0.694953
    outer loop
      vertex 60.4058 17.4355 2.7
      vertex 60.4363 17.1469 2.4
      vertex 60.3732 17.1375 2.4
    endloop
  endfacet
  facet normal 0.676951 -0.242395 -0.694969
    outer loop
      vertex 61.3694 16.1421 2.7
      vertex 61.122 16.3113 2.4
      vertex 61.3998 16.227 2.7
    endloop
  endfacet
  facet normal 0.175127 0.697323 -0.695033
    outer loop
      vertex 60.771 17.4003 2.7
      vertex 60.6268 17.1375 2.4
      vertex 60.6834 17.4223 2.7
    endloop
  endfacet
  facet normal -0.306813 0.650285 -0.694978
    outer loop
      vertex 60.2513 17.1005 2.4
      vertex 60.0586 17.3302 2.7
      vertex 60.1402 17.3687 2.7
    endloop
  endfacet
  facet normal -0.532955 -0.482766 -0.694907
    outer loop
      vertex 59.8337 15.8366 2.7
      vertex 59.7731 15.9035 2.7
      vertex 59.9975 16.0876 2.4
    endloop
  endfacet
  facet normal -0.034951 -0.718187 -0.694971
    outer loop
      vertex 60.5 15.85 2.4
      vertex 60.4979 15.5598 2.7
      vertex 60.4363 15.8531 2.4
    endloop
  endfacet
  facet normal -0.0342004 -0.718209 -0.694987
    outer loop
      vertex 60.4979 15.5598 2.7
      vertex 60.5 15.85 2.4
      vertex 60.5 15.5597 2.7
    endloop
  endfacet
  facet normal 0.490444 -0.525475 -0.695227
    outer loop
      vertex 61.1634 15.8337 2.7
      vertex 60.9596 16.0404 2.4
      vertex 61.1649 15.8351 2.7
    endloop
  endfacet
  facet normal 0.48356 -0.532028 -0.695066
    outer loop
      vertex 60.9596 16.0404 2.4
      vertex 61.1634 15.8337 2.7
      vertex 60.9124 15.9975 2.4
    endloop
  endfacet
  facet normal 0.248529 0.674577 -0.695111
    outer loop
      vertex 60.7487 17.1005 2.4
      vertex 60.8579 17.3694 2.7
      vertex 60.8598 17.3687 2.7
    endloop
  endfacet
  facet normal 0.242546 0.676874 -0.694991
    outer loop
      vertex 60.8579 17.3694 2.7
      vertex 60.7487 17.1005 2.4
      vertex 60.6887 17.122 2.4
    endloop
  endfacet
  facet normal 0.174394 0.697578 -0.694962
    outer loop
      vertex 60.6887 17.122 2.4
      vertex 60.771 17.4003 2.7
      vertex 60.773 17.3998 2.7
    endloop
  endfacet
  facet normal 0.174658 0.697506 -0.694968
    outer loop
      vertex 60.771 17.4003 2.7
      vertex 60.6887 17.122 2.4
      vertex 60.6268 17.1375 2.4
    endloop
  endfacet
  facet normal 0.242395 0.676951 -0.694969
    outer loop
      vertex 60.8579 17.3694 2.7
      vertex 60.6887 17.122 2.4
      vertex 60.773 17.3998 2.7
    endloop
  endfacet
  facet normal 0.718209 -0.0342004 -0.694987
    outer loop
      vertex 61.4402 16.4979 2.7
      vertex 61.15 16.5 2.4
      vertex 61.4403 16.5 2.7
    endloop
  endfacet
  facet normal 0.718187 -0.034951 -0.694971
    outer loop
      vertex 61.15 16.5 2.4
      vertex 61.4402 16.4979 2.7
      vertex 61.1469 16.4363 2.4
    endloop
  endfacet
  facet normal 0.711222 0.105248 -0.695044
    outer loop
      vertex 61.4355 16.5942 2.7
      vertex 61.1375 16.6268 2.4
      vertex 61.4223 16.6834 2.7
    endloop
  endfacet
  facet normal 0.711115 0.106667 -0.694937
    outer loop
      vertex 61.1469 16.5637 2.4
      vertex 61.4355 16.5942 2.7
      vertex 61.4358 16.5922 2.7
    endloop
  endfacet
  facet normal 0.711207 0.105948 -0.694953
    outer loop
      vertex 61.4355 16.5942 2.7
      vertex 61.1469 16.5637 2.4
      vertex 61.1375 16.6268 2.4
    endloop
  endfacet
  facet normal -0.482766 -0.532955 -0.694907
    outer loop
      vertex 59.9035 15.7731 2.7
      vertex 59.8366 15.8337 2.7
      vertex 60.0876 15.9975 2.4
    endloop
  endfacet
  facet normal -0.650285 0.306813 -0.694978
    outer loop
      vertex 59.8995 16.7487 2.4
      vertex 59.6313 16.8598 2.7
      vertex 59.6698 16.9414 2.7
    endloop
  endfacet
  facet normal 0.577568 0.428389 -0.694909
    outer loop
      vertex 61.2806 17.0241 2.7
      vertex 61.0025 16.9124 2.4
      vertex 61.2269 17.0965 2.7
    endloop
  endfacet
  facet normal 0.369746 0.616775 -0.694893
    outer loop
      vertex 61.0224 17.2818 2.7
      vertex 60.8611 17.0405 2.4
      vertex 60.945 17.3282 2.7
    endloop
  endfacet
  facet normal -0.48356 -0.532028 -0.695066
    outer loop
      vertex 59.8366 15.8337 2.7
      vertex 60.0404 16.0404 2.4
      vertex 60.0876 15.9975 2.4
    endloop
  endfacet
  facet normal -0.490444 -0.525475 -0.695227
    outer loop
      vertex 60.0404 16.0404 2.4
      vertex 59.8366 15.8337 2.7
      vertex 59.8351 15.8351 2.7
    endloop
  endfacet
  facet normal 0.242395 -0.676951 -0.694969
    outer loop
      vertex 60.773 15.6002 2.7
      vertex 60.6887 15.878 2.4
      vertex 60.8579 15.6306 2.7
    endloop
  endfacet
  facet normal 0.248529 -0.674577 -0.695111
    outer loop
      vertex 60.8579 15.6306 2.7
      vertex 60.7487 15.8995 2.4
      vertex 60.8598 15.6313 2.7
    endloop
  endfacet
  facet normal 0.242546 -0.676874 -0.694991
    outer loop
      vertex 60.7487 15.8995 2.4
      vertex 60.8579 15.6306 2.7
      vertex 60.6887 15.878 2.4
    endloop
  endfacet
  facet normal 0.649864 0.307475 -0.69508
    outer loop
      vertex 61.0732 16.8064 2.4
      vertex 61.3302 16.9414 2.7
      vertex 61.1005 16.7487 2.4
    endloop
  endfacet
  facet normal 0.64972 0.307762 -0.695087
    outer loop
      vertex 61.3302 16.9414 2.7
      vertex 61.0732 16.8064 2.4
      vertex 61.3293 16.9433 2.7
    endloop
  endfacet
  facet normal 0.616775 0.369746 -0.694893
    outer loop
      vertex 61.3282 16.945 2.7
      vertex 61.0405 16.8611 2.4
      vertex 61.2818 17.0224 2.7
    endloop
  endfacet
  facet normal 0.034951 0.718187 -0.694971
    outer loop
      vertex 60.5 17.15 2.4
      vertex 60.5021 17.4402 2.7
      vertex 60.5637 17.1469 2.4
    endloop
  endfacet
  facet normal 0.0342004 0.718209 -0.694987
    outer loop
      vertex 60.5021 17.4402 2.7
      vertex 60.5 17.15 2.4
      vertex 60.5 17.4403 2.7
    endloop
  endfacet
  facet normal -0.718187 0.034951 -0.694971
    outer loop
      vertex 59.85 16.5 2.4
      vertex 59.5598 16.5021 2.7
      vertex 59.8531 16.5637 2.4
    endloop
  endfacet
  facet normal -0.718209 0.0342004 -0.694987
    outer loop
      vertex 59.5598 16.5021 2.7
      vertex 59.85 16.5 2.4
      vertex 59.5597 16.5 2.7
    endloop
  endfacet
  facet normal -0.0342004 0.718209 -0.694987
    outer loop
      vertex 60.5 17.15 2.4
      vertex 60.4979 17.4402 2.7
      vertex 60.5 17.4403 2.7
    endloop
  endfacet
  facet normal -0.034951 0.718187 -0.694971
    outer loop
      vertex 60.4979 17.4402 2.7
      vertex 60.5 17.15 2.4
      vertex 60.4363 17.1469 2.4
    endloop
  endfacet
  facet normal -0.57779 -0.427993 -0.694968
    outer loop
      vertex 59.7194 15.9759 2.7
      vertex 59.9595 16.1389 2.4
      vertex 59.9975 16.0876 2.4
    endloop
  endfacet
  facet normal -0.58724 -0.414523 -0.695212
    outer loop
      vertex 59.9595 16.1389 2.4
      vertex 59.7194 15.9759 2.7
      vertex 59.7182 15.9776 2.7
    endloop
  endfacet
  facet normal 0.306813 0.650285 -0.694978
    outer loop
      vertex 60.9414 17.3302 2.7
      vertex 60.7487 17.1005 2.4
      vertex 60.8598 17.3687 2.7
    endloop
  endfacet
  facet normal -0.577568 0.428389 -0.694909
    outer loop
      vertex 59.9975 16.9124 2.4
      vertex 59.7194 17.0241 2.7
      vertex 59.7731 17.0965 2.7
    endloop
  endfacet
  facet normal -0.718209 -0.0342004 -0.694987
    outer loop
      vertex 59.85 16.5 2.4
      vertex 59.5598 16.4979 2.7
      vertex 59.5597 16.5 2.7
    endloop
  endfacet
  facet normal -0.718187 -0.034951 -0.694971
    outer loop
      vertex 59.5598 16.4979 2.7
      vertex 59.85 16.5 2.4
      vertex 59.8531 16.4363 2.4
    endloop
  endfacet
  facet normal -0.307475 -0.649864 -0.69508
    outer loop
      vertex 60.0586 15.6698 2.7
      vertex 60.1936 15.9268 2.4
      vertex 60.2513 15.8995 2.4
    endloop
  endfacet
  facet normal -0.307762 -0.64972 -0.695087
    outer loop
      vertex 60.1936 15.9268 2.4
      vertex 60.0586 15.6698 2.7
      vertex 60.0567 15.6707 2.7
    endloop
  endfacet
  facet normal -0.174394 -0.697578 -0.694962
    outer loop
      vertex 60.3113 15.878 2.4
      vertex 60.229 15.5997 2.7
      vertex 60.227 15.6002 2.7
    endloop
  endfacet
  facet normal -0.174658 -0.697506 -0.694968
    outer loop
      vertex 60.229 15.5997 2.7
      vertex 60.3113 15.878 2.4
      vertex 60.3732 15.8625 2.4
    endloop
  endfacet
  facet normal -0.617135 0.368927 -0.695009
    outer loop
      vertex 59.9268 16.8064 2.4
      vertex 59.6718 16.945 2.7
      vertex 59.9595 16.8611 2.4
    endloop
  endfacet
  facet normal -0.60426 0.390992 -0.694259
    outer loop
      vertex 59.6718 16.945 2.7
      vertex 59.9268 16.8064 2.4
      vertex 59.6707 16.9433 2.7
    endloop
  endfacet
  facet normal 0.390992 -0.60426 -0.694259
    outer loop
      vertex 60.8064 15.9268 2.4
      vertex 60.945 15.6718 2.7
      vertex 60.9433 15.6707 2.7
    endloop
  endfacet
  facet normal 0.368927 -0.617135 -0.695009
    outer loop
      vertex 60.945 15.6718 2.7
      vertex 60.8064 15.9268 2.4
      vertex 60.8611 15.9595 2.4
    endloop
  endfacet
  facet normal 0.307762 -0.64972 -0.695087
    outer loop
      vertex 60.9414 15.6698 2.7
      vertex 60.8064 15.9268 2.4
      vertex 60.9433 15.6707 2.7
    endloop
  endfacet
  facet normal 0.307475 -0.649864 -0.69508
    outer loop
      vertex 60.8064 15.9268 2.4
      vertex 60.9414 15.6698 2.7
      vertex 60.7487 15.8995 2.4
    endloop
  endfacet
  facet normal 0.482766 -0.532955 -0.694907
    outer loop
      vertex 61.0965 15.7731 2.7
      vertex 60.9124 15.9975 2.4
      vertex 61.1634 15.8337 2.7
    endloop
  endfacet
  facet normal 0.428389 -0.577568 -0.694909
    outer loop
      vertex 61.0241 15.7194 2.7
      vertex 60.9124 15.9975 2.4
      vertex 61.0965 15.7731 2.7
    endloop
  endfacet
  facet normal 0.64972 -0.307762 -0.695087
    outer loop
      vertex 61.0732 16.1936 2.4
      vertex 61.3302 16.0586 2.7
      vertex 61.3293 16.0567 2.7
    endloop
  endfacet
  facet normal 0.649864 -0.307475 -0.69508
    outer loop
      vertex 61.3302 16.0586 2.7
      vertex 61.0732 16.1936 2.4
      vertex 61.1005 16.2513 2.4
    endloop
  endfacet
  facet normal 0.650285 -0.306813 -0.694978
    outer loop
      vertex 61.3302 16.0586 2.7
      vertex 61.1005 16.2513 2.4
      vertex 61.3687 16.1402 2.7
    endloop
  endfacet
  facet normal 0.414523 -0.58724 -0.695212
    outer loop
      vertex 60.8611 15.9595 2.4
      vertex 61.0241 15.7194 2.7
      vertex 61.0224 15.7182 2.7
    endloop
  endfacet
  facet normal 0.427993 -0.57779 -0.694968
    outer loop
      vertex 61.0241 15.7194 2.7
      vertex 60.8611 15.9595 2.4
      vertex 60.9124 15.9975 2.4
    endloop
  endfacet
  facet normal 0.697506 -0.174658 -0.694968
    outer loop
      vertex 61.4003 16.229 2.7
      vertex 61.122 16.3113 2.4
      vertex 61.1375 16.3732 2.4
    endloop
  endfacet
  facet normal 0.697578 -0.174394 -0.694962
    outer loop
      vertex 61.122 16.3113 2.4
      vertex 61.4003 16.229 2.7
      vertex 61.3998 16.227 2.7
    endloop
  endfacet
  facet normal -0.242395 -0.676951 -0.694969
    outer loop
      vertex 60.227 15.6002 2.7
      vertex 60.1421 15.6306 2.7
      vertex 60.3113 15.878 2.4
    endloop
  endfacet
  facet normal 0.525475 -0.490444 -0.695227
    outer loop
      vertex 60.9596 16.0404 2.4
      vertex 61.1663 15.8366 2.7
      vertex 61.1649 15.8351 2.7
    endloop
  endfacet
  facet normal 0.532028 -0.48356 -0.695066
    outer loop
      vertex 61.1663 15.8366 2.7
      vertex 60.9596 16.0404 2.4
      vertex 61.0025 16.0876 2.4
    endloop
  endfacet
  facet normal 0.577568 -0.428389 -0.694909
    outer loop
      vertex 61.2269 15.9035 2.7
      vertex 61.0025 16.0876 2.4
      vertex 61.2806 15.9759 2.7
    endloop
  endfacet
  facet normal 0.616775 -0.369746 -0.694893
    outer loop
      vertex 61.2818 15.9776 2.7
      vertex 61.0405 16.1389 2.4
      vertex 61.3282 16.055 2.7
    endloop
  endfacet
  facet normal -0.427993 0.57779 -0.694968
    outer loop
      vertex 59.9759 17.2806 2.7
      vertex 60.1389 17.0405 2.4
      vertex 60.0876 17.0025 2.4
    endloop
  endfacet
  facet normal -0.414523 0.58724 -0.695212
    outer loop
      vertex 60.1389 17.0405 2.4
      vertex 59.9759 17.2806 2.7
      vertex 59.9776 17.2818 2.7
    endloop
  endfacet
  facet normal 0.368927 0.617135 -0.695009
    outer loop
      vertex 60.8064 17.0732 2.4
      vertex 60.945 17.3282 2.7
      vertex 60.8611 17.0405 2.4
    endloop
  endfacet
  facet normal 0.390992 0.60426 -0.694259
    outer loop
      vertex 60.945 17.3282 2.7
      vertex 60.8064 17.0732 2.4
      vertex 60.9433 17.3293 2.7
    endloop
  endfacet
  facet normal -0.532955 0.482766 -0.694907
    outer loop
      vertex 59.9975 16.9124 2.4
      vertex 59.7731 17.0965 2.7
      vertex 59.8337 17.1634 2.7
    endloop
  endfacet
  facet normal -0.428389 -0.577568 -0.694909
    outer loop
      vertex 59.9759 15.7194 2.7
      vertex 59.9035 15.7731 2.7
      vertex 60.0876 15.9975 2.4
    endloop
  endfacet
  facet normal -0.482766 0.532955 -0.694907
    outer loop
      vertex 60.0876 17.0025 2.4
      vertex 59.8366 17.1663 2.7
      vertex 59.9035 17.2269 2.7
    endloop
  endfacet
  facet normal -0.428389 0.577568 -0.694909
    outer loop
      vertex 60.0876 17.0025 2.4
      vertex 59.9035 17.2269 2.7
      vertex 59.9759 17.2806 2.7
    endloop
  endfacet
  facet normal -0.242546 -0.676874 -0.694991
    outer loop
      vertex 60.1421 15.6306 2.7
      vertex 60.2513 15.8995 2.4
      vertex 60.3113 15.878 2.4
    endloop
  endfacet
  facet normal -0.248529 -0.674577 -0.695111
    outer loop
      vertex 60.2513 15.8995 2.4
      vertex 60.1421 15.6306 2.7
      vertex 60.1402 15.6313 2.7
    endloop
  endfacet
  facet normal -0.525475 -0.490444 -0.695227
    outer loop
      vertex 59.8337 15.8366 2.7
      vertex 60.0404 16.0404 2.4
      vertex 59.8351 15.8351 2.7
    endloop
  endfacet
  facet normal -0.532028 -0.48356 -0.695066
    outer loop
      vertex 60.0404 16.0404 2.4
      vertex 59.8337 15.8366 2.7
      vertex 59.9975 16.0876 2.4
    endloop
  endfacet
  facet normal -0.577568 -0.428389 -0.694909
    outer loop
      vertex 59.7731 15.9035 2.7
      vertex 59.7194 15.9759 2.7
      vertex 59.9975 16.0876 2.4
    endloop
  endfacet
  facet normal -0.175127 -0.697323 -0.695033
    outer loop
      vertex 60.3166 15.5777 2.7
      vertex 60.229 15.5997 2.7
      vertex 60.3732 15.8625 2.4
    endloop
  endfacet
  facet normal -0.617135 -0.368927 -0.695009
    outer loop
      vertex 59.6718 16.055 2.7
      vertex 59.9268 16.1936 2.4
      vertex 59.9595 16.1389 2.4
    endloop
  endfacet
  facet normal -0.60426 -0.390992 -0.694259
    outer loop
      vertex 59.9268 16.1936 2.4
      vertex 59.6718 16.055 2.7
      vertex 59.6707 16.0567 2.7
    endloop
  endfacet
  facet normal 0.60426 0.390992 -0.694259
    outer loop
      vertex 61.0732 16.8064 2.4
      vertex 61.3282 16.945 2.7
      vertex 61.3293 16.9433 2.7
    endloop
  endfacet
  facet normal 0.617135 0.368927 -0.695009
    outer loop
      vertex 61.3282 16.945 2.7
      vertex 61.0732 16.8064 2.4
      vertex 61.0405 16.8611 2.4
    endloop
  endfacet
  facet normal 0.175127 -0.697323 -0.695033
    outer loop
      vertex 60.6834 15.5777 2.7
      vertex 60.6268 15.8625 2.4
      vertex 60.771 15.5997 2.7
    endloop
  endfacet
  facet normal -0.616775 0.369746 -0.694893
    outer loop
      vertex 59.9595 16.8611 2.4
      vertex 59.6718 16.945 2.7
      vertex 59.7182 17.0224 2.7
    endloop
  endfacet
  facet normal -0.105948 -0.711207 -0.694953
    outer loop
      vertex 60.4363 15.8531 2.4
      vertex 60.4058 15.5645 2.7
      vertex 60.3732 15.8625 2.4
    endloop
  endfacet
  facet normal -0.106667 -0.711115 -0.694937
    outer loop
      vertex 60.4058 15.5645 2.7
      vertex 60.4363 15.8531 2.4
      vertex 60.4078 15.5642 2.7
    endloop
  endfacet
  facet normal -0.697578 0.174394 -0.694962
    outer loop
      vertex 59.878 16.6887 2.4
      vertex 59.5997 16.771 2.7
      vertex 59.6002 16.773 2.7
    endloop
  endfacet
  facet normal -0.697506 0.174658 -0.694968
    outer loop
      vertex 59.5997 16.771 2.7
      vertex 59.878 16.6887 2.4
      vertex 59.8625 16.6268 2.4
    endloop
  endfacet
  facet normal -0.676951 0.242395 -0.694969
    outer loop
      vertex 59.878 16.6887 2.4
      vertex 59.6002 16.773 2.7
      vertex 59.6306 16.8579 2.7
    endloop
  endfacet
  facet normal -0.307475 0.649864 -0.69508
    outer loop
      vertex 60.1936 17.0732 2.4
      vertex 60.0586 17.3302 2.7
      vertex 60.2513 17.1005 2.4
    endloop
  endfacet
  facet normal -0.307762 0.64972 -0.695087
    outer loop
      vertex 60.0586 17.3302 2.7
      vertex 60.1936 17.0732 2.4
      vertex 60.0567 17.3293 2.7
    endloop
  endfacet
  facet normal -0.711115 -0.106667 -0.694937
    outer loop
      vertex 59.8531 16.4363 2.4
      vertex 59.5645 16.4058 2.7
      vertex 59.5642 16.4078 2.7
    endloop
  endfacet
  facet normal -0.711207 -0.105948 -0.694953
    outer loop
      vertex 59.5645 16.4058 2.7
      vertex 59.8531 16.4363 2.4
      vertex 59.8625 16.3732 2.4
    endloop
  endfacet
  facet normal 0.490444 0.525475 -0.695227
    outer loop
      vertex 60.9596 16.9596 2.4
      vertex 61.1634 17.1663 2.7
      vertex 61.1649 17.1649 2.7
    endloop
  endfacet
  facet normal 0.48356 0.532028 -0.695066
    outer loop
      vertex 61.1634 17.1663 2.7
      vertex 60.9596 16.9596 2.4
      vertex 60.9124 17.0025 2.4
    endloop
  endfacet
  facet normal 0.482766 0.532955 -0.694907
    outer loop
      vertex 61.1634 17.1663 2.7
      vertex 60.9124 17.0025 2.4
      vertex 61.0965 17.2269 2.7
    endloop
  endfacet
  facet normal -0.697323 -0.175127 -0.695033
    outer loop
      vertex 59.5997 16.229 2.7
      vertex 59.5777 16.3166 2.7
      vertex 59.8625 16.3732 2.4
    endloop
  endfacet
  facet normal 0.105248 -0.711222 -0.695044
    outer loop
      vertex 60.6834 15.5777 2.7
      vertex 60.5942 15.5645 2.7
      vertex 60.6268 15.8625 2.4
    endloop
  endfacet
  facet normal 0.106667 -0.711115 -0.694937
    outer loop
      vertex 60.5637 15.8531 2.4
      vertex 60.5942 15.5645 2.7
      vertex 60.5922 15.5642 2.7
    endloop
  endfacet
  facet normal 0.105948 -0.711207 -0.694953
    outer loop
      vertex 60.5942 15.5645 2.7
      vertex 60.5637 15.8531 2.4
      vertex 60.6268 15.8625 2.4
    endloop
  endfacet
  facet normal 0.60426 -0.390992 -0.694259
    outer loop
      vertex 61.3282 16.055 2.7
      vertex 61.0732 16.1936 2.4
      vertex 61.3293 16.0567 2.7
    endloop
  endfacet
  facet normal 0.617135 -0.368927 -0.695009
    outer loop
      vertex 61.0732 16.1936 2.4
      vertex 61.3282 16.055 2.7
      vertex 61.0405 16.1389 2.4
    endloop
  endfacet
  facet normal 0 0 -1
    outer loop
      vertex 61.1469 16.4363 2.4
      vertex 61.1469 16.5637 2.4
      vertex 61.15 16.5 2.4
    endloop
  endfacet
  facet normal 0 0 -1
    outer loop
      vertex 61.1375 16.3732 2.4
      vertex 61.1469 16.5637 2.4
      vertex 61.1469 16.4363 2.4
    endloop
  endfacet
  facet normal 0 0 -1
    outer loop
      vertex 61.1375 16.3732 2.4
      vertex 61.1375 16.6268 2.4
      vertex 61.1469 16.5637 2.4
    endloop
  endfacet
  facet normal 0 0 -1
    outer loop
      vertex 61.122 16.3113 2.4
      vertex 61.1375 16.6268 2.4
      vertex 61.1375 16.3732 2.4
    endloop
  endfacet
  facet normal 0 0 -1
    outer loop
      vertex 61.122 16.3113 2.4
      vertex 61.122 16.6887 2.4
      vertex 61.1375 16.6268 2.4
    endloop
  endfacet
  facet normal 0 0 -1
    outer loop
      vertex 61.1005 16.2513 2.4
      vertex 61.122 16.6887 2.4
      vertex 61.122 16.3113 2.4
    endloop
  endfacet
  facet normal 0 0 -1
    outer loop
      vertex 61.1005 16.2513 2.4
      vertex 61.1005 16.7487 2.4
      vertex 61.122 16.6887 2.4
    endloop
  endfacet
  facet normal 0 0 -1
    outer loop
      vertex 61.0732 16.1936 2.4
      vertex 61.1005 16.7487 2.4
      vertex 61.1005 16.2513 2.4
    endloop
  endfacet
  facet normal 0 0 -1
    outer loop
      vertex 61.0732 16.1936 2.4
      vertex 61.0732 16.8064 2.4
      vertex 61.1005 16.7487 2.4
    endloop
  endfacet
  facet normal 0 0 -1
    outer loop
      vertex 61.0405 16.1389 2.4
      vertex 61.0732 16.8064 2.4
      vertex 61.0732 16.1936 2.4
    endloop
  endfacet
  facet normal 0 0 -1
    outer loop
      vertex 61.0405 16.1389 2.4
      vertex 61.0405 16.8611 2.4
      vertex 61.0732 16.8064 2.4
    endloop
  endfacet
  facet normal 0 0 -1
    outer loop
      vertex 61.0025 16.0876 2.4
      vertex 61.0405 16.8611 2.4
      vertex 61.0405 16.1389 2.4
    endloop
  endfacet
  facet normal 0 0 -1
    outer loop
      vertex 61.0025 16.0876 2.4
      vertex 61.0025 16.9124 2.4
      vertex 61.0405 16.8611 2.4
    endloop
  endfacet
  facet normal 0 0 -1
    outer loop
      vertex 60.9596 16.0404 2.4
      vertex 61.0025 16.9124 2.4
      vertex 61.0025 16.0876 2.4
    endloop
  endfacet
  facet normal 0 0 -1
    outer loop
      vertex 60.9596 16.0404 2.4
      vertex 60.9596 16.9596 2.4
      vertex 61.0025 16.9124 2.4
    endloop
  endfacet
  facet normal 0 0 -1
    outer loop
      vertex 60.9124 15.9975 2.4
      vertex 60.9596 16.9596 2.4
      vertex 60.9596 16.0404 2.4
    endloop
  endfacet
  facet normal 0 0 -1
    outer loop
      vertex 60.9124 15.9975 2.4
      vertex 60.9124 17.0025 2.4
      vertex 60.9596 16.9596 2.4
    endloop
  endfacet
  facet normal 0 0 -1
    outer loop
      vertex 60.8611 15.9595 2.4
      vertex 60.9124 17.0025 2.4
      vertex 60.9124 15.9975 2.4
    endloop
  endfacet
  facet normal 0 0 -1
    outer loop
      vertex 60.8611 15.9595 2.4
      vertex 60.8611 17.0405 2.4
      vertex 60.9124 17.0025 2.4
    endloop
  endfacet
  facet normal 0 0 -1
    outer loop
      vertex 60.8064 15.9268 2.4
      vertex 60.8611 17.0405 2.4
      vertex 60.8611 15.9595 2.4
    endloop
  endfacet
  facet normal 0 0 -1
    outer loop
      vertex 60.8064 15.9268 2.4
      vertex 60.8064 17.0732 2.4
      vertex 60.8611 17.0405 2.4
    endloop
  endfacet
  facet normal 0 0 -1
    outer loop
      vertex 60.7487 15.8995 2.4
      vertex 60.8064 17.0732 2.4
      vertex 60.8064 15.9268 2.4
    endloop
  endfacet
  facet normal 0 0 -1
    outer loop
      vertex 60.7487 15.8995 2.4
      vertex 60.7487 17.1005 2.4
      vertex 60.8064 17.0732 2.4
    endloop
  endfacet
  facet normal 0 0 -1
    outer loop
      vertex 60.6887 15.878 2.4
      vertex 60.7487 17.1005 2.4
      vertex 60.7487 15.8995 2.4
    endloop
  endfacet
  facet normal 0 0 -1
    outer loop
      vertex 60.6887 15.878 2.4
      vertex 60.6887 17.122 2.4
      vertex 60.7487 17.1005 2.4
    endloop
  endfacet
  facet normal 0 0 -1
    outer loop
      vertex 60.6268 15.8625 2.4
      vertex 60.6887 17.122 2.4
      vertex 60.6887 15.878 2.4
    endloop
  endfacet
  facet normal 0 0 -1
    outer loop
      vertex 60.6268 15.8625 2.4
      vertex 60.6268 17.1375 2.4
      vertex 60.6887 17.122 2.4
    endloop
  endfacet
  facet normal 0 0 -1
    outer loop
      vertex 60.5637 15.8531 2.4
      vertex 60.6268 17.1375 2.4
      vertex 60.6268 15.8625 2.4
    endloop
  endfacet
  facet normal 0 0 -1
    outer loop
      vertex 60.5637 15.8531 2.4
      vertex 60.5637 17.1469 2.4
      vertex 60.6268 17.1375 2.4
    endloop
  endfacet
  facet normal 0 0 -1
    outer loop
      vertex 60.5 15.85 2.4
      vertex 60.5637 17.1469 2.4
      vertex 60.5637 15.8531 2.4
    endloop
  endfacet
  facet normal 0 0 -1
    outer loop
      vertex 60.5 15.85 2.4
      vertex 60.5 17.15 2.4
      vertex 60.5637 17.1469 2.4
    endloop
  endfacet
  facet normal 0 0 -1
    outer loop
      vertex 60.4363 15.8531 2.4
      vertex 60.5 17.15 2.4
      vertex 60.5 15.85 2.4
    endloop
  endfacet
  facet normal 0 0 -1
    outer loop
      vertex 60.4363 15.8531 2.4
      vertex 60.4363 17.1469 2.4
      vertex 60.5 17.15 2.4
    endloop
  endfacet
  facet normal 0 0 -1
    outer loop
      vertex 60.3732 15.8625 2.4
      vertex 60.4363 17.1469 2.4
      vertex 60.4363 15.8531 2.4
    endloop
  endfacet
  facet normal 0 0 -1
    outer loop
      vertex 60.3732 15.8625 2.4
      vertex 60.3732 17.1375 2.4
      vertex 60.4363 17.1469 2.4
    endloop
  endfacet
  facet normal 0 0 -1
    outer loop
      vertex 60.3113 15.878 2.4
      vertex 60.3732 17.1375 2.4
      vertex 60.3732 15.8625 2.4
    endloop
  endfacet
  facet normal 0 0 -1
    outer loop
      vertex 60.3113 15.878 2.4
      vertex 60.3113 17.122 2.4
      vertex 60.3732 17.1375 2.4
    endloop
  endfacet
  facet normal 0 0 -1
    outer loop
      vertex 60.2513 15.8995 2.4
      vertex 60.3113 17.122 2.4
      vertex 60.3113 15.878 2.4
    endloop
  endfacet
  facet normal 0 0 -1
    outer loop
      vertex 60.2513 15.8995 2.4
      vertex 60.2513 17.1005 2.4
      vertex 60.3113 17.122 2.4
    endloop
  endfacet
  facet normal 0 0 -1
    outer loop
      vertex 60.1936 15.9268 2.4
      vertex 60.2513 17.1005 2.4
      vertex 60.2513 15.8995 2.4
    endloop
  endfacet
  facet normal 0 0 -1
    outer loop
      vertex 60.1936 15.9268 2.4
      vertex 60.1936 17.0732 2.4
      vertex 60.2513 17.1005 2.4
    endloop
  endfacet
  facet normal 0 0 -1
    outer loop
      vertex 60.1389 15.9595 2.4
      vertex 60.1936 17.0732 2.4
      vertex 60.1936 15.9268 2.4
    endloop
  endfacet
  facet normal 0 0 -1
    outer loop
      vertex 60.1389 15.9595 2.4
      vertex 60.1389 17.0405 2.4
      vertex 60.1936 17.0732 2.4
    endloop
  endfacet
  facet normal 0 0 -1
    outer loop
      vertex 60.0876 15.9975 2.4
      vertex 60.1389 17.0405 2.4
      vertex 60.1389 15.9595 2.4
    endloop
  endfacet
  facet normal 0 0 -1
    outer loop
      vertex 60.0876 15.9975 2.4
      vertex 60.0876 17.0025 2.4
      vertex 60.1389 17.0405 2.4
    endloop
  endfacet
  facet normal 0 0 -1
    outer loop
      vertex 60.0404 16.0404 2.4
      vertex 60.0876 17.0025 2.4
      vertex 60.0876 15.9975 2.4
    endloop
  endfacet
  facet normal 0 0 -1
    outer loop
      vertex 60.0404 16.0404 2.4
      vertex 60.0404 16.9596 2.4
      vertex 60.0876 17.0025 2.4
    endloop
  endfacet
  facet normal 0 0 -1
    outer loop
      vertex 59.9975 16.0876 2.4
      vertex 60.0404 16.9596 2.4
      vertex 60.0404 16.0404 2.4
    endloop
  endfacet
  facet normal 0 0 -1
    outer loop
      vertex 59.9975 16.0876 2.4
      vertex 59.9975 16.9124 2.4
      vertex 60.0404 16.9596 2.4
    endloop
  endfacet
  facet normal 0 0 -1
    outer loop
      vertex 59.9595 16.1389 2.4
      vertex 59.9975 16.9124 2.4
      vertex 59.9975 16.0876 2.4
    endloop
  endfacet
  facet normal 0 0 -1
    outer loop
      vertex 59.9595 16.1389 2.4
      vertex 59.9595 16.8611 2.4
      vertex 59.9975 16.9124 2.4
    endloop
  endfacet
  facet normal 0 0 -1
    outer loop
      vertex 59.9268 16.1936 2.4
      vertex 59.9595 16.8611 2.4
      vertex 59.9595 16.1389 2.4
    endloop
  endfacet
  facet normal 0 0 -1
    outer loop
      vertex 59.9268 16.1936 2.4
      vertex 59.9268 16.8064 2.4
      vertex 59.9595 16.8611 2.4
    endloop
  endfacet
  facet normal 0 0 -1
    outer loop
      vertex 59.8995 16.2513 2.4
      vertex 59.9268 16.8064 2.4
      vertex 59.9268 16.1936 2.4
    endloop
  endfacet
  facet normal 0 0 -1
    outer loop
      vertex 59.8995 16.2513 2.4
      vertex 59.8995 16.7487 2.4
      vertex 59.9268 16.8064 2.4
    endloop
  endfacet
  facet normal 0 0 -1
    outer loop
      vertex 59.878 16.3113 2.4
      vertex 59.8995 16.7487 2.4
      vertex 59.8995 16.2513 2.4
    endloop
  endfacet
  facet normal 0 0 -1
    outer loop
      vertex 59.878 16.3113 2.4
      vertex 59.878 16.6887 2.4
      vertex 59.8995 16.7487 2.4
    endloop
  endfacet
  facet normal 0 0 -1
    outer loop
      vertex 59.8625 16.3732 2.4
      vertex 59.878 16.6887 2.4
      vertex 59.878 16.3113 2.4
    endloop
  endfacet
  facet normal 0 0 -1
    outer loop
      vertex 59.8625 16.3732 2.4
      vertex 59.8625 16.6268 2.4
      vertex 59.878 16.6887 2.4
    endloop
  endfacet
  facet normal 0 0 -1
    outer loop
      vertex 59.8531 16.4363 2.4
      vertex 59.8625 16.6268 2.4
      vertex 59.8625 16.3732 2.4
    endloop
  endfacet
  facet normal 0 0 -1
    outer loop
      vertex 59.8531 16.4363 2.4
      vertex 59.8531 16.5637 2.4
      vertex 59.8625 16.6268 2.4
    endloop
  endfacet
  facet normal 0 -0 -1
    outer loop
      vertex 59.8531 16.5637 2.4
      vertex 59.8531 16.4363 2.4
      vertex 59.85 16.5 2.4
    endloop
  endfacet
  facet normal -0.175127 0.697323 -0.695033
    outer loop
      vertex 60.3732 17.1375 2.4
      vertex 60.229 17.4003 2.7
      vertex 60.3166 17.4223 2.7
    endloop
  endfacet
  facet normal -0.697506 -0.174658 -0.694968
    outer loop
      vertex 59.878 16.3113 2.4
      vertex 59.5997 16.229 2.7
      vertex 59.8625 16.3732 2.4
    endloop
  endfacet
  facet normal -0.697578 -0.174394 -0.694962
    outer loop
      vertex 59.5997 16.229 2.7
      vertex 59.878 16.3113 2.4
      vertex 59.6002 16.227 2.7
    endloop
  endfacet
  facet normal -0.369746 -0.616775 -0.694893
    outer loop
      vertex 60.055 15.6718 2.7
      vertex 59.9776 15.7182 2.7
      vertex 60.1389 15.9595 2.4
    endloop
  endfacet
  facet normal -0.414523 -0.58724 -0.695212
    outer loop
      vertex 59.9759 15.7194 2.7
      vertex 60.1389 15.9595 2.4
      vertex 59.9776 15.7182 2.7
    endloop
  endfacet
  facet normal -0.427993 -0.57779 -0.694968
    outer loop
      vertex 60.1389 15.9595 2.4
      vertex 59.9759 15.7194 2.7
      vertex 60.0876 15.9975 2.4
    endloop
  endfacet
  facet normal -0.105248 0.711222 -0.695044
    outer loop
      vertex 60.3732 17.1375 2.4
      vertex 60.3166 17.4223 2.7
      vertex 60.4058 17.4355 2.7
    endloop
  endfacet
  facet normal -0.174658 0.697506 -0.694968
    outer loop
      vertex 60.3113 17.122 2.4
      vertex 60.229 17.4003 2.7
      vertex 60.3732 17.1375 2.4
    endloop
  endfacet
  facet normal -0.174394 0.697578 -0.694962
    outer loop
      vertex 60.229 17.4003 2.7
      vertex 60.3113 17.122 2.4
      vertex 60.227 17.3998 2.7
    endloop
  endfacet
  facet normal -0.57779 0.427993 -0.694968
    outer loop
      vertex 59.9595 16.8611 2.4
      vertex 59.7194 17.0241 2.7
      vertex 59.9975 16.9124 2.4
    endloop
  endfacet
  facet normal -0.58724 0.414523 -0.695212
    outer loop
      vertex 59.7194 17.0241 2.7
      vertex 59.9595 16.8611 2.4
      vertex 59.7182 17.0224 2.7
    endloop
  endfacet
  facet normal -0.64972 -0.307762 -0.695087
    outer loop
      vertex 59.6698 16.0586 2.7
      vertex 59.9268 16.1936 2.4
      vertex 59.6707 16.0567 2.7
    endloop
  endfacet
  facet normal -0.649864 -0.307475 -0.69508
    outer loop
      vertex 59.9268 16.1936 2.4
      vertex 59.6698 16.0586 2.7
      vertex 59.8995 16.2513 2.4
    endloop
  endfacet
  facet normal -0.671705 -0.740819 0
    outer loop
      vertex 58.2373 14.2373 5
      vertex 58.4699 14.0264 6.2
      vertex 58.2373 14.2373 6.2
    endloop
  endfacet
  facet normal -0.671705 -0.740819 -0
    outer loop
      vertex 58.4699 14.0264 6.2
      vertex 58.2373 14.2373 5
      vertex 58.4699 14.0264 5
    endloop
  endfacet
  facet normal -0.941547 0.336881 0
    outer loop
      vertex 57.4378 17.4289 5
      vertex 57.5436 17.7246 6.2
      vertex 57.5436 17.7246 5
    endloop
  endfacet
  facet normal -0.941547 0.336881 0
    outer loop
      vertex 57.5436 17.7246 6.2
      vertex 57.4378 17.4289 5
      vertex 57.4378 17.4289 6.2
    endloop
  endfacet
  facet normal 0.989164 0.146814 0
    outer loop
      vertex 63.6846 16.8137 6.2
      vertex 63.6385 17.1243 5
      vertex 63.6385 17.1243 6.2
    endloop
  endfacet
  facet normal 0.989164 0.146814 0
    outer loop
      vertex 63.6385 17.1243 5
      vertex 63.6846 16.8137 6.2
      vertex 63.6846 16.8137 5
    endloop
  endfacet
  facet normal 0.998797 0.0490324 0
    outer loop
      vertex 63.7 16.5 6.2
      vertex 63.6846 16.8137 5
      vertex 63.6846 16.8137 6.2
    endloop
  endfacet
  facet normal 0.998797 0.0490324 0
    outer loop
      vertex 63.6846 16.8137 5
      vertex 63.7 16.5 6.2
      vertex 63.7 16.5 5
    endloop
  endfacet
  facet normal -0.514074 -0.857746 0
    outer loop
      vertex 58.7222 13.8393 5
      vertex 58.9915 13.6779 6.2
      vertex 58.7222 13.8393 6.2
    endloop
  endfacet
  facet normal -0.514074 -0.857746 -0
    outer loop
      vertex 58.9915 13.6779 6.2
      vertex 58.7222 13.8393 5
      vertex 58.9915 13.6779 5
    endloop
  endfacet
  facet normal 0.671705 0.740819 -0
    outer loop
      vertex 62.7627 18.7627 5
      vertex 62.5301 18.9736 6.2
      vertex 62.7627 18.7627 6.2
    endloop
  endfacet
  facet normal 0.671705 0.740819 0
    outer loop
      vertex 62.5301 18.9736 6.2
      vertex 62.7627 18.7627 5
      vertex 62.5301 18.9736 5
    endloop
  endfacet
  facet normal -0.146814 -0.989164 0
    outer loop
      vertex 59.8757 13.3615 5
      vertex 60.1863 13.3154 6.2
      vertex 59.8757 13.3615 6.2
    endloop
  endfacet
  facet normal -0.146814 -0.989164 -0
    outer loop
      vertex 60.1863 13.3154 6.2
      vertex 59.8757 13.3615 5
      vertex 60.1863 13.3154 5
    endloop
  endfacet
  facet normal 0.740819 0.671705 0
    outer loop
      vertex 62.9736 18.5301 6.2
      vertex 62.7627 18.7627 5
      vertex 62.7627 18.7627 6.2
    endloop
  endfacet
  facet normal 0.740819 0.671705 0
    outer loop
      vertex 62.7627 18.7627 5
      vertex 62.9736 18.5301 6.2
      vertex 62.9736 18.5301 5
    endloop
  endfacet
  facet normal 0.427621 0.903958 -0
    outer loop
      vertex 62.0085 19.3221 5
      vertex 61.7246 19.4564 6.2
      vertex 62.0085 19.3221 6.2
    endloop
  endfacet
  facet normal 0.427621 0.903958 0
    outer loop
      vertex 61.7246 19.4564 6.2
      vertex 62.0085 19.3221 5
      vertex 61.7246 19.4564 5
    endloop
  endfacet
  facet normal 0.0490324 -0.998797 0
    outer loop
      vertex 60.5 13.3 5
      vertex 60.8137 13.3154 6.2
      vertex 60.5 13.3 6.2
    endloop
  endfacet
  facet normal 0.0490324 -0.998797 0
    outer loop
      vertex 60.8137 13.3154 6.2
      vertex 60.5 13.3 5
      vertex 60.8137 13.3154 5
    endloop
  endfacet
  facet normal -0.740819 0.671705 0
    outer loop
      vertex 58.0264 18.5301 5
      vertex 58.2373 18.7627 6.2
      vertex 58.2373 18.7627 5
    endloop
  endfacet
  facet normal -0.740819 0.671705 0
    outer loop
      vertex 58.2373 18.7627 6.2
      vertex 58.0264 18.5301 5
      vertex 58.0264 18.5301 6.2
    endloop
  endfacet
  facet normal 0.989164 -0.146814 0
    outer loop
      vertex 63.6385 15.8757 6.2
      vertex 63.6846 16.1863 5
      vertex 63.6846 16.1863 6.2
    endloop
  endfacet
  facet normal 0.989164 -0.146814 0
    outer loop
      vertex 63.6846 16.1863 5
      vertex 63.6385 15.8757 6.2
      vertex 63.6385 15.8757 5
    endloop
  endfacet
  facet normal 0.903958 0.427621 0
    outer loop
      vertex 63.4564 17.7246 6.2
      vertex 63.3221 18.0085 5
      vertex 63.3221 18.0085 6.2
    endloop
  endfacet
  facet normal 0.903958 0.427621 0
    outer loop
      vertex 63.3221 18.0085 5
      vertex 63.4564 17.7246 6.2
      vertex 63.4564 17.7246 5
    endloop
  endfacet
  facet normal -0.242985 0.97003 0
    outer loop
      vertex 59.8757 19.6385 5
      vertex 59.5711 19.5622 6.2
      vertex 59.8757 19.6385 6.2
    endloop
  endfacet
  facet normal -0.242985 0.97003 0
    outer loop
      vertex 59.5711 19.5622 6.2
      vertex 59.8757 19.6385 5
      vertex 59.5711 19.5622 5
    endloop
  endfacet
  facet normal -0.803236 0.595661 0
    outer loop
      vertex 57.8393 18.2778 5
      vertex 58.0264 18.5301 6.2
      vertex 58.0264 18.5301 5
    endloop
  endfacet
  facet normal -0.803236 0.595661 0
    outer loop
      vertex 58.0264 18.5301 6.2
      vertex 57.8393 18.2778 5
      vertex 57.8393 18.2778 6.2
    endloop
  endfacet
  facet normal 0.242985 0.97003 -0
    outer loop
      vertex 61.4289 19.5622 5
      vertex 61.1243 19.6385 6.2
      vertex 61.4289 19.5622 6.2
    endloop
  endfacet
  facet normal 0.242985 0.97003 0
    outer loop
      vertex 61.1243 19.6385 6.2
      vertex 61.4289 19.5622 5
      vertex 61.1243 19.6385 5
    endloop
  endfacet
  facet normal 0.336881 0.941547 -0
    outer loop
      vertex 61.7246 19.4564 5
      vertex 61.4289 19.5622 6.2
      vertex 61.7246 19.4564 6.2
    endloop
  endfacet
  facet normal 0.336881 0.941547 0
    outer loop
      vertex 61.4289 19.5622 6.2
      vertex 61.7246 19.4564 5
      vertex 61.4289 19.5622 5
    endloop
  endfacet
  facet normal 0.941547 0.336881 0
    outer loop
      vertex 63.5622 17.4289 6.2
      vertex 63.4564 17.7246 5
      vertex 63.4564 17.7246 6.2
    endloop
  endfacet
  facet normal 0.941547 0.336881 0
    outer loop
      vertex 63.4564 17.7246 5
      vertex 63.5622 17.4289 6.2
      vertex 63.5622 17.4289 5
    endloop
  endfacet
  facet normal 0.595661 0.803236 -0
    outer loop
      vertex 62.5301 18.9736 5
      vertex 62.2778 19.1607 6.2
      vertex 62.5301 18.9736 6.2
    endloop
  endfacet
  facet normal 0.595661 0.803236 0
    outer loop
      vertex 62.2778 19.1607 6.2
      vertex 62.5301 18.9736 5
      vertex 62.2778 19.1607 5
    endloop
  endfacet
  facet normal -0.857746 -0.514074 0
    outer loop
      vertex 57.8393 14.7222 5
      vertex 57.6779 14.9915 6.2
      vertex 57.6779 14.9915 5
    endloop
  endfacet
  facet normal -0.857746 -0.514074 0
    outer loop
      vertex 57.6779 14.9915 6.2
      vertex 57.8393 14.7222 5
      vertex 57.8393 14.7222 6.2
    endloop
  endfacet
  facet normal 0.514074 0.857746 -0
    outer loop
      vertex 62.2778 19.1607 5
      vertex 62.0085 19.3221 6.2
      vertex 62.2778 19.1607 6.2
    endloop
  endfacet
  facet normal 0.514074 0.857746 0
    outer loop
      vertex 62.0085 19.3221 6.2
      vertex 62.2778 19.1607 5
      vertex 62.0085 19.3221 5
    endloop
  endfacet
  facet normal 0.941547 -0.336881 0
    outer loop
      vertex 63.4564 15.2754 6.2
      vertex 63.5622 15.5711 5
      vertex 63.5622 15.5711 6.2
    endloop
  endfacet
  facet normal 0.941547 -0.336881 0
    outer loop
      vertex 63.5622 15.5711 5
      vertex 63.4564 15.2754 6.2
      vertex 63.4564 15.2754 5
    endloop
  endfacet
  facet normal -0.857746 0.514074 0
    outer loop
      vertex 57.6779 18.0085 5
      vertex 57.8393 18.2778 6.2
      vertex 57.8393 18.2778 5
    endloop
  endfacet
  facet normal -0.857746 0.514074 0
    outer loop
      vertex 57.8393 18.2778 6.2
      vertex 57.6779 18.0085 5
      vertex 57.6779 18.0085 6.2
    endloop
  endfacet
  facet normal -0.97003 -0.242985 0
    outer loop
      vertex 57.4378 15.5711 5
      vertex 57.3615 15.8757 6.2
      vertex 57.3615 15.8757 5
    endloop
  endfacet
  facet normal -0.97003 -0.242985 0
    outer loop
      vertex 57.3615 15.8757 6.2
      vertex 57.4378 15.5711 5
      vertex 57.4378 15.5711 6.2
    endloop
  endfacet
  facet normal 0.0490324 0.998797 -0
    outer loop
      vertex 60.8137 19.6846 5
      vertex 60.5 19.7 6.2
      vertex 60.8137 19.6846 6.2
    endloop
  endfacet
  facet normal 0.0490324 0.998797 0
    outer loop
      vertex 60.5 19.7 6.2
      vertex 60.8137 19.6846 5
      vertex 60.5 19.7 5
    endloop
  endfacet
  facet normal 0.857746 0.514074 0
    outer loop
      vertex 63.3221 18.0085 6.2
      vertex 63.1607 18.2778 5
      vertex 63.1607 18.2778 6.2
    endloop
  endfacet
  facet normal 0.857746 0.514074 0
    outer loop
      vertex 63.1607 18.2778 5
      vertex 63.3221 18.0085 6.2
      vertex 63.3221 18.0085 5
    endloop
  endfacet
  facet normal -0.941547 -0.336881 0
    outer loop
      vertex 57.5436 15.2754 5
      vertex 57.4378 15.5711 6.2
      vertex 57.4378 15.5711 5
    endloop
  endfacet
  facet normal -0.941547 -0.336881 0
    outer loop
      vertex 57.4378 15.5711 6.2
      vertex 57.5436 15.2754 5
      vertex 57.5436 15.2754 6.2
    endloop
  endfacet
  facet normal -0.671705 0.740819 0
    outer loop
      vertex 58.4699 18.9736 5
      vertex 58.2373 18.7627 6.2
      vertex 58.4699 18.9736 6.2
    endloop
  endfacet
  facet normal -0.671705 0.740819 0
    outer loop
      vertex 58.2373 18.7627 6.2
      vertex 58.4699 18.9736 5
      vertex 58.2373 18.7627 5
    endloop
  endfacet
  facet normal 0.97003 -0.242985 0
    outer loop
      vertex 63.5622 15.5711 6.2
      vertex 63.6385 15.8757 5
      vertex 63.6385 15.8757 6.2
    endloop
  endfacet
  facet normal 0.97003 -0.242985 0
    outer loop
      vertex 63.6385 15.8757 5
      vertex 63.5622 15.5711 6.2
      vertex 63.5622 15.5711 5
    endloop
  endfacet
  facet normal 0 0 -1
    outer loop
      vertex 61.45 16.5 5
      vertex 63.7 16.5 5
      vertex 63.6846 16.1863 5
    endloop
  endfacet
  facet normal 0 0 -1
    outer loop
      vertex 61.4454 16.4069 5
      vertex 63.6846 16.1863 5
      vertex 63.6385 15.8757 5
    endloop
  endfacet
  facet normal 0 0 -1
    outer loop
      vertex 63.7 16.5 5
      vertex 61.45 16.5 5
      vertex 63.6846 16.8137 5
    endloop
  endfacet
  facet normal 0 0 -1
    outer loop
      vertex 61.4317 16.3147 5
      vertex 63.6385 15.8757 5
      vertex 63.5622 15.5711 5
    endloop
  endfacet
  facet normal 0 0 -1
    outer loop
      vertex 61.4454 16.5931 5
      vertex 63.6846 16.8137 5
      vertex 61.45 16.5 5
    endloop
  endfacet
  facet normal 0 0 -1
    outer loop
      vertex 61.4091 16.2242 5
      vertex 63.5622 15.5711 5
      vertex 63.4564 15.2754 5
    endloop
  endfacet
  facet normal -0 0 -1
    outer loop
      vertex 63.6846 16.8137 5
      vertex 61.4454 16.5931 5
      vertex 63.6385 17.1243 5
    endloop
  endfacet
  facet normal 0 0 -1
    outer loop
      vertex 61.3777 16.1365 5
      vertex 63.4564 15.2754 5
      vertex 63.3221 14.9915 5
    endloop
  endfacet
  facet normal 0 0 -1
    outer loop
      vertex 61.4317 16.6853 5
      vertex 63.6385 17.1243 5
      vertex 61.4454 16.5931 5
    endloop
  endfacet
  facet normal 0 0 -1
    outer loop
      vertex 61.3378 16.0522 5
      vertex 63.3221 14.9915 5
      vertex 63.1607 14.7222 5
    endloop
  endfacet
  facet normal -0 0 -1
    outer loop
      vertex 63.6385 17.1243 5
      vertex 61.4317 16.6853 5
      vertex 63.5622 17.4289 5
    endloop
  endfacet
  facet normal 0 0 -1
    outer loop
      vertex 61.2899 15.9722 5
      vertex 63.1607 14.7222 5
      vertex 62.9736 14.4699 5
    endloop
  endfacet
  facet normal 0 0 -1
    outer loop
      vertex 61.4091 16.7758 5
      vertex 63.5622 17.4289 5
      vertex 61.4317 16.6853 5
    endloop
  endfacet
  facet normal 0 0 -1
    outer loop
      vertex 61.2344 15.8973 5
      vertex 62.9736 14.4699 5
      vertex 62.7627 14.2373 5
    endloop
  endfacet
  facet normal -0 0 -1
    outer loop
      vertex 63.5622 17.4289 5
      vertex 61.4091 16.7758 5
      vertex 63.4564 17.7246 5
    endloop
  endfacet
  facet normal 0 0 -1
    outer loop
      vertex 61.1718 15.8282 5
      vertex 62.7627 14.2373 5
      vertex 62.5301 14.0264 5
    endloop
  endfacet
  facet normal 0 0 -1
    outer loop
      vertex 61.3777 16.8635 5
      vertex 63.4564 17.7246 5
      vertex 61.4091 16.7758 5
    endloop
  endfacet
  facet normal 0 0 -1
    outer loop
      vertex 61.1027 15.7656 5
      vertex 62.5301 14.0264 5
      vertex 62.2778 13.8393 5
    endloop
  endfacet
  facet normal -0 0 -1
    outer loop
      vertex 63.4564 17.7246 5
      vertex 61.3777 16.8635 5
      vertex 63.3221 18.0085 5
    endloop
  endfacet
  facet normal 0 0 -1
    outer loop
      vertex 61.0278 15.7101 5
      vertex 62.2778 13.8393 5
      vertex 62.0085 13.6779 5
    endloop
  endfacet
  facet normal 0 0 -1
    outer loop
      vertex 61.3378 16.9478 5
      vertex 63.3221 18.0085 5
      vertex 61.3777 16.8635 5
    endloop
  endfacet
  facet normal 0 0 -1
    outer loop
      vertex 60.9478 15.6622 5
      vertex 62.0085 13.6779 5
      vertex 61.7246 13.5436 5
    endloop
  endfacet
  facet normal -0 0 -1
    outer loop
      vertex 63.3221 18.0085 5
      vertex 61.3378 16.9478 5
      vertex 63.1607 18.2778 5
    endloop
  endfacet
  facet normal 0 0 -1
    outer loop
      vertex 61.2899 17.0278 5
      vertex 63.1607 18.2778 5
      vertex 61.3378 16.9478 5
    endloop
  endfacet
  facet normal 0 0 -1
    outer loop
      vertex 63.6846 16.1863 5
      vertex 61.4454 16.4069 5
      vertex 61.45 16.5 5
    endloop
  endfacet
  facet normal 0 0 -1
    outer loop
      vertex 63.6385 15.8757 5
      vertex 61.4317 16.3147 5
      vertex 61.4454 16.4069 5
    endloop
  endfacet
  facet normal 0 0 -1
    outer loop
      vertex 60.8635 15.6223 5
      vertex 61.7246 13.5436 5
      vertex 61.4289 13.4378 5
    endloop
  endfacet
  facet normal 0 0 -1
    outer loop
      vertex 63.5622 15.5711 5
      vertex 61.4091 16.2242 5
      vertex 61.4317 16.3147 5
    endloop
  endfacet
  facet normal 0 0 -1
    outer loop
      vertex 63.4564 15.2754 5
      vertex 61.3777 16.1365 5
      vertex 61.4091 16.2242 5
    endloop
  endfacet
  facet normal 0 0 -1
    outer loop
      vertex 63.3221 14.9915 5
      vertex 61.3378 16.0522 5
      vertex 61.3777 16.1365 5
    endloop
  endfacet
  facet normal 0 0 -1
    outer loop
      vertex 63.1607 14.7222 5
      vertex 61.2899 15.9722 5
      vertex 61.3378 16.0522 5
    endloop
  endfacet
  facet normal 0 0 -1
    outer loop
      vertex 62.9736 14.4699 5
      vertex 61.2344 15.8973 5
      vertex 61.2899 15.9722 5
    endloop
  endfacet
  facet normal 0 0 -1
    outer loop
      vertex 62.7627 14.2373 5
      vertex 61.1718 15.8282 5
      vertex 61.2344 15.8973 5
    endloop
  endfacet
  facet normal 0 0 -1
    outer loop
      vertex 60.7758 15.5909 5
      vertex 61.4289 13.4378 5
      vertex 61.1243 13.3615 5
    endloop
  endfacet
  facet normal 0 0 -1
    outer loop
      vertex 62.5301 14.0264 5
      vertex 61.1027 15.7656 5
      vertex 61.1718 15.8282 5
    endloop
  endfacet
  facet normal 0 0 -1
    outer loop
      vertex 62.2778 13.8393 5
      vertex 61.0278 15.7101 5
      vertex 61.1027 15.7656 5
    endloop
  endfacet
  facet normal 0 0 -1
    outer loop
      vertex 62.0085 13.6779 5
      vertex 60.9478 15.6622 5
      vertex 61.0278 15.7101 5
    endloop
  endfacet
  facet normal 0 0 -1
    outer loop
      vertex 61.7246 13.5436 5
      vertex 60.8635 15.6223 5
      vertex 60.9478 15.6622 5
    endloop
  endfacet
  facet normal 0 0 -1
    outer loop
      vertex 60.6853 15.5683 5
      vertex 61.1243 13.3615 5
      vertex 60.8137 13.3154 5
    endloop
  endfacet
  facet normal 0 0 -1
    outer loop
      vertex 61.4289 13.4378 5
      vertex 60.7758 15.5909 5
      vertex 60.8635 15.6223 5
    endloop
  endfacet
  facet normal 0 0 -1
    outer loop
      vertex 61.1243 13.3615 5
      vertex 60.6853 15.5683 5
      vertex 60.7758 15.5909 5
    endloop
  endfacet
  facet normal 0 0 -1
    outer loop
      vertex 60.8137 13.3154 5
      vertex 60.5931 15.5546 5
      vertex 60.6853 15.5683 5
    endloop
  endfacet
  facet normal 0 0 -1
    outer loop
      vertex 60.5 13.3 5
      vertex 60.5931 15.5546 5
      vertex 60.8137 13.3154 5
    endloop
  endfacet
  facet normal 0 0 -1
    outer loop
      vertex 60.5 13.3 5
      vertex 60.5 15.55 5
      vertex 60.5931 15.5546 5
    endloop
  endfacet
  facet normal 0 0 -1
    outer loop
      vertex 60.5 13.3 5
      vertex 60.4069 15.5546 5
      vertex 60.5 15.55 5
    endloop
  endfacet
  facet normal 0 0 -1
    outer loop
      vertex 60.1863 13.3154 5
      vertex 60.4069 15.5546 5
      vertex 60.5 13.3 5
    endloop
  endfacet
  facet normal -0 0 -1
    outer loop
      vertex 60.4069 15.5546 5
      vertex 60.1863 13.3154 5
      vertex 60.3147 15.5683 5
    endloop
  endfacet
  facet normal 0 0 -1
    outer loop
      vertex 59.8757 13.3615 5
      vertex 60.3147 15.5683 5
      vertex 60.1863 13.3154 5
    endloop
  endfacet
  facet normal -0 0 -1
    outer loop
      vertex 60.3147 15.5683 5
      vertex 59.8757 13.3615 5
      vertex 60.2242 15.5909 5
    endloop
  endfacet
  facet normal 0 0 -1
    outer loop
      vertex 59.5711 13.4378 5
      vertex 60.2242 15.5909 5
      vertex 59.8757 13.3615 5
    endloop
  endfacet
  facet normal -0 0 -1
    outer loop
      vertex 60.2242 15.5909 5
      vertex 59.5711 13.4378 5
      vertex 60.1365 15.6223 5
    endloop
  endfacet
  facet normal 0 0 -1
    outer loop
      vertex 59.2754 13.5436 5
      vertex 60.1365 15.6223 5
      vertex 59.5711 13.4378 5
    endloop
  endfacet
  facet normal -0 0 -1
    outer loop
      vertex 60.1365 15.6223 5
      vertex 59.2754 13.5436 5
      vertex 60.0522 15.6622 5
    endloop
  endfacet
  facet normal 0 0 -1
    outer loop
      vertex 58.9915 13.6779 5
      vertex 60.0522 15.6622 5
      vertex 59.2754 13.5436 5
    endloop
  endfacet
  facet normal -0 0 -1
    outer loop
      vertex 60.0522 15.6622 5
      vertex 58.9915 13.6779 5
      vertex 59.9722 15.7101 5
    endloop
  endfacet
  facet normal 0 0 -1
    outer loop
      vertex 58.7222 13.8393 5
      vertex 59.9722 15.7101 5
      vertex 58.9915 13.6779 5
    endloop
  endfacet
  facet normal -0 0 -1
    outer loop
      vertex 59.9722 15.7101 5
      vertex 58.7222 13.8393 5
      vertex 59.8973 15.7656 5
    endloop
  endfacet
  facet normal 0 0 -1
    outer loop
      vertex 58.4699 14.0264 5
      vertex 59.8973 15.7656 5
      vertex 58.7222 13.8393 5
    endloop
  endfacet
  facet normal -0 0 -1
    outer loop
      vertex 59.8973 15.7656 5
      vertex 58.4699 14.0264 5
      vertex 59.8282 15.8282 5
    endloop
  endfacet
  facet normal 0 0 -1
    outer loop
      vertex 58.2373 14.2373 5
      vertex 59.8282 15.8282 5
      vertex 58.4699 14.0264 5
    endloop
  endfacet
  facet normal -0 0 -1
    outer loop
      vertex 59.8282 15.8282 5
      vertex 58.2373 14.2373 5
      vertex 59.7656 15.8973 5
    endloop
  endfacet
  facet normal 0 0 -1
    outer loop
      vertex 58.0264 14.4699 5
      vertex 59.7656 15.8973 5
      vertex 58.2373 14.2373 5
    endloop
  endfacet
  facet normal -0 0 -1
    outer loop
      vertex 59.7656 15.8973 5
      vertex 58.0264 14.4699 5
      vertex 59.7101 15.9722 5
    endloop
  endfacet
  facet normal 0 0 -1
    outer loop
      vertex 57.8393 14.7222 5
      vertex 59.7101 15.9722 5
      vertex 58.0264 14.4699 5
    endloop
  endfacet
  facet normal -0 0 -1
    outer loop
      vertex 63.1607 18.2778 5
      vertex 61.2899 17.0278 5
      vertex 62.9736 18.5301 5
    endloop
  endfacet
  facet normal 0 0 -1
    outer loop
      vertex 61.2344 17.1027 5
      vertex 62.9736 18.5301 5
      vertex 61.2899 17.0278 5
    endloop
  endfacet
  facet normal -0 0 -1
    outer loop
      vertex 62.9736 18.5301 5
      vertex 61.2344 17.1027 5
      vertex 62.7627 18.7627 5
    endloop
  endfacet
  facet normal 0 0 -1
    outer loop
      vertex 61.1718 17.1718 5
      vertex 62.7627 18.7627 5
      vertex 61.2344 17.1027 5
    endloop
  endfacet
  facet normal -0 0 -1
    outer loop
      vertex 62.7627 18.7627 5
      vertex 61.1718 17.1718 5
      vertex 62.5301 18.9736 5
    endloop
  endfacet
  facet normal 0 0 -1
    outer loop
      vertex 61.1027 17.2344 5
      vertex 62.5301 18.9736 5
      vertex 61.1718 17.1718 5
    endloop
  endfacet
  facet normal -0 0 -1
    outer loop
      vertex 62.5301 18.9736 5
      vertex 61.1027 17.2344 5
      vertex 62.2778 19.1607 5
    endloop
  endfacet
  facet normal 0 0 -1
    outer loop
      vertex 61.0278 17.2899 5
      vertex 62.2778 19.1607 5
      vertex 61.1027 17.2344 5
    endloop
  endfacet
  facet normal -0 0 -1
    outer loop
      vertex 62.2778 19.1607 5
      vertex 61.0278 17.2899 5
      vertex 62.0085 19.3221 5
    endloop
  endfacet
  facet normal 0 0 -1
    outer loop
      vertex 60.9478 17.3378 5
      vertex 62.0085 19.3221 5
      vertex 61.0278 17.2899 5
    endloop
  endfacet
  facet normal -0 0 -1
    outer loop
      vertex 62.0085 19.3221 5
      vertex 60.9478 17.3378 5
      vertex 61.7246 19.4564 5
    endloop
  endfacet
  facet normal 0 0 -1
    outer loop
      vertex 60.8635 17.3777 5
      vertex 61.7246 19.4564 5
      vertex 60.9478 17.3378 5
    endloop
  endfacet
  facet normal -0 0 -1
    outer loop
      vertex 61.7246 19.4564 5
      vertex 60.8635 17.3777 5
      vertex 61.4289 19.5622 5
    endloop
  endfacet
  facet normal 0 0 -1
    outer loop
      vertex 60.7758 17.4091 5
      vertex 61.4289 19.5622 5
      vertex 60.8635 17.3777 5
    endloop
  endfacet
  facet normal -0 0 -1
    outer loop
      vertex 61.4289 19.5622 5
      vertex 60.7758 17.4091 5
      vertex 61.1243 19.6385 5
    endloop
  endfacet
  facet normal 0 0 -1
    outer loop
      vertex 60.6853 17.4317 5
      vertex 61.1243 19.6385 5
      vertex 60.7758 17.4091 5
    endloop
  endfacet
  facet normal -0 0 -1
    outer loop
      vertex 61.1243 19.6385 5
      vertex 60.6853 17.4317 5
      vertex 60.8137 19.6846 5
    endloop
  endfacet
  facet normal 0 0 -1
    outer loop
      vertex 60.5931 17.4454 5
      vertex 60.8137 19.6846 5
      vertex 60.6853 17.4317 5
    endloop
  endfacet
  facet normal 0 0 -1
    outer loop
      vertex 60.5 17.45 5
      vertex 60.8137 19.6846 5
      vertex 60.5931 17.4454 5
    endloop
  endfacet
  facet normal 0 0 -1
    outer loop
      vertex 60.5 17.45 5
      vertex 60.5 19.7 5
      vertex 60.8137 19.6846 5
    endloop
  endfacet
  facet normal 0 0 -1
    outer loop
      vertex 60.4069 17.4454 5
      vertex 60.5 19.7 5
      vertex 60.5 17.45 5
    endloop
  endfacet
  facet normal 0 0 -1
    outer loop
      vertex 60.1863 19.6846 5
      vertex 60.4069 17.4454 5
      vertex 60.3147 17.4317 5
    endloop
  endfacet
  facet normal 0 0 -1
    outer loop
      vertex 59.8757 19.6385 5
      vertex 60.3147 17.4317 5
      vertex 60.2242 17.4091 5
    endloop
  endfacet
  facet normal 0 0 -1
    outer loop
      vertex 60.4069 17.4454 5
      vertex 60.1863 19.6846 5
      vertex 60.5 19.7 5
    endloop
  endfacet
  facet normal 0 0 -1
    outer loop
      vertex 59.5711 19.5622 5
      vertex 60.2242 17.4091 5
      vertex 60.1365 17.3777 5
    endloop
  endfacet
  facet normal 0 0 -1
    outer loop
      vertex 59.2754 19.4564 5
      vertex 60.1365 17.3777 5
      vertex 60.0522 17.3378 5
    endloop
  endfacet
  facet normal 0 0 -1
    outer loop
      vertex 58.9915 19.3221 5
      vertex 60.0522 17.3378 5
      vertex 59.9722 17.2899 5
    endloop
  endfacet
  facet normal 0 0 -1
    outer loop
      vertex 58.7222 19.1607 5
      vertex 59.9722 17.2899 5
      vertex 59.8973 17.2344 5
    endloop
  endfacet
  facet normal 0 0 -1
    outer loop
      vertex 60.3147 17.4317 5
      vertex 59.8757 19.6385 5
      vertex 60.1863 19.6846 5
    endloop
  endfacet
  facet normal 0 0 -1
    outer loop
      vertex 58.4699 18.9736 5
      vertex 59.8973 17.2344 5
      vertex 59.8282 17.1718 5
    endloop
  endfacet
  facet normal 0 0 -1
    outer loop
      vertex 58.2373 18.7627 5
      vertex 59.8282 17.1718 5
      vertex 59.7656 17.1027 5
    endloop
  endfacet
  facet normal 0 0 -1
    outer loop
      vertex 58.0264 18.5301 5
      vertex 59.7656 17.1027 5
      vertex 59.7101 17.0278 5
    endloop
  endfacet
  facet normal 0 0 -1
    outer loop
      vertex 57.8393 18.2778 5
      vertex 59.7101 17.0278 5
      vertex 59.6622 16.9478 5
    endloop
  endfacet
  facet normal 0 0 -1
    outer loop
      vertex 57.6779 18.0085 5
      vertex 59.6622 16.9478 5
      vertex 59.6223 16.8635 5
    endloop
  endfacet
  facet normal 0 0 -1
    outer loop
      vertex 57.5436 17.7246 5
      vertex 59.6223 16.8635 5
      vertex 59.5909 16.7758 5
    endloop
  endfacet
  facet normal 0 0 -1
    outer loop
      vertex 60.2242 17.4091 5
      vertex 59.5711 19.5622 5
      vertex 59.8757 19.6385 5
    endloop
  endfacet
  facet normal 0 0 -1
    outer loop
      vertex 57.4378 17.4289 5
      vertex 59.5909 16.7758 5
      vertex 59.5683 16.6853 5
    endloop
  endfacet
  facet normal 0 0 -1
    outer loop
      vertex 57.3615 17.1243 5
      vertex 59.5683 16.6853 5
      vertex 59.5546 16.5931 5
    endloop
  endfacet
  facet normal 0 0 -1
    outer loop
      vertex 57.3154 16.8137 5
      vertex 59.5546 16.5931 5
      vertex 59.55 16.5 5
    endloop
  endfacet
  facet normal -0 0 -1
    outer loop
      vertex 59.7101 15.9722 5
      vertex 57.8393 14.7222 5
      vertex 59.6622 16.0522 5
    endloop
  endfacet
  facet normal 0 0 -1
    outer loop
      vertex 60.1365 17.3777 5
      vertex 59.2754 19.4564 5
      vertex 59.5711 19.5622 5
    endloop
  endfacet
  facet normal 0 0 -1
    outer loop
      vertex 57.6779 14.9915 5
      vertex 59.6622 16.0522 5
      vertex 57.8393 14.7222 5
    endloop
  endfacet
  facet normal 0 0 -1
    outer loop
      vertex 60.0522 17.3378 5
      vertex 58.9915 19.3221 5
      vertex 59.2754 19.4564 5
    endloop
  endfacet
  facet normal -0 0 -1
    outer loop
      vertex 59.6622 16.0522 5
      vertex 57.6779 14.9915 5
      vertex 59.6223 16.1365 5
    endloop
  endfacet
  facet normal 0 0 -1
    outer loop
      vertex 59.9722 17.2899 5
      vertex 58.7222 19.1607 5
      vertex 58.9915 19.3221 5
    endloop
  endfacet
  facet normal 0 0 -1
    outer loop
      vertex 57.5436 15.2754 5
      vertex 59.6223 16.1365 5
      vertex 57.6779 14.9915 5
    endloop
  endfacet
  facet normal 0 0 -1
    outer loop
      vertex 59.8973 17.2344 5
      vertex 58.4699 18.9736 5
      vertex 58.7222 19.1607 5
    endloop
  endfacet
  facet normal -0 0 -1
    outer loop
      vertex 59.6223 16.1365 5
      vertex 57.5436 15.2754 5
      vertex 59.5909 16.2242 5
    endloop
  endfacet
  facet normal 0 0 -1
    outer loop
      vertex 59.8282 17.1718 5
      vertex 58.2373 18.7627 5
      vertex 58.4699 18.9736 5
    endloop
  endfacet
  facet normal 0 0 -1
    outer loop
      vertex 57.4378 15.5711 5
      vertex 59.5909 16.2242 5
      vertex 57.5436 15.2754 5
    endloop
  endfacet
  facet normal 0 0 -1
    outer loop
      vertex 59.7656 17.1027 5
      vertex 58.0264 18.5301 5
      vertex 58.2373 18.7627 5
    endloop
  endfacet
  facet normal -0 0 -1
    outer loop
      vertex 59.5909 16.2242 5
      vertex 57.4378 15.5711 5
      vertex 59.5683 16.3147 5
    endloop
  endfacet
  facet normal 0 0 -1
    outer loop
      vertex 59.7101 17.0278 5
      vertex 57.8393 18.2778 5
      vertex 58.0264 18.5301 5
    endloop
  endfacet
  facet normal 0 0 -1
    outer loop
      vertex 57.3615 15.8757 5
      vertex 59.5683 16.3147 5
      vertex 57.4378 15.5711 5
    endloop
  endfacet
  facet normal 0 0 -1
    outer loop
      vertex 59.6622 16.9478 5
      vertex 57.6779 18.0085 5
      vertex 57.8393 18.2778 5
    endloop
  endfacet
  facet normal -0 0 -1
    outer loop
      vertex 59.5683 16.3147 5
      vertex 57.3615 15.8757 5
      vertex 59.5546 16.4069 5
    endloop
  endfacet
  facet normal 0 0 -1
    outer loop
      vertex 59.6223 16.8635 5
      vertex 57.5436 17.7246 5
      vertex 57.6779 18.0085 5
    endloop
  endfacet
  facet normal 0 0 -1
    outer loop
      vertex 57.3154 16.1863 5
      vertex 59.5546 16.4069 5
      vertex 57.3615 15.8757 5
    endloop
  endfacet
  facet normal 0 0 -1
    outer loop
      vertex 59.5909 16.7758 5
      vertex 57.4378 17.4289 5
      vertex 57.5436 17.7246 5
    endloop
  endfacet
  facet normal -0 0 -1
    outer loop
      vertex 59.5546 16.4069 5
      vertex 57.3154 16.1863 5
      vertex 59.55 16.5 5
    endloop
  endfacet
  facet normal 0 0 -1
    outer loop
      vertex 59.5683 16.6853 5
      vertex 57.3615 17.1243 5
      vertex 57.4378 17.4289 5
    endloop
  endfacet
  facet normal 0 0 -1
    outer loop
      vertex 57.3 16.5 5
      vertex 59.55 16.5 5
      vertex 57.3154 16.1863 5
    endloop
  endfacet
  facet normal 0 0 -1
    outer loop
      vertex 59.5546 16.5931 5
      vertex 57.3154 16.8137 5
      vertex 57.3615 17.1243 5
    endloop
  endfacet
  facet normal 0 0 -1
    outer loop
      vertex 59.55 16.5 5
      vertex 57.3 16.5 5
      vertex 57.3154 16.8137 5
    endloop
  endfacet
  facet normal -0.514074 0.857746 0
    outer loop
      vertex 58.9915 19.3221 5
      vertex 58.7222 19.1607 6.2
      vertex 58.9915 19.3221 6.2
    endloop
  endfacet
  facet normal -0.514074 0.857746 0
    outer loop
      vertex 58.7222 19.1607 6.2
      vertex 58.9915 19.3221 5
      vertex 58.7222 19.1607 5
    endloop
  endfacet
  facet normal -0.998797 -0.0490324 0
    outer loop
      vertex 57.3154 16.1863 5
      vertex 57.3 16.5 6.2
      vertex 57.3 16.5 5
    endloop
  endfacet
  facet normal -0.998797 -0.0490324 0
    outer loop
      vertex 57.3 16.5 6.2
      vertex 57.3154 16.1863 5
      vertex 57.3154 16.1863 6.2
    endloop
  endfacet
  facet normal -0.97003 0.242985 0
    outer loop
      vertex 57.3615 17.1243 5
      vertex 57.4378 17.4289 6.2
      vertex 57.4378 17.4289 5
    endloop
  endfacet
  facet normal -0.97003 0.242985 0
    outer loop
      vertex 57.4378 17.4289 6.2
      vertex 57.3615 17.1243 5
      vertex 57.3615 17.1243 6.2
    endloop
  endfacet
  facet normal 0.427621 -0.903958 0
    outer loop
      vertex 61.7246 13.5436 5
      vertex 62.0085 13.6779 6.2
      vertex 61.7246 13.5436 6.2
    endloop
  endfacet
  facet normal 0.427621 -0.903958 0
    outer loop
      vertex 62.0085 13.6779 6.2
      vertex 61.7246 13.5436 5
      vertex 62.0085 13.6779 5
    endloop
  endfacet
  facet normal -0.336881 -0.941547 0
    outer loop
      vertex 59.2754 13.5436 5
      vertex 59.5711 13.4378 6.2
      vertex 59.2754 13.5436 6.2
    endloop
  endfacet
  facet normal -0.336881 -0.941547 -0
    outer loop
      vertex 59.5711 13.4378 6.2
      vertex 59.2754 13.5436 5
      vertex 59.5711 13.4378 5
    endloop
  endfacet
  facet normal -0.336881 0.941547 0
    outer loop
      vertex 59.5711 19.5622 5
      vertex 59.2754 19.4564 6.2
      vertex 59.5711 19.5622 6.2
    endloop
  endfacet
  facet normal -0.336881 0.941547 0
    outer loop
      vertex 59.2754 19.4564 6.2
      vertex 59.5711 19.5622 5
      vertex 59.2754 19.4564 5
    endloop
  endfacet
  facet normal 0.514074 -0.857746 0
    outer loop
      vertex 62.0085 13.6779 5
      vertex 62.2778 13.8393 6.2
      vertex 62.0085 13.6779 6.2
    endloop
  endfacet
  facet normal 0.514074 -0.857746 0
    outer loop
      vertex 62.2778 13.8393 6.2
      vertex 62.0085 13.6779 5
      vertex 62.2778 13.8393 5
    endloop
  endfacet
  facet normal 0.146814 -0.989164 0
    outer loop
      vertex 60.8137 13.3154 5
      vertex 61.1243 13.3615 6.2
      vertex 60.8137 13.3154 6.2
    endloop
  endfacet
  facet normal 0.146814 -0.989164 0
    outer loop
      vertex 61.1243 13.3615 6.2
      vertex 60.8137 13.3154 5
      vertex 61.1243 13.3615 5
    endloop
  endfacet
  facet normal 0.740819 -0.671705 0
    outer loop
      vertex 62.7627 14.2373 6.2
      vertex 62.9736 14.4699 5
      vertex 62.9736 14.4699 6.2
    endloop
  endfacet
  facet normal 0.740819 -0.671705 0
    outer loop
      vertex 62.9736 14.4699 5
      vertex 62.7627 14.2373 6.2
      vertex 62.7627 14.2373 5
    endloop
  endfacet
  facet normal 0.803236 -0.595661 0
    outer loop
      vertex 62.9736 14.4699 6.2
      vertex 63.1607 14.7222 5
      vertex 63.1607 14.7222 6.2
    endloop
  endfacet
  facet normal 0.803236 -0.595661 0
    outer loop
      vertex 63.1607 14.7222 5
      vertex 62.9736 14.4699 6.2
      vertex 62.9736 14.4699 5
    endloop
  endfacet
  facet normal -0.0490324 0.998797 0
    outer loop
      vertex 60.5 19.7 5
      vertex 60.1863 19.6846 6.2
      vertex 60.5 19.7 6.2
    endloop
  endfacet
  facet normal -0.0490324 0.998797 0
    outer loop
      vertex 60.1863 19.6846 6.2
      vertex 60.5 19.7 5
      vertex 60.1863 19.6846 5
    endloop
  endfacet
  facet normal -0.427621 0.903958 0
    outer loop
      vertex 59.2754 19.4564 5
      vertex 58.9915 19.3221 6.2
      vertex 59.2754 19.4564 6.2
    endloop
  endfacet
  facet normal -0.427621 0.903958 0
    outer loop
      vertex 58.9915 19.3221 6.2
      vertex 59.2754 19.4564 5
      vertex 58.9915 19.3221 5
    endloop
  endfacet
  facet normal -0.595661 0.803236 0
    outer loop
      vertex 58.7222 19.1607 5
      vertex 58.4699 18.9736 6.2
      vertex 58.7222 19.1607 6.2
    endloop
  endfacet
  facet normal -0.595661 0.803236 0
    outer loop
      vertex 58.4699 18.9736 6.2
      vertex 58.7222 19.1607 5
      vertex 58.4699 18.9736 5
    endloop
  endfacet
  facet normal -0.989164 0.146814 0
    outer loop
      vertex 57.3154 16.8137 5
      vertex 57.3615 17.1243 6.2
      vertex 57.3615 17.1243 5
    endloop
  endfacet
  facet normal -0.989164 0.146814 0
    outer loop
      vertex 57.3615 17.1243 6.2
      vertex 57.3154 16.8137 5
      vertex 57.3154 16.8137 6.2
    endloop
  endfacet
  facet normal -0.242985 -0.97003 0
    outer loop
      vertex 59.5711 13.4378 5
      vertex 59.8757 13.3615 6.2
      vertex 59.5711 13.4378 6.2
    endloop
  endfacet
  facet normal -0.242985 -0.97003 -0
    outer loop
      vertex 59.8757 13.3615 6.2
      vertex 59.5711 13.4378 5
      vertex 59.8757 13.3615 5
    endloop
  endfacet
  facet normal 0.97003 0.242985 0
    outer loop
      vertex 63.6385 17.1243 6.2
      vertex 63.5622 17.4289 5
      vertex 63.5622 17.4289 6.2
    endloop
  endfacet
  facet normal 0.97003 0.242985 0
    outer loop
      vertex 63.5622 17.4289 5
      vertex 63.6385 17.1243 6.2
      vertex 63.6385 17.1243 5
    endloop
  endfacet
  facet normal 0.803236 0.595661 0
    outer loop
      vertex 63.1607 18.2778 6.2
      vertex 62.9736 18.5301 5
      vertex 62.9736 18.5301 6.2
    endloop
  endfacet
  facet normal 0.803236 0.595661 0
    outer loop
      vertex 62.9736 18.5301 5
      vertex 63.1607 18.2778 6.2
      vertex 63.1607 18.2778 5
    endloop
  endfacet
  facet normal -0.803236 -0.595661 0
    outer loop
      vertex 58.0264 14.4699 5
      vertex 57.8393 14.7222 6.2
      vertex 57.8393 14.7222 5
    endloop
  endfacet
  facet normal -0.803236 -0.595661 0
    outer loop
      vertex 57.8393 14.7222 6.2
      vertex 58.0264 14.4699 5
      vertex 58.0264 14.4699 6.2
    endloop
  endfacet
  facet normal -0.903958 -0.427621 0
    outer loop
      vertex 57.6779 14.9915 5
      vertex 57.5436 15.2754 6.2
      vertex 57.5436 15.2754 5
    endloop
  endfacet
  facet normal -0.903958 -0.427621 0
    outer loop
      vertex 57.5436 15.2754 6.2
      vertex 57.6779 14.9915 5
      vertex 57.6779 14.9915 6.2
    endloop
  endfacet
  facet normal 0.146814 0.989164 -0
    outer loop
      vertex 61.1243 19.6385 5
      vertex 60.8137 19.6846 6.2
      vertex 61.1243 19.6385 6.2
    endloop
  endfacet
  facet normal 0.146814 0.989164 0
    outer loop
      vertex 60.8137 19.6846 6.2
      vertex 61.1243 19.6385 5
      vertex 60.8137 19.6846 5
    endloop
  endfacet
  facet normal -0.427621 -0.903958 0
    outer loop
      vertex 58.9915 13.6779 5
      vertex 59.2754 13.5436 6.2
      vertex 58.9915 13.6779 6.2
    endloop
  endfacet
  facet normal -0.427621 -0.903958 -0
    outer loop
      vertex 59.2754 13.5436 6.2
      vertex 58.9915 13.6779 5
      vertex 59.2754 13.5436 5
    endloop
  endfacet
  facet normal 0.595661 -0.803236 0
    outer loop
      vertex 62.2778 13.8393 5
      vertex 62.5301 14.0264 6.2
      vertex 62.2778 13.8393 6.2
    endloop
  endfacet
  facet normal 0.595661 -0.803236 0
    outer loop
      vertex 62.5301 14.0264 6.2
      vertex 62.2778 13.8393 5
      vertex 62.5301 14.0264 5
    endloop
  endfacet
  facet normal 0.998797 -0.0490324 0
    outer loop
      vertex 63.6846 16.1863 6.2
      vertex 63.7 16.5 5
      vertex 63.7 16.5 6.2
    endloop
  endfacet
  facet normal 0.998797 -0.0490324 0
    outer loop
      vertex 63.7 16.5 5
      vertex 63.6846 16.1863 6.2
      vertex 63.6846 16.1863 5
    endloop
  endfacet
  facet normal -0.146814 0.989164 0
    outer loop
      vertex 60.1863 19.6846 5
      vertex 59.8757 19.6385 6.2
      vertex 60.1863 19.6846 6.2
    endloop
  endfacet
  facet normal -0.146814 0.989164 0
    outer loop
      vertex 59.8757 19.6385 6.2
      vertex 60.1863 19.6846 5
      vertex 59.8757 19.6385 5
    endloop
  endfacet
  facet normal -0.989164 -0.146814 0
    outer loop
      vertex 57.3615 15.8757 5
      vertex 57.3154 16.1863 6.2
      vertex 57.3154 16.1863 5
    endloop
  endfacet
  facet normal -0.989164 -0.146814 0
    outer loop
      vertex 57.3154 16.1863 6.2
      vertex 57.3615 15.8757 5
      vertex 57.3615 15.8757 6.2
    endloop
  endfacet
  facet normal 0.336881 -0.941547 0
    outer loop
      vertex 61.4289 13.4378 5
      vertex 61.7246 13.5436 6.2
      vertex 61.4289 13.4378 6.2
    endloop
  endfacet
  facet normal 0.336881 -0.941547 0
    outer loop
      vertex 61.7246 13.5436 6.2
      vertex 61.4289 13.4378 5
      vertex 61.7246 13.5436 5
    endloop
  endfacet
  facet normal 0.242985 -0.97003 0
    outer loop
      vertex 61.1243 13.3615 5
      vertex 61.4289 13.4378 6.2
      vertex 61.1243 13.3615 6.2
    endloop
  endfacet
  facet normal 0.242985 -0.97003 0
    outer loop
      vertex 61.4289 13.4378 6.2
      vertex 61.1243 13.3615 5
      vertex 61.4289 13.4378 5
    endloop
  endfacet
  facet normal -0.740819 -0.671705 0
    outer loop
      vertex 58.2373 14.2373 5
      vertex 58.0264 14.4699 6.2
      vertex 58.0264 14.4699 5
    endloop
  endfacet
  facet normal -0.740819 -0.671705 0
    outer loop
      vertex 58.0264 14.4699 6.2
      vertex 58.2373 14.2373 5
      vertex 58.2373 14.2373 6.2
    endloop
  endfacet
  facet normal -0.903958 0.427621 0
    outer loop
      vertex 57.5436 17.7246 5
      vertex 57.6779 18.0085 6.2
      vertex 57.6779 18.0085 5
    endloop
  endfacet
  facet normal -0.903958 0.427621 0
    outer loop
      vertex 57.6779 18.0085 6.2
      vertex 57.5436 17.7246 5
      vertex 57.5436 17.7246 6.2
    endloop
  endfacet
  facet normal -0.595661 -0.803236 0
    outer loop
      vertex 58.4699 14.0264 5
      vertex 58.7222 13.8393 6.2
      vertex 58.4699 14.0264 6.2
    endloop
  endfacet
  facet normal -0.595661 -0.803236 -0
    outer loop
      vertex 58.7222 13.8393 6.2
      vertex 58.4699 14.0264 5
      vertex 58.7222 13.8393 5
    endloop
  endfacet
  facet normal 0.903958 -0.427621 0
    outer loop
      vertex 63.3221 14.9915 6.2
      vertex 63.4564 15.2754 5
      vertex 63.4564 15.2754 6.2
    endloop
  endfacet
  facet normal 0.903958 -0.427621 0
    outer loop
      vertex 63.4564 15.2754 5
      vertex 63.3221 14.9915 6.2
      vertex 63.3221 14.9915 5
    endloop
  endfacet
  facet normal 0.857746 -0.514074 0
    outer loop
      vertex 63.1607 14.7222 6.2
      vertex 63.3221 14.9915 5
      vertex 63.3221 14.9915 6.2
    endloop
  endfacet
  facet normal 0.857746 -0.514074 0
    outer loop
      vertex 63.3221 14.9915 5
      vertex 63.1607 14.7222 6.2
      vertex 63.1607 14.7222 5
    endloop
  endfacet
  facet normal -0.0490324 -0.998797 0
    outer loop
      vertex 60.1863 13.3154 5
      vertex 60.5 13.3 6.2
      vertex 60.1863 13.3154 6.2
    endloop
  endfacet
  facet normal -0.0490324 -0.998797 -0
    outer loop
      vertex 60.5 13.3 6.2
      vertex 60.1863 13.3154 5
      vertex 60.5 13.3 5
    endloop
  endfacet
  facet normal -0.998797 0.0490324 0
    outer loop
      vertex 57.3 16.5 5
      vertex 57.3154 16.8137 6.2
      vertex 57.3154 16.8137 5
    endloop
  endfacet
  facet normal -0.998797 0.0490324 0
    outer loop
      vertex 57.3154 16.8137 6.2
      vertex 57.3 16.5 5
      vertex 57.3 16.5 6.2
    endloop
  endfacet
  facet normal 0.671705 -0.740819 0
    outer loop
      vertex 62.5301 14.0264 5
      vertex 62.7627 14.2373 6.2
      vertex 62.5301 14.0264 6.2
    endloop
  endfacet
  facet normal 0.671705 -0.740819 0
    outer loop
      vertex 62.7627 14.2373 6.2
      vertex 62.5301 14.0264 5
      vertex 62.7627 14.2373 5
    endloop
  endfacet
  facet normal -0.243159 0.932422 0.267326
    outer loop
      vertex 65.8518 38.829 18.6222
      vertex 65.5758 38.418 19.8047
      vertex 65.8518 38.4845 19.8238
    endloop
  endfacet
  facet normal -0.243068 0.932438 0.267353
    outer loop
      vertex 65.5758 38.418 19.8047
      vertex 65.8518 38.829 18.6222
      vertex 65.5758 38.7625 18.6032
    endloop
  endfacet
  facet normal 0.146592 0.950882 0.272642
    outer loop
      vertex 10.7057 38.3779 19.7932
      vertex 10.4242 38.7625 18.6032
      vertex 10.4242 38.418 19.8047
    endloop
  endfacet
  facet normal 0.146592 0.950882 0.272642
    outer loop
      vertex 10.4242 38.7625 18.6032
      vertex 10.7057 38.3779 19.7932
      vertex 10.7057 38.7224 18.5917
    endloop
  endfacet
  facet normal 0 0.961252 0.275672
    outer loop
      vertex 65.01 38.709 18.5878
      vertex 10.99 38.3644 19.7894
      vertex 65.01 38.3644 19.7894
    endloop
  endfacet
  facet normal 0 0.961252 0.275672
    outer loop
      vertex 10.99 38.3644 19.7894
      vertex 65.01 38.709 18.5878
      vertex 10.99 38.709 18.5878
    endloop
  endfacet
  facet normal -0.146592 0.950882 0.272642
    outer loop
      vertex 65.5758 38.7625 18.6032
      vertex 65.2943 38.3779 19.7932
      vertex 65.5758 38.418 19.8047
    endloop
  endfacet
  facet normal -0.146592 0.950882 0.272642
    outer loop
      vertex 65.2943 38.3779 19.7932
      vertex 65.5758 38.7625 18.6032
      vertex 65.2943 38.7224 18.5917
    endloop
  endfacet
  facet normal 0.337039 -0.90503 -0.259473
    outer loop
      vertex 9.88022 74.7955 30.2358
      vertex 10.1482 75.2322 29.0607
      vertex 10.1482 74.8877 30.2623
    endloop
  endfacet
  facet normal 0.336953 -0.905053 -0.259501
    outer loop
      vertex 10.1482 75.2322 29.0607
      vertex 9.88022 74.7955 30.2358
      vertex 9.88022 75.14 29.0343
    endloop
  endfacet
  facet normal -0.671431 -0.712348 -0.204307
    outer loop
      vertex 66.8497 74.7195 28.9137
      vertex 67.0606 74.1912 30.0626
      vertex 66.8497 74.3749 30.1152
    endloop
  endfacet
  facet normal -0.671484 -0.712306 -0.204278
    outer loop
      vertex 67.0606 74.1912 30.0626
      vertex 66.8497 74.7195 28.9137
      vertex 67.0606 74.5358 28.861
    endloop
  endfacet
  facet normal 0.741003 0.645479 0.185129
    outer loop
      vertex 8.74828 39.3836 20.0816
      vertex 8.93939 39.5255 18.8219
      vertex 8.74828 39.7282 18.8801
    endloop
  endfacet
  facet normal 0.740959 0.645529 0.185128
    outer loop
      vertex 8.93939 39.5255 18.8219
      vertex 8.74828 39.3836 20.0816
      vertex 8.93939 39.1809 20.0235
    endloop
  endfacet
  facet normal -0.998789 -0.0472916 -0.0135585
    outer loop
      vertex 67.91 72.5646 28.2957
      vertex 67.896 72.4933 29.5757
      vertex 67.896 72.8378 28.3741
    endloop
  endfacet
  facet normal -0.99879 -0.0472746 -0.0135576
    outer loop
      vertex 67.896 72.4933 29.5757
      vertex 67.91 72.5646 28.2957
      vertex 67.91 72.22 29.4973
    endloop
  endfacet
  facet normal -0.0492699 0.960099 0.275284
    outer loop
      vertex 65.2943 38.7224 18.5917
      vertex 65.01 38.3644 19.7894
      vertex 65.2943 38.3779 19.7932
    endloop
  endfacet
  facet normal -0.0490296 0.960096 0.27534
    outer loop
      vertex 65.01 38.3644 19.7894
      vertex 65.2943 38.7224 18.5917
      vertex 65.01 38.709 18.5878
    endloop
  endfacet
  facet normal 0.336654 0.905136 0.2596
    outer loop
      vertex 10.1482 38.4845 19.8238
      vertex 9.88022 38.9212 18.6487
      vertex 9.88022 38.5766 19.8502
    endloop
  endfacet
  facet normal 0.337039 0.90503 0.259473
    outer loop
      vertex 9.88022 38.9212 18.6487
      vertex 10.1482 38.4845 19.8238
      vertex 10.1482 38.829 18.6222
    endloop
  endfacet
  facet normal -0.969997 -0.233703 -0.067003
    outer loop
      vertex 67.8543 73.1084 28.4517
      vertex 67.7851 73.0293 29.7294
      vertex 67.7851 73.3738 28.5278
    endloop
  endfacet
  facet normal -0.969997 -0.233703 -0.067003
    outer loop
      vertex 67.7851 73.0293 29.7294
      vertex 67.8543 73.1084 28.4517
      vertex 67.8543 72.7639 29.6533
    endloop
  endfacet
  facet normal -0.740976 -0.64551 -0.185122
    outer loop
      vertex 67.2517 74.3331 28.8029
      vertex 67.0606 74.1912 30.0626
      vertex 67.0606 74.5358 28.861
    endloop
  endfacet
  facet normal -0.74102 -0.64546 -0.185123
    outer loop
      vertex 67.0606 74.1912 30.0626
      vertex 67.2517 74.3331 28.8029
      vertex 67.2517 73.9885 30.0044
    endloop
  endfacet
  facet normal 0.0490296 -0.960117 -0.275267
    outer loop
      vertex 10.7057 74.9943 30.2928
      vertex 10.99 75.3522 29.0951
      vertex 10.99 75.0077 30.2967
    endloop
  endfacet
  facet normal 0.0490296 -0.960117 -0.275267
    outer loop
      vertex 10.99 75.3522 29.0951
      vertex 10.7057 74.9943 30.2928
      vertex 10.7057 75.3388 29.0912
    endloop
  endfacet
  facet normal 0.98918 -0.141023 -0.0404314
    outer loop
      vertex 8.14572 72.7639 29.6533
      vertex 8.10397 72.8378 28.3741
      vertex 8.14572 73.1084 28.4517
    endloop
  endfacet
  facet normal 0.98918 -0.141023 -0.0404314
    outer loop
      vertex 8.10397 72.8378 28.3741
      vertex 8.14572 72.7639 29.6533
      vertex 8.10397 72.4933 29.5757
    endloop
  endfacet
  facet normal -1 0 0
    outer loop
      vertex 67.91 41.4966 19.3872
      vertex 67.91 72.22 29.4973
      vertex 67.91 72.5646 28.2957
    endloop
  endfacet
  facet normal -1 0 0
    outer loop
      vertex 67.91 72.22 29.4973
      vertex 67.91 41.4966 19.3872
      vertex 67.91 41.1521 20.5887
    endloop
  endfacet
  facet normal 1 0 0
    outer loop
      vertex 8.09001 72.22 29.4973
      vertex 8.09001 41.4966 19.3872
      vertex 8.09001 72.5646 28.2957
    endloop
  endfacet
  facet normal 1 0 -0
    outer loop
      vertex 8.09001 41.4966 19.3872
      vertex 8.09001 72.22 29.4973
      vertex 8.09001 41.1521 20.5887
    endloop
  endfacet
  facet normal -0.427713 -0.868903 -0.249136
    outer loop
      vertex 66.1198 75.14 29.0343
      vertex 66.377 74.6785 30.2023
      vertex 66.1198 74.7955 30.2358
    endloop
  endfacet
  facet normal -0.427516 -0.868979 -0.24921
    outer loop
      vertex 66.377 74.6785 30.2023
      vertex 66.1198 75.14 29.0343
      vertex 66.377 75.0231 29.0007
    endloop
  endfacet
  facet normal 0.941531 -0.32387 -0.0928808
    outer loop
      vertex 8.31076 73.2868 29.8032
      vertex 8.21487 73.3738 28.5278
      vertex 8.31076 73.6314 28.6016
    endloop
  endfacet
  facet normal 0.941493 -0.32398 -0.0928854
    outer loop
      vertex 8.21487 73.3738 28.5278
      vertex 8.31076 73.2868 29.8032
      vertex 8.21487 73.0293 29.7294
    endloop
  endfacet
  facet normal -0.146923 -0.950841 -0.272607
    outer loop
      vertex 65.2943 75.3388 29.0912
      vertex 65.5758 74.9541 30.2813
      vertex 65.2943 74.9943 30.2928
    endloop
  endfacet
  facet normal -0.146592 -0.950867 -0.272694
    outer loop
      vertex 65.5758 74.9541 30.2813
      vertex 65.2943 75.3388 29.0912
      vertex 65.5758 75.2987 29.0797
    endloop
  endfacet
  facet normal 0.513967 -0.824571 -0.236474
    outer loop
      vertex 9.37885 74.5379 30.162
      vertex 9.62296 75.0231 29.0007
      vertex 9.62296 74.6785 30.2023
    endloop
  endfacet
  facet normal 0.514216 -0.824446 -0.23637
    outer loop
      vertex 9.62296 75.0231 29.0007
      vertex 9.37885 74.5379 30.162
      vertex 9.37885 74.8824 28.9604
    endloop
  endfacet
  facet normal 0.243159 0.932422 0.267326
    outer loop
      vertex 10.4242 38.418 19.8047
      vertex 10.1482 38.829 18.6222
      vertex 10.1482 38.4845 19.8238
    endloop
  endfacet
  facet normal 0.243068 0.932438 0.267353
    outer loop
      vertex 10.1482 38.829 18.6222
      vertex 10.4242 38.418 19.8047
      vertex 10.4242 38.7625 18.6032
    endloop
  endfacet
  facet normal 0.671466 -0.712317 -0.204298
    outer loop
      vertex 8.93939 74.1912 30.0626
      vertex 9.15027 74.7195 28.9137
      vertex 9.15027 74.3749 30.1152
    endloop
  endfacet
  facet normal 0.671519 -0.712275 -0.204269
    outer loop
      vertex 9.15027 74.7195 28.9137
      vertex 8.93939 74.1912 30.0626
      vertex 8.93939 74.5358 28.861
    endloop
  endfacet
  facet normal 0.595833 -0.772006 -0.221335
    outer loop
      vertex 9.15027 74.3749 30.1152
      vertex 9.37885 74.8824 28.9604
      vertex 9.37885 74.5379 30.162
    endloop
  endfacet
  facet normal 0.595553 -0.772184 -0.221469
    outer loop
      vertex 9.37885 74.8824 28.9604
      vertex 9.15027 74.3749 30.1152
      vertex 9.15027 74.7195 28.9137
    endloop
  endfacet
  facet normal 0.513967 0.824571 0.236474
    outer loop
      vertex 9.62296 38.6936 19.8838
      vertex 9.37885 39.1788 18.7225
      vertex 9.37885 38.8342 19.9241
    endloop
  endfacet
  facet normal 0.514216 0.824446 0.23637
    outer loop
      vertex 9.37885 39.1788 18.7225
      vertex 9.62296 38.6936 19.8838
      vertex 9.62296 39.0381 18.6822
    endloop
  endfacet
  facet normal 0 -0.961273 -0.275598
    outer loop
      vertex 10.99 75.3522 29.0951
      vertex 65.01 75.0077 30.2967
      vertex 10.99 75.0077 30.2967
    endloop
  endfacet
  facet normal 0 -0.961273 -0.275598
    outer loop
      vertex 65.01 75.0077 30.2967
      vertex 10.99 75.3522 29.0951
      vertex 65.01 75.3522 29.0951
    endloop
  endfacet
  facet normal 0.998796 0.0471565 0.0135209
    outer loop
      vertex 8.09001 41.1521 20.5887
      vertex 8.10397 41.2234 19.3088
      vertex 8.09001 41.4966 19.3872
    endloop
  endfacet
  facet normal 0.998797 0.0471444 0.0135203
    outer loop
      vertex 8.10397 41.2234 19.3088
      vertex 8.09001 41.1521 20.5887
      vertex 8.10397 40.8788 20.5104
    endloop
  endfacet
  facet normal -0.671484 0.712306 0.204278
    outer loop
      vertex 67.0606 39.5255 18.8219
      vertex 66.8497 38.9972 19.9708
      vertex 67.0606 39.1809 20.0235
    endloop
  endfacet
  facet normal -0.671616 0.712202 0.204206
    outer loop
      vertex 66.8497 38.9972 19.9708
      vertex 67.0606 39.5255 18.8219
      vertex 66.8497 39.3417 18.7693
    endloop
  endfacet
  facet normal 0.970038 -0.233544 -0.0669574
    outer loop
      vertex 8.21487 73.0293 29.7294
      vertex 8.14572 73.1084 28.4517
      vertex 8.21487 73.3738 28.5278
    endloop
  endfacet
  facet normal 0.970038 -0.233544 -0.0669574
    outer loop
      vertex 8.14572 73.1084 28.4517
      vertex 8.21487 73.0293 29.7294
      vertex 8.14572 72.7639 29.6533
    endloop
  endfacet
  facet normal 0.24275 -0.9325 -0.267426
    outer loop
      vertex 10.1482 74.8877 30.2623
      vertex 10.4242 75.2987 29.0797
      vertex 10.4242 74.9541 30.2813
    endloop
  endfacet
  facet normal 0.243068 -0.932444 -0.267333
    outer loop
      vertex 10.4242 75.2987 29.0797
      vertex 10.1482 74.8877 30.2623
      vertex 10.1482 75.2322 29.0607
    endloop
  endfacet
  facet normal -0.336632 0.905144 0.259603
    outer loop
      vertex 66.1198 38.9212 18.6487
      vertex 65.8518 38.4845 19.8238
      vertex 66.1198 38.5766 19.8502
    endloop
  endfacet
  facet normal -0.337017 0.905037 0.259475
    outer loop
      vertex 65.8518 38.4845 19.8238
      vertex 66.1198 38.9212 18.6487
      vertex 65.8518 38.829 18.6222
    endloop
  endfacet
  facet normal 0.998796 -0.0471568 -0.0135199
    outer loop
      vertex 8.10397 72.4933 29.5757
      vertex 8.09001 72.5646 28.2957
      vertex 8.10397 72.8378 28.3741
    endloop
  endfacet
  facet normal 0.998797 -0.0471398 -0.013519
    outer loop
      vertex 8.09001 72.5646 28.2957
      vertex 8.10397 72.4933 29.5757
      vertex 8.09001 72.22 29.4973
    endloop
  endfacet
  facet normal -5.65442e-05 -0.275839 0.961204
    outer loop
      vertex 62.61 74.1411 28.7478
      vertex 67.91 72.5646 28.2957
      vertex 67.896 72.8378 28.3741
    endloop
  endfacet
  facet normal 9.29707e-06 -0.275634 0.961263
    outer loop
      vertex 67.91 72.5646 28.2957
      vertex 62.61 74.1411 28.7478
      vertex 67.91 41.4966 19.3872
    endloop
  endfacet
  facet normal -8.98354e-06 -0.275661 0.961255
    outer loop
      vertex 62.61 74.1411 28.7478
      vertex 67.896 72.8378 28.3741
      vertex 67.8543 73.1084 28.4517
    endloop
  endfacet
  facet normal -1.34016e-05 -0.275638 0.961262
    outer loop
      vertex 62.61 39.9202 18.9351
      vertex 67.91 41.4966 19.3872
      vertex 62.61 74.1411 28.7478
    endloop
  endfacet
  facet normal -2.56992e-06 -0.275631 0.961264
    outer loop
      vertex 62.61 74.1411 28.7478
      vertex 67.8543 73.1084 28.4517
      vertex 67.7851 73.3738 28.5278
    endloop
  endfacet
  facet normal 5.12592e-05 -0.275839 0.961204
    outer loop
      vertex 67.91 41.4966 19.3872
      vertex 62.61 39.9202 18.9351
      vertex 67.896 41.2234 19.3088
    endloop
  endfacet
  facet normal 3.45447e-05 -0.275399 0.96133
    outer loop
      vertex 62.61 74.1411 28.7478
      vertex 67.7851 73.3738 28.5278
      vertex 67.6892 73.6314 28.6016
    endloop
  endfacet
  facet normal 3.56267e-06 -0.27566 0.961255
    outer loop
      vertex 67.896 41.2234 19.3088
      vertex 62.61 39.9202 18.9351
      vertex 67.8543 40.9528 19.2312
    endloop
  endfacet
  facet normal -2.69167e-05 -0.275965 0.961168
    outer loop
      vertex 62.61 74.1411 28.7478
      vertex 67.6892 73.6314 28.6016
      vertex 67.5676 73.8787 28.6726
    endloop
  endfacet
  facet normal -2.97032e-06 -0.275629 0.961264
    outer loop
      vertex 67.8543 40.9528 19.2312
      vertex 62.61 39.9202 18.9351
      vertex 67.7851 40.6874 19.1551
    endloop
  endfacet
  facet normal 7.38547e-06 -0.275366 0.961339
    outer loop
      vertex 62.61 74.1411 28.7478
      vertex 67.5676 73.8787 28.6726
      vertex 67.4212 74.1133 28.7398
    endloop
  endfacet
  facet normal -4.01772e-05 -0.275397 0.961331
    outer loop
      vertex 67.7851 40.6874 19.1551
      vertex 62.61 39.9202 18.9351
      vertex 67.6892 40.4298 19.0813
    endloop
  endfacet
  facet normal 3.85278e-06 -0.275931 0.961177
    outer loop
      vertex 62.61 74.1411 28.7478
      vertex 67.4212 74.1133 28.7398
      vertex 67.2517 74.3331 28.8029
    endloop
  endfacet
  facet normal 2.12016e-05 -0.275963 0.961168
    outer loop
      vertex 67.6892 40.4298 19.0813
      vertex 62.61 39.9202 18.9351
      vertex 67.5676 40.1825 19.0103
    endloop
  endfacet
  facet normal -1.33441e-05 -0.275547 0.961288
    outer loop
      vertex 62.61 74.1411 28.7478
      vertex 67.2517 74.3331 28.8029
      vertex 67.0606 74.5358 28.861
    endloop
  endfacet
  facet normal -1.31296e-05 -0.275363 0.96134
    outer loop
      vertex 67.5676 40.1825 19.0103
      vertex 62.61 39.9202 18.9351
      vertex 67.4212 39.9479 18.9431
    endloop
  endfacet
  facet normal 6.24232e-06 -0.275751 0.961229
    outer loop
      vertex 62.61 74.1411 28.7478
      vertex 67.0606 74.5358 28.861
      vertex 66.8497 74.7195 28.9137
    endloop
  endfacet
  facet normal -1.14183e-05 -0.275637 0.961262
    outer loop
      vertex 67.4212 39.9479 18.9431
      vertex 62.61 39.9202 18.9351
      vertex 67.2517 39.7282 18.8801
    endloop
  endfacet
  facet normal -1.61573e-05 -0.275599 0.961273
    outer loop
      vertex 62.61 74.1411 28.7478
      vertex 66.8497 74.7195 28.9137
      vertex 66.6212 74.8824 28.9604
    endloop
  endfacet
  facet normal -2.54657e-05 -0.275951 0.961172
    outer loop
      vertex 67.2517 39.7282 18.8801
      vertex 62.61 39.9202 18.9351
      vertex 67.0606 39.5255 18.8219
    endloop
  endfacet
  facet normal -4.9562e-05 -0.275432 0.96132
    outer loop
      vertex 62.61 74.1411 28.7478
      vertex 66.6212 74.8824 28.9604
      vertex 66.377 75.0231 29.0007
    endloop
  endfacet
  facet normal 4.79382e-05 -0.275186 0.961391
    outer loop
      vertex 67.0606 39.5255 18.8219
      vertex 62.61 39.9202 18.9351
      vertex 66.8497 39.3417 18.7693
    endloop
  endfacet
  facet normal 0.000102552 -0.276033 0.961148
    outer loop
      vertex 62.61 74.1411 28.7478
      vertex 66.377 75.0231 29.0007
      vertex 66.1198 75.14 29.0343
    endloop
  endfacet
  facet normal -7.59029e-05 -0.276025 0.96115
    outer loop
      vertex 66.8497 39.3417 18.7693
      vertex 62.61 39.9202 18.9351
      vertex 66.6212 39.1788 18.7225
    endloop
  endfacet
  facet normal -7.20851e-05 -0.275466 0.961311
    outer loop
      vertex 62.61 74.1411 28.7478
      vertex 66.1198 75.14 29.0343
      vertex 65.8518 75.2322 29.0607
    endloop
  endfacet
  facet normal 4.43632e-05 -0.275424 0.961323
    outer loop
      vertex 66.6212 39.1788 18.7225
      vertex 62.61 39.9202 18.9351
      vertex 66.377 39.0381 18.6822
    endloop
  endfacet
  facet normal -0.000143166 -0.27527 0.961367
    outer loop
      vertex 62.61 74.1411 28.7478
      vertex 65.8518 75.2322 29.0607
      vertex 65.5758 75.2987 29.0797
    endloop
  endfacet
  facet normal 1.96801e-05 -0.275521 0.961295
    outer loop
      vertex 66.377 39.0381 18.6822
      vertex 62.61 39.9202 18.9351
      vertex 66.1198 38.9212 18.6487
    endloop
  endfacet
  facet normal 6.9373e-06 -0.275626 0.961265
    outer loop
      vertex 62.61 74.1411 28.7478
      vertex 65.5758 75.2987 29.0797
      vertex 65.2943 75.3388 29.0912
    endloop
  endfacet
  facet normal -0.000109586 -0.275941 0.961175
    outer loop
      vertex 66.1198 38.9212 18.6487
      vertex 62.61 39.9202 18.9351
      vertex 65.8518 38.829 18.6222
    endloop
  endfacet
  facet normal 0.000177361 -0.275979 0.961164
    outer loop
      vertex 62.61 74.1411 28.7478
      vertex 65.2943 75.3388 29.0912
      vertex 65.01 75.3522 29.0951
    endloop
  endfacet
  facet normal 0.000139624 -0.275257 0.961371
    outer loop
      vertex 65.8518 38.829 18.6222
      vertex 62.61 39.9202 18.9351
      vertex 65.5758 38.7625 18.6032
    endloop
  endfacet
  facet normal -9.42207e-06 -0.27561 0.96127
    outer loop
      vertex 65.5758 38.7625 18.6032
      vertex 62.61 39.9202 18.9351
      vertex 65.2943 38.7224 18.5917
    endloop
  endfacet
  facet normal 0 -0.275654 0.961257
    outer loop
      vertex 65.01 75.3522 29.0951
      vertex 13.81 74.1411 28.7478
      vertex 62.61 74.1411 28.7478
    endloop
  endfacet
  facet normal -1.67855e-06 -0.275658 0.961256
    outer loop
      vertex 8.09001 72.5646 28.2957
      vertex 13.81 74.1411 28.7478
      vertex 10.99 75.3522 29.0951
    endloop
  endfacet
  facet normal 0 -0.275654 0.961257
    outer loop
      vertex 10.99 75.3522 29.0951
      vertex 13.81 74.1411 28.7478
      vertex 65.01 75.3522 29.0951
    endloop
  endfacet
  facet normal -0.000178344 -0.275959 0.961169
    outer loop
      vertex 65.2943 38.7224 18.5917
      vertex 62.61 39.9202 18.9351
      vertex 65.01 38.709 18.5878
    endloop
  endfacet
  facet normal 0 -0.275633 0.961263
    outer loop
      vertex 13.81 39.9202 18.9351
      vertex 65.01 38.709 18.5878
      vertex 62.61 39.9202 18.9351
    endloop
  endfacet
  facet normal 0 -0.275633 0.961263
    outer loop
      vertex 13.81 39.9202 18.9351
      vertex 10.99 38.709 18.5878
      vertex 65.01 38.709 18.5878
    endloop
  endfacet
  facet normal -7.59872e-06 -0.275638 0.961262
    outer loop
      vertex 13.81 74.1411 28.7478
      vertex 8.09001 72.5646 28.2957
      vertex 13.81 39.9202 18.9351
    endloop
  endfacet
  facet normal -0.000203677 -0.275463 0.961312
    outer loop
      vertex 8.09001 72.5646 28.2957
      vertex 10.99 75.3522 29.0951
      vertex 10.7057 75.3388 29.0912
    endloop
  endfacet
  facet normal 1.34332e-05 -0.275634 0.961263
    outer loop
      vertex 8.09001 41.4966 19.3872
      vertex 13.81 39.9202 18.9351
      vertex 8.09001 72.5646 28.2957
    endloop
  endfacet
  facet normal -5.33207e-06 -0.275636 0.961262
    outer loop
      vertex 8.09001 72.5646 28.2957
      vertex 10.7057 75.3388 29.0912
      vertex 10.4242 75.2987 29.0797
    endloop
  endfacet
  facet normal 8.43483e-06 -0.275651 0.961258
    outer loop
      vertex 13.81 39.9202 18.9351
      vertex 8.09001 41.4966 19.3872
      vertex 10.99 38.709 18.5878
    endloop
  endfacet
  facet normal 0.000301642 -0.275878 0.961193
    outer loop
      vertex 8.09001 72.5646 28.2957
      vertex 10.4242 75.2987 29.0797
      vertex 10.1482 75.2322 29.0607
    endloop
  endfacet
  facet normal 0.000203677 -0.275463 0.961312
    outer loop
      vertex 10.99 38.709 18.5878
      vertex 8.09001 41.4966 19.3872
      vertex 10.7057 38.7224 18.5917
    endloop
  endfacet
  facet normal 0.000198357 -0.275805 0.961214
    outer loop
      vertex 8.09001 72.5646 28.2957
      vertex 10.1482 75.2322 29.0607
      vertex 9.88022 75.14 29.0343
    endloop
  endfacet
  facet normal 5.33207e-06 -0.275636 0.961262
    outer loop
      vertex 10.7057 38.7224 18.5917
      vertex 8.09001 41.4966 19.3872
      vertex 10.4242 38.7625 18.6032
    endloop
  endfacet
  facet normal -0.000405296 -0.275417 0.961325
    outer loop
      vertex 8.09001 72.5646 28.2957
      vertex 9.88022 75.14 29.0343
      vertex 9.62296 75.0231 29.0007
    endloop
  endfacet
  facet normal -0.000301642 -0.275878 0.961193
    outer loop
      vertex 10.4242 38.7625 18.6032
      vertex 8.09001 41.4966 19.3872
      vertex 10.1482 38.829 18.6222
    endloop
  endfacet
  facet normal 0.000289894 -0.275818 0.96121
    outer loop
      vertex 8.09001 72.5646 28.2957
      vertex 9.62296 75.0231 29.0007
      vertex 9.37885 74.8824 28.9604
    endloop
  endfacet
  facet normal 0.000289988 -0.275457 0.961313
    outer loop
      vertex 10.1482 38.829 18.6222
      vertex 8.09001 41.4966 19.3872
      vertex 9.88022 38.9212 18.6487
    endloop
  endfacet
  facet normal 0.000115312 -0.275728 0.961236
    outer loop
      vertex 8.09001 72.5646 28.2957
      vertex 9.37885 74.8824 28.9604
      vertex 9.15027 74.7195 28.9137
    endloop
  endfacet
  facet normal -0.000116107 -0.275717 0.961239
    outer loop
      vertex 9.88022 38.9212 18.6487
      vertex 8.09001 41.4966 19.3872
      vertex 9.62296 39.0381 18.6822
    endloop
  endfacet
  facet normal -0.000135608 -0.275614 0.961268
    outer loop
      vertex 8.09001 72.5646 28.2957
      vertex 9.15027 74.7195 28.9137
      vertex 8.93939 74.5358 28.861
    endloop
  endfacet
  facet normal -0.000289894 -0.275818 0.96121
    outer loop
      vertex 9.62296 39.0381 18.6822
      vertex 8.09001 41.4966 19.3872
      vertex 9.37885 39.1788 18.7225
    endloop
  endfacet
  facet normal 0.00028003 -0.275779 0.961221
    outer loop
      vertex 8.09001 72.5646 28.2957
      vertex 8.93939 74.5358 28.861
      vertex 8.74828 74.3331 28.8029
    endloop
  endfacet
  facet normal 0.00058131 -0.27537 0.961338
    outer loop
      vertex 9.37885 39.1788 18.7225
      vertex 8.09001 41.4966 19.3872
      vertex 9.15027 39.3417 18.7693
    endloop
  endfacet
  facet normal -0.000680368 -0.275449 0.961315
    outer loop
      vertex 8.09001 72.5646 28.2957
      vertex 8.74828 74.3331 28.8029
      vertex 8.57875 74.1133 28.7398
    endloop
  endfacet
  facet normal -0.00082314 -0.276008 0.961155
    outer loop
      vertex 9.15027 39.3417 18.7693
      vertex 8.09001 41.4966 19.3872
      vertex 8.93939 39.5255 18.8219
    endloop
  endfacet
  facet normal 0.000972104 -0.275931 0.961177
    outer loop
      vertex 8.09001 72.5646 28.2957
      vertex 8.57875 74.1133 28.7398
      vertex 8.43243 73.8787 28.6726
    endloop
  endfacet
  facet normal 0.000619063 -0.275434 0.96132
    outer loop
      vertex 8.93939 39.5255 18.8219
      vertex 8.09001 41.4966 19.3872
      vertex 8.74828 39.7282 18.8801
    endloop
  endfacet
  facet normal -0.00119811 -0.275408 0.961327
    outer loop
      vertex 8.09001 72.5646 28.2957
      vertex 8.43243 73.8787 28.6726
      vertex 8.31076 73.6314 28.6016
    endloop
  endfacet
  facet normal -4.15043e-06 -0.275649 0.961258
    outer loop
      vertex 8.74828 39.7282 18.8801
      vertex 8.09001 41.4966 19.3872
      vertex 8.57875 39.9479 18.9431
    endloop
  endfacet
  facet normal 0.00148101 -0.27592 0.961179
    outer loop
      vertex 8.09001 72.5646 28.2957
      vertex 8.31076 73.6314 28.6016
      vertex 8.21487 73.3738 28.5278
    endloop
  endfacet
  facet normal -0.000972104 -0.275931 0.961177
    outer loop
      vertex 8.57875 39.9479 18.9431
      vertex 8.09001 41.4966 19.3872
      vertex 8.43243 40.1825 19.0103
    endloop
  endfacet
  facet normal 0.00080963 -0.275825 0.961208
    outer loop
      vertex 8.09001 72.5646 28.2957
      vertex 8.21487 73.3738 28.5278
      vertex 8.14572 73.1084 28.4517
    endloop
  endfacet
  facet normal 0.00119811 -0.275408 0.961327
    outer loop
      vertex 8.43243 40.1825 19.0103
      vertex 8.09001 41.4966 19.3872
      vertex 8.31076 40.4298 19.0813
    endloop
  endfacet
  facet normal 0.00185469 -0.275923 0.961178
    outer loop
      vertex 8.09001 72.5646 28.2957
      vertex 8.14572 73.1084 28.4517
      vertex 8.10397 72.8378 28.3741
    endloop
  endfacet
  facet normal -0.00148101 -0.27592 0.961179
    outer loop
      vertex 8.31076 40.4298 19.0813
      vertex 8.09001 41.4966 19.3872
      vertex 8.21487 40.6874 19.1551
    endloop
  endfacet
  facet normal -0.00080963 -0.275825 0.961208
    outer loop
      vertex 8.21487 40.6874 19.1551
      vertex 8.09001 41.4966 19.3872
      vertex 8.14572 40.9528 19.2312
    endloop
  endfacet
  facet normal -0.00185469 -0.275923 0.961178
    outer loop
      vertex 8.14572 40.9528 19.2312
      vertex 8.09001 41.4966 19.3872
      vertex 8.10397 41.2234 19.3088
    endloop
  endfacet
  facet normal 0.80317 0.572663 0.164244
    outer loop
      vertex 8.57875 39.6033 20.1446
      vertex 8.74828 39.7282 18.8801
      vertex 8.57875 39.9479 18.9431
    endloop
  endfacet
  facet normal 0.80317 0.572663 0.164244
    outer loop
      vertex 8.74828 39.7282 18.8801
      vertex 8.57875 39.6033 20.1446
      vertex 8.74828 39.3836 20.0816
    endloop
  endfacet
  facet normal 0.146923 -0.950841 -0.272607
    outer loop
      vertex 10.4242 74.9541 30.2813
      vertex 10.7057 75.3388 29.0912
      vertex 10.7057 74.9943 30.2928
    endloop
  endfacet
  facet normal 0.146592 -0.950867 -0.272694
    outer loop
      vertex 10.7057 75.3388 29.0912
      vertex 10.4242 74.9541 30.2813
      vertex 10.4242 75.2987 29.0797
    endloop
  endfacet
  facet normal 0.904015 -0.410932 -0.117859
    outer loop
      vertex 8.43243 73.5341 29.8741
      vertex 8.31076 73.6314 28.6016
      vertex 8.43243 73.8787 28.6726
    endloop
  endfacet
  facet normal 0.903998 -0.410971 -0.11786
    outer loop
      vertex 8.31076 73.6314 28.6016
      vertex 8.43243 73.5341 29.8741
      vertex 8.31076 73.2868 29.8032
    endloop
  endfacet
  facet normal 0.803324 -0.572463 -0.164187
    outer loop
      vertex 8.74828 73.9885 30.0044
      vertex 8.57875 74.1133 28.7398
      vertex 8.74828 74.3331 28.8029
    endloop
  endfacet
  facet normal 0.80317 -0.572679 -0.164188
    outer loop
      vertex 8.57875 74.1133 28.7398
      vertex 8.74828 73.9885 30.0044
      vertex 8.57875 73.7688 29.9414
    endloop
  endfacet
  facet normal 0.42771 0.86891 0.249117
    outer loop
      vertex 9.88022 38.5766 19.8502
      vertex 9.62296 39.0381 18.6822
      vertex 9.62296 38.6936 19.8838
    endloop
  endfacet
  facet normal 0.427355 0.869047 0.24925
    outer loop
      vertex 9.62296 39.0381 18.6822
      vertex 9.88022 38.5766 19.8502
      vertex 9.88022 38.9212 18.6487
    endloop
  endfacet
  facet normal -0.857525 -0.494519 -0.141779
    outer loop
      vertex 67.5676 73.8787 28.6726
      vertex 67.4212 73.7688 29.9414
      vertex 67.4212 74.1133 28.7398
    endloop
  endfacet
  facet normal -0.85764 -0.494321 -0.141775
    outer loop
      vertex 67.4212 73.7688 29.9414
      vertex 67.5676 73.8787 28.6726
      vertex 67.5676 73.5341 29.8741
    endloop
  endfacet
  facet normal -0.24275 -0.9325 -0.267426
    outer loop
      vertex 65.5758 75.2987 29.0797
      vertex 65.8518 74.8877 30.2623
      vertex 65.5758 74.9541 30.2813
    endloop
  endfacet
  facet normal -0.243068 -0.932444 -0.267333
    outer loop
      vertex 65.8518 74.8877 30.2623
      vertex 65.5758 75.2987 29.0797
      vertex 65.8518 75.2322 29.0607
    endloop
  endfacet
  facet normal -0.0490296 -0.960117 -0.275267
    outer loop
      vertex 65.01 75.3522 29.0951
      vertex 65.2943 74.9943 30.2928
      vertex 65.01 75.0077 30.2967
    endloop
  endfacet
  facet normal -0.0490296 -0.960117 -0.275267
    outer loop
      vertex 65.2943 74.9943 30.2928
      vertex 65.01 75.3522 29.0951
      vertex 65.2943 75.3388 29.0912
    endloop
  endfacet
  facet normal -0.803374 -0.572397 -0.164168
    outer loop
      vertex 67.4212 74.1133 28.7398
      vertex 67.2517 73.9885 30.0044
      vertex 67.2517 74.3331 28.8029
    endloop
  endfacet
  facet normal -0.80322 -0.572613 -0.164169
    outer loop
      vertex 67.2517 73.9885 30.0044
      vertex 67.4212 74.1133 28.7398
      vertex 67.4212 73.7688 29.9414
    endloop
  endfacet
  facet normal -0.595968 -0.77191 -0.221308
    outer loop
      vertex 66.6212 74.8824 28.9604
      vertex 66.8497 74.3749 30.1152
      vertex 66.6212 74.5379 30.162
    endloop
  endfacet
  facet normal -0.595687 -0.772088 -0.221441
    outer loop
      vertex 66.8497 74.3749 30.1152
      vertex 66.6212 74.8824 28.9604
      vertex 66.8497 74.7195 28.9137
    endloop
  endfacet
  facet normal -0.969997 0.233698 0.0670209
    outer loop
      vertex 67.7851 40.6874 19.1551
      vertex 67.8543 40.6082 20.4328
      vertex 67.8543 40.9528 19.2312
    endloop
  endfacet
  facet normal -0.969977 0.23378 0.0670249
    outer loop
      vertex 67.8543 40.6082 20.4328
      vertex 67.7851 40.6874 19.1551
      vertex 67.7851 40.3429 20.3567
    endloop
  endfacet
  facet normal -0.513828 0.824651 0.236497
    outer loop
      vertex 66.6212 39.1788 18.7225
      vertex 66.377 38.6936 19.8838
      vertex 66.6212 38.8342 19.9241
    endloop
  endfacet
  facet normal -0.514077 0.824526 0.236393
    outer loop
      vertex 66.377 38.6936 19.8838
      vertex 66.6212 39.1788 18.7225
      vertex 66.377 39.0381 18.6822
    endloop
  endfacet
  facet normal 0.970038 0.233539 0.0669754
    outer loop
      vertex 8.14572 40.6082 20.4328
      vertex 8.21487 40.6874 19.1551
      vertex 8.14572 40.9528 19.2312
    endloop
  endfacet
  facet normal 0.970018 0.233621 0.0669794
    outer loop
      vertex 8.21487 40.6874 19.1551
      vertex 8.14572 40.6082 20.4328
      vertex 8.21487 40.3429 20.3567
    endloop
  endfacet
  facet normal -0.513828 -0.824651 -0.236497
    outer loop
      vertex 66.377 75.0231 29.0007
      vertex 66.6212 74.5379 30.162
      vertex 66.377 74.6785 30.2023
    endloop
  endfacet
  facet normal -0.514077 -0.824526 -0.236393
    outer loop
      vertex 66.6212 74.5379 30.162
      vertex 66.377 75.0231 29.0007
      vertex 66.6212 74.8824 28.9604
    endloop
  endfacet
  facet normal 0.427631 -0.86894 -0.249147
    outer loop
      vertex 9.62296 74.6785 30.2023
      vertex 9.88022 75.14 29.0343
      vertex 9.88022 74.7955 30.2358
    endloop
  endfacet
  facet normal 0.427434 -0.869016 -0.24922
    outer loop
      vertex 9.88022 75.14 29.0343
      vertex 9.62296 74.6785 30.2023
      vertex 9.62296 75.0231 29.0007
    endloop
  endfacet
  facet normal 0.857649 -0.49432 -0.141722
    outer loop
      vertex 8.57875 73.7688 29.9414
      vertex 8.43243 73.8787 28.6726
      vertex 8.57875 74.1133 28.7398
    endloop
  endfacet
  facet normal 0.857764 -0.494122 -0.141718
    outer loop
      vertex 8.43243 73.8787 28.6726
      vertex 8.57875 73.7688 29.9414
      vertex 8.43243 73.5341 29.8741
    endloop
  endfacet
  facet normal 0.941531 0.323877 0.0928559
    outer loop
      vertex 8.21487 40.3429 20.3567
      vertex 8.31076 40.4298 19.0813
      vertex 8.21487 40.6874 19.1551
    endloop
  endfacet
  facet normal 0.941542 0.323845 0.0928545
    outer loop
      vertex 8.31076 40.4298 19.0813
      vertex 8.21487 40.3429 20.3567
      vertex 8.31076 40.0853 20.2828
    endloop
  endfacet
  facet normal -0.337017 -0.905037 -0.259475
    outer loop
      vertex 65.8518 75.2322 29.0607
      vertex 66.1198 74.7955 30.2358
      vertex 65.8518 74.8877 30.2623
    endloop
  endfacet
  facet normal -0.336931 -0.905061 -0.259504
    outer loop
      vertex 66.1198 74.7955 30.2358
      vertex 65.8518 75.2322 29.0607
      vertex 66.1198 75.14 29.0343
    endloop
  endfacet
  facet normal 0.0492699 0.960099 0.275284
    outer loop
      vertex 10.99 38.3644 19.7894
      vertex 10.7057 38.7224 18.5917
      vertex 10.7057 38.3779 19.7932
    endloop
  endfacet
  facet normal 0.0490296 0.960096 0.27534
    outer loop
      vertex 10.7057 38.7224 18.5917
      vertex 10.99 38.3644 19.7894
      vertex 10.99 38.709 18.5878
    endloop
  endfacet
  facet normal 0.98918 0.14102 0.0404423
    outer loop
      vertex 8.10397 40.8788 20.5104
      vertex 8.14572 40.9528 19.2312
      vertex 8.10397 41.2234 19.3088
    endloop
  endfacet
  facet normal 0.98918 0.14102 0.0404423
    outer loop
      vertex 8.14572 40.9528 19.2312
      vertex 8.10397 40.8788 20.5104
      vertex 8.14572 40.6082 20.4328
    endloop
  endfacet
  facet normal 0.857649 0.49432 0.141722
    outer loop
      vertex 8.43243 39.838 20.2119
      vertex 8.57875 39.9479 18.9431
      vertex 8.43243 40.1825 19.0103
    endloop
  endfacet
  facet normal 0.857764 0.494122 0.141718
    outer loop
      vertex 8.57875 39.9479 18.9431
      vertex 8.43243 39.838 20.2119
      vertex 8.57875 39.6033 20.1446
    endloop
  endfacet
  facet normal -0.998789 0.0472913 0.0135596
    outer loop
      vertex 67.896 41.2234 19.3088
      vertex 67.91 41.1521 20.5887
      vertex 67.91 41.4966 19.3872
    endloop
  endfacet
  facet normal -0.99879 0.0472792 0.0135589
    outer loop
      vertex 67.91 41.1521 20.5887
      vertex 67.896 41.2234 19.3088
      vertex 67.896 40.8788 20.5104
    endloop
  endfacet
  facet normal 0.671519 0.712275 0.204269
    outer loop
      vertex 9.15027 38.9972 19.9708
      vertex 8.93939 39.5255 18.8219
      vertex 8.93939 39.1809 20.0235
    endloop
  endfacet
  facet normal 0.671651 0.712171 0.204197
    outer loop
      vertex 8.93939 39.5255 18.8219
      vertex 9.15027 38.9972 19.9708
      vertex 9.15027 39.3417 18.7693
    endloop
  endfacet
  facet normal -0.90411 -0.410739 -0.117803
    outer loop
      vertex 67.6892 73.6314 28.6016
      vertex 67.5676 73.5341 29.8741
      vertex 67.5676 73.8787 28.6726
    endloop
  endfacet
  facet normal -0.904093 -0.410778 -0.117805
    outer loop
      vertex 67.5676 73.5341 29.8741
      vertex 67.6892 73.6314 28.6016
      vertex 67.6892 73.2868 29.8032
    endloop
  endfacet
  facet normal 0.740959 -0.645529 -0.185128
    outer loop
      vertex 8.93939 74.1912 30.0626
      vertex 8.74828 74.3331 28.8029
      vertex 8.93939 74.5358 28.861
    endloop
  endfacet
  facet normal 0.741003 -0.645479 -0.185129
    outer loop
      vertex 8.74828 74.3331 28.8029
      vertex 8.93939 74.1912 30.0626
      vertex 8.74828 73.9885 30.0044
    endloop
  endfacet
  facet normal 0.595771 0.772046 0.221365
    outer loop
      vertex 9.37885 38.8342 19.9241
      vertex 9.15027 39.3417 18.7693
      vertex 9.15027 38.9972 19.9708
    endloop
  endfacet
  facet normal 0.595615 0.772145 0.221439
    outer loop
      vertex 9.15027 39.3417 18.7693
      vertex 9.37885 38.8342 19.9241
      vertex 9.37885 39.1788 18.7225
    endloop
  endfacet
  facet normal -0.94152 0.323907 0.0928644
    outer loop
      vertex 67.6892 40.4298 19.0813
      vertex 67.7851 40.3429 20.3567
      vertex 67.7851 40.6874 19.1551
    endloop
  endfacet
  facet normal -0.941531 0.323875 0.0928631
    outer loop
      vertex 67.7851 40.3429 20.3567
      vertex 67.6892 40.4298 19.0813
      vertex 67.6892 40.0853 20.2828
    endloop
  endfacet
  facet normal -0.989206 -0.140858 -0.040384
    outer loop
      vertex 67.896 72.8378 28.3741
      vertex 67.8543 72.7639 29.6533
      vertex 67.8543 73.1084 28.4517
    endloop
  endfacet
  facet normal -0.989206 -0.140858 -0.040384
    outer loop
      vertex 67.8543 72.7639 29.6533
      vertex 67.896 72.8378 28.3741
      vertex 67.896 72.4933 29.5757
    endloop
  endfacet
  facet normal 0.904015 0.410941 0.117827
    outer loop
      vertex 8.31076 40.0853 20.2828
      vertex 8.43243 40.1825 19.0103
      vertex 8.31076 40.4298 19.0813
    endloop
  endfacet
  facet normal 0.903998 0.41098 0.117828
    outer loop
      vertex 8.43243 40.1825 19.0103
      vertex 8.31076 40.0853 20.2828
      vertex 8.43243 39.838 20.2119
    endloop
  endfacet
  facet normal -0.74102 0.64546 0.185123
    outer loop
      vertex 67.0606 39.5255 18.8219
      vertex 67.2517 39.3836 20.0816
      vertex 67.2517 39.7282 18.8801
    endloop
  endfacet
  facet normal -0.740976 0.64551 0.185122
    outer loop
      vertex 67.2517 39.3836 20.0816
      vertex 67.0606 39.5255 18.8219
      vertex 67.0606 39.1809 20.0235
    endloop
  endfacet
  facet normal -0.989206 0.140855 0.0403949
    outer loop
      vertex 67.8543 40.9528 19.2312
      vertex 67.896 40.8788 20.5104
      vertex 67.896 41.2234 19.3088
    endloop
  endfacet
  facet normal -0.989206 0.140855 0.0403949
    outer loop
      vertex 67.896 40.8788 20.5104
      vertex 67.8543 40.9528 19.2312
      vertex 67.8543 40.6082 20.4328
    endloop
  endfacet
  facet normal -0.595905 0.77195 0.221337
    outer loop
      vertex 66.8497 39.3417 18.7693
      vertex 66.6212 38.8342 19.9241
      vertex 66.8497 38.9972 19.9708
    endloop
  endfacet
  facet normal -0.59575 0.772049 0.221411
    outer loop
      vertex 66.6212 38.8342 19.9241
      vertex 66.8497 39.3417 18.7693
      vertex 66.6212 39.1788 18.7225
    endloop
  endfacet
  facet normal -0.857525 0.494519 0.141779
    outer loop
      vertex 67.4212 39.9479 18.9431
      vertex 67.5676 39.838 20.2119
      vertex 67.5676 40.1825 19.0103
    endloop
  endfacet
  facet normal -0.85764 0.494321 0.141775
    outer loop
      vertex 67.5676 39.838 20.2119
      vertex 67.4212 39.9479 18.9431
      vertex 67.4212 39.6033 20.1446
    endloop
  endfacet
  facet normal -0.90411 0.410748 0.117772
    outer loop
      vertex 67.5676 40.1825 19.0103
      vertex 67.6892 40.0853 20.2828
      vertex 67.6892 40.4298 19.0813
    endloop
  endfacet
  facet normal -0.904093 0.410787 0.117773
    outer loop
      vertex 67.6892 40.0853 20.2828
      vertex 67.5676 40.1825 19.0103
      vertex 67.5676 39.838 20.2119
    endloop
  endfacet
  facet normal -0.80322 0.572597 0.164226
    outer loop
      vertex 67.2517 39.7282 18.8801
      vertex 67.4212 39.6033 20.1446
      vertex 67.4212 39.9479 18.9431
    endloop
  endfacet
  facet normal -0.80322 0.572597 0.164226
    outer loop
      vertex 67.4212 39.6033 20.1446
      vertex 67.2517 39.7282 18.8801
      vertex 67.2517 39.3836 20.0816
    endloop
  endfacet
  facet normal -0.94152 -0.3239 -0.0928893
    outer loop
      vertex 67.7851 73.3738 28.5278
      vertex 67.6892 73.2868 29.8032
      vertex 67.6892 73.6314 28.6016
    endloop
  endfacet
  facet normal -0.941482 -0.32401 -0.092894
    outer loop
      vertex 67.6892 73.2868 29.8032
      vertex 67.7851 73.3738 28.5278
      vertex 67.7851 73.0293 29.7294
    endloop
  endfacet
  facet normal -0.427792 0.868873 0.249107
    outer loop
      vertex 66.377 39.0381 18.6822
      vertex 66.1198 38.5766 19.8502
      vertex 66.377 38.6936 19.8838
    endloop
  endfacet
  facet normal -0.427437 0.86901 0.249239
    outer loop
      vertex 66.1198 38.5766 19.8502
      vertex 66.377 39.0381 18.6822
      vertex 66.1198 38.9212 18.6487
    endloop
  endfacet
  facet normal -1 0 0
    outer loop
      vertex 62.61 40.4025 17.2529
      vertex 62.61 74.1411 28.7478
      vertex 62.61 74.6234 27.0656
    endloop
  endfacet
  facet normal -1 0 0
    outer loop
      vertex 62.61 74.1411 28.7478
      vertex 62.61 40.4025 17.2529
      vertex 62.61 39.9202 18.9351
    endloop
  endfacet
  facet normal 1 0 0
    outer loop
      vertex 13.81 74.1411 28.7478
      vertex 13.81 40.4025 17.2529
      vertex 13.81 74.6234 27.0656
    endloop
  endfacet
  facet normal 1 0 -0
    outer loop
      vertex 13.81 40.4025 17.2529
      vertex 13.81 74.1411 28.7478
      vertex 13.81 39.9202 18.9351
    endloop
  endfacet
  facet normal 0 -0.961271 -0.275604
    outer loop
      vertex 13.81 74.6234 27.0656
      vertex 62.61 74.1411 28.7478
      vertex 13.81 74.1411 28.7478
    endloop
  endfacet
  facet normal 0 -0.961271 -0.275604
    outer loop
      vertex 62.61 74.1411 28.7478
      vertex 13.81 74.6234 27.0656
      vertex 62.61 74.6234 27.0656
    endloop
  endfacet
  facet normal 0 0.961271 0.275604
    outer loop
      vertex 62.61 40.4025 17.2529
      vertex 13.81 39.9202 18.9351
      vertex 62.61 39.9202 18.9351
    endloop
  endfacet
  facet normal 0 0.961271 0.275604
    outer loop
      vertex 13.81 39.9202 18.9351
      vertex 62.61 40.4025 17.2529
      vertex 13.81 40.4025 17.2529
    endloop
  endfacet
  facet normal 0 0.413646 -0.910438
    outer loop
      vertex 73.6 53.7102 19.9718
      vertex 76 54.1033 20.1504
      vertex 76 53.7102 19.9718
    endloop
  endfacet
  facet normal 0 0.413646 -0.910438
    outer loop
      vertex 76 54.1033 20.1504
      vertex 73.6 53.7102 19.9718
      vertex 73.6 54.1033 20.1504
    endloop
  endfacet
  facet normal 0 0.275649 -0.961258
    outer loop
      vertex 73.6 54.5121 20.2896
      vertex 76 61.0486 22.164
      vertex 76 54.5121 20.2896
    endloop
  endfacet
  facet normal 0 0.275649 -0.961258
    outer loop
      vertex 76 61.0486 22.164
      vertex 73.6 54.5121 20.2896
      vertex 73.6 61.0486 22.164
    endloop
  endfacet
  facet normal 0 -0.228123 0.973632
    outer loop
      vertex 73.6 56.9377 11.8306
      vertex 76 56.5173 11.7321
      vertex 76 56.9377 11.8306
    endloop
  endfacet
  facet normal 0 -0.228123 0.973632
    outer loop
      vertex 76 56.5173 11.7321
      vertex 73.6 56.9377 11.8306
      vertex 73.6 56.5173 11.7321
    endloop
  endfacet
  facet normal 0 0.322334 -0.946626
    outer loop
      vertex 73.6 54.1033 20.1504
      vertex 76 54.5121 20.2896
      vertex 76 54.1033 20.1504
    endloop
  endfacet
  facet normal 0 0.322334 -0.946626
    outer loop
      vertex 76 54.5121 20.2896
      vertex 73.6 54.1033 20.1504
      vertex 73.6 54.5121 20.2896
    endloop
  endfacet
  facet normal 0 -0.986853 0.16162
    outer loop
      vertex 73.6 66.5633 17.0102
      vertex 76 66.6331 17.4364
      vertex 73.6 66.6331 17.4364
    endloop
  endfacet
  facet normal 0 -0.986853 0.16162
    outer loop
      vertex 76 66.6331 17.4364
      vertex 73.6 66.5633 17.0102
      vertex 76 66.5633 17.0102
    endloop
  endfacet
  facet normal 0 -0.973632 -0.228123
    outer loop
      vertex 73.6 66.5895 18.7268
      vertex 76 66.491 19.1472
      vertex 73.6 66.491 19.1472
    endloop
  endfacet
  facet normal 0 -0.973632 -0.228123
    outer loop
      vertex 76 66.491 19.1472
      vertex 73.6 66.5895 18.7268
      vertex 76 66.5895 18.7268
    endloop
  endfacet
  facet normal -0 0.607863 0.794042
    outer loop
      vertex 73.6 53.2248 12.4394
      vertex 76 52.8819 12.7019
      vertex 76 53.2248 12.4394
    endloop
  endfacet
  facet normal 0 0.607863 0.794042
    outer loop
      vertex 76 52.8819 12.7019
      vertex 73.6 53.2248 12.4394
      vertex 73.6 52.8819 12.7019
    endloop
  endfacet
  facet normal 0 0.946531 0.322613
    outer loop
      vertex 76 51.6346 14.4386
      vertex 73.6 51.4953 14.8473
      vertex 76 51.4953 14.8473
    endloop
  endfacet
  facet normal 0 0.946531 0.322613
    outer loop
      vertex 73.6 51.4953 14.8473
      vertex 76 51.6346 14.4386
      vertex 73.6 51.6346 14.4386
    endloop
  endfacet
  facet normal 0 0.228123 -0.973632
    outer loop
      vertex 73.6 61.0486 22.164
      vertex 76 61.469 22.2625
      vertex 76 61.0486 22.164
    endloop
  endfacet
  facet normal 0 0.228123 -0.973632
    outer loop
      vertex 76 61.469 22.2625
      vertex 73.6 61.0486 22.164
      vertex 73.6 61.469 22.2625
    endloop
  endfacet
  facet normal 0 -0.812197 -0.583383
    outer loop
      vertex 73.6 65.9568 20.3228
      vertex 76 65.7049 20.6735
      vertex 73.6 65.7049 20.6735
    endloop
  endfacet
  facet normal 0 -0.812197 -0.583383
    outer loop
      vertex 76 65.7049 20.6735
      vertex 73.6 65.9568 20.3228
      vertex 76 65.9568 20.3228
    endloop
  endfacet
  facet normal 0 0.0338161 -0.999428
    outer loop
      vertex 73.6 61.8971 22.3193
      vertex 76 62.3286 22.3339
      vertex 76 61.8971 22.3193
    endloop
  endfacet
  facet normal 0 0.0338161 -0.999428
    outer loop
      vertex 76 62.3286 22.3339
      vertex 73.6 61.8971 22.3193
      vertex 73.6 62.3286 22.3339
    endloop
  endfacet
  facet normal 0 -0.68297 -0.730447
    outer loop
      vertex 73.6 65.1044 21.2927
      vertex 76 65.4198 20.9978
      vertex 76 65.1044 21.2927
    endloop
  endfacet
  facet normal -0 -0.68297 -0.730447
    outer loop
      vertex 76 65.4198 20.9978
      vertex 73.6 65.1044 21.2927
      vertex 73.6 65.4198 20.9978
    endloop
  endfacet
  facet normal 0 -0.966208 0.257764
    outer loop
      vertex 73.6 66.452 16.593
      vertex 76 66.5633 17.0102
      vertex 73.6 66.5633 17.0102
    endloop
  endfacet
  facet normal 0 -0.966208 0.257764
    outer loop
      vertex 76 66.5633 17.0102
      vertex 73.6 66.452 16.593
      vertex 76 66.452 16.593
    endloop
  endfacet
  facet normal 0 0.936263 -0.351301
    outer loop
      vertex 76 51.5343 17.4015
      vertex 73.6 51.686 17.8058
      vertex 76 51.686 17.8058
    endloop
  endfacet
  facet normal 0 0.936263 -0.351301
    outer loop
      vertex 73.6 51.686 17.8058
      vertex 76 51.5343 17.4015
      vertex 73.6 51.5343 17.4015
    endloop
  endfacet
  facet normal 0 0.793957 -0.607974
    outer loop
      vertex 76 52.1041 18.5602
      vertex 73.6 52.3666 18.903
      vertex 76 52.3666 18.903
    endloop
  endfacet
  facet normal 0 0.793957 -0.607974
    outer loop
      vertex 73.6 52.3666 18.903
      vertex 76 52.1041 18.5602
      vertex 73.6 52.1041 18.5602
    endloop
  endfacet
  facet normal 0 -0.413838 0.910351
    outer loop
      vertex 73.6 64.2761 14.0228
      vertex 76 63.883 13.8441
      vertex 76 64.2761 14.0228
    endloop
  endfacet
  facet normal 0 -0.413838 0.910351
    outer loop
      vertex 76 63.883 13.8441
      vertex 73.6 64.2761 14.0228
      vertex 73.6 63.883 13.8441
    endloop
  endfacet
  facet normal 0 -0.897418 0.441182
    outer loop
      vertex 73.6 66.1098 15.8013
      vertex 76 66.3003 16.1888
      vertex 73.6 66.3003 16.1888
    endloop
  endfacet
  facet normal 0 -0.897418 0.441182
    outer loop
      vertex 76 66.3003 16.1888
      vertex 73.6 66.1098 15.8013
      vertex 76 66.1098 15.8013
    endloop
  endfacet
  facet normal 0 -0.131754 0.991282
    outer loop
      vertex 73.6 56.5173 11.7321
      vertex 76 56.0892 11.6752
      vertex 76 56.5173 11.7321
    endloop
  endfacet
  facet normal 0 -0.131754 0.991282
    outer loop
      vertex 76 56.0892 11.6752
      vertex 73.6 56.5173 11.7321
      vertex 73.6 56.0892 11.6752
    endloop
  endfacet
  facet normal 0 0.500945 -0.865479
    outer loop
      vertex 73.6 53.3365 19.7555
      vertex 76 53.7102 19.9718
      vertex 76 53.3365 19.7555
    endloop
  endfacet
  facet normal 0 0.500945 -0.865479
    outer loop
      vertex 76 53.7102 19.9718
      vertex 73.6 53.3365 19.7555
      vertex 73.6 53.7102 19.9718
    endloop
  endfacet
  facet normal 0 -0.660126 0.751154
    outer loop
      vertex 73.6 65.3248 14.776
      vertex 76 65.0005 14.491
      vertex 76 65.3248 14.776
    endloop
  endfacet
  facet normal 0 -0.660126 0.751154
    outer loop
      vertex 76 65.0005 14.491
      vertex 73.6 65.3248 14.776
      vertex 73.6 65.0005 14.491
    endloop
  endfacet
  facet normal 0 0.812118 0.583493
    outer loop
      vertex 76 52.2814 13.3211
      vertex 73.6 52.0295 13.6717
      vertex 76 52.0295 13.6717
    endloop
  endfacet
  facet normal 0 0.812118 0.583493
    outer loop
      vertex 73.6 52.0295 13.6717
      vertex 76 52.2814 13.3211
      vertex 73.6 52.2814 13.3211
    endloop
  endfacet
  facet normal 0 0.973632 0.228123
    outer loop
      vertex 76 51.4953 14.8473
      vertex 73.6 51.3968 15.2677
      vertex 76 51.3968 15.2677
    endloop
  endfacet
  facet normal 0 0.973632 0.228123
    outer loop
      vertex 73.6 51.3968 15.2677
      vertex 76 51.4953 14.8473
      vertex 73.6 51.4953 14.8473
    endloop
  endfacet
  facet normal 0 -0.527311 -0.849672
    outer loop
      vertex 73.6 64.3946 21.7828
      vertex 76 64.7615 21.5551
      vertex 76 64.3946 21.7828
    endloop
  endfacet
  facet normal -0 -0.527311 -0.849672
    outer loop
      vertex 76 64.7615 21.5551
      vertex 73.6 64.3946 21.7828
      vertex 73.6 64.7615 21.5551
    endloop
  endfacet
  facet normal -0 0.161882 0.98681
    outer loop
      vertex 73.6 55.2268 11.6884
      vertex 76 54.8007 11.7583
      vertex 76 55.2268 11.6884
    endloop
  endfacet
  facet normal 0 0.161882 0.98681
    outer loop
      vertex 76 54.8007 11.7583
      vertex 73.6 55.2268 11.6884
      vertex 73.6 54.8007 11.7583
    endloop
  endfacet
  facet normal 0 -0.275636 0.961262
    outer loop
      vertex 73.6 63.4742 13.7049
      vertex 76 56.9377 11.8306
      vertex 76 63.4742 13.7049
    endloop
  endfacet
  facet normal 0 -0.275636 0.961262
    outer loop
      vertex 76 56.9377 11.8306
      vertex 73.6 63.4742 13.7049
      vertex 73.6 56.9377 11.8306
    endloop
  endfacet
  facet normal 0 0.897418 -0.441182
    outer loop
      vertex 76 51.686 17.8058
      vertex 73.6 51.8765 18.1933
      vertex 76 51.8765 18.1933
    endloop
  endfacet
  facet normal 0 0.897418 -0.441182
    outer loop
      vertex 73.6 51.8765 18.1933
      vertex 76 51.686 17.8058
      vertex 73.6 51.686 17.8058
    endloop
  endfacet
  facet normal 0 -0.322334 0.946626
    outer loop
      vertex 73.6 63.883 13.8441
      vertex 76 63.4742 13.7049
      vertex 76 63.883 13.8441
    endloop
  endfacet
  facet normal 0 -0.322334 0.946626
    outer loop
      vertex 76 63.4742 13.7049
      vertex 73.6 63.883 13.8441
      vertex 73.6 63.4742 13.7049
    endloop
  endfacet
  facet normal 0 0.966208 -0.257764
    outer loop
      vertex 76 51.423 16.9843
      vertex 73.6 51.5343 17.4015
      vertex 76 51.5343 17.4015
    endloop
  endfacet
  facet normal 0 0.966208 -0.257764
    outer loop
      vertex 73.6 51.5343 17.4015
      vertex 76 51.423 16.9843
      vertex 73.6 51.423 16.9843
    endloop
  endfacet
  facet normal 0 -0.351301 -0.936263
    outer loop
      vertex 73.6 63.6028 22.125
      vertex 76 64.0071 21.9733
      vertex 76 63.6028 22.125
    endloop
  endfacet
  facet normal -0 -0.351301 -0.936263
    outer loop
      vertex 76 64.0071 21.9733
      vertex 73.6 63.6028 22.125
      vertex 73.6 64.0071 21.9733
    endloop
  endfacet
  facet normal 0 0.131527 -0.991313
    outer loop
      vertex 73.6 61.469 22.2625
      vertex 76 61.8971 22.3193
      vertex 76 61.469 22.2625
    endloop
  endfacet
  facet normal 0 0.131527 -0.991313
    outer loop
      vertex 76 61.8971 22.3193
      vertex 73.6 61.469 22.2625
      vertex 73.6 61.8971 22.3193
    endloop
  endfacet
  facet normal 0 -0.936234 0.351377
    outer loop
      vertex 73.6 66.3003 16.1888
      vertex 76 66.452 16.593
      vertex 73.6 66.452 16.593
    endloop
  endfacet
  facet normal 0 -0.936234 0.351377
    outer loop
      vertex 76 66.452 16.593
      vertex 73.6 66.3003 16.1888
      vertex 76 66.3003 16.1888
    endloop
  endfacet
  facet normal 0 0.583383 -0.812197
    outer loop
      vertex 73.6 52.9858 19.5036
      vertex 76 53.3365 19.7555
      vertex 76 52.9858 19.5036
    endloop
  endfacet
  facet normal 0 0.583383 -0.812197
    outer loop
      vertex 76 53.3365 19.7555
      vertex 73.6 52.9858 19.5036
      vertex 73.6 53.3365 19.7555
    endloop
  endfacet
  facet normal 0 -0.75104 -0.660257
    outer loop
      vertex 73.6 65.7049 20.6735
      vertex 76 65.4198 20.9978
      vertex 73.6 65.4198 20.9978
    endloop
  endfacet
  facet normal 0 -0.75104 -0.660257
    outer loop
      vertex 76 65.4198 20.9978
      vertex 73.6 65.7049 20.6735
      vertex 76 65.7049 20.6735
    endloop
  endfacet
  facet normal -0 0.682846 0.730562
    outer loop
      vertex 73.6 52.8819 12.7019
      vertex 76 52.5665 12.9967
      vertex 76 52.8819 12.7019
    endloop
  endfacet
  facet normal 0 0.682846 0.730562
    outer loop
      vertex 76 52.5665 12.9967
      vertex 73.6 52.8819 12.7019
      vertex 73.6 52.5665 12.9967
    endloop
  endfacet
  facet normal -0 0.351098 0.936339
    outer loop
      vertex 73.6 54.3835 11.8696
      vertex 76 53.9792 12.0212
      vertex 76 54.3835 11.8696
    endloop
  endfacet
  facet normal 0 0.351098 0.936339
    outer loop
      vertex 76 53.9792 12.0212
      vertex 73.6 54.3835 11.8696
      vertex 73.6 53.9792 12.0212
    endloop
  endfacet
  facet normal -0 0.257764 0.966208
    outer loop
      vertex 73.6 54.8007 11.7583
      vertex 76 54.3835 11.8696
      vertex 76 54.8007 11.7583
    endloop
  endfacet
  facet normal 0 0.257764 0.966208
    outer loop
      vertex 76 54.3835 11.8696
      vertex 73.6 54.8007 11.7583
      vertex 73.6 54.3835 11.8696
    endloop
  endfacet
  facet normal 0 -0.0643823 -0.997925
    outer loop
      vertex 73.6 62.3286 22.3339
      vertex 76 62.7595 22.3061
      vertex 76 62.3286 22.3339
    endloop
  endfacet
  facet normal -0 -0.0643823 -0.997925
    outer loop
      vertex 76 62.7595 22.3061
      vertex 73.6 62.3286 22.3339
      vertex 73.6 62.7595 22.3061
    endloop
  endfacet
  facet normal 0 0.660257 -0.75104
    outer loop
      vertex 73.6 52.6615 19.2185
      vertex 76 52.9858 19.5036
      vertex 76 52.6615 19.2185
    endloop
  endfacet
  facet normal 0 0.660257 -0.75104
    outer loop
      vertex 76 52.9858 19.5036
      vertex 73.6 52.6615 19.2185
      vertex 73.6 52.9858 19.5036
    endloop
  endfacet
  facet normal 0 -0.607717 -0.794154
    outer loop
      vertex 73.6 64.7615 21.5551
      vertex 76 65.1044 21.2927
      vertex 76 64.7615 21.5551
    endloop
  endfacet
  facet normal -0 -0.607717 -0.794154
    outer loop
      vertex 76 65.1044 21.2927
      vertex 73.6 64.7615 21.5551
      vertex 73.6 65.1044 21.2927
    endloop
  endfacet
  facet normal -0 0.0643823 0.997925
    outer loop
      vertex 73.6 55.6577 11.6606
      vertex 76 55.2268 11.6884
      vertex 76 55.6577 11.6606
    endloop
  endfacet
  facet normal 0 0.0643823 0.997925
    outer loop
      vertex 76 55.2268 11.6884
      vertex 73.6 55.6577 11.6606
      vertex 73.6 55.2268 11.6884
    endloop
  endfacet
  facet normal 0 -0.999428 -0.0338083
    outer loop
      vertex 73.6 66.6609 17.8672
      vertex 76 66.6463 18.2988
      vertex 73.6 66.6463 18.2988
    endloop
  endfacet
  facet normal 0 -0.999428 -0.0338083
    outer loop
      vertex 76 66.6463 18.2988
      vertex 73.6 66.6609 17.8672
      vertex 76 66.6609 17.8672
    endloop
  endfacet
  facet normal -0 0.441369 0.897326
    outer loop
      vertex 73.6 53.9792 12.0212
      vertex 76 53.5917 12.2118
      vertex 76 53.9792 12.0212
    endloop
  endfacet
  facet normal 0 0.441369 0.897326
    outer loop
      vertex 76 53.5917 12.2118
      vertex 73.6 53.9792 12.0212
      vertex 73.6 53.5917 12.2118
    endloop
  endfacet
  facet normal 0 -0.730555 0.682854
    outer loop
      vertex 73.6 65.3248 14.776
      vertex 76 65.6197 15.0915
      vertex 73.6 65.6197 15.0915
    endloop
  endfacet
  facet normal 0 -0.730555 0.682854
    outer loop
      vertex 76 65.6197 15.0915
      vertex 73.6 65.3248 14.776
      vertex 76 65.3248 14.776
    endloop
  endfacet
  facet normal 0 0.910438 0.413646
    outer loop
      vertex 76 51.8132 14.0455
      vertex 73.6 51.6346 14.4386
      vertex 76 51.6346 14.4386
    endloop
  endfacet
  facet normal 0 0.910438 0.413646
    outer loop
      vertex 73.6 51.6346 14.4386
      vertex 76 51.8132 14.0455
      vertex 73.6 51.8132 14.0455
    endloop
  endfacet
  facet normal 0 -0.794068 0.607828
    outer loop
      vertex 73.6 65.6197 15.0915
      vertex 76 65.8821 15.4343
      vertex 73.6 65.8821 15.4343
    endloop
  endfacet
  facet normal 0 -0.794068 0.607828
    outer loop
      vertex 76 65.8821 15.4343
      vertex 73.6 65.6197 15.0915
      vertex 76 65.6197 15.0915
    endloop
  endfacet
  facet normal 0 -0.991309 -0.131557
    outer loop
      vertex 73.6 66.6463 18.2988
      vertex 76 66.5895 18.7268
      vertex 73.6 66.5895 18.7268
    endloop
  endfacet
  facet normal 0 -0.991309 -0.131557
    outer loop
      vertex 76 66.5895 18.7268
      vertex 73.6 66.6463 18.2988
      vertex 76 66.6463 18.2988
    endloop
  endfacet
  facet normal 0 -0.500945 0.865479
    outer loop
      vertex 73.6 64.6498 14.2391
      vertex 76 64.2761 14.0228
      vertex 76 64.6498 14.2391
    endloop
  endfacet
  facet normal 0 -0.500945 0.865479
    outer loop
      vertex 76 64.2761 14.0228
      vertex 73.6 64.6498 14.2391
      vertex 73.6 64.2761 14.0228
    endloop
  endfacet
  facet normal 0 -0.161657 -0.986847
    outer loop
      vertex 73.6 62.7595 22.3061
      vertex 76 63.1856 22.2363
      vertex 76 62.7595 22.3061
    endloop
  endfacet
  facet normal -0 -0.161657 -0.986847
    outer loop
      vertex 76 63.1856 22.2363
      vertex 73.6 62.7595 22.3061
      vertex 73.6 63.1856 22.2363
    endloop
  endfacet
  facet normal -0 0.527144 0.849776
    outer loop
      vertex 73.6 53.5917 12.2118
      vertex 76 53.2248 12.4394
      vertex 76 53.5917 12.2118
    endloop
  endfacet
  facet normal 0 0.527144 0.849776
    outer loop
      vertex 76 53.2248 12.4394
      vertex 73.6 53.5917 12.2118
      vertex 73.6 53.2248 12.4394
    endloop
  endfacet
  facet normal 0 0.751141 0.660142
    outer loop
      vertex 76 52.5665 12.9967
      vertex 73.6 52.2814 13.3211
      vertex 76 52.2814 13.3211
    endloop
  endfacet
  facet normal 0 0.751141 0.660142
    outer loop
      vertex 73.6 52.2814 13.3211
      vertex 76 52.5665 12.9967
      vertex 73.6 52.5665 12.9967
    endloop
  endfacet
  facet normal 0 -0.997924 0.0643972
    outer loop
      vertex 73.6 66.6331 17.4364
      vertex 76 66.6609 17.8672
      vertex 73.6 66.6609 17.8672
    endloop
  endfacet
  facet normal 0 -0.997924 0.0643972
    outer loop
      vertex 76 66.6609 17.8672
      vertex 73.6 66.6331 17.4364
      vertex 76 66.6331 17.4364
    endloop
  endfacet
  facet normal 0 -0.583383 0.812197
    outer loop
      vertex 73.6 65.0005 14.491
      vertex 76 64.6498 14.2391
      vertex 76 65.0005 14.491
    endloop
  endfacet
  facet normal 0 -0.583383 0.812197
    outer loop
      vertex 76 64.6498 14.2391
      vertex 73.6 65.0005 14.491
      vertex 73.6 64.6498 14.2391
    endloop
  endfacet
  facet normal 0 -0.946555 -0.322542
    outer loop
      vertex 73.6 66.491 19.1472
      vertex 76 66.3517 19.556
      vertex 73.6 66.3517 19.556
    endloop
  endfacet
  facet normal 0 -0.946555 -0.322542
    outer loop
      vertex 76 66.3517 19.556
      vertex 73.6 66.491 19.1472
      vertex 76 66.491 19.1472
    endloop
  endfacet
  facet normal 0 0.730555 -0.682854
    outer loop
      vertex 76 52.3666 18.903
      vertex 73.6 52.6615 19.2185
      vertex 76 52.6615 19.2185
    endloop
  endfacet
  facet normal 0 0.730555 -0.682854
    outer loop
      vertex 73.6 52.6615 19.2185
      vertex 76 52.3666 18.903
      vertex 73.6 52.3666 18.903
    endloop
  endfacet
  facet normal 0 -0.0338161 0.999428
    outer loop
      vertex 73.6 56.0892 11.6752
      vertex 76 55.6577 11.6606
      vertex 76 56.0892 11.6752
    endloop
  endfacet
  facet normal 0 -0.0338161 0.999428
    outer loop
      vertex 76 55.6577 11.6606
      vertex 73.6 56.0892 11.6752
      vertex 73.6 55.6577 11.6606
    endloop
  endfacet
  facet normal 0 0.986847 -0.161657
    outer loop
      vertex 76 51.3532 16.5582
      vertex 73.6 51.423 16.9843
      vertex 76 51.423 16.9843
    endloop
  endfacet
  facet normal 0 0.986847 -0.161657
    outer loop
      vertex 73.6 51.423 16.9843
      vertex 76 51.3532 16.5582
      vertex 73.6 51.3532 16.5582
    endloop
  endfacet
  facet normal 0 -0.441182 -0.897418
    outer loop
      vertex 73.6 64.0071 21.9733
      vertex 76 64.3946 21.7828
      vertex 76 64.0071 21.9733
    endloop
  endfacet
  facet normal -0 -0.441182 -0.897418
    outer loop
      vertex 76 64.3946 21.7828
      vertex 73.6 64.0071 21.9733
      vertex 73.6 64.3946 21.7828
    endloop
  endfacet
  facet normal 0 0.997925 -0.0643823
    outer loop
      vertex 76 51.3254 16.1273
      vertex 73.6 51.3532 16.5582
      vertex 76 51.3532 16.5582
    endloop
  endfacet
  facet normal 0 0.997925 -0.0643823
    outer loop
      vertex 73.6 51.3532 16.5582
      vertex 76 51.3254 16.1273
      vertex 73.6 51.3254 16.1273
    endloop
  endfacet
  facet normal 0 -0.257764 -0.966208
    outer loop
      vertex 73.6 63.1856 22.2363
      vertex 76 63.6028 22.125
      vertex 76 63.1856 22.2363
    endloop
  endfacet
  facet normal -0 -0.257764 -0.966208
    outer loop
      vertex 76 63.6028 22.125
      vertex 73.6 63.1856 22.2363
      vertex 73.6 63.6028 22.125
    endloop
  endfacet
  facet normal 0 0.865537 0.500845
    outer loop
      vertex 76 52.0295 13.6717
      vertex 73.6 51.8132 14.0455
      vertex 76 51.8132 14.0455
    endloop
  endfacet
  facet normal 0 0.865537 0.500845
    outer loop
      vertex 73.6 51.8132 14.0455
      vertex 76 52.0295 13.6717
      vertex 73.6 52.0295 13.6717
    endloop
  endfacet
  facet normal 0 0.849776 -0.527144
    outer loop
      vertex 76 51.8765 18.1933
      vertex 73.6 52.1041 18.5602
      vertex 76 52.1041 18.5602
    endloop
  endfacet
  facet normal 0 0.849776 -0.527144
    outer loop
      vertex 73.6 52.1041 18.5602
      vertex 76 51.8765 18.1933
      vertex 73.6 51.8765 18.1933
    endloop
  endfacet
  facet normal 0 0.991309 0.131557
    outer loop
      vertex 76 51.3968 15.2677
      vertex 73.6 51.34 15.6957
      vertex 76 51.34 15.6957
    endloop
  endfacet
  facet normal 0 0.991309 0.131557
    outer loop
      vertex 73.6 51.34 15.6957
      vertex 76 51.3968 15.2677
      vertex 73.6 51.3968 15.2677
    endloop
  endfacet
  facet normal 0 0.999428 0.0338083
    outer loop
      vertex 76 51.34 15.6957
      vertex 73.6 51.3254 16.1273
      vertex 76 51.3254 16.1273
    endloop
  endfacet
  facet normal 0 0.999428 0.0338083
    outer loop
      vertex 73.6 51.3254 16.1273
      vertex 76 51.34 15.6957
      vertex 73.6 51.34 15.6957
    endloop
  endfacet
  facet normal 0 -0.849737 0.527207
    outer loop
      vertex 73.6 65.8821 15.4343
      vertex 76 66.1098 15.8013
      vertex 73.6 66.1098 15.8013
    endloop
  endfacet
  facet normal 0 -0.849737 0.527207
    outer loop
      vertex 76 66.1098 15.8013
      vertex 73.6 65.8821 15.4343
      vertex 76 65.8821 15.4343
    endloop
  endfacet
  facet normal 0 -0.910438 -0.413646
    outer loop
      vertex 73.6 66.3517 19.556
      vertex 76 66.1731 19.9491
      vertex 73.6 66.1731 19.9491
    endloop
  endfacet
  facet normal 0 -0.910438 -0.413646
    outer loop
      vertex 76 66.1731 19.9491
      vertex 73.6 66.3517 19.556
      vertex 76 66.3517 19.556
    endloop
  endfacet
  facet normal 0 -0.865479 -0.500945
    outer loop
      vertex 73.6 66.1731 19.9491
      vertex 76 65.9568 20.3228
      vertex 73.6 65.9568 20.3228
    endloop
  endfacet
  facet normal 0 -0.865479 -0.500945
    outer loop
      vertex 76 65.9568 20.3228
      vertex 73.6 66.1731 19.9491
      vertex 76 66.1731 19.9491
    endloop
  endfacet
  facet normal -1 0 0
    outer loop
      vertex 35.475 9.5 8.5
      vertex 35.475 23.5 10
      vertex 35.475 23.5 8.5
    endloop
  endfacet
  facet normal -1 -0 0
    outer loop
      vertex 35.475 23.5 10
      vertex 35.475 9.5 8.5
      vertex 35.475 9.5 10
    endloop
  endfacet
  facet normal 1 -0 0
    outer loop
      vertex 21.475 9.5 10
      vertex 21.475 23.5 8.5
      vertex 21.475 23.5 10
    endloop
  endfacet
  facet normal 1 0 0
    outer loop
      vertex 21.475 23.5 8.5
      vertex 21.475 9.5 10
      vertex 21.475 9.5 8.5
    endloop
  endfacet
  facet normal 0 -1 0
    outer loop
      vertex 21.475 23.5 8.5
      vertex 35.475 23.5 10
      vertex 21.475 23.5 10
    endloop
  endfacet
  facet normal 0 -1 -0
    outer loop
      vertex 35.475 23.5 10
      vertex 21.475 23.5 8.5
      vertex 35.475 23.5 8.5
    endloop
  endfacet
  facet normal 0 1 -0
    outer loop
      vertex 35.475 9.5 8.5
      vertex 21.475 9.5 10
      vertex 35.475 9.5 10
    endloop
  endfacet
  facet normal 0 1 0
    outer loop
      vertex 21.475 9.5 10
      vertex 35.475 9.5 8.5
      vertex 21.475 9.5 8.5
    endloop
  endfacet
  facet normal -1 0 0
    outer loop
      vertex 36.475 8.5 6.2
      vertex 36.475 24.5 8.5
      vertex 36.475 24.5 6.2
    endloop
  endfacet
  facet normal -1 -0 0
    outer loop
      vertex 36.475 24.5 8.5
      vertex 36.475 8.5 6.2
      vertex 36.475 8.5 8.5
    endloop
  endfacet
  facet normal 0 0 -1
    outer loop
      vertex 36.475 8.5 8.5
      vertex 35.475 9.5 8.5
      vertex 36.475 24.5 8.5
    endloop
  endfacet
  facet normal 0 0 -1
    outer loop
      vertex 36.475 8.5 8.5
      vertex 21.475 9.5 8.5
      vertex 35.475 9.5 8.5
    endloop
  endfacet
  facet normal -0 0 -1
    outer loop
      vertex 21.475 9.5 8.5
      vertex 20.475 8.5 8.5
      vertex 21.475 23.5 8.5
    endloop
  endfacet
  facet normal 0 0 -1
    outer loop
      vertex 20.475 8.5 8.5
      vertex 21.475 9.5 8.5
      vertex 36.475 8.5 8.5
    endloop
  endfacet
  facet normal 0 0 -1
    outer loop
      vertex 35.475 23.5 8.5
      vertex 36.475 24.5 8.5
      vertex 35.475 9.5 8.5
    endloop
  endfacet
  facet normal 0 0 -1
    outer loop
      vertex 21.475 23.5 8.5
      vertex 36.475 24.5 8.5
      vertex 35.475 23.5 8.5
    endloop
  endfacet
  facet normal 0 0 -1
    outer loop
      vertex 21.475 23.5 8.5
      vertex 20.475 24.5 8.5
      vertex 36.475 24.5 8.5
    endloop
  endfacet
  facet normal 0 0 -1
    outer loop
      vertex 20.475 24.5 8.5
      vertex 21.475 23.5 8.5
      vertex 20.475 8.5 8.5
    endloop
  endfacet
  facet normal 1 -0 0
    outer loop
      vertex 20.475 8.5 8.5
      vertex 20.475 24.5 6.2
      vertex 20.475 24.5 8.5
    endloop
  endfacet
  facet normal 1 0 0
    outer loop
      vertex 20.475 24.5 6.2
      vertex 20.475 8.5 8.5
      vertex 20.475 8.5 6.2
    endloop
  endfacet
  facet normal 0 -1 0
    outer loop
      vertex 20.475 24.5 6.2
      vertex 36.475 24.5 8.5
      vertex 20.475 24.5 8.5
    endloop
  endfacet
  facet normal 0 -1 -0
    outer loop
      vertex 36.475 24.5 8.5
      vertex 20.475 24.5 6.2
      vertex 36.475 24.5 6.2
    endloop
  endfacet
  facet normal 0 1 -0
    outer loop
      vertex 36.475 8.5 6.2
      vertex 20.475 8.5 8.5
      vertex 36.475 8.5 8.5
    endloop
  endfacet
  facet normal 0 1 0
    outer loop
      vertex 20.475 8.5 8.5
      vertex 36.475 8.5 6.2
      vertex 20.475 8.5 6.2
    endloop
  endfacet
  facet normal -1 0 0
    outer loop
      vertex 54.525 9.5 8.5
      vertex 54.525 23.5 10
      vertex 54.525 23.5 8.5
    endloop
  endfacet
  facet normal -1 -0 0
    outer loop
      vertex 54.525 23.5 10
      vertex 54.525 9.5 8.5
      vertex 54.525 9.5 10
    endloop
  endfacet
  facet normal 1 -0 0
    outer loop
      vertex 40.525 9.5 10
      vertex 40.525 23.5 8.5
      vertex 40.525 23.5 10
    endloop
  endfacet
  facet normal 1 0 0
    outer loop
      vertex 40.525 23.5 8.5
      vertex 40.525 9.5 10
      vertex 40.525 9.5 8.5
    endloop
  endfacet
  facet normal 0 -1 0
    outer loop
      vertex 40.525 23.5 8.5
      vertex 54.525 23.5 10
      vertex 40.525 23.5 10
    endloop
  endfacet
  facet normal 0 -1 -0
    outer loop
      vertex 54.525 23.5 10
      vertex 40.525 23.5 8.5
      vertex 54.525 23.5 8.5
    endloop
  endfacet
  facet normal 0 1 -0
    outer loop
      vertex 54.525 9.5 8.5
      vertex 40.525 9.5 10
      vertex 54.525 9.5 10
    endloop
  endfacet
  facet normal 0 1 0
    outer loop
      vertex 40.525 9.5 10
      vertex 54.525 9.5 8.5
      vertex 40.525 9.5 8.5
    endloop
  endfacet
  facet normal -1 0 0
    outer loop
      vertex 55.525 8.5 6.2
      vertex 55.525 24.5 8.5
      vertex 55.525 24.5 6.2
    endloop
  endfacet
  facet normal -1 -0 0
    outer loop
      vertex 55.525 24.5 8.5
      vertex 55.525 8.5 6.2
      vertex 55.525 8.5 8.5
    endloop
  endfacet
  facet normal 0 0 -1
    outer loop
      vertex 55.525 8.5 8.5
      vertex 54.525 9.5 8.5
      vertex 55.525 24.5 8.5
    endloop
  endfacet
  facet normal 0 0 -1
    outer loop
      vertex 55.525 8.5 8.5
      vertex 40.525 9.5 8.5
      vertex 54.525 9.5 8.5
    endloop
  endfacet
  facet normal -0 0 -1
    outer loop
      vertex 40.525 9.5 8.5
      vertex 39.525 8.5 8.5
      vertex 40.525 23.5 8.5
    endloop
  endfacet
  facet normal 0 0 -1
    outer loop
      vertex 39.525 8.5 8.5
      vertex 40.525 9.5 8.5
      vertex 55.525 8.5 8.5
    endloop
  endfacet
  facet normal 0 0 -1
    outer loop
      vertex 54.525 23.5 8.5
      vertex 55.525 24.5 8.5
      vertex 54.525 9.5 8.5
    endloop
  endfacet
  facet normal 0 0 -1
    outer loop
      vertex 40.525 23.5 8.5
      vertex 55.525 24.5 8.5
      vertex 54.525 23.5 8.5
    endloop
  endfacet
  facet normal 0 0 -1
    outer loop
      vertex 40.525 23.5 8.5
      vertex 39.525 24.5 8.5
      vertex 55.525 24.5 8.5
    endloop
  endfacet
  facet normal 0 0 -1
    outer loop
      vertex 39.525 24.5 8.5
      vertex 40.525 23.5 8.5
      vertex 39.525 8.5 8.5
    endloop
  endfacet
  facet normal 1 -0 0
    outer loop
      vertex 39.525 8.5 8.5
      vertex 39.525 24.5 6.2
      vertex 39.525 24.5 8.5
    endloop
  endfacet
  facet normal 1 0 0
    outer loop
      vertex 39.525 24.5 6.2
      vertex 39.525 8.5 8.5
      vertex 39.525 8.5 6.2
    endloop
  endfacet
  facet normal 0 -1 0
    outer loop
      vertex 39.525 24.5 6.2
      vertex 55.525 24.5 8.5
      vertex 39.525 24.5 8.5
    endloop
  endfacet
  facet normal 0 -1 -0
    outer loop
      vertex 55.525 24.5 8.5
      vertex 39.525 24.5 6.2
      vertex 55.525 24.5 6.2
    endloop
  endfacet
  facet normal 0 1 -0
    outer loop
      vertex 55.525 8.5 6.2
      vertex 39.525 8.5 8.5
      vertex 55.525 8.5 8.5
    endloop
  endfacet
  facet normal 0 1 0
    outer loop
      vertex 39.525 8.5 8.5
      vertex 55.525 8.5 6.2
      vertex 39.525 8.5 6.2
    endloop
  endfacet
  facet normal 0 0 -1
    outer loop
      vertex 1.9 17.25 3.8
      vertex 2.4 32.25 3.8
      vertex 2.4 17.25 3.8
    endloop
  endfacet
  facet normal -0 0 -1
    outer loop
      vertex 2.4 32.25 3.8
      vertex 1.9 17.25 3.8
      vertex 1.9 32.25 3.8
    endloop
  endfacet
  facet normal -0 0 1
    outer loop
      vertex 1.9 32.25 2.5
      vertex 2.4 17.25 2.5
      vertex 2.4 32.25 2.5
    endloop
  endfacet
  facet normal 0 0 1
    outer loop
      vertex 2.4 17.25 2.5
      vertex 1.9 32.25 2.5
      vertex 1.9 17.25 2.5
    endloop
  endfacet
  facet normal 1 -0 0
    outer loop
      vertex 1.9 17.25 3.8
      vertex 1.9 32.25 2.5
      vertex 1.9 32.25 3.8
    endloop
  endfacet
  facet normal 1 0 0
    outer loop
      vertex 1.9 32.25 2.5
      vertex 1.9 17.25 3.8
      vertex 1.9 17.25 2.5
    endloop
  endfacet
  facet normal 0 -1 0
    outer loop
      vertex 1.9 32.25 2.5
      vertex 2.4 32.25 3.8
      vertex 1.9 32.25 3.8
    endloop
  endfacet
  facet normal 0 -1 -0
    outer loop
      vertex 2.4 32.25 3.8
      vertex 1.9 32.25 2.5
      vertex 2.4 32.25 2.5
    endloop
  endfacet
  facet normal 0 1 -0
    outer loop
      vertex 2.4 17.25 2.5
      vertex 1.9 17.25 3.8
      vertex 2.4 17.25 3.8
    endloop
  endfacet
  facet normal 0 1 0
    outer loop
      vertex 1.9 17.25 3.8
      vertex 2.4 17.25 2.5
      vertex 1.9 17.25 2.5
    endloop
  endfacet
  facet normal -1 0 0
    outer loop
      vertex 74.1 17.25 2.5
      vertex 74.1 32.25 3.8
      vertex 74.1 32.25 2.5
    endloop
  endfacet
  facet normal -1 -0 0
    outer loop
      vertex 74.1 32.25 3.8
      vertex 74.1 17.25 2.5
      vertex 74.1 17.25 3.8
    endloop
  endfacet
  facet normal 0 0 -1
    outer loop
      vertex 73.6 17.25 3.8
      vertex 74.1 32.25 3.8
      vertex 74.1 17.25 3.8
    endloop
  endfacet
  facet normal -0 0 -1
    outer loop
      vertex 74.1 32.25 3.8
      vertex 73.6 17.25 3.8
      vertex 73.6 32.25 3.8
    endloop
  endfacet
  facet normal -0 0 1
    outer loop
      vertex 73.6 32.25 2.5
      vertex 74.1 17.25 2.5
      vertex 74.1 32.25 2.5
    endloop
  endfacet
  facet normal 0 0 1
    outer loop
      vertex 74.1 17.25 2.5
      vertex 73.6 32.25 2.5
      vertex 73.6 17.25 2.5
    endloop
  endfacet
  facet normal 0 -1 0
    outer loop
      vertex 73.6 32.25 2.5
      vertex 74.1 32.25 3.8
      vertex 73.6 32.25 3.8
    endloop
  endfacet
  facet normal 0 -1 -0
    outer loop
      vertex 74.1 32.25 3.8
      vertex 73.6 32.25 2.5
      vertex 74.1 32.25 2.5
    endloop
  endfacet
  facet normal 0 1 -0
    outer loop
      vertex 74.1 17.25 2.5
      vertex 73.6 17.25 3.8
      vertex 74.1 17.25 3.8
    endloop
  endfacet
  facet normal 0 1 0
    outer loop
      vertex 73.6 17.25 3.8
      vertex 74.1 17.25 2.5
      vertex 73.6 17.25 2.5
    endloop
  endfacet
  facet normal 0 0 -1
    outer loop
      vertex 1.9 50.25 3.8
      vertex 2.4 65.25 3.8
      vertex 2.4 50.25 3.8
    endloop
  endfacet
  facet normal -0 0 -1
    outer loop
      vertex 2.4 65.25 3.8
      vertex 1.9 50.25 3.8
      vertex 1.9 65.25 3.8
    endloop
  endfacet
  facet normal -0 0 1
    outer loop
      vertex 1.9 65.25 2.5
      vertex 2.4 50.25 2.5
      vertex 2.4 65.25 2.5
    endloop
  endfacet
  facet normal 0 0 1
    outer loop
      vertex 2.4 50.25 2.5
      vertex 1.9 65.25 2.5
      vertex 1.9 50.25 2.5
    endloop
  endfacet
  facet normal 1 -0 0
    outer loop
      vertex 1.9 50.25 3.8
      vertex 1.9 65.25 2.5
      vertex 1.9 65.25 3.8
    endloop
  endfacet
  facet normal 1 0 0
    outer loop
      vertex 1.9 65.25 2.5
      vertex 1.9 50.25 3.8
      vertex 1.9 50.25 2.5
    endloop
  endfacet
  facet normal 0 -1 0
    outer loop
      vertex 1.9 65.25 2.5
      vertex 2.4 65.25 3.8
      vertex 1.9 65.25 3.8
    endloop
  endfacet
  facet normal 0 -1 -0
    outer loop
      vertex 2.4 65.25 3.8
      vertex 1.9 65.25 2.5
      vertex 2.4 65.25 2.5
    endloop
  endfacet
  facet normal 0 1 -0
    outer loop
      vertex 2.4 50.25 2.5
      vertex 1.9 50.25 3.8
      vertex 2.4 50.25 3.8
    endloop
  endfacet
  facet normal 0 1 0
    outer loop
      vertex 1.9 50.25 3.8
      vertex 2.4 50.25 2.5
      vertex 1.9 50.25 2.5
    endloop
  endfacet
  facet normal -1 0 0
    outer loop
      vertex 74.1 50.25 2.5
      vertex 74.1 65.25 3.8
      vertex 74.1 65.25 2.5
    endloop
  endfacet
  facet normal -1 -0 0
    outer loop
      vertex 74.1 65.25 3.8
      vertex 74.1 50.25 2.5
      vertex 74.1 50.25 3.8
    endloop
  endfacet
  facet normal 0 0 -1
    outer loop
      vertex 73.6 50.25 3.8
      vertex 74.1 65.25 3.8
      vertex 74.1 50.25 3.8
    endloop
  endfacet
  facet normal -0 0 -1
    outer loop
      vertex 74.1 65.25 3.8
      vertex 73.6 50.25 3.8
      vertex 73.6 65.25 3.8
    endloop
  endfacet
  facet normal -0 0 1
    outer loop
      vertex 73.6 65.25 2.5
      vertex 74.1 50.25 2.5
      vertex 74.1 65.25 2.5
    endloop
  endfacet
  facet normal 0 0 1
    outer loop
      vertex 74.1 50.25 2.5
      vertex 73.6 65.25 2.5
      vertex 73.6 50.25 2.5
    endloop
  endfacet
  facet normal 0 -1 0
    outer loop
      vertex 73.6 65.25 2.5
      vertex 74.1 65.25 3.8
      vertex 73.6 65.25 3.8
    endloop
  endfacet
  facet normal 0 -1 -0
    outer loop
      vertex 74.1 65.25 3.8
      vertex 73.6 65.25 2.5
      vertex 74.1 65.25 2.5
    endloop
  endfacet
  facet normal 0 1 -0
    outer loop
      vertex 74.1 50.25 2.5
      vertex 73.6 50.25 3.8
      vertex 74.1 50.25 3.8
    endloop
  endfacet
  facet normal 0 1 0
    outer loop
      vertex 73.6 50.25 3.8
      vertex 74.1 50.25 2.5
      vertex 73.6 50.25 2.5
    endloop
  endfacet
  facet normal -1 0 0
    outer loop
      vertex 30.3 1.9 2.5
      vertex 30.3 2.4 3.8
      vertex 30.3 2.4 2.5
    endloop
  endfacet
  facet normal -1 -0 0
    outer loop
      vertex 30.3 2.4 3.8
      vertex 30.3 1.9 2.5
      vertex 30.3 1.9 3.8
    endloop
  endfacet
  facet normal 0 0 -1
    outer loop
      vertex 15.3 1.9 3.8
      vertex 30.3 2.4 3.8
      vertex 30.3 1.9 3.8
    endloop
  endfacet
  facet normal -0 0 -1
    outer loop
      vertex 30.3 2.4 3.8
      vertex 15.3 1.9 3.8
      vertex 15.3 2.4 3.8
    endloop
  endfacet
  facet normal -0 0 1
    outer loop
      vertex 15.3 2.4 2.5
      vertex 30.3 1.9 2.5
      vertex 30.3 2.4 2.5
    endloop
  endfacet
  facet normal 0 0 1
    outer loop
      vertex 30.3 1.9 2.5
      vertex 15.3 2.4 2.5
      vertex 15.3 1.9 2.5
    endloop
  endfacet
  facet normal 1 -0 0
    outer loop
      vertex 15.3 1.9 3.8
      vertex 15.3 2.4 2.5
      vertex 15.3 2.4 3.8
    endloop
  endfacet
  facet normal 1 0 0
    outer loop
      vertex 15.3 2.4 2.5
      vertex 15.3 1.9 3.8
      vertex 15.3 1.9 2.5
    endloop
  endfacet
  facet normal 0 1 -0
    outer loop
      vertex 30.3 1.9 2.5
      vertex 15.3 1.9 3.8
      vertex 30.3 1.9 3.8
    endloop
  endfacet
  facet normal 0 1 0
    outer loop
      vertex 15.3 1.9 3.8
      vertex 30.3 1.9 2.5
      vertex 15.3 1.9 2.5
    endloop
  endfacet
  facet normal -1 0 0
    outer loop
      vertex 30.3 80.1 2.5
      vertex 30.3 80.6 3.8
      vertex 30.3 80.6 2.5
    endloop
  endfacet
  facet normal -1 -0 0
    outer loop
      vertex 30.3 80.6 3.8
      vertex 30.3 80.1 2.5
      vertex 30.3 80.1 3.8
    endloop
  endfacet
  facet normal 0 0 -1
    outer loop
      vertex 15.3 80.1 3.8
      vertex 30.3 80.6 3.8
      vertex 30.3 80.1 3.8
    endloop
  endfacet
  facet normal -0 0 -1
    outer loop
      vertex 30.3 80.6 3.8
      vertex 15.3 80.1 3.8
      vertex 15.3 80.6 3.8
    endloop
  endfacet
  facet normal -0 0 1
    outer loop
      vertex 15.3 80.6 2.5
      vertex 30.3 80.1 2.5
      vertex 30.3 80.6 2.5
    endloop
  endfacet
  facet normal 0 0 1
    outer loop
      vertex 30.3 80.1 2.5
      vertex 15.3 80.6 2.5
      vertex 15.3 80.1 2.5
    endloop
  endfacet
  facet normal 1 -0 0
    outer loop
      vertex 15.3 80.1 3.8
      vertex 15.3 80.6 2.5
      vertex 15.3 80.6 3.8
    endloop
  endfacet
  facet normal 1 0 0
    outer loop
      vertex 15.3 80.6 2.5
      vertex 15.3 80.1 3.8
      vertex 15.3 80.1 2.5
    endloop
  endfacet
  facet normal 0 -1 0
    outer loop
      vertex 15.3 80.6 2.5
      vertex 30.3 80.6 3.8
      vertex 15.3 80.6 3.8
    endloop
  endfacet
  facet normal 0 -1 -0
    outer loop
      vertex 30.3 80.6 3.8
      vertex 15.3 80.6 2.5
      vertex 30.3 80.6 2.5
    endloop
  endfacet
  facet normal -1 0 0
    outer loop
      vertex 60.7 1.9 2.5
      vertex 60.7 2.4 3.8
      vertex 60.7 2.4 2.5
    endloop
  endfacet
  facet normal -1 -0 0
    outer loop
      vertex 60.7 2.4 3.8
      vertex 60.7 1.9 2.5
      vertex 60.7 1.9 3.8
    endloop
  endfacet
  facet normal 0 0 -1
    outer loop
      vertex 45.7 1.9 3.8
      vertex 60.7 2.4 3.8
      vertex 60.7 1.9 3.8
    endloop
  endfacet
  facet normal -0 0 -1
    outer loop
      vertex 60.7 2.4 3.8
      vertex 45.7 1.9 3.8
      vertex 45.7 2.4 3.8
    endloop
  endfacet
  facet normal -0 0 1
    outer loop
      vertex 45.7 2.4 2.5
      vertex 60.7 1.9 2.5
      vertex 60.7 2.4 2.5
    endloop
  endfacet
  facet normal 0 0 1
    outer loop
      vertex 60.7 1.9 2.5
      vertex 45.7 2.4 2.5
      vertex 45.7 1.9 2.5
    endloop
  endfacet
  facet normal 1 -0 0
    outer loop
      vertex 45.7 1.9 3.8
      vertex 45.7 2.4 2.5
      vertex 45.7 2.4 3.8
    endloop
  endfacet
  facet normal 1 0 0
    outer loop
      vertex 45.7 2.4 2.5
      vertex 45.7 1.9 3.8
      vertex 45.7 1.9 2.5
    endloop
  endfacet
  facet normal 0 1 -0
    outer loop
      vertex 60.7 1.9 2.5
      vertex 45.7 1.9 3.8
      vertex 60.7 1.9 3.8
    endloop
  endfacet
  facet normal 0 1 0
    outer loop
      vertex 45.7 1.9 3.8
      vertex 60.7 1.9 2.5
      vertex 45.7 1.9 2.5
    endloop
  endfacet
  facet normal -1 0 0
    outer loop
      vertex 60.7 80.1 2.5
      vertex 60.7 80.6 3.8
      vertex 60.7 80.6 2.5
    endloop
  endfacet
  facet normal -1 -0 0
    outer loop
      vertex 60.7 80.6 3.8
      vertex 60.7 80.1 2.5
      vertex 60.7 80.1 3.8
    endloop
  endfacet
  facet normal 0 0 -1
    outer loop
      vertex 45.7 80.1 3.8
      vertex 60.7 80.6 3.8
      vertex 60.7 80.1 3.8
    endloop
  endfacet
  facet normal -0 0 -1
    outer loop
      vertex 60.7 80.6 3.8
      vertex 45.7 80.1 3.8
      vertex 45.7 80.6 3.8
    endloop
  endfacet
  facet normal -0 0 1
    outer loop
      vertex 45.7 80.6 2.5
      vertex 60.7 80.1 2.5
      vertex 60.7 80.6 2.5
    endloop
  endfacet
  facet normal 0 0 1
    outer loop
      vertex 60.7 80.1 2.5
      vertex 45.7 80.6 2.5
      vertex 45.7 80.1 2.5
    endloop
  endfacet
  facet normal 1 -0 0
    outer loop
      vertex 45.7 80.1 3.8
      vertex 45.7 80.6 2.5
      vertex 45.7 80.6 3.8
    endloop
  endfacet
  facet normal 1 0 0
    outer loop
      vertex 45.7 80.6 2.5
      vertex 45.7 80.1 3.8
      vertex 45.7 80.1 2.5
    endloop
  endfacet
  facet normal 0 -1 0
    outer loop
      vertex 45.7 80.6 2.5
      vertex 60.7 80.6 3.8
      vertex 45.7 80.6 3.8
    endloop
  endfacet
  facet normal 0 -1 -0
    outer loop
      vertex 60.7 80.6 3.8
      vertex 45.7 80.6 2.5
      vertex 60.7 80.6 2.5
    endloop
  endfacet
  facet normal -1 0 0
    outer loop
      vertex 44 80.5 0
      vertex 44 82.5 2.1
      vertex 44 82.5 0
    endloop
  endfacet
  facet normal -1 -0 0
    outer loop
      vertex 44 82.5 2.1
      vertex 44 80.5 0
      vertex 44 80.5 2.1
    endloop
  endfacet
  facet normal 0 0 -1
    outer loop
      vertex 32 80.5 2.1
      vertex 44 82.5 2.1
      vertex 44 80.5 2.1
    endloop
  endfacet
  facet normal -0 0 -1
    outer loop
      vertex 44 82.5 2.1
      vertex 32 80.5 2.1
      vertex 32 82.5 2.1
    endloop
  endfacet
  facet normal 1 -0 0
    outer loop
      vertex 32 80.5 2.1
      vertex 32 82.5 0
      vertex 32 82.5 2.1
    endloop
  endfacet
  facet normal 1 0 0
    outer loop
      vertex 32 82.5 0
      vertex 32 80.5 2.1
      vertex 32 80.5 0
    endloop
  endfacet
  facet normal 0 1 -0
    outer loop
      vertex 44 80.5 0
      vertex 32 80.5 2.1
      vertex 44 80.5 2.1
    endloop
  endfacet
  facet normal 0 1 0
    outer loop
      vertex 32 80.5 2.1
      vertex 44 80.5 0
      vertex 32 80.5 0
    endloop
  endfacet
endsolid OpenSCAD_Model
