solid OpenSCAD_Model
  facet normal 0 -1 0
    outer loop
      vertex 29.8 2.6 4.6
      vertex 46.2 2.6 5.6
      vertex 29.8 2.6 5.6
    endloop
  endfacet
  facet normal 0 -1 -0
    outer loop
      vertex 46.2 2.6 5.6
      vertex 29.8 2.6 4.6
      vertex 46.2 2.6 4.6
    endloop
  endfacet
  facet normal 0 -1 0
    outer loop
      vertex 29.8 2.6 5.6
      vertex 4.5 2.6 6.59
      vertex 15.8 2.6 5.6
    endloop
  endfacet
  facet normal 0 -1 0
    outer loop
      vertex 4.5 2.6 6.59
      vertex 15.8 2.6 4.6
      vertex 15.8 2.6 5.6
    endloop
  endfacet
  facet normal 0 -1 0
    outer loop
      vertex 4.5 2.6 2
      vertex 29.8 2.6 4.6
      vertex 15.8 2.6 4.6
    endloop
  endfacet
  facet normal 0 -1 -0
    outer loop
      vertex 29.8 2.6 4.6
      vertex 4.5 2.6 2
      vertex 46.2 2.6 4.6
    endloop
  endfacet
  facet normal 0 -1 0
    outer loop
      vertex 71.5 2.6 2
      vertex 46.2 2.6 4.6
      vertex 4.5 2.6 2
    endloop
  endfacet
  facet normal 0 -1 0
    outer loop
      vertex 4.5 2.6 2
      vertex 15.8 2.6 4.6
      vertex 4.5 2.6 6.59
    endloop
  endfacet
  facet normal 0 -1 0
    outer loop
      vertex 4.5 2.6 6.59
      vertex 29.8 2.6 5.6
      vertex 71.5 2.6 6.59
    endloop
  endfacet
  facet normal 0 -1 0
    outer loop
      vertex 46.2 2.6 5.6
      vertex 71.5 2.6 6.59
      vertex 29.8 2.6 5.6
    endloop
  endfacet
  facet normal 0 -1 0
    outer loop
      vertex 60.2 2.6 5.6
      vertex 71.5 2.6 6.59
      vertex 46.2 2.6 5.6
    endloop
  endfacet
  facet normal 0 -1 0
    outer loop
      vertex 60.2 2.6 4.6
      vertex 71.5 2.6 6.59
      vertex 60.2 2.6 5.6
    endloop
  endfacet
  facet normal 0 -1 0
    outer loop
      vertex 60.2 2.6 4.6
      vertex 71.5 2.6 2
      vertex 71.5 2.6 6.59
    endloop
  endfacet
  facet normal 0 -1 0
    outer loop
      vertex 46.2 2.6 4.6
      vertex 71.5 2.6 2
      vertex 60.2 2.6 4.6
    endloop
  endfacet
  facet normal -0.427563 -0.903986 0
    outer loop
      vertex 3.60435 2.82435 2
      vertex 3.7729 2.74463 6.59
      vertex 3.60435 2.82435 6.59
    endloop
  endfacet
  facet normal -0.427563 -0.903986 -0
    outer loop
      vertex 3.7729 2.74463 6.59
      vertex 3.60435 2.82435 2
      vertex 3.7729 2.74463 2
    endloop
  endfacet
  facet normal 0.243041 0.970016 -0
    outer loop
      vertex 72.0515 79.8182 2
      vertex 71.8707 79.8635 6.59
      vertex 72.0515 79.8182 6.59
    endloop
  endfacet
  facet normal 0.243041 0.970016 0
    outer loop
      vertex 71.8707 79.8635 6.59
      vertex 72.0515 79.8182 2
      vertex 71.8707 79.8635 2
    endloop
  endfacet
  facet normal -0.970016 0.243041 0
    outer loop
      vertex 2.63651 78.3707 2
      vertex 2.68181 78.5515 6.59
      vertex 2.68181 78.5515 2
    endloop
  endfacet
  facet normal -0.970016 0.243041 0
    outer loop
      vertex 2.68181 78.5515 6.59
      vertex 2.63651 78.3707 2
      vertex 2.63651 78.3707 6.59
    endloop
  endfacet
  facet normal -0.0488061 0.998808 0
    outer loop
      vertex 4.5 79.9 2
      vertex 4.31377 79.8909 6.59
      vertex 4.5 79.9 6.59
    endloop
  endfacet
  facet normal -0.0488061 0.998808 0
    outer loop
      vertex 4.31377 79.8909 6.59
      vertex 4.5 79.9 2
      vertex 4.31377 79.8909 2
    endloop
  endfacet
  facet normal 0 1 -0
    outer loop
      vertex 46.2 79.9 4.6
      vertex 29.8 79.9 5.6
      vertex 46.2 79.9 5.6
    endloop
  endfacet
  facet normal 0 1 0
    outer loop
      vertex 29.8 79.9 5.6
      vertex 46.2 79.9 4.6
      vertex 29.8 79.9 4.6
    endloop
  endfacet
  facet normal 0 1 0
    outer loop
      vertex 46.2 79.9 5.6
      vertex 71.5 79.9 6.59
      vertex 60.2 79.9 5.6
    endloop
  endfacet
  facet normal 0 1 0
    outer loop
      vertex 71.5 79.9 6.59
      vertex 60.2 79.9 4.6
      vertex 60.2 79.9 5.6
    endloop
  endfacet
  facet normal 0 1 0
    outer loop
      vertex 71.5 79.9 2
      vertex 46.2 79.9 4.6
      vertex 60.2 79.9 4.6
    endloop
  endfacet
  facet normal 0 1 0
    outer loop
      vertex 46.2 79.9 4.6
      vertex 71.5 79.9 2
      vertex 29.8 79.9 4.6
    endloop
  endfacet
  facet normal 0 1 0
    outer loop
      vertex 4.5 79.9 2
      vertex 29.8 79.9 4.6
      vertex 71.5 79.9 2
    endloop
  endfacet
  facet normal 0 1 -0
    outer loop
      vertex 71.5 79.9 2
      vertex 60.2 79.9 4.6
      vertex 71.5 79.9 6.59
    endloop
  endfacet
  facet normal 0 1 0
    outer loop
      vertex 71.5 79.9 6.59
      vertex 46.2 79.9 5.6
      vertex 4.5 79.9 6.59
    endloop
  endfacet
  facet normal 0 1 -0
    outer loop
      vertex 29.8 79.9 5.6
      vertex 4.5 79.9 6.59
      vertex 46.2 79.9 5.6
    endloop
  endfacet
  facet normal 0 1 -0
    outer loop
      vertex 15.8 79.9 5.6
      vertex 4.5 79.9 6.59
      vertex 29.8 79.9 5.6
    endloop
  endfacet
  facet normal 0 1 -0
    outer loop
      vertex 15.8 79.9 4.6
      vertex 4.5 79.9 6.59
      vertex 15.8 79.9 5.6
    endloop
  endfacet
  facet normal 0 1 0
    outer loop
      vertex 15.8 79.9 4.6
      vertex 4.5 79.9 2
      vertex 4.5 79.9 6.59
    endloop
  endfacet
  facet normal 0 1 0
    outer loop
      vertex 29.8 79.9 4.6
      vertex 4.5 79.9 2
      vertex 15.8 79.9 4.6
    endloop
  endfacet
  facet normal 1 0 0
    outer loop
      vertex 73.4 64.75 4.6
      vertex 73.4 78 6.59
      vertex 73.4 64.75 5.6
    endloop
  endfacet
  facet normal 1 0 0
    outer loop
      vertex 73.4 78 6.59
      vertex 73.4 50.75 5.6
      vertex 73.4 64.75 5.6
    endloop
  endfacet
  facet normal 1 0 0
    outer loop
      vertex 73.4 50.75 5.6
      vertex 73.4 31.75 5.6
      vertex 73.4 50.75 4.6
    endloop
  endfacet
  facet normal 1 0 0
    outer loop
      vertex 73.4 78 6.59
      vertex 73.4 31.75 5.6
      vertex 73.4 50.75 5.6
    endloop
  endfacet
  facet normal 1 -0 0
    outer loop
      vertex 73.4 4.5 6.59
      vertex 73.4 31.75 5.6
      vertex 73.4 78 6.59
    endloop
  endfacet
  facet normal 1 0 0
    outer loop
      vertex 73.4 17.75 5.6
      vertex 73.4 4.5 6.59
      vertex 73.4 17.75 4.6
    endloop
  endfacet
  facet normal 1 0 0
    outer loop
      vertex 73.4 31.75 5.6
      vertex 73.4 4.5 6.59
      vertex 73.4 17.75 5.6
    endloop
  endfacet
  facet normal 1 0 0
    outer loop
      vertex 73.4 78 6.59
      vertex 73.4 64.75 4.6
      vertex 73.4 78 2
    endloop
  endfacet
  facet normal 1 -0 0
    outer loop
      vertex 73.4 50.75 4.6
      vertex 73.4 78 2
      vertex 73.4 64.75 4.6
    endloop
  endfacet
  facet normal 1 0 0
    outer loop
      vertex 73.4 31.75 4.6
      vertex 73.4 50.75 4.6
      vertex 73.4 31.75 5.6
    endloop
  endfacet
  facet normal 1 0 0
    outer loop
      vertex 73.4 50.75 4.6
      vertex 73.4 31.75 4.6
      vertex 73.4 78 2
    endloop
  endfacet
  facet normal 1 0 0
    outer loop
      vertex 73.4 4.5 2
      vertex 73.4 31.75 4.6
      vertex 73.4 17.75 4.6
    endloop
  endfacet
  facet normal 1 0 0
    outer loop
      vertex 73.4 31.75 4.6
      vertex 73.4 4.5 2
      vertex 73.4 78 2
    endloop
  endfacet
  facet normal 1 0 0
    outer loop
      vertex 73.4 4.5 2
      vertex 73.4 17.75 4.6
      vertex 73.4 4.5 6.59
    endloop
  endfacet
  facet normal -0.857725 -0.514109 0
    outer loop
      vertex 2.92021 3.44442 2
      vertex 2.82435 3.60435 6.59
      vertex 2.82435 3.60435 2
    endloop
  endfacet
  facet normal -0.857725 -0.514109 0
    outer loop
      vertex 2.82435 3.60435 6.59
      vertex 2.92021 3.44442 2
      vertex 2.92021 3.44442 6.59
    endloop
  endfacet
  facet normal 0.146898 0.989152 -0
    outer loop
      vertex 71.8707 79.8635 2
      vertex 71.6862 79.8909 6.59
      vertex 71.8707 79.8635 6.59
    endloop
  endfacet
  facet normal 0.146898 0.989152 0
    outer loop
      vertex 71.6862 79.8909 6.59
      vertex 71.8707 79.8635 2
      vertex 71.6862 79.8909 2
    endloop
  endfacet
  facet normal -1 0 0
    outer loop
      vertex 2.6 78 2
      vertex 2.6 64.75 4.6
      vertex 2.6 78 6.59
    endloop
  endfacet
  facet normal -1 0 0
    outer loop
      vertex 2.6 78 2
      vertex 2.6 50.75 4.6
      vertex 2.6 64.75 4.6
    endloop
  endfacet
  facet normal -1 0 0
    outer loop
      vertex 2.6 50.75 4.6
      vertex 2.6 31.75 4.6
      vertex 2.6 50.75 5.6
    endloop
  endfacet
  facet normal -1 0 0
    outer loop
      vertex 2.6 78 2
      vertex 2.6 31.75 4.6
      vertex 2.6 50.75 4.6
    endloop
  endfacet
  facet normal -1 0 0
    outer loop
      vertex 2.6 4.5 2
      vertex 2.6 31.75 4.6
      vertex 2.6 78 2
    endloop
  endfacet
  facet normal -1 0 0
    outer loop
      vertex 2.6 4.5 6.59
      vertex 2.6 17.75 4.6
      vertex 2.6 4.5 2
    endloop
  endfacet
  facet normal -1 -0 0
    outer loop
      vertex 2.6 31.75 4.6
      vertex 2.6 4.5 2
      vertex 2.6 17.75 4.6
    endloop
  endfacet
  facet normal -1 0 0
    outer loop
      vertex 2.6 64.75 5.6
      vertex 2.6 78 6.59
      vertex 2.6 64.75 4.6
    endloop
  endfacet
  facet normal -1 0 0
    outer loop
      vertex 2.6 50.75 5.6
      vertex 2.6 78 6.59
      vertex 2.6 64.75 5.6
    endloop
  endfacet
  facet normal -1 0 0
    outer loop
      vertex 2.6 31.75 5.6
      vertex 2.6 50.75 5.6
      vertex 2.6 31.75 4.6
    endloop
  endfacet
  facet normal -1 0 0
    outer loop
      vertex 2.6 31.75 5.6
      vertex 2.6 78 6.59
      vertex 2.6 50.75 5.6
    endloop
  endfacet
  facet normal -1 0 0
    outer loop
      vertex 2.6 4.5 6.59
      vertex 2.6 31.75 5.6
      vertex 2.6 17.75 5.6
    endloop
  endfacet
  facet normal -1 0 0
    outer loop
      vertex 2.6 31.75 5.6
      vertex 2.6 4.5 6.59
      vertex 2.6 78 6.59
    endloop
  endfacet
  facet normal -1 0 0
    outer loop
      vertex 2.6 17.75 4.6
      vertex 2.6 4.5 6.59
      vertex 2.6 17.75 5.6
    endloop
  endfacet
  facet normal -0.336907 -0.941538 0
    outer loop
      vertex 3.7729 2.74463 2
      vertex 3.94846 2.68181 6.59
      vertex 3.7729 2.74463 6.59
    endloop
  endfacet
  facet normal -0.336907 -0.941538 -0
    outer loop
      vertex 3.94846 2.68181 6.59
      vertex 3.7729 2.74463 2
      vertex 3.94846 2.68181 2
    endloop
  endfacet
  facet normal 0.941596 0.336744 0
    outer loop
      vertex 73.3182 78.5515 6.59
      vertex 73.2554 78.7271 2
      vertex 73.2554 78.7271 6.59
    endloop
  endfacet
  facet normal 0.941596 0.336744 0
    outer loop
      vertex 73.2554 78.7271 2
      vertex 73.3182 78.5515 6.59
      vertex 73.3182 78.5515 2
    endloop
  endfacet
  facet normal -0.803092 0.595855 0
    outer loop
      vertex 2.92021 79.0556 2
      vertex 3.03128 79.2053 6.59
      vertex 3.03128 79.2053 2
    endloop
  endfacet
  facet normal -0.803092 0.595855 0
    outer loop
      vertex 3.03128 79.2053 6.59
      vertex 2.92021 79.0556 2
      vertex 2.92021 79.0556 6.59
    endloop
  endfacet
  facet normal 0.595855 -0.803092 0
    outer loop
      vertex 72.5556 2.92021 2
      vertex 72.7053 3.03128 6.59
      vertex 72.5556 2.92021 6.59
    endloop
  endfacet
  facet normal 0.595855 -0.803092 0
    outer loop
      vertex 72.7053 3.03128 6.59
      vertex 72.5556 2.92021 2
      vertex 72.7053 3.03128 2
    endloop
  endfacet
  facet normal 0.0488139 0.998808 -0
    outer loop
      vertex 71.6862 79.8909 2
      vertex 71.5 79.9 6.59
      vertex 71.6862 79.8909 6.59
    endloop
  endfacet
  facet normal 0.0488139 0.998808 0
    outer loop
      vertex 71.5 79.9 6.59
      vertex 71.6862 79.8909 2
      vertex 71.5 79.9 2
    endloop
  endfacet
  facet normal 0.998808 0.0488139 0
    outer loop
      vertex 73.4 78 6.59
      vertex 73.3909 78.1862 2
      vertex 73.3909 78.1862 6.59
    endloop
  endfacet
  facet normal 0.998808 0.0488139 0
    outer loop
      vertex 73.3909 78.1862 2
      vertex 73.4 78 6.59
      vertex 73.4 78 2
    endloop
  endfacet
  facet normal 0.998808 -0.0488061 0
    outer loop
      vertex 73.3909 4.31377 6.59
      vertex 73.4 4.5 2
      vertex 73.4 4.5 6.59
    endloop
  endfacet
  facet normal 0.998808 -0.0488061 0
    outer loop
      vertex 73.4 4.5 2
      vertex 73.3909 4.31377 6.59
      vertex 73.3909 4.31377 2
    endloop
  endfacet
  facet normal -0.998795 0.0490815 0
    outer loop
      vertex 2.6 78 2
      vertex 2.60915 78.1862 6.59
      vertex 2.60915 78.1862 2
    endloop
  endfacet
  facet normal -0.998795 0.0490815 0
    outer loop
      vertex 2.60915 78.1862 6.59
      vertex 2.6 78 2
      vertex 2.6 78 6.59
    endloop
  endfacet
  facet normal 0.336744 0.941596 -0
    outer loop
      vertex 72.2271 79.7554 2
      vertex 72.0515 79.8182 6.59
      vertex 72.2271 79.7554 6.59
    endloop
  endfacet
  facet normal 0.336744 0.941596 0
    outer loop
      vertex 72.0515 79.8182 6.59
      vertex 72.2271 79.7554 2
      vertex 72.0515 79.8182 2
    endloop
  endfacet
  facet normal 0.427459 -0.904035 0
    outer loop
      vertex 72.2271 2.74463 2
      vertex 72.3957 2.82435 6.59
      vertex 72.2271 2.74463 6.59
    endloop
  endfacet
  facet normal 0.427459 -0.904035 0
    outer loop
      vertex 72.3957 2.82435 6.59
      vertex 72.2271 2.74463 2
      vertex 72.3957 2.82435 2
    endloop
  endfacet
  facet normal -0.904035 0.427459 0
    outer loop
      vertex 2.74463 78.7271 2
      vertex 2.82435 78.8957 6.59
      vertex 2.82435 78.8957 2
    endloop
  endfacet
  facet normal -0.904035 0.427459 0
    outer loop
      vertex 2.82435 78.8957 6.59
      vertex 2.74463 78.7271 2
      vertex 2.74463 78.7271 6.59
    endloop
  endfacet
  facet normal 0.85763 -0.514267 0
    outer loop
      vertex 73.0798 3.44442 6.59
      vertex 73.1757 3.60435 2
      vertex 73.1757 3.60435 6.59
    endloop
  endfacet
  facet normal 0.85763 -0.514267 0
    outer loop
      vertex 73.1757 3.60435 2
      vertex 73.0798 3.44442 6.59
      vertex 73.0798 3.44442 2
    endloop
  endfacet
  facet normal 0.989152 0.146898 0
    outer loop
      vertex 73.3909 78.1862 6.59
      vertex 73.3635 78.3707 2
      vertex 73.3635 78.3707 6.59
    endloop
  endfacet
  facet normal 0.989152 0.146898 0
    outer loop
      vertex 73.3635 78.3707 2
      vertex 73.3909 78.1862 6.59
      vertex 73.3909 78.1862 2
    endloop
  endfacet
  facet normal -0.998795 -0.0490736 0
    outer loop
      vertex 2.60915 4.31377 2
      vertex 2.6 4.5 6.59
      vertex 2.6 4.5 2
    endloop
  endfacet
  facet normal -0.998795 -0.0490736 0
    outer loop
      vertex 2.6 4.5 6.59
      vertex 2.60915 4.31377 2
      vertex 2.60915 4.31377 6.59
    endloop
  endfacet
  facet normal 0.989145 -0.146945 0
    outer loop
      vertex 73.3635 4.12933 6.59
      vertex 73.3909 4.31377 2
      vertex 73.3909 4.31377 6.59
    endloop
  endfacet
  facet normal 0.989145 -0.146945 0
    outer loop
      vertex 73.3909 4.31377 2
      vertex 73.3635 4.12933 6.59
      vertex 73.3635 4.12933 2
    endloop
  endfacet
  facet normal -0.989183 0.146689 0
    outer loop
      vertex 2.60915 78.1862 2
      vertex 2.63651 78.3707 6.59
      vertex 2.63651 78.3707 2
    endloop
  endfacet
  facet normal -0.989183 0.146689 0
    outer loop
      vertex 2.63651 78.3707 6.59
      vertex 2.60915 78.1862 2
      vertex 2.60915 78.1862 6.59
    endloop
  endfacet
  facet normal 0.0490815 -0.998795 0
    outer loop
      vertex 71.5 2.6 2
      vertex 71.6862 2.60915 6.59
      vertex 71.5 2.6 6.59
    endloop
  endfacet
  facet normal 0.0490815 -0.998795 0
    outer loop
      vertex 71.6862 2.60915 6.59
      vertex 71.5 2.6 2
      vertex 71.6862 2.60915 2
    endloop
  endfacet
  facet normal 0.243041 -0.970016 0
    outer loop
      vertex 71.8707 2.63651 2
      vertex 72.0515 2.68181 6.59
      vertex 71.8707 2.63651 6.59
    endloop
  endfacet
  facet normal 0.243041 -0.970016 0
    outer loop
      vertex 72.0515 2.68181 6.59
      vertex 71.8707 2.63651 2
      vertex 72.0515 2.68181 2
    endloop
  endfacet
  facet normal 0.595959 0.803015 -0
    outer loop
      vertex 72.7053 79.4687 2
      vertex 72.5556 79.5798 6.59
      vertex 72.7053 79.4687 6.59
    endloop
  endfacet
  facet normal 0.595959 0.803015 0
    outer loop
      vertex 72.5556 79.5798 6.59
      vertex 72.7053 79.4687 2
      vertex 72.5556 79.5798 2
    endloop
  endfacet
  facet normal -0.857682 0.51418 0
    outer loop
      vertex 2.82435 78.8957 2
      vertex 2.92021 79.0556 6.59
      vertex 2.92021 79.0556 2
    endloop
  endfacet
  facet normal -0.857682 0.51418 0
    outer loop
      vertex 2.92021 79.0556 6.59
      vertex 2.82435 78.8957 2
      vertex 2.82435 78.8957 6.59
    endloop
  endfacet
  facet normal 0.671449 -0.74105 0
    outer loop
      vertex 72.7053 3.03128 2
      vertex 72.8435 3.1565 6.59
      vertex 72.7053 3.03128 6.59
    endloop
  endfacet
  facet normal 0.671449 -0.74105 0
    outer loop
      vertex 72.8435 3.1565 6.59
      vertex 72.7053 3.03128 2
      vertex 72.8435 3.1565 2
    endloop
  endfacet
  facet normal 0.146689 -0.989183 0
    outer loop
      vertex 71.6862 2.60915 2
      vertex 71.8707 2.63651 6.59
      vertex 71.6862 2.60915 6.59
    endloop
  endfacet
  facet normal 0.146689 -0.989183 0
    outer loop
      vertex 71.8707 2.63651 6.59
      vertex 71.6862 2.60915 2
      vertex 71.8707 2.63651 2
    endloop
  endfacet
  facet normal -0.74105 0.671449 0
    outer loop
      vertex 3.03128 79.2053 2
      vertex 3.1565 79.3435 6.59
      vertex 3.1565 79.3435 2
    endloop
  endfacet
  facet normal -0.74105 0.671449 0
    outer loop
      vertex 3.1565 79.3435 6.59
      vertex 3.03128 79.2053 2
      vertex 3.03128 79.2053 6.59
    endloop
  endfacet
  facet normal 0.803149 -0.595779 0
    outer loop
      vertex 72.9687 3.29465 6.59
      vertex 73.0798 3.44442 2
      vertex 73.0798 3.44442 6.59
    endloop
  endfacet
  facet normal 0.803149 -0.595779 0
    outer loop
      vertex 73.0798 3.44442 2
      vertex 72.9687 3.29465 6.59
      vertex 72.9687 3.29465 2
    endloop
  endfacet
  facet normal -0.0490736 -0.998795 0
    outer loop
      vertex 4.31377 2.60915 2
      vertex 4.5 2.6 6.59
      vertex 4.31377 2.60915 6.59
    endloop
  endfacet
  facet normal -0.0490736 -0.998795 -0
    outer loop
      vertex 4.5 2.6 6.59
      vertex 4.31377 2.60915 2
      vertex 4.5 2.6 2
    endloop
  endfacet
  facet normal -0.336812 0.941572 0
    outer loop
      vertex 3.94846 79.8182 2
      vertex 3.7729 79.7554 6.59
      vertex 3.94846 79.8182 6.59
    endloop
  endfacet
  facet normal -0.336812 0.941572 0
    outer loop
      vertex 3.7729 79.7554 6.59
      vertex 3.94846 79.8182 2
      vertex 3.7729 79.7554 2
    endloop
  endfacet
  facet normal -0.671583 -0.740929 0
    outer loop
      vertex 3.1565 3.1565 2
      vertex 3.29465 3.03128 6.59
      vertex 3.1565 3.1565 6.59
    endloop
  endfacet
  facet normal -0.671583 -0.740929 -0
    outer loop
      vertex 3.29465 3.03128 6.59
      vertex 3.1565 3.1565 2
      vertex 3.29465 3.03128 2
    endloop
  endfacet
  facet normal 0 0 1
    outer loop
      vertex 71.7904 77.8975 6.59
      vertex 73.4 78 6.59
      vertex 73.3909 78.1862 6.59
    endloop
  endfacet
  facet normal 0 0 1
    outer loop
      vertex 73.4 78 6.59
      vertex 71.8 77.8 6.59
      vertex 73.4 4.5 6.59
    endloop
  endfacet
  facet normal 0 0 1
    outer loop
      vertex 71.7785 77.9451 6.59
      vertex 73.3909 78.1862 6.59
      vertex 73.3635 78.3707 6.59
    endloop
  endfacet
  facet normal -0 0 1
    outer loop
      vertex 71.8 4.7 6.59
      vertex 73.4 4.5 6.59
      vertex 71.8 77.8 6.59
    endloop
  endfacet
  facet normal 0 0 1
    outer loop
      vertex 71.7619 77.9913 6.59
      vertex 73.3635 78.3707 6.59
      vertex 73.3182 78.5515 6.59
    endloop
  endfacet
  facet normal -0 0 1
    outer loop
      vertex 71.7976 4.65099 6.59
      vertex 73.4 4.5 6.59
      vertex 71.8 4.7 6.59
    endloop
  endfacet
  facet normal 0 0 1
    outer loop
      vertex 71.7619 77.9913 6.59
      vertex 73.3182 78.5515 6.59
      vertex 73.2554 78.7271 6.59
    endloop
  endfacet
  facet normal -0 0 1
    outer loop
      vertex 71.7904 4.60245 6.59
      vertex 73.4 4.5 6.59
      vertex 71.7976 4.65099 6.59
    endloop
  endfacet
  facet normal 0 0 1
    outer loop
      vertex 71.741 78.0357 6.59
      vertex 73.2554 78.7271 6.59
      vertex 73.1757 78.8957 6.59
    endloop
  endfacet
  facet normal 0 0 1
    outer loop
      vertex 73.4 4.5 6.59
      vertex 71.7904 4.60245 6.59
      vertex 73.3909 4.31377 6.59
    endloop
  endfacet
  facet normal 0 0 1
    outer loop
      vertex 71.7157 78.0778 6.59
      vertex 73.1757 78.8957 6.59
      vertex 73.0798 79.0556 6.59
    endloop
  endfacet
  facet normal -0 0 1
    outer loop
      vertex 71.7785 4.55486 6.59
      vertex 73.3909 4.31377 6.59
      vertex 71.7904 4.60245 6.59
    endloop
  endfacet
  facet normal 0 0 1
    outer loop
      vertex 71.6865 78.1172 6.59
      vertex 73.0798 79.0556 6.59
      vertex 72.9687 79.2053 6.59
    endloop
  endfacet
  facet normal 0 0 1
    outer loop
      vertex 73.3909 4.31377 6.59
      vertex 71.7785 4.55486 6.59
      vertex 73.3635 4.12933 6.59
    endloop
  endfacet
  facet normal 0 0 1
    outer loop
      vertex 71.6535 78.1535 6.59
      vertex 72.9687 79.2053 6.59
      vertex 72.8435 79.3435 6.59
    endloop
  endfacet
  facet normal -0 0 1
    outer loop
      vertex 71.7619 4.50866 6.59
      vertex 73.3635 4.12933 6.59
      vertex 71.7785 4.55486 6.59
    endloop
  endfacet
  facet normal 0 0 1
    outer loop
      vertex 71.6535 78.1535 6.59
      vertex 72.8435 79.3435 6.59
      vertex 72.7053 79.4687 6.59
    endloop
  endfacet
  facet normal 0 0 1
    outer loop
      vertex 73.3635 4.12933 6.59
      vertex 71.7619 4.50866 6.59
      vertex 73.3182 3.94846 6.59
    endloop
  endfacet
  facet normal 0 0 1
    outer loop
      vertex 71.6172 78.1865 6.59
      vertex 72.7053 79.4687 6.59
      vertex 72.5556 79.5798 6.59
    endloop
  endfacet
  facet normal 0 0 1
    outer loop
      vertex 73.3182 3.94846 6.59
      vertex 71.7619 4.50866 6.59
      vertex 73.2554 3.7729 6.59
    endloop
  endfacet
  facet normal 0 0 1
    outer loop
      vertex 71.5778 78.2157 6.59
      vertex 72.5556 79.5798 6.59
      vertex 72.3957 79.6757 6.59
    endloop
  endfacet
  facet normal -0 0 1
    outer loop
      vertex 71.741 4.4643 6.59
      vertex 73.2554 3.7729 6.59
      vertex 71.7619 4.50866 6.59
    endloop
  endfacet
  facet normal 0 0 1
    outer loop
      vertex 71.5357 78.241 6.59
      vertex 72.3957 79.6757 6.59
      vertex 72.2271 79.7554 6.59
    endloop
  endfacet
  facet normal 0 0 1
    outer loop
      vertex 73.2554 3.7729 6.59
      vertex 71.741 4.4643 6.59
      vertex 73.1757 3.60435 6.59
    endloop
  endfacet
  facet normal 0 0 1
    outer loop
      vertex 71.4913 78.2619 6.59
      vertex 72.2271 79.7554 6.59
      vertex 72.0515 79.8182 6.59
    endloop
  endfacet
  facet normal -0 0 1
    outer loop
      vertex 71.7157 4.42221 6.59
      vertex 73.1757 3.60435 6.59
      vertex 71.741 4.4643 6.59
    endloop
  endfacet
  facet normal 0 0 1
    outer loop
      vertex 71.4913 78.2619 6.59
      vertex 72.0515 79.8182 6.59
      vertex 71.8707 79.8635 6.59
    endloop
  endfacet
  facet normal 0 0 1
    outer loop
      vertex 73.1757 3.60435 6.59
      vertex 71.7157 4.42221 6.59
      vertex 73.0798 3.44442 6.59
    endloop
  endfacet
  facet normal -0 0 1
    outer loop
      vertex 71.6865 4.3828 6.59
      vertex 73.0798 3.44442 6.59
      vertex 71.7157 4.42221 6.59
    endloop
  endfacet
  facet normal 0 0 1
    outer loop
      vertex 73.4 78 6.59
      vertex 71.7976 77.849 6.59
      vertex 71.8 77.8 6.59
    endloop
  endfacet
  facet normal 0 0 1
    outer loop
      vertex 73.4 78 6.59
      vertex 71.7904 77.8975 6.59
      vertex 71.7976 77.849 6.59
    endloop
  endfacet
  facet normal 0 0 1
    outer loop
      vertex 73.3909 78.1862 6.59
      vertex 71.7785 77.9451 6.59
      vertex 71.7904 77.8975 6.59
    endloop
  endfacet
  facet normal 0 0 1
    outer loop
      vertex 73.3635 78.3707 6.59
      vertex 71.7619 77.9913 6.59
      vertex 71.7785 77.9451 6.59
    endloop
  endfacet
  facet normal 0 0 1
    outer loop
      vertex 73.2554 78.7271 6.59
      vertex 71.741 78.0357 6.59
      vertex 71.7619 77.9913 6.59
    endloop
  endfacet
  facet normal 0 0 1
    outer loop
      vertex 73.1757 78.8957 6.59
      vertex 71.7157 78.0778 6.59
      vertex 71.741 78.0357 6.59
    endloop
  endfacet
  facet normal 0 0 1
    outer loop
      vertex 73.0798 79.0556 6.59
      vertex 71.6865 78.1172 6.59
      vertex 71.7157 78.0778 6.59
    endloop
  endfacet
  facet normal 0 0 1
    outer loop
      vertex 71.4451 78.2785 6.59
      vertex 71.8707 79.8635 6.59
      vertex 71.6862 79.8909 6.59
    endloop
  endfacet
  facet normal 0 0 1
    outer loop
      vertex 72.9687 79.2053 6.59
      vertex 71.6535 78.1535 6.59
      vertex 71.6865 78.1172 6.59
    endloop
  endfacet
  facet normal 0 0 1
    outer loop
      vertex 72.7053 79.4687 6.59
      vertex 71.6172 78.1865 6.59
      vertex 71.6535 78.1535 6.59
    endloop
  endfacet
  facet normal 0 0 1
    outer loop
      vertex 72.5556 79.5798 6.59
      vertex 71.5778 78.2157 6.59
      vertex 71.6172 78.1865 6.59
    endloop
  endfacet
  facet normal 0 0 1
    outer loop
      vertex 72.3957 79.6757 6.59
      vertex 71.5357 78.241 6.59
      vertex 71.5778 78.2157 6.59
    endloop
  endfacet
  facet normal 0 0 1
    outer loop
      vertex 71.3975 78.2904 6.59
      vertex 71.6862 79.8909 6.59
      vertex 71.5 79.9 6.59
    endloop
  endfacet
  facet normal 0 0 1
    outer loop
      vertex 72.2271 79.7554 6.59
      vertex 71.4913 78.2619 6.59
      vertex 71.5357 78.241 6.59
    endloop
  endfacet
  facet normal 0 0 1
    outer loop
      vertex 71.8707 79.8635 6.59
      vertex 71.4451 78.2785 6.59
      vertex 71.4913 78.2619 6.59
    endloop
  endfacet
  facet normal 0 0 1
    outer loop
      vertex 71.6862 79.8909 6.59
      vertex 71.3975 78.2904 6.59
      vertex 71.4451 78.2785 6.59
    endloop
  endfacet
  facet normal 0 0 1
    outer loop
      vertex 71.5 79.9 6.59
      vertex 71.349 78.2976 6.59
      vertex 71.3975 78.2904 6.59
    endloop
  endfacet
  facet normal 0 0 1
    outer loop
      vertex 71.5 79.9 6.59
      vertex 71.3 78.3 6.59
      vertex 71.349 78.2976 6.59
    endloop
  endfacet
  facet normal 0 0 1
    outer loop
      vertex 71.5 79.9 6.59
      vertex 62.266 78.3 6.59
      vertex 71.3 78.3 6.59
    endloop
  endfacet
  facet normal 0 0 1
    outer loop
      vertex 71.5 79.9 6.59
      vertex 62.1701 78.4292 6.59
      vertex 62.266 78.3 6.59
    endloop
  endfacet
  facet normal 0 0 1
    outer loop
      vertex 71.5 79.9 6.59
      vertex 61.9263 78.6983 6.59
      vertex 62.1701 78.4292 6.59
    endloop
  endfacet
  facet normal 0 0 1
    outer loop
      vertex 71.5 79.9 6.59
      vertex 61.6573 78.9421 6.59
      vertex 61.9263 78.6983 6.59
    endloop
  endfacet
  facet normal 0 0 1
    outer loop
      vertex 71.5 79.9 6.59
      vertex 61.3656 79.1584 6.59
      vertex 61.6573 78.9421 6.59
    endloop
  endfacet
  facet normal 0 0 1
    outer loop
      vertex 71.5 79.9 6.59
      vertex 61.0542 79.3451 6.59
      vertex 61.3656 79.1584 6.59
    endloop
  endfacet
  facet normal 0 0 1
    outer loop
      vertex 71.5 79.9 6.59
      vertex 60.7259 79.5003 6.59
      vertex 61.0542 79.3451 6.59
    endloop
  endfacet
  facet normal 0 0 1
    outer loop
      vertex 71.5 79.9 6.59
      vertex 60.3841 79.6227 6.59
      vertex 60.7259 79.5003 6.59
    endloop
  endfacet
  facet normal 0 0 1
    outer loop
      vertex 71.5 79.9 6.59
      vertex 60.0318 79.7109 6.59
      vertex 60.3841 79.6227 6.59
    endloop
  endfacet
  facet normal 0 0 1
    outer loop
      vertex 71.5 79.9 6.59
      vertex 59.6727 79.7642 6.59
      vertex 60.0318 79.7109 6.59
    endloop
  endfacet
  facet normal 0 0 1
    outer loop
      vertex 71.5 79.9 6.59
      vertex 59.31 79.782 6.59
      vertex 59.6727 79.7642 6.59
    endloop
  endfacet
  facet normal 0 0 1
    outer loop
      vertex 56.4499 78.4292 6.59
      vertex 20.066 78.3 6.59
      vertex 56.354 78.3 6.59
    endloop
  endfacet
  facet normal 0 0 1
    outer loop
      vertex 19.9701 78.4292 6.59
      vertex 56.4499 78.4292 6.59
      vertex 56.6937 78.6983 6.59
    endloop
  endfacet
  facet normal 0 0 1
    outer loop
      vertex 19.7263 78.6983 6.59
      vertex 56.6937 78.6983 6.59
      vertex 56.9627 78.9421 6.59
    endloop
  endfacet
  facet normal 0 0 1
    outer loop
      vertex 19.4573 78.9421 6.59
      vertex 56.9627 78.9421 6.59
      vertex 57.2544 79.1584 6.59
    endloop
  endfacet
  facet normal 0 0 1
    outer loop
      vertex 19.1656 79.1584 6.59
      vertex 57.2544 79.1584 6.59
      vertex 57.5658 79.3451 6.59
    endloop
  endfacet
  facet normal 0 0 1
    outer loop
      vertex 18.8542 79.3451 6.59
      vertex 57.5658 79.3451 6.59
      vertex 57.8941 79.5003 6.59
    endloop
  endfacet
  facet normal 0 0 1
    outer loop
      vertex 18.5259 79.5003 6.59
      vertex 57.8941 79.5003 6.59
      vertex 58.2359 79.6227 6.59
    endloop
  endfacet
  facet normal 0 0 1
    outer loop
      vertex 18.1841 79.6227 6.59
      vertex 58.2359 79.6227 6.59
      vertex 58.5882 79.7109 6.59
    endloop
  endfacet
  facet normal 0 0 1
    outer loop
      vertex 17.8318 79.7109 6.59
      vertex 58.5882 79.7109 6.59
      vertex 58.9473 79.7642 6.59
    endloop
  endfacet
  facet normal 0 0 1
    outer loop
      vertex 17.4727 79.7642 6.59
      vertex 58.9473 79.7642 6.59
      vertex 59.31 79.782 6.59
    endloop
  endfacet
  facet normal 0 0 1
    outer loop
      vertex 56.4499 78.4292 6.59
      vertex 19.9701 78.4292 6.59
      vertex 20.066 78.3 6.59
    endloop
  endfacet
  facet normal 0 0 1
    outer loop
      vertex 56.6937 78.6983 6.59
      vertex 19.7263 78.6983 6.59
      vertex 19.9701 78.4292 6.59
    endloop
  endfacet
  facet normal 0 0 1
    outer loop
      vertex 56.9627 78.9421 6.59
      vertex 19.4573 78.9421 6.59
      vertex 19.7263 78.6983 6.59
    endloop
  endfacet
  facet normal 0 0 1
    outer loop
      vertex 57.2544 79.1584 6.59
      vertex 19.1656 79.1584 6.59
      vertex 19.4573 78.9421 6.59
    endloop
  endfacet
  facet normal 0 0 1
    outer loop
      vertex 57.5658 79.3451 6.59
      vertex 18.8542 79.3451 6.59
      vertex 19.1656 79.1584 6.59
    endloop
  endfacet
  facet normal 0 0 1
    outer loop
      vertex 57.8941 79.5003 6.59
      vertex 18.5259 79.5003 6.59
      vertex 18.8542 79.3451 6.59
    endloop
  endfacet
  facet normal 0 0 1
    outer loop
      vertex 17.11 79.782 6.59
      vertex 59.31 79.782 6.59
      vertex 71.5 79.9 6.59
    endloop
  endfacet
  facet normal 0 0 1
    outer loop
      vertex 58.2359 79.6227 6.59
      vertex 18.1841 79.6227 6.59
      vertex 18.5259 79.5003 6.59
    endloop
  endfacet
  facet normal 0 0 1
    outer loop
      vertex 58.5882 79.7109 6.59
      vertex 17.8318 79.7109 6.59
      vertex 18.1841 79.6227 6.59
    endloop
  endfacet
  facet normal 0 0 1
    outer loop
      vertex 58.9473 79.7642 6.59
      vertex 17.4727 79.7642 6.59
      vertex 17.8318 79.7109 6.59
    endloop
  endfacet
  facet normal 0 0 1
    outer loop
      vertex 59.31 79.782 6.59
      vertex 17.11 79.782 6.59
      vertex 17.4727 79.7642 6.59
    endloop
  endfacet
  facet normal 0 0 1
    outer loop
      vertex 4.5 79.9 6.59
      vertex 14.154 78.3 6.59
      vertex 14.2499 78.4292 6.59
    endloop
  endfacet
  facet normal 0 0 1
    outer loop
      vertex 4.5 79.9 6.59
      vertex 14.2499 78.4292 6.59
      vertex 14.4937 78.6983 6.59
    endloop
  endfacet
  facet normal 0 0 1
    outer loop
      vertex 4.5 79.9 6.59
      vertex 14.4937 78.6983 6.59
      vertex 14.7627 78.9421 6.59
    endloop
  endfacet
  facet normal 0 0 1
    outer loop
      vertex 4.5 79.9 6.59
      vertex 14.7627 78.9421 6.59
      vertex 15.0544 79.1584 6.59
    endloop
  endfacet
  facet normal 0 0 1
    outer loop
      vertex 4.5 79.9 6.59
      vertex 15.0544 79.1584 6.59
      vertex 15.3658 79.3451 6.59
    endloop
  endfacet
  facet normal 0 0 1
    outer loop
      vertex 4.5 79.9 6.59
      vertex 15.3658 79.3451 6.59
      vertex 15.6941 79.5003 6.59
    endloop
  endfacet
  facet normal 0 0 1
    outer loop
      vertex 4.5 79.9 6.59
      vertex 15.6941 79.5003 6.59
      vertex 16.0359 79.6227 6.59
    endloop
  endfacet
  facet normal 0 0 1
    outer loop
      vertex 4.5 79.9 6.59
      vertex 16.0359 79.6227 6.59
      vertex 16.3882 79.7109 6.59
    endloop
  endfacet
  facet normal 0 0 1
    outer loop
      vertex 4.5 79.9 6.59
      vertex 16.3882 79.7109 6.59
      vertex 16.7473 79.7642 6.59
    endloop
  endfacet
  facet normal 0 0 1
    outer loop
      vertex 14.154 78.3 6.59
      vertex 4.5 79.9 6.59
      vertex 4.7 78.3 6.59
    endloop
  endfacet
  facet normal -0 0 1
    outer loop
      vertex 4.5 79.9 6.59
      vertex 17.11 79.782 6.59
      vertex 71.5 79.9 6.59
    endloop
  endfacet
  facet normal 0 0 1
    outer loop
      vertex 4.5 79.9 6.59
      vertex 16.7473 79.7642 6.59
      vertex 17.11 79.782 6.59
    endloop
  endfacet
  facet normal 0 0 1
    outer loop
      vertex 4.7 78.3 6.59
      vertex 4.5 79.9 6.59
      vertex 4.65099 78.2976 6.59
    endloop
  endfacet
  facet normal 0 0 1
    outer loop
      vertex 4.5 79.9 6.59
      vertex 4.60245 78.2904 6.59
      vertex 4.65099 78.2976 6.59
    endloop
  endfacet
  facet normal -0 0 1
    outer loop
      vertex 4.31377 79.8909 6.59
      vertex 4.60245 78.2904 6.59
      vertex 4.5 79.9 6.59
    endloop
  endfacet
  facet normal 0 0 1
    outer loop
      vertex 4.60245 78.2904 6.59
      vertex 4.31377 79.8909 6.59
      vertex 4.55486 78.2785 6.59
    endloop
  endfacet
  facet normal -0 0 1
    outer loop
      vertex 4.12933 79.8635 6.59
      vertex 4.55486 78.2785 6.59
      vertex 4.31377 79.8909 6.59
    endloop
  endfacet
  facet normal 0 0 1
    outer loop
      vertex 4.55486 78.2785 6.59
      vertex 4.12933 79.8635 6.59
      vertex 4.50866 78.2619 6.59
    endloop
  endfacet
  facet normal -0 0 1
    outer loop
      vertex 3.94846 79.8182 6.59
      vertex 4.50866 78.2619 6.59
      vertex 4.12933 79.8635 6.59
    endloop
  endfacet
  facet normal -0 0 1
    outer loop
      vertex 3.7729 79.7554 6.59
      vertex 4.50866 78.2619 6.59
      vertex 3.94846 79.8182 6.59
    endloop
  endfacet
  facet normal 0 0 1
    outer loop
      vertex 4.50866 78.2619 6.59
      vertex 3.7729 79.7554 6.59
      vertex 4.4643 78.241 6.59
    endloop
  endfacet
  facet normal -0 0 1
    outer loop
      vertex 3.60435 79.6757 6.59
      vertex 4.4643 78.241 6.59
      vertex 3.7729 79.7554 6.59
    endloop
  endfacet
  facet normal 0 0 1
    outer loop
      vertex 4.4643 78.241 6.59
      vertex 3.60435 79.6757 6.59
      vertex 4.42221 78.2157 6.59
    endloop
  endfacet
  facet normal -0 0 1
    outer loop
      vertex 3.44442 79.5798 6.59
      vertex 4.42221 78.2157 6.59
      vertex 3.60435 79.6757 6.59
    endloop
  endfacet
  facet normal 0 0 1
    outer loop
      vertex 4.42221 78.2157 6.59
      vertex 3.44442 79.5798 6.59
      vertex 4.3828 78.1865 6.59
    endloop
  endfacet
  facet normal -0 0 1
    outer loop
      vertex 3.29465 79.4687 6.59
      vertex 4.3828 78.1865 6.59
      vertex 3.44442 79.5798 6.59
    endloop
  endfacet
  facet normal 0 0 1
    outer loop
      vertex 4.3828 78.1865 6.59
      vertex 3.29465 79.4687 6.59
      vertex 4.34645 78.1535 6.59
    endloop
  endfacet
  facet normal -0 0 1
    outer loop
      vertex 3.1565 79.3435 6.59
      vertex 4.34645 78.1535 6.59
      vertex 3.29465 79.4687 6.59
    endloop
  endfacet
  facet normal -0 0 1
    outer loop
      vertex 2.92021 79.0556 6.59
      vertex 4.31349 78.1172 6.59
      vertex 3.03128 79.2053 6.59
    endloop
  endfacet
  facet normal 0 0 1
    outer loop
      vertex 4.34645 78.1535 6.59
      vertex 3.03128 79.2053 6.59
      vertex 4.31349 78.1172 6.59
    endloop
  endfacet
  facet normal -0 0 1
    outer loop
      vertex 3.03128 79.2053 6.59
      vertex 4.34645 78.1535 6.59
      vertex 3.1565 79.3435 6.59
    endloop
  endfacet
  facet normal 0 0 1
    outer loop
      vertex 73.0798 3.44442 6.59
      vertex 71.6865 4.3828 6.59
      vertex 72.9687 3.29465 6.59
    endloop
  endfacet
  facet normal -0 0 1
    outer loop
      vertex 71.6535 4.34645 6.59
      vertex 72.9687 3.29465 6.59
      vertex 71.6865 4.3828 6.59
    endloop
  endfacet
  facet normal 0 0 1
    outer loop
      vertex 72.9687 3.29465 6.59
      vertex 71.6535 4.34645 6.59
      vertex 72.8435 3.1565 6.59
    endloop
  endfacet
  facet normal 0 0 1
    outer loop
      vertex 72.8435 3.1565 6.59
      vertex 71.6535 4.34645 6.59
      vertex 72.7053 3.03128 6.59
    endloop
  endfacet
  facet normal -0 0 1
    outer loop
      vertex 71.6172 4.31349 6.59
      vertex 72.7053 3.03128 6.59
      vertex 71.6535 4.34645 6.59
    endloop
  endfacet
  facet normal 0 0 1
    outer loop
      vertex 72.7053 3.03128 6.59
      vertex 71.6172 4.31349 6.59
      vertex 72.5556 2.92021 6.59
    endloop
  endfacet
  facet normal -0 0 1
    outer loop
      vertex 71.5778 4.28427 6.59
      vertex 72.5556 2.92021 6.59
      vertex 71.6172 4.31349 6.59
    endloop
  endfacet
  facet normal 0 0 1
    outer loop
      vertex 72.5556 2.92021 6.59
      vertex 71.5778 4.28427 6.59
      vertex 72.3957 2.82435 6.59
    endloop
  endfacet
  facet normal -0 0 1
    outer loop
      vertex 71.5357 4.25904 6.59
      vertex 72.3957 2.82435 6.59
      vertex 71.5778 4.28427 6.59
    endloop
  endfacet
  facet normal 0 0 1
    outer loop
      vertex 72.3957 2.82435 6.59
      vertex 71.5357 4.25904 6.59
      vertex 72.2271 2.74463 6.59
    endloop
  endfacet
  facet normal -0 0 1
    outer loop
      vertex 71.4913 4.23806 6.59
      vertex 72.2271 2.74463 6.59
      vertex 71.5357 4.25904 6.59
    endloop
  endfacet
  facet normal 0 0 1
    outer loop
      vertex 72.2271 2.74463 6.59
      vertex 71.4913 4.23806 6.59
      vertex 72.0515 2.68181 6.59
    endloop
  endfacet
  facet normal 0 0 1
    outer loop
      vertex 72.0515 2.68181 6.59
      vertex 71.4913 4.23806 6.59
      vertex 71.8707 2.63651 6.59
    endloop
  endfacet
  facet normal -0 0 1
    outer loop
      vertex 71.4451 4.22153 6.59
      vertex 71.8707 2.63651 6.59
      vertex 71.4913 4.23806 6.59
    endloop
  endfacet
  facet normal 0 0 1
    outer loop
      vertex 71.8707 2.63651 6.59
      vertex 71.4451 4.22153 6.59
      vertex 71.6862 2.60915 6.59
    endloop
  endfacet
  facet normal -0 0 1
    outer loop
      vertex 71.3975 4.20961 6.59
      vertex 71.6862 2.60915 6.59
      vertex 71.4451 4.22153 6.59
    endloop
  endfacet
  facet normal 0 0 1
    outer loop
      vertex 71.6862 2.60915 6.59
      vertex 71.3975 4.20961 6.59
      vertex 71.5 2.6 6.59
    endloop
  endfacet
  facet normal -0 0 1
    outer loop
      vertex 71.349 4.20241 6.59
      vertex 71.5 2.6 6.59
      vertex 71.3975 4.20961 6.59
    endloop
  endfacet
  facet normal -0 0 1
    outer loop
      vertex 71.3 4.2 6.59
      vertex 71.5 2.6 6.59
      vertex 71.349 4.20241 6.59
    endloop
  endfacet
  facet normal -0 0 1
    outer loop
      vertex 4.7 4.2 6.59
      vertex 71.5 2.6 6.59
      vertex 71.3 4.2 6.59
    endloop
  endfacet
  facet normal 0 0 1
    outer loop
      vertex 4.7 4.2 6.59
      vertex 4.5 2.6 6.59
      vertex 71.5 2.6 6.59
    endloop
  endfacet
  facet normal 0 0 1
    outer loop
      vertex 4.65099 4.20241 6.59
      vertex 4.5 2.6 6.59
      vertex 4.7 4.2 6.59
    endloop
  endfacet
  facet normal 0 0 1
    outer loop
      vertex 4.60245 4.20961 6.59
      vertex 4.5 2.6 6.59
      vertex 4.65099 4.20241 6.59
    endloop
  endfacet
  facet normal 0 0 1
    outer loop
      vertex 4.31377 2.60915 6.59
      vertex 4.60245 4.20961 6.59
      vertex 4.55486 4.22153 6.59
    endloop
  endfacet
  facet normal 0 0 1
    outer loop
      vertex 4.12933 2.63651 6.59
      vertex 4.55486 4.22153 6.59
      vertex 4.50866 4.23806 6.59
    endloop
  endfacet
  facet normal 0 0 1
    outer loop
      vertex 3.7729 2.74463 6.59
      vertex 4.50866 4.23806 6.59
      vertex 4.4643 4.25904 6.59
    endloop
  endfacet
  facet normal 0 0 1
    outer loop
      vertex 3.60435 2.82435 6.59
      vertex 4.4643 4.25904 6.59
      vertex 4.42221 4.28427 6.59
    endloop
  endfacet
  facet normal 0 0 1
    outer loop
      vertex 3.44442 2.92021 6.59
      vertex 4.42221 4.28427 6.59
      vertex 4.3828 4.31349 6.59
    endloop
  endfacet
  facet normal 0 0 1
    outer loop
      vertex 3.29465 3.03128 6.59
      vertex 4.3828 4.31349 6.59
      vertex 4.34645 4.34645 6.59
    endloop
  endfacet
  facet normal 0 0 1
    outer loop
      vertex 4.60245 4.20961 6.59
      vertex 4.31377 2.60915 6.59
      vertex 4.5 2.6 6.59
    endloop
  endfacet
  facet normal 0 0 1
    outer loop
      vertex 3.03128 3.29465 6.59
      vertex 4.34645 4.34645 6.59
      vertex 4.31349 4.3828 6.59
    endloop
  endfacet
  facet normal 0 0 1
    outer loop
      vertex 2.92021 3.44442 6.59
      vertex 4.31349 4.3828 6.59
      vertex 4.28427 4.42221 6.59
    endloop
  endfacet
  facet normal 0 0 1
    outer loop
      vertex 2.82435 3.60435 6.59
      vertex 4.28427 4.42221 6.59
      vertex 4.25904 4.4643 6.59
    endloop
  endfacet
  facet normal 0 0 1
    outer loop
      vertex 2.74463 3.7729 6.59
      vertex 4.25904 4.4643 6.59
      vertex 4.23806 4.50866 6.59
    endloop
  endfacet
  facet normal 0 0 1
    outer loop
      vertex 2.63651 4.12933 6.59
      vertex 4.23806 4.50866 6.59
      vertex 4.22153 4.55486 6.59
    endloop
  endfacet
  facet normal 0 0 1
    outer loop
      vertex 2.60915 4.31377 6.59
      vertex 4.22153 4.55486 6.59
      vertex 4.20961 4.60245 6.59
    endloop
  endfacet
  facet normal 0 0 1
    outer loop
      vertex 2.6 4.5 6.59
      vertex 4.20961 4.60245 6.59
      vertex 4.20241 4.65099 6.59
    endloop
  endfacet
  facet normal 0 0 1
    outer loop
      vertex 4.55486 4.22153 6.59
      vertex 4.12933 2.63651 6.59
      vertex 4.31377 2.60915 6.59
    endloop
  endfacet
  facet normal 0 0 1
    outer loop
      vertex 2.6 4.5 6.59
      vertex 4.20241 4.65099 6.59
      vertex 4.2 4.7 6.59
    endloop
  endfacet
  facet normal 0 0 1
    outer loop
      vertex 4.2 77.8 6.59
      vertex 2.6 78 6.59
      vertex 4.2 4.7 6.59
    endloop
  endfacet
  facet normal 0 0 1
    outer loop
      vertex 4.31349 78.1172 6.59
      vertex 2.92021 79.0556 6.59
      vertex 4.28427 78.0778 6.59
    endloop
  endfacet
  facet normal 0 0 1
    outer loop
      vertex 2.6 4.5 6.59
      vertex 4.2 4.7 6.59
      vertex 2.6 78 6.59
    endloop
  endfacet
  facet normal -0 0 1
    outer loop
      vertex 2.82435 78.8957 6.59
      vertex 4.28427 78.0778 6.59
      vertex 2.92021 79.0556 6.59
    endloop
  endfacet
  facet normal 0 0 1
    outer loop
      vertex 4.20961 4.60245 6.59
      vertex 2.6 4.5 6.59
      vertex 2.60915 4.31377 6.59
    endloop
  endfacet
  facet normal 0 0 1
    outer loop
      vertex 4.28427 78.0778 6.59
      vertex 2.82435 78.8957 6.59
      vertex 4.25904 78.0357 6.59
    endloop
  endfacet
  facet normal 0 0 1
    outer loop
      vertex 4.50866 4.23806 6.59
      vertex 3.94846 2.68181 6.59
      vertex 4.12933 2.63651 6.59
    endloop
  endfacet
  facet normal -0 0 1
    outer loop
      vertex 2.74463 78.7271 6.59
      vertex 4.25904 78.0357 6.59
      vertex 2.82435 78.8957 6.59
    endloop
  endfacet
  facet normal 0 0 1
    outer loop
      vertex 4.50866 4.23806 6.59
      vertex 3.7729 2.74463 6.59
      vertex 3.94846 2.68181 6.59
    endloop
  endfacet
  facet normal 0 0 1
    outer loop
      vertex 4.25904 78.0357 6.59
      vertex 2.74463 78.7271 6.59
      vertex 4.23806 77.9913 6.59
    endloop
  endfacet
  facet normal 0 0 1
    outer loop
      vertex 4.4643 4.25904 6.59
      vertex 3.60435 2.82435 6.59
      vertex 3.7729 2.74463 6.59
    endloop
  endfacet
  facet normal -0 0 1
    outer loop
      vertex 2.68181 78.5515 6.59
      vertex 4.23806 77.9913 6.59
      vertex 2.74463 78.7271 6.59
    endloop
  endfacet
  facet normal 0 0 1
    outer loop
      vertex 4.42221 4.28427 6.59
      vertex 3.44442 2.92021 6.59
      vertex 3.60435 2.82435 6.59
    endloop
  endfacet
  facet normal -0 0 1
    outer loop
      vertex 2.63651 78.3707 6.59
      vertex 4.23806 77.9913 6.59
      vertex 2.68181 78.5515 6.59
    endloop
  endfacet
  facet normal 0 0 1
    outer loop
      vertex 4.3828 4.31349 6.59
      vertex 3.29465 3.03128 6.59
      vertex 3.44442 2.92021 6.59
    endloop
  endfacet
  facet normal 0 0 1
    outer loop
      vertex 4.23806 77.9913 6.59
      vertex 2.63651 78.3707 6.59
      vertex 4.22153 77.9451 6.59
    endloop
  endfacet
  facet normal 0 0 1
    outer loop
      vertex 4.34645 4.34645 6.59
      vertex 3.1565 3.1565 6.59
      vertex 3.29465 3.03128 6.59
    endloop
  endfacet
  facet normal -0 0 1
    outer loop
      vertex 2.60915 78.1862 6.59
      vertex 4.22153 77.9451 6.59
      vertex 2.63651 78.3707 6.59
    endloop
  endfacet
  facet normal 0 0 1
    outer loop
      vertex 4.34645 4.34645 6.59
      vertex 3.03128 3.29465 6.59
      vertex 3.1565 3.1565 6.59
    endloop
  endfacet
  facet normal 0 0 1
    outer loop
      vertex 4.22153 77.9451 6.59
      vertex 2.60915 78.1862 6.59
      vertex 4.20961 77.8975 6.59
    endloop
  endfacet
  facet normal 0 0 1
    outer loop
      vertex 4.31349 4.3828 6.59
      vertex 2.92021 3.44442 6.59
      vertex 3.03128 3.29465 6.59
    endloop
  endfacet
  facet normal -0 0 1
    outer loop
      vertex 2.6 78 6.59
      vertex 4.20961 77.8975 6.59
      vertex 2.60915 78.1862 6.59
    endloop
  endfacet
  facet normal 0 0 1
    outer loop
      vertex 4.28427 4.42221 6.59
      vertex 2.82435 3.60435 6.59
      vertex 2.92021 3.44442 6.59
    endloop
  endfacet
  facet normal 0 0 1
    outer loop
      vertex 4.20961 77.8975 6.59
      vertex 2.6 78 6.59
      vertex 4.20241 77.849 6.59
    endloop
  endfacet
  facet normal 0 0 1
    outer loop
      vertex 4.25904 4.4643 6.59
      vertex 2.74463 3.7729 6.59
      vertex 2.82435 3.60435 6.59
    endloop
  endfacet
  facet normal 0 0 1
    outer loop
      vertex 4.20241 77.849 6.59
      vertex 2.6 78 6.59
      vertex 4.2 77.8 6.59
    endloop
  endfacet
  facet normal 0 0 1
    outer loop
      vertex 4.23806 4.50866 6.59
      vertex 2.68181 3.94846 6.59
      vertex 2.74463 3.7729 6.59
    endloop
  endfacet
  facet normal 0 0 1
    outer loop
      vertex 4.23806 4.50866 6.59
      vertex 2.63651 4.12933 6.59
      vertex 2.68181 3.94846 6.59
    endloop
  endfacet
  facet normal 0 0 1
    outer loop
      vertex 4.22153 4.55486 6.59
      vertex 2.60915 4.31377 6.59
      vertex 2.63651 4.12933 6.59
    endloop
  endfacet
  facet normal 0 0 1
    outer loop
      vertex 17.8357 78.4743 6.59
      vertex 18.2605 78.3 6.59
      vertex 18.0667 78.3917 6.59
    endloop
  endfacet
  facet normal 0 0 1
    outer loop
      vertex 17.5977 78.5339 6.59
      vertex 18.2605 78.3 6.59
      vertex 17.8357 78.4743 6.59
    endloop
  endfacet
  facet normal 0 0 1
    outer loop
      vertex 17.355 78.5699 6.59
      vertex 18.2605 78.3 6.59
      vertex 17.5977 78.5339 6.59
    endloop
  endfacet
  facet normal 0 0 1
    outer loop
      vertex 17.11 78.582 6.59
      vertex 18.2605 78.3 6.59
      vertex 17.355 78.5699 6.59
    endloop
  endfacet
  facet normal -0 0 1
    outer loop
      vertex 16.865 78.5699 6.59
      vertex 18.2605 78.3 6.59
      vertex 17.11 78.582 6.59
    endloop
  endfacet
  facet normal -0 0 1
    outer loop
      vertex 16.6223 78.5339 6.59
      vertex 18.2605 78.3 6.59
      vertex 16.865 78.5699 6.59
    endloop
  endfacet
  facet normal -0 0 1
    outer loop
      vertex 16.3843 78.4743 6.59
      vertex 18.2605 78.3 6.59
      vertex 16.6223 78.5339 6.59
    endloop
  endfacet
  facet normal -0 0 1
    outer loop
      vertex 16.1533 78.3917 6.59
      vertex 18.2605 78.3 6.59
      vertex 16.3843 78.4743 6.59
    endloop
  endfacet
  facet normal 0 0 1
    outer loop
      vertex 18.2605 78.3 6.59
      vertex 16.1533 78.3917 6.59
      vertex 15.9595 78.3 6.59
    endloop
  endfacet
  facet normal 0 0 1
    outer loop
      vertex 60.0357 78.4743 6.59
      vertex 60.4605 78.3 6.59
      vertex 60.2667 78.3917 6.59
    endloop
  endfacet
  facet normal 0 0 1
    outer loop
      vertex 59.7977 78.5339 6.59
      vertex 60.4605 78.3 6.59
      vertex 60.0357 78.4743 6.59
    endloop
  endfacet
  facet normal 0 0 1
    outer loop
      vertex 59.555 78.5699 6.59
      vertex 60.4605 78.3 6.59
      vertex 59.7977 78.5339 6.59
    endloop
  endfacet
  facet normal 0 0 1
    outer loop
      vertex 59.31 78.582 6.59
      vertex 60.4605 78.3 6.59
      vertex 59.555 78.5699 6.59
    endloop
  endfacet
  facet normal -0 0 1
    outer loop
      vertex 59.065 78.5699 6.59
      vertex 60.4605 78.3 6.59
      vertex 59.31 78.582 6.59
    endloop
  endfacet
  facet normal -0 0 1
    outer loop
      vertex 58.8223 78.5339 6.59
      vertex 60.4605 78.3 6.59
      vertex 59.065 78.5699 6.59
    endloop
  endfacet
  facet normal -0 0 1
    outer loop
      vertex 58.5843 78.4743 6.59
      vertex 60.4605 78.3 6.59
      vertex 58.8223 78.5339 6.59
    endloop
  endfacet
  facet normal -0 0 1
    outer loop
      vertex 58.3533 78.3917 6.59
      vertex 60.4605 78.3 6.59
      vertex 58.5843 78.4743 6.59
    endloop
  endfacet
  facet normal 0 0 1
    outer loop
      vertex 60.4605 78.3 6.59
      vertex 58.3533 78.3917 6.59
      vertex 58.1595 78.3 6.59
    endloop
  endfacet
  facet normal 0.51418 -0.857682 0
    outer loop
      vertex 72.3957 2.82435 2
      vertex 72.5556 2.92021 6.59
      vertex 72.3957 2.82435 6.59
    endloop
  endfacet
  facet normal 0.51418 -0.857682 0
    outer loop
      vertex 72.5556 2.92021 6.59
      vertex 72.3957 2.82435 2
      vertex 72.5556 2.92021 2
    endloop
  endfacet
  facet normal 0.671391 0.741104 -0
    outer loop
      vertex 72.8435 79.3435 2
      vertex 72.7053 79.4687 6.59
      vertex 72.8435 79.3435 6.59
    endloop
  endfacet
  facet normal 0.671391 0.741104 0
    outer loop
      vertex 72.7053 79.4687 6.59
      vertex 72.8435 79.3435 2
      vertex 72.7053 79.4687 2
    endloop
  endfacet
  facet normal -0.595779 0.803149 0
    outer loop
      vertex 3.44442 79.5798 2
      vertex 3.29465 79.4687 6.59
      vertex 3.44442 79.5798 6.59
    endloop
  endfacet
  facet normal -0.595779 0.803149 0
    outer loop
      vertex 3.29465 79.4687 6.59
      vertex 3.44442 79.5798 2
      vertex 3.29465 79.4687 2
    endloop
  endfacet
  facet normal 0.904027 -0.427475 0
    outer loop
      vertex 73.1757 3.60435 6.59
      vertex 73.2554 3.7729 2
      vertex 73.2554 3.7729 6.59
    endloop
  endfacet
  facet normal 0.904027 -0.427475 0
    outer loop
      vertex 73.2554 3.7729 2
      vertex 73.1757 3.60435 6.59
      vertex 73.1757 3.60435 2
    endloop
  endfacet
  facet normal 0.427372 0.904076 -0
    outer loop
      vertex 72.3957 79.6757 2
      vertex 72.2271 79.7554 6.59
      vertex 72.3957 79.6757 6.59
    endloop
  endfacet
  facet normal 0.427372 0.904076 0
    outer loop
      vertex 72.2271 79.7554 6.59
      vertex 72.3957 79.6757 2
      vertex 72.2271 79.7554 2
    endloop
  endfacet
  facet normal -0.970038 -0.242952 0
    outer loop
      vertex 2.68181 3.94846 2
      vertex 2.63651 4.12933 6.59
      vertex 2.63651 4.12933 2
    endloop
  endfacet
  facet normal -0.970038 -0.242952 0
    outer loop
      vertex 2.63651 4.12933 6.59
      vertex 2.68181 3.94846 2
      vertex 2.68181 3.94846 6.59
    endloop
  endfacet
  facet normal 0.970016 0.243041 0
    outer loop
      vertex 73.3635 78.3707 6.59
      vertex 73.3182 78.5515 2
      vertex 73.3182 78.5515 6.59
    endloop
  endfacet
  facet normal 0.970016 0.243041 0
    outer loop
      vertex 73.3182 78.5515 2
      vertex 73.3635 78.3707 6.59
      vertex 73.3635 78.3707 2
    endloop
  endfacet
  facet normal -0.941538 -0.336907 0
    outer loop
      vertex 2.74463 3.7729 2
      vertex 2.68181 3.94846 6.59
      vertex 2.68181 3.94846 2
    endloop
  endfacet
  facet normal -0.941538 -0.336907 0
    outer loop
      vertex 2.68181 3.94846 6.59
      vertex 2.74463 3.7729 2
      vertex 2.74463 3.7729 6.59
    endloop
  endfacet
  facet normal 0.941572 -0.336812 0
    outer loop
      vertex 73.2554 3.7729 6.59
      vertex 73.3182 3.94846 2
      vertex 73.3182 3.94846 6.59
    endloop
  endfacet
  facet normal 0.941572 -0.336812 0
    outer loop
      vertex 73.3182 3.94846 2
      vertex 73.2554 3.7729 6.59
      vertex 73.2554 3.7729 2
    endloop
  endfacet
  facet normal 0.740983 -0.671524 0
    outer loop
      vertex 72.8435 3.1565 6.59
      vertex 72.9687 3.29465 2
      vertex 72.9687 3.29465 6.59
    endloop
  endfacet
  facet normal 0.740983 -0.671524 0
    outer loop
      vertex 72.9687 3.29465 2
      vertex 72.8435 3.1565 6.59
      vertex 72.8435 3.1565 2
    endloop
  endfacet
  facet normal -0.514109 -0.857725 0
    outer loop
      vertex 3.44442 2.92021 2
      vertex 3.60435 2.82435 6.59
      vertex 3.44442 2.92021 6.59
    endloop
  endfacet
  facet normal -0.514109 -0.857725 -0
    outer loop
      vertex 3.60435 2.82435 6.59
      vertex 3.44442 2.92021 2
      vertex 3.60435 2.82435 2
    endloop
  endfacet
  facet normal -0.671524 0.740983 0
    outer loop
      vertex 3.29465 79.4687 2
      vertex 3.1565 79.3435 6.59
      vertex 3.29465 79.4687 6.59
    endloop
  endfacet
  facet normal -0.671524 0.740983 0
    outer loop
      vertex 3.1565 79.3435 6.59
      vertex 3.29465 79.4687 2
      vertex 3.1565 79.3435 2
    endloop
  endfacet
  facet normal -0.427475 0.904027 0
    outer loop
      vertex 3.7729 79.7554 2
      vertex 3.60435 79.6757 6.59
      vertex 3.7729 79.7554 6.59
    endloop
  endfacet
  facet normal -0.427475 0.904027 0
    outer loop
      vertex 3.60435 79.6757 6.59
      vertex 3.7729 79.7554 2
      vertex 3.60435 79.6757 2
    endloop
  endfacet
  facet normal 0.904076 0.427372 0
    outer loop
      vertex 73.2554 78.7271 6.59
      vertex 73.1757 78.8957 2
      vertex 73.1757 78.8957 6.59
    endloop
  endfacet
  facet normal 0.904076 0.427372 0
    outer loop
      vertex 73.1757 78.8957 2
      vertex 73.2554 78.7271 6.59
      vertex 73.2554 78.7271 2
    endloop
  endfacet
  facet normal 0.857588 0.514338 0
    outer loop
      vertex 73.1757 78.8957 6.59
      vertex 73.0798 79.0556 2
      vertex 73.0798 79.0556 6.59
    endloop
  endfacet
  facet normal 0.857588 0.514338 0
    outer loop
      vertex 73.0798 79.0556 2
      vertex 73.1757 78.8957 6.59
      vertex 73.1757 78.8957 2
    endloop
  endfacet
  facet normal 0.514338 0.857588 -0
    outer loop
      vertex 72.5556 79.5798 2
      vertex 72.3957 79.6757 6.59
      vertex 72.5556 79.5798 6.59
    endloop
  endfacet
  facet normal 0.514338 0.857588 0
    outer loop
      vertex 72.3957 79.6757 6.59
      vertex 72.5556 79.5798 2
      vertex 72.3957 79.6757 2
    endloop
  endfacet
  facet normal -0.146735 -0.989176 0
    outer loop
      vertex 4.12933 2.63651 2
      vertex 4.31377 2.60915 6.59
      vertex 4.12933 2.63651 6.59
    endloop
  endfacet
  facet normal -0.146735 -0.989176 -0
    outer loop
      vertex 4.31377 2.60915 6.59
      vertex 4.12933 2.63651 2
      vertex 4.31377 2.60915 2
    endloop
  endfacet
  facet normal -0.242952 0.970038 0
    outer loop
      vertex 4.12933 79.8635 2
      vertex 3.94846 79.8182 6.59
      vertex 4.12933 79.8635 6.59
    endloop
  endfacet
  facet normal -0.242952 0.970038 0
    outer loop
      vertex 3.94846 79.8182 6.59
      vertex 4.12933 79.8635 2
      vertex 3.94846 79.8182 2
    endloop
  endfacet
  facet normal -0.740929 -0.671583 0
    outer loop
      vertex 3.1565 3.1565 2
      vertex 3.03128 3.29465 6.59
      vertex 3.03128 3.29465 2
    endloop
  endfacet
  facet normal -0.740929 -0.671583 0
    outer loop
      vertex 3.03128 3.29465 6.59
      vertex 3.1565 3.1565 2
      vertex 3.1565 3.1565 6.59
    endloop
  endfacet
  facet normal -0.514267 0.85763 0
    outer loop
      vertex 3.60435 79.6757 2
      vertex 3.44442 79.5798 6.59
      vertex 3.60435 79.6757 6.59
    endloop
  endfacet
  facet normal -0.514267 0.85763 0
    outer loop
      vertex 3.44442 79.5798 6.59
      vertex 3.60435 79.6757 2
      vertex 3.44442 79.5798 2
    endloop
  endfacet
  facet normal -0.989176 -0.146735 0
    outer loop
      vertex 2.63651 4.12933 2
      vertex 2.60915 4.31377 6.59
      vertex 2.60915 4.31377 2
    endloop
  endfacet
  facet normal -0.989176 -0.146735 0
    outer loop
      vertex 2.60915 4.31377 6.59
      vertex 2.63651 4.12933 2
      vertex 2.63651 4.12933 6.59
    endloop
  endfacet
  facet normal 0.970038 -0.242952 0
    outer loop
      vertex 73.3182 3.94846 6.59
      vertex 73.3635 4.12933 2
      vertex 73.3635 4.12933 6.59
    endloop
  endfacet
  facet normal 0.970038 -0.242952 0
    outer loop
      vertex 73.3635 4.12933 2
      vertex 73.3182 3.94846 6.59
      vertex 73.3182 3.94846 2
    endloop
  endfacet
  facet normal 0.741104 0.671391 0
    outer loop
      vertex 72.9687 79.2053 6.59
      vertex 72.8435 79.3435 2
      vertex 72.8435 79.3435 6.59
    endloop
  endfacet
  facet normal 0.741104 0.671391 0
    outer loop
      vertex 72.8435 79.3435 2
      vertex 72.9687 79.2053 6.59
      vertex 72.9687 79.2053 2
    endloop
  endfacet
  facet normal 0.803015 0.595959 0
    outer loop
      vertex 73.0798 79.0556 6.59
      vertex 72.9687 79.2053 2
      vertex 72.9687 79.2053 6.59
    endloop
  endfacet
  facet normal 0.803015 0.595959 0
    outer loop
      vertex 72.9687 79.2053 2
      vertex 73.0798 79.0556 6.59
      vertex 73.0798 79.0556 2
    endloop
  endfacet
  facet normal -0.595675 -0.803225 0
    outer loop
      vertex 3.29465 3.03128 2
      vertex 3.44442 2.92021 6.59
      vertex 3.29465 3.03128 6.59
    endloop
  endfacet
  facet normal -0.595675 -0.803225 -0
    outer loop
      vertex 3.44442 2.92021 6.59
      vertex 3.29465 3.03128 2
      vertex 3.44442 2.92021 2
    endloop
  endfacet
  facet normal -0.903986 -0.427563 0
    outer loop
      vertex 2.82435 3.60435 2
      vertex 2.74463 3.7729 6.59
      vertex 2.74463 3.7729 2
    endloop
  endfacet
  facet normal -0.903986 -0.427563 0
    outer loop
      vertex 2.74463 3.7729 6.59
      vertex 2.82435 3.60435 2
      vertex 2.82435 3.60435 6.59
    endloop
  endfacet
  facet normal -0.941562 0.336839 0
    outer loop
      vertex 2.68181 78.5515 2
      vertex 2.74463 78.7271 6.59
      vertex 2.74463 78.7271 2
    endloop
  endfacet
  facet normal -0.941562 0.336839 0
    outer loop
      vertex 2.74463 78.7271 6.59
      vertex 2.68181 78.5515 2
      vertex 2.68181 78.5515 6.59
    endloop
  endfacet
  facet normal -0.242952 -0.970038 0
    outer loop
      vertex 3.94846 2.68181 2
      vertex 4.12933 2.63651 6.59
      vertex 3.94846 2.68181 6.59
    endloop
  endfacet
  facet normal -0.242952 -0.970038 -0
    outer loop
      vertex 4.12933 2.63651 6.59
      vertex 3.94846 2.68181 2
      vertex 4.12933 2.63651 2
    endloop
  endfacet
  facet normal -0.146945 0.989145 0
    outer loop
      vertex 4.31377 79.8909 2
      vertex 4.12933 79.8635 6.59
      vertex 4.31377 79.8909 6.59
    endloop
  endfacet
  facet normal -0.146945 0.989145 0
    outer loop
      vertex 4.12933 79.8635 6.59
      vertex 4.31377 79.8909 2
      vertex 4.12933 79.8635 2
    endloop
  endfacet
  facet normal 0.336839 -0.941562 0
    outer loop
      vertex 72.0515 2.68181 2
      vertex 72.2271 2.74463 6.59
      vertex 72.0515 2.68181 6.59
    endloop
  endfacet
  facet normal 0.336839 -0.941562 0
    outer loop
      vertex 72.2271 2.74463 6.59
      vertex 72.0515 2.68181 2
      vertex 72.2271 2.74463 2
    endloop
  endfacet
  facet normal -0.803225 -0.595675 0
    outer loop
      vertex 3.03128 3.29465 2
      vertex 2.92021 3.44442 6.59
      vertex 2.92021 3.44442 2
    endloop
  endfacet
  facet normal -0.803225 -0.595675 0
    outer loop
      vertex 2.92021 3.44442 6.59
      vertex 3.03128 3.29465 2
      vertex 3.03128 3.29465 6.59
    endloop
  endfacet
  facet normal -0.998803 -0.0489209 0
    outer loop
      vertex 71.8 77.8 2
      vertex 71.7976 77.849 6.59
      vertex 71.7976 77.849 2
    endloop
  endfacet
  facet normal -0.998803 -0.0489209 0
    outer loop
      vertex 71.7976 77.849 6.59
      vertex 71.8 77.8 2
      vertex 71.8 77.8 6.59
    endloop
  endfacet
  facet normal -0.242536 -0.970143 0
    outer loop
      vertex 71.3975 78.2904 2
      vertex 71.4451 78.2785 6.59
      vertex 71.3975 78.2904 6.59
    endloop
  endfacet
  facet normal -0.242536 -0.970143 -0
    outer loop
      vertex 71.4451 78.2785 6.59
      vertex 71.3975 78.2904 2
      vertex 71.4451 78.2785 2
    endloop
  endfacet
  facet normal 0.904144 -0.427228 0
    outer loop
      vertex 4.23806 77.9913 6.59
      vertex 4.25904 78.0357 2
      vertex 4.25904 78.0357 6.59
    endloop
  endfacet
  facet normal 0.904144 -0.427228 0
    outer loop
      vertex 4.25904 78.0357 2
      vertex 4.23806 77.9913 6.59
      vertex 4.23806 77.9913 2
    endloop
  endfacet
  facet normal 0.242967 0.970034 -0
    outer loop
      vertex 4.60245 4.20961 2
      vertex 4.55486 4.22153 6.59
      vertex 4.60245 4.20961 6.59
    endloop
  endfacet
  facet normal 0.242967 0.970034 0
    outer loop
      vertex 4.55486 4.22153 6.59
      vertex 4.60245 4.20961 2
      vertex 4.55486 4.22153 2
    endloop
  endfacet
  facet normal -0.146844 -0.98916 0
    outer loop
      vertex 71.349 78.2976 2
      vertex 71.3975 78.2904 6.59
      vertex 71.349 78.2976 6.59
    endloop
  endfacet
  facet normal -0.146844 -0.98916 -0
    outer loop
      vertex 71.3975 78.2904 6.59
      vertex 71.349 78.2976 2
      vertex 71.3975 78.2904 2
    endloop
  endfacet
  facet normal -0.0489209 -0.998803 0
    outer loop
      vertex 71.3 78.3 2
      vertex 71.349 78.2976 6.59
      vertex 71.3 78.3 6.59
    endloop
  endfacet
  facet normal -0.0489209 -0.998803 -0
    outer loop
      vertex 71.349 78.2976 6.59
      vertex 71.3 78.3 2
      vertex 71.349 78.2976 2
    endloop
  endfacet
  facet normal 1 -0 0
    outer loop
      vertex 4.2 4.7 6.59
      vertex 4.2 77.8 2
      vertex 4.2 77.8 6.59
    endloop
  endfacet
  facet normal 1 0 0
    outer loop
      vertex 4.2 77.8 2
      vertex 4.2 4.7 6.59
      vertex 4.2 4.7 2
    endloop
  endfacet
  facet normal 0.595325 -0.803485 0
    outer loop
      vertex 4.3828 78.1865 2
      vertex 4.42221 78.2157 6.59
      vertex 4.3828 78.1865 6.59
    endloop
  endfacet
  facet normal 0.595325 -0.803485 0
    outer loop
      vertex 4.42221 78.2157 6.59
      vertex 4.3828 78.1865 2
      vertex 4.42221 78.2157 2
    endloop
  endfacet
  facet normal -0.857133 -0.515094 0
    outer loop
      vertex 71.741 78.0357 2
      vertex 71.7157 78.0778 6.59
      vertex 71.7157 78.0778 2
    endloop
  endfacet
  facet normal -0.857133 -0.515094 0
    outer loop
      vertex 71.7157 78.0778 6.59
      vertex 71.741 78.0357 2
      vertex 71.741 78.0357 6.59
    endloop
  endfacet
  facet normal 0.970047 -0.242919 0
    outer loop
      vertex 4.20961 77.8975 6.59
      vertex 4.22153 77.9451 2
      vertex 4.22153 77.9451 6.59
    endloop
  endfacet
  facet normal 0.970047 -0.242919 0
    outer loop
      vertex 4.22153 77.9451 2
      vertex 4.20961 77.8975 6.59
      vertex 4.20961 77.8975 2
    endloop
  endfacet
  facet normal 0.989177 0.146726 0
    outer loop
      vertex 4.20961 4.60245 6.59
      vertex 4.20241 4.65099 2
      vertex 4.20241 4.65099 6.59
    endloop
  endfacet
  facet normal 0.989177 0.146726 0
    outer loop
      vertex 4.20241 4.65099 2
      vertex 4.20961 4.60245 6.59
      vertex 4.20961 4.60245 2
    endloop
  endfacet
  facet normal 0.0491143 0.998793 -0
    outer loop
      vertex 4.7 4.2 2
      vertex 4.65099 4.20241 6.59
      vertex 4.7 4.2 6.59
    endloop
  endfacet
  facet normal 0.0491143 0.998793 0
    outer loop
      vertex 4.65099 4.20241 6.59
      vertex 4.7 4.2 2
      vertex 4.65099 4.20241 2
    endloop
  endfacet
  facet normal -0.595423 -0.803413 0
    outer loop
      vertex 71.5778 78.2157 2
      vertex 71.6172 78.1865 6.59
      vertex 71.5778 78.2157 6.59
    endloop
  endfacet
  facet normal -0.595423 -0.803413 -0
    outer loop
      vertex 71.6172 78.1865 6.59
      vertex 71.5778 78.2157 2
      vertex 71.6172 78.1865 2
    endloop
  endfacet
  facet normal -0.672226 0.740346 0
    outer loop
      vertex 71.6535 4.34645 2
      vertex 71.6172 4.31349 6.59
      vertex 71.6535 4.34645 6.59
    endloop
  endfacet
  facet normal -0.672226 0.740346 0
    outer loop
      vertex 71.6172 4.31349 6.59
      vertex 71.6535 4.34645 2
      vertex 71.6172 4.31349 2
    endloop
  endfacet
  facet normal -1 0 0
    outer loop
      vertex 71.8 4.7 2
      vertex 71.8 77.8 6.59
      vertex 71.8 77.8 2
    endloop
  endfacet
  facet normal -1 -0 0
    outer loop
      vertex 71.8 77.8 6.59
      vertex 71.8 4.7 2
      vertex 71.8 4.7 6.59
    endloop
  endfacet
  facet normal 0 1 -0
    outer loop
      vertex 71.3 4.2 2
      vertex 4.7 4.2 6.59
      vertex 71.3 4.2 6.59
    endloop
  endfacet
  facet normal 0 1 0
    outer loop
      vertex 4.7 4.2 6.59
      vertex 71.3 4.2 2
      vertex 4.7 4.2 2
    endloop
  endfacet
  facet normal -0.338142 -0.941095 0
    outer loop
      vertex 71.4451 78.2785 2
      vertex 71.4913 78.2619 6.59
      vertex 71.4451 78.2785 6.59
    endloop
  endfacet
  facet normal -0.338142 -0.941095 -0
    outer loop
      vertex 71.4913 78.2619 6.59
      vertex 71.4451 78.2785 2
      vertex 71.4913 78.2619 2
    endloop
  endfacet
  facet normal 0.941548 -0.336879 0
    outer loop
      vertex 4.22153 77.9451 6.59
      vertex 4.23806 77.9913 2
      vertex 4.23806 77.9913 6.59
    endloop
  endfacet
  facet normal 0.941548 -0.336879 0
    outer loop
      vertex 4.23806 77.9913 2
      vertex 4.22153 77.9451 6.59
      vertex 4.22153 77.9451 2
    endloop
  endfacet
  facet normal 0.671719 0.740806 -0
    outer loop
      vertex 4.3828 4.31349 2
      vertex 4.34645 4.34645 6.59
      vertex 4.3828 4.31349 6.59
    endloop
  endfacet
  facet normal 0.671719 0.740806 0
    outer loop
      vertex 4.34645 4.34645 6.59
      vertex 4.3828 4.31349 2
      vertex 4.34645 4.34645 2
    endloop
  endfacet
  facet normal 0.998793 -0.0491243 0
    outer loop
      vertex 4.2 77.8 6.59
      vertex 4.20241 77.849 2
      vertex 4.20241 77.849 6.59
    endloop
  endfacet
  facet normal 0.998793 -0.0491243 0
    outer loop
      vertex 4.20241 77.849 2
      vertex 4.2 77.8 6.59
      vertex 4.2 77.8 2
    endloop
  endfacet
  facet normal 0 -1 0
    outer loop
      vertex 4.7 78.3 2
      vertex 14.154 78.3 6.59
      vertex 4.7 78.3 6.59
    endloop
  endfacet
  facet normal 0 -1 -0
    outer loop
      vertex 14.154 78.3 6.59
      vertex 4.7 78.3 2
      vertex 14.154 78.3 2
    endloop
  endfacet
  facet normal 0 -1 0
    outer loop
      vertex 62.266 78.3 2
      vertex 71.3 78.3 6.59
      vertex 62.266 78.3 6.59
    endloop
  endfacet
  facet normal 0 -1 -0
    outer loop
      vertex 71.3 78.3 6.59
      vertex 62.266 78.3 2
      vertex 71.3 78.3 2
    endloop
  endfacet
  facet normal 0 -1 0
    outer loop
      vertex 15.9595 78.3 2
      vertex 18.2605 78.3 6.59
      vertex 15.9595 78.3 6.59
    endloop
  endfacet
  facet normal 0 -1 -0
    outer loop
      vertex 18.2605 78.3 6.59
      vertex 15.9595 78.3 2
      vertex 18.2605 78.3 2
    endloop
  endfacet
  facet normal 0 -1 0
    outer loop
      vertex 20.066 78.3 2
      vertex 56.354 78.3 6.59
      vertex 20.066 78.3 6.59
    endloop
  endfacet
  facet normal 0 -1 -0
    outer loop
      vertex 56.354 78.3 6.59
      vertex 20.066 78.3 2
      vertex 56.354 78.3 2
    endloop
  endfacet
  facet normal 0 -1 0
    outer loop
      vertex 58.1595 78.3 2
      vertex 60.4605 78.3 6.59
      vertex 58.1595 78.3 6.59
    endloop
  endfacet
  facet normal 0 -1 -0
    outer loop
      vertex 60.4605 78.3 6.59
      vertex 58.1595 78.3 2
      vertex 60.4605 78.3 2
    endloop
  endfacet
  facet normal -0.336879 0.941548 0
    outer loop
      vertex 71.4913 4.23806 2
      vertex 71.4451 4.22153 6.59
      vertex 71.4913 4.23806 6.59
    endloop
  endfacet
  facet normal -0.336879 0.941548 0
    outer loop
      vertex 71.4451 4.22153 6.59
      vertex 71.4913 4.23806 2
      vertex 71.4451 4.22153 2
    endloop
  endfacet
  facet normal -0.427228 0.904144 0
    outer loop
      vertex 71.5357 4.25904 2
      vertex 71.4913 4.23806 6.59
      vertex 71.5357 4.25904 6.59
    endloop
  endfacet
  facet normal -0.427228 0.904144 0
    outer loop
      vertex 71.4913 4.23806 6.59
      vertex 71.5357 4.25904 2
      vertex 71.4913 4.23806 2
    endloop
  endfacet
  facet normal 0.998793 0.0491143 0
    outer loop
      vertex 4.20241 4.65099 6.59
      vertex 4.2 4.7 2
      vertex 4.2 4.7 6.59
    endloop
  endfacet
  facet normal 0.998793 0.0491143 0
    outer loop
      vertex 4.2 4.7 2
      vertex 4.20241 4.65099 6.59
      vertex 4.20241 4.65099 2
    endloop
  endfacet
  facet normal -0.998803 0.048911 0
    outer loop
      vertex 71.7976 4.65099 2
      vertex 71.8 4.7 6.59
      vertex 71.8 4.7 2
    endloop
  endfacet
  facet normal -0.998803 0.048911 0
    outer loop
      vertex 71.8 4.7 6.59
      vertex 71.7976 4.65099 2
      vertex 71.7976 4.65099 6.59
    endloop
  endfacet
  facet normal 0.336879 0.941548 -0
    outer loop
      vertex 4.55486 4.22153 2
      vertex 4.50866 4.23806 6.59
      vertex 4.55486 4.22153 6.59
    endloop
  endfacet
  facet normal 0.336879 0.941548 0
    outer loop
      vertex 4.50866 4.23806 6.59
      vertex 4.55486 4.22153 2
      vertex 4.50866 4.23806 2
    endloop
  endfacet
  facet normal 0.146726 0.989177 -0
    outer loop
      vertex 4.65099 4.20241 2
      vertex 4.60245 4.20961 6.59
      vertex 4.65099 4.20241 6.59
    endloop
  endfacet
  facet normal 0.146726 0.989177 0
    outer loop
      vertex 4.60245 4.20961 6.59
      vertex 4.65099 4.20241 2
      vertex 4.60245 4.20961 2
    endloop
  endfacet
  facet normal -0.514046 0.857762 0
    outer loop
      vertex 71.5778 4.28427 2
      vertex 71.5357 4.25904 6.59
      vertex 71.5778 4.28427 6.59
    endloop
  endfacet
  facet normal -0.514046 0.857762 0
    outer loop
      vertex 71.5357 4.25904 6.59
      vertex 71.5778 4.28427 2
      vertex 71.5357 4.25904 2
    endloop
  endfacet
  facet normal 0.146726 -0.989177 0
    outer loop
      vertex 4.60245 78.2904 2
      vertex 4.65099 78.2976 6.59
      vertex 4.60245 78.2904 6.59
    endloop
  endfacet
  facet normal 0.146726 -0.989177 0
    outer loop
      vertex 4.65099 78.2976 6.59
      vertex 4.60245 78.2904 2
      vertex 4.65099 78.2976 2
    endloop
  endfacet
  facet normal 0.242584 -0.970131 0
    outer loop
      vertex 4.55486 78.2785 2
      vertex 4.60245 78.2904 6.59
      vertex 4.55486 78.2785 6.59
    endloop
  endfacet
  facet normal 0.242584 -0.970131 0
    outer loop
      vertex 4.60245 78.2904 6.59
      vertex 4.55486 78.2785 2
      vertex 4.60245 78.2904 2
    endloop
  endfacet
  facet normal 0.857762 -0.514046 0
    outer loop
      vertex 4.25904 78.0357 6.59
      vertex 4.28427 78.0778 2
      vertex 4.28427 78.0778 6.59
    endloop
  endfacet
  facet normal 0.857762 -0.514046 0
    outer loop
      vertex 4.28427 78.0778 2
      vertex 4.25904 78.0357 6.59
      vertex 4.25904 78.0357 2
    endloop
  endfacet
  facet normal 0.338142 -0.941095 0
    outer loop
      vertex 4.50866 78.2619 2
      vertex 4.55486 78.2785 6.59
      vertex 4.50866 78.2619 6.59
    endloop
  endfacet
  facet normal 0.338142 -0.941095 0
    outer loop
      vertex 4.55486 78.2785 6.59
      vertex 4.50866 78.2619 2
      vertex 4.55486 78.2785 2
    endloop
  endfacet
  facet normal 0.514136 0.857709 -0
    outer loop
      vertex 4.4643 4.25904 2
      vertex 4.42221 4.28427 6.59
      vertex 4.4643 4.25904 6.59
    endloop
  endfacet
  facet normal 0.514136 0.857709 0
    outer loop
      vertex 4.42221 4.28427 6.59
      vertex 4.4643 4.25904 2
      vertex 4.42221 4.28427 2
    endloop
  endfacet
  facet normal -0.803413 -0.595423 0
    outer loop
      vertex 71.7157 78.0778 2
      vertex 71.6865 78.1172 6.59
      vertex 71.6865 78.1172 2
    endloop
  endfacet
  facet normal -0.803413 -0.595423 0
    outer loop
      vertex 71.6865 78.1172 6.59
      vertex 71.7157 78.0778 2
      vertex 71.7157 78.0778 6.59
    endloop
  endfacet
  facet normal 0.970034 0.242967 0
    outer loop
      vertex 4.22153 4.55486 6.59
      vertex 4.20961 4.60245 2
      vertex 4.20961 4.60245 6.59
    endloop
  endfacet
  facet normal 0.970034 0.242967 0
    outer loop
      vertex 4.20961 4.60245 2
      vertex 4.22153 4.55486 6.59
      vertex 4.22153 4.55486 2
    endloop
  endfacet
  facet normal -0.73994 -0.672673 0
    outer loop
      vertex 71.6865 78.1172 2
      vertex 71.6535 78.1535 6.59
      vertex 71.6535 78.1535 2
    endloop
  endfacet
  facet normal -0.73994 -0.672673 0
    outer loop
      vertex 71.6535 78.1535 6.59
      vertex 71.6865 78.1172 2
      vertex 71.6865 78.1172 6.59
    endloop
  endfacet
  facet normal -0.941095 0.338142 0
    outer loop
      vertex 71.7619 4.50866 2
      vertex 71.7785 4.55486 6.59
      vertex 71.7785 4.55486 2
    endloop
  endfacet
  facet normal -0.941095 0.338142 0
    outer loop
      vertex 71.7785 4.55486 6.59
      vertex 71.7619 4.50866 2
      vertex 71.7619 4.50866 6.59
    endloop
  endfacet
  facet normal -0.941095 -0.338142 0
    outer loop
      vertex 71.7785 77.9451 2
      vertex 71.7619 77.9913 6.59
      vertex 71.7619 77.9913 2
    endloop
  endfacet
  facet normal -0.941095 -0.338142 0
    outer loop
      vertex 71.7619 77.9913 6.59
      vertex 71.7785 77.9451 2
      vertex 71.7785 77.9451 6.59
    endloop
  endfacet
  facet normal 0.048911 -0.998803 0
    outer loop
      vertex 4.65099 78.2976 2
      vertex 4.7 78.3 6.59
      vertex 4.65099 78.2976 6.59
    endloop
  endfacet
  facet normal 0.048911 -0.998803 0
    outer loop
      vertex 4.7 78.3 6.59
      vertex 4.65099 78.2976 2
      vertex 4.7 78.3 2
    endloop
  endfacet
  facet normal -0.425895 -0.904773 0
    outer loop
      vertex 71.4913 78.2619 2
      vertex 71.5357 78.241 6.59
      vertex 71.4913 78.2619 6.59
    endloop
  endfacet
  facet normal -0.425895 -0.904773 -0
    outer loop
      vertex 71.5357 78.241 6.59
      vertex 71.4913 78.2619 2
      vertex 71.5357 78.241 2
    endloop
  endfacet
  facet normal -0.146844 0.98916 0
    outer loop
      vertex 71.3975 4.20961 2
      vertex 71.349 4.20241 6.59
      vertex 71.3975 4.20961 6.59
    endloop
  endfacet
  facet normal -0.146844 0.98916 0
    outer loop
      vertex 71.349 4.20241 6.59
      vertex 71.3975 4.20961 2
      vertex 71.349 4.20241 2
    endloop
  endfacet
  facet normal -0.803485 0.595325 0
    outer loop
      vertex 71.6865 4.3828 2
      vertex 71.7157 4.42221 6.59
      vertex 71.7157 4.42221 2
    endloop
  endfacet
  facet normal -0.803485 0.595325 0
    outer loop
      vertex 71.7157 4.42221 6.59
      vertex 71.6865 4.3828 2
      vertex 71.6865 4.3828 6.59
    endloop
  endfacet
  facet normal -0.672673 -0.73994 0
    outer loop
      vertex 71.6172 78.1865 2
      vertex 71.6535 78.1535 6.59
      vertex 71.6172 78.1865 6.59
    endloop
  endfacet
  facet normal -0.672673 -0.73994 -0
    outer loop
      vertex 71.6535 78.1535 6.59
      vertex 71.6172 78.1865 2
      vertex 71.6535 78.1535 2
    endloop
  endfacet
  facet normal -0.970143 -0.242536 0
    outer loop
      vertex 71.7904 77.8975 2
      vertex 71.7785 77.9451 6.59
      vertex 71.7785 77.9451 2
    endloop
  endfacet
  facet normal -0.970143 -0.242536 0
    outer loop
      vertex 71.7785 77.9451 6.59
      vertex 71.7904 77.8975 2
      vertex 71.7904 77.8975 6.59
    endloop
  endfacet
  facet normal 0.515184 -0.857079 0
    outer loop
      vertex 4.42221 78.2157 2
      vertex 4.4643 78.241 6.59
      vertex 4.42221 78.2157 6.59
    endloop
  endfacet
  facet normal 0.515184 -0.857079 0
    outer loop
      vertex 4.4643 78.241 6.59
      vertex 4.42221 78.2157 2
      vertex 4.4643 78.241 2
    endloop
  endfacet
  facet normal -0.595686 0.803218 0
    outer loop
      vertex 71.6172 4.31349 2
      vertex 71.5778 4.28427 6.59
      vertex 71.6172 4.31349 6.59
    endloop
  endfacet
  facet normal -0.595686 0.803218 0
    outer loop
      vertex 71.5778 4.28427 6.59
      vertex 71.6172 4.31349 2
      vertex 71.5778 4.28427 2
    endloop
  endfacet
  facet normal 0.426209 -0.904625 0
    outer loop
      vertex 4.4643 78.241 2
      vertex 4.50866 78.2619 6.59
      vertex 4.4643 78.241 6.59
    endloop
  endfacet
  facet normal 0.426209 -0.904625 0
    outer loop
      vertex 4.50866 78.2619 6.59
      vertex 4.4643 78.241 2
      vertex 4.50866 78.2619 2
    endloop
  endfacet
  facet normal -0.904773 -0.425895 0
    outer loop
      vertex 71.7619 77.9913 2
      vertex 71.741 78.0357 6.59
      vertex 71.741 78.0357 2
    endloop
  endfacet
  facet normal -0.904773 -0.425895 0
    outer loop
      vertex 71.741 78.0357 6.59
      vertex 71.7619 77.9913 2
      vertex 71.7619 77.9913 6.59
    endloop
  endfacet
  facet normal 0.740806 0.671719 0
    outer loop
      vertex 4.34645 4.34645 6.59
      vertex 4.31349 4.3828 2
      vertex 4.31349 4.3828 6.59
    endloop
  endfacet
  facet normal 0.740806 0.671719 0
    outer loop
      vertex 4.31349 4.3828 2
      vertex 4.34645 4.34645 6.59
      vertex 4.34645 4.34645 2
    endloop
  endfacet
  facet normal -0.970131 0.242584 0
    outer loop
      vertex 71.7785 4.55486 2
      vertex 71.7904 4.60245 6.59
      vertex 71.7904 4.60245 2
    endloop
  endfacet
  facet normal -0.970131 0.242584 0
    outer loop
      vertex 71.7904 4.60245 6.59
      vertex 71.7785 4.55486 2
      vertex 71.7785 4.55486 6.59
    endloop
  endfacet
  facet normal -0.857079 0.515184 0
    outer loop
      vertex 71.7157 4.42221 2
      vertex 71.741 4.4643 6.59
      vertex 71.741 4.4643 2
    endloop
  endfacet
  facet normal -0.857079 0.515184 0
    outer loop
      vertex 71.741 4.4643 6.59
      vertex 71.7157 4.42221 2
      vertex 71.7157 4.42221 6.59
    endloop
  endfacet
  facet normal 0.595588 0.80329 -0
    outer loop
      vertex 4.42221 4.28427 2
      vertex 4.3828 4.31349 6.59
      vertex 4.42221 4.28427 6.59
    endloop
  endfacet
  facet normal 0.595588 0.80329 0
    outer loop
      vertex 4.3828 4.31349 6.59
      vertex 4.42221 4.28427 2
      vertex 4.3828 4.31349 2
    endloop
  endfacet
  facet normal -0.740401 0.672166 0
    outer loop
      vertex 71.6535 4.34645 2
      vertex 71.6865 4.3828 6.59
      vertex 71.6865 4.3828 2
    endloop
  endfacet
  facet normal -0.740401 0.672166 0
    outer loop
      vertex 71.6865 4.3828 6.59
      vertex 71.6535 4.34645 2
      vertex 71.6535 4.34645 6.59
    endloop
  endfacet
  facet normal 0.427543 0.903995 -0
    outer loop
      vertex 4.50866 4.23806 2
      vertex 4.4643 4.25904 6.59
      vertex 4.50866 4.23806 6.59
    endloop
  endfacet
  facet normal 0.427543 0.903995 0
    outer loop
      vertex 4.4643 4.25904 6.59
      vertex 4.50866 4.23806 2
      vertex 4.4643 4.25904 2
    endloop
  endfacet
  facet normal 0.740346 -0.672226 0
    outer loop
      vertex 4.31349 78.1172 6.59
      vertex 4.34645 78.1535 2
      vertex 4.34645 78.1535 6.59
    endloop
  endfacet
  facet normal 0.740346 -0.672226 0
    outer loop
      vertex 4.34645 78.1535 2
      vertex 4.31349 78.1172 6.59
      vertex 4.31349 78.1172 2
    endloop
  endfacet
  facet normal 0.672166 -0.740401 0
    outer loop
      vertex 4.34645 78.1535 2
      vertex 4.3828 78.1865 6.59
      vertex 4.34645 78.1535 6.59
    endloop
  endfacet
  facet normal 0.672166 -0.740401 0
    outer loop
      vertex 4.3828 78.1865 6.59
      vertex 4.34645 78.1535 2
      vertex 4.3828 78.1865 2
    endloop
  endfacet
  facet normal 0.941548 0.336879 0
    outer loop
      vertex 4.23806 4.50866 6.59
      vertex 4.22153 4.55486 2
      vertex 4.22153 4.55486 6.59
    endloop
  endfacet
  facet normal 0.941548 0.336879 0
    outer loop
      vertex 4.22153 4.55486 2
      vertex 4.23806 4.50866 6.59
      vertex 4.23806 4.50866 2
    endloop
  endfacet
  facet normal 0.903995 0.427543 0
    outer loop
      vertex 4.25904 4.4643 6.59
      vertex 4.23806 4.50866 2
      vertex 4.23806 4.50866 6.59
    endloop
  endfacet
  facet normal 0.903995 0.427543 0
    outer loop
      vertex 4.23806 4.50866 2
      vertex 4.25904 4.4643 6.59
      vertex 4.25904 4.4643 2
    endloop
  endfacet
  facet normal -0.515094 -0.857133 0
    outer loop
      vertex 71.5357 78.241 2
      vertex 71.5778 78.2157 6.59
      vertex 71.5357 78.241 6.59
    endloop
  endfacet
  facet normal -0.515094 -0.857133 -0
    outer loop
      vertex 71.5778 78.2157 6.59
      vertex 71.5357 78.241 2
      vertex 71.5778 78.2157 2
    endloop
  endfacet
  facet normal 0.803218 -0.595686 0
    outer loop
      vertex 4.28427 78.0778 6.59
      vertex 4.31349 78.1172 2
      vertex 4.31349 78.1172 6.59
    endloop
  endfacet
  facet normal 0.803218 -0.595686 0
    outer loop
      vertex 4.31349 78.1172 2
      vertex 4.28427 78.0778 6.59
      vertex 4.28427 78.0778 2
    endloop
  endfacet
  facet normal -0.98916 -0.146844 0
    outer loop
      vertex 71.7976 77.849 2
      vertex 71.7904 77.8975 6.59
      vertex 71.7904 77.8975 2
    endloop
  endfacet
  facet normal -0.98916 -0.146844 0
    outer loop
      vertex 71.7904 77.8975 6.59
      vertex 71.7976 77.849 2
      vertex 71.7976 77.849 6.59
    endloop
  endfacet
  facet normal 0.98916 -0.146844 0
    outer loop
      vertex 4.20241 77.849 6.59
      vertex 4.20961 77.8975 2
      vertex 4.20961 77.8975 6.59
    endloop
  endfacet
  facet normal 0.98916 -0.146844 0
    outer loop
      vertex 4.20961 77.8975 2
      vertex 4.20241 77.849 6.59
      vertex 4.20241 77.849 2
    endloop
  endfacet
  facet normal -0.0491243 0.998793 0
    outer loop
      vertex 71.349 4.20241 2
      vertex 71.3 4.2 6.59
      vertex 71.349 4.20241 6.59
    endloop
  endfacet
  facet normal -0.0491243 0.998793 0
    outer loop
      vertex 71.3 4.2 6.59
      vertex 71.349 4.20241 2
      vertex 71.3 4.2 2
    endloop
  endfacet
  facet normal -0.989177 0.146726 0
    outer loop
      vertex 71.7904 4.60245 2
      vertex 71.7976 4.65099 6.59
      vertex 71.7976 4.65099 2
    endloop
  endfacet
  facet normal -0.989177 0.146726 0
    outer loop
      vertex 71.7976 4.65099 6.59
      vertex 71.7904 4.60245 2
      vertex 71.7904 4.60245 6.59
    endloop
  endfacet
  facet normal -0.242919 0.970047 0
    outer loop
      vertex 71.4451 4.22153 2
      vertex 71.3975 4.20961 6.59
      vertex 71.4451 4.22153 6.59
    endloop
  endfacet
  facet normal -0.242919 0.970047 0
    outer loop
      vertex 71.3975 4.20961 6.59
      vertex 71.4451 4.22153 2
      vertex 71.3975 4.20961 2
    endloop
  endfacet
  facet normal 0.857709 0.514136 0
    outer loop
      vertex 4.28427 4.42221 6.59
      vertex 4.25904 4.4643 2
      vertex 4.25904 4.4643 6.59
    endloop
  endfacet
  facet normal 0.857709 0.514136 0
    outer loop
      vertex 4.25904 4.4643 2
      vertex 4.28427 4.42221 6.59
      vertex 4.28427 4.42221 2
    endloop
  endfacet
  facet normal -0.904625 0.426209 0
    outer loop
      vertex 71.741 4.4643 2
      vertex 71.7619 4.50866 6.59
      vertex 71.7619 4.50866 2
    endloop
  endfacet
  facet normal -0.904625 0.426209 0
    outer loop
      vertex 71.7619 4.50866 6.59
      vertex 71.741 4.4643 2
      vertex 71.741 4.4643 6.59
    endloop
  endfacet
  facet normal 0.80329 0.595588 0
    outer loop
      vertex 4.31349 4.3828 6.59
      vertex 4.28427 4.42221 2
      vertex 4.28427 4.42221 6.59
    endloop
  endfacet
  facet normal 0.80329 0.595588 0
    outer loop
      vertex 4.28427 4.42221 2
      vertex 4.31349 4.3828 6.59
      vertex 4.31349 4.3828 2
    endloop
  endfacet
  facet normal 0 -1 0
    outer loop
      vertex 2.6 17.75 4.6
      vertex 2.25 17.75 5
      vertex 2.25 17.75 4.6
    endloop
  endfacet
  facet normal 0 -1 0
    outer loop
      vertex 2.25 17.75 5
      vertex 2.6 17.75 4.6
      vertex 2.6 17.75 5.6
    endloop
  endfacet
  facet normal -0.863779 0 0.503871
    outer loop
      vertex 2.25 17.75 5
      vertex 2.6 31.75 5.6
      vertex 2.25 31.75 5
    endloop
  endfacet
  facet normal -0.863779 0 0.503871
    outer loop
      vertex 2.6 31.75 5.6
      vertex 2.25 17.75 5
      vertex 2.6 17.75 5.6
    endloop
  endfacet
  facet normal 0 0 -1
    outer loop
      vertex 2.25 17.75 4.6
      vertex 2.6 31.75 4.6
      vertex 2.6 17.75 4.6
    endloop
  endfacet
  facet normal -0 0 -1
    outer loop
      vertex 2.6 31.75 4.6
      vertex 2.25 17.75 4.6
      vertex 2.25 31.75 4.6
    endloop
  endfacet
  facet normal 0 1 -0
    outer loop
      vertex 2.6 31.75 4.6
      vertex 2.25 31.75 5
      vertex 2.6 31.75 5.6
    endloop
  endfacet
  facet normal 0 1 0
    outer loop
      vertex 2.25 31.75 5
      vertex 2.6 31.75 4.6
      vertex 2.25 31.75 4.6
    endloop
  endfacet
  facet normal -1 0 0
    outer loop
      vertex 2.25 17.75 4.6
      vertex 2.25 31.75 5
      vertex 2.25 31.75 4.6
    endloop
  endfacet
  facet normal -1 -0 0
    outer loop
      vertex 2.25 31.75 5
      vertex 2.25 17.75 4.6
      vertex 2.25 17.75 5
    endloop
  endfacet
  facet normal 0.863779 -0 0.503871
    outer loop
      vertex 73.4 17.75 5.6
      vertex 73.75 31.75 5
      vertex 73.4 31.75 5.6
    endloop
  endfacet
  facet normal 0.863779 0 0.503871
    outer loop
      vertex 73.75 31.75 5
      vertex 73.4 17.75 5.6
      vertex 73.75 17.75 5
    endloop
  endfacet
  facet normal 0 1 0
    outer loop
      vertex 73.4 31.75 4.6
      vertex 73.75 31.75 5
      vertex 73.75 31.75 4.6
    endloop
  endfacet
  facet normal 0 1 0
    outer loop
      vertex 73.75 31.75 5
      vertex 73.4 31.75 4.6
      vertex 73.4 31.75 5.6
    endloop
  endfacet
  facet normal 0 -1 0
    outer loop
      vertex 73.4 17.75 4.6
      vertex 73.75 17.75 5
      vertex 73.4 17.75 5.6
    endloop
  endfacet
  facet normal 0 -1 -0
    outer loop
      vertex 73.75 17.75 5
      vertex 73.4 17.75 4.6
      vertex 73.75 17.75 4.6
    endloop
  endfacet
  facet normal 0 0 -1
    outer loop
      vertex 73.4 17.75 4.6
      vertex 73.75 31.75 4.6
      vertex 73.75 17.75 4.6
    endloop
  endfacet
  facet normal -0 0 -1
    outer loop
      vertex 73.75 31.75 4.6
      vertex 73.4 17.75 4.6
      vertex 73.4 31.75 4.6
    endloop
  endfacet
  facet normal 1 -0 0
    outer loop
      vertex 73.75 17.75 5
      vertex 73.75 31.75 4.6
      vertex 73.75 31.75 5
    endloop
  endfacet
  facet normal 1 0 0
    outer loop
      vertex 73.75 31.75 4.6
      vertex 73.75 17.75 5
      vertex 73.75 17.75 4.6
    endloop
  endfacet
  facet normal 0 -1 0
    outer loop
      vertex 2.6 50.75 4.6
      vertex 2.25 50.75 5
      vertex 2.25 50.75 4.6
    endloop
  endfacet
  facet normal 0 -1 0
    outer loop
      vertex 2.25 50.75 5
      vertex 2.6 50.75 4.6
      vertex 2.6 50.75 5.6
    endloop
  endfacet
  facet normal -0.863779 0 0.503871
    outer loop
      vertex 2.25 50.75 5
      vertex 2.6 64.75 5.6
      vertex 2.25 64.75 5
    endloop
  endfacet
  facet normal -0.863779 0 0.503871
    outer loop
      vertex 2.6 64.75 5.6
      vertex 2.25 50.75 5
      vertex 2.6 50.75 5.6
    endloop
  endfacet
  facet normal 0 0 -1
    outer loop
      vertex 2.25 50.75 4.6
      vertex 2.6 64.75 4.6
      vertex 2.6 50.75 4.6
    endloop
  endfacet
  facet normal -0 0 -1
    outer loop
      vertex 2.6 64.75 4.6
      vertex 2.25 50.75 4.6
      vertex 2.25 64.75 4.6
    endloop
  endfacet
  facet normal 0 1 -0
    outer loop
      vertex 2.6 64.75 4.6
      vertex 2.25 64.75 5
      vertex 2.6 64.75 5.6
    endloop
  endfacet
  facet normal 0 1 0
    outer loop
      vertex 2.25 64.75 5
      vertex 2.6 64.75 4.6
      vertex 2.25 64.75 4.6
    endloop
  endfacet
  facet normal -1 0 0
    outer loop
      vertex 2.25 50.75 4.6
      vertex 2.25 64.75 5
      vertex 2.25 64.75 4.6
    endloop
  endfacet
  facet normal -1 -0 0
    outer loop
      vertex 2.25 64.75 5
      vertex 2.25 50.75 4.6
      vertex 2.25 50.75 5
    endloop
  endfacet
  facet normal 0.863779 -0 0.503871
    outer loop
      vertex 73.4 50.75 5.6
      vertex 73.75 64.75 5
      vertex 73.4 64.75 5.6
    endloop
  endfacet
  facet normal 0.863779 0 0.503871
    outer loop
      vertex 73.75 64.75 5
      vertex 73.4 50.75 5.6
      vertex 73.75 50.75 5
    endloop
  endfacet
  facet normal 0 1 0
    outer loop
      vertex 73.4 64.75 4.6
      vertex 73.75 64.75 5
      vertex 73.75 64.75 4.6
    endloop
  endfacet
  facet normal 0 1 0
    outer loop
      vertex 73.75 64.75 5
      vertex 73.4 64.75 4.6
      vertex 73.4 64.75 5.6
    endloop
  endfacet
  facet normal 0 -1 0
    outer loop
      vertex 73.4 50.75 4.6
      vertex 73.75 50.75 5
      vertex 73.4 50.75 5.6
    endloop
  endfacet
  facet normal 0 -1 -0
    outer loop
      vertex 73.75 50.75 5
      vertex 73.4 50.75 4.6
      vertex 73.75 50.75 4.6
    endloop
  endfacet
  facet normal 0 0 -1
    outer loop
      vertex 73.4 50.75 4.6
      vertex 73.75 64.75 4.6
      vertex 73.75 50.75 4.6
    endloop
  endfacet
  facet normal -0 0 -1
    outer loop
      vertex 73.75 64.75 4.6
      vertex 73.4 50.75 4.6
      vertex 73.4 64.75 4.6
    endloop
  endfacet
  facet normal 1 -0 0
    outer loop
      vertex 73.75 50.75 5
      vertex 73.75 64.75 4.6
      vertex 73.75 64.75 5
    endloop
  endfacet
  facet normal 1 0 0
    outer loop
      vertex 73.75 64.75 4.6
      vertex 73.75 50.75 5
      vertex 73.75 50.75 4.6
    endloop
  endfacet
  facet normal 0 -0.863779 0.503871
    outer loop
      vertex 15.8 2.25 5
      vertex 29.8 2.6 5.6
      vertex 15.8 2.6 5.6
    endloop
  endfacet
  facet normal 0 -0.863779 0.503871
    outer loop
      vertex 29.8 2.6 5.6
      vertex 15.8 2.25 5
      vertex 29.8 2.25 5
    endloop
  endfacet
  facet normal 1 0 0
    outer loop
      vertex 29.8 2.6 5.6
      vertex 29.8 2.25 5
      vertex 29.8 2.6 4.6
    endloop
  endfacet
  facet normal 1 0 0
    outer loop
      vertex 29.8 2.6 4.6
      vertex 29.8 2.25 5
      vertex 29.8 2.25 4.6
    endloop
  endfacet
  facet normal 0 0 -1
    outer loop
      vertex 15.8 2.25 4.6
      vertex 29.8 2.6 4.6
      vertex 29.8 2.25 4.6
    endloop
  endfacet
  facet normal -0 0 -1
    outer loop
      vertex 29.8 2.6 4.6
      vertex 15.8 2.25 4.6
      vertex 15.8 2.6 4.6
    endloop
  endfacet
  facet normal -1 0 0
    outer loop
      vertex 15.8 2.25 5
      vertex 15.8 2.6 5.6
      vertex 15.8 2.6 4.6
    endloop
  endfacet
  facet normal -1 0 0
    outer loop
      vertex 15.8 2.25 5
      vertex 15.8 2.6 4.6
      vertex 15.8 2.25 4.6
    endloop
  endfacet
  facet normal 0 -1 0
    outer loop
      vertex 15.8 2.25 4.6
      vertex 29.8 2.25 5
      vertex 15.8 2.25 5
    endloop
  endfacet
  facet normal 0 -1 -0
    outer loop
      vertex 29.8 2.25 5
      vertex 15.8 2.25 4.6
      vertex 29.8 2.25 4.6
    endloop
  endfacet
  facet normal -1 0 0
    outer loop
      vertex 15.8 79.9 4.6
      vertex 15.8 80.25 5
      vertex 15.8 80.25 4.6
    endloop
  endfacet
  facet normal -1 -0 0
    outer loop
      vertex 15.8 80.25 5
      vertex 15.8 79.9 4.6
      vertex 15.8 79.9 5.6
    endloop
  endfacet
  facet normal 1 0 0
    outer loop
      vertex 29.8 79.9 4.6
      vertex 29.8 80.25 5
      vertex 29.8 79.9 5.6
    endloop
  endfacet
  facet normal 1 0 0
    outer loop
      vertex 29.8 80.25 5
      vertex 29.8 79.9 4.6
      vertex 29.8 80.25 4.6
    endloop
  endfacet
  facet normal 0 1 -0
    outer loop
      vertex 29.8 80.25 4.6
      vertex 15.8 80.25 5
      vertex 29.8 80.25 5
    endloop
  endfacet
  facet normal 0 1 0
    outer loop
      vertex 15.8 80.25 5
      vertex 29.8 80.25 4.6
      vertex 15.8 80.25 4.6
    endloop
  endfacet
  facet normal 0 0.863779 0.503871
    outer loop
      vertex 29.8 80.25 5
      vertex 15.8 79.9 5.6
      vertex 29.8 79.9 5.6
    endloop
  endfacet
  facet normal 0 0.863779 0.503871
    outer loop
      vertex 15.8 79.9 5.6
      vertex 29.8 80.25 5
      vertex 15.8 80.25 5
    endloop
  endfacet
  facet normal 0 0 -1
    outer loop
      vertex 15.8 79.9 4.6
      vertex 29.8 80.25 4.6
      vertex 29.8 79.9 4.6
    endloop
  endfacet
  facet normal -0 0 -1
    outer loop
      vertex 29.8 80.25 4.6
      vertex 15.8 79.9 4.6
      vertex 15.8 80.25 4.6
    endloop
  endfacet
  facet normal 0 -0.863779 0.503871
    outer loop
      vertex 46.2 2.25 5
      vertex 60.2 2.6 5.6
      vertex 46.2 2.6 5.6
    endloop
  endfacet
  facet normal 0 -0.863779 0.503871
    outer loop
      vertex 60.2 2.6 5.6
      vertex 46.2 2.25 5
      vertex 60.2 2.25 5
    endloop
  endfacet
  facet normal 1 0 0
    outer loop
      vertex 60.2 2.6 5.6
      vertex 60.2 2.25 5
      vertex 60.2 2.6 4.6
    endloop
  endfacet
  facet normal 1 0 0
    outer loop
      vertex 60.2 2.6 4.6
      vertex 60.2 2.25 5
      vertex 60.2 2.25 4.6
    endloop
  endfacet
  facet normal 0 0 -1
    outer loop
      vertex 46.2 2.25 4.6
      vertex 60.2 2.6 4.6
      vertex 60.2 2.25 4.6
    endloop
  endfacet
  facet normal -0 0 -1
    outer loop
      vertex 60.2 2.6 4.6
      vertex 46.2 2.25 4.6
      vertex 46.2 2.6 4.6
    endloop
  endfacet
  facet normal -1 0 0
    outer loop
      vertex 46.2 2.25 5
      vertex 46.2 2.6 5.6
      vertex 46.2 2.6 4.6
    endloop
  endfacet
  facet normal -1 0 0
    outer loop
      vertex 46.2 2.25 5
      vertex 46.2 2.6 4.6
      vertex 46.2 2.25 4.6
    endloop
  endfacet
  facet normal 0 -1 0
    outer loop
      vertex 46.2 2.25 4.6
      vertex 60.2 2.25 5
      vertex 46.2 2.25 5
    endloop
  endfacet
  facet normal 0 -1 -0
    outer loop
      vertex 60.2 2.25 5
      vertex 46.2 2.25 4.6
      vertex 60.2 2.25 4.6
    endloop
  endfacet
  facet normal -1 0 0
    outer loop
      vertex 46.2 79.9 4.6
      vertex 46.2 80.25 5
      vertex 46.2 80.25 4.6
    endloop
  endfacet
  facet normal -1 -0 0
    outer loop
      vertex 46.2 80.25 5
      vertex 46.2 79.9 4.6
      vertex 46.2 79.9 5.6
    endloop
  endfacet
  facet normal 1 0 0
    outer loop
      vertex 60.2 79.9 4.6
      vertex 60.2 80.25 5
      vertex 60.2 79.9 5.6
    endloop
  endfacet
  facet normal 1 0 0
    outer loop
      vertex 60.2 80.25 5
      vertex 60.2 79.9 4.6
      vertex 60.2 80.25 4.6
    endloop
  endfacet
  facet normal 0 0.863779 0.503871
    outer loop
      vertex 60.2 80.25 5
      vertex 46.2 79.9 5.6
      vertex 60.2 79.9 5.6
    endloop
  endfacet
  facet normal 0 0.863779 0.503871
    outer loop
      vertex 46.2 79.9 5.6
      vertex 60.2 80.25 5
      vertex 46.2 80.25 5
    endloop
  endfacet
  facet normal 0 0 -1
    outer loop
      vertex 46.2 79.9 4.6
      vertex 60.2 80.25 4.6
      vertex 60.2 79.9 4.6
    endloop
  endfacet
  facet normal -0 0 -1
    outer loop
      vertex 60.2 80.25 4.6
      vertex 46.2 79.9 4.6
      vertex 46.2 80.25 4.6
    endloop
  endfacet
  facet normal 0 1 -0
    outer loop
      vertex 60.2 80.25 4.6
      vertex 46.2 80.25 5
      vertex 60.2 80.25 5
    endloop
  endfacet
  facet normal 0 1 0
    outer loop
      vertex 46.2 80.25 5
      vertex 60.2 80.25 4.6
      vertex 46.2 80.25 4.6
    endloop
  endfacet
  facet normal 0.740908 0.671607 0
    outer loop
      vertex 17.819 18.4032 5.4
      vertex 17.6213 18.6213 2
      vertex 17.6213 18.6213 5.4
    endloop
  endfacet
  facet normal 0.740908 0.671607 0
    outer loop
      vertex 17.6213 18.6213 2
      vertex 17.819 18.4032 5.4
      vertex 17.819 18.4032 2
    endloop
  endfacet
  facet normal 0.989174 0.146746 0
    outer loop
      vertex 18.4856 16.7941 5.4
      vertex 18.4424 17.0853 2
      vertex 18.4424 17.0853 5.4
    endloop
  endfacet
  facet normal 0.989174 0.146746 0
    outer loop
      vertex 18.4424 17.0853 2
      vertex 18.4856 16.7941 5.4
      vertex 18.4856 16.7941 2
    endloop
  endfacet
  facet normal 0.998803 0.0489044 0
    outer loop
      vertex 18.5 16.5 5.4
      vertex 18.4856 16.7941 2
      vertex 18.4856 16.7941 5.4
    endloop
  endfacet
  facet normal 0.998803 0.0489044 0
    outer loop
      vertex 18.4856 16.7941 2
      vertex 18.5 16.5 5.4
      vertex 18.5 16.5 2
    endloop
  endfacet
  facet normal 0.969982 0.243175 0
    outer loop
      vertex 18.4424 17.0853 5.4
      vertex 18.3708 17.3709 2
      vertex 18.3708 17.3709 5.4
    endloop
  endfacet
  facet normal 0.969982 0.243175 0
    outer loop
      vertex 18.3708 17.3709 2
      vertex 18.4424 17.0853 5.4
      vertex 18.4424 17.0853 2
    endloop
  endfacet
  facet normal 0.337047 -0.941488 0
    outer loop
      vertex 16.3709 13.6292 2
      vertex 16.648 13.7284 5.4
      vertex 16.3709 13.6292 5.4
    endloop
  endfacet
  facet normal 0.337047 -0.941488 0
    outer loop
      vertex 16.648 13.7284 5.4
      vertex 16.3709 13.6292 2
      vertex 16.648 13.7284 2
    endloop
  endfacet
  facet normal 0.857643 0.514246 0
    outer loop
      vertex 18.1458 17.9142 5.4
      vertex 17.9944 18.1667 2
      vertex 17.9944 18.1667 5.4
    endloop
  endfacet
  facet normal 0.857643 0.514246 0
    outer loop
      vertex 17.9944 18.1667 2
      vertex 18.1458 17.9142 5.4
      vertex 18.1458 17.9142 2
    endloop
  endfacet
  facet normal 0.941488 0.337047 0
    outer loop
      vertex 18.3708 17.3709 5.4
      vertex 18.2716 17.648 2
      vertex 18.2716 17.648 5.4
    endloop
  endfacet
  facet normal 0.941488 0.337047 0
    outer loop
      vertex 18.2716 17.648 2
      vertex 18.3708 17.3709 5.4
      vertex 18.3708 17.3709 2
    endloop
  endfacet
  facet normal 0.243175 0.969982 -0
    outer loop
      vertex 16.3709 19.3708 2
      vertex 16.0853 19.4424 5.4
      vertex 16.3709 19.3708 5.4
    endloop
  endfacet
  facet normal 0.243175 0.969982 0
    outer loop
      vertex 16.0853 19.4424 5.4
      vertex 16.3709 19.3708 2
      vertex 16.0853 19.4424 2
    endloop
  endfacet
  facet normal -0.740908 0.671607 0
    outer loop
      vertex 13.181 18.4032 2
      vertex 13.3787 18.6213 5.4
      vertex 13.3787 18.6213 2
    endloop
  endfacet
  facet normal -0.740908 0.671607 0
    outer loop
      vertex 13.3787 18.6213 5.4
      vertex 13.181 18.4032 2
      vertex 13.181 18.4032 5.4
    endloop
  endfacet
  facet normal 0.0489044 -0.998803 0
    outer loop
      vertex 15.5 13.5 2
      vertex 15.7941 13.5144 5.4
      vertex 15.5 13.5 5.4
    endloop
  endfacet
  facet normal 0.0489044 -0.998803 0
    outer loop
      vertex 15.7941 13.5144 5.4
      vertex 15.5 13.5 2
      vertex 15.7941 13.5144 2
    endloop
  endfacet
  facet normal 0.427269 0.904125 -0
    outer loop
      vertex 16.9142 19.1458 2
      vertex 16.648 19.2716 5.4
      vertex 16.9142 19.1458 5.4
    endloop
  endfacet
  facet normal 0.427269 0.904125 0
    outer loop
      vertex 16.648 19.2716 5.4
      vertex 16.9142 19.1458 2
      vertex 16.648 19.2716 2
    endloop
  endfacet
  facet normal 0.671607 0.740908 -0
    outer loop
      vertex 17.6213 18.6213 2
      vertex 17.4032 18.819 5.4
      vertex 17.6213 18.6213 5.4
    endloop
  endfacet
  facet normal 0.671607 0.740908 0
    outer loop
      vertex 17.4032 18.819 5.4
      vertex 17.6213 18.6213 2
      vertex 17.4032 18.819 2
    endloop
  endfacet
  facet normal -0.595699 -0.803208 0
    outer loop
      vertex 13.5968 14.181 2
      vertex 13.8333 14.0056 5.4
      vertex 13.5968 14.181 5.4
    endloop
  endfacet
  facet normal -0.595699 -0.803208 -0
    outer loop
      vertex 13.8333 14.0056 5.4
      vertex 13.5968 14.181 2
      vertex 13.8333 14.0056 2
    endloop
  endfacet
  facet normal 0.243175 -0.969982 0
    outer loop
      vertex 16.0853 13.5576 2
      vertex 16.3709 13.6292 5.4
      vertex 16.0853 13.5576 5.4
    endloop
  endfacet
  facet normal 0.243175 -0.969982 0
    outer loop
      vertex 16.3709 13.6292 5.4
      vertex 16.0853 13.5576 2
      vertex 16.3709 13.6292 2
    endloop
  endfacet
  facet normal 0.989174 -0.146746 0
    outer loop
      vertex 18.4424 15.9147 5.4
      vertex 18.4856 16.2059 2
      vertex 18.4856 16.2059 5.4
    endloop
  endfacet
  facet normal 0.989174 -0.146746 0
    outer loop
      vertex 18.4856 16.2059 2
      vertex 18.4424 15.9147 5.4
      vertex 18.4424 15.9147 2
    endloop
  endfacet
  facet normal 0.514246 -0.857643 0
    outer loop
      vertex 16.9142 13.8542 2
      vertex 17.1667 14.0056 5.4
      vertex 16.9142 13.8542 5.4
    endloop
  endfacet
  facet normal 0.514246 -0.857643 0
    outer loop
      vertex 17.1667 14.0056 5.4
      vertex 16.9142 13.8542 2
      vertex 17.1667 14.0056 2
    endloop
  endfacet
  facet normal -0.243175 -0.969982 0
    outer loop
      vertex 14.6291 13.6292 2
      vertex 14.9147 13.5576 5.4
      vertex 14.6291 13.6292 5.4
    endloop
  endfacet
  facet normal -0.243175 -0.969982 -0
    outer loop
      vertex 14.9147 13.5576 5.4
      vertex 14.6291 13.6292 2
      vertex 14.9147 13.5576 2
    endloop
  endfacet
  facet normal -0.595699 0.803208 0
    outer loop
      vertex 13.8333 18.9944 2
      vertex 13.5968 18.819 5.4
      vertex 13.8333 18.9944 5.4
    endloop
  endfacet
  facet normal -0.595699 0.803208 0
    outer loop
      vertex 13.5968 18.819 5.4
      vertex 13.8333 18.9944 2
      vertex 13.5968 18.819 2
    endloop
  endfacet
  facet normal -0.998803 -0.0489044 0
    outer loop
      vertex 12.5144 16.2059 2
      vertex 12.5 16.5 5.4
      vertex 12.5 16.5 2
    endloop
  endfacet
  facet normal -0.998803 -0.0489044 0
    outer loop
      vertex 12.5 16.5 5.4
      vertex 12.5144 16.2059 2
      vertex 12.5144 16.2059 5.4
    endloop
  endfacet
  facet normal -0.969982 -0.243175 0
    outer loop
      vertex 12.6292 15.6291 2
      vertex 12.5576 15.9147 5.4
      vertex 12.5576 15.9147 2
    endloop
  endfacet
  facet normal -0.969982 -0.243175 0
    outer loop
      vertex 12.5576 15.9147 5.4
      vertex 12.6292 15.6291 2
      vertex 12.6292 15.6291 5.4
    endloop
  endfacet
  facet normal 0.969982 -0.243175 0
    outer loop
      vertex 18.3708 15.6291 5.4
      vertex 18.4424 15.9147 2
      vertex 18.4424 15.9147 5.4
    endloop
  endfacet
  facet normal 0.969982 -0.243175 0
    outer loop
      vertex 18.4424 15.9147 2
      vertex 18.3708 15.6291 5.4
      vertex 18.3708 15.6291 2
    endloop
  endfacet
  facet normal -0.514246 0.857643 0
    outer loop
      vertex 14.0858 19.1458 2
      vertex 13.8333 18.9944 5.4
      vertex 14.0858 19.1458 5.4
    endloop
  endfacet
  facet normal -0.514246 0.857643 0
    outer loop
      vertex 13.8333 18.9944 5.4
      vertex 14.0858 19.1458 2
      vertex 13.8333 18.9944 2
    endloop
  endfacet
  facet normal 0.595699 0.803208 -0
    outer loop
      vertex 17.4032 18.819 2
      vertex 17.1667 18.9944 5.4
      vertex 17.4032 18.819 5.4
    endloop
  endfacet
  facet normal 0.595699 0.803208 0
    outer loop
      vertex 17.1667 18.9944 5.4
      vertex 17.4032 18.819 2
      vertex 17.1667 18.9944 2
    endloop
  endfacet
  facet normal -0.904125 -0.427269 0
    outer loop
      vertex 12.8542 15.0858 2
      vertex 12.7284 15.352 5.4
      vertex 12.7284 15.352 2
    endloop
  endfacet
  facet normal -0.904125 -0.427269 0
    outer loop
      vertex 12.7284 15.352 5.4
      vertex 12.8542 15.0858 2
      vertex 12.8542 15.0858 5.4
    endloop
  endfacet
  facet normal 0.941488 -0.337047 0
    outer loop
      vertex 18.2716 15.352 5.4
      vertex 18.3708 15.6291 2
      vertex 18.3708 15.6291 5.4
    endloop
  endfacet
  facet normal 0.941488 -0.337047 0
    outer loop
      vertex 18.3708 15.6291 2
      vertex 18.2716 15.352 5.4
      vertex 18.2716 15.352 2
    endloop
  endfacet
  facet normal 0.146746 0.989174 -0
    outer loop
      vertex 16.0853 19.4424 2
      vertex 15.7941 19.4856 5.4
      vertex 16.0853 19.4424 5.4
    endloop
  endfacet
  facet normal 0.146746 0.989174 0
    outer loop
      vertex 15.7941 19.4856 5.4
      vertex 16.0853 19.4424 2
      vertex 15.7941 19.4856 2
    endloop
  endfacet
  facet normal -0.427269 0.904125 0
    outer loop
      vertex 14.352 19.2716 2
      vertex 14.0858 19.1458 5.4
      vertex 14.352 19.2716 5.4
    endloop
  endfacet
  facet normal -0.427269 0.904125 0
    outer loop
      vertex 14.0858 19.1458 5.4
      vertex 14.352 19.2716 2
      vertex 14.0858 19.1458 2
    endloop
  endfacet
  facet normal 0.514246 0.857643 -0
    outer loop
      vertex 17.1667 18.9944 2
      vertex 16.9142 19.1458 5.4
      vertex 17.1667 18.9944 5.4
    endloop
  endfacet
  facet normal 0.514246 0.857643 0
    outer loop
      vertex 16.9142 19.1458 5.4
      vertex 17.1667 18.9944 2
      vertex 16.9142 19.1458 2
    endloop
  endfacet
  facet normal 0.427269 -0.904125 0
    outer loop
      vertex 16.648 13.7284 2
      vertex 16.9142 13.8542 5.4
      vertex 16.648 13.7284 5.4
    endloop
  endfacet
  facet normal 0.427269 -0.904125 0
    outer loop
      vertex 16.9142 13.8542 5.4
      vertex 16.648 13.7284 2
      vertex 16.9142 13.8542 2
    endloop
  endfacet
  facet normal -0.941488 -0.337047 0
    outer loop
      vertex 12.7284 15.352 2
      vertex 12.6292 15.6291 5.4
      vertex 12.6292 15.6291 2
    endloop
  endfacet
  facet normal -0.941488 -0.337047 0
    outer loop
      vertex 12.6292 15.6291 5.4
      vertex 12.7284 15.352 2
      vertex 12.7284 15.352 5.4
    endloop
  endfacet
  facet normal 0.857643 -0.514246 0
    outer loop
      vertex 17.9944 14.8333 5.4
      vertex 18.1458 15.0858 2
      vertex 18.1458 15.0858 5.4
    endloop
  endfacet
  facet normal 0.857643 -0.514246 0
    outer loop
      vertex 18.1458 15.0858 2
      vertex 17.9944 14.8333 5.4
      vertex 17.9944 14.8333 2
    endloop
  endfacet
  facet normal 0.904125 -0.427269 0
    outer loop
      vertex 18.1458 15.0858 5.4
      vertex 18.2716 15.352 2
      vertex 18.2716 15.352 5.4
    endloop
  endfacet
  facet normal 0.904125 -0.427269 0
    outer loop
      vertex 18.2716 15.352 2
      vertex 18.1458 15.0858 5.4
      vertex 18.1458 15.0858 2
    endloop
  endfacet
  facet normal 0.998803 -0.0489044 0
    outer loop
      vertex 18.4856 16.2059 5.4
      vertex 18.5 16.5 2
      vertex 18.5 16.5 5.4
    endloop
  endfacet
  facet normal 0.998803 -0.0489044 0
    outer loop
      vertex 18.5 16.5 2
      vertex 18.4856 16.2059 5.4
      vertex 18.4856 16.2059 2
    endloop
  endfacet
  facet normal -0.146746 0.989174 0
    outer loop
      vertex 15.2059 19.4856 2
      vertex 14.9147 19.4424 5.4
      vertex 15.2059 19.4856 5.4
    endloop
  endfacet
  facet normal -0.146746 0.989174 0
    outer loop
      vertex 14.9147 19.4424 5.4
      vertex 15.2059 19.4856 2
      vertex 14.9147 19.4424 2
    endloop
  endfacet
  facet normal 0.146746 -0.989174 0
    outer loop
      vertex 15.7941 13.5144 2
      vertex 16.0853 13.5576 5.4
      vertex 15.7941 13.5144 5.4
    endloop
  endfacet
  facet normal 0.146746 -0.989174 0
    outer loop
      vertex 16.0853 13.5576 5.4
      vertex 15.7941 13.5144 2
      vertex 16.0853 13.5576 2
    endloop
  endfacet
  facet normal 0.740908 -0.671607 0
    outer loop
      vertex 17.6213 14.3787 5.4
      vertex 17.819 14.5968 2
      vertex 17.819 14.5968 5.4
    endloop
  endfacet
  facet normal 0.740908 -0.671607 0
    outer loop
      vertex 17.819 14.5968 2
      vertex 17.6213 14.3787 5.4
      vertex 17.6213 14.3787 2
    endloop
  endfacet
  facet normal 0.803208 -0.595699 0
    outer loop
      vertex 17.819 14.5968 5.4
      vertex 17.9944 14.8333 2
      vertex 17.9944 14.8333 5.4
    endloop
  endfacet
  facet normal 0.803208 -0.595699 0
    outer loop
      vertex 17.9944 14.8333 2
      vertex 17.819 14.5968 5.4
      vertex 17.819 14.5968 2
    endloop
  endfacet
  facet normal -0.243175 0.969982 0
    outer loop
      vertex 14.9147 19.4424 2
      vertex 14.6291 19.3708 5.4
      vertex 14.9147 19.4424 5.4
    endloop
  endfacet
  facet normal -0.243175 0.969982 0
    outer loop
      vertex 14.6291 19.3708 5.4
      vertex 14.9147 19.4424 2
      vertex 14.6291 19.3708 2
    endloop
  endfacet
  facet normal 0.803208 0.595699 0
    outer loop
      vertex 17.9944 18.1667 5.4
      vertex 17.819 18.4032 2
      vertex 17.819 18.4032 5.4
    endloop
  endfacet
  facet normal 0.803208 0.595699 0
    outer loop
      vertex 17.819 18.4032 2
      vertex 17.9944 18.1667 5.4
      vertex 17.9944 18.1667 2
    endloop
  endfacet
  facet normal 0.0489044 0.998803 -0
    outer loop
      vertex 15.7941 19.4856 2
      vertex 15.5 19.5 5.4
      vertex 15.7941 19.4856 5.4
    endloop
  endfacet
  facet normal 0.0489044 0.998803 0
    outer loop
      vertex 15.5 19.5 5.4
      vertex 15.7941 19.4856 2
      vertex 15.5 19.5 2
    endloop
  endfacet
  facet normal 0.904125 0.427269 0
    outer loop
      vertex 18.2716 17.648 5.4
      vertex 18.1458 17.9142 2
      vertex 18.1458 17.9142 5.4
    endloop
  endfacet
  facet normal 0.904125 0.427269 0
    outer loop
      vertex 18.1458 17.9142 2
      vertex 18.2716 17.648 5.4
      vertex 18.2716 17.648 2
    endloop
  endfacet
  facet normal -0.857643 0.514246 0
    outer loop
      vertex 12.8542 17.9142 2
      vertex 13.0056 18.1667 5.4
      vertex 13.0056 18.1667 2
    endloop
  endfacet
  facet normal -0.857643 0.514246 0
    outer loop
      vertex 13.0056 18.1667 5.4
      vertex 12.8542 17.9142 2
      vertex 12.8542 17.9142 5.4
    endloop
  endfacet
  facet normal -0.671607 0.740908 0
    outer loop
      vertex 13.5968 18.819 2
      vertex 13.3787 18.6213 5.4
      vertex 13.5968 18.819 5.4
    endloop
  endfacet
  facet normal -0.671607 0.740908 0
    outer loop
      vertex 13.3787 18.6213 5.4
      vertex 13.5968 18.819 2
      vertex 13.3787 18.6213 2
    endloop
  endfacet
  facet normal -0.857643 -0.514246 0
    outer loop
      vertex 13.0056 14.8333 2
      vertex 12.8542 15.0858 5.4
      vertex 12.8542 15.0858 2
    endloop
  endfacet
  facet normal -0.857643 -0.514246 0
    outer loop
      vertex 12.8542 15.0858 5.4
      vertex 13.0056 14.8333 2
      vertex 13.0056 14.8333 5.4
    endloop
  endfacet
  facet normal -0.427269 -0.904125 0
    outer loop
      vertex 14.0858 13.8542 2
      vertex 14.352 13.7284 5.4
      vertex 14.0858 13.8542 5.4
    endloop
  endfacet
  facet normal -0.427269 -0.904125 -0
    outer loop
      vertex 14.352 13.7284 5.4
      vertex 14.0858 13.8542 2
      vertex 14.352 13.7284 2
    endloop
  endfacet
  facet normal -0.740908 -0.671607 0
    outer loop
      vertex 13.3787 14.3787 2
      vertex 13.181 14.5968 5.4
      vertex 13.181 14.5968 2
    endloop
  endfacet
  facet normal -0.740908 -0.671607 0
    outer loop
      vertex 13.181 14.5968 5.4
      vertex 13.3787 14.3787 2
      vertex 13.3787 14.3787 5.4
    endloop
  endfacet
  facet normal -0.337047 0.941488 0
    outer loop
      vertex 14.6291 19.3708 2
      vertex 14.352 19.2716 5.4
      vertex 14.6291 19.3708 5.4
    endloop
  endfacet
  facet normal -0.337047 0.941488 0
    outer loop
      vertex 14.352 19.2716 5.4
      vertex 14.6291 19.3708 2
      vertex 14.352 19.2716 2
    endloop
  endfacet
  facet normal -0.514246 -0.857643 0
    outer loop
      vertex 13.8333 14.0056 2
      vertex 14.0858 13.8542 5.4
      vertex 13.8333 14.0056 5.4
    endloop
  endfacet
  facet normal -0.514246 -0.857643 -0
    outer loop
      vertex 14.0858 13.8542 5.4
      vertex 13.8333 14.0056 2
      vertex 14.0858 13.8542 2
    endloop
  endfacet
  facet normal 0.595699 -0.803208 0
    outer loop
      vertex 17.1667 14.0056 2
      vertex 17.4032 14.181 5.4
      vertex 17.1667 14.0056 5.4
    endloop
  endfacet
  facet normal 0.595699 -0.803208 0
    outer loop
      vertex 17.4032 14.181 5.4
      vertex 17.1667 14.0056 2
      vertex 17.4032 14.181 2
    endloop
  endfacet
  facet normal -0.0489044 0.998803 0
    outer loop
      vertex 15.5 19.5 2
      vertex 15.2059 19.4856 5.4
      vertex 15.5 19.5 5.4
    endloop
  endfacet
  facet normal -0.0489044 0.998803 0
    outer loop
      vertex 15.2059 19.4856 5.4
      vertex 15.5 19.5 2
      vertex 15.2059 19.4856 2
    endloop
  endfacet
  facet normal -0.969982 0.243175 0
    outer loop
      vertex 12.5576 17.0853 2
      vertex 12.6292 17.3709 5.4
      vertex 12.6292 17.3709 2
    endloop
  endfacet
  facet normal -0.969982 0.243175 0
    outer loop
      vertex 12.6292 17.3709 5.4
      vertex 12.5576 17.0853 2
      vertex 12.5576 17.0853 5.4
    endloop
  endfacet
  facet normal -0.941488 0.337047 0
    outer loop
      vertex 12.6292 17.3709 2
      vertex 12.7284 17.648 5.4
      vertex 12.7284 17.648 2
    endloop
  endfacet
  facet normal -0.941488 0.337047 0
    outer loop
      vertex 12.7284 17.648 5.4
      vertex 12.6292 17.3709 2
      vertex 12.6292 17.3709 5.4
    endloop
  endfacet
  facet normal 0.337047 0.941488 -0
    outer loop
      vertex 16.648 19.2716 2
      vertex 16.3709 19.3708 5.4
      vertex 16.648 19.2716 5.4
    endloop
  endfacet
  facet normal 0.337047 0.941488 0
    outer loop
      vertex 16.3709 19.3708 5.4
      vertex 16.648 19.2716 2
      vertex 16.3709 19.3708 2
    endloop
  endfacet
  facet normal -0.803208 -0.595699 0
    outer loop
      vertex 13.181 14.5968 2
      vertex 13.0056 14.8333 5.4
      vertex 13.0056 14.8333 2
    endloop
  endfacet
  facet normal -0.803208 -0.595699 0
    outer loop
      vertex 13.0056 14.8333 5.4
      vertex 13.181 14.5968 2
      vertex 13.181 14.5968 5.4
    endloop
  endfacet
  facet normal -0.989174 -0.146746 0
    outer loop
      vertex 12.5576 15.9147 2
      vertex 12.5144 16.2059 5.4
      vertex 12.5144 16.2059 2
    endloop
  endfacet
  facet normal -0.989174 -0.146746 0
    outer loop
      vertex 12.5144 16.2059 5.4
      vertex 12.5576 15.9147 2
      vertex 12.5576 15.9147 5.4
    endloop
  endfacet
  facet normal -0.904125 0.427269 0
    outer loop
      vertex 12.7284 17.648 2
      vertex 12.8542 17.9142 5.4
      vertex 12.8542 17.9142 2
    endloop
  endfacet
  facet normal -0.904125 0.427269 0
    outer loop
      vertex 12.8542 17.9142 5.4
      vertex 12.7284 17.648 2
      vertex 12.7284 17.648 5.4
    endloop
  endfacet
  facet normal -0.671607 -0.740908 0
    outer loop
      vertex 13.3787 14.3787 2
      vertex 13.5968 14.181 5.4
      vertex 13.3787 14.3787 5.4
    endloop
  endfacet
  facet normal -0.671607 -0.740908 -0
    outer loop
      vertex 13.5968 14.181 5.4
      vertex 13.3787 14.3787 2
      vertex 13.5968 14.181 2
    endloop
  endfacet
  facet normal -0.803208 0.595699 0
    outer loop
      vertex 13.0056 18.1667 2
      vertex 13.181 18.4032 5.4
      vertex 13.181 18.4032 2
    endloop
  endfacet
  facet normal -0.803208 0.595699 0
    outer loop
      vertex 13.181 18.4032 5.4
      vertex 13.0056 18.1667 2
      vertex 13.0056 18.1667 5.4
    endloop
  endfacet
  facet normal -0.0489044 -0.998803 0
    outer loop
      vertex 15.2059 13.5144 2
      vertex 15.5 13.5 5.4
      vertex 15.2059 13.5144 5.4
    endloop
  endfacet
  facet normal -0.0489044 -0.998803 -0
    outer loop
      vertex 15.5 13.5 5.4
      vertex 15.2059 13.5144 2
      vertex 15.5 13.5 2
    endloop
  endfacet
  facet normal -0.146746 -0.989174 0
    outer loop
      vertex 14.9147 13.5576 2
      vertex 15.2059 13.5144 5.4
      vertex 14.9147 13.5576 5.4
    endloop
  endfacet
  facet normal -0.146746 -0.989174 -0
    outer loop
      vertex 15.2059 13.5144 5.4
      vertex 14.9147 13.5576 2
      vertex 15.2059 13.5144 2
    endloop
  endfacet
  facet normal -0.989174 0.146746 0
    outer loop
      vertex 12.5144 16.7941 2
      vertex 12.5576 17.0853 5.4
      vertex 12.5576 17.0853 2
    endloop
  endfacet
  facet normal -0.989174 0.146746 0
    outer loop
      vertex 12.5576 17.0853 5.4
      vertex 12.5144 16.7941 2
      vertex 12.5144 16.7941 5.4
    endloop
  endfacet
  facet normal -0.998803 0.0489044 0
    outer loop
      vertex 12.5 16.5 2
      vertex 12.5144 16.7941 5.4
      vertex 12.5144 16.7941 2
    endloop
  endfacet
  facet normal -0.998803 0.0489044 0
    outer loop
      vertex 12.5144 16.7941 5.4
      vertex 12.5 16.5 2
      vertex 12.5 16.5 5.4
    endloop
  endfacet
  facet normal -0.337047 -0.941488 0
    outer loop
      vertex 14.352 13.7284 2
      vertex 14.6291 13.6292 5.4
      vertex 14.352 13.7284 5.4
    endloop
  endfacet
  facet normal -0.337047 -0.941488 -0
    outer loop
      vertex 14.6291 13.6292 5.4
      vertex 14.352 13.7284 2
      vertex 14.6291 13.6292 2
    endloop
  endfacet
  facet normal 0.671607 -0.740908 0
    outer loop
      vertex 17.4032 14.181 2
      vertex 17.6213 14.3787 5.4
      vertex 17.4032 14.181 5.4
    endloop
  endfacet
  facet normal 0.671607 -0.740908 0
    outer loop
      vertex 17.6213 14.3787 5.4
      vertex 17.4032 14.181 2
      vertex 17.6213 14.3787 2
    endloop
  endfacet
  facet normal 0 0 1
    outer loop
      vertex 16.8 16.5 5.4
      vertex 18.5 16.5 5.4
      vertex 18.4856 16.7941 5.4
    endloop
  endfacet
  facet normal 0 0 1
    outer loop
      vertex 16.7937 16.6274 5.4
      vertex 18.4856 16.7941 5.4
      vertex 18.4424 17.0853 5.4
    endloop
  endfacet
  facet normal 0 0 1
    outer loop
      vertex 18.5 16.5 5.4
      vertex 16.8 16.5 5.4
      vertex 18.4856 16.2059 5.4
    endloop
  endfacet
  facet normal 0 0 1
    outer loop
      vertex 16.775 16.7536 5.4
      vertex 18.4424 17.0853 5.4
      vertex 18.3708 17.3709 5.4
    endloop
  endfacet
  facet normal -0 0 1
    outer loop
      vertex 16.7937 16.3726 5.4
      vertex 18.4856 16.2059 5.4
      vertex 16.8 16.5 5.4
    endloop
  endfacet
  facet normal 0 0 1
    outer loop
      vertex 16.744 16.8774 5.4
      vertex 18.3708 17.3709 5.4
      vertex 18.2716 17.648 5.4
    endloop
  endfacet
  facet normal 0 0 1
    outer loop
      vertex 18.4856 16.2059 5.4
      vertex 16.7937 16.3726 5.4
      vertex 18.4424 15.9147 5.4
    endloop
  endfacet
  facet normal 0 0 1
    outer loop
      vertex 16.701 16.9975 5.4
      vertex 18.2716 17.648 5.4
      vertex 18.1458 17.9142 5.4
    endloop
  endfacet
  facet normal -0 0 1
    outer loop
      vertex 16.775 16.2464 5.4
      vertex 18.4424 15.9147 5.4
      vertex 16.7937 16.3726 5.4
    endloop
  endfacet
  facet normal 0 0 1
    outer loop
      vertex 16.6465 17.1128 5.4
      vertex 18.1458 17.9142 5.4
      vertex 17.9944 18.1667 5.4
    endloop
  endfacet
  facet normal 0 0 1
    outer loop
      vertex 18.4424 15.9147 5.4
      vertex 16.775 16.2464 5.4
      vertex 18.3708 15.6291 5.4
    endloop
  endfacet
  facet normal 0 0 1
    outer loop
      vertex 16.5809 17.2222 5.4
      vertex 17.9944 18.1667 5.4
      vertex 17.819 18.4032 5.4
    endloop
  endfacet
  facet normal -0 0 1
    outer loop
      vertex 16.744 16.1226 5.4
      vertex 18.3708 15.6291 5.4
      vertex 16.775 16.2464 5.4
    endloop
  endfacet
  facet normal 0 0 1
    outer loop
      vertex 16.5049 17.3247 5.4
      vertex 17.819 18.4032 5.4
      vertex 17.6213 18.6213 5.4
    endloop
  endfacet
  facet normal 0 0 1
    outer loop
      vertex 18.3708 15.6291 5.4
      vertex 16.744 16.1226 5.4
      vertex 18.2716 15.352 5.4
    endloop
  endfacet
  facet normal 0 0 1
    outer loop
      vertex 16.4192 17.4192 5.4
      vertex 17.6213 18.6213 5.4
      vertex 17.4032 18.819 5.4
    endloop
  endfacet
  facet normal -0 0 1
    outer loop
      vertex 16.701 16.0025 5.4
      vertex 18.2716 15.352 5.4
      vertex 16.744 16.1226 5.4
    endloop
  endfacet
  facet normal 0 0 1
    outer loop
      vertex 16.3247 17.5049 5.4
      vertex 17.4032 18.819 5.4
      vertex 17.1667 18.9944 5.4
    endloop
  endfacet
  facet normal 0 0 1
    outer loop
      vertex 18.2716 15.352 5.4
      vertex 16.701 16.0025 5.4
      vertex 18.1458 15.0858 5.4
    endloop
  endfacet
  facet normal 0 0 1
    outer loop
      vertex 16.2222 17.5809 5.4
      vertex 17.1667 18.9944 5.4
      vertex 16.9142 19.1458 5.4
    endloop
  endfacet
  facet normal -0 0 1
    outer loop
      vertex 16.6465 15.8872 5.4
      vertex 18.1458 15.0858 5.4
      vertex 16.701 16.0025 5.4
    endloop
  endfacet
  facet normal 0 0 1
    outer loop
      vertex 18.1458 15.0858 5.4
      vertex 16.6465 15.8872 5.4
      vertex 17.9944 14.8333 5.4
    endloop
  endfacet
  facet normal 0 0 1
    outer loop
      vertex 18.4856 16.7941 5.4
      vertex 16.7937 16.6274 5.4
      vertex 16.8 16.5 5.4
    endloop
  endfacet
  facet normal 0 0 1
    outer loop
      vertex 18.4424 17.0853 5.4
      vertex 16.775 16.7536 5.4
      vertex 16.7937 16.6274 5.4
    endloop
  endfacet
  facet normal 0 0 1
    outer loop
      vertex 18.3708 17.3709 5.4
      vertex 16.744 16.8774 5.4
      vertex 16.775 16.7536 5.4
    endloop
  endfacet
  facet normal 0 0 1
    outer loop
      vertex 18.2716 17.648 5.4
      vertex 16.701 16.9975 5.4
      vertex 16.744 16.8774 5.4
    endloop
  endfacet
  facet normal 0 0 1
    outer loop
      vertex 16.1128 17.6465 5.4
      vertex 16.9142 19.1458 5.4
      vertex 16.648 19.2716 5.4
    endloop
  endfacet
  facet normal 0 0 1
    outer loop
      vertex 18.1458 17.9142 5.4
      vertex 16.6465 17.1128 5.4
      vertex 16.701 16.9975 5.4
    endloop
  endfacet
  facet normal 0 0 1
    outer loop
      vertex 17.9944 18.1667 5.4
      vertex 16.5809 17.2222 5.4
      vertex 16.6465 17.1128 5.4
    endloop
  endfacet
  facet normal 0 0 1
    outer loop
      vertex 17.819 18.4032 5.4
      vertex 16.5049 17.3247 5.4
      vertex 16.5809 17.2222 5.4
    endloop
  endfacet
  facet normal 0 0 1
    outer loop
      vertex 17.6213 18.6213 5.4
      vertex 16.4192 17.4192 5.4
      vertex 16.5049 17.3247 5.4
    endloop
  endfacet
  facet normal 0 0 1
    outer loop
      vertex 15.9975 17.701 5.4
      vertex 16.648 19.2716 5.4
      vertex 16.3709 19.3708 5.4
    endloop
  endfacet
  facet normal 0 0 1
    outer loop
      vertex 17.4032 18.819 5.4
      vertex 16.3247 17.5049 5.4
      vertex 16.4192 17.4192 5.4
    endloop
  endfacet
  facet normal 0 0 1
    outer loop
      vertex 17.1667 18.9944 5.4
      vertex 16.2222 17.5809 5.4
      vertex 16.3247 17.5049 5.4
    endloop
  endfacet
  facet normal 0 0 1
    outer loop
      vertex 16.9142 19.1458 5.4
      vertex 16.1128 17.6465 5.4
      vertex 16.2222 17.5809 5.4
    endloop
  endfacet
  facet normal 0 0 1
    outer loop
      vertex 15.8774 17.744 5.4
      vertex 16.3709 19.3708 5.4
      vertex 16.0853 19.4424 5.4
    endloop
  endfacet
  facet normal 0 0 1
    outer loop
      vertex 16.648 19.2716 5.4
      vertex 15.9975 17.701 5.4
      vertex 16.1128 17.6465 5.4
    endloop
  endfacet
  facet normal 0 0 1
    outer loop
      vertex 16.3709 19.3708 5.4
      vertex 15.8774 17.744 5.4
      vertex 15.9975 17.701 5.4
    endloop
  endfacet
  facet normal 0 0 1
    outer loop
      vertex 15.7536 17.775 5.4
      vertex 16.0853 19.4424 5.4
      vertex 15.7941 19.4856 5.4
    endloop
  endfacet
  facet normal 0 0 1
    outer loop
      vertex 16.0853 19.4424 5.4
      vertex 15.7536 17.775 5.4
      vertex 15.8774 17.744 5.4
    endloop
  endfacet
  facet normal 0 0 1
    outer loop
      vertex 15.7941 19.4856 5.4
      vertex 15.6274 17.7937 5.4
      vertex 15.7536 17.775 5.4
    endloop
  endfacet
  facet normal 0 0 1
    outer loop
      vertex 15.5 19.5 5.4
      vertex 15.6274 17.7937 5.4
      vertex 15.7941 19.4856 5.4
    endloop
  endfacet
  facet normal 0 0 1
    outer loop
      vertex 15.5 19.5 5.4
      vertex 15.5 17.8 5.4
      vertex 15.6274 17.7937 5.4
    endloop
  endfacet
  facet normal 0 0 1
    outer loop
      vertex 15.5 19.5 5.4
      vertex 15.3726 17.7937 5.4
      vertex 15.5 17.8 5.4
    endloop
  endfacet
  facet normal -0 0 1
    outer loop
      vertex 15.2059 19.4856 5.4
      vertex 15.3726 17.7937 5.4
      vertex 15.5 19.5 5.4
    endloop
  endfacet
  facet normal 0 0 1
    outer loop
      vertex 15.3726 17.7937 5.4
      vertex 15.2059 19.4856 5.4
      vertex 15.2464 17.775 5.4
    endloop
  endfacet
  facet normal -0 0 1
    outer loop
      vertex 14.9147 19.4424 5.4
      vertex 15.2464 17.775 5.4
      vertex 15.2059 19.4856 5.4
    endloop
  endfacet
  facet normal 0 0 1
    outer loop
      vertex 15.2464 17.775 5.4
      vertex 14.9147 19.4424 5.4
      vertex 15.1226 17.744 5.4
    endloop
  endfacet
  facet normal -0 0 1
    outer loop
      vertex 14.6291 19.3708 5.4
      vertex 15.1226 17.744 5.4
      vertex 14.9147 19.4424 5.4
    endloop
  endfacet
  facet normal 0 0 1
    outer loop
      vertex 15.1226 17.744 5.4
      vertex 14.6291 19.3708 5.4
      vertex 15.0025 17.701 5.4
    endloop
  endfacet
  facet normal -0 0 1
    outer loop
      vertex 14.352 19.2716 5.4
      vertex 15.0025 17.701 5.4
      vertex 14.6291 19.3708 5.4
    endloop
  endfacet
  facet normal 0 0 1
    outer loop
      vertex 15.0025 17.701 5.4
      vertex 14.352 19.2716 5.4
      vertex 14.8872 17.6465 5.4
    endloop
  endfacet
  facet normal -0 0 1
    outer loop
      vertex 14.0858 19.1458 5.4
      vertex 14.8872 17.6465 5.4
      vertex 14.352 19.2716 5.4
    endloop
  endfacet
  facet normal 0 0 1
    outer loop
      vertex 14.8872 17.6465 5.4
      vertex 14.0858 19.1458 5.4
      vertex 14.7778 17.5809 5.4
    endloop
  endfacet
  facet normal -0 0 1
    outer loop
      vertex 13.8333 18.9944 5.4
      vertex 14.7778 17.5809 5.4
      vertex 14.0858 19.1458 5.4
    endloop
  endfacet
  facet normal 0 0 1
    outer loop
      vertex 14.7778 17.5809 5.4
      vertex 13.8333 18.9944 5.4
      vertex 14.6753 17.5049 5.4
    endloop
  endfacet
  facet normal -0 0 1
    outer loop
      vertex 13.5968 18.819 5.4
      vertex 14.6753 17.5049 5.4
      vertex 13.8333 18.9944 5.4
    endloop
  endfacet
  facet normal 0 0 1
    outer loop
      vertex 14.6753 17.5049 5.4
      vertex 13.5968 18.819 5.4
      vertex 14.5808 17.4192 5.4
    endloop
  endfacet
  facet normal -0 0 1
    outer loop
      vertex 13.3787 18.6213 5.4
      vertex 14.5808 17.4192 5.4
      vertex 13.5968 18.819 5.4
    endloop
  endfacet
  facet normal 0 0 1
    outer loop
      vertex 14.5808 17.4192 5.4
      vertex 13.3787 18.6213 5.4
      vertex 14.4951 17.3247 5.4
    endloop
  endfacet
  facet normal -0 0 1
    outer loop
      vertex 13.181 18.4032 5.4
      vertex 14.4951 17.3247 5.4
      vertex 13.3787 18.6213 5.4
    endloop
  endfacet
  facet normal 0 0 1
    outer loop
      vertex 14.4951 17.3247 5.4
      vertex 13.181 18.4032 5.4
      vertex 14.4191 17.2222 5.4
    endloop
  endfacet
  facet normal 0 0 1
    outer loop
      vertex 14.4191 17.2222 5.4
      vertex 13.0056 18.1667 5.4
      vertex 14.3535 17.1128 5.4
    endloop
  endfacet
  facet normal -0 0 1
    outer loop
      vertex 13.0056 18.1667 5.4
      vertex 14.4191 17.2222 5.4
      vertex 13.181 18.4032 5.4
    endloop
  endfacet
  facet normal -0 0 1
    outer loop
      vertex 16.5809 15.7778 5.4
      vertex 17.9944 14.8333 5.4
      vertex 16.6465 15.8872 5.4
    endloop
  endfacet
  facet normal 0 0 1
    outer loop
      vertex 17.9944 14.8333 5.4
      vertex 16.5809 15.7778 5.4
      vertex 17.819 14.5968 5.4
    endloop
  endfacet
  facet normal -0 0 1
    outer loop
      vertex 16.5049 15.6753 5.4
      vertex 17.819 14.5968 5.4
      vertex 16.5809 15.7778 5.4
    endloop
  endfacet
  facet normal 0 0 1
    outer loop
      vertex 17.819 14.5968 5.4
      vertex 16.5049 15.6753 5.4
      vertex 17.6213 14.3787 5.4
    endloop
  endfacet
  facet normal -0 0 1
    outer loop
      vertex 16.4192 15.5808 5.4
      vertex 17.6213 14.3787 5.4
      vertex 16.5049 15.6753 5.4
    endloop
  endfacet
  facet normal 0 0 1
    outer loop
      vertex 17.6213 14.3787 5.4
      vertex 16.4192 15.5808 5.4
      vertex 17.4032 14.181 5.4
    endloop
  endfacet
  facet normal -0 0 1
    outer loop
      vertex 16.3247 15.4951 5.4
      vertex 17.4032 14.181 5.4
      vertex 16.4192 15.5808 5.4
    endloop
  endfacet
  facet normal 0 0 1
    outer loop
      vertex 17.4032 14.181 5.4
      vertex 16.3247 15.4951 5.4
      vertex 17.1667 14.0056 5.4
    endloop
  endfacet
  facet normal -0 0 1
    outer loop
      vertex 16.2222 15.4191 5.4
      vertex 17.1667 14.0056 5.4
      vertex 16.3247 15.4951 5.4
    endloop
  endfacet
  facet normal 0 0 1
    outer loop
      vertex 17.1667 14.0056 5.4
      vertex 16.2222 15.4191 5.4
      vertex 16.9142 13.8542 5.4
    endloop
  endfacet
  facet normal -0 0 1
    outer loop
      vertex 16.1128 15.3535 5.4
      vertex 16.9142 13.8542 5.4
      vertex 16.2222 15.4191 5.4
    endloop
  endfacet
  facet normal 0 0 1
    outer loop
      vertex 16.9142 13.8542 5.4
      vertex 16.1128 15.3535 5.4
      vertex 16.648 13.7284 5.4
    endloop
  endfacet
  facet normal -0 0 1
    outer loop
      vertex 15.9975 15.299 5.4
      vertex 16.648 13.7284 5.4
      vertex 16.1128 15.3535 5.4
    endloop
  endfacet
  facet normal 0 0 1
    outer loop
      vertex 16.648 13.7284 5.4
      vertex 15.9975 15.299 5.4
      vertex 16.3709 13.6292 5.4
    endloop
  endfacet
  facet normal -0 0 1
    outer loop
      vertex 15.8774 15.256 5.4
      vertex 16.3709 13.6292 5.4
      vertex 15.9975 15.299 5.4
    endloop
  endfacet
  facet normal 0 0 1
    outer loop
      vertex 16.3709 13.6292 5.4
      vertex 15.8774 15.256 5.4
      vertex 16.0853 13.5576 5.4
    endloop
  endfacet
  facet normal -0 0 1
    outer loop
      vertex 15.7536 15.225 5.4
      vertex 16.0853 13.5576 5.4
      vertex 15.8774 15.256 5.4
    endloop
  endfacet
  facet normal 0 0 1
    outer loop
      vertex 16.0853 13.5576 5.4
      vertex 15.7536 15.225 5.4
      vertex 15.7941 13.5144 5.4
    endloop
  endfacet
  facet normal -0 0 1
    outer loop
      vertex 15.6274 15.2063 5.4
      vertex 15.7941 13.5144 5.4
      vertex 15.7536 15.225 5.4
    endloop
  endfacet
  facet normal -0 0 1
    outer loop
      vertex 15.5 15.2 5.4
      vertex 15.7941 13.5144 5.4
      vertex 15.6274 15.2063 5.4
    endloop
  endfacet
  facet normal 0 0 1
    outer loop
      vertex 15.5 15.2 5.4
      vertex 15.5 13.5 5.4
      vertex 15.7941 13.5144 5.4
    endloop
  endfacet
  facet normal 0 0 1
    outer loop
      vertex 15.3726 15.2063 5.4
      vertex 15.5 13.5 5.4
      vertex 15.5 15.2 5.4
    endloop
  endfacet
  facet normal 0 0 1
    outer loop
      vertex 15.2059 13.5144 5.4
      vertex 15.3726 15.2063 5.4
      vertex 15.2464 15.225 5.4
    endloop
  endfacet
  facet normal 0 0 1
    outer loop
      vertex 15.3726 15.2063 5.4
      vertex 15.2059 13.5144 5.4
      vertex 15.5 13.5 5.4
    endloop
  endfacet
  facet normal 0 0 1
    outer loop
      vertex 14.9147 13.5576 5.4
      vertex 15.2464 15.225 5.4
      vertex 15.1226 15.256 5.4
    endloop
  endfacet
  facet normal 0 0 1
    outer loop
      vertex 14.6291 13.6292 5.4
      vertex 15.1226 15.256 5.4
      vertex 15.0025 15.299 5.4
    endloop
  endfacet
  facet normal 0 0 1
    outer loop
      vertex 15.2464 15.225 5.4
      vertex 14.9147 13.5576 5.4
      vertex 15.2059 13.5144 5.4
    endloop
  endfacet
  facet normal 0 0 1
    outer loop
      vertex 14.352 13.7284 5.4
      vertex 15.0025 15.299 5.4
      vertex 14.8872 15.3535 5.4
    endloop
  endfacet
  facet normal 0 0 1
    outer loop
      vertex 14.0858 13.8542 5.4
      vertex 14.8872 15.3535 5.4
      vertex 14.7778 15.4191 5.4
    endloop
  endfacet
  facet normal 0 0 1
    outer loop
      vertex 13.8333 14.0056 5.4
      vertex 14.7778 15.4191 5.4
      vertex 14.6753 15.4951 5.4
    endloop
  endfacet
  facet normal 0 0 1
    outer loop
      vertex 15.1226 15.256 5.4
      vertex 14.6291 13.6292 5.4
      vertex 14.9147 13.5576 5.4
    endloop
  endfacet
  facet normal 0 0 1
    outer loop
      vertex 13.5968 14.181 5.4
      vertex 14.6753 15.4951 5.4
      vertex 14.5808 15.5808 5.4
    endloop
  endfacet
  facet normal 0 0 1
    outer loop
      vertex 13.3787 14.3787 5.4
      vertex 14.5808 15.5808 5.4
      vertex 14.4951 15.6753 5.4
    endloop
  endfacet
  facet normal 0 0 1
    outer loop
      vertex 13.181 14.5968 5.4
      vertex 14.4951 15.6753 5.4
      vertex 14.4191 15.7778 5.4
    endloop
  endfacet
  facet normal 0 0 1
    outer loop
      vertex 13.0056 14.8333 5.4
      vertex 14.4191 15.7778 5.4
      vertex 14.3535 15.8872 5.4
    endloop
  endfacet
  facet normal 0 0 1
    outer loop
      vertex 15.0025 15.299 5.4
      vertex 14.352 13.7284 5.4
      vertex 14.6291 13.6292 5.4
    endloop
  endfacet
  facet normal 0 0 1
    outer loop
      vertex 12.8542 15.0858 5.4
      vertex 14.3535 15.8872 5.4
      vertex 14.299 16.0025 5.4
    endloop
  endfacet
  facet normal 0 0 1
    outer loop
      vertex 12.7284 15.352 5.4
      vertex 14.299 16.0025 5.4
      vertex 14.256 16.1226 5.4
    endloop
  endfacet
  facet normal 0 0 1
    outer loop
      vertex 12.6292 15.6291 5.4
      vertex 14.256 16.1226 5.4
      vertex 14.225 16.2464 5.4
    endloop
  endfacet
  facet normal 0 0 1
    outer loop
      vertex 12.5576 15.9147 5.4
      vertex 14.225 16.2464 5.4
      vertex 14.2063 16.3726 5.4
    endloop
  endfacet
  facet normal 0 0 1
    outer loop
      vertex 14.8872 15.3535 5.4
      vertex 14.0858 13.8542 5.4
      vertex 14.352 13.7284 5.4
    endloop
  endfacet
  facet normal 0 0 1
    outer loop
      vertex 12.5144 16.2059 5.4
      vertex 14.2063 16.3726 5.4
      vertex 14.2 16.5 5.4
    endloop
  endfacet
  facet normal -0 0 1
    outer loop
      vertex 12.8542 17.9142 5.4
      vertex 14.3535 17.1128 5.4
      vertex 13.0056 18.1667 5.4
    endloop
  endfacet
  facet normal 0 0 1
    outer loop
      vertex 14.3535 17.1128 5.4
      vertex 12.8542 17.9142 5.4
      vertex 14.299 16.9975 5.4
    endloop
  endfacet
  facet normal 0 0 1
    outer loop
      vertex 14.7778 15.4191 5.4
      vertex 13.8333 14.0056 5.4
      vertex 14.0858 13.8542 5.4
    endloop
  endfacet
  facet normal -0 0 1
    outer loop
      vertex 12.7284 17.648 5.4
      vertex 14.299 16.9975 5.4
      vertex 12.8542 17.9142 5.4
    endloop
  endfacet
  facet normal 0 0 1
    outer loop
      vertex 14.6753 15.4951 5.4
      vertex 13.5968 14.181 5.4
      vertex 13.8333 14.0056 5.4
    endloop
  endfacet
  facet normal 0 0 1
    outer loop
      vertex 14.299 16.9975 5.4
      vertex 12.7284 17.648 5.4
      vertex 14.256 16.8774 5.4
    endloop
  endfacet
  facet normal 0 0 1
    outer loop
      vertex 14.5808 15.5808 5.4
      vertex 13.3787 14.3787 5.4
      vertex 13.5968 14.181 5.4
    endloop
  endfacet
  facet normal -0 0 1
    outer loop
      vertex 12.6292 17.3709 5.4
      vertex 14.256 16.8774 5.4
      vertex 12.7284 17.648 5.4
    endloop
  endfacet
  facet normal 0 0 1
    outer loop
      vertex 14.4951 15.6753 5.4
      vertex 13.181 14.5968 5.4
      vertex 13.3787 14.3787 5.4
    endloop
  endfacet
  facet normal 0 0 1
    outer loop
      vertex 14.256 16.8774 5.4
      vertex 12.6292 17.3709 5.4
      vertex 14.225 16.7536 5.4
    endloop
  endfacet
  facet normal 0 0 1
    outer loop
      vertex 14.4191 15.7778 5.4
      vertex 13.0056 14.8333 5.4
      vertex 13.181 14.5968 5.4
    endloop
  endfacet
  facet normal -0 0 1
    outer loop
      vertex 12.5576 17.0853 5.4
      vertex 14.225 16.7536 5.4
      vertex 12.6292 17.3709 5.4
    endloop
  endfacet
  facet normal 0 0 1
    outer loop
      vertex 14.3535 15.8872 5.4
      vertex 12.8542 15.0858 5.4
      vertex 13.0056 14.8333 5.4
    endloop
  endfacet
  facet normal 0 0 1
    outer loop
      vertex 14.225 16.7536 5.4
      vertex 12.5576 17.0853 5.4
      vertex 14.2063 16.6274 5.4
    endloop
  endfacet
  facet normal 0 0 1
    outer loop
      vertex 14.299 16.0025 5.4
      vertex 12.7284 15.352 5.4
      vertex 12.8542 15.0858 5.4
    endloop
  endfacet
  facet normal -0 0 1
    outer loop
      vertex 12.5144 16.7941 5.4
      vertex 14.2063 16.6274 5.4
      vertex 12.5576 17.0853 5.4
    endloop
  endfacet
  facet normal 0 0 1
    outer loop
      vertex 14.256 16.1226 5.4
      vertex 12.6292 15.6291 5.4
      vertex 12.7284 15.352 5.4
    endloop
  endfacet
  facet normal 0 0 1
    outer loop
      vertex 14.2063 16.6274 5.4
      vertex 12.5144 16.7941 5.4
      vertex 14.2 16.5 5.4
    endloop
  endfacet
  facet normal 0 0 1
    outer loop
      vertex 14.225 16.2464 5.4
      vertex 12.5576 15.9147 5.4
      vertex 12.6292 15.6291 5.4
    endloop
  endfacet
  facet normal 0 0 1
    outer loop
      vertex 12.5 16.5 5.4
      vertex 14.2 16.5 5.4
      vertex 12.5144 16.7941 5.4
    endloop
  endfacet
  facet normal 0 0 1
    outer loop
      vertex 14.2063 16.3726 5.4
      vertex 12.5144 16.2059 5.4
      vertex 12.5576 15.9147 5.4
    endloop
  endfacet
  facet normal 0 0 1
    outer loop
      vertex 14.2 16.5 5.4
      vertex 12.5 16.5 5.4
      vertex 12.5144 16.2059 5.4
    endloop
  endfacet
  facet normal 0.427345 0.904089 -0
    outer loop
      vertex 15.0025 15.299 2.79
      vertex 14.8872 15.3535 5.4
      vertex 15.0025 15.299 5.4
    endloop
  endfacet
  facet normal 0.427345 0.904089 0
    outer loop
      vertex 14.8872 15.3535 5.4
      vertex 15.0025 15.299 2.79
      vertex 14.8872 15.3535 2.79
    endloop
  endfacet
  facet normal -0.989199 -0.146577 0
    outer loop
      vertex 16.7937 16.6274 2.79
      vertex 16.775 16.7536 5.4
      vertex 16.775 16.7536 2.79
    endloop
  endfacet
  facet normal -0.989199 -0.146577 0
    outer loop
      vertex 16.775 16.7536 5.4
      vertex 16.7937 16.6274 2.79
      vertex 16.7937 16.6274 5.4
    endloop
  endfacet
  facet normal -0.99878 -0.0493902 0
    outer loop
      vertex 16.8 16.5 2.79
      vertex 16.7937 16.6274 5.4
      vertex 16.7937 16.6274 2.79
    endloop
  endfacet
  facet normal -0.99878 -0.0493902 0
    outer loop
      vertex 16.7937 16.6274 5.4
      vertex 16.8 16.5 2.79
      vertex 16.8 16.5 5.4
    endloop
  endfacet
  facet normal -0.97005 -0.242904 0
    outer loop
      vertex 16.775 16.7536 2.79
      vertex 16.744 16.8774 5.4
      vertex 16.744 16.8774 2.79
    endloop
  endfacet
  facet normal -0.97005 -0.242904 0
    outer loop
      vertex 16.744 16.8774 5.4
      vertex 16.775 16.7536 2.79
      vertex 16.775 16.7536 5.4
    endloop
  endfacet
  facet normal -0.427345 0.904089 0
    outer loop
      vertex 16.1128 15.3535 2.79
      vertex 15.9975 15.299 5.4
      vertex 16.1128 15.3535 5.4
    endloop
  endfacet
  facet normal -0.427345 0.904089 0
    outer loop
      vertex 15.9975 15.299 5.4
      vertex 16.1128 15.3535 2.79
      vertex 15.9975 15.299 2.79
    endloop
  endfacet
  facet normal 0.146577 -0.989199 0
    outer loop
      vertex 15.2464 17.775 2.79
      vertex 15.3726 17.7937 5.4
      vertex 15.2464 17.775 5.4
    endloop
  endfacet
  facet normal 0.146577 -0.989199 0
    outer loop
      vertex 15.3726 17.7937 5.4
      vertex 15.2464 17.775 2.79
      vertex 15.3726 17.7937 2.79
    endloop
  endfacet
  facet normal 0.941476 0.337081 0
    outer loop
      vertex 14.299 16.0025 5.4
      vertex 14.256 16.1226 2.79
      vertex 14.256 16.1226 5.4
    endloop
  endfacet
  facet normal 0.941476 0.337081 0
    outer loop
      vertex 14.256 16.1226 2.79
      vertex 14.299 16.0025 5.4
      vertex 14.299 16.0025 2.79
    endloop
  endfacet
  facet normal -0.514265 -0.857631 0
    outer loop
      vertex 16.1128 17.6465 2.79
      vertex 16.2222 17.5809 5.4
      vertex 16.1128 17.6465 5.4
    endloop
  endfacet
  facet normal -0.514265 -0.857631 -0
    outer loop
      vertex 16.2222 17.5809 5.4
      vertex 16.1128 17.6465 2.79
      vertex 16.2222 17.5809 2.79
    endloop
  endfacet
  facet normal 0.242904 0.97005 -0
    outer loop
      vertex 15.2464 15.225 2.79
      vertex 15.1226 15.256 5.4
      vertex 15.2464 15.225 5.4
    endloop
  endfacet
  facet normal 0.242904 0.97005 0
    outer loop
      vertex 15.1226 15.256 5.4
      vertex 15.2464 15.225 2.79
      vertex 15.1226 15.256 2.79
    endloop
  endfacet
  facet normal -0.242904 0.97005 0
    outer loop
      vertex 15.8774 15.256 2.79
      vertex 15.7536 15.225 5.4
      vertex 15.8774 15.256 5.4
    endloop
  endfacet
  facet normal -0.242904 0.97005 0
    outer loop
      vertex 15.7536 15.225 5.4
      vertex 15.8774 15.256 2.79
      vertex 15.7536 15.225 2.79
    endloop
  endfacet
  facet normal 0.514265 -0.857631 0
    outer loop
      vertex 14.7778 17.5809 2.79
      vertex 14.8872 17.6465 5.4
      vertex 14.7778 17.5809 5.4
    endloop
  endfacet
  facet normal 0.514265 -0.857631 0
    outer loop
      vertex 14.8872 17.6465 5.4
      vertex 14.7778 17.5809 2.79
      vertex 14.8872 17.6465 2.79
    endloop
  endfacet
  facet normal 0.595602 -0.803279 0
    outer loop
      vertex 14.6753 17.5049 2.79
      vertex 14.7778 17.5809 5.4
      vertex 14.6753 17.5049 5.4
    endloop
  endfacet
  facet normal 0.595602 -0.803279 0
    outer loop
      vertex 14.7778 17.5809 5.4
      vertex 14.6753 17.5049 2.79
      vertex 14.7778 17.5809 2.79
    endloop
  endfacet
  facet normal -0.146577 -0.989199 0
    outer loop
      vertex 15.6274 17.7937 2.79
      vertex 15.7536 17.775 5.4
      vertex 15.6274 17.7937 5.4
    endloop
  endfacet
  facet normal -0.146577 -0.989199 -0
    outer loop
      vertex 15.7536 17.775 5.4
      vertex 15.6274 17.7937 2.79
      vertex 15.7536 17.775 2.79
    endloop
  endfacet
  facet normal -0.0493902 0.99878 0
    outer loop
      vertex 15.6274 15.2063 2.79
      vertex 15.5 15.2 5.4
      vertex 15.6274 15.2063 5.4
    endloop
  endfacet
  facet normal -0.0493902 0.99878 0
    outer loop
      vertex 15.5 15.2 5.4
      vertex 15.6274 15.2063 2.79
      vertex 15.5 15.2 2.79
    endloop
  endfacet
  facet normal 0.514265 0.857631 -0
    outer loop
      vertex 14.8872 15.3535 2.79
      vertex 14.7778 15.4191 5.4
      vertex 14.8872 15.3535 5.4
    endloop
  endfacet
  facet normal 0.514265 0.857631 0
    outer loop
      vertex 14.7778 15.4191 5.4
      vertex 14.8872 15.3535 2.79
      vertex 14.7778 15.4191 2.79
    endloop
  endfacet
  facet normal 0 0 1
    outer loop
      vertex 16.7937 16.6274 2.79
      vertex 16.7937 16.3726 2.79
      vertex 16.8 16.5 2.79
    endloop
  endfacet
  facet normal 0 0 1
    outer loop
      vertex 16.775 16.7536 2.79
      vertex 16.7937 16.3726 2.79
      vertex 16.7937 16.6274 2.79
    endloop
  endfacet
  facet normal 0 0 1
    outer loop
      vertex 16.775 16.7536 2.79
      vertex 16.775 16.2464 2.79
      vertex 16.7937 16.3726 2.79
    endloop
  endfacet
  facet normal 0 0 1
    outer loop
      vertex 16.744 16.8774 2.79
      vertex 16.775 16.2464 2.79
      vertex 16.775 16.7536 2.79
    endloop
  endfacet
  facet normal 0 0 1
    outer loop
      vertex 16.744 16.8774 2.79
      vertex 16.744 16.1226 2.79
      vertex 16.775 16.2464 2.79
    endloop
  endfacet
  facet normal 0 0 1
    outer loop
      vertex 16.701 16.9975 2.79
      vertex 16.744 16.1226 2.79
      vertex 16.744 16.8774 2.79
    endloop
  endfacet
  facet normal 0 0 1
    outer loop
      vertex 16.701 16.9975 2.79
      vertex 16.701 16.0025 2.79
      vertex 16.744 16.1226 2.79
    endloop
  endfacet
  facet normal 0 0 1
    outer loop
      vertex 16.6465 17.1128 2.79
      vertex 16.701 16.0025 2.79
      vertex 16.701 16.9975 2.79
    endloop
  endfacet
  facet normal 0 0 1
    outer loop
      vertex 16.6465 17.1128 2.79
      vertex 16.6465 15.8872 2.79
      vertex 16.701 16.0025 2.79
    endloop
  endfacet
  facet normal 0 0 1
    outer loop
      vertex 16.5809 17.2222 2.79
      vertex 16.6465 15.8872 2.79
      vertex 16.6465 17.1128 2.79
    endloop
  endfacet
  facet normal 0 0 1
    outer loop
      vertex 16.5809 17.2222 2.79
      vertex 16.5809 15.7778 2.79
      vertex 16.6465 15.8872 2.79
    endloop
  endfacet
  facet normal 0 0 1
    outer loop
      vertex 16.5049 17.3247 2.79
      vertex 16.5809 15.7778 2.79
      vertex 16.5809 17.2222 2.79
    endloop
  endfacet
  facet normal 0 0 1
    outer loop
      vertex 16.5049 17.3247 2.79
      vertex 16.5049 15.6753 2.79
      vertex 16.5809 15.7778 2.79
    endloop
  endfacet
  facet normal 0 0 1
    outer loop
      vertex 16.4192 17.4192 2.79
      vertex 16.5049 15.6753 2.79
      vertex 16.5049 17.3247 2.79
    endloop
  endfacet
  facet normal 0 0 1
    outer loop
      vertex 16.4192 17.4192 2.79
      vertex 16.4192 15.5808 2.79
      vertex 16.5049 15.6753 2.79
    endloop
  endfacet
  facet normal 0 0 1
    outer loop
      vertex 16.3247 17.5049 2.79
      vertex 16.4192 15.5808 2.79
      vertex 16.4192 17.4192 2.79
    endloop
  endfacet
  facet normal 0 0 1
    outer loop
      vertex 16.3247 17.5049 2.79
      vertex 16.3247 15.4951 2.79
      vertex 16.4192 15.5808 2.79
    endloop
  endfacet
  facet normal 0 0 1
    outer loop
      vertex 16.2222 17.5809 2.79
      vertex 16.3247 15.4951 2.79
      vertex 16.3247 17.5049 2.79
    endloop
  endfacet
  facet normal 0 0 1
    outer loop
      vertex 16.2222 17.5809 2.79
      vertex 16.2222 15.4191 2.79
      vertex 16.3247 15.4951 2.79
    endloop
  endfacet
  facet normal 0 0 1
    outer loop
      vertex 16.1128 17.6465 2.79
      vertex 16.2222 15.4191 2.79
      vertex 16.2222 17.5809 2.79
    endloop
  endfacet
  facet normal 0 0 1
    outer loop
      vertex 16.1128 17.6465 2.79
      vertex 16.1128 15.3535 2.79
      vertex 16.2222 15.4191 2.79
    endloop
  endfacet
  facet normal 0 0 1
    outer loop
      vertex 15.9975 17.701 2.79
      vertex 16.1128 15.3535 2.79
      vertex 16.1128 17.6465 2.79
    endloop
  endfacet
  facet normal 0 0 1
    outer loop
      vertex 15.9975 17.701 2.79
      vertex 15.9975 15.299 2.79
      vertex 16.1128 15.3535 2.79
    endloop
  endfacet
  facet normal 0 0 1
    outer loop
      vertex 15.8774 17.744 2.79
      vertex 15.9975 15.299 2.79
      vertex 15.9975 17.701 2.79
    endloop
  endfacet
  facet normal 0 0 1
    outer loop
      vertex 15.8774 17.744 2.79
      vertex 15.8774 15.256 2.79
      vertex 15.9975 15.299 2.79
    endloop
  endfacet
  facet normal 0 0 1
    outer loop
      vertex 15.7536 17.775 2.79
      vertex 15.8774 15.256 2.79
      vertex 15.8774 17.744 2.79
    endloop
  endfacet
  facet normal 0 0 1
    outer loop
      vertex 15.7536 17.775 2.79
      vertex 15.7536 15.225 2.79
      vertex 15.8774 15.256 2.79
    endloop
  endfacet
  facet normal 0 0 1
    outer loop
      vertex 15.6274 17.7937 2.79
      vertex 15.7536 15.225 2.79
      vertex 15.7536 17.775 2.79
    endloop
  endfacet
  facet normal 0 0 1
    outer loop
      vertex 15.6274 17.7937 2.79
      vertex 15.6274 15.2063 2.79
      vertex 15.7536 15.225 2.79
    endloop
  endfacet
  facet normal 0 0 1
    outer loop
      vertex 15.5 17.8 2.79
      vertex 15.6274 15.2063 2.79
      vertex 15.6274 17.7937 2.79
    endloop
  endfacet
  facet normal 0 0 1
    outer loop
      vertex 15.5 17.8 2.79
      vertex 15.5 15.2 2.79
      vertex 15.6274 15.2063 2.79
    endloop
  endfacet
  facet normal -0 0 1
    outer loop
      vertex 15.3726 17.7937 2.79
      vertex 15.5 15.2 2.79
      vertex 15.5 17.8 2.79
    endloop
  endfacet
  facet normal 0 0 1
    outer loop
      vertex 15.3726 17.7937 2.79
      vertex 15.3726 15.2063 2.79
      vertex 15.5 15.2 2.79
    endloop
  endfacet
  facet normal -0 0 1
    outer loop
      vertex 15.2464 17.775 2.79
      vertex 15.3726 15.2063 2.79
      vertex 15.3726 17.7937 2.79
    endloop
  endfacet
  facet normal 0 0 1
    outer loop
      vertex 15.2464 17.775 2.79
      vertex 15.2464 15.225 2.79
      vertex 15.3726 15.2063 2.79
    endloop
  endfacet
  facet normal -0 0 1
    outer loop
      vertex 15.1226 17.744 2.79
      vertex 15.2464 15.225 2.79
      vertex 15.2464 17.775 2.79
    endloop
  endfacet
  facet normal 0 0 1
    outer loop
      vertex 15.1226 17.744 2.79
      vertex 15.1226 15.256 2.79
      vertex 15.2464 15.225 2.79
    endloop
  endfacet
  facet normal -0 0 1
    outer loop
      vertex 15.0025 17.701 2.79
      vertex 15.1226 15.256 2.79
      vertex 15.1226 17.744 2.79
    endloop
  endfacet
  facet normal 0 0 1
    outer loop
      vertex 15.0025 17.701 2.79
      vertex 15.0025 15.299 2.79
      vertex 15.1226 15.256 2.79
    endloop
  endfacet
  facet normal -0 0 1
    outer loop
      vertex 14.8872 17.6465 2.79
      vertex 15.0025 15.299 2.79
      vertex 15.0025 17.701 2.79
    endloop
  endfacet
  facet normal 0 0 1
    outer loop
      vertex 14.8872 17.6465 2.79
      vertex 14.8872 15.3535 2.79
      vertex 15.0025 15.299 2.79
    endloop
  endfacet
  facet normal -0 0 1
    outer loop
      vertex 14.7778 17.5809 2.79
      vertex 14.8872 15.3535 2.79
      vertex 14.8872 17.6465 2.79
    endloop
  endfacet
  facet normal 0 0 1
    outer loop
      vertex 14.7778 17.5809 2.79
      vertex 14.7778 15.4191 2.79
      vertex 14.8872 15.3535 2.79
    endloop
  endfacet
  facet normal -0 0 1
    outer loop
      vertex 14.6753 17.5049 2.79
      vertex 14.7778 15.4191 2.79
      vertex 14.7778 17.5809 2.79
    endloop
  endfacet
  facet normal 0 0 1
    outer loop
      vertex 14.6753 17.5049 2.79
      vertex 14.6753 15.4951 2.79
      vertex 14.7778 15.4191 2.79
    endloop
  endfacet
  facet normal -0 0 1
    outer loop
      vertex 14.5808 17.4192 2.79
      vertex 14.6753 15.4951 2.79
      vertex 14.6753 17.5049 2.79
    endloop
  endfacet
  facet normal 0 0 1
    outer loop
      vertex 14.5808 17.4192 2.79
      vertex 14.5808 15.5808 2.79
      vertex 14.6753 15.4951 2.79
    endloop
  endfacet
  facet normal -0 0 1
    outer loop
      vertex 14.4951 17.3247 2.79
      vertex 14.5808 15.5808 2.79
      vertex 14.5808 17.4192 2.79
    endloop
  endfacet
  facet normal 0 0 1
    outer loop
      vertex 14.4951 17.3247 2.79
      vertex 14.4951 15.6753 2.79
      vertex 14.5808 15.5808 2.79
    endloop
  endfacet
  facet normal -0 0 1
    outer loop
      vertex 14.4191 17.2222 2.79
      vertex 14.4951 15.6753 2.79
      vertex 14.4951 17.3247 2.79
    endloop
  endfacet
  facet normal 0 0 1
    outer loop
      vertex 14.4191 17.2222 2.79
      vertex 14.4191 15.7778 2.79
      vertex 14.4951 15.6753 2.79
    endloop
  endfacet
  facet normal -0 0 1
    outer loop
      vertex 14.3535 17.1128 2.79
      vertex 14.4191 15.7778 2.79
      vertex 14.4191 17.2222 2.79
    endloop
  endfacet
  facet normal 0 0 1
    outer loop
      vertex 14.3535 17.1128 2.79
      vertex 14.3535 15.8872 2.79
      vertex 14.4191 15.7778 2.79
    endloop
  endfacet
  facet normal -0 0 1
    outer loop
      vertex 14.299 16.9975 2.79
      vertex 14.3535 15.8872 2.79
      vertex 14.3535 17.1128 2.79
    endloop
  endfacet
  facet normal 0 0 1
    outer loop
      vertex 14.299 16.9975 2.79
      vertex 14.299 16.0025 2.79
      vertex 14.3535 15.8872 2.79
    endloop
  endfacet
  facet normal -0 0 1
    outer loop
      vertex 14.256 16.8774 2.79
      vertex 14.299 16.0025 2.79
      vertex 14.299 16.9975 2.79
    endloop
  endfacet
  facet normal 0 0 1
    outer loop
      vertex 14.256 16.8774 2.79
      vertex 14.256 16.1226 2.79
      vertex 14.299 16.0025 2.79
    endloop
  endfacet
  facet normal -0 0 1
    outer loop
      vertex 14.225 16.7536 2.79
      vertex 14.256 16.1226 2.79
      vertex 14.256 16.8774 2.79
    endloop
  endfacet
  facet normal 0 0 1
    outer loop
      vertex 14.225 16.7536 2.79
      vertex 14.225 16.2464 2.79
      vertex 14.256 16.1226 2.79
    endloop
  endfacet
  facet normal -0 0 1
    outer loop
      vertex 14.2063 16.6274 2.79
      vertex 14.225 16.2464 2.79
      vertex 14.225 16.7536 2.79
    endloop
  endfacet
  facet normal 0 0 1
    outer loop
      vertex 14.2063 16.6274 2.79
      vertex 14.2063 16.3726 2.79
      vertex 14.225 16.2464 2.79
    endloop
  endfacet
  facet normal 0 -0 1
    outer loop
      vertex 14.2063 16.3726 2.79
      vertex 14.2063 16.6274 2.79
      vertex 14.2 16.5 2.79
    endloop
  endfacet
  facet normal 0.989199 -0.146577 0
    outer loop
      vertex 14.2063 16.6274 5.4
      vertex 14.225 16.7536 2.79
      vertex 14.225 16.7536 5.4
    endloop
  endfacet
  facet normal 0.989199 -0.146577 0
    outer loop
      vertex 14.225 16.7536 2.79
      vertex 14.2063 16.6274 5.4
      vertex 14.2063 16.6274 2.79
    endloop
  endfacet
  facet normal -0.904089 -0.427345 0
    outer loop
      vertex 16.701 16.9975 2.79
      vertex 16.6465 17.1128 5.4
      vertex 16.6465 17.1128 2.79
    endloop
  endfacet
  facet normal -0.904089 -0.427345 0
    outer loop
      vertex 16.6465 17.1128 5.4
      vertex 16.701 16.9975 2.79
      vertex 16.701 16.9975 5.4
    endloop
  endfacet
  facet normal 0.146577 0.989199 -0
    outer loop
      vertex 15.3726 15.2063 2.79
      vertex 15.2464 15.225 5.4
      vertex 15.3726 15.2063 5.4
    endloop
  endfacet
  facet normal 0.146577 0.989199 0
    outer loop
      vertex 15.2464 15.225 5.4
      vertex 15.3726 15.2063 2.79
      vertex 15.2464 15.225 2.79
    endloop
  endfacet
  facet normal -0.514265 0.857631 0
    outer loop
      vertex 16.2222 15.4191 2.79
      vertex 16.1128 15.3535 5.4
      vertex 16.2222 15.4191 5.4
    endloop
  endfacet
  facet normal -0.514265 0.857631 0
    outer loop
      vertex 16.1128 15.3535 5.4
      vertex 16.2222 15.4191 2.79
      vertex 16.1128 15.3535 2.79
    endloop
  endfacet
  facet normal 0.904089 0.427345 0
    outer loop
      vertex 14.3535 15.8872 5.4
      vertex 14.299 16.0025 2.79
      vertex 14.299 16.0025 5.4
    endloop
  endfacet
  facet normal 0.904089 0.427345 0
    outer loop
      vertex 14.299 16.0025 2.79
      vertex 14.3535 15.8872 5.4
      vertex 14.3535 15.8872 2.79
    endloop
  endfacet
  facet normal -0.989199 0.146577 0
    outer loop
      vertex 16.775 16.2464 2.79
      vertex 16.7937 16.3726 5.4
      vertex 16.7937 16.3726 2.79
    endloop
  endfacet
  facet normal -0.989199 0.146577 0
    outer loop
      vertex 16.7937 16.3726 5.4
      vertex 16.775 16.2464 2.79
      vertex 16.775 16.2464 5.4
    endloop
  endfacet
  facet normal -0.595602 -0.803279 0
    outer loop
      vertex 16.2222 17.5809 2.79
      vertex 16.3247 17.5049 5.4
      vertex 16.2222 17.5809 5.4
    endloop
  endfacet
  facet normal -0.595602 -0.803279 -0
    outer loop
      vertex 16.3247 17.5049 5.4
      vertex 16.2222 17.5809 2.79
      vertex 16.3247 17.5049 2.79
    endloop
  endfacet
  facet normal -0.803279 0.595602 0
    outer loop
      vertex 16.5049 15.6753 2.79
      vertex 16.5809 15.7778 5.4
      vertex 16.5809 15.7778 2.79
    endloop
  endfacet
  facet normal -0.803279 0.595602 0
    outer loop
      vertex 16.5809 15.7778 5.4
      vertex 16.5049 15.6753 2.79
      vertex 16.5049 15.6753 5.4
    endloop
  endfacet
  facet normal 0.941476 -0.337081 0
    outer loop
      vertex 14.256 16.8774 5.4
      vertex 14.299 16.9975 2.79
      vertex 14.299 16.9975 5.4
    endloop
  endfacet
  facet normal 0.941476 -0.337081 0
    outer loop
      vertex 14.299 16.9975 2.79
      vertex 14.256 16.8774 5.4
      vertex 14.256 16.8774 2.79
    endloop
  endfacet
  facet normal -0.803279 -0.595602 0
    outer loop
      vertex 16.5809 17.2222 2.79
      vertex 16.5049 17.3247 5.4
      vertex 16.5049 17.3247 2.79
    endloop
  endfacet
  facet normal -0.803279 -0.595602 0
    outer loop
      vertex 16.5049 17.3247 5.4
      vertex 16.5809 17.2222 2.79
      vertex 16.5809 17.2222 5.4
    endloop
  endfacet
  facet normal 0.0493902 -0.99878 0
    outer loop
      vertex 15.3726 17.7937 2.79
      vertex 15.5 17.8 5.4
      vertex 15.3726 17.7937 5.4
    endloop
  endfacet
  facet normal 0.0493902 -0.99878 0
    outer loop
      vertex 15.5 17.8 5.4
      vertex 15.3726 17.7937 2.79
      vertex 15.5 17.8 2.79
    endloop
  endfacet
  facet normal 0.97005 0.242904 0
    outer loop
      vertex 14.256 16.1226 5.4
      vertex 14.225 16.2464 2.79
      vertex 14.225 16.2464 5.4
    endloop
  endfacet
  facet normal 0.97005 0.242904 0
    outer loop
      vertex 14.225 16.2464 2.79
      vertex 14.256 16.1226 5.4
      vertex 14.256 16.1226 2.79
    endloop
  endfacet
  facet normal 0.337081 -0.941476 0
    outer loop
      vertex 15.0025 17.701 2.79
      vertex 15.1226 17.744 5.4
      vertex 15.0025 17.701 5.4
    endloop
  endfacet
  facet normal 0.337081 -0.941476 0
    outer loop
      vertex 15.1226 17.744 5.4
      vertex 15.0025 17.701 2.79
      vertex 15.1226 17.744 2.79
    endloop
  endfacet
  facet normal -0.904089 0.427345 0
    outer loop
      vertex 16.6465 15.8872 2.79
      vertex 16.701 16.0025 5.4
      vertex 16.701 16.0025 2.79
    endloop
  endfacet
  facet normal -0.904089 0.427345 0
    outer loop
      vertex 16.701 16.0025 5.4
      vertex 16.6465 15.8872 2.79
      vertex 16.6465 15.8872 5.4
    endloop
  endfacet
  facet normal 0.740755 -0.671775 0
    outer loop
      vertex 14.4951 17.3247 5.4
      vertex 14.5808 17.4192 2.79
      vertex 14.5808 17.4192 5.4
    endloop
  endfacet
  facet normal 0.740755 -0.671775 0
    outer loop
      vertex 14.5808 17.4192 2.79
      vertex 14.4951 17.3247 5.4
      vertex 14.4951 17.3247 2.79
    endloop
  endfacet
  facet normal 0.857631 -0.514265 0
    outer loop
      vertex 14.3535 17.1128 5.4
      vertex 14.4191 17.2222 2.79
      vertex 14.4191 17.2222 5.4
    endloop
  endfacet
  facet normal 0.857631 -0.514265 0
    outer loop
      vertex 14.4191 17.2222 2.79
      vertex 14.3535 17.1128 5.4
      vertex 14.3535 17.1128 2.79
    endloop
  endfacet
  facet normal -0.146577 0.989199 0
    outer loop
      vertex 15.7536 15.225 2.79
      vertex 15.6274 15.2063 5.4
      vertex 15.7536 15.225 5.4
    endloop
  endfacet
  facet normal -0.146577 0.989199 0
    outer loop
      vertex 15.6274 15.2063 5.4
      vertex 15.7536 15.225 2.79
      vertex 15.6274 15.2063 2.79
    endloop
  endfacet
  facet normal -0.857631 -0.514265 0
    outer loop
      vertex 16.6465 17.1128 2.79
      vertex 16.5809 17.2222 5.4
      vertex 16.5809 17.2222 2.79
    endloop
  endfacet
  facet normal -0.857631 -0.514265 0
    outer loop
      vertex 16.5809 17.2222 5.4
      vertex 16.6465 17.1128 2.79
      vertex 16.6465 17.1128 5.4
    endloop
  endfacet
  facet normal -0.941476 -0.337081 0
    outer loop
      vertex 16.744 16.8774 2.79
      vertex 16.701 16.9975 5.4
      vertex 16.701 16.9975 2.79
    endloop
  endfacet
  facet normal -0.941476 -0.337081 0
    outer loop
      vertex 16.701 16.9975 5.4
      vertex 16.744 16.8774 2.79
      vertex 16.744 16.8774 5.4
    endloop
  endfacet
  facet normal -0.671775 -0.740755 0
    outer loop
      vertex 16.3247 17.5049 2.79
      vertex 16.4192 17.4192 5.4
      vertex 16.3247 17.5049 5.4
    endloop
  endfacet
  facet normal -0.671775 -0.740755 -0
    outer loop
      vertex 16.4192 17.4192 5.4
      vertex 16.3247 17.5049 2.79
      vertex 16.4192 17.4192 2.79
    endloop
  endfacet
  facet normal -0.97005 0.242904 0
    outer loop
      vertex 16.744 16.1226 2.79
      vertex 16.775 16.2464 5.4
      vertex 16.775 16.2464 2.79
    endloop
  endfacet
  facet normal -0.97005 0.242904 0
    outer loop
      vertex 16.775 16.2464 5.4
      vertex 16.744 16.1226 2.79
      vertex 16.744 16.1226 5.4
    endloop
  endfacet
  facet normal 0.427345 -0.904089 0
    outer loop
      vertex 14.8872 17.6465 2.79
      vertex 15.0025 17.701 5.4
      vertex 14.8872 17.6465 5.4
    endloop
  endfacet
  facet normal 0.427345 -0.904089 0
    outer loop
      vertex 15.0025 17.701 5.4
      vertex 14.8872 17.6465 2.79
      vertex 15.0025 17.701 2.79
    endloop
  endfacet
  facet normal -0.337081 -0.941476 0
    outer loop
      vertex 15.8774 17.744 2.79
      vertex 15.9975 17.701 5.4
      vertex 15.8774 17.744 5.4
    endloop
  endfacet
  facet normal -0.337081 -0.941476 -0
    outer loop
      vertex 15.9975 17.701 5.4
      vertex 15.8774 17.744 2.79
      vertex 15.9975 17.701 2.79
    endloop
  endfacet
  facet normal 0.242904 -0.97005 0
    outer loop
      vertex 15.1226 17.744 2.79
      vertex 15.2464 17.775 5.4
      vertex 15.1226 17.744 5.4
    endloop
  endfacet
  facet normal 0.242904 -0.97005 0
    outer loop
      vertex 15.2464 17.775 5.4
      vertex 15.1226 17.744 2.79
      vertex 15.2464 17.775 2.79
    endloop
  endfacet
  facet normal -0.857631 0.514265 0
    outer loop
      vertex 16.5809 15.7778 2.79
      vertex 16.6465 15.8872 5.4
      vertex 16.6465 15.8872 2.79
    endloop
  endfacet
  facet normal -0.857631 0.514265 0
    outer loop
      vertex 16.6465 15.8872 5.4
      vertex 16.5809 15.7778 2.79
      vertex 16.5809 15.7778 5.4
    endloop
  endfacet
  facet normal -0.427345 -0.904089 0
    outer loop
      vertex 15.9975 17.701 2.79
      vertex 16.1128 17.6465 5.4
      vertex 15.9975 17.701 5.4
    endloop
  endfacet
  facet normal -0.427345 -0.904089 -0
    outer loop
      vertex 16.1128 17.6465 5.4
      vertex 15.9975 17.701 2.79
      vertex 16.1128 17.6465 2.79
    endloop
  endfacet
  facet normal -0.0493902 -0.99878 0
    outer loop
      vertex 15.5 17.8 2.79
      vertex 15.6274 17.7937 5.4
      vertex 15.5 17.8 5.4
    endloop
  endfacet
  facet normal -0.0493902 -0.99878 -0
    outer loop
      vertex 15.6274 17.7937 5.4
      vertex 15.5 17.8 2.79
      vertex 15.6274 17.7937 2.79
    endloop
  endfacet
  facet normal -0.941476 0.337081 0
    outer loop
      vertex 16.701 16.0025 2.79
      vertex 16.744 16.1226 5.4
      vertex 16.744 16.1226 2.79
    endloop
  endfacet
  facet normal -0.941476 0.337081 0
    outer loop
      vertex 16.744 16.1226 5.4
      vertex 16.701 16.0025 2.79
      vertex 16.701 16.0025 5.4
    endloop
  endfacet
  facet normal -0.242904 -0.97005 0
    outer loop
      vertex 15.7536 17.775 2.79
      vertex 15.8774 17.744 5.4
      vertex 15.7536 17.775 5.4
    endloop
  endfacet
  facet normal -0.242904 -0.97005 -0
    outer loop
      vertex 15.8774 17.744 5.4
      vertex 15.7536 17.775 2.79
      vertex 15.8774 17.744 2.79
    endloop
  endfacet
  facet normal -0.99878 0.0493902 0
    outer loop
      vertex 16.7937 16.3726 2.79
      vertex 16.8 16.5 5.4
      vertex 16.8 16.5 2.79
    endloop
  endfacet
  facet normal -0.99878 0.0493902 0
    outer loop
      vertex 16.8 16.5 5.4
      vertex 16.7937 16.3726 2.79
      vertex 16.7937 16.3726 5.4
    endloop
  endfacet
  facet normal 0.97005 -0.242904 0
    outer loop
      vertex 14.225 16.7536 5.4
      vertex 14.256 16.8774 2.79
      vertex 14.256 16.8774 5.4
    endloop
  endfacet
  facet normal 0.97005 -0.242904 0
    outer loop
      vertex 14.256 16.8774 2.79
      vertex 14.225 16.7536 5.4
      vertex 14.225 16.7536 2.79
    endloop
  endfacet
  facet normal 0.671775 -0.740755 0
    outer loop
      vertex 14.5808 17.4192 2.79
      vertex 14.6753 17.5049 5.4
      vertex 14.5808 17.4192 5.4
    endloop
  endfacet
  facet normal 0.671775 -0.740755 0
    outer loop
      vertex 14.6753 17.5049 5.4
      vertex 14.5808 17.4192 2.79
      vertex 14.6753 17.5049 2.79
    endloop
  endfacet
  facet normal 0.857631 0.514265 0
    outer loop
      vertex 14.4191 15.7778 5.4
      vertex 14.3535 15.8872 2.79
      vertex 14.3535 15.8872 5.4
    endloop
  endfacet
  facet normal 0.857631 0.514265 0
    outer loop
      vertex 14.3535 15.8872 2.79
      vertex 14.4191 15.7778 5.4
      vertex 14.4191 15.7778 2.79
    endloop
  endfacet
  facet normal 0.740755 0.671775 0
    outer loop
      vertex 14.5808 15.5808 5.4
      vertex 14.4951 15.6753 2.79
      vertex 14.4951 15.6753 5.4
    endloop
  endfacet
  facet normal 0.740755 0.671775 0
    outer loop
      vertex 14.4951 15.6753 2.79
      vertex 14.5808 15.5808 5.4
      vertex 14.5808 15.5808 2.79
    endloop
  endfacet
  facet normal 0.595602 0.803279 -0
    outer loop
      vertex 14.7778 15.4191 2.79
      vertex 14.6753 15.4951 5.4
      vertex 14.7778 15.4191 5.4
    endloop
  endfacet
  facet normal 0.595602 0.803279 0
    outer loop
      vertex 14.6753 15.4951 5.4
      vertex 14.7778 15.4191 2.79
      vertex 14.6753 15.4951 2.79
    endloop
  endfacet
  facet normal 0.989199 0.146577 0
    outer loop
      vertex 14.225 16.2464 5.4
      vertex 14.2063 16.3726 2.79
      vertex 14.2063 16.3726 5.4
    endloop
  endfacet
  facet normal 0.989199 0.146577 0
    outer loop
      vertex 14.2063 16.3726 2.79
      vertex 14.225 16.2464 5.4
      vertex 14.225 16.2464 2.79
    endloop
  endfacet
  facet normal 0.803279 0.595602 0
    outer loop
      vertex 14.4951 15.6753 5.4
      vertex 14.4191 15.7778 2.79
      vertex 14.4191 15.7778 5.4
    endloop
  endfacet
  facet normal 0.803279 0.595602 0
    outer loop
      vertex 14.4191 15.7778 2.79
      vertex 14.4951 15.6753 5.4
      vertex 14.4951 15.6753 2.79
    endloop
  endfacet
  facet normal -0.337081 0.941476 0
    outer loop
      vertex 15.9975 15.299 2.79
      vertex 15.8774 15.256 5.4
      vertex 15.9975 15.299 5.4
    endloop
  endfacet
  facet normal -0.337081 0.941476 0
    outer loop
      vertex 15.8774 15.256 5.4
      vertex 15.9975 15.299 2.79
      vertex 15.8774 15.256 2.79
    endloop
  endfacet
  facet normal 0.99878 0.0493902 0
    outer loop
      vertex 14.2063 16.3726 5.4
      vertex 14.2 16.5 2.79
      vertex 14.2 16.5 5.4
    endloop
  endfacet
  facet normal 0.99878 0.0493902 0
    outer loop
      vertex 14.2 16.5 2.79
      vertex 14.2063 16.3726 5.4
      vertex 14.2063 16.3726 2.79
    endloop
  endfacet
  facet normal 0.803279 -0.595602 0
    outer loop
      vertex 14.4191 17.2222 5.4
      vertex 14.4951 17.3247 2.79
      vertex 14.4951 17.3247 5.4
    endloop
  endfacet
  facet normal 0.803279 -0.595602 0
    outer loop
      vertex 14.4951 17.3247 2.79
      vertex 14.4191 17.2222 5.4
      vertex 14.4191 17.2222 2.79
    endloop
  endfacet
  facet normal -0.595602 0.803279 0
    outer loop
      vertex 16.3247 15.4951 2.79
      vertex 16.2222 15.4191 5.4
      vertex 16.3247 15.4951 5.4
    endloop
  endfacet
  facet normal -0.595602 0.803279 0
    outer loop
      vertex 16.2222 15.4191 5.4
      vertex 16.3247 15.4951 2.79
      vertex 16.2222 15.4191 2.79
    endloop
  endfacet
  facet normal -0.740755 -0.671775 0
    outer loop
      vertex 16.5049 17.3247 2.79
      vertex 16.4192 17.4192 5.4
      vertex 16.4192 17.4192 2.79
    endloop
  endfacet
  facet normal -0.740755 -0.671775 0
    outer loop
      vertex 16.4192 17.4192 5.4
      vertex 16.5049 17.3247 2.79
      vertex 16.5049 17.3247 5.4
    endloop
  endfacet
  facet normal 0.904089 -0.427345 0
    outer loop
      vertex 14.299 16.9975 5.4
      vertex 14.3535 17.1128 2.79
      vertex 14.3535 17.1128 5.4
    endloop
  endfacet
  facet normal 0.904089 -0.427345 0
    outer loop
      vertex 14.3535 17.1128 2.79
      vertex 14.299 16.9975 5.4
      vertex 14.299 16.9975 2.79
    endloop
  endfacet
  facet normal 0.337081 0.941476 -0
    outer loop
      vertex 15.1226 15.256 2.79
      vertex 15.0025 15.299 5.4
      vertex 15.1226 15.256 5.4
    endloop
  endfacet
  facet normal 0.337081 0.941476 0
    outer loop
      vertex 15.0025 15.299 5.4
      vertex 15.1226 15.256 2.79
      vertex 15.0025 15.299 2.79
    endloop
  endfacet
  facet normal 0.0493902 0.99878 -0
    outer loop
      vertex 15.5 15.2 2.79
      vertex 15.3726 15.2063 5.4
      vertex 15.5 15.2 5.4
    endloop
  endfacet
  facet normal 0.0493902 0.99878 0
    outer loop
      vertex 15.3726 15.2063 5.4
      vertex 15.5 15.2 2.79
      vertex 15.3726 15.2063 2.79
    endloop
  endfacet
  facet normal 0.99878 -0.0493902 0
    outer loop
      vertex 14.2 16.5 5.4
      vertex 14.2063 16.6274 2.79
      vertex 14.2063 16.6274 5.4
    endloop
  endfacet
  facet normal 0.99878 -0.0493902 0
    outer loop
      vertex 14.2063 16.6274 2.79
      vertex 14.2 16.5 5.4
      vertex 14.2 16.5 2.79
    endloop
  endfacet
  facet normal 0.671775 0.740755 -0
    outer loop
      vertex 14.6753 15.4951 2.79
      vertex 14.5808 15.5808 5.4
      vertex 14.6753 15.4951 5.4
    endloop
  endfacet
  facet normal 0.671775 0.740755 0
    outer loop
      vertex 14.5808 15.5808 5.4
      vertex 14.6753 15.4951 2.79
      vertex 14.5808 15.5808 2.79
    endloop
  endfacet
  facet normal -0.740755 0.671775 0
    outer loop
      vertex 16.4192 15.5808 2.79
      vertex 16.5049 15.6753 5.4
      vertex 16.5049 15.6753 2.79
    endloop
  endfacet
  facet normal -0.740755 0.671775 0
    outer loop
      vertex 16.5049 15.6753 5.4
      vertex 16.4192 15.5808 2.79
      vertex 16.4192 15.5808 5.4
    endloop
  endfacet
  facet normal -0.671775 0.740755 0
    outer loop
      vertex 16.4192 15.5808 2.79
      vertex 16.3247 15.4951 5.4
      vertex 16.4192 15.5808 5.4
    endloop
  endfacet
  facet normal -0.671775 0.740755 0
    outer loop
      vertex 16.3247 15.4951 5.4
      vertex 16.4192 15.5808 2.79
      vertex 16.3247 15.4951 2.79
    endloop
  endfacet
  facet normal 0.740908 0.671607 0
    outer loop
      vertex 62.819 18.4032 5.4
      vertex 62.6213 18.6213 2
      vertex 62.6213 18.6213 5.4
    endloop
  endfacet
  facet normal 0.740908 0.671607 0
    outer loop
      vertex 62.6213 18.6213 2
      vertex 62.819 18.4032 5.4
      vertex 62.819 18.4032 2
    endloop
  endfacet
  facet normal 0.989174 0.146746 0
    outer loop
      vertex 63.4856 16.7941 5.4
      vertex 63.4424 17.0853 2
      vertex 63.4424 17.0853 5.4
    endloop
  endfacet
  facet normal 0.989174 0.146746 0
    outer loop
      vertex 63.4424 17.0853 2
      vertex 63.4856 16.7941 5.4
      vertex 63.4856 16.7941 2
    endloop
  endfacet
  facet normal 0.998803 0.0489044 0
    outer loop
      vertex 63.5 16.5 5.4
      vertex 63.4856 16.7941 2
      vertex 63.4856 16.7941 5.4
    endloop
  endfacet
  facet normal 0.998803 0.0489044 0
    outer loop
      vertex 63.4856 16.7941 2
      vertex 63.5 16.5 5.4
      vertex 63.5 16.5 2
    endloop
  endfacet
  facet normal 0.969982 0.243175 0
    outer loop
      vertex 63.4424 17.0853 5.4
      vertex 63.3708 17.3709 2
      vertex 63.3708 17.3709 5.4
    endloop
  endfacet
  facet normal 0.969982 0.243175 0
    outer loop
      vertex 63.3708 17.3709 2
      vertex 63.4424 17.0853 5.4
      vertex 63.4424 17.0853 2
    endloop
  endfacet
  facet normal 0.337047 -0.941488 0
    outer loop
      vertex 61.3709 13.6292 2
      vertex 61.648 13.7284 5.4
      vertex 61.3709 13.6292 5.4
    endloop
  endfacet
  facet normal 0.337047 -0.941488 0
    outer loop
      vertex 61.648 13.7284 5.4
      vertex 61.3709 13.6292 2
      vertex 61.648 13.7284 2
    endloop
  endfacet
  facet normal 0.857643 0.514246 0
    outer loop
      vertex 63.1458 17.9142 5.4
      vertex 62.9944 18.1667 2
      vertex 62.9944 18.1667 5.4
    endloop
  endfacet
  facet normal 0.857643 0.514246 0
    outer loop
      vertex 62.9944 18.1667 2
      vertex 63.1458 17.9142 5.4
      vertex 63.1458 17.9142 2
    endloop
  endfacet
  facet normal 0.941488 0.337047 0
    outer loop
      vertex 63.3708 17.3709 5.4
      vertex 63.2716 17.648 2
      vertex 63.2716 17.648 5.4
    endloop
  endfacet
  facet normal 0.941488 0.337047 0
    outer loop
      vertex 63.2716 17.648 2
      vertex 63.3708 17.3709 5.4
      vertex 63.3708 17.3709 2
    endloop
  endfacet
  facet normal 0.243175 0.969982 -0
    outer loop
      vertex 61.3709 19.3708 2
      vertex 61.0853 19.4424 5.4
      vertex 61.3709 19.3708 5.4
    endloop
  endfacet
  facet normal 0.243175 0.969982 0
    outer loop
      vertex 61.0853 19.4424 5.4
      vertex 61.3709 19.3708 2
      vertex 61.0853 19.4424 2
    endloop
  endfacet
  facet normal -0.740908 0.671607 0
    outer loop
      vertex 58.181 18.4032 2
      vertex 58.3787 18.6213 5.4
      vertex 58.3787 18.6213 2
    endloop
  endfacet
  facet normal -0.740908 0.671607 0
    outer loop
      vertex 58.3787 18.6213 5.4
      vertex 58.181 18.4032 2
      vertex 58.181 18.4032 5.4
    endloop
  endfacet
  facet normal 0.0489044 -0.998803 0
    outer loop
      vertex 60.5 13.5 2
      vertex 60.7941 13.5144 5.4
      vertex 60.5 13.5 5.4
    endloop
  endfacet
  facet normal 0.0489044 -0.998803 0
    outer loop
      vertex 60.7941 13.5144 5.4
      vertex 60.5 13.5 2
      vertex 60.7941 13.5144 2
    endloop
  endfacet
  facet normal 0.427269 0.904125 -0
    outer loop
      vertex 61.9142 19.1458 2
      vertex 61.648 19.2716 5.4
      vertex 61.9142 19.1458 5.4
    endloop
  endfacet
  facet normal 0.427269 0.904125 0
    outer loop
      vertex 61.648 19.2716 5.4
      vertex 61.9142 19.1458 2
      vertex 61.648 19.2716 2
    endloop
  endfacet
  facet normal 0.671607 0.740908 -0
    outer loop
      vertex 62.6213 18.6213 2
      vertex 62.4032 18.819 5.4
      vertex 62.6213 18.6213 5.4
    endloop
  endfacet
  facet normal 0.671607 0.740908 0
    outer loop
      vertex 62.4032 18.819 5.4
      vertex 62.6213 18.6213 2
      vertex 62.4032 18.819 2
    endloop
  endfacet
  facet normal -0.595699 -0.803208 0
    outer loop
      vertex 58.5968 14.181 2
      vertex 58.8333 14.0056 5.4
      vertex 58.5968 14.181 5.4
    endloop
  endfacet
  facet normal -0.595699 -0.803208 -0
    outer loop
      vertex 58.8333 14.0056 5.4
      vertex 58.5968 14.181 2
      vertex 58.8333 14.0056 2
    endloop
  endfacet
  facet normal 0.243175 -0.969982 0
    outer loop
      vertex 61.0853 13.5576 2
      vertex 61.3709 13.6292 5.4
      vertex 61.0853 13.5576 5.4
    endloop
  endfacet
  facet normal 0.243175 -0.969982 0
    outer loop
      vertex 61.3709 13.6292 5.4
      vertex 61.0853 13.5576 2
      vertex 61.3709 13.6292 2
    endloop
  endfacet
  facet normal 0.989174 -0.146746 0
    outer loop
      vertex 63.4424 15.9147 5.4
      vertex 63.4856 16.2059 2
      vertex 63.4856 16.2059 5.4
    endloop
  endfacet
  facet normal 0.989174 -0.146746 0
    outer loop
      vertex 63.4856 16.2059 2
      vertex 63.4424 15.9147 5.4
      vertex 63.4424 15.9147 2
    endloop
  endfacet
  facet normal 0.514246 -0.857643 0
    outer loop
      vertex 61.9142 13.8542 2
      vertex 62.1667 14.0056 5.4
      vertex 61.9142 13.8542 5.4
    endloop
  endfacet
  facet normal 0.514246 -0.857643 0
    outer loop
      vertex 62.1667 14.0056 5.4
      vertex 61.9142 13.8542 2
      vertex 62.1667 14.0056 2
    endloop
  endfacet
  facet normal -0.243175 -0.969982 0
    outer loop
      vertex 59.6291 13.6292 2
      vertex 59.9147 13.5576 5.4
      vertex 59.6291 13.6292 5.4
    endloop
  endfacet
  facet normal -0.243175 -0.969982 -0
    outer loop
      vertex 59.9147 13.5576 5.4
      vertex 59.6291 13.6292 2
      vertex 59.9147 13.5576 2
    endloop
  endfacet
  facet normal -0.595699 0.803208 0
    outer loop
      vertex 58.8333 18.9944 2
      vertex 58.5968 18.819 5.4
      vertex 58.8333 18.9944 5.4
    endloop
  endfacet
  facet normal -0.595699 0.803208 0
    outer loop
      vertex 58.5968 18.819 5.4
      vertex 58.8333 18.9944 2
      vertex 58.5968 18.819 2
    endloop
  endfacet
  facet normal -0.998803 -0.0489044 0
    outer loop
      vertex 57.5144 16.2059 2
      vertex 57.5 16.5 5.4
      vertex 57.5 16.5 2
    endloop
  endfacet
  facet normal -0.998803 -0.0489044 0
    outer loop
      vertex 57.5 16.5 5.4
      vertex 57.5144 16.2059 2
      vertex 57.5144 16.2059 5.4
    endloop
  endfacet
  facet normal -0.969982 -0.243175 0
    outer loop
      vertex 57.6292 15.6291 2
      vertex 57.5576 15.9147 5.4
      vertex 57.5576 15.9147 2
    endloop
  endfacet
  facet normal -0.969982 -0.243175 0
    outer loop
      vertex 57.5576 15.9147 5.4
      vertex 57.6292 15.6291 2
      vertex 57.6292 15.6291 5.4
    endloop
  endfacet
  facet normal 0.969982 -0.243175 0
    outer loop
      vertex 63.3708 15.6291 5.4
      vertex 63.4424 15.9147 2
      vertex 63.4424 15.9147 5.4
    endloop
  endfacet
  facet normal 0.969982 -0.243175 0
    outer loop
      vertex 63.4424 15.9147 2
      vertex 63.3708 15.6291 5.4
      vertex 63.3708 15.6291 2
    endloop
  endfacet
  facet normal -0.514246 0.857643 0
    outer loop
      vertex 59.0858 19.1458 2
      vertex 58.8333 18.9944 5.4
      vertex 59.0858 19.1458 5.4
    endloop
  endfacet
  facet normal -0.514246 0.857643 0
    outer loop
      vertex 58.8333 18.9944 5.4
      vertex 59.0858 19.1458 2
      vertex 58.8333 18.9944 2
    endloop
  endfacet
  facet normal 0.595699 0.803208 -0
    outer loop
      vertex 62.4032 18.819 2
      vertex 62.1667 18.9944 5.4
      vertex 62.4032 18.819 5.4
    endloop
  endfacet
  facet normal 0.595699 0.803208 0
    outer loop
      vertex 62.1667 18.9944 5.4
      vertex 62.4032 18.819 2
      vertex 62.1667 18.9944 2
    endloop
  endfacet
  facet normal -0.904125 -0.427269 0
    outer loop
      vertex 57.8542 15.0858 2
      vertex 57.7284 15.352 5.4
      vertex 57.7284 15.352 2
    endloop
  endfacet
  facet normal -0.904125 -0.427269 0
    outer loop
      vertex 57.7284 15.352 5.4
      vertex 57.8542 15.0858 2
      vertex 57.8542 15.0858 5.4
    endloop
  endfacet
  facet normal 0.941488 -0.337047 0
    outer loop
      vertex 63.2716 15.352 5.4
      vertex 63.3708 15.6291 2
      vertex 63.3708 15.6291 5.4
    endloop
  endfacet
  facet normal 0.941488 -0.337047 0
    outer loop
      vertex 63.3708 15.6291 2
      vertex 63.2716 15.352 5.4
      vertex 63.2716 15.352 2
    endloop
  endfacet
  facet normal 0.146746 0.989174 -0
    outer loop
      vertex 61.0853 19.4424 2
      vertex 60.7941 19.4856 5.4
      vertex 61.0853 19.4424 5.4
    endloop
  endfacet
  facet normal 0.146746 0.989174 0
    outer loop
      vertex 60.7941 19.4856 5.4
      vertex 61.0853 19.4424 2
      vertex 60.7941 19.4856 2
    endloop
  endfacet
  facet normal -0.427269 0.904125 0
    outer loop
      vertex 59.352 19.2716 2
      vertex 59.0858 19.1458 5.4
      vertex 59.352 19.2716 5.4
    endloop
  endfacet
  facet normal -0.427269 0.904125 0
    outer loop
      vertex 59.0858 19.1458 5.4
      vertex 59.352 19.2716 2
      vertex 59.0858 19.1458 2
    endloop
  endfacet
  facet normal 0.514246 0.857643 -0
    outer loop
      vertex 62.1667 18.9944 2
      vertex 61.9142 19.1458 5.4
      vertex 62.1667 18.9944 5.4
    endloop
  endfacet
  facet normal 0.514246 0.857643 0
    outer loop
      vertex 61.9142 19.1458 5.4
      vertex 62.1667 18.9944 2
      vertex 61.9142 19.1458 2
    endloop
  endfacet
  facet normal 0.427269 -0.904125 0
    outer loop
      vertex 61.648 13.7284 2
      vertex 61.9142 13.8542 5.4
      vertex 61.648 13.7284 5.4
    endloop
  endfacet
  facet normal 0.427269 -0.904125 0
    outer loop
      vertex 61.9142 13.8542 5.4
      vertex 61.648 13.7284 2
      vertex 61.9142 13.8542 2
    endloop
  endfacet
  facet normal -0.941488 -0.337047 0
    outer loop
      vertex 57.7284 15.352 2
      vertex 57.6292 15.6291 5.4
      vertex 57.6292 15.6291 2
    endloop
  endfacet
  facet normal -0.941488 -0.337047 0
    outer loop
      vertex 57.6292 15.6291 5.4
      vertex 57.7284 15.352 2
      vertex 57.7284 15.352 5.4
    endloop
  endfacet
  facet normal 0.857643 -0.514246 0
    outer loop
      vertex 62.9944 14.8333 5.4
      vertex 63.1458 15.0858 2
      vertex 63.1458 15.0858 5.4
    endloop
  endfacet
  facet normal 0.857643 -0.514246 0
    outer loop
      vertex 63.1458 15.0858 2
      vertex 62.9944 14.8333 5.4
      vertex 62.9944 14.8333 2
    endloop
  endfacet
  facet normal 0.904125 -0.427269 0
    outer loop
      vertex 63.1458 15.0858 5.4
      vertex 63.2716 15.352 2
      vertex 63.2716 15.352 5.4
    endloop
  endfacet
  facet normal 0.904125 -0.427269 0
    outer loop
      vertex 63.2716 15.352 2
      vertex 63.1458 15.0858 5.4
      vertex 63.1458 15.0858 2
    endloop
  endfacet
  facet normal 0.998803 -0.0489044 0
    outer loop
      vertex 63.4856 16.2059 5.4
      vertex 63.5 16.5 2
      vertex 63.5 16.5 5.4
    endloop
  endfacet
  facet normal 0.998803 -0.0489044 0
    outer loop
      vertex 63.5 16.5 2
      vertex 63.4856 16.2059 5.4
      vertex 63.4856 16.2059 2
    endloop
  endfacet
  facet normal -0.146746 0.989174 0
    outer loop
      vertex 60.2059 19.4856 2
      vertex 59.9147 19.4424 5.4
      vertex 60.2059 19.4856 5.4
    endloop
  endfacet
  facet normal -0.146746 0.989174 0
    outer loop
      vertex 59.9147 19.4424 5.4
      vertex 60.2059 19.4856 2
      vertex 59.9147 19.4424 2
    endloop
  endfacet
  facet normal 0.146746 -0.989174 0
    outer loop
      vertex 60.7941 13.5144 2
      vertex 61.0853 13.5576 5.4
      vertex 60.7941 13.5144 5.4
    endloop
  endfacet
  facet normal 0.146746 -0.989174 0
    outer loop
      vertex 61.0853 13.5576 5.4
      vertex 60.7941 13.5144 2
      vertex 61.0853 13.5576 2
    endloop
  endfacet
  facet normal 0.740908 -0.671607 0
    outer loop
      vertex 62.6213 14.3787 5.4
      vertex 62.819 14.5968 2
      vertex 62.819 14.5968 5.4
    endloop
  endfacet
  facet normal 0.740908 -0.671607 0
    outer loop
      vertex 62.819 14.5968 2
      vertex 62.6213 14.3787 5.4
      vertex 62.6213 14.3787 2
    endloop
  endfacet
  facet normal 0.803208 -0.595699 0
    outer loop
      vertex 62.819 14.5968 5.4
      vertex 62.9944 14.8333 2
      vertex 62.9944 14.8333 5.4
    endloop
  endfacet
  facet normal 0.803208 -0.595699 0
    outer loop
      vertex 62.9944 14.8333 2
      vertex 62.819 14.5968 5.4
      vertex 62.819 14.5968 2
    endloop
  endfacet
  facet normal -0.243175 0.969982 0
    outer loop
      vertex 59.9147 19.4424 2
      vertex 59.6291 19.3708 5.4
      vertex 59.9147 19.4424 5.4
    endloop
  endfacet
  facet normal -0.243175 0.969982 0
    outer loop
      vertex 59.6291 19.3708 5.4
      vertex 59.9147 19.4424 2
      vertex 59.6291 19.3708 2
    endloop
  endfacet
  facet normal 0.803208 0.595699 0
    outer loop
      vertex 62.9944 18.1667 5.4
      vertex 62.819 18.4032 2
      vertex 62.819 18.4032 5.4
    endloop
  endfacet
  facet normal 0.803208 0.595699 0
    outer loop
      vertex 62.819 18.4032 2
      vertex 62.9944 18.1667 5.4
      vertex 62.9944 18.1667 2
    endloop
  endfacet
  facet normal 0.0489044 0.998803 -0
    outer loop
      vertex 60.7941 19.4856 2
      vertex 60.5 19.5 5.4
      vertex 60.7941 19.4856 5.4
    endloop
  endfacet
  facet normal 0.0489044 0.998803 0
    outer loop
      vertex 60.5 19.5 5.4
      vertex 60.7941 19.4856 2
      vertex 60.5 19.5 2
    endloop
  endfacet
  facet normal 0.904125 0.427269 0
    outer loop
      vertex 63.2716 17.648 5.4
      vertex 63.1458 17.9142 2
      vertex 63.1458 17.9142 5.4
    endloop
  endfacet
  facet normal 0.904125 0.427269 0
    outer loop
      vertex 63.1458 17.9142 2
      vertex 63.2716 17.648 5.4
      vertex 63.2716 17.648 2
    endloop
  endfacet
  facet normal -0.857643 0.514246 0
    outer loop
      vertex 57.8542 17.9142 2
      vertex 58.0056 18.1667 5.4
      vertex 58.0056 18.1667 2
    endloop
  endfacet
  facet normal -0.857643 0.514246 0
    outer loop
      vertex 58.0056 18.1667 5.4
      vertex 57.8542 17.9142 2
      vertex 57.8542 17.9142 5.4
    endloop
  endfacet
  facet normal -0.671607 0.740908 0
    outer loop
      vertex 58.5968 18.819 2
      vertex 58.3787 18.6213 5.4
      vertex 58.5968 18.819 5.4
    endloop
  endfacet
  facet normal -0.671607 0.740908 0
    outer loop
      vertex 58.3787 18.6213 5.4
      vertex 58.5968 18.819 2
      vertex 58.3787 18.6213 2
    endloop
  endfacet
  facet normal -0.857643 -0.514246 0
    outer loop
      vertex 58.0056 14.8333 2
      vertex 57.8542 15.0858 5.4
      vertex 57.8542 15.0858 2
    endloop
  endfacet
  facet normal -0.857643 -0.514246 0
    outer loop
      vertex 57.8542 15.0858 5.4
      vertex 58.0056 14.8333 2
      vertex 58.0056 14.8333 5.4
    endloop
  endfacet
  facet normal -0.427269 -0.904125 0
    outer loop
      vertex 59.0858 13.8542 2
      vertex 59.352 13.7284 5.4
      vertex 59.0858 13.8542 5.4
    endloop
  endfacet
  facet normal -0.427269 -0.904125 -0
    outer loop
      vertex 59.352 13.7284 5.4
      vertex 59.0858 13.8542 2
      vertex 59.352 13.7284 2
    endloop
  endfacet
  facet normal -0.740908 -0.671607 0
    outer loop
      vertex 58.3787 14.3787 2
      vertex 58.181 14.5968 5.4
      vertex 58.181 14.5968 2
    endloop
  endfacet
  facet normal -0.740908 -0.671607 0
    outer loop
      vertex 58.181 14.5968 5.4
      vertex 58.3787 14.3787 2
      vertex 58.3787 14.3787 5.4
    endloop
  endfacet
  facet normal -0.337047 0.941488 0
    outer loop
      vertex 59.6291 19.3708 2
      vertex 59.352 19.2716 5.4
      vertex 59.6291 19.3708 5.4
    endloop
  endfacet
  facet normal -0.337047 0.941488 0
    outer loop
      vertex 59.352 19.2716 5.4
      vertex 59.6291 19.3708 2
      vertex 59.352 19.2716 2
    endloop
  endfacet
  facet normal -0.514246 -0.857643 0
    outer loop
      vertex 58.8333 14.0056 2
      vertex 59.0858 13.8542 5.4
      vertex 58.8333 14.0056 5.4
    endloop
  endfacet
  facet normal -0.514246 -0.857643 -0
    outer loop
      vertex 59.0858 13.8542 5.4
      vertex 58.8333 14.0056 2
      vertex 59.0858 13.8542 2
    endloop
  endfacet
  facet normal 0.595699 -0.803208 0
    outer loop
      vertex 62.1667 14.0056 2
      vertex 62.4032 14.181 5.4
      vertex 62.1667 14.0056 5.4
    endloop
  endfacet
  facet normal 0.595699 -0.803208 0
    outer loop
      vertex 62.4032 14.181 5.4
      vertex 62.1667 14.0056 2
      vertex 62.4032 14.181 2
    endloop
  endfacet
  facet normal -0.0489044 0.998803 0
    outer loop
      vertex 60.5 19.5 2
      vertex 60.2059 19.4856 5.4
      vertex 60.5 19.5 5.4
    endloop
  endfacet
  facet normal -0.0489044 0.998803 0
    outer loop
      vertex 60.2059 19.4856 5.4
      vertex 60.5 19.5 2
      vertex 60.2059 19.4856 2
    endloop
  endfacet
  facet normal -0.969982 0.243175 0
    outer loop
      vertex 57.5576 17.0853 2
      vertex 57.6292 17.3709 5.4
      vertex 57.6292 17.3709 2
    endloop
  endfacet
  facet normal -0.969982 0.243175 0
    outer loop
      vertex 57.6292 17.3709 5.4
      vertex 57.5576 17.0853 2
      vertex 57.5576 17.0853 5.4
    endloop
  endfacet
  facet normal -0.941488 0.337047 0
    outer loop
      vertex 57.6292 17.3709 2
      vertex 57.7284 17.648 5.4
      vertex 57.7284 17.648 2
    endloop
  endfacet
  facet normal -0.941488 0.337047 0
    outer loop
      vertex 57.7284 17.648 5.4
      vertex 57.6292 17.3709 2
      vertex 57.6292 17.3709 5.4
    endloop
  endfacet
  facet normal 0.337047 0.941488 -0
    outer loop
      vertex 61.648 19.2716 2
      vertex 61.3709 19.3708 5.4
      vertex 61.648 19.2716 5.4
    endloop
  endfacet
  facet normal 0.337047 0.941488 0
    outer loop
      vertex 61.3709 19.3708 5.4
      vertex 61.648 19.2716 2
      vertex 61.3709 19.3708 2
    endloop
  endfacet
  facet normal -0.803208 -0.595699 0
    outer loop
      vertex 58.181 14.5968 2
      vertex 58.0056 14.8333 5.4
      vertex 58.0056 14.8333 2
    endloop
  endfacet
  facet normal -0.803208 -0.595699 0
    outer loop
      vertex 58.0056 14.8333 5.4
      vertex 58.181 14.5968 2
      vertex 58.181 14.5968 5.4
    endloop
  endfacet
  facet normal -0.989174 -0.146746 0
    outer loop
      vertex 57.5576 15.9147 2
      vertex 57.5144 16.2059 5.4
      vertex 57.5144 16.2059 2
    endloop
  endfacet
  facet normal -0.989174 -0.146746 0
    outer loop
      vertex 57.5144 16.2059 5.4
      vertex 57.5576 15.9147 2
      vertex 57.5576 15.9147 5.4
    endloop
  endfacet
  facet normal -0.904125 0.427269 0
    outer loop
      vertex 57.7284 17.648 2
      vertex 57.8542 17.9142 5.4
      vertex 57.8542 17.9142 2
    endloop
  endfacet
  facet normal -0.904125 0.427269 0
    outer loop
      vertex 57.8542 17.9142 5.4
      vertex 57.7284 17.648 2
      vertex 57.7284 17.648 5.4
    endloop
  endfacet
  facet normal -0.671607 -0.740908 0
    outer loop
      vertex 58.3787 14.3787 2
      vertex 58.5968 14.181 5.4
      vertex 58.3787 14.3787 5.4
    endloop
  endfacet
  facet normal -0.671607 -0.740908 -0
    outer loop
      vertex 58.5968 14.181 5.4
      vertex 58.3787 14.3787 2
      vertex 58.5968 14.181 2
    endloop
  endfacet
  facet normal -0.803208 0.595699 0
    outer loop
      vertex 58.0056 18.1667 2
      vertex 58.181 18.4032 5.4
      vertex 58.181 18.4032 2
    endloop
  endfacet
  facet normal -0.803208 0.595699 0
    outer loop
      vertex 58.181 18.4032 5.4
      vertex 58.0056 18.1667 2
      vertex 58.0056 18.1667 5.4
    endloop
  endfacet
  facet normal -0.0489044 -0.998803 0
    outer loop
      vertex 60.2059 13.5144 2
      vertex 60.5 13.5 5.4
      vertex 60.2059 13.5144 5.4
    endloop
  endfacet
  facet normal -0.0489044 -0.998803 -0
    outer loop
      vertex 60.5 13.5 5.4
      vertex 60.2059 13.5144 2
      vertex 60.5 13.5 2
    endloop
  endfacet
  facet normal -0.146746 -0.989174 0
    outer loop
      vertex 59.9147 13.5576 2
      vertex 60.2059 13.5144 5.4
      vertex 59.9147 13.5576 5.4
    endloop
  endfacet
  facet normal -0.146746 -0.989174 -0
    outer loop
      vertex 60.2059 13.5144 5.4
      vertex 59.9147 13.5576 2
      vertex 60.2059 13.5144 2
    endloop
  endfacet
  facet normal -0.989174 0.146746 0
    outer loop
      vertex 57.5144 16.7941 2
      vertex 57.5576 17.0853 5.4
      vertex 57.5576 17.0853 2
    endloop
  endfacet
  facet normal -0.989174 0.146746 0
    outer loop
      vertex 57.5576 17.0853 5.4
      vertex 57.5144 16.7941 2
      vertex 57.5144 16.7941 5.4
    endloop
  endfacet
  facet normal -0.998803 0.0489044 0
    outer loop
      vertex 57.5 16.5 2
      vertex 57.5144 16.7941 5.4
      vertex 57.5144 16.7941 2
    endloop
  endfacet
  facet normal -0.998803 0.0489044 0
    outer loop
      vertex 57.5144 16.7941 5.4
      vertex 57.5 16.5 2
      vertex 57.5 16.5 5.4
    endloop
  endfacet
  facet normal -0.337047 -0.941488 0
    outer loop
      vertex 59.352 13.7284 2
      vertex 59.6291 13.6292 5.4
      vertex 59.352 13.7284 5.4
    endloop
  endfacet
  facet normal -0.337047 -0.941488 -0
    outer loop
      vertex 59.6291 13.6292 5.4
      vertex 59.352 13.7284 2
      vertex 59.6291 13.6292 2
    endloop
  endfacet
  facet normal 0.671607 -0.740908 0
    outer loop
      vertex 62.4032 14.181 2
      vertex 62.6213 14.3787 5.4
      vertex 62.4032 14.181 5.4
    endloop
  endfacet
  facet normal 0.671607 -0.740908 0
    outer loop
      vertex 62.6213 14.3787 5.4
      vertex 62.4032 14.181 2
      vertex 62.6213 14.3787 2
    endloop
  endfacet
  facet normal 0 0 1
    outer loop
      vertex 61.8 16.5 5.4
      vertex 63.5 16.5 5.4
      vertex 63.4856 16.7941 5.4
    endloop
  endfacet
  facet normal 0 0 1
    outer loop
      vertex 61.7937 16.6274 5.4
      vertex 63.4856 16.7941 5.4
      vertex 63.4424 17.0853 5.4
    endloop
  endfacet
  facet normal 0 0 1
    outer loop
      vertex 63.5 16.5 5.4
      vertex 61.8 16.5 5.4
      vertex 63.4856 16.2059 5.4
    endloop
  endfacet
  facet normal 0 0 1
    outer loop
      vertex 61.775 16.7536 5.4
      vertex 63.4424 17.0853 5.4
      vertex 63.3708 17.3709 5.4
    endloop
  endfacet
  facet normal -0 0 1
    outer loop
      vertex 61.7937 16.3726 5.4
      vertex 63.4856 16.2059 5.4
      vertex 61.8 16.5 5.4
    endloop
  endfacet
  facet normal 0 0 1
    outer loop
      vertex 61.744 16.8774 5.4
      vertex 63.3708 17.3709 5.4
      vertex 63.2716 17.648 5.4
    endloop
  endfacet
  facet normal 0 0 1
    outer loop
      vertex 63.4856 16.2059 5.4
      vertex 61.7937 16.3726 5.4
      vertex 63.4424 15.9147 5.4
    endloop
  endfacet
  facet normal 0 0 1
    outer loop
      vertex 61.701 16.9975 5.4
      vertex 63.2716 17.648 5.4
      vertex 63.1458 17.9142 5.4
    endloop
  endfacet
  facet normal -0 0 1
    outer loop
      vertex 61.775 16.2464 5.4
      vertex 63.4424 15.9147 5.4
      vertex 61.7937 16.3726 5.4
    endloop
  endfacet
  facet normal 0 0 1
    outer loop
      vertex 61.6465 17.1128 5.4
      vertex 63.1458 17.9142 5.4
      vertex 62.9944 18.1667 5.4
    endloop
  endfacet
  facet normal 0 0 1
    outer loop
      vertex 63.4424 15.9147 5.4
      vertex 61.775 16.2464 5.4
      vertex 63.3708 15.6291 5.4
    endloop
  endfacet
  facet normal 0 0 1
    outer loop
      vertex 61.5809 17.2222 5.4
      vertex 62.9944 18.1667 5.4
      vertex 62.819 18.4032 5.4
    endloop
  endfacet
  facet normal -0 0 1
    outer loop
      vertex 61.744 16.1226 5.4
      vertex 63.3708 15.6291 5.4
      vertex 61.775 16.2464 5.4
    endloop
  endfacet
  facet normal 0 0 1
    outer loop
      vertex 61.5049 17.3247 5.4
      vertex 62.819 18.4032 5.4
      vertex 62.6213 18.6213 5.4
    endloop
  endfacet
  facet normal 0 0 1
    outer loop
      vertex 63.3708 15.6291 5.4
      vertex 61.744 16.1226 5.4
      vertex 63.2716 15.352 5.4
    endloop
  endfacet
  facet normal 0 0 1
    outer loop
      vertex 61.4192 17.4192 5.4
      vertex 62.6213 18.6213 5.4
      vertex 62.4032 18.819 5.4
    endloop
  endfacet
  facet normal -0 0 1
    outer loop
      vertex 61.701 16.0025 5.4
      vertex 63.2716 15.352 5.4
      vertex 61.744 16.1226 5.4
    endloop
  endfacet
  facet normal 0 0 1
    outer loop
      vertex 61.3247 17.5049 5.4
      vertex 62.4032 18.819 5.4
      vertex 62.1667 18.9944 5.4
    endloop
  endfacet
  facet normal 0 0 1
    outer loop
      vertex 63.2716 15.352 5.4
      vertex 61.701 16.0025 5.4
      vertex 63.1458 15.0858 5.4
    endloop
  endfacet
  facet normal 0 0 1
    outer loop
      vertex 61.2222 17.5809 5.4
      vertex 62.1667 18.9944 5.4
      vertex 61.9142 19.1458 5.4
    endloop
  endfacet
  facet normal -0 0 1
    outer loop
      vertex 61.6465 15.8872 5.4
      vertex 63.1458 15.0858 5.4
      vertex 61.701 16.0025 5.4
    endloop
  endfacet
  facet normal 0 0 1
    outer loop
      vertex 63.1458 15.0858 5.4
      vertex 61.6465 15.8872 5.4
      vertex 62.9944 14.8333 5.4
    endloop
  endfacet
  facet normal 0 0 1
    outer loop
      vertex 63.4856 16.7941 5.4
      vertex 61.7937 16.6274 5.4
      vertex 61.8 16.5 5.4
    endloop
  endfacet
  facet normal 0 0 1
    outer loop
      vertex 63.4424 17.0853 5.4
      vertex 61.775 16.7536 5.4
      vertex 61.7937 16.6274 5.4
    endloop
  endfacet
  facet normal 0 0 1
    outer loop
      vertex 63.3708 17.3709 5.4
      vertex 61.744 16.8774 5.4
      vertex 61.775 16.7536 5.4
    endloop
  endfacet
  facet normal 0 0 1
    outer loop
      vertex 63.2716 17.648 5.4
      vertex 61.701 16.9975 5.4
      vertex 61.744 16.8774 5.4
    endloop
  endfacet
  facet normal 0 0 1
    outer loop
      vertex 61.1128 17.6465 5.4
      vertex 61.9142 19.1458 5.4
      vertex 61.648 19.2716 5.4
    endloop
  endfacet
  facet normal 0 0 1
    outer loop
      vertex 63.1458 17.9142 5.4
      vertex 61.6465 17.1128 5.4
      vertex 61.701 16.9975 5.4
    endloop
  endfacet
  facet normal 0 0 1
    outer loop
      vertex 62.9944 18.1667 5.4
      vertex 61.5809 17.2222 5.4
      vertex 61.6465 17.1128 5.4
    endloop
  endfacet
  facet normal 0 0 1
    outer loop
      vertex 62.819 18.4032 5.4
      vertex 61.5049 17.3247 5.4
      vertex 61.5809 17.2222 5.4
    endloop
  endfacet
  facet normal 0 0 1
    outer loop
      vertex 62.6213 18.6213 5.4
      vertex 61.4192 17.4192 5.4
      vertex 61.5049 17.3247 5.4
    endloop
  endfacet
  facet normal 0 0 1
    outer loop
      vertex 60.9975 17.701 5.4
      vertex 61.648 19.2716 5.4
      vertex 61.3709 19.3708 5.4
    endloop
  endfacet
  facet normal 0 0 1
    outer loop
      vertex 62.4032 18.819 5.4
      vertex 61.3247 17.5049 5.4
      vertex 61.4192 17.4192 5.4
    endloop
  endfacet
  facet normal 0 0 1
    outer loop
      vertex 62.1667 18.9944 5.4
      vertex 61.2222 17.5809 5.4
      vertex 61.3247 17.5049 5.4
    endloop
  endfacet
  facet normal 0 0 1
    outer loop
      vertex 61.9142 19.1458 5.4
      vertex 61.1128 17.6465 5.4
      vertex 61.2222 17.5809 5.4
    endloop
  endfacet
  facet normal 0 0 1
    outer loop
      vertex 60.8774 17.744 5.4
      vertex 61.3709 19.3708 5.4
      vertex 61.0853 19.4424 5.4
    endloop
  endfacet
  facet normal 0 0 1
    outer loop
      vertex 61.648 19.2716 5.4
      vertex 60.9975 17.701 5.4
      vertex 61.1128 17.6465 5.4
    endloop
  endfacet
  facet normal 0 0 1
    outer loop
      vertex 61.3709 19.3708 5.4
      vertex 60.8774 17.744 5.4
      vertex 60.9975 17.701 5.4
    endloop
  endfacet
  facet normal 0 0 1
    outer loop
      vertex 60.7536 17.775 5.4
      vertex 61.0853 19.4424 5.4
      vertex 60.7941 19.4856 5.4
    endloop
  endfacet
  facet normal 0 0 1
    outer loop
      vertex 61.0853 19.4424 5.4
      vertex 60.7536 17.775 5.4
      vertex 60.8774 17.744 5.4
    endloop
  endfacet
  facet normal 0 0 1
    outer loop
      vertex 60.7941 19.4856 5.4
      vertex 60.6274 17.7937 5.4
      vertex 60.7536 17.775 5.4
    endloop
  endfacet
  facet normal 0 0 1
    outer loop
      vertex 60.5 19.5 5.4
      vertex 60.6274 17.7937 5.4
      vertex 60.7941 19.4856 5.4
    endloop
  endfacet
  facet normal 0 0 1
    outer loop
      vertex 60.5 19.5 5.4
      vertex 60.5 17.8 5.4
      vertex 60.6274 17.7937 5.4
    endloop
  endfacet
  facet normal 0 0 1
    outer loop
      vertex 60.5 19.5 5.4
      vertex 60.3726 17.7937 5.4
      vertex 60.5 17.8 5.4
    endloop
  endfacet
  facet normal -0 0 1
    outer loop
      vertex 60.2059 19.4856 5.4
      vertex 60.3726 17.7937 5.4
      vertex 60.5 19.5 5.4
    endloop
  endfacet
  facet normal 0 0 1
    outer loop
      vertex 60.3726 17.7937 5.4
      vertex 60.2059 19.4856 5.4
      vertex 60.2464 17.775 5.4
    endloop
  endfacet
  facet normal -0 0 1
    outer loop
      vertex 59.9147 19.4424 5.4
      vertex 60.2464 17.775 5.4
      vertex 60.2059 19.4856 5.4
    endloop
  endfacet
  facet normal 0 0 1
    outer loop
      vertex 60.2464 17.775 5.4
      vertex 59.9147 19.4424 5.4
      vertex 60.1226 17.744 5.4
    endloop
  endfacet
  facet normal -0 0 1
    outer loop
      vertex 59.6291 19.3708 5.4
      vertex 60.1226 17.744 5.4
      vertex 59.9147 19.4424 5.4
    endloop
  endfacet
  facet normal 0 0 1
    outer loop
      vertex 60.1226 17.744 5.4
      vertex 59.6291 19.3708 5.4
      vertex 60.0025 17.701 5.4
    endloop
  endfacet
  facet normal -0 0 1
    outer loop
      vertex 59.352 19.2716 5.4
      vertex 60.0025 17.701 5.4
      vertex 59.6291 19.3708 5.4
    endloop
  endfacet
  facet normal 0 0 1
    outer loop
      vertex 60.0025 17.701 5.4
      vertex 59.352 19.2716 5.4
      vertex 59.8872 17.6465 5.4
    endloop
  endfacet
  facet normal -0 0 1
    outer loop
      vertex 59.0858 19.1458 5.4
      vertex 59.8872 17.6465 5.4
      vertex 59.352 19.2716 5.4
    endloop
  endfacet
  facet normal 0 0 1
    outer loop
      vertex 59.8872 17.6465 5.4
      vertex 59.0858 19.1458 5.4
      vertex 59.7778 17.5809 5.4
    endloop
  endfacet
  facet normal -0 0 1
    outer loop
      vertex 58.8333 18.9944 5.4
      vertex 59.7778 17.5809 5.4
      vertex 59.0858 19.1458 5.4
    endloop
  endfacet
  facet normal 0 0 1
    outer loop
      vertex 59.7778 17.5809 5.4
      vertex 58.8333 18.9944 5.4
      vertex 59.6753 17.5049 5.4
    endloop
  endfacet
  facet normal -0 0 1
    outer loop
      vertex 58.5968 18.819 5.4
      vertex 59.6753 17.5049 5.4
      vertex 58.8333 18.9944 5.4
    endloop
  endfacet
  facet normal 0 0 1
    outer loop
      vertex 59.6753 17.5049 5.4
      vertex 58.5968 18.819 5.4
      vertex 59.5808 17.4192 5.4
    endloop
  endfacet
  facet normal -0 0 1
    outer loop
      vertex 58.3787 18.6213 5.4
      vertex 59.5808 17.4192 5.4
      vertex 58.5968 18.819 5.4
    endloop
  endfacet
  facet normal 0 0 1
    outer loop
      vertex 59.5808 17.4192 5.4
      vertex 58.3787 18.6213 5.4
      vertex 59.4951 17.3247 5.4
    endloop
  endfacet
  facet normal -0 0 1
    outer loop
      vertex 58.181 18.4032 5.4
      vertex 59.4951 17.3247 5.4
      vertex 58.3787 18.6213 5.4
    endloop
  endfacet
  facet normal 0 0 1
    outer loop
      vertex 59.4951 17.3247 5.4
      vertex 58.181 18.4032 5.4
      vertex 59.4191 17.2222 5.4
    endloop
  endfacet
  facet normal 0 0 1
    outer loop
      vertex 59.4191 17.2222 5.4
      vertex 58.0056 18.1667 5.4
      vertex 59.3535 17.1128 5.4
    endloop
  endfacet
  facet normal -0 0 1
    outer loop
      vertex 58.0056 18.1667 5.4
      vertex 59.4191 17.2222 5.4
      vertex 58.181 18.4032 5.4
    endloop
  endfacet
  facet normal -0 0 1
    outer loop
      vertex 61.5809 15.7778 5.4
      vertex 62.9944 14.8333 5.4
      vertex 61.6465 15.8872 5.4
    endloop
  endfacet
  facet normal 0 0 1
    outer loop
      vertex 62.9944 14.8333 5.4
      vertex 61.5809 15.7778 5.4
      vertex 62.819 14.5968 5.4
    endloop
  endfacet
  facet normal -0 0 1
    outer loop
      vertex 61.5049 15.6753 5.4
      vertex 62.819 14.5968 5.4
      vertex 61.5809 15.7778 5.4
    endloop
  endfacet
  facet normal 0 0 1
    outer loop
      vertex 62.819 14.5968 5.4
      vertex 61.5049 15.6753 5.4
      vertex 62.6213 14.3787 5.4
    endloop
  endfacet
  facet normal -0 0 1
    outer loop
      vertex 61.4192 15.5808 5.4
      vertex 62.6213 14.3787 5.4
      vertex 61.5049 15.6753 5.4
    endloop
  endfacet
  facet normal 0 0 1
    outer loop
      vertex 62.6213 14.3787 5.4
      vertex 61.4192 15.5808 5.4
      vertex 62.4032 14.181 5.4
    endloop
  endfacet
  facet normal -0 0 1
    outer loop
      vertex 61.3247 15.4951 5.4
      vertex 62.4032 14.181 5.4
      vertex 61.4192 15.5808 5.4
    endloop
  endfacet
  facet normal 0 0 1
    outer loop
      vertex 62.4032 14.181 5.4
      vertex 61.3247 15.4951 5.4
      vertex 62.1667 14.0056 5.4
    endloop
  endfacet
  facet normal -0 0 1
    outer loop
      vertex 61.2222 15.4191 5.4
      vertex 62.1667 14.0056 5.4
      vertex 61.3247 15.4951 5.4
    endloop
  endfacet
  facet normal 0 0 1
    outer loop
      vertex 62.1667 14.0056 5.4
      vertex 61.2222 15.4191 5.4
      vertex 61.9142 13.8542 5.4
    endloop
  endfacet
  facet normal -0 0 1
    outer loop
      vertex 61.1128 15.3535 5.4
      vertex 61.9142 13.8542 5.4
      vertex 61.2222 15.4191 5.4
    endloop
  endfacet
  facet normal 0 0 1
    outer loop
      vertex 61.9142 13.8542 5.4
      vertex 61.1128 15.3535 5.4
      vertex 61.648 13.7284 5.4
    endloop
  endfacet
  facet normal -0 0 1
    outer loop
      vertex 60.9975 15.299 5.4
      vertex 61.648 13.7284 5.4
      vertex 61.1128 15.3535 5.4
    endloop
  endfacet
  facet normal 0 0 1
    outer loop
      vertex 61.648 13.7284 5.4
      vertex 60.9975 15.299 5.4
      vertex 61.3709 13.6292 5.4
    endloop
  endfacet
  facet normal -0 0 1
    outer loop
      vertex 60.8774 15.256 5.4
      vertex 61.3709 13.6292 5.4
      vertex 60.9975 15.299 5.4
    endloop
  endfacet
  facet normal 0 0 1
    outer loop
      vertex 61.3709 13.6292 5.4
      vertex 60.8774 15.256 5.4
      vertex 61.0853 13.5576 5.4
    endloop
  endfacet
  facet normal -0 0 1
    outer loop
      vertex 60.7536 15.225 5.4
      vertex 61.0853 13.5576 5.4
      vertex 60.8774 15.256 5.4
    endloop
  endfacet
  facet normal 0 0 1
    outer loop
      vertex 61.0853 13.5576 5.4
      vertex 60.7536 15.225 5.4
      vertex 60.7941 13.5144 5.4
    endloop
  endfacet
  facet normal -0 0 1
    outer loop
      vertex 60.6274 15.2063 5.4
      vertex 60.7941 13.5144 5.4
      vertex 60.7536 15.225 5.4
    endloop
  endfacet
  facet normal -0 0 1
    outer loop
      vertex 60.5 15.2 5.4
      vertex 60.7941 13.5144 5.4
      vertex 60.6274 15.2063 5.4
    endloop
  endfacet
  facet normal 0 0 1
    outer loop
      vertex 60.5 15.2 5.4
      vertex 60.5 13.5 5.4
      vertex 60.7941 13.5144 5.4
    endloop
  endfacet
  facet normal 0 0 1
    outer loop
      vertex 60.3726 15.2063 5.4
      vertex 60.5 13.5 5.4
      vertex 60.5 15.2 5.4
    endloop
  endfacet
  facet normal 0 0 1
    outer loop
      vertex 60.2059 13.5144 5.4
      vertex 60.3726 15.2063 5.4
      vertex 60.2464 15.225 5.4
    endloop
  endfacet
  facet normal 0 0 1
    outer loop
      vertex 60.3726 15.2063 5.4
      vertex 60.2059 13.5144 5.4
      vertex 60.5 13.5 5.4
    endloop
  endfacet
  facet normal 0 0 1
    outer loop
      vertex 59.9147 13.5576 5.4
      vertex 60.2464 15.225 5.4
      vertex 60.1226 15.256 5.4
    endloop
  endfacet
  facet normal 0 0 1
    outer loop
      vertex 59.6291 13.6292 5.4
      vertex 60.1226 15.256 5.4
      vertex 60.0025 15.299 5.4
    endloop
  endfacet
  facet normal 0 0 1
    outer loop
      vertex 60.2464 15.225 5.4
      vertex 59.9147 13.5576 5.4
      vertex 60.2059 13.5144 5.4
    endloop
  endfacet
  facet normal 0 0 1
    outer loop
      vertex 59.352 13.7284 5.4
      vertex 60.0025 15.299 5.4
      vertex 59.8872 15.3535 5.4
    endloop
  endfacet
  facet normal 0 0 1
    outer loop
      vertex 59.0858 13.8542 5.4
      vertex 59.8872 15.3535 5.4
      vertex 59.7778 15.4191 5.4
    endloop
  endfacet
  facet normal 0 0 1
    outer loop
      vertex 58.8333 14.0056 5.4
      vertex 59.7778 15.4191 5.4
      vertex 59.6753 15.4951 5.4
    endloop
  endfacet
  facet normal 0 0 1
    outer loop
      vertex 60.1226 15.256 5.4
      vertex 59.6291 13.6292 5.4
      vertex 59.9147 13.5576 5.4
    endloop
  endfacet
  facet normal 0 0 1
    outer loop
      vertex 58.5968 14.181 5.4
      vertex 59.6753 15.4951 5.4
      vertex 59.5808 15.5808 5.4
    endloop
  endfacet
  facet normal 0 0 1
    outer loop
      vertex 58.3787 14.3787 5.4
      vertex 59.5808 15.5808 5.4
      vertex 59.4951 15.6753 5.4
    endloop
  endfacet
  facet normal 0 0 1
    outer loop
      vertex 58.181 14.5968 5.4
      vertex 59.4951 15.6753 5.4
      vertex 59.4191 15.7778 5.4
    endloop
  endfacet
  facet normal 0 0 1
    outer loop
      vertex 58.0056 14.8333 5.4
      vertex 59.4191 15.7778 5.4
      vertex 59.3535 15.8872 5.4
    endloop
  endfacet
  facet normal 0 0 1
    outer loop
      vertex 60.0025 15.299 5.4
      vertex 59.352 13.7284 5.4
      vertex 59.6291 13.6292 5.4
    endloop
  endfacet
  facet normal 0 0 1
    outer loop
      vertex 57.8542 15.0858 5.4
      vertex 59.3535 15.8872 5.4
      vertex 59.299 16.0025 5.4
    endloop
  endfacet
  facet normal 0 0 1
    outer loop
      vertex 57.7284 15.352 5.4
      vertex 59.299 16.0025 5.4
      vertex 59.256 16.1226 5.4
    endloop
  endfacet
  facet normal 0 0 1
    outer loop
      vertex 57.6292 15.6291 5.4
      vertex 59.256 16.1226 5.4
      vertex 59.225 16.2464 5.4
    endloop
  endfacet
  facet normal 0 0 1
    outer loop
      vertex 57.5576 15.9147 5.4
      vertex 59.225 16.2464 5.4
      vertex 59.2063 16.3726 5.4
    endloop
  endfacet
  facet normal 0 0 1
    outer loop
      vertex 59.8872 15.3535 5.4
      vertex 59.0858 13.8542 5.4
      vertex 59.352 13.7284 5.4
    endloop
  endfacet
  facet normal 0 0 1
    outer loop
      vertex 57.5144 16.2059 5.4
      vertex 59.2063 16.3726 5.4
      vertex 59.2 16.5 5.4
    endloop
  endfacet
  facet normal -0 0 1
    outer loop
      vertex 57.8542 17.9142 5.4
      vertex 59.3535 17.1128 5.4
      vertex 58.0056 18.1667 5.4
    endloop
  endfacet
  facet normal 0 0 1
    outer loop
      vertex 59.3535 17.1128 5.4
      vertex 57.8542 17.9142 5.4
      vertex 59.299 16.9975 5.4
    endloop
  endfacet
  facet normal 0 0 1
    outer loop
      vertex 59.7778 15.4191 5.4
      vertex 58.8333 14.0056 5.4
      vertex 59.0858 13.8542 5.4
    endloop
  endfacet
  facet normal -0 0 1
    outer loop
      vertex 57.7284 17.648 5.4
      vertex 59.299 16.9975 5.4
      vertex 57.8542 17.9142 5.4
    endloop
  endfacet
  facet normal 0 0 1
    outer loop
      vertex 59.6753 15.4951 5.4
      vertex 58.5968 14.181 5.4
      vertex 58.8333 14.0056 5.4
    endloop
  endfacet
  facet normal 0 0 1
    outer loop
      vertex 59.299 16.9975 5.4
      vertex 57.7284 17.648 5.4
      vertex 59.256 16.8774 5.4
    endloop
  endfacet
  facet normal 0 0 1
    outer loop
      vertex 59.5808 15.5808 5.4
      vertex 58.3787 14.3787 5.4
      vertex 58.5968 14.181 5.4
    endloop
  endfacet
  facet normal -0 0 1
    outer loop
      vertex 57.6292 17.3709 5.4
      vertex 59.256 16.8774 5.4
      vertex 57.7284 17.648 5.4
    endloop
  endfacet
  facet normal 0 0 1
    outer loop
      vertex 59.4951 15.6753 5.4
      vertex 58.181 14.5968 5.4
      vertex 58.3787 14.3787 5.4
    endloop
  endfacet
  facet normal 0 0 1
    outer loop
      vertex 59.256 16.8774 5.4
      vertex 57.6292 17.3709 5.4
      vertex 59.225 16.7536 5.4
    endloop
  endfacet
  facet normal 0 0 1
    outer loop
      vertex 59.4191 15.7778 5.4
      vertex 58.0056 14.8333 5.4
      vertex 58.181 14.5968 5.4
    endloop
  endfacet
  facet normal -0 0 1
    outer loop
      vertex 57.5576 17.0853 5.4
      vertex 59.225 16.7536 5.4
      vertex 57.6292 17.3709 5.4
    endloop
  endfacet
  facet normal 0 0 1
    outer loop
      vertex 59.3535 15.8872 5.4
      vertex 57.8542 15.0858 5.4
      vertex 58.0056 14.8333 5.4
    endloop
  endfacet
  facet normal 0 0 1
    outer loop
      vertex 59.225 16.7536 5.4
      vertex 57.5576 17.0853 5.4
      vertex 59.2063 16.6274 5.4
    endloop
  endfacet
  facet normal 0 0 1
    outer loop
      vertex 59.299 16.0025 5.4
      vertex 57.7284 15.352 5.4
      vertex 57.8542 15.0858 5.4
    endloop
  endfacet
  facet normal -0 0 1
    outer loop
      vertex 57.5144 16.7941 5.4
      vertex 59.2063 16.6274 5.4
      vertex 57.5576 17.0853 5.4
    endloop
  endfacet
  facet normal 0 0 1
    outer loop
      vertex 59.256 16.1226 5.4
      vertex 57.6292 15.6291 5.4
      vertex 57.7284 15.352 5.4
    endloop
  endfacet
  facet normal 0 0 1
    outer loop
      vertex 59.2063 16.6274 5.4
      vertex 57.5144 16.7941 5.4
      vertex 59.2 16.5 5.4
    endloop
  endfacet
  facet normal 0 0 1
    outer loop
      vertex 59.225 16.2464 5.4
      vertex 57.5576 15.9147 5.4
      vertex 57.6292 15.6291 5.4
    endloop
  endfacet
  facet normal 0 0 1
    outer loop
      vertex 57.5 16.5 5.4
      vertex 59.2 16.5 5.4
      vertex 57.5144 16.7941 5.4
    endloop
  endfacet
  facet normal 0 0 1
    outer loop
      vertex 59.2063 16.3726 5.4
      vertex 57.5144 16.2059 5.4
      vertex 57.5576 15.9147 5.4
    endloop
  endfacet
  facet normal 0 0 1
    outer loop
      vertex 59.2 16.5 5.4
      vertex 57.5 16.5 5.4
      vertex 57.5144 16.2059 5.4
    endloop
  endfacet
  facet normal 0.427345 0.904089 -0
    outer loop
      vertex 60.0025 15.299 2.79
      vertex 59.8872 15.3535 5.4
      vertex 60.0025 15.299 5.4
    endloop
  endfacet
  facet normal 0.427345 0.904089 0
    outer loop
      vertex 59.8872 15.3535 5.4
      vertex 60.0025 15.299 2.79
      vertex 59.8872 15.3535 2.79
    endloop
  endfacet
  facet normal -0.989199 -0.146577 0
    outer loop
      vertex 61.7937 16.6274 2.79
      vertex 61.775 16.7536 5.4
      vertex 61.775 16.7536 2.79
    endloop
  endfacet
  facet normal -0.989199 -0.146577 0
    outer loop
      vertex 61.775 16.7536 5.4
      vertex 61.7937 16.6274 2.79
      vertex 61.7937 16.6274 5.4
    endloop
  endfacet
  facet normal -0.99878 -0.0493902 0
    outer loop
      vertex 61.8 16.5 2.79
      vertex 61.7937 16.6274 5.4
      vertex 61.7937 16.6274 2.79
    endloop
  endfacet
  facet normal -0.99878 -0.0493902 0
    outer loop
      vertex 61.7937 16.6274 5.4
      vertex 61.8 16.5 2.79
      vertex 61.8 16.5 5.4
    endloop
  endfacet
  facet normal -0.97005 -0.242904 0
    outer loop
      vertex 61.775 16.7536 2.79
      vertex 61.744 16.8774 5.4
      vertex 61.744 16.8774 2.79
    endloop
  endfacet
  facet normal -0.97005 -0.242904 0
    outer loop
      vertex 61.744 16.8774 5.4
      vertex 61.775 16.7536 2.79
      vertex 61.775 16.7536 5.4
    endloop
  endfacet
  facet normal -0.427345 0.904089 0
    outer loop
      vertex 61.1128 15.3535 2.79
      vertex 60.9975 15.299 5.4
      vertex 61.1128 15.3535 5.4
    endloop
  endfacet
  facet normal -0.427345 0.904089 0
    outer loop
      vertex 60.9975 15.299 5.4
      vertex 61.1128 15.3535 2.79
      vertex 60.9975 15.299 2.79
    endloop
  endfacet
  facet normal 0.146577 -0.989199 0
    outer loop
      vertex 60.2464 17.775 2.79
      vertex 60.3726 17.7937 5.4
      vertex 60.2464 17.775 5.4
    endloop
  endfacet
  facet normal 0.146577 -0.989199 0
    outer loop
      vertex 60.3726 17.7937 5.4
      vertex 60.2464 17.775 2.79
      vertex 60.3726 17.7937 2.79
    endloop
  endfacet
  facet normal 0.941476 0.337081 0
    outer loop
      vertex 59.299 16.0025 5.4
      vertex 59.256 16.1226 2.79
      vertex 59.256 16.1226 5.4
    endloop
  endfacet
  facet normal 0.941476 0.337081 0
    outer loop
      vertex 59.256 16.1226 2.79
      vertex 59.299 16.0025 5.4
      vertex 59.299 16.0025 2.79
    endloop
  endfacet
  facet normal -0.514265 -0.857631 0
    outer loop
      vertex 61.1128 17.6465 2.79
      vertex 61.2222 17.5809 5.4
      vertex 61.1128 17.6465 5.4
    endloop
  endfacet
  facet normal -0.514265 -0.857631 -0
    outer loop
      vertex 61.2222 17.5809 5.4
      vertex 61.1128 17.6465 2.79
      vertex 61.2222 17.5809 2.79
    endloop
  endfacet
  facet normal 0.242904 0.97005 -0
    outer loop
      vertex 60.2464 15.225 2.79
      vertex 60.1226 15.256 5.4
      vertex 60.2464 15.225 5.4
    endloop
  endfacet
  facet normal 0.242904 0.97005 0
    outer loop
      vertex 60.1226 15.256 5.4
      vertex 60.2464 15.225 2.79
      vertex 60.1226 15.256 2.79
    endloop
  endfacet
  facet normal -0.242904 0.97005 0
    outer loop
      vertex 60.8774 15.256 2.79
      vertex 60.7536 15.225 5.4
      vertex 60.8774 15.256 5.4
    endloop
  endfacet
  facet normal -0.242904 0.97005 0
    outer loop
      vertex 60.7536 15.225 5.4
      vertex 60.8774 15.256 2.79
      vertex 60.7536 15.225 2.79
    endloop
  endfacet
  facet normal 0.514265 -0.857631 0
    outer loop
      vertex 59.7778 17.5809 2.79
      vertex 59.8872 17.6465 5.4
      vertex 59.7778 17.5809 5.4
    endloop
  endfacet
  facet normal 0.514265 -0.857631 0
    outer loop
      vertex 59.8872 17.6465 5.4
      vertex 59.7778 17.5809 2.79
      vertex 59.8872 17.6465 2.79
    endloop
  endfacet
  facet normal 0.595602 -0.803279 0
    outer loop
      vertex 59.6753 17.5049 2.79
      vertex 59.7778 17.5809 5.4
      vertex 59.6753 17.5049 5.4
    endloop
  endfacet
  facet normal 0.595602 -0.803279 0
    outer loop
      vertex 59.7778 17.5809 5.4
      vertex 59.6753 17.5049 2.79
      vertex 59.7778 17.5809 2.79
    endloop
  endfacet
  facet normal -0.146577 -0.989199 0
    outer loop
      vertex 60.6274 17.7937 2.79
      vertex 60.7536 17.775 5.4
      vertex 60.6274 17.7937 5.4
    endloop
  endfacet
  facet normal -0.146577 -0.989199 -0
    outer loop
      vertex 60.7536 17.775 5.4
      vertex 60.6274 17.7937 2.79
      vertex 60.7536 17.775 2.79
    endloop
  endfacet
  facet normal -0.0493902 0.99878 0
    outer loop
      vertex 60.6274 15.2063 2.79
      vertex 60.5 15.2 5.4
      vertex 60.6274 15.2063 5.4
    endloop
  endfacet
  facet normal -0.0493902 0.99878 0
    outer loop
      vertex 60.5 15.2 5.4
      vertex 60.6274 15.2063 2.79
      vertex 60.5 15.2 2.79
    endloop
  endfacet
  facet normal 0.514265 0.857631 -0
    outer loop
      vertex 59.8872 15.3535 2.79
      vertex 59.7778 15.4191 5.4
      vertex 59.8872 15.3535 5.4
    endloop
  endfacet
  facet normal 0.514265 0.857631 0
    outer loop
      vertex 59.7778 15.4191 5.4
      vertex 59.8872 15.3535 2.79
      vertex 59.7778 15.4191 2.79
    endloop
  endfacet
  facet normal 0 0 1
    outer loop
      vertex 61.7937 16.6274 2.79
      vertex 61.7937 16.3726 2.79
      vertex 61.8 16.5 2.79
    endloop
  endfacet
  facet normal 0 0 1
    outer loop
      vertex 61.775 16.7536 2.79
      vertex 61.7937 16.3726 2.79
      vertex 61.7937 16.6274 2.79
    endloop
  endfacet
  facet normal 0 0 1
    outer loop
      vertex 61.775 16.7536 2.79
      vertex 61.775 16.2464 2.79
      vertex 61.7937 16.3726 2.79
    endloop
  endfacet
  facet normal 0 0 1
    outer loop
      vertex 61.744 16.8774 2.79
      vertex 61.775 16.2464 2.79
      vertex 61.775 16.7536 2.79
    endloop
  endfacet
  facet normal 0 0 1
    outer loop
      vertex 61.744 16.8774 2.79
      vertex 61.744 16.1226 2.79
      vertex 61.775 16.2464 2.79
    endloop
  endfacet
  facet normal 0 0 1
    outer loop
      vertex 61.701 16.9975 2.79
      vertex 61.744 16.1226 2.79
      vertex 61.744 16.8774 2.79
    endloop
  endfacet
  facet normal 0 0 1
    outer loop
      vertex 61.701 16.9975 2.79
      vertex 61.701 16.0025 2.79
      vertex 61.744 16.1226 2.79
    endloop
  endfacet
  facet normal 0 0 1
    outer loop
      vertex 61.6465 17.1128 2.79
      vertex 61.701 16.0025 2.79
      vertex 61.701 16.9975 2.79
    endloop
  endfacet
  facet normal 0 0 1
    outer loop
      vertex 61.6465 17.1128 2.79
      vertex 61.6465 15.8872 2.79
      vertex 61.701 16.0025 2.79
    endloop
  endfacet
  facet normal 0 0 1
    outer loop
      vertex 61.5809 17.2222 2.79
      vertex 61.6465 15.8872 2.79
      vertex 61.6465 17.1128 2.79
    endloop
  endfacet
  facet normal 0 0 1
    outer loop
      vertex 61.5809 17.2222 2.79
      vertex 61.5809 15.7778 2.79
      vertex 61.6465 15.8872 2.79
    endloop
  endfacet
  facet normal 0 0 1
    outer loop
      vertex 61.5049 17.3247 2.79
      vertex 61.5809 15.7778 2.79
      vertex 61.5809 17.2222 2.79
    endloop
  endfacet
  facet normal 0 0 1
    outer loop
      vertex 61.5049 17.3247 2.79
      vertex 61.5049 15.6753 2.79
      vertex 61.5809 15.7778 2.79
    endloop
  endfacet
  facet normal 0 0 1
    outer loop
      vertex 61.4192 17.4192 2.79
      vertex 61.5049 15.6753 2.79
      vertex 61.5049 17.3247 2.79
    endloop
  endfacet
  facet normal 0 0 1
    outer loop
      vertex 61.4192 17.4192 2.79
      vertex 61.4192 15.5808 2.79
      vertex 61.5049 15.6753 2.79
    endloop
  endfacet
  facet normal 0 0 1
    outer loop
      vertex 61.3247 17.5049 2.79
      vertex 61.4192 15.5808 2.79
      vertex 61.4192 17.4192 2.79
    endloop
  endfacet
  facet normal 0 0 1
    outer loop
      vertex 61.3247 17.5049 2.79
      vertex 61.3247 15.4951 2.79
      vertex 61.4192 15.5808 2.79
    endloop
  endfacet
  facet normal 0 0 1
    outer loop
      vertex 61.2222 17.5809 2.79
      vertex 61.3247 15.4951 2.79
      vertex 61.3247 17.5049 2.79
    endloop
  endfacet
  facet normal 0 0 1
    outer loop
      vertex 61.2222 17.5809 2.79
      vertex 61.2222 15.4191 2.79
      vertex 61.3247 15.4951 2.79
    endloop
  endfacet
  facet normal 0 0 1
    outer loop
      vertex 61.1128 17.6465 2.79
      vertex 61.2222 15.4191 2.79
      vertex 61.2222 17.5809 2.79
    endloop
  endfacet
  facet normal 0 0 1
    outer loop
      vertex 61.1128 17.6465 2.79
      vertex 61.1128 15.3535 2.79
      vertex 61.2222 15.4191 2.79
    endloop
  endfacet
  facet normal 0 0 1
    outer loop
      vertex 60.9975 17.701 2.79
      vertex 61.1128 15.3535 2.79
      vertex 61.1128 17.6465 2.79
    endloop
  endfacet
  facet normal 0 0 1
    outer loop
      vertex 60.9975 17.701 2.79
      vertex 60.9975 15.299 2.79
      vertex 61.1128 15.3535 2.79
    endloop
  endfacet
  facet normal 0 0 1
    outer loop
      vertex 60.8774 17.744 2.79
      vertex 60.9975 15.299 2.79
      vertex 60.9975 17.701 2.79
    endloop
  endfacet
  facet normal 0 0 1
    outer loop
      vertex 60.8774 17.744 2.79
      vertex 60.8774 15.256 2.79
      vertex 60.9975 15.299 2.79
    endloop
  endfacet
  facet normal 0 0 1
    outer loop
      vertex 60.7536 17.775 2.79
      vertex 60.8774 15.256 2.79
      vertex 60.8774 17.744 2.79
    endloop
  endfacet
  facet normal 0 0 1
    outer loop
      vertex 60.7536 17.775 2.79
      vertex 60.7536 15.225 2.79
      vertex 60.8774 15.256 2.79
    endloop
  endfacet
  facet normal 0 0 1
    outer loop
      vertex 60.6274 17.7937 2.79
      vertex 60.7536 15.225 2.79
      vertex 60.7536 17.775 2.79
    endloop
  endfacet
  facet normal 0 0 1
    outer loop
      vertex 60.6274 17.7937 2.79
      vertex 60.6274 15.2063 2.79
      vertex 60.7536 15.225 2.79
    endloop
  endfacet
  facet normal 0 0 1
    outer loop
      vertex 60.5 17.8 2.79
      vertex 60.6274 15.2063 2.79
      vertex 60.6274 17.7937 2.79
    endloop
  endfacet
  facet normal 0 0 1
    outer loop
      vertex 60.5 17.8 2.79
      vertex 60.5 15.2 2.79
      vertex 60.6274 15.2063 2.79
    endloop
  endfacet
  facet normal -0 0 1
    outer loop
      vertex 60.3726 17.7937 2.79
      vertex 60.5 15.2 2.79
      vertex 60.5 17.8 2.79
    endloop
  endfacet
  facet normal 0 0 1
    outer loop
      vertex 60.3726 17.7937 2.79
      vertex 60.3726 15.2063 2.79
      vertex 60.5 15.2 2.79
    endloop
  endfacet
  facet normal -0 0 1
    outer loop
      vertex 60.2464 17.775 2.79
      vertex 60.3726 15.2063 2.79
      vertex 60.3726 17.7937 2.79
    endloop
  endfacet
  facet normal 0 0 1
    outer loop
      vertex 60.2464 17.775 2.79
      vertex 60.2464 15.225 2.79
      vertex 60.3726 15.2063 2.79
    endloop
  endfacet
  facet normal -0 0 1
    outer loop
      vertex 60.1226 17.744 2.79
      vertex 60.2464 15.225 2.79
      vertex 60.2464 17.775 2.79
    endloop
  endfacet
  facet normal 0 0 1
    outer loop
      vertex 60.1226 17.744 2.79
      vertex 60.1226 15.256 2.79
      vertex 60.2464 15.225 2.79
    endloop
  endfacet
  facet normal -0 0 1
    outer loop
      vertex 60.0025 17.701 2.79
      vertex 60.1226 15.256 2.79
      vertex 60.1226 17.744 2.79
    endloop
  endfacet
  facet normal 0 0 1
    outer loop
      vertex 60.0025 17.701 2.79
      vertex 60.0025 15.299 2.79
      vertex 60.1226 15.256 2.79
    endloop
  endfacet
  facet normal -0 0 1
    outer loop
      vertex 59.8872 17.6465 2.79
      vertex 60.0025 15.299 2.79
      vertex 60.0025 17.701 2.79
    endloop
  endfacet
  facet normal 0 0 1
    outer loop
      vertex 59.8872 17.6465 2.79
      vertex 59.8872 15.3535 2.79
      vertex 60.0025 15.299 2.79
    endloop
  endfacet
  facet normal -0 0 1
    outer loop
      vertex 59.7778 17.5809 2.79
      vertex 59.8872 15.3535 2.79
      vertex 59.8872 17.6465 2.79
    endloop
  endfacet
  facet normal 0 0 1
    outer loop
      vertex 59.7778 17.5809 2.79
      vertex 59.7778 15.4191 2.79
      vertex 59.8872 15.3535 2.79
    endloop
  endfacet
  facet normal -0 0 1
    outer loop
      vertex 59.6753 17.5049 2.79
      vertex 59.7778 15.4191 2.79
      vertex 59.7778 17.5809 2.79
    endloop
  endfacet
  facet normal 0 0 1
    outer loop
      vertex 59.6753 17.5049 2.79
      vertex 59.6753 15.4951 2.79
      vertex 59.7778 15.4191 2.79
    endloop
  endfacet
  facet normal -0 0 1
    outer loop
      vertex 59.5808 17.4192 2.79
      vertex 59.6753 15.4951 2.79
      vertex 59.6753 17.5049 2.79
    endloop
  endfacet
  facet normal 0 0 1
    outer loop
      vertex 59.5808 17.4192 2.79
      vertex 59.5808 15.5808 2.79
      vertex 59.6753 15.4951 2.79
    endloop
  endfacet
  facet normal -0 0 1
    outer loop
      vertex 59.4951 17.3247 2.79
      vertex 59.5808 15.5808 2.79
      vertex 59.5808 17.4192 2.79
    endloop
  endfacet
  facet normal 0 0 1
    outer loop
      vertex 59.4951 17.3247 2.79
      vertex 59.4951 15.6753 2.79
      vertex 59.5808 15.5808 2.79
    endloop
  endfacet
  facet normal -0 0 1
    outer loop
      vertex 59.4191 17.2222 2.79
      vertex 59.4951 15.6753 2.79
      vertex 59.4951 17.3247 2.79
    endloop
  endfacet
  facet normal 0 0 1
    outer loop
      vertex 59.4191 17.2222 2.79
      vertex 59.4191 15.7778 2.79
      vertex 59.4951 15.6753 2.79
    endloop
  endfacet
  facet normal -0 0 1
    outer loop
      vertex 59.3535 17.1128 2.79
      vertex 59.4191 15.7778 2.79
      vertex 59.4191 17.2222 2.79
    endloop
  endfacet
  facet normal 0 0 1
    outer loop
      vertex 59.3535 17.1128 2.79
      vertex 59.3535 15.8872 2.79
      vertex 59.4191 15.7778 2.79
    endloop
  endfacet
  facet normal -0 0 1
    outer loop
      vertex 59.299 16.9975 2.79
      vertex 59.3535 15.8872 2.79
      vertex 59.3535 17.1128 2.79
    endloop
  endfacet
  facet normal 0 0 1
    outer loop
      vertex 59.299 16.9975 2.79
      vertex 59.299 16.0025 2.79
      vertex 59.3535 15.8872 2.79
    endloop
  endfacet
  facet normal -0 0 1
    outer loop
      vertex 59.256 16.8774 2.79
      vertex 59.299 16.0025 2.79
      vertex 59.299 16.9975 2.79
    endloop
  endfacet
  facet normal 0 0 1
    outer loop
      vertex 59.256 16.8774 2.79
      vertex 59.256 16.1226 2.79
      vertex 59.299 16.0025 2.79
    endloop
  endfacet
  facet normal -0 0 1
    outer loop
      vertex 59.225 16.7536 2.79
      vertex 59.256 16.1226 2.79
      vertex 59.256 16.8774 2.79
    endloop
  endfacet
  facet normal 0 0 1
    outer loop
      vertex 59.225 16.7536 2.79
      vertex 59.225 16.2464 2.79
      vertex 59.256 16.1226 2.79
    endloop
  endfacet
  facet normal -0 0 1
    outer loop
      vertex 59.2063 16.6274 2.79
      vertex 59.225 16.2464 2.79
      vertex 59.225 16.7536 2.79
    endloop
  endfacet
  facet normal 0 0 1
    outer loop
      vertex 59.2063 16.6274 2.79
      vertex 59.2063 16.3726 2.79
      vertex 59.225 16.2464 2.79
    endloop
  endfacet
  facet normal 0 -0 1
    outer loop
      vertex 59.2063 16.3726 2.79
      vertex 59.2063 16.6274 2.79
      vertex 59.2 16.5 2.79
    endloop
  endfacet
  facet normal 0.989199 -0.146577 0
    outer loop
      vertex 59.2063 16.6274 5.4
      vertex 59.225 16.7536 2.79
      vertex 59.225 16.7536 5.4
    endloop
  endfacet
  facet normal 0.989199 -0.146577 0
    outer loop
      vertex 59.225 16.7536 2.79
      vertex 59.2063 16.6274 5.4
      vertex 59.2063 16.6274 2.79
    endloop
  endfacet
  facet normal -0.904089 -0.427345 0
    outer loop
      vertex 61.701 16.9975 2.79
      vertex 61.6465 17.1128 5.4
      vertex 61.6465 17.1128 2.79
    endloop
  endfacet
  facet normal -0.904089 -0.427345 0
    outer loop
      vertex 61.6465 17.1128 5.4
      vertex 61.701 16.9975 2.79
      vertex 61.701 16.9975 5.4
    endloop
  endfacet
  facet normal 0.146577 0.989199 -0
    outer loop
      vertex 60.3726 15.2063 2.79
      vertex 60.2464 15.225 5.4
      vertex 60.3726 15.2063 5.4
    endloop
  endfacet
  facet normal 0.146577 0.989199 0
    outer loop
      vertex 60.2464 15.225 5.4
      vertex 60.3726 15.2063 2.79
      vertex 60.2464 15.225 2.79
    endloop
  endfacet
  facet normal -0.514265 0.857631 0
    outer loop
      vertex 61.2222 15.4191 2.79
      vertex 61.1128 15.3535 5.4
      vertex 61.2222 15.4191 5.4
    endloop
  endfacet
  facet normal -0.514265 0.857631 0
    outer loop
      vertex 61.1128 15.3535 5.4
      vertex 61.2222 15.4191 2.79
      vertex 61.1128 15.3535 2.79
    endloop
  endfacet
  facet normal 0.904089 0.427345 0
    outer loop
      vertex 59.3535 15.8872 5.4
      vertex 59.299 16.0025 2.79
      vertex 59.299 16.0025 5.4
    endloop
  endfacet
  facet normal 0.904089 0.427345 0
    outer loop
      vertex 59.299 16.0025 2.79
      vertex 59.3535 15.8872 5.4
      vertex 59.3535 15.8872 2.79
    endloop
  endfacet
  facet normal -0.989199 0.146577 0
    outer loop
      vertex 61.775 16.2464 2.79
      vertex 61.7937 16.3726 5.4
      vertex 61.7937 16.3726 2.79
    endloop
  endfacet
  facet normal -0.989199 0.146577 0
    outer loop
      vertex 61.7937 16.3726 5.4
      vertex 61.775 16.2464 2.79
      vertex 61.775 16.2464 5.4
    endloop
  endfacet
  facet normal -0.595602 -0.803279 0
    outer loop
      vertex 61.2222 17.5809 2.79
      vertex 61.3247 17.5049 5.4
      vertex 61.2222 17.5809 5.4
    endloop
  endfacet
  facet normal -0.595602 -0.803279 -0
    outer loop
      vertex 61.3247 17.5049 5.4
      vertex 61.2222 17.5809 2.79
      vertex 61.3247 17.5049 2.79
    endloop
  endfacet
  facet normal -0.803279 0.595602 0
    outer loop
      vertex 61.5049 15.6753 2.79
      vertex 61.5809 15.7778 5.4
      vertex 61.5809 15.7778 2.79
    endloop
  endfacet
  facet normal -0.803279 0.595602 0
    outer loop
      vertex 61.5809 15.7778 5.4
      vertex 61.5049 15.6753 2.79
      vertex 61.5049 15.6753 5.4
    endloop
  endfacet
  facet normal 0.941476 -0.337081 0
    outer loop
      vertex 59.256 16.8774 5.4
      vertex 59.299 16.9975 2.79
      vertex 59.299 16.9975 5.4
    endloop
  endfacet
  facet normal 0.941476 -0.337081 0
    outer loop
      vertex 59.299 16.9975 2.79
      vertex 59.256 16.8774 5.4
      vertex 59.256 16.8774 2.79
    endloop
  endfacet
  facet normal -0.803279 -0.595602 0
    outer loop
      vertex 61.5809 17.2222 2.79
      vertex 61.5049 17.3247 5.4
      vertex 61.5049 17.3247 2.79
    endloop
  endfacet
  facet normal -0.803279 -0.595602 0
    outer loop
      vertex 61.5049 17.3247 5.4
      vertex 61.5809 17.2222 2.79
      vertex 61.5809 17.2222 5.4
    endloop
  endfacet
  facet normal 0.0493902 -0.99878 0
    outer loop
      vertex 60.3726 17.7937 2.79
      vertex 60.5 17.8 5.4
      vertex 60.3726 17.7937 5.4
    endloop
  endfacet
  facet normal 0.0493902 -0.99878 0
    outer loop
      vertex 60.5 17.8 5.4
      vertex 60.3726 17.7937 2.79
      vertex 60.5 17.8 2.79
    endloop
  endfacet
  facet normal 0.97005 0.242904 0
    outer loop
      vertex 59.256 16.1226 5.4
      vertex 59.225 16.2464 2.79
      vertex 59.225 16.2464 5.4
    endloop
  endfacet
  facet normal 0.97005 0.242904 0
    outer loop
      vertex 59.225 16.2464 2.79
      vertex 59.256 16.1226 5.4
      vertex 59.256 16.1226 2.79
    endloop
  endfacet
  facet normal 0.337081 -0.941476 0
    outer loop
      vertex 60.0025 17.701 2.79
      vertex 60.1226 17.744 5.4
      vertex 60.0025 17.701 5.4
    endloop
  endfacet
  facet normal 0.337081 -0.941476 0
    outer loop
      vertex 60.1226 17.744 5.4
      vertex 60.0025 17.701 2.79
      vertex 60.1226 17.744 2.79
    endloop
  endfacet
  facet normal -0.904089 0.427345 0
    outer loop
      vertex 61.6465 15.8872 2.79
      vertex 61.701 16.0025 5.4
      vertex 61.701 16.0025 2.79
    endloop
  endfacet
  facet normal -0.904089 0.427345 0
    outer loop
      vertex 61.701 16.0025 5.4
      vertex 61.6465 15.8872 2.79
      vertex 61.6465 15.8872 5.4
    endloop
  endfacet
  facet normal 0.740755 -0.671775 0
    outer loop
      vertex 59.4951 17.3247 5.4
      vertex 59.5808 17.4192 2.79
      vertex 59.5808 17.4192 5.4
    endloop
  endfacet
  facet normal 0.740755 -0.671775 0
    outer loop
      vertex 59.5808 17.4192 2.79
      vertex 59.4951 17.3247 5.4
      vertex 59.4951 17.3247 2.79
    endloop
  endfacet
  facet normal 0.857631 -0.514265 0
    outer loop
      vertex 59.3535 17.1128 5.4
      vertex 59.4191 17.2222 2.79
      vertex 59.4191 17.2222 5.4
    endloop
  endfacet
  facet normal 0.857631 -0.514265 0
    outer loop
      vertex 59.4191 17.2222 2.79
      vertex 59.3535 17.1128 5.4
      vertex 59.3535 17.1128 2.79
    endloop
  endfacet
  facet normal -0.146577 0.989199 0
    outer loop
      vertex 60.7536 15.225 2.79
      vertex 60.6274 15.2063 5.4
      vertex 60.7536 15.225 5.4
    endloop
  endfacet
  facet normal -0.146577 0.989199 0
    outer loop
      vertex 60.6274 15.2063 5.4
      vertex 60.7536 15.225 2.79
      vertex 60.6274 15.2063 2.79
    endloop
  endfacet
  facet normal -0.857631 -0.514265 0
    outer loop
      vertex 61.6465 17.1128 2.79
      vertex 61.5809 17.2222 5.4
      vertex 61.5809 17.2222 2.79
    endloop
  endfacet
  facet normal -0.857631 -0.514265 0
    outer loop
      vertex 61.5809 17.2222 5.4
      vertex 61.6465 17.1128 2.79
      vertex 61.6465 17.1128 5.4
    endloop
  endfacet
  facet normal -0.941476 -0.337081 0
    outer loop
      vertex 61.744 16.8774 2.79
      vertex 61.701 16.9975 5.4
      vertex 61.701 16.9975 2.79
    endloop
  endfacet
  facet normal -0.941476 -0.337081 0
    outer loop
      vertex 61.701 16.9975 5.4
      vertex 61.744 16.8774 2.79
      vertex 61.744 16.8774 5.4
    endloop
  endfacet
  facet normal -0.671775 -0.740755 0
    outer loop
      vertex 61.3247 17.5049 2.79
      vertex 61.4192 17.4192 5.4
      vertex 61.3247 17.5049 5.4
    endloop
  endfacet
  facet normal -0.671775 -0.740755 -0
    outer loop
      vertex 61.4192 17.4192 5.4
      vertex 61.3247 17.5049 2.79
      vertex 61.4192 17.4192 2.79
    endloop
  endfacet
  facet normal -0.97005 0.242904 0
    outer loop
      vertex 61.744 16.1226 2.79
      vertex 61.775 16.2464 5.4
      vertex 61.775 16.2464 2.79
    endloop
  endfacet
  facet normal -0.97005 0.242904 0
    outer loop
      vertex 61.775 16.2464 5.4
      vertex 61.744 16.1226 2.79
      vertex 61.744 16.1226 5.4
    endloop
  endfacet
  facet normal 0.427345 -0.904089 0
    outer loop
      vertex 59.8872 17.6465 2.79
      vertex 60.0025 17.701 5.4
      vertex 59.8872 17.6465 5.4
    endloop
  endfacet
  facet normal 0.427345 -0.904089 0
    outer loop
      vertex 60.0025 17.701 5.4
      vertex 59.8872 17.6465 2.79
      vertex 60.0025 17.701 2.79
    endloop
  endfacet
  facet normal -0.337081 -0.941476 0
    outer loop
      vertex 60.8774 17.744 2.79
      vertex 60.9975 17.701 5.4
      vertex 60.8774 17.744 5.4
    endloop
  endfacet
  facet normal -0.337081 -0.941476 -0
    outer loop
      vertex 60.9975 17.701 5.4
      vertex 60.8774 17.744 2.79
      vertex 60.9975 17.701 2.79
    endloop
  endfacet
  facet normal 0.242904 -0.97005 0
    outer loop
      vertex 60.1226 17.744 2.79
      vertex 60.2464 17.775 5.4
      vertex 60.1226 17.744 5.4
    endloop
  endfacet
  facet normal 0.242904 -0.97005 0
    outer loop
      vertex 60.2464 17.775 5.4
      vertex 60.1226 17.744 2.79
      vertex 60.2464 17.775 2.79
    endloop
  endfacet
  facet normal -0.857631 0.514265 0
    outer loop
      vertex 61.5809 15.7778 2.79
      vertex 61.6465 15.8872 5.4
      vertex 61.6465 15.8872 2.79
    endloop
  endfacet
  facet normal -0.857631 0.514265 0
    outer loop
      vertex 61.6465 15.8872 5.4
      vertex 61.5809 15.7778 2.79
      vertex 61.5809 15.7778 5.4
    endloop
  endfacet
  facet normal -0.427345 -0.904089 0
    outer loop
      vertex 60.9975 17.701 2.79
      vertex 61.1128 17.6465 5.4
      vertex 60.9975 17.701 5.4
    endloop
  endfacet
  facet normal -0.427345 -0.904089 -0
    outer loop
      vertex 61.1128 17.6465 5.4
      vertex 60.9975 17.701 2.79
      vertex 61.1128 17.6465 2.79
    endloop
  endfacet
  facet normal -0.0493902 -0.99878 0
    outer loop
      vertex 60.5 17.8 2.79
      vertex 60.6274 17.7937 5.4
      vertex 60.5 17.8 5.4
    endloop
  endfacet
  facet normal -0.0493902 -0.99878 -0
    outer loop
      vertex 60.6274 17.7937 5.4
      vertex 60.5 17.8 2.79
      vertex 60.6274 17.7937 2.79
    endloop
  endfacet
  facet normal -0.941476 0.337081 0
    outer loop
      vertex 61.701 16.0025 2.79
      vertex 61.744 16.1226 5.4
      vertex 61.744 16.1226 2.79
    endloop
  endfacet
  facet normal -0.941476 0.337081 0
    outer loop
      vertex 61.744 16.1226 5.4
      vertex 61.701 16.0025 2.79
      vertex 61.701 16.0025 5.4
    endloop
  endfacet
  facet normal -0.242904 -0.97005 0
    outer loop
      vertex 60.7536 17.775 2.79
      vertex 60.8774 17.744 5.4
      vertex 60.7536 17.775 5.4
    endloop
  endfacet
  facet normal -0.242904 -0.97005 -0
    outer loop
      vertex 60.8774 17.744 5.4
      vertex 60.7536 17.775 2.79
      vertex 60.8774 17.744 2.79
    endloop
  endfacet
  facet normal -0.99878 0.0493902 0
    outer loop
      vertex 61.7937 16.3726 2.79
      vertex 61.8 16.5 5.4
      vertex 61.8 16.5 2.79
    endloop
  endfacet
  facet normal -0.99878 0.0493902 0
    outer loop
      vertex 61.8 16.5 5.4
      vertex 61.7937 16.3726 2.79
      vertex 61.7937 16.3726 5.4
    endloop
  endfacet
  facet normal 0.97005 -0.242904 0
    outer loop
      vertex 59.225 16.7536 5.4
      vertex 59.256 16.8774 2.79
      vertex 59.256 16.8774 5.4
    endloop
  endfacet
  facet normal 0.97005 -0.242904 0
    outer loop
      vertex 59.256 16.8774 2.79
      vertex 59.225 16.7536 5.4
      vertex 59.225 16.7536 2.79
    endloop
  endfacet
  facet normal 0.671775 -0.740755 0
    outer loop
      vertex 59.5808 17.4192 2.79
      vertex 59.6753 17.5049 5.4
      vertex 59.5808 17.4192 5.4
    endloop
  endfacet
  facet normal 0.671775 -0.740755 0
    outer loop
      vertex 59.6753 17.5049 5.4
      vertex 59.5808 17.4192 2.79
      vertex 59.6753 17.5049 2.79
    endloop
  endfacet
  facet normal 0.857631 0.514265 0
    outer loop
      vertex 59.4191 15.7778 5.4
      vertex 59.3535 15.8872 2.79
      vertex 59.3535 15.8872 5.4
    endloop
  endfacet
  facet normal 0.857631 0.514265 0
    outer loop
      vertex 59.3535 15.8872 2.79
      vertex 59.4191 15.7778 5.4
      vertex 59.4191 15.7778 2.79
    endloop
  endfacet
  facet normal 0.740755 0.671775 0
    outer loop
      vertex 59.5808 15.5808 5.4
      vertex 59.4951 15.6753 2.79
      vertex 59.4951 15.6753 5.4
    endloop
  endfacet
  facet normal 0.740755 0.671775 0
    outer loop
      vertex 59.4951 15.6753 2.79
      vertex 59.5808 15.5808 5.4
      vertex 59.5808 15.5808 2.79
    endloop
  endfacet
  facet normal 0.595602 0.803279 -0
    outer loop
      vertex 59.7778 15.4191 2.79
      vertex 59.6753 15.4951 5.4
      vertex 59.7778 15.4191 5.4
    endloop
  endfacet
  facet normal 0.595602 0.803279 0
    outer loop
      vertex 59.6753 15.4951 5.4
      vertex 59.7778 15.4191 2.79
      vertex 59.6753 15.4951 2.79
    endloop
  endfacet
  facet normal 0.989199 0.146577 0
    outer loop
      vertex 59.225 16.2464 5.4
      vertex 59.2063 16.3726 2.79
      vertex 59.2063 16.3726 5.4
    endloop
  endfacet
  facet normal 0.989199 0.146577 0
    outer loop
      vertex 59.2063 16.3726 2.79
      vertex 59.225 16.2464 5.4
      vertex 59.225 16.2464 2.79
    endloop
  endfacet
  facet normal 0.803279 0.595602 0
    outer loop
      vertex 59.4951 15.6753 5.4
      vertex 59.4191 15.7778 2.79
      vertex 59.4191 15.7778 5.4
    endloop
  endfacet
  facet normal 0.803279 0.595602 0
    outer loop
      vertex 59.4191 15.7778 2.79
      vertex 59.4951 15.6753 5.4
      vertex 59.4951 15.6753 2.79
    endloop
  endfacet
  facet normal -0.337081 0.941476 0
    outer loop
      vertex 60.9975 15.299 2.79
      vertex 60.8774 15.256 5.4
      vertex 60.9975 15.299 5.4
    endloop
  endfacet
  facet normal -0.337081 0.941476 0
    outer loop
      vertex 60.8774 15.256 5.4
      vertex 60.9975 15.299 2.79
      vertex 60.8774 15.256 2.79
    endloop
  endfacet
  facet normal 0.99878 0.0493902 0
    outer loop
      vertex 59.2063 16.3726 5.4
      vertex 59.2 16.5 2.79
      vertex 59.2 16.5 5.4
    endloop
  endfacet
  facet normal 0.99878 0.0493902 0
    outer loop
      vertex 59.2 16.5 2.79
      vertex 59.2063 16.3726 5.4
      vertex 59.2063 16.3726 2.79
    endloop
  endfacet
  facet normal 0.803279 -0.595602 0
    outer loop
      vertex 59.4191 17.2222 5.4
      vertex 59.4951 17.3247 2.79
      vertex 59.4951 17.3247 5.4
    endloop
  endfacet
  facet normal 0.803279 -0.595602 0
    outer loop
      vertex 59.4951 17.3247 2.79
      vertex 59.4191 17.2222 5.4
      vertex 59.4191 17.2222 2.79
    endloop
  endfacet
  facet normal -0.595602 0.803279 0
    outer loop
      vertex 61.3247 15.4951 2.79
      vertex 61.2222 15.4191 5.4
      vertex 61.3247 15.4951 5.4
    endloop
  endfacet
  facet normal -0.595602 0.803279 0
    outer loop
      vertex 61.2222 15.4191 5.4
      vertex 61.3247 15.4951 2.79
      vertex 61.2222 15.4191 2.79
    endloop
  endfacet
  facet normal -0.740755 -0.671775 0
    outer loop
      vertex 61.5049 17.3247 2.79
      vertex 61.4192 17.4192 5.4
      vertex 61.4192 17.4192 2.79
    endloop
  endfacet
  facet normal -0.740755 -0.671775 0
    outer loop
      vertex 61.4192 17.4192 5.4
      vertex 61.5049 17.3247 2.79
      vertex 61.5049 17.3247 5.4
    endloop
  endfacet
  facet normal 0.904089 -0.427345 0
    outer loop
      vertex 59.299 16.9975 5.4
      vertex 59.3535 17.1128 2.79
      vertex 59.3535 17.1128 5.4
    endloop
  endfacet
  facet normal 0.904089 -0.427345 0
    outer loop
      vertex 59.3535 17.1128 2.79
      vertex 59.299 16.9975 5.4
      vertex 59.299 16.9975 2.79
    endloop
  endfacet
  facet normal 0.337081 0.941476 -0
    outer loop
      vertex 60.1226 15.256 2.79
      vertex 60.0025 15.299 5.4
      vertex 60.1226 15.256 5.4
    endloop
  endfacet
  facet normal 0.337081 0.941476 0
    outer loop
      vertex 60.0025 15.299 5.4
      vertex 60.1226 15.256 2.79
      vertex 60.0025 15.299 2.79
    endloop
  endfacet
  facet normal 0.0493902 0.99878 -0
    outer loop
      vertex 60.5 15.2 2.79
      vertex 60.3726 15.2063 5.4
      vertex 60.5 15.2 5.4
    endloop
  endfacet
  facet normal 0.0493902 0.99878 0
    outer loop
      vertex 60.3726 15.2063 5.4
      vertex 60.5 15.2 2.79
      vertex 60.3726 15.2063 2.79
    endloop
  endfacet
  facet normal 0.99878 -0.0493902 0
    outer loop
      vertex 59.2 16.5 5.4
      vertex 59.2063 16.6274 2.79
      vertex 59.2063 16.6274 5.4
    endloop
  endfacet
  facet normal 0.99878 -0.0493902 0
    outer loop
      vertex 59.2063 16.6274 2.79
      vertex 59.2 16.5 5.4
      vertex 59.2 16.5 2.79
    endloop
  endfacet
  facet normal 0.671775 0.740755 -0
    outer loop
      vertex 59.6753 15.4951 2.79
      vertex 59.5808 15.5808 5.4
      vertex 59.6753 15.4951 5.4
    endloop
  endfacet
  facet normal 0.671775 0.740755 0
    outer loop
      vertex 59.5808 15.5808 5.4
      vertex 59.6753 15.4951 2.79
      vertex 59.5808 15.5808 2.79
    endloop
  endfacet
  facet normal -0.740755 0.671775 0
    outer loop
      vertex 61.4192 15.5808 2.79
      vertex 61.5049 15.6753 5.4
      vertex 61.5049 15.6753 2.79
    endloop
  endfacet
  facet normal -0.740755 0.671775 0
    outer loop
      vertex 61.5049 15.6753 5.4
      vertex 61.4192 15.5808 2.79
      vertex 61.4192 15.5808 5.4
    endloop
  endfacet
  facet normal -0.671775 0.740755 0
    outer loop
      vertex 61.4192 15.5808 2.79
      vertex 61.3247 15.4951 5.4
      vertex 61.4192 15.5808 5.4
    endloop
  endfacet
  facet normal -0.671775 0.740755 0
    outer loop
      vertex 61.3247 15.4951 5.4
      vertex 61.4192 15.5808 2.79
      vertex 61.3247 15.4951 2.79
    endloop
  endfacet
  facet normal -0.336879 -0.941548 0
    outer loop
      vertex 21.0433 7.6903 2
      vertex 21.2743 7.60765 5.4
      vertex 21.0433 7.6903 5.4
    endloop
  endfacet
  facet normal -0.336879 -0.941548 -0
    outer loop
      vertex 21.2743 7.60765 5.4
      vertex 21.0433 7.6903 2
      vertex 21.2743 7.60765 2
    endloop
  endfacet
  facet normal 0.989177 0.146726 0
    outer loop
      vertex 24.488 10.245 5.4
      vertex 24.452 10.4877 2
      vertex 24.452 10.4877 5.4
    endloop
  endfacet
  facet normal 0.989177 0.146726 0
    outer loop
      vertex 24.452 10.4877 2
      vertex 24.488 10.245 5.4
      vertex 24.488 10.245 2
    endloop
  endfacet
  facet normal 0.998803 0.0489209 0
    outer loop
      vertex 24.5 10 5.4
      vertex 24.488 10.245 2
      vertex 24.488 10.245 5.4
    endloop
  endfacet
  facet normal 0.998803 0.0489209 0
    outer loop
      vertex 24.488 10.245 2
      vertex 24.5 10 5.4
      vertex 24.5 10 2
    endloop
  endfacet
  facet normal 0.96995 0.243303 0
    outer loop
      vertex 24.452 10.4877 5.4
      vertex 24.3923 10.7257 2
      vertex 24.3923 10.7257 5.4
    endloop
  endfacet
  facet normal 0.96995 0.243303 0
    outer loop
      vertex 24.3923 10.7257 2
      vertex 24.452 10.4877 5.4
      vertex 24.452 10.4877 2
    endloop
  endfacet
  facet normal -0.989177 0.146726 0
    outer loop
      vertex 19.512 10.245 2
      vertex 19.548 10.4877 5.4
      vertex 19.548 10.4877 2
    endloop
  endfacet
  facet normal -0.989177 0.146726 0
    outer loop
      vertex 19.548 10.4877 5.4
      vertex 19.512 10.245 2
      vertex 19.512 10.245 5.4
    endloop
  endfacet
  facet normal -0.242958 -0.970037 0
    outer loop
      vertex 21.2743 7.60765 2
      vertex 21.5123 7.54804 5.4
      vertex 21.2743 7.60765 5.4
    endloop
  endfacet
  facet normal -0.242958 -0.970037 -0
    outer loop
      vertex 21.5123 7.54804 5.4
      vertex 21.2743 7.60765 2
      vertex 21.5123 7.54804 2
    endloop
  endfacet
  facet normal 0.337059 0.941483 -0
    outer loop
      vertex 22.9567 12.3097 2
      vertex 22.7257 12.3924 5.4
      vertex 22.9567 12.3097 5.4
    endloop
  endfacet
  facet normal 0.337059 0.941483 0
    outer loop
      vertex 22.7257 12.3924 5.4
      vertex 22.9567 12.3097 2
      vertex 22.7257 12.3924 2
    endloop
  endfacet
  facet normal -0.514076 0.857745 0
    outer loop
      vertex 20.8215 12.2048 2
      vertex 20.6111 12.0787 5.4
      vertex 20.8215 12.2048 5.4
    endloop
  endfacet
  facet normal -0.514076 0.857745 0
    outer loop
      vertex 20.6111 12.0787 5.4
      vertex 20.8215 12.2048 2
      vertex 20.6111 12.0787 2
    endloop
  endfacet
  facet normal -0.90398 -0.427575 0
    outer loop
      vertex 19.7952 8.82151 2
      vertex 19.6903 9.04329 5.4
      vertex 19.6903 9.04329 2
    endloop
  endfacet
  facet normal -0.90398 -0.427575 0
    outer loop
      vertex 19.6903 9.04329 5.4
      vertex 19.7952 8.82151 2
      vertex 19.7952 8.82151 5.4
    endloop
  endfacet
  facet normal -0.242919 0.970047 0
    outer loop
      vertex 21.5123 12.452 2
      vertex 21.2743 12.3924 5.4
      vertex 21.5123 12.452 5.4
    endloop
  endfacet
  facet normal -0.242919 0.970047 0
    outer loop
      vertex 21.2743 12.3924 5.4
      vertex 21.5123 12.452 2
      vertex 21.2743 12.3924 2
    endloop
  endfacet
  facet normal -0.857788 -0.514004 0
    outer loop
      vertex 19.9213 8.61107 2
      vertex 19.7952 8.82151 5.4
      vertex 19.7952 8.82151 2
    endloop
  endfacet
  facet normal -0.857788 -0.514004 0
    outer loop
      vertex 19.7952 8.82151 5.4
      vertex 19.9213 8.61107 2
      vertex 19.9213 8.61107 5.4
    endloop
  endfacet
  facet normal 0.242958 -0.970037 0
    outer loop
      vertex 22.4877 7.54804 2
      vertex 22.7257 7.60765 5.4
      vertex 22.4877 7.54804 5.4
    endloop
  endfacet
  facet normal 0.242958 -0.970037 0
    outer loop
      vertex 22.7257 7.60765 5.4
      vertex 22.4877 7.54804 2
      vertex 22.7257 7.60765 2
    endloop
  endfacet
  facet normal -0.595596 -0.803284 0
    outer loop
      vertex 20.414 8.06747 2
      vertex 20.6111 7.92133 5.4
      vertex 20.414 8.06747 5.4
    endloop
  endfacet
  facet normal -0.595596 -0.803284 -0
    outer loop
      vertex 20.6111 7.92133 5.4
      vertex 20.414 8.06747 2
      vertex 20.6111 7.92133 2
    endloop
  endfacet
  facet normal 0.514166 -0.857691 0
    outer loop
      vertex 23.1785 7.7952 2
      vertex 23.3889 7.92133 5.4
      vertex 23.1785 7.7952 5.4
    endloop
  endfacet
  facet normal 0.514166 -0.857691 0
    outer loop
      vertex 23.3889 7.92133 5.4
      vertex 23.1785 7.7952 2
      vertex 23.3889 7.92133 2
    endloop
  endfacet
  facet normal 0.803095 -0.595851 0
    outer loop
      vertex 23.9325 8.41402 5.4
      vertex 24.0787 8.61107 2
      vertex 24.0787 8.61107 5.4
    endloop
  endfacet
  facet normal 0.803095 -0.595851 0
    outer loop
      vertex 24.0787 8.61107 2
      vertex 23.9325 8.41402 5.4
      vertex 23.9325 8.41402 2
    endloop
  endfacet
  facet normal 0.146726 0.989177 -0
    outer loop
      vertex 22.4877 12.452 2
      vertex 22.245 12.488 5.4
      vertex 22.4877 12.452 5.4
    endloop
  endfacet
  facet normal 0.146726 0.989177 0
    outer loop
      vertex 22.245 12.488 5.4
      vertex 22.4877 12.452 2
      vertex 22.245 12.488 2
    endloop
  endfacet
  facet normal -0.595754 0.803167 0
    outer loop
      vertex 20.6111 12.0787 2
      vertex 20.414 11.9325 5.4
      vertex 20.6111 12.0787 5.4
    endloop
  endfacet
  facet normal -0.595754 0.803167 0
    outer loop
      vertex 20.414 11.9325 5.4
      vertex 20.6111 12.0787 2
      vertex 20.414 11.9325 2
    endloop
  endfacet
  facet normal 0.427543 -0.903995 0
    outer loop
      vertex 22.9567 7.6903 2
      vertex 23.1785 7.7952 5.4
      vertex 22.9567 7.6903 5.4
    endloop
  endfacet
  facet normal 0.427543 -0.903995 0
    outer loop
      vertex 23.1785 7.7952 5.4
      vertex 22.9567 7.6903 2
      vertex 23.1785 7.7952 2
    endloop
  endfacet
  facet normal -0.803167 0.595754 0
    outer loop
      vertex 19.9213 11.3889 2
      vertex 20.0675 11.586 5.4
      vertex 20.0675 11.586 2
    endloop
  endfacet
  facet normal -0.803167 0.595754 0
    outer loop
      vertex 20.0675 11.586 5.4
      vertex 19.9213 11.3889 2
      vertex 19.9213 11.3889 5.4
    endloop
  endfacet
  facet normal 0.989176 -0.146732 0
    outer loop
      vertex 24.452 9.51227 5.4
      vertex 24.488 9.75496 2
      vertex 24.488 9.75496 5.4
    endloop
  endfacet
  facet normal 0.989176 -0.146732 0
    outer loop
      vertex 24.488 9.75496 2
      vertex 24.452 9.51227 5.4
      vertex 24.452 9.51227 2
    endloop
  endfacet
  facet normal -0.941483 0.337059 0
    outer loop
      vertex 19.6076 10.7257 2
      vertex 19.6903 10.9567 5.4
      vertex 19.6903 10.9567 2
    endloop
  endfacet
  facet normal -0.941483 0.337059 0
    outer loop
      vertex 19.6903 10.9567 5.4
      vertex 19.6076 10.7257 2
      vertex 19.6076 10.7257 5.4
    endloop
  endfacet
  facet normal 0.427543 0.903995 -0
    outer loop
      vertex 23.1785 12.2048 2
      vertex 22.9567 12.3097 5.4
      vertex 23.1785 12.2048 5.4
    endloop
  endfacet
  facet normal 0.427543 0.903995 0
    outer loop
      vertex 22.9567 12.3097 5.4
      vertex 23.1785 12.2048 2
      vertex 22.9567 12.3097 2
    endloop
  endfacet
  facet normal -0.941483 -0.337059 0
    outer loop
      vertex 19.6903 9.04329 2
      vertex 19.6076 9.27429 5.4
      vertex 19.6076 9.27429 2
    endloop
  endfacet
  facet normal -0.941483 -0.337059 0
    outer loop
      vertex 19.6076 9.27429 5.4
      vertex 19.6903 9.04329 2
      vertex 19.6903 9.04329 5.4
    endloop
  endfacet
  facet normal 0.969946 -0.243322 0
    outer loop
      vertex 24.3923 9.27429 5.4
      vertex 24.452 9.51227 2
      vertex 24.452 9.51227 5.4
    endloop
  endfacet
  facet normal 0.969946 -0.243322 0
    outer loop
      vertex 24.452 9.51227 2
      vertex 24.3923 9.27429 5.4
      vertex 24.3923 9.27429 2
    endloop
  endfacet
  facet normal -0.0489209 0.998803 0
    outer loop
      vertex 22 12.5 2
      vertex 21.755 12.488 5.4
      vertex 22 12.5 5.4
    endloop
  endfacet
  facet normal -0.0489209 0.998803 0
    outer loop
      vertex 21.755 12.488 5.4
      vertex 22 12.5 2
      vertex 21.755 12.488 2
    endloop
  endfacet
  facet normal 0.671394 0.741101 -0
    outer loop
      vertex 23.7678 11.7678 2
      vertex 23.586 11.9325 5.4
      vertex 23.7678 11.7678 5.4
    endloop
  endfacet
  facet normal 0.671394 0.741101 0
    outer loop
      vertex 23.586 11.9325 5.4
      vertex 23.7678 11.7678 2
      vertex 23.586 11.9325 2
    endloop
  endfacet
  facet normal -0.427543 0.903995 0
    outer loop
      vertex 21.0433 12.3097 2
      vertex 20.8215 12.2048 5.4
      vertex 21.0433 12.3097 5.4
    endloop
  endfacet
  facet normal -0.427543 0.903995 0
    outer loop
      vertex 20.8215 12.2048 5.4
      vertex 21.0433 12.3097 2
      vertex 20.8215 12.2048 2
    endloop
  endfacet
  facet normal -0.671394 0.741101 0
    outer loop
      vertex 20.414 11.9325 2
      vertex 20.2322 11.7678 5.4
      vertex 20.414 11.9325 5.4
    endloop
  endfacet
  facet normal -0.671394 0.741101 0
    outer loop
      vertex 20.2322 11.7678 5.4
      vertex 20.414 11.9325 2
      vertex 20.2322 11.7678 2
    endloop
  endfacet
  facet normal 0.336879 -0.941548 0
    outer loop
      vertex 22.7257 7.60765 2
      vertex 22.9567 7.6903 5.4
      vertex 22.7257 7.60765 5.4
    endloop
  endfacet
  facet normal 0.336879 -0.941548 0
    outer loop
      vertex 22.9567 7.6903 5.4
      vertex 22.7257 7.60765 2
      vertex 22.9567 7.6903 2
    endloop
  endfacet
  facet normal -0.337059 0.941483 0
    outer loop
      vertex 21.2743 12.3924 2
      vertex 21.0433 12.3097 5.4
      vertex 21.2743 12.3924 5.4
    endloop
  endfacet
  facet normal -0.337059 0.941483 0
    outer loop
      vertex 21.0433 12.3097 5.4
      vertex 21.2743 12.3924 2
      vertex 21.0433 12.3097 2
    endloop
  endfacet
  facet normal 0.803167 0.595754 0
    outer loop
      vertex 24.0787 11.3889 5.4
      vertex 23.9325 11.586 2
      vertex 23.9325 11.586 5.4
    endloop
  endfacet
  facet normal 0.803167 0.595754 0
    outer loop
      vertex 23.9325 11.586 2
      vertex 24.0787 11.3889 5.4
      vertex 24.0787 11.3889 2
    endloop
  endfacet
  facet normal -0.857745 0.514076 0
    outer loop
      vertex 19.7952 11.1785 2
      vertex 19.9213 11.3889 5.4
      vertex 19.9213 11.3889 2
    endloop
  endfacet
  facet normal -0.857745 0.514076 0
    outer loop
      vertex 19.9213 11.3889 5.4
      vertex 19.7952 11.1785 2
      vertex 19.7952 11.1785 5.4
    endloop
  endfacet
  facet normal 0.998803 -0.048913 0
    outer loop
      vertex 24.488 9.75496 5.4
      vertex 24.5 10 2
      vertex 24.5 10 5.4
    endloop
  endfacet
  facet normal 0.998803 -0.048913 0
    outer loop
      vertex 24.5 10 2
      vertex 24.488 9.75496 5.4
      vertex 24.488 9.75496 2
    endloop
  endfacet
  facet normal 0.90398 -0.427575 0
    outer loop
      vertex 24.2048 8.82151 5.4
      vertex 24.3097 9.04329 2
      vertex 24.3097 9.04329 5.4
    endloop
  endfacet
  facet normal 0.90398 -0.427575 0
    outer loop
      vertex 24.3097 9.04329 2
      vertex 24.2048 8.82151 5.4
      vertex 24.2048 8.82151 2
    endloop
  endfacet
  facet normal 0.857745 0.514076 0
    outer loop
      vertex 24.2048 11.1785 5.4
      vertex 24.0787 11.3889 2
      vertex 24.0787 11.3889 5.4
    endloop
  endfacet
  facet normal 0.857745 0.514076 0
    outer loop
      vertex 24.0787 11.3889 2
      vertex 24.2048 11.1785 5.4
      vertex 24.2048 11.1785 2
    endloop
  endfacet
  facet normal 0 0 1
    outer loop
      vertex 24.488 10.245 5.4
      vertex 24.488 9.75496 5.4
      vertex 24.5 10 5.4
    endloop
  endfacet
  facet normal 0 0 1
    outer loop
      vertex 24.452 10.4877 5.4
      vertex 24.488 9.75496 5.4
      vertex 24.488 10.245 5.4
    endloop
  endfacet
  facet normal 0 0 1
    outer loop
      vertex 24.452 10.4877 5.4
      vertex 24.452 9.51227 5.4
      vertex 24.488 9.75496 5.4
    endloop
  endfacet
  facet normal 0 0 1
    outer loop
      vertex 24.3923 10.7257 5.4
      vertex 24.452 9.51227 5.4
      vertex 24.452 10.4877 5.4
    endloop
  endfacet
  facet normal 0 0 1
    outer loop
      vertex 24.3923 10.7257 5.4
      vertex 24.3923 9.27429 5.4
      vertex 24.452 9.51227 5.4
    endloop
  endfacet
  facet normal 0 0 1
    outer loop
      vertex 24.3097 10.9567 5.4
      vertex 24.3923 9.27429 5.4
      vertex 24.3923 10.7257 5.4
    endloop
  endfacet
  facet normal 0 0 1
    outer loop
      vertex 24.3097 10.9567 5.4
      vertex 24.3097 9.04329 5.4
      vertex 24.3923 9.27429 5.4
    endloop
  endfacet
  facet normal 0 0 1
    outer loop
      vertex 24.2048 11.1785 5.4
      vertex 24.3097 9.04329 5.4
      vertex 24.3097 10.9567 5.4
    endloop
  endfacet
  facet normal 0 0 1
    outer loop
      vertex 24.2048 11.1785 5.4
      vertex 24.2048 8.82151 5.4
      vertex 24.3097 9.04329 5.4
    endloop
  endfacet
  facet normal 0 0 1
    outer loop
      vertex 24.0787 11.3889 5.4
      vertex 24.2048 8.82151 5.4
      vertex 24.2048 11.1785 5.4
    endloop
  endfacet
  facet normal 0 0 1
    outer loop
      vertex 24.0787 11.3889 5.4
      vertex 24.0787 8.61107 5.4
      vertex 24.2048 8.82151 5.4
    endloop
  endfacet
  facet normal 0 0 1
    outer loop
      vertex 23.9325 11.586 5.4
      vertex 24.0787 8.61107 5.4
      vertex 24.0787 11.3889 5.4
    endloop
  endfacet
  facet normal 0 0 1
    outer loop
      vertex 23.9325 11.586 5.4
      vertex 23.9325 8.41402 5.4
      vertex 24.0787 8.61107 5.4
    endloop
  endfacet
  facet normal 0 0 1
    outer loop
      vertex 23.7678 11.7678 5.4
      vertex 23.9325 8.41402 5.4
      vertex 23.9325 11.586 5.4
    endloop
  endfacet
  facet normal 0 0 1
    outer loop
      vertex 23.7678 11.7678 5.4
      vertex 23.7678 8.23223 5.4
      vertex 23.9325 8.41402 5.4
    endloop
  endfacet
  facet normal 0 0 1
    outer loop
      vertex 23.586 11.9325 5.4
      vertex 23.7678 8.23223 5.4
      vertex 23.7678 11.7678 5.4
    endloop
  endfacet
  facet normal 0 0 1
    outer loop
      vertex 23.586 11.9325 5.4
      vertex 23.586 8.06747 5.4
      vertex 23.7678 8.23223 5.4
    endloop
  endfacet
  facet normal 0 0 1
    outer loop
      vertex 23.3889 12.0787 5.4
      vertex 23.586 8.06747 5.4
      vertex 23.586 11.9325 5.4
    endloop
  endfacet
  facet normal 0 0 1
    outer loop
      vertex 23.3889 12.0787 5.4
      vertex 23.3889 7.92133 5.4
      vertex 23.586 8.06747 5.4
    endloop
  endfacet
  facet normal 0 0 1
    outer loop
      vertex 23.1785 12.2048 5.4
      vertex 23.3889 7.92133 5.4
      vertex 23.3889 12.0787 5.4
    endloop
  endfacet
  facet normal 0 0 1
    outer loop
      vertex 23.1785 12.2048 5.4
      vertex 23.1785 7.7952 5.4
      vertex 23.3889 7.92133 5.4
    endloop
  endfacet
  facet normal 0 0 1
    outer loop
      vertex 22.9567 12.3097 5.4
      vertex 23.1785 7.7952 5.4
      vertex 23.1785 12.2048 5.4
    endloop
  endfacet
  facet normal 0 0 1
    outer loop
      vertex 22.9567 12.3097 5.4
      vertex 22.9567 7.6903 5.4
      vertex 23.1785 7.7952 5.4
    endloop
  endfacet
  facet normal 0 0 1
    outer loop
      vertex 22.7257 12.3924 5.4
      vertex 22.9567 7.6903 5.4
      vertex 22.9567 12.3097 5.4
    endloop
  endfacet
  facet normal 0 0 1
    outer loop
      vertex 22.7257 12.3924 5.4
      vertex 22.7257 7.60765 5.4
      vertex 22.9567 7.6903 5.4
    endloop
  endfacet
  facet normal 0 0 1
    outer loop
      vertex 22.4877 12.452 5.4
      vertex 22.7257 7.60765 5.4
      vertex 22.7257 12.3924 5.4
    endloop
  endfacet
  facet normal 0 0 1
    outer loop
      vertex 22.4877 12.452 5.4
      vertex 22.4877 7.54804 5.4
      vertex 22.7257 7.60765 5.4
    endloop
  endfacet
  facet normal 0 0 1
    outer loop
      vertex 22.245 12.488 5.4
      vertex 22.4877 7.54804 5.4
      vertex 22.4877 12.452 5.4
    endloop
  endfacet
  facet normal 0 0 1
    outer loop
      vertex 22.245 12.488 5.4
      vertex 22.245 7.51204 5.4
      vertex 22.4877 7.54804 5.4
    endloop
  endfacet
  facet normal 0 0 1
    outer loop
      vertex 22 12.5 5.4
      vertex 22.245 7.51204 5.4
      vertex 22.245 12.488 5.4
    endloop
  endfacet
  facet normal 0 0 1
    outer loop
      vertex 22 12.5 5.4
      vertex 22 7.5 5.4
      vertex 22.245 7.51204 5.4
    endloop
  endfacet
  facet normal -0 0 1
    outer loop
      vertex 21.755 12.488 5.4
      vertex 22 7.5 5.4
      vertex 22 12.5 5.4
    endloop
  endfacet
  facet normal 0 0 1
    outer loop
      vertex 21.755 12.488 5.4
      vertex 21.755 7.51204 5.4
      vertex 22 7.5 5.4
    endloop
  endfacet
  facet normal -0 0 1
    outer loop
      vertex 21.5123 12.452 5.4
      vertex 21.755 7.51204 5.4
      vertex 21.755 12.488 5.4
    endloop
  endfacet
  facet normal 0 0 1
    outer loop
      vertex 21.5123 12.452 5.4
      vertex 21.5123 7.54804 5.4
      vertex 21.755 7.51204 5.4
    endloop
  endfacet
  facet normal -0 0 1
    outer loop
      vertex 21.2743 12.3924 5.4
      vertex 21.5123 7.54804 5.4
      vertex 21.5123 12.452 5.4
    endloop
  endfacet
  facet normal 0 0 1
    outer loop
      vertex 21.2743 12.3924 5.4
      vertex 21.2743 7.60765 5.4
      vertex 21.5123 7.54804 5.4
    endloop
  endfacet
  facet normal -0 0 1
    outer loop
      vertex 21.0433 12.3097 5.4
      vertex 21.2743 7.60765 5.4
      vertex 21.2743 12.3924 5.4
    endloop
  endfacet
  facet normal 0 0 1
    outer loop
      vertex 21.0433 12.3097 5.4
      vertex 21.0433 7.6903 5.4
      vertex 21.2743 7.60765 5.4
    endloop
  endfacet
  facet normal -0 0 1
    outer loop
      vertex 20.8215 12.2048 5.4
      vertex 21.0433 7.6903 5.4
      vertex 21.0433 12.3097 5.4
    endloop
  endfacet
  facet normal 0 0 1
    outer loop
      vertex 20.8215 12.2048 5.4
      vertex 20.8215 7.7952 5.4
      vertex 21.0433 7.6903 5.4
    endloop
  endfacet
  facet normal -0 0 1
    outer loop
      vertex 20.6111 12.0787 5.4
      vertex 20.8215 7.7952 5.4
      vertex 20.8215 12.2048 5.4
    endloop
  endfacet
  facet normal 0 0 1
    outer loop
      vertex 20.6111 12.0787 5.4
      vertex 20.6111 7.92133 5.4
      vertex 20.8215 7.7952 5.4
    endloop
  endfacet
  facet normal -0 0 1
    outer loop
      vertex 20.414 11.9325 5.4
      vertex 20.6111 7.92133 5.4
      vertex 20.6111 12.0787 5.4
    endloop
  endfacet
  facet normal 0 0 1
    outer loop
      vertex 20.414 11.9325 5.4
      vertex 20.414 8.06747 5.4
      vertex 20.6111 7.92133 5.4
    endloop
  endfacet
  facet normal -0 0 1
    outer loop
      vertex 20.2322 11.7678 5.4
      vertex 20.414 8.06747 5.4
      vertex 20.414 11.9325 5.4
    endloop
  endfacet
  facet normal 0 0 1
    outer loop
      vertex 20.2322 11.7678 5.4
      vertex 20.2322 8.23223 5.4
      vertex 20.414 8.06747 5.4
    endloop
  endfacet
  facet normal -0 0 1
    outer loop
      vertex 20.0675 11.586 5.4
      vertex 20.2322 8.23223 5.4
      vertex 20.2322 11.7678 5.4
    endloop
  endfacet
  facet normal 0 0 1
    outer loop
      vertex 20.0675 11.586 5.4
      vertex 20.0675 8.41402 5.4
      vertex 20.2322 8.23223 5.4
    endloop
  endfacet
  facet normal -0 0 1
    outer loop
      vertex 19.9213 11.3889 5.4
      vertex 20.0675 8.41402 5.4
      vertex 20.0675 11.586 5.4
    endloop
  endfacet
  facet normal 0 0 1
    outer loop
      vertex 19.9213 11.3889 5.4
      vertex 19.9213 8.61107 5.4
      vertex 20.0675 8.41402 5.4
    endloop
  endfacet
  facet normal -0 0 1
    outer loop
      vertex 19.7952 11.1785 5.4
      vertex 19.9213 8.61107 5.4
      vertex 19.9213 11.3889 5.4
    endloop
  endfacet
  facet normal 0 0 1
    outer loop
      vertex 19.7952 11.1785 5.4
      vertex 19.7952 8.82151 5.4
      vertex 19.9213 8.61107 5.4
    endloop
  endfacet
  facet normal -0 0 1
    outer loop
      vertex 19.6903 10.9567 5.4
      vertex 19.7952 8.82151 5.4
      vertex 19.7952 11.1785 5.4
    endloop
  endfacet
  facet normal 0 0 1
    outer loop
      vertex 19.6903 10.9567 5.4
      vertex 19.6903 9.04329 5.4
      vertex 19.7952 8.82151 5.4
    endloop
  endfacet
  facet normal -0 0 1
    outer loop
      vertex 19.6076 10.7257 5.4
      vertex 19.6903 9.04329 5.4
      vertex 19.6903 10.9567 5.4
    endloop
  endfacet
  facet normal 0 0 1
    outer loop
      vertex 19.6076 10.7257 5.4
      vertex 19.6076 9.27429 5.4
      vertex 19.6903 9.04329 5.4
    endloop
  endfacet
  facet normal -0 0 1
    outer loop
      vertex 19.548 10.4877 5.4
      vertex 19.6076 9.27429 5.4
      vertex 19.6076 10.7257 5.4
    endloop
  endfacet
  facet normal 0 0 1
    outer loop
      vertex 19.548 10.4877 5.4
      vertex 19.548 9.51227 5.4
      vertex 19.6076 9.27429 5.4
    endloop
  endfacet
  facet normal -0 0 1
    outer loop
      vertex 19.512 10.245 5.4
      vertex 19.548 9.51227 5.4
      vertex 19.548 10.4877 5.4
    endloop
  endfacet
  facet normal 0 0 1
    outer loop
      vertex 19.512 10.245 5.4
      vertex 19.512 9.75496 5.4
      vertex 19.548 9.51227 5.4
    endloop
  endfacet
  facet normal 0 -0 1
    outer loop
      vertex 19.512 9.75496 5.4
      vertex 19.512 10.245 5.4
      vertex 19.5 10 5.4
    endloop
  endfacet
  facet normal -0.671528 -0.740979 0
    outer loop
      vertex 20.2322 8.23223 2
      vertex 20.414 8.06747 5.4
      vertex 20.2322 8.23223 5.4
    endloop
  endfacet
  facet normal -0.671528 -0.740979 -0
    outer loop
      vertex 20.414 8.06747 5.4
      vertex 20.2322 8.23223 2
      vertex 20.414 8.06747 2
    endloop
  endfacet
  facet normal 0.595754 0.803167 -0
    outer loop
      vertex 23.586 11.9325 2
      vertex 23.3889 12.0787 5.4
      vertex 23.586 11.9325 5.4
    endloop
  endfacet
  facet normal 0.595754 0.803167 0
    outer loop
      vertex 23.3889 12.0787 5.4
      vertex 23.586 11.9325 2
      vertex 23.3889 12.0787 2
    endloop
  endfacet
  facet normal -0.514166 -0.857691 0
    outer loop
      vertex 20.6111 7.92133 2
      vertex 20.8215 7.7952 5.4
      vertex 20.6111 7.92133 5.4
    endloop
  endfacet
  facet normal -0.514166 -0.857691 -0
    outer loop
      vertex 20.8215 7.7952 5.4
      vertex 20.6111 7.92133 2
      vertex 20.8215 7.7952 2
    endloop
  endfacet
  facet normal 0.514076 0.857745 -0
    outer loop
      vertex 23.3889 12.0787 2
      vertex 23.1785 12.2048 5.4
      vertex 23.3889 12.0787 5.4
    endloop
  endfacet
  facet normal 0.514076 0.857745 0
    outer loop
      vertex 23.1785 12.2048 5.4
      vertex 23.3889 12.0787 2
      vertex 23.1785 12.2048 2
    endloop
  endfacet
  facet normal 0.146726 -0.989177 0
    outer loop
      vertex 22.245 7.51204 2
      vertex 22.4877 7.54804 5.4
      vertex 22.245 7.51204 5.4
    endloop
  endfacet
  facet normal 0.146726 -0.989177 0
    outer loop
      vertex 22.4877 7.54804 5.4
      vertex 22.245 7.51204 2
      vertex 22.4877 7.54804 2
    endloop
  endfacet
  facet normal 0.941613 0.336698 0
    outer loop
      vertex 24.3923 10.7257 5.4
      vertex 24.3097 10.9567 2
      vertex 24.3097 10.9567 5.4
    endloop
  endfacet
  facet normal 0.941613 0.336698 0
    outer loop
      vertex 24.3097 10.9567 2
      vertex 24.3923 10.7257 5.4
      vertex 24.3923 10.7257 2
    endloop
  endfacet
  facet normal 0.857788 -0.514004 0
    outer loop
      vertex 24.0787 8.61107 5.4
      vertex 24.2048 8.82151 2
      vertex 24.2048 8.82151 5.4
    endloop
  endfacet
  facet normal 0.857788 -0.514004 0
    outer loop
      vertex 24.2048 8.82151 2
      vertex 24.0787 8.61107 5.4
      vertex 24.0787 8.61107 2
    endloop
  endfacet
  facet normal -0.998803 -0.048913 0
    outer loop
      vertex 19.512 9.75496 2
      vertex 19.5 10 5.4
      vertex 19.5 10 2
    endloop
  endfacet
  facet normal -0.998803 -0.048913 0
    outer loop
      vertex 19.5 10 5.4
      vertex 19.512 9.75496 2
      vertex 19.512 9.75496 5.4
    endloop
  endfacet
  facet normal 0.941613 -0.336698 0
    outer loop
      vertex 24.3097 9.04329 5.4
      vertex 24.3923 9.27429 2
      vertex 24.3923 9.27429 5.4
    endloop
  endfacet
  facet normal 0.941613 -0.336698 0
    outer loop
      vertex 24.3923 9.27429 2
      vertex 24.3097 9.04329 5.4
      vertex 24.3097 9.04329 2
    endloop
  endfacet
  facet normal 0.741101 0.671394 0
    outer loop
      vertex 23.9325 11.586 5.4
      vertex 23.7678 11.7678 2
      vertex 23.7678 11.7678 5.4
    endloop
  endfacet
  facet normal 0.741101 0.671394 0
    outer loop
      vertex 23.7678 11.7678 2
      vertex 23.9325 11.586 5.4
      vertex 23.9325 11.586 2
    endloop
  endfacet
  facet normal 0.0489209 0.998803 -0
    outer loop
      vertex 22.245 12.488 2
      vertex 22 12.5 5.4
      vertex 22.245 12.488 5.4
    endloop
  endfacet
  facet normal 0.0489209 0.998803 0
    outer loop
      vertex 22 12.5 5.4
      vertex 22.245 12.488 2
      vertex 22 12.5 2
    endloop
  endfacet
  facet normal 0.903995 0.427543 0
    outer loop
      vertex 24.3097 10.9567 5.4
      vertex 24.2048 11.1785 2
      vertex 24.2048 11.1785 5.4
    endloop
  endfacet
  facet normal 0.903995 0.427543 0
    outer loop
      vertex 24.2048 11.1785 2
      vertex 24.3097 10.9567 5.4
      vertex 24.3097 10.9567 2
    endloop
  endfacet
  facet normal -0.146726 -0.989177 0
    outer loop
      vertex 21.5123 7.54804 2
      vertex 21.755 7.51204 5.4
      vertex 21.5123 7.54804 5.4
    endloop
  endfacet
  facet normal -0.146726 -0.989177 -0
    outer loop
      vertex 21.755 7.51204 5.4
      vertex 21.5123 7.54804 2
      vertex 21.755 7.51204 2
    endloop
  endfacet
  facet normal 0.671528 -0.740979 0
    outer loop
      vertex 23.586 8.06747 2
      vertex 23.7678 8.23223 5.4
      vertex 23.586 8.06747 5.4
    endloop
  endfacet
  facet normal 0.671528 -0.740979 0
    outer loop
      vertex 23.7678 8.23223 5.4
      vertex 23.586 8.06747 2
      vertex 23.7678 8.23223 2
    endloop
  endfacet
  facet normal -0.0490836 -0.998795 0
    outer loop
      vertex 21.755 7.51204 2
      vertex 22 7.5 5.4
      vertex 21.755 7.51204 5.4
    endloop
  endfacet
  facet normal -0.0490836 -0.998795 -0
    outer loop
      vertex 22 7.5 5.4
      vertex 21.755 7.51204 2
      vertex 22 7.5 2
    endloop
  endfacet
  facet normal -0.741101 0.671394 0
    outer loop
      vertex 20.0675 11.586 2
      vertex 20.2322 11.7678 5.4
      vertex 20.2322 11.7678 2
    endloop
  endfacet
  facet normal -0.741101 0.671394 0
    outer loop
      vertex 20.2322 11.7678 5.4
      vertex 20.0675 11.586 2
      vertex 20.0675 11.586 5.4
    endloop
  endfacet
  facet normal -0.146726 0.989177 0
    outer loop
      vertex 21.755 12.488 2
      vertex 21.5123 12.452 5.4
      vertex 21.755 12.488 5.4
    endloop
  endfacet
  facet normal -0.146726 0.989177 0
    outer loop
      vertex 21.5123 12.452 5.4
      vertex 21.755 12.488 2
      vertex 21.5123 12.452 2
    endloop
  endfacet
  facet normal -0.903995 0.427543 0
    outer loop
      vertex 19.6903 10.9567 2
      vertex 19.7952 11.1785 5.4
      vertex 19.7952 11.1785 2
    endloop
  endfacet
  facet normal -0.903995 0.427543 0
    outer loop
      vertex 19.7952 11.1785 5.4
      vertex 19.6903 10.9567 2
      vertex 19.6903 10.9567 5.4
    endloop
  endfacet
  facet normal -0.970047 0.242919 0
    outer loop
      vertex 19.548 10.4877 2
      vertex 19.6076 10.7257 5.4
      vertex 19.6076 10.7257 2
    endloop
  endfacet
  facet normal -0.970047 0.242919 0
    outer loop
      vertex 19.6076 10.7257 5.4
      vertex 19.548 10.4877 2
      vertex 19.548 10.4877 5.4
    endloop
  endfacet
  facet normal 0.242919 0.970047 -0
    outer loop
      vertex 22.7257 12.3924 2
      vertex 22.4877 12.452 5.4
      vertex 22.7257 12.3924 5.4
    endloop
  endfacet
  facet normal 0.242919 0.970047 0
    outer loop
      vertex 22.4877 12.452 5.4
      vertex 22.7257 12.3924 2
      vertex 22.4877 12.452 2
    endloop
  endfacet
  facet normal -0.970042 -0.242938 0
    outer loop
      vertex 19.6076 9.27429 2
      vertex 19.548 9.51227 5.4
      vertex 19.548 9.51227 2
    endloop
  endfacet
  facet normal -0.970042 -0.242938 0
    outer loop
      vertex 19.548 9.51227 5.4
      vertex 19.6076 9.27429 2
      vertex 19.6076 9.27429 5.4
    endloop
  endfacet
  facet normal -0.427543 -0.903995 0
    outer loop
      vertex 20.8215 7.7952 2
      vertex 21.0433 7.6903 5.4
      vertex 20.8215 7.7952 5.4
    endloop
  endfacet
  facet normal -0.427543 -0.903995 -0
    outer loop
      vertex 21.0433 7.6903 5.4
      vertex 20.8215 7.7952 2
      vertex 21.0433 7.6903 2
    endloop
  endfacet
  facet normal -0.741083 -0.671414 0
    outer loop
      vertex 20.2322 8.23223 2
      vertex 20.0675 8.41402 5.4
      vertex 20.0675 8.41402 2
    endloop
  endfacet
  facet normal -0.741083 -0.671414 0
    outer loop
      vertex 20.0675 8.41402 5.4
      vertex 20.2322 8.23223 2
      vertex 20.2322 8.23223 5.4
    endloop
  endfacet
  facet normal 0.0490836 -0.998795 0
    outer loop
      vertex 22 7.5 2
      vertex 22.245 7.51204 5.4
      vertex 22 7.5 5.4
    endloop
  endfacet
  facet normal 0.0490836 -0.998795 0
    outer loop
      vertex 22.245 7.51204 5.4
      vertex 22 7.5 2
      vertex 22.245 7.51204 2
    endloop
  endfacet
  facet normal -0.989176 -0.146732 0
    outer loop
      vertex 19.548 9.51227 2
      vertex 19.512 9.75496 5.4
      vertex 19.512 9.75496 2
    endloop
  endfacet
  facet normal -0.989176 -0.146732 0
    outer loop
      vertex 19.512 9.75496 5.4
      vertex 19.548 9.51227 2
      vertex 19.548 9.51227 5.4
    endloop
  endfacet
  facet normal 0.595596 -0.803284 0
    outer loop
      vertex 23.3889 7.92133 2
      vertex 23.586 8.06747 5.4
      vertex 23.3889 7.92133 5.4
    endloop
  endfacet
  facet normal 0.595596 -0.803284 0
    outer loop
      vertex 23.586 8.06747 5.4
      vertex 23.3889 7.92133 2
      vertex 23.586 8.06747 2
    endloop
  endfacet
  facet normal -0.803095 -0.595851 0
    outer loop
      vertex 20.0675 8.41402 2
      vertex 19.9213 8.61107 5.4
      vertex 19.9213 8.61107 2
    endloop
  endfacet
  facet normal -0.803095 -0.595851 0
    outer loop
      vertex 19.9213 8.61107 5.4
      vertex 20.0675 8.41402 2
      vertex 20.0675 8.41402 5.4
    endloop
  endfacet
  facet normal -0.998803 0.0489209 0
    outer loop
      vertex 19.5 10 2
      vertex 19.512 10.245 5.4
      vertex 19.512 10.245 2
    endloop
  endfacet
  facet normal -0.998803 0.0489209 0
    outer loop
      vertex 19.512 10.245 5.4
      vertex 19.5 10 2
      vertex 19.5 10 5.4
    endloop
  endfacet
  facet normal 0.741083 -0.671414 0
    outer loop
      vertex 23.7678 8.23223 5.4
      vertex 23.9325 8.41402 2
      vertex 23.9325 8.41402 5.4
    endloop
  endfacet
  facet normal 0.741083 -0.671414 0
    outer loop
      vertex 23.9325 8.41402 2
      vertex 23.7678 8.23223 5.4
      vertex 23.7678 8.23223 2
    endloop
  endfacet
  facet normal -0.336879 -0.941548 0
    outer loop
      vertex 53.0433 7.6903 2
      vertex 53.2743 7.60765 5.4
      vertex 53.0433 7.6903 5.4
    endloop
  endfacet
  facet normal -0.336879 -0.941548 -0
    outer loop
      vertex 53.2743 7.60765 5.4
      vertex 53.0433 7.6903 2
      vertex 53.2743 7.60765 2
    endloop
  endfacet
  facet normal 0.989177 0.146726 0
    outer loop
      vertex 56.488 10.245 5.4
      vertex 56.452 10.4877 2
      vertex 56.452 10.4877 5.4
    endloop
  endfacet
  facet normal 0.989177 0.146726 0
    outer loop
      vertex 56.452 10.4877 2
      vertex 56.488 10.245 5.4
      vertex 56.488 10.245 2
    endloop
  endfacet
  facet normal 0.998803 0.0489209 0
    outer loop
      vertex 56.5 10 5.4
      vertex 56.488 10.245 2
      vertex 56.488 10.245 5.4
    endloop
  endfacet
  facet normal 0.998803 0.0489209 0
    outer loop
      vertex 56.488 10.245 2
      vertex 56.5 10 5.4
      vertex 56.5 10 2
    endloop
  endfacet
  facet normal 0.96995 0.243303 0
    outer loop
      vertex 56.452 10.4877 5.4
      vertex 56.3923 10.7257 2
      vertex 56.3923 10.7257 5.4
    endloop
  endfacet
  facet normal 0.96995 0.243303 0
    outer loop
      vertex 56.3923 10.7257 2
      vertex 56.452 10.4877 5.4
      vertex 56.452 10.4877 2
    endloop
  endfacet
  facet normal -0.989177 0.146726 0
    outer loop
      vertex 51.512 10.245 2
      vertex 51.548 10.4877 5.4
      vertex 51.548 10.4877 2
    endloop
  endfacet
  facet normal -0.989177 0.146726 0
    outer loop
      vertex 51.548 10.4877 5.4
      vertex 51.512 10.245 2
      vertex 51.512 10.245 5.4
    endloop
  endfacet
  facet normal -0.242958 -0.970037 0
    outer loop
      vertex 53.2743 7.60765 2
      vertex 53.5123 7.54804 5.4
      vertex 53.2743 7.60765 5.4
    endloop
  endfacet
  facet normal -0.242958 -0.970037 -0
    outer loop
      vertex 53.5123 7.54804 5.4
      vertex 53.2743 7.60765 2
      vertex 53.5123 7.54804 2
    endloop
  endfacet
  facet normal 0.337059 0.941483 -0
    outer loop
      vertex 54.9567 12.3097 2
      vertex 54.7257 12.3924 5.4
      vertex 54.9567 12.3097 5.4
    endloop
  endfacet
  facet normal 0.337059 0.941483 0
    outer loop
      vertex 54.7257 12.3924 5.4
      vertex 54.9567 12.3097 2
      vertex 54.7257 12.3924 2
    endloop
  endfacet
  facet normal -0.514076 0.857745 0
    outer loop
      vertex 52.8215 12.2048 2
      vertex 52.6111 12.0787 5.4
      vertex 52.8215 12.2048 5.4
    endloop
  endfacet
  facet normal -0.514076 0.857745 0
    outer loop
      vertex 52.6111 12.0787 5.4
      vertex 52.8215 12.2048 2
      vertex 52.6111 12.0787 2
    endloop
  endfacet
  facet normal -0.90398 -0.427575 0
    outer loop
      vertex 51.7952 8.82151 2
      vertex 51.6903 9.04329 5.4
      vertex 51.6903 9.04329 2
    endloop
  endfacet
  facet normal -0.90398 -0.427575 0
    outer loop
      vertex 51.6903 9.04329 5.4
      vertex 51.7952 8.82151 2
      vertex 51.7952 8.82151 5.4
    endloop
  endfacet
  facet normal -0.242919 0.970047 0
    outer loop
      vertex 53.5123 12.452 2
      vertex 53.2743 12.3924 5.4
      vertex 53.5123 12.452 5.4
    endloop
  endfacet
  facet normal -0.242919 0.970047 0
    outer loop
      vertex 53.2743 12.3924 5.4
      vertex 53.5123 12.452 2
      vertex 53.2743 12.3924 2
    endloop
  endfacet
  facet normal -0.857788 -0.514004 0
    outer loop
      vertex 51.9213 8.61107 2
      vertex 51.7952 8.82151 5.4
      vertex 51.7952 8.82151 2
    endloop
  endfacet
  facet normal -0.857788 -0.514004 0
    outer loop
      vertex 51.7952 8.82151 5.4
      vertex 51.9213 8.61107 2
      vertex 51.9213 8.61107 5.4
    endloop
  endfacet
  facet normal 0.242958 -0.970037 0
    outer loop
      vertex 54.4877 7.54804 2
      vertex 54.7257 7.60765 5.4
      vertex 54.4877 7.54804 5.4
    endloop
  endfacet
  facet normal 0.242958 -0.970037 0
    outer loop
      vertex 54.7257 7.60765 5.4
      vertex 54.4877 7.54804 2
      vertex 54.7257 7.60765 2
    endloop
  endfacet
  facet normal -0.595596 -0.803284 0
    outer loop
      vertex 52.414 8.06747 2
      vertex 52.6111 7.92133 5.4
      vertex 52.414 8.06747 5.4
    endloop
  endfacet
  facet normal -0.595596 -0.803284 -0
    outer loop
      vertex 52.6111 7.92133 5.4
      vertex 52.414 8.06747 2
      vertex 52.6111 7.92133 2
    endloop
  endfacet
  facet normal 0.514166 -0.857691 0
    outer loop
      vertex 55.1785 7.7952 2
      vertex 55.3889 7.92133 5.4
      vertex 55.1785 7.7952 5.4
    endloop
  endfacet
  facet normal 0.514166 -0.857691 0
    outer loop
      vertex 55.3889 7.92133 5.4
      vertex 55.1785 7.7952 2
      vertex 55.3889 7.92133 2
    endloop
  endfacet
  facet normal 0.803095 -0.595851 0
    outer loop
      vertex 55.9325 8.41402 5.4
      vertex 56.0787 8.61107 2
      vertex 56.0787 8.61107 5.4
    endloop
  endfacet
  facet normal 0.803095 -0.595851 0
    outer loop
      vertex 56.0787 8.61107 2
      vertex 55.9325 8.41402 5.4
      vertex 55.9325 8.41402 2
    endloop
  endfacet
  facet normal 0.146726 0.989177 -0
    outer loop
      vertex 54.4877 12.452 2
      vertex 54.245 12.488 5.4
      vertex 54.4877 12.452 5.4
    endloop
  endfacet
  facet normal 0.146726 0.989177 0
    outer loop
      vertex 54.245 12.488 5.4
      vertex 54.4877 12.452 2
      vertex 54.245 12.488 2
    endloop
  endfacet
  facet normal -0.595754 0.803167 0
    outer loop
      vertex 52.6111 12.0787 2
      vertex 52.414 11.9325 5.4
      vertex 52.6111 12.0787 5.4
    endloop
  endfacet
  facet normal -0.595754 0.803167 0
    outer loop
      vertex 52.414 11.9325 5.4
      vertex 52.6111 12.0787 2
      vertex 52.414 11.9325 2
    endloop
  endfacet
  facet normal -0.803167 0.595754 0
    outer loop
      vertex 51.9213 11.3889 2
      vertex 52.0675 11.586 5.4
      vertex 52.0675 11.586 2
    endloop
  endfacet
  facet normal -0.803167 0.595754 0
    outer loop
      vertex 52.0675 11.586 5.4
      vertex 51.9213 11.3889 2
      vertex 51.9213 11.3889 5.4
    endloop
  endfacet
  facet normal 0.989176 -0.146732 0
    outer loop
      vertex 56.452 9.51227 5.4
      vertex 56.488 9.75496 2
      vertex 56.488 9.75496 5.4
    endloop
  endfacet
  facet normal 0.989176 -0.146732 0
    outer loop
      vertex 56.488 9.75496 2
      vertex 56.452 9.51227 5.4
      vertex 56.452 9.51227 2
    endloop
  endfacet
  facet normal -0.941613 0.336698 0
    outer loop
      vertex 51.6077 10.7257 2
      vertex 51.6903 10.9567 5.4
      vertex 51.6903 10.9567 2
    endloop
  endfacet
  facet normal -0.941613 0.336698 0
    outer loop
      vertex 51.6903 10.9567 5.4
      vertex 51.6077 10.7257 2
      vertex 51.6077 10.7257 5.4
    endloop
  endfacet
  facet normal 0.427543 0.903995 -0
    outer loop
      vertex 55.1785 12.2048 2
      vertex 54.9567 12.3097 5.4
      vertex 55.1785 12.2048 5.4
    endloop
  endfacet
  facet normal 0.427543 0.903995 0
    outer loop
      vertex 54.9567 12.3097 5.4
      vertex 55.1785 12.2048 2
      vertex 54.9567 12.3097 2
    endloop
  endfacet
  facet normal -0.941613 -0.336698 0
    outer loop
      vertex 51.6903 9.04329 2
      vertex 51.6077 9.27429 5.4
      vertex 51.6077 9.27429 2
    endloop
  endfacet
  facet normal -0.941613 -0.336698 0
    outer loop
      vertex 51.6077 9.27429 5.4
      vertex 51.6903 9.04329 2
      vertex 51.6903 9.04329 5.4
    endloop
  endfacet
  facet normal 0.969946 -0.243322 0
    outer loop
      vertex 56.3923 9.27429 5.4
      vertex 56.452 9.51227 2
      vertex 56.452 9.51227 5.4
    endloop
  endfacet
  facet normal 0.969946 -0.243322 0
    outer loop
      vertex 56.452 9.51227 2
      vertex 56.3923 9.27429 5.4
      vertex 56.3923 9.27429 2
    endloop
  endfacet
  facet normal -0.0489209 0.998803 0
    outer loop
      vertex 54 12.5 2
      vertex 53.755 12.488 5.4
      vertex 54 12.5 5.4
    endloop
  endfacet
  facet normal -0.0489209 0.998803 0
    outer loop
      vertex 53.755 12.488 5.4
      vertex 54 12.5 2
      vertex 53.755 12.488 2
    endloop
  endfacet
  facet normal -0.427543 0.903995 0
    outer loop
      vertex 53.0433 12.3097 2
      vertex 52.8215 12.2048 5.4
      vertex 53.0433 12.3097 5.4
    endloop
  endfacet
  facet normal -0.427543 0.903995 0
    outer loop
      vertex 52.8215 12.2048 5.4
      vertex 53.0433 12.3097 2
      vertex 52.8215 12.2048 2
    endloop
  endfacet
  facet normal -0.671394 0.741101 0
    outer loop
      vertex 52.414 11.9325 2
      vertex 52.2322 11.7678 5.4
      vertex 52.414 11.9325 5.4
    endloop
  endfacet
  facet normal -0.671394 0.741101 0
    outer loop
      vertex 52.2322 11.7678 5.4
      vertex 52.414 11.9325 2
      vertex 52.2322 11.7678 2
    endloop
  endfacet
  facet normal 0.336879 -0.941548 0
    outer loop
      vertex 54.7257 7.60765 2
      vertex 54.9567 7.6903 5.4
      vertex 54.7257 7.60765 5.4
    endloop
  endfacet
  facet normal 0.336879 -0.941548 0
    outer loop
      vertex 54.9567 7.6903 5.4
      vertex 54.7257 7.60765 2
      vertex 54.9567 7.6903 2
    endloop
  endfacet
  facet normal -0.337059 0.941483 0
    outer loop
      vertex 53.2743 12.3924 2
      vertex 53.0433 12.3097 5.4
      vertex 53.2743 12.3924 5.4
    endloop
  endfacet
  facet normal -0.337059 0.941483 0
    outer loop
      vertex 53.0433 12.3097 5.4
      vertex 53.2743 12.3924 2
      vertex 53.0433 12.3097 2
    endloop
  endfacet
  facet normal 0.803167 0.595754 0
    outer loop
      vertex 56.0787 11.3889 5.4
      vertex 55.9325 11.586 2
      vertex 55.9325 11.586 5.4
    endloop
  endfacet
  facet normal 0.803167 0.595754 0
    outer loop
      vertex 55.9325 11.586 2
      vertex 56.0787 11.3889 5.4
      vertex 56.0787 11.3889 2
    endloop
  endfacet
  facet normal -0.857745 0.514076 0
    outer loop
      vertex 51.7952 11.1785 2
      vertex 51.9213 11.3889 5.4
      vertex 51.9213 11.3889 2
    endloop
  endfacet
  facet normal -0.857745 0.514076 0
    outer loop
      vertex 51.9213 11.3889 5.4
      vertex 51.7952 11.1785 2
      vertex 51.7952 11.1785 5.4
    endloop
  endfacet
  facet normal 0.998803 -0.048913 0
    outer loop
      vertex 56.488 9.75496 5.4
      vertex 56.5 10 2
      vertex 56.5 10 5.4
    endloop
  endfacet
  facet normal 0.998803 -0.048913 0
    outer loop
      vertex 56.5 10 2
      vertex 56.488 9.75496 5.4
      vertex 56.488 9.75496 2
    endloop
  endfacet
  facet normal 0.90398 -0.427575 0
    outer loop
      vertex 56.2048 8.82151 5.4
      vertex 56.3097 9.04329 2
      vertex 56.3097 9.04329 5.4
    endloop
  endfacet
  facet normal 0.90398 -0.427575 0
    outer loop
      vertex 56.3097 9.04329 2
      vertex 56.2048 8.82151 5.4
      vertex 56.2048 8.82151 2
    endloop
  endfacet
  facet normal 0 0 1
    outer loop
      vertex 56.488 10.245 5.4
      vertex 56.488 9.75496 5.4
      vertex 56.5 10 5.4
    endloop
  endfacet
  facet normal 0 0 1
    outer loop
      vertex 56.452 10.4877 5.4
      vertex 56.488 9.75496 5.4
      vertex 56.488 10.245 5.4
    endloop
  endfacet
  facet normal 0 0 1
    outer loop
      vertex 56.452 10.4877 5.4
      vertex 56.452 9.51227 5.4
      vertex 56.488 9.75496 5.4
    endloop
  endfacet
  facet normal 0 0 1
    outer loop
      vertex 56.3923 10.7257 5.4
      vertex 56.452 9.51227 5.4
      vertex 56.452 10.4877 5.4
    endloop
  endfacet
  facet normal 0 0 1
    outer loop
      vertex 56.3923 10.7257 5.4
      vertex 56.3923 9.27429 5.4
      vertex 56.452 9.51227 5.4
    endloop
  endfacet
  facet normal 0 0 1
    outer loop
      vertex 56.3097 10.9567 5.4
      vertex 56.3923 9.27429 5.4
      vertex 56.3923 10.7257 5.4
    endloop
  endfacet
  facet normal 0 0 1
    outer loop
      vertex 56.3097 10.9567 5.4
      vertex 56.3097 9.04329 5.4
      vertex 56.3923 9.27429 5.4
    endloop
  endfacet
  facet normal 0 0 1
    outer loop
      vertex 56.2048 11.1785 5.4
      vertex 56.3097 9.04329 5.4
      vertex 56.3097 10.9567 5.4
    endloop
  endfacet
  facet normal 0 0 1
    outer loop
      vertex 56.2048 11.1785 5.4
      vertex 56.2048 8.82151 5.4
      vertex 56.3097 9.04329 5.4
    endloop
  endfacet
  facet normal 0 0 1
    outer loop
      vertex 56.0787 11.3889 5.4
      vertex 56.2048 8.82151 5.4
      vertex 56.2048 11.1785 5.4
    endloop
  endfacet
  facet normal 0 0 1
    outer loop
      vertex 56.0787 11.3889 5.4
      vertex 56.0787 8.61107 5.4
      vertex 56.2048 8.82151 5.4
    endloop
  endfacet
  facet normal 0 0 1
    outer loop
      vertex 55.9325 11.586 5.4
      vertex 56.0787 8.61107 5.4
      vertex 56.0787 11.3889 5.4
    endloop
  endfacet
  facet normal 0 0 1
    outer loop
      vertex 55.9325 11.586 5.4
      vertex 55.9325 8.41402 5.4
      vertex 56.0787 8.61107 5.4
    endloop
  endfacet
  facet normal 0 0 1
    outer loop
      vertex 55.7678 11.7678 5.4
      vertex 55.9325 8.41402 5.4
      vertex 55.9325 11.586 5.4
    endloop
  endfacet
  facet normal 0 0 1
    outer loop
      vertex 55.7678 11.7678 5.4
      vertex 55.7678 8.23223 5.4
      vertex 55.9325 8.41402 5.4
    endloop
  endfacet
  facet normal 0 0 1
    outer loop
      vertex 55.586 11.9325 5.4
      vertex 55.7678 8.23223 5.4
      vertex 55.7678 11.7678 5.4
    endloop
  endfacet
  facet normal 0 0 1
    outer loop
      vertex 55.586 11.9325 5.4
      vertex 55.586 8.06747 5.4
      vertex 55.7678 8.23223 5.4
    endloop
  endfacet
  facet normal 0 0 1
    outer loop
      vertex 55.3889 12.0787 5.4
      vertex 55.586 8.06747 5.4
      vertex 55.586 11.9325 5.4
    endloop
  endfacet
  facet normal 0 0 1
    outer loop
      vertex 55.3889 12.0787 5.4
      vertex 55.3889 7.92133 5.4
      vertex 55.586 8.06747 5.4
    endloop
  endfacet
  facet normal 0 0 1
    outer loop
      vertex 55.1785 12.2048 5.4
      vertex 55.3889 7.92133 5.4
      vertex 55.3889 12.0787 5.4
    endloop
  endfacet
  facet normal 0 0 1
    outer loop
      vertex 55.1785 12.2048 5.4
      vertex 55.1785 7.7952 5.4
      vertex 55.3889 7.92133 5.4
    endloop
  endfacet
  facet normal 0 0 1
    outer loop
      vertex 54.9567 12.3097 5.4
      vertex 55.1785 7.7952 5.4
      vertex 55.1785 12.2048 5.4
    endloop
  endfacet
  facet normal 0 0 1
    outer loop
      vertex 54.9567 12.3097 5.4
      vertex 54.9567 7.6903 5.4
      vertex 55.1785 7.7952 5.4
    endloop
  endfacet
  facet normal 0 0 1
    outer loop
      vertex 54.7257 12.3924 5.4
      vertex 54.9567 7.6903 5.4
      vertex 54.9567 12.3097 5.4
    endloop
  endfacet
  facet normal 0 0 1
    outer loop
      vertex 54.7257 12.3924 5.4
      vertex 54.7257 7.60765 5.4
      vertex 54.9567 7.6903 5.4
    endloop
  endfacet
  facet normal 0 0 1
    outer loop
      vertex 54.4877 12.452 5.4
      vertex 54.7257 7.60765 5.4
      vertex 54.7257 12.3924 5.4
    endloop
  endfacet
  facet normal 0 0 1
    outer loop
      vertex 54.4877 12.452 5.4
      vertex 54.4877 7.54804 5.4
      vertex 54.7257 7.60765 5.4
    endloop
  endfacet
  facet normal 0 0 1
    outer loop
      vertex 54.245 12.488 5.4
      vertex 54.4877 7.54804 5.4
      vertex 54.4877 12.452 5.4
    endloop
  endfacet
  facet normal 0 0 1
    outer loop
      vertex 54.245 12.488 5.4
      vertex 54.245 7.51204 5.4
      vertex 54.4877 7.54804 5.4
    endloop
  endfacet
  facet normal 0 0 1
    outer loop
      vertex 54 12.5 5.4
      vertex 54.245 7.51204 5.4
      vertex 54.245 12.488 5.4
    endloop
  endfacet
  facet normal 0 0 1
    outer loop
      vertex 54 12.5 5.4
      vertex 54 7.5 5.4
      vertex 54.245 7.51204 5.4
    endloop
  endfacet
  facet normal -0 0 1
    outer loop
      vertex 53.755 12.488 5.4
      vertex 54 7.5 5.4
      vertex 54 12.5 5.4
    endloop
  endfacet
  facet normal 0 0 1
    outer loop
      vertex 53.755 12.488 5.4
      vertex 53.755 7.51204 5.4
      vertex 54 7.5 5.4
    endloop
  endfacet
  facet normal -0 0 1
    outer loop
      vertex 53.5123 12.452 5.4
      vertex 53.755 7.51204 5.4
      vertex 53.755 12.488 5.4
    endloop
  endfacet
  facet normal 0 0 1
    outer loop
      vertex 53.5123 12.452 5.4
      vertex 53.5123 7.54804 5.4
      vertex 53.755 7.51204 5.4
    endloop
  endfacet
  facet normal -0 0 1
    outer loop
      vertex 53.2743 12.3924 5.4
      vertex 53.5123 7.54804 5.4
      vertex 53.5123 12.452 5.4
    endloop
  endfacet
  facet normal 0 0 1
    outer loop
      vertex 53.2743 12.3924 5.4
      vertex 53.2743 7.60765 5.4
      vertex 53.5123 7.54804 5.4
    endloop
  endfacet
  facet normal -0 0 1
    outer loop
      vertex 53.0433 12.3097 5.4
      vertex 53.2743 7.60765 5.4
      vertex 53.2743 12.3924 5.4
    endloop
  endfacet
  facet normal 0 0 1
    outer loop
      vertex 53.0433 12.3097 5.4
      vertex 53.0433 7.6903 5.4
      vertex 53.2743 7.60765 5.4
    endloop
  endfacet
  facet normal -0 0 1
    outer loop
      vertex 52.8215 12.2048 5.4
      vertex 53.0433 7.6903 5.4
      vertex 53.0433 12.3097 5.4
    endloop
  endfacet
  facet normal 0 0 1
    outer loop
      vertex 52.8215 12.2048 5.4
      vertex 52.8215 7.7952 5.4
      vertex 53.0433 7.6903 5.4
    endloop
  endfacet
  facet normal -0 0 1
    outer loop
      vertex 52.6111 12.0787 5.4
      vertex 52.8215 7.7952 5.4
      vertex 52.8215 12.2048 5.4
    endloop
  endfacet
  facet normal 0 0 1
    outer loop
      vertex 52.6111 12.0787 5.4
      vertex 52.6111 7.92133 5.4
      vertex 52.8215 7.7952 5.4
    endloop
  endfacet
  facet normal -0 0 1
    outer loop
      vertex 52.414 11.9325 5.4
      vertex 52.6111 7.92133 5.4
      vertex 52.6111 12.0787 5.4
    endloop
  endfacet
  facet normal 0 0 1
    outer loop
      vertex 52.414 11.9325 5.4
      vertex 52.414 8.06747 5.4
      vertex 52.6111 7.92133 5.4
    endloop
  endfacet
  facet normal -0 0 1
    outer loop
      vertex 52.2322 11.7678 5.4
      vertex 52.414 8.06747 5.4
      vertex 52.414 11.9325 5.4
    endloop
  endfacet
  facet normal 0 0 1
    outer loop
      vertex 52.2322 11.7678 5.4
      vertex 52.2322 8.23223 5.4
      vertex 52.414 8.06747 5.4
    endloop
  endfacet
  facet normal -0 0 1
    outer loop
      vertex 52.0675 11.586 5.4
      vertex 52.2322 8.23223 5.4
      vertex 52.2322 11.7678 5.4
    endloop
  endfacet
  facet normal 0 0 1
    outer loop
      vertex 52.0675 11.586 5.4
      vertex 52.0675 8.41402 5.4
      vertex 52.2322 8.23223 5.4
    endloop
  endfacet
  facet normal -0 0 1
    outer loop
      vertex 51.9213 11.3889 5.4
      vertex 52.0675 8.41402 5.4
      vertex 52.0675 11.586 5.4
    endloop
  endfacet
  facet normal 0 0 1
    outer loop
      vertex 51.9213 11.3889 5.4
      vertex 51.9213 8.61107 5.4
      vertex 52.0675 8.41402 5.4
    endloop
  endfacet
  facet normal -0 0 1
    outer loop
      vertex 51.7952 11.1785 5.4
      vertex 51.9213 8.61107 5.4
      vertex 51.9213 11.3889 5.4
    endloop
  endfacet
  facet normal 0 0 1
    outer loop
      vertex 51.7952 11.1785 5.4
      vertex 51.7952 8.82151 5.4
      vertex 51.9213 8.61107 5.4
    endloop
  endfacet
  facet normal -0 0 1
    outer loop
      vertex 51.6903 10.9567 5.4
      vertex 51.7952 8.82151 5.4
      vertex 51.7952 11.1785 5.4
    endloop
  endfacet
  facet normal 0 0 1
    outer loop
      vertex 51.6903 10.9567 5.4
      vertex 51.6903 9.04329 5.4
      vertex 51.7952 8.82151 5.4
    endloop
  endfacet
  facet normal -0 0 1
    outer loop
      vertex 51.6077 10.7257 5.4
      vertex 51.6903 9.04329 5.4
      vertex 51.6903 10.9567 5.4
    endloop
  endfacet
  facet normal 0 0 1
    outer loop
      vertex 51.6077 10.7257 5.4
      vertex 51.6077 9.27429 5.4
      vertex 51.6903 9.04329 5.4
    endloop
  endfacet
  facet normal -0 0 1
    outer loop
      vertex 51.548 10.4877 5.4
      vertex 51.6077 9.27429 5.4
      vertex 51.6077 10.7257 5.4
    endloop
  endfacet
  facet normal 0 0 1
    outer loop
      vertex 51.548 10.4877 5.4
      vertex 51.548 9.51227 5.4
      vertex 51.6077 9.27429 5.4
    endloop
  endfacet
  facet normal -0 0 1
    outer loop
      vertex 51.512 10.245 5.4
      vertex 51.548 9.51227 5.4
      vertex 51.548 10.4877 5.4
    endloop
  endfacet
  facet normal 0 0 1
    outer loop
      vertex 51.512 10.245 5.4
      vertex 51.512 9.75496 5.4
      vertex 51.548 9.51227 5.4
    endloop
  endfacet
  facet normal 0 -0 1
    outer loop
      vertex 51.512 9.75496 5.4
      vertex 51.512 10.245 5.4
      vertex 51.5 10 5.4
    endloop
  endfacet
  facet normal 0.595754 0.803167 -0
    outer loop
      vertex 55.586 11.9325 2
      vertex 55.3889 12.0787 5.4
      vertex 55.586 11.9325 5.4
    endloop
  endfacet
  facet normal 0.595754 0.803167 0
    outer loop
      vertex 55.3889 12.0787 5.4
      vertex 55.586 11.9325 2
      vertex 55.3889 12.0787 2
    endloop
  endfacet
  facet normal -0.514166 -0.857691 0
    outer loop
      vertex 52.6111 7.92133 2
      vertex 52.8215 7.7952 5.4
      vertex 52.6111 7.92133 5.4
    endloop
  endfacet
  facet normal -0.514166 -0.857691 -0
    outer loop
      vertex 52.8215 7.7952 5.4
      vertex 52.6111 7.92133 2
      vertex 52.8215 7.7952 2
    endloop
  endfacet
  facet normal 0.514076 0.857745 -0
    outer loop
      vertex 55.3889 12.0787 2
      vertex 55.1785 12.2048 5.4
      vertex 55.3889 12.0787 5.4
    endloop
  endfacet
  facet normal 0.514076 0.857745 0
    outer loop
      vertex 55.1785 12.2048 5.4
      vertex 55.3889 12.0787 2
      vertex 55.1785 12.2048 2
    endloop
  endfacet
  facet normal 0.146726 -0.989177 0
    outer loop
      vertex 54.245 7.51204 2
      vertex 54.4877 7.54804 5.4
      vertex 54.245 7.51204 5.4
    endloop
  endfacet
  facet normal 0.146726 -0.989177 0
    outer loop
      vertex 54.4877 7.54804 5.4
      vertex 54.245 7.51204 2
      vertex 54.4877 7.54804 2
    endloop
  endfacet
  facet normal 0.941613 0.336698 0
    outer loop
      vertex 56.3923 10.7257 5.4
      vertex 56.3097 10.9567 2
      vertex 56.3097 10.9567 5.4
    endloop
  endfacet
  facet normal 0.941613 0.336698 0
    outer loop
      vertex 56.3097 10.9567 2
      vertex 56.3923 10.7257 5.4
      vertex 56.3923 10.7257 2
    endloop
  endfacet
  facet normal 0.857788 -0.514004 0
    outer loop
      vertex 56.0787 8.61107 5.4
      vertex 56.2048 8.82151 2
      vertex 56.2048 8.82151 5.4
    endloop
  endfacet
  facet normal 0.857788 -0.514004 0
    outer loop
      vertex 56.2048 8.82151 2
      vertex 56.0787 8.61107 5.4
      vertex 56.0787 8.61107 2
    endloop
  endfacet
  facet normal -0.998803 -0.048913 0
    outer loop
      vertex 51.512 9.75496 2
      vertex 51.5 10 5.4
      vertex 51.5 10 2
    endloop
  endfacet
  facet normal -0.998803 -0.048913 0
    outer loop
      vertex 51.5 10 5.4
      vertex 51.512 9.75496 2
      vertex 51.512 9.75496 5.4
    endloop
  endfacet
  facet normal 0.941613 -0.336698 0
    outer loop
      vertex 56.3097 9.04329 5.4
      vertex 56.3923 9.27429 2
      vertex 56.3923 9.27429 5.4
    endloop
  endfacet
  facet normal 0.941613 -0.336698 0
    outer loop
      vertex 56.3923 9.27429 2
      vertex 56.3097 9.04329 5.4
      vertex 56.3097 9.04329 2
    endloop
  endfacet
  facet normal -0.146726 0.989177 0
    outer loop
      vertex 53.755 12.488 2
      vertex 53.5123 12.452 5.4
      vertex 53.755 12.488 5.4
    endloop
  endfacet
  facet normal -0.146726 0.989177 0
    outer loop
      vertex 53.5123 12.452 5.4
      vertex 53.755 12.488 2
      vertex 53.5123 12.452 2
    endloop
  endfacet
  facet normal 0.741101 0.671394 0
    outer loop
      vertex 55.9325 11.586 5.4
      vertex 55.7678 11.7678 2
      vertex 55.7678 11.7678 5.4
    endloop
  endfacet
  facet normal 0.741101 0.671394 0
    outer loop
      vertex 55.7678 11.7678 2
      vertex 55.9325 11.586 5.4
      vertex 55.9325 11.586 2
    endloop
  endfacet
  facet normal 0.0489209 0.998803 -0
    outer loop
      vertex 54.245 12.488 2
      vertex 54 12.5 5.4
      vertex 54.245 12.488 5.4
    endloop
  endfacet
  facet normal 0.0489209 0.998803 0
    outer loop
      vertex 54 12.5 5.4
      vertex 54.245 12.488 2
      vertex 54 12.5 2
    endloop
  endfacet
  facet normal 0.903995 0.427543 0
    outer loop
      vertex 56.3097 10.9567 5.4
      vertex 56.2048 11.1785 2
      vertex 56.2048 11.1785 5.4
    endloop
  endfacet
  facet normal 0.903995 0.427543 0
    outer loop
      vertex 56.2048 11.1785 2
      vertex 56.3097 10.9567 5.4
      vertex 56.3097 10.9567 2
    endloop
  endfacet
  facet normal -0.146726 -0.989177 0
    outer loop
      vertex 53.5123 7.54804 2
      vertex 53.755 7.51204 5.4
      vertex 53.5123 7.54804 5.4
    endloop
  endfacet
  facet normal -0.146726 -0.989177 -0
    outer loop
      vertex 53.755 7.51204 5.4
      vertex 53.5123 7.54804 2
      vertex 53.755 7.51204 2
    endloop
  endfacet
  facet normal 0.671528 -0.740979 0
    outer loop
      vertex 55.586 8.06747 2
      vertex 55.7678 8.23223 5.4
      vertex 55.586 8.06747 5.4
    endloop
  endfacet
  facet normal 0.671528 -0.740979 0
    outer loop
      vertex 55.7678 8.23223 5.4
      vertex 55.586 8.06747 2
      vertex 55.7678 8.23223 2
    endloop
  endfacet
  facet normal 0.857745 0.514076 0
    outer loop
      vertex 56.2048 11.1785 5.4
      vertex 56.0787 11.3889 2
      vertex 56.0787 11.3889 5.4
    endloop
  endfacet
  facet normal 0.857745 0.514076 0
    outer loop
      vertex 56.0787 11.3889 2
      vertex 56.2048 11.1785 5.4
      vertex 56.2048 11.1785 2
    endloop
  endfacet
  facet normal -0.0490836 -0.998795 0
    outer loop
      vertex 53.755 7.51204 2
      vertex 54 7.5 5.4
      vertex 53.755 7.51204 5.4
    endloop
  endfacet
  facet normal -0.0490836 -0.998795 -0
    outer loop
      vertex 54 7.5 5.4
      vertex 53.755 7.51204 2
      vertex 54 7.5 2
    endloop
  endfacet
  facet normal -0.741101 0.671394 0
    outer loop
      vertex 52.0675 11.586 2
      vertex 52.2322 11.7678 5.4
      vertex 52.2322 11.7678 2
    endloop
  endfacet
  facet normal -0.741101 0.671394 0
    outer loop
      vertex 52.2322 11.7678 5.4
      vertex 52.0675 11.586 2
      vertex 52.0675 11.586 5.4
    endloop
  endfacet
  facet normal 0.671394 0.741101 -0
    outer loop
      vertex 55.7678 11.7678 2
      vertex 55.586 11.9325 5.4
      vertex 55.7678 11.7678 5.4
    endloop
  endfacet
  facet normal 0.671394 0.741101 0
    outer loop
      vertex 55.586 11.9325 5.4
      vertex 55.7678 11.7678 2
      vertex 55.586 11.9325 2
    endloop
  endfacet
  facet normal -0.903995 0.427543 0
    outer loop
      vertex 51.6903 10.9567 2
      vertex 51.7952 11.1785 5.4
      vertex 51.7952 11.1785 2
    endloop
  endfacet
  facet normal -0.903995 0.427543 0
    outer loop
      vertex 51.7952 11.1785 5.4
      vertex 51.6903 10.9567 2
      vertex 51.6903 10.9567 5.4
    endloop
  endfacet
  facet normal -0.671528 -0.740979 0
    outer loop
      vertex 52.2322 8.23223 2
      vertex 52.414 8.06747 5.4
      vertex 52.2322 8.23223 5.4
    endloop
  endfacet
  facet normal -0.671528 -0.740979 -0
    outer loop
      vertex 52.414 8.06747 5.4
      vertex 52.2322 8.23223 2
      vertex 52.414 8.06747 2
    endloop
  endfacet
  facet normal -0.96995 0.243303 0
    outer loop
      vertex 51.548 10.4877 2
      vertex 51.6077 10.7257 5.4
      vertex 51.6077 10.7257 2
    endloop
  endfacet
  facet normal -0.96995 0.243303 0
    outer loop
      vertex 51.6077 10.7257 5.4
      vertex 51.548 10.4877 2
      vertex 51.548 10.4877 5.4
    endloop
  endfacet
  facet normal 0.242919 0.970047 -0
    outer loop
      vertex 54.7257 12.3924 2
      vertex 54.4877 12.452 5.4
      vertex 54.7257 12.3924 5.4
    endloop
  endfacet
  facet normal 0.242919 0.970047 0
    outer loop
      vertex 54.4877 12.452 5.4
      vertex 54.7257 12.3924 2
      vertex 54.4877 12.452 2
    endloop
  endfacet
  facet normal -0.969946 -0.243322 0
    outer loop
      vertex 51.6077 9.27429 2
      vertex 51.548 9.51227 5.4
      vertex 51.548 9.51227 2
    endloop
  endfacet
  facet normal -0.969946 -0.243322 0
    outer loop
      vertex 51.548 9.51227 5.4
      vertex 51.6077 9.27429 2
      vertex 51.6077 9.27429 5.4
    endloop
  endfacet
  facet normal -0.427543 -0.903995 0
    outer loop
      vertex 52.8215 7.7952 2
      vertex 53.0433 7.6903 5.4
      vertex 52.8215 7.7952 5.4
    endloop
  endfacet
  facet normal -0.427543 -0.903995 -0
    outer loop
      vertex 53.0433 7.6903 5.4
      vertex 52.8215 7.7952 2
      vertex 53.0433 7.6903 2
    endloop
  endfacet
  facet normal -0.741083 -0.671414 0
    outer loop
      vertex 52.2322 8.23223 2
      vertex 52.0675 8.41402 5.4
      vertex 52.0675 8.41402 2
    endloop
  endfacet
  facet normal -0.741083 -0.671414 0
    outer loop
      vertex 52.0675 8.41402 5.4
      vertex 52.2322 8.23223 2
      vertex 52.2322 8.23223 5.4
    endloop
  endfacet
  facet normal 0.427543 -0.903995 0
    outer loop
      vertex 54.9567 7.6903 2
      vertex 55.1785 7.7952 5.4
      vertex 54.9567 7.6903 5.4
    endloop
  endfacet
  facet normal 0.427543 -0.903995 0
    outer loop
      vertex 55.1785 7.7952 5.4
      vertex 54.9567 7.6903 2
      vertex 55.1785 7.7952 2
    endloop
  endfacet
  facet normal 0.0490836 -0.998795 0
    outer loop
      vertex 54 7.5 2
      vertex 54.245 7.51204 5.4
      vertex 54 7.5 5.4
    endloop
  endfacet
  facet normal 0.0490836 -0.998795 0
    outer loop
      vertex 54.245 7.51204 5.4
      vertex 54 7.5 2
      vertex 54.245 7.51204 2
    endloop
  endfacet
  facet normal -0.989176 -0.146732 0
    outer loop
      vertex 51.548 9.51227 2
      vertex 51.512 9.75496 5.4
      vertex 51.512 9.75496 2
    endloop
  endfacet
  facet normal -0.989176 -0.146732 0
    outer loop
      vertex 51.512 9.75496 5.4
      vertex 51.548 9.51227 2
      vertex 51.548 9.51227 5.4
    endloop
  endfacet
  facet normal 0.595596 -0.803284 0
    outer loop
      vertex 55.3889 7.92133 2
      vertex 55.586 8.06747 5.4
      vertex 55.3889 7.92133 5.4
    endloop
  endfacet
  facet normal 0.595596 -0.803284 0
    outer loop
      vertex 55.586 8.06747 5.4
      vertex 55.3889 7.92133 2
      vertex 55.586 8.06747 2
    endloop
  endfacet
  facet normal -0.803095 -0.595851 0
    outer loop
      vertex 52.0675 8.41402 2
      vertex 51.9213 8.61107 5.4
      vertex 51.9213 8.61107 2
    endloop
  endfacet
  facet normal -0.803095 -0.595851 0
    outer loop
      vertex 51.9213 8.61107 5.4
      vertex 52.0675 8.41402 2
      vertex 52.0675 8.41402 5.4
    endloop
  endfacet
  facet normal -0.998803 0.0489209 0
    outer loop
      vertex 51.5 10 2
      vertex 51.512 10.245 5.4
      vertex 51.512 10.245 2
    endloop
  endfacet
  facet normal -0.998803 0.0489209 0
    outer loop
      vertex 51.512 10.245 5.4
      vertex 51.5 10 2
      vertex 51.5 10 5.4
    endloop
  endfacet
  facet normal 0.741083 -0.671414 0
    outer loop
      vertex 55.7678 8.23223 5.4
      vertex 55.9325 8.41402 2
      vertex 55.9325 8.41402 5.4
    endloop
  endfacet
  facet normal 0.741083 -0.671414 0
    outer loop
      vertex 55.9325 8.41402 2
      vertex 55.7678 8.23223 5.4
      vertex 55.7678 8.23223 2
    endloop
  endfacet
  facet normal 0.741085 0.671411 0
    outer loop
      vertex 62.1701 78.4292 12.1597
      vertex 61.9263 78.6983 6.59
      vertex 61.9263 78.6983 12.2369
    endloop
  endfacet
  facet normal 0.741085 0.671411 0
    outer loop
      vertex 61.9263 78.6983 6.59
      vertex 62.1701 78.4292 12.1597
      vertex 62.1701 78.4292 6.59
    endloop
  endfacet
  facet normal 0.989169 0.146778 0
    outer loop
      vertex 62.9922 76.4446 11.5906
      vertex 62.9389 76.8038 2
      vertex 62.9389 76.8038 11.6936
    endloop
  endfacet
  facet normal 0.989169 0.146778 0
    outer loop
      vertex 62.9389 76.8038 2
      vertex 62.9922 76.4446 11.5906
      vertex 62.9922 76.4446 2
    endloop
  endfacet
  facet normal 0.998797 0.0490309 0
    outer loop
      vertex 63.01 76.082 11.4866
      vertex 62.9922 76.4446 2
      vertex 62.9922 76.4446 11.5906
    endloop
  endfacet
  facet normal 0.998797 0.0490309 0
    outer loop
      vertex 62.9922 76.4446 2
      vertex 63.01 76.082 11.4866
      vertex 63.01 76.082 2
    endloop
  endfacet
  facet normal 0.903962 -0.427613 0
    outer loop
      vertex 62.5731 74.3378 10.9865
      vertex 62.7284 74.6661 2
      vertex 62.7284 74.6661 11.0806
    endloop
  endfacet
  facet normal 0.903962 -0.427613 0
    outer loop
      vertex 62.7284 74.6661 2
      vertex 62.5731 74.3378 10.9865
      vertex 62.5731 74.3378 2
    endloop
  endfacet
  facet normal 0.595629 0.80326 0
    outer loop
      vertex 61.3656 79.1584 6.59
      vertex 61.6573 78.9421 12.3068
      vertex 61.6573 78.9421 6.59
    endloop
  endfacet
  facet normal 0.595629 0.80326 0
    outer loop
      vertex 61.6573 78.9421 12.3068
      vertex 61.3656 79.1584 6.59
      vertex 61.3656 79.1584 12.3688
    endloop
  endfacet
  facet normal 0.337139 0.941455 0
    outer loop
      vertex 60.3841 79.6227 6.59
      vertex 60.7259 79.5003 12.4668
      vertex 60.7259 79.5003 6.59
    endloop
  endfacet
  facet normal 0.337139 0.941455 0
    outer loop
      vertex 60.7259 79.5003 12.4668
      vertex 60.3841 79.6227 6.59
      vertex 60.3841 79.6227 12.5019
    endloop
  endfacet
  facet normal 0.989169 -0.146778 0
    outer loop
      vertex 62.9389 75.3601 11.2797
      vertex 62.9922 75.7193 2
      vertex 62.9922 75.7193 11.3826
    endloop
  endfacet
  facet normal 0.989169 -0.146778 0
    outer loop
      vertex 62.9922 75.7193 2
      vertex 62.9389 75.3601 11.2797
      vertex 62.9389 75.3601 2
    endloop
  endfacet
  facet normal 0.336895 -0.941542 0
    outer loop
      vertex 60.7259 72.6636 2
      vertex 60.3841 72.5413 10.4714
      vertex 60.3841 72.5413 2
    endloop
  endfacet
  facet normal 0.336895 -0.941542 0
    outer loop
      vertex 60.3841 72.5413 10.4714
      vertex 60.7259 72.6636 2
      vertex 60.7259 72.6636 10.5064
    endloop
  endfacet
  facet normal -0.998798 -0.0490174 -0
    outer loop
      vertex 55.6278 75.7193 11.3826
      vertex 55.61 76.082 2
      vertex 55.6278 75.7193 2
    endloop
  endfacet
  facet normal -0.998798 -0.0490174 0
    outer loop
      vertex 55.61 76.082 2
      vertex 55.6278 75.7193 11.3826
      vertex 55.61 76.082 11.4866
    endloop
  endfacet
  facet normal -0.671548 0.740961 0
    outer loop
      vertex 56.9627 78.9421 6.59
      vertex 56.6937 78.6983 12.2369
      vertex 56.9627 78.9421 12.3068
    endloop
  endfacet
  facet normal -0.671548 0.740961 0
    outer loop
      vertex 56.6937 78.6983 12.2369
      vertex 56.9627 78.9421 6.59
      vertex 56.6937 78.6983 6.59
    endloop
  endfacet
  facet normal -0.970045 -0.242924 -0
    outer loop
      vertex 55.7693 75.0079 11.1787
      vertex 55.6811 75.3601 2
      vertex 55.7693 75.0079 2
    endloop
  endfacet
  facet normal -0.970045 -0.242924 0
    outer loop
      vertex 55.6811 75.3601 2
      vertex 55.7693 75.0079 11.1787
      vertex 55.6811 75.3601 11.2797
    endloop
  endfacet
  facet normal 0.803162 0.595761 0
    outer loop
      vertex 62.3864 78.1376 12.0761
      vertex 62.1701 78.4292 6.59
      vertex 62.1701 78.4292 12.1597
    endloop
  endfacet
  facet normal 0.802973 0.596015 2.09352e-05
    outer loop
      vertex 62.1701 78.4292 6.59
      vertex 62.3864 78.1376 12.0761
      vertex 62.266 78.3 6.59
    endloop
  endfacet
  facet normal 0.803312 0.595559 -0
    outer loop
      vertex 62.3864 78.1376 2
      vertex 62.266 78.3 6.59
      vertex 62.3864 78.1376 12.0761
    endloop
  endfacet
  facet normal 0.803312 0.595559 0
    outer loop
      vertex 62.266 78.3 6.59
      vertex 62.3864 78.1376 2
      vertex 62.266 78.3 2
    endloop
  endfacet
  facet normal -0.941542 -0.336895 -0
    outer loop
      vertex 55.8916 74.6661 11.0806
      vertex 55.7693 75.0079 2
      vertex 55.8916 74.6661 2
    endloop
  endfacet
  facet normal -0.941542 -0.336895 0
    outer loop
      vertex 55.7693 75.0079 2
      vertex 55.8916 74.6661 11.0806
      vertex 55.7693 75.0079 11.1787
    endloop
  endfacet
  facet normal -0.857736 0.514091 0
    outer loop
      vertex 56.0469 77.8261 11.9868
      vertex 56.2336 78.1376 2
      vertex 56.0469 77.8261 2
    endloop
  endfacet
  facet normal -0.857736 0.514091 0
    outer loop
      vertex 56.2336 78.1376 2
      vertex 56.0469 77.8261 11.9868
      vertex 56.2336 78.1376 12.0761
    endloop
  endfacet
  facet normal 0.941542 -0.336895 0
    outer loop
      vertex 62.7284 74.6661 11.0806
      vertex 62.8507 75.0079 2
      vertex 62.8507 75.0079 11.1787
    endloop
  endfacet
  facet normal 0.941542 -0.336895 0
    outer loop
      vertex 62.8507 75.0079 2
      vertex 62.7284 74.6661 11.0806
      vertex 62.7284 74.6661 2
    endloop
  endfacet
  facet normal 0.857663 -0.514212 0
    outer loop
      vertex 62.3864 74.0264 10.8972
      vertex 62.5731 74.3378 2
      vertex 62.5731 74.3378 10.9865
    endloop
  endfacet
  facet normal 0.857663 -0.514212 0
    outer loop
      vertex 62.5731 74.3378 2
      vertex 62.3864 74.0264 10.8972
      vertex 62.3864 74.0264 2
    endloop
  endfacet
  facet normal 0.514212 0.857663 0
    outer loop
      vertex 61.0542 79.3451 6.59
      vertex 61.3656 79.1584 12.3688
      vertex 61.3656 79.1584 6.59
    endloop
  endfacet
  facet normal 0.514212 0.857663 0
    outer loop
      vertex 61.3656 79.1584 12.3688
      vertex 61.0542 79.3451 6.59
      vertex 61.0542 79.3451 12.4223
    endloop
  endfacet
  facet normal -0.24286 0.970061 0
    outer loop
      vertex 58.5882 79.7109 6.59
      vertex 58.2359 79.6227 12.5019
      vertex 58.5882 79.7109 12.5272
    endloop
  endfacet
  facet normal -0.24286 0.970061 0
    outer loop
      vertex 58.2359 79.6227 12.5019
      vertex 58.5882 79.7109 6.59
      vertex 58.2359 79.6227 6.59
    endloop
  endfacet
  facet normal -0.595629 -0.80326 0
    outer loop
      vertex 56.9627 73.2218 2
      vertex 57.2544 73.0055 10.6045
      vertex 56.9627 73.2218 10.6665
    endloop
  endfacet
  facet normal -0.595629 -0.80326 -0
    outer loop
      vertex 57.2544 73.0055 10.6045
      vertex 56.9627 73.2218 2
      vertex 57.2544 73.0055 2
    endloop
  endfacet
  facet normal 0.427388 0.904068 0
    outer loop
      vertex 60.7259 79.5003 6.59
      vertex 61.0542 79.3451 12.4223
      vertex 61.0542 79.3451 6.59
    endloop
  endfacet
  facet normal 0.427388 0.904068 0
    outer loop
      vertex 61.0542 79.3451 12.4223
      vertex 60.7259 79.5003 6.59
      vertex 60.7259 79.5003 12.4668
    endloop
  endfacet
  facet normal 0.671548 0.740961 0
    outer loop
      vertex 61.6573 78.9421 6.59
      vertex 61.9263 78.6983 12.2369
      vertex 61.9263 78.6983 6.59
    endloop
  endfacet
  facet normal 0.671548 0.740961 0
    outer loop
      vertex 61.9263 78.6983 12.2369
      vertex 61.6573 78.9421 6.59
      vertex 61.6573 78.9421 12.3068
    endloop
  endfacet
  facet normal 0.857736 0.514091 0
    outer loop
      vertex 62.5731 77.8261 11.9868
      vertex 62.3864 78.1376 2
      vertex 62.3864 78.1376 12.0761
    endloop
  endfacet
  facet normal 0.857736 0.514091 0
    outer loop
      vertex 62.3864 78.1376 2
      vertex 62.5731 77.8261 11.9868
      vertex 62.5731 77.8261 2
    endloop
  endfacet
  facet normal 0.903912 0.427719 0
    outer loop
      vertex 62.7284 77.4979 11.8927
      vertex 62.5731 77.8261 2
      vertex 62.5731 77.8261 11.9868
    endloop
  endfacet
  facet normal 0.903912 0.427719 0
    outer loop
      vertex 62.5731 77.8261 2
      vertex 62.7284 77.4979 11.8927
      vertex 62.7284 77.4979 2
    endloop
  endfacet
  facet normal -0.427613 -0.903962 0
    outer loop
      vertex 57.5658 72.8189 2
      vertex 57.8941 72.6636 10.5064
      vertex 57.5658 72.8189 10.551
    endloop
  endfacet
  facet normal -0.427613 -0.903962 -0
    outer loop
      vertex 57.8941 72.6636 10.5064
      vertex 57.5658 72.8189 2
      vertex 57.8941 72.6636 2
    endloop
  endfacet
  facet normal 0.24286 0.970061 0
    outer loop
      vertex 60.0318 79.7109 6.59
      vertex 60.3841 79.6227 12.5019
      vertex 60.3841 79.6227 6.59
    endloop
  endfacet
  facet normal 0.24286 0.970061 0
    outer loop
      vertex 60.3841 79.6227 12.5019
      vertex 60.0318 79.7109 6.59
      vertex 60.0318 79.7109 12.5272
    endloop
  endfacet
  facet normal 0.146818 -0.989163 0
    outer loop
      vertex 60.0318 72.4531 2
      vertex 59.6727 72.3998 10.4308
      vertex 59.6727 72.3998 2
    endloop
  endfacet
  facet normal 0.146818 -0.989163 0
    outer loop
      vertex 59.6727 72.3998 10.4308
      vertex 60.0318 72.4531 2
      vertex 60.0318 72.4531 10.4461
    endloop
  endfacet
  facet normal -0.903912 0.427719 0
    outer loop
      vertex 55.8916 77.4979 11.8927
      vertex 56.0469 77.8261 2
      vertex 55.8916 77.4979 2
    endloop
  endfacet
  facet normal -0.903912 0.427719 0
    outer loop
      vertex 56.0469 77.8261 2
      vertex 55.8916 77.4979 11.8927
      vertex 56.0469 77.8261 11.9868
    endloop
  endfacet
  facet normal 0.941574 0.336807 0
    outer loop
      vertex 62.8507 77.156 11.7946
      vertex 62.7284 77.4979 2
      vertex 62.7284 77.4979 11.8927
    endloop
  endfacet
  facet normal 0.941574 0.336807 0
    outer loop
      vertex 62.7284 77.4979 2
      vertex 62.8507 77.156 11.7946
      vertex 62.8507 77.156 2
    endloop
  endfacet
  facet normal 0.427613 -0.903962 0
    outer loop
      vertex 61.0542 72.8189 2
      vertex 60.7259 72.6636 10.5064
      vertex 60.7259 72.6636 2
    endloop
  endfacet
  facet normal 0.427613 -0.903962 0
    outer loop
      vertex 60.7259 72.6636 10.5064
      vertex 61.0542 72.8189 2
      vertex 61.0542 72.8189 10.551
    endloop
  endfacet
  facet normal -0.741085 0.671411 0
    outer loop
      vertex 56.4499 78.4292 12.1597
      vertex 56.6937 78.6983 6.59
      vertex 56.4499 78.4292 6.59
    endloop
  endfacet
  facet normal -0.741085 0.671411 0
    outer loop
      vertex 56.6937 78.6983 6.59
      vertex 56.4499 78.4292 12.1597
      vertex 56.6937 78.6983 12.2369
    endloop
  endfacet
  facet normal -0.0490174 0.998798 0
    outer loop
      vertex 59.31 79.782 6.59
      vertex 58.9473 79.7642 12.5425
      vertex 59.31 79.782 12.5476
    endloop
  endfacet
  facet normal -0.0490174 0.998798 0
    outer loop
      vertex 58.9473 79.7642 12.5425
      vertex 59.31 79.782 6.59
      vertex 58.9473 79.7642 6.59
    endloop
  endfacet
  facet normal -0.595629 0.80326 0
    outer loop
      vertex 57.2544 79.1584 6.59
      vertex 56.9627 78.9421 12.3068
      vertex 57.2544 79.1584 12.3688
    endloop
  endfacet
  facet normal -0.595629 0.80326 0
    outer loop
      vertex 56.9627 78.9421 12.3068
      vertex 57.2544 79.1584 6.59
      vertex 56.9627 78.9421 6.59
    endloop
  endfacet
  facet normal 0.0490174 0.998798 0
    outer loop
      vertex 59.31 79.782 6.59
      vertex 59.6727 79.7642 12.5425
      vertex 59.6727 79.7642 6.59
    endloop
  endfacet
  facet normal 0.0490174 0.998798 0
    outer loop
      vertex 59.6727 79.7642 12.5425
      vertex 59.31 79.782 6.59
      vertex 59.31 79.782 12.5476
    endloop
  endfacet
  facet normal -0.336895 -0.941542 0
    outer loop
      vertex 57.8941 72.6636 2
      vertex 58.2359 72.5413 10.4714
      vertex 57.8941 72.6636 10.5064
    endloop
  endfacet
  facet normal -0.336895 -0.941542 -0
    outer loop
      vertex 58.2359 72.5413 10.4714
      vertex 57.8941 72.6636 2
      vertex 58.2359 72.5413 2
    endloop
  endfacet
  facet normal -0.146818 0.989163 0
    outer loop
      vertex 58.9473 79.7642 6.59
      vertex 58.5882 79.7109 12.5272
      vertex 58.9473 79.7642 12.5425
    endloop
  endfacet
  facet normal -0.146818 0.989163 0
    outer loop
      vertex 58.5882 79.7109 12.5272
      vertex 58.9473 79.7642 6.59
      vertex 58.5882 79.7109 6.59
    endloop
  endfacet
  facet normal 0.146818 0.989163 0
    outer loop
      vertex 59.6727 79.7642 6.59
      vertex 60.0318 79.7109 12.5272
      vertex 60.0318 79.7109 6.59
    endloop
  endfacet
  facet normal 0.146818 0.989163 0
    outer loop
      vertex 60.0318 79.7109 12.5272
      vertex 59.6727 79.7642 6.59
      vertex 59.6727 79.7642 12.5425
    endloop
  endfacet
  facet normal 0.970045 -0.242924 0
    outer loop
      vertex 62.8507 75.0079 11.1787
      vertex 62.9389 75.3601 2
      vertex 62.9389 75.3601 11.2797
    endloop
  endfacet
  facet normal 0.970045 -0.242924 0
    outer loop
      vertex 62.9389 75.3601 2
      vertex 62.8507 75.0079 11.1787
      vertex 62.8507 75.0079 2
    endloop
  endfacet
  facet normal 0.0490174 -0.998798 0
    outer loop
      vertex 59.6727 72.3998 2
      vertex 59.31 72.382 10.4257
      vertex 59.31 72.382 2
    endloop
  endfacet
  facet normal 0.0490174 -0.998798 0
    outer loop
      vertex 59.31 72.382 10.4257
      vertex 59.6727 72.3998 2
      vertex 59.6727 72.3998 10.4308
    endloop
  endfacet
  facet normal 0.740961 -0.671548 0
    outer loop
      vertex 61.9263 73.4657 10.7364
      vertex 62.1701 73.7347 2
      vertex 62.1701 73.7347 10.8136
    endloop
  endfacet
  facet normal 0.740961 -0.671548 0
    outer loop
      vertex 62.1701 73.7347 2
      vertex 61.9263 73.4657 10.7364
      vertex 61.9263 73.4657 2
    endloop
  endfacet
  facet normal 0.80326 -0.595629 0
    outer loop
      vertex 62.1701 73.7347 10.8136
      vertex 62.3864 74.0264 2
      vertex 62.3864 74.0264 10.8972
    endloop
  endfacet
  facet normal 0.80326 -0.595629 0
    outer loop
      vertex 62.3864 74.0264 2
      vertex 62.1701 73.7347 10.8136
      vertex 62.1701 73.7347 2
    endloop
  endfacet
  facet normal -0.146818 -0.989163 0
    outer loop
      vertex 58.5882 72.4531 2
      vertex 58.9473 72.3998 10.4308
      vertex 58.5882 72.4531 10.4461
    endloop
  endfacet
  facet normal -0.146818 -0.989163 -0
    outer loop
      vertex 58.9473 72.3998 10.4308
      vertex 58.5882 72.4531 2
      vertex 58.9473 72.3998 2
    endloop
  endfacet
  facet normal -0.941574 0.336807 0
    outer loop
      vertex 55.7693 77.156 11.7946
      vertex 55.8916 77.4979 2
      vertex 55.7693 77.156 2
    endloop
  endfacet
  facet normal -0.941574 0.336807 0
    outer loop
      vertex 55.8916 77.4979 2
      vertex 55.7693 77.156 11.7946
      vertex 55.8916 77.4979 11.8927
    endloop
  endfacet
  facet normal 0.595629 -0.80326 0
    outer loop
      vertex 61.6573 73.2218 2
      vertex 61.3656 73.0055 10.6045
      vertex 61.3656 73.0055 2
    endloop
  endfacet
  facet normal 0.595629 -0.80326 0
    outer loop
      vertex 61.3656 73.0055 10.6045
      vertex 61.6573 73.2218 2
      vertex 61.6573 73.2218 10.6665
    endloop
  endfacet
  facet normal -0.989169 0.146778 0
    outer loop
      vertex 55.6278 76.4446 11.5906
      vertex 55.6811 76.8038 2
      vertex 55.6278 76.4446 2
    endloop
  endfacet
  facet normal -0.989169 0.146778 0
    outer loop
      vertex 55.6811 76.8038 2
      vertex 55.6278 76.4446 11.5906
      vertex 55.6811 76.8038 11.6936
    endloop
  endfacet
  facet normal 0.24286 -0.970061 0
    outer loop
      vertex 60.3841 72.5413 2
      vertex 60.0318 72.4531 10.4461
      vertex 60.0318 72.4531 2
    endloop
  endfacet
  facet normal 0.24286 -0.970061 0
    outer loop
      vertex 60.0318 72.4531 10.4461
      vertex 60.3841 72.5413 2
      vertex 60.3841 72.5413 10.4714
    endloop
  endfacet
  facet normal -0.903962 -0.427613 -0
    outer loop
      vertex 56.0469 74.3378 10.9865
      vertex 55.8916 74.6661 2
      vertex 56.0469 74.3378 2
    endloop
  endfacet
  facet normal -0.903962 -0.427613 0
    outer loop
      vertex 55.8916 74.6661 2
      vertex 56.0469 74.3378 10.9865
      vertex 55.8916 74.6661 11.0806
    endloop
  endfacet
  facet normal -0.24286 -0.970061 0
    outer loop
      vertex 58.2359 72.5413 2
      vertex 58.5882 72.4531 10.4461
      vertex 58.2359 72.5413 10.4714
    endloop
  endfacet
  facet normal -0.24286 -0.970061 -0
    outer loop
      vertex 58.5882 72.4531 10.4461
      vertex 58.2359 72.5413 2
      vertex 58.5882 72.4531 2
    endloop
  endfacet
  facet normal 0.998798 -0.0490174 0
    outer loop
      vertex 62.9922 75.7193 11.3826
      vertex 63.01 76.082 2
      vertex 63.01 76.082 11.4866
    endloop
  endfacet
  facet normal 0.998798 -0.0490174 0
    outer loop
      vertex 63.01 76.082 2
      vertex 62.9922 75.7193 11.3826
      vertex 62.9922 75.7193 2
    endloop
  endfacet
  facet normal 0.970045 0.242924 0
    outer loop
      vertex 62.9389 76.8038 11.6936
      vertex 62.8507 77.156 2
      vertex 62.8507 77.156 11.7946
    endloop
  endfacet
  facet normal 0.970045 0.242924 0
    outer loop
      vertex 62.8507 77.156 2
      vertex 62.9389 76.8038 11.6936
      vertex 62.9389 76.8038 2
    endloop
  endfacet
  facet normal -0.740961 -0.671548 -0
    outer loop
      vertex 56.6937 73.4657 10.7364
      vertex 56.4499 73.7347 2
      vertex 56.6937 73.4657 2
    endloop
  endfacet
  facet normal -0.740961 -0.671548 0
    outer loop
      vertex 56.4499 73.7347 2
      vertex 56.6937 73.4657 10.7364
      vertex 56.4499 73.7347 10.8136
    endloop
  endfacet
  facet normal -0.857663 -0.514212 -0
    outer loop
      vertex 56.2336 74.0264 10.8972
      vertex 56.0469 74.3378 2
      vertex 56.2336 74.0264 2
    endloop
  endfacet
  facet normal -0.857663 -0.514212 0
    outer loop
      vertex 56.0469 74.3378 2
      vertex 56.2336 74.0264 10.8972
      vertex 56.0469 74.3378 10.9865
    endloop
  endfacet
  facet normal -0.337139 0.941455 0
    outer loop
      vertex 58.2359 79.6227 6.59
      vertex 57.8941 79.5003 12.4668
      vertex 58.2359 79.6227 12.5019
    endloop
  endfacet
  facet normal -0.337139 0.941455 0
    outer loop
      vertex 57.8941 79.5003 12.4668
      vertex 58.2359 79.6227 6.59
      vertex 57.8941 79.5003 6.59
    endloop
  endfacet
  facet normal -0.51401 -0.857784 0
    outer loop
      vertex 57.2544 73.0055 2
      vertex 57.5658 72.8189 10.551
      vertex 57.2544 73.0055 10.6045
    endloop
  endfacet
  facet normal -0.51401 -0.857784 -0
    outer loop
      vertex 57.5658 72.8189 10.551
      vertex 57.2544 73.0055 2
      vertex 57.5658 72.8189 2
    endloop
  endfacet
  facet normal -0.970045 0.242924 0
    outer loop
      vertex 55.6811 76.8038 11.6936
      vertex 55.7693 77.156 2
      vertex 55.6811 76.8038 2
    endloop
  endfacet
  facet normal -0.970045 0.242924 0
    outer loop
      vertex 55.7693 77.156 2
      vertex 55.6811 76.8038 11.6936
      vertex 55.7693 77.156 11.7946
    endloop
  endfacet
  facet normal -0.80326 -0.595629 -0
    outer loop
      vertex 56.4499 73.7347 10.8136
      vertex 56.2336 74.0264 2
      vertex 56.4499 73.7347 2
    endloop
  endfacet
  facet normal -0.80326 -0.595629 0
    outer loop
      vertex 56.2336 74.0264 2
      vertex 56.4499 73.7347 10.8136
      vertex 56.2336 74.0264 10.8972
    endloop
  endfacet
  facet normal -0.514212 0.857663 0
    outer loop
      vertex 57.5658 79.3451 6.59
      vertex 57.2544 79.1584 12.3688
      vertex 57.5658 79.3451 12.4223
    endloop
  endfacet
  facet normal -0.514212 0.857663 0
    outer loop
      vertex 57.2544 79.1584 12.3688
      vertex 57.5658 79.3451 6.59
      vertex 57.2544 79.1584 6.59
    endloop
  endfacet
  facet normal -0.427388 0.904068 0
    outer loop
      vertex 57.8941 79.5003 6.59
      vertex 57.5658 79.3451 12.4223
      vertex 57.8941 79.5003 12.4668
    endloop
  endfacet
  facet normal -0.427388 0.904068 0
    outer loop
      vertex 57.5658 79.3451 12.4223
      vertex 57.8941 79.5003 6.59
      vertex 57.5658 79.3451 6.59
    endloop
  endfacet
  facet normal -0.989169 -0.146778 -0
    outer loop
      vertex 55.6811 75.3601 11.2797
      vertex 55.6278 75.7193 2
      vertex 55.6811 75.3601 2
    endloop
  endfacet
  facet normal -0.989169 -0.146778 0
    outer loop
      vertex 55.6278 75.7193 2
      vertex 55.6811 75.3601 11.2797
      vertex 55.6278 75.7193 11.3826
    endloop
  endfacet
  facet normal 0.51401 -0.857784 0
    outer loop
      vertex 61.3656 73.0055 2
      vertex 61.0542 72.8189 10.551
      vertex 61.0542 72.8189 2
    endloop
  endfacet
  facet normal 0.51401 -0.857784 0
    outer loop
      vertex 61.0542 72.8189 10.551
      vertex 61.3656 73.0055 2
      vertex 61.3656 73.0055 10.6045
    endloop
  endfacet
  facet normal -0.671699 -0.740824 0
    outer loop
      vertex 56.6937 73.4657 2
      vertex 56.9627 73.2218 10.6665
      vertex 56.6937 73.4657 10.7364
    endloop
  endfacet
  facet normal -0.671699 -0.740824 -0
    outer loop
      vertex 56.9627 73.2218 10.6665
      vertex 56.6937 73.4657 2
      vertex 56.9627 73.2218 2
    endloop
  endfacet
  facet normal -0.803312 0.595559 0
    outer loop
      vertex 56.354 78.3 2
      vertex 56.2336 78.1376 2
      vertex 56.354 78.3 6.59
    endloop
  endfacet
  facet normal -0.802973 0.596015 2.09352e-05
    outer loop
      vertex 56.2336 78.1376 12.0761
      vertex 56.4499 78.4292 6.59
      vertex 56.354 78.3 6.59
    endloop
  endfacet
  facet normal -0.803312 0.595559 0
    outer loop
      vertex 56.2336 78.1376 12.0761
      vertex 56.354 78.3 6.59
      vertex 56.2336 78.1376 2
    endloop
  endfacet
  facet normal -0.803162 0.595761 0
    outer loop
      vertex 56.4499 78.4292 6.59
      vertex 56.2336 78.1376 12.0761
      vertex 56.4499 78.4292 12.1597
    endloop
  endfacet
  facet normal -0.0490174 -0.998798 0
    outer loop
      vertex 58.9473 72.3998 2
      vertex 59.31 72.382 10.4257
      vertex 58.9473 72.3998 10.4308
    endloop
  endfacet
  facet normal -0.0490174 -0.998798 -0
    outer loop
      vertex 59.31 72.382 10.4257
      vertex 58.9473 72.3998 2
      vertex 59.31 72.382 2
    endloop
  endfacet
  facet normal -0.998797 0.0490309 0
    outer loop
      vertex 55.61 76.082 11.4866
      vertex 55.6278 76.4446 2
      vertex 55.61 76.082 2
    endloop
  endfacet
  facet normal -0.998797 0.0490309 0
    outer loop
      vertex 55.6278 76.4446 2
      vertex 55.61 76.082 11.4866
      vertex 55.6278 76.4446 11.5906
    endloop
  endfacet
  facet normal 0.671699 -0.740824 0
    outer loop
      vertex 61.9263 73.4657 2
      vertex 61.6573 73.2218 10.6665
      vertex 61.6573 73.2218 2
    endloop
  endfacet
  facet normal 0.671699 -0.740824 0
    outer loop
      vertex 61.6573 73.2218 10.6665
      vertex 61.9263 73.4657 2
      vertex 61.9263 73.4657 10.7364
    endloop
  endfacet
  facet normal -0.857745 0.514076 0
    outer loop
      vertex 61.3887 74.6931 11.0884
      vertex 61.5148 74.9035 2
      vertex 61.3887 74.6931 2
    endloop
  endfacet
  facet normal -0.857745 0.514076 0
    outer loop
      vertex 61.5148 74.9035 2
      vertex 61.3887 74.6931 11.0884
      vertex 61.5148 74.9035 11.1487
    endloop
  endfacet
  facet normal -0.989177 -0.146726 -0
    outer loop
      vertex 61.798 76.327 11.5569
      vertex 61.762 76.5697 2
      vertex 61.798 76.327 2
    endloop
  endfacet
  facet normal -0.989177 -0.146726 0
    outer loop
      vertex 61.762 76.5697 2
      vertex 61.798 76.327 11.5569
      vertex 61.762 76.5697 11.6265
    endloop
  endfacet
  facet normal -0.998803 -0.0489209 -0
    outer loop
      vertex 61.81 76.082 11.4866
      vertex 61.798 76.327 2
      vertex 61.81 76.082 2
    endloop
  endfacet
  facet normal -0.998803 -0.0489209 0
    outer loop
      vertex 61.798 76.327 2
      vertex 61.81 76.082 11.4866
      vertex 61.798 76.327 11.5569
    endloop
  endfacet
  facet normal -0.970047 -0.242919 -0
    outer loop
      vertex 61.762 76.5697 11.6265
      vertex 61.7024 76.8077 2
      vertex 61.762 76.5697 2
    endloop
  endfacet
  facet normal -0.970047 -0.242919 0
    outer loop
      vertex 61.7024 76.8077 2
      vertex 61.762 76.5697 11.6265
      vertex 61.7024 76.8077 11.6947
    endloop
  endfacet
  facet normal -0.857745 -0.514076 -0
    outer loop
      vertex 61.5148 77.2605 11.8246
      vertex 61.3887 77.4709 2
      vertex 61.5148 77.2605 2
    endloop
  endfacet
  facet normal -0.857745 -0.514076 0
    outer loop
      vertex 61.3887 77.4709 2
      vertex 61.5148 77.2605 11.8246
      vertex 61.3887 77.4709 11.8849
    endloop
  endfacet
  facet normal 0.970047 0.242919 0
    outer loop
      vertex 56.9176 75.3563 11.2785
      vertex 56.858 75.5943 2
      vertex 56.858 75.5943 11.3468
    endloop
  endfacet
  facet normal 0.970047 0.242919 0
    outer loop
      vertex 56.858 75.5943 2
      vertex 56.9176 75.3563 11.2785
      vertex 56.9176 75.3563 2
    endloop
  endfacet
  facet normal -0.941483 0.337059 0
    outer loop
      vertex 61.6197 75.1253 11.2123
      vertex 61.7024 75.3563 2
      vertex 61.6197 75.1253 2
    endloop
  endfacet
  facet normal -0.941483 0.337059 0
    outer loop
      vertex 61.7024 75.3563 2
      vertex 61.6197 75.1253 11.2123
      vertex 61.7024 75.3563 11.2785
    endloop
  endfacet
  facet normal -0.803167 0.595754 0
    outer loop
      vertex 61.2425 74.496 11.0319
      vertex 61.3887 74.6931 2
      vertex 61.2425 74.496 2
    endloop
  endfacet
  facet normal -0.803167 0.595754 0
    outer loop
      vertex 61.3887 74.6931 2
      vertex 61.2425 74.496 11.0319
      vertex 61.3887 74.6931 11.0884
    endloop
  endfacet
  facet normal 0.941483 -0.337059 0
    outer loop
      vertex 56.9176 76.8077 11.6947
      vertex 57.0003 77.0387 2
      vertex 57.0003 77.0387 11.761
    endloop
  endfacet
  facet normal 0.941483 -0.337059 0
    outer loop
      vertex 57.0003 77.0387 2
      vertex 56.9176 76.8077 11.6947
      vertex 56.9176 76.8077 2
    endloop
  endfacet
  facet normal -0.671617 -0.740898 0
    outer loop
      vertex 60.896 78.0145 2
      vertex 61.0778 77.8497 11.9935
      vertex 60.896 78.0145 12.0408
    endloop
  endfacet
  facet normal -0.671617 -0.740898 -0
    outer loop
      vertex 61.0778 77.8497 11.9935
      vertex 60.896 78.0145 2
      vertex 61.0778 77.8497 2
    endloop
  endfacet
  facet normal -0.740917 -0.671596 -0
    outer loop
      vertex 61.2425 77.668 11.9414
      vertex 61.0778 77.8497 2
      vertex 61.2425 77.668 2
    endloop
  endfacet
  facet normal -0.740917 -0.671596 0
    outer loop
      vertex 61.0778 77.8497 2
      vertex 61.2425 77.668 11.9414
      vertex 61.0778 77.8497 11.9935
    endloop
  endfacet
  facet normal 0.671617 -0.740898 0
    outer loop
      vertex 57.724 78.0145 2
      vertex 57.5422 77.8497 11.9935
      vertex 57.5422 77.8497 2
    endloop
  endfacet
  facet normal 0.671617 -0.740898 0
    outer loop
      vertex 57.5422 77.8497 11.9935
      vertex 57.724 78.0145 2
      vertex 57.724 78.0145 12.0408
    endloop
  endfacet
  facet normal -0.514076 -0.857745 0
    outer loop
      vertex 60.4885 78.2868 2
      vertex 60.6989 78.1607 12.0827
      vertex 60.4885 78.2868 12.1189
    endloop
  endfacet
  facet normal -0.514076 -0.857745 -0
    outer loop
      vertex 60.6989 78.1607 12.0827
      vertex 60.4885 78.2868 2
      vertex 60.6989 78.1607 2
    endloop
  endfacet
  facet normal -0.595754 -0.803167 0
    outer loop
      vertex 60.6989 78.1607 2
      vertex 60.896 78.0145 12.0408
      vertex 60.6989 78.1607 12.0827
    endloop
  endfacet
  facet normal -0.595754 -0.803167 -0
    outer loop
      vertex 60.896 78.0145 12.0408
      vertex 60.6989 78.1607 2
      vertex 60.896 78.0145 2
    endloop
  endfacet
  facet normal -0.337059 0.941483 0
    outer loop
      vertex 60.2667 73.7723 2
      vertex 60.0357 73.6896 10.8006
      vertex 60.2667 73.7723 10.8243
    endloop
  endfacet
  facet normal -0.337059 0.941483 0
    outer loop
      vertex 60.0357 73.6896 10.8006
      vertex 60.2667 73.7723 2
      vertex 60.0357 73.6896 2
    endloop
  endfacet
  facet normal 0.146726 0.989177 0
    outer loop
      vertex 58.8223 73.63 2
      vertex 59.065 73.594 10.7732
      vertex 59.065 73.594 2
    endloop
  endfacet
  facet normal 0.146726 0.989177 0
    outer loop
      vertex 59.065 73.594 10.7732
      vertex 58.8223 73.63 2
      vertex 58.8223 73.63 10.7836
    endloop
  endfacet
  facet normal -0.0493276 -0.998783 0
    outer loop
      vertex 59.31 78.582 6.59
      vertex 59.555 78.5699 12.2001
      vertex 59.31 78.582 12.2035
    endloop
  endfacet
  facet normal -0.0493276 -0.998783 -0
    outer loop
      vertex 59.555 78.5699 12.2001
      vertex 59.31 78.582 6.59
      vertex 59.555 78.5699 6.59
    endloop
  endfacet
  facet normal 0.857745 -0.514076 0
    outer loop
      vertex 57.1052 77.2605 11.8246
      vertex 57.2313 77.4709 2
      vertex 57.2313 77.4709 11.8849
    endloop
  endfacet
  facet normal 0.857745 -0.514076 0
    outer loop
      vertex 57.2313 77.4709 2
      vertex 57.1052 77.2605 11.8246
      vertex 57.1052 77.2605 2
    endloop
  endfacet
  facet normal 0.0489209 0.998803 0
    outer loop
      vertex 59.065 73.594 2
      vertex 59.31 73.582 10.7698
      vertex 59.31 73.582 2
    endloop
  endfacet
  facet normal 0.0489209 0.998803 0
    outer loop
      vertex 59.31 73.582 10.7698
      vertex 59.065 73.594 2
      vertex 59.065 73.594 10.7732
    endloop
  endfacet
  facet normal 0.989177 -0.146726 0
    outer loop
      vertex 56.822 76.327 11.5569
      vertex 56.858 76.5697 2
      vertex 56.858 76.5697 11.6265
    endloop
  endfacet
  facet normal 0.989177 -0.146726 0
    outer loop
      vertex 56.858 76.5697 2
      vertex 56.822 76.327 11.5569
      vertex 56.822 76.327 2
    endloop
  endfacet
  facet normal -0.998804 0.048901 0
    outer loop
      vertex 61.798 75.8369 11.4164
      vertex 61.81 76.082 2
      vertex 61.798 75.8369 2
    endloop
  endfacet
  facet normal -0.998804 0.048901 0
    outer loop
      vertex 61.81 76.082 2
      vertex 61.798 75.8369 11.4164
      vertex 61.81 76.082 11.4866
    endloop
  endfacet
  facet normal 0.903995 0.427543 0
    outer loop
      vertex 57.1052 74.9035 11.1487
      vertex 57.0003 75.1253 2
      vertex 57.0003 75.1253 11.2123
    endloop
  endfacet
  facet normal 0.903995 0.427543 0
    outer loop
      vertex 57.0003 75.1253 2
      vertex 57.1052 74.9035 11.1487
      vertex 57.1052 74.9035 2
    endloop
  endfacet
  facet normal 0.998804 0.048901 0
    outer loop
      vertex 56.822 75.8369 11.4164
      vertex 56.81 76.082 2
      vertex 56.81 76.082 11.4866
    endloop
  endfacet
  facet normal 0.998804 0.048901 0
    outer loop
      vertex 56.81 76.082 2
      vertex 56.822 75.8369 11.4164
      vertex 56.822 75.8369 2
    endloop
  endfacet
  facet normal -0.514076 0.857745 0
    outer loop
      vertex 60.6989 74.0033 2
      vertex 60.4885 73.8772 10.8544
      vertex 60.6989 74.0033 10.8906
    endloop
  endfacet
  facet normal -0.514076 0.857745 0
    outer loop
      vertex 60.4885 73.8772 10.8544
      vertex 60.6989 74.0033 2
      vertex 60.4885 73.8772 2
    endloop
  endfacet
  facet normal 0.427543 0.903995 0
    outer loop
      vertex 58.1315 73.8772 2
      vertex 58.3533 73.7723 10.8243
      vertex 58.3533 73.7723 2
    endloop
  endfacet
  facet normal 0.427543 0.903995 0
    outer loop
      vertex 58.3533 73.7723 10.8243
      vertex 58.1315 73.8772 2
      vertex 58.1315 73.8772 10.8544
    endloop
  endfacet
  facet normal -0.903995 -0.427543 -0
    outer loop
      vertex 61.6197 77.0387 11.761
      vertex 61.5148 77.2605 2
      vertex 61.6197 77.0387 2
    endloop
  endfacet
  facet normal -0.903995 -0.427543 0
    outer loop
      vertex 61.5148 77.2605 2
      vertex 61.6197 77.0387 11.761
      vertex 61.5148 77.2605 11.8246
    endloop
  endfacet
  facet normal 0.426419 -0.904526 0
    outer loop
      vertex 58.1315 78.2868 2
      vertex 58.1595 78.3 6.59
      vertex 58.1315 78.2868 12.1189
    endloop
  endfacet
  facet normal 0.426419 -0.904526 0
    outer loop
      vertex 58.1595 78.3 6.59
      vertex 58.1315 78.2868 2
      vertex 58.1595 78.3 2
    endloop
  endfacet
  facet normal 0.427705 -0.903918 7.96359e-06
    outer loop
      vertex 58.3533 78.3917 6.59
      vertex 58.1315 78.2868 12.1189
      vertex 58.1595 78.3 6.59
    endloop
  endfacet
  facet normal 0.427543 -0.903995 0
    outer loop
      vertex 58.1315 78.2868 12.1189
      vertex 58.3533 78.3917 6.59
      vertex 58.3533 78.3917 12.1489
    endloop
  endfacet
  facet normal 0.242919 -0.970047 0
    outer loop
      vertex 58.8223 78.5339 6.59
      vertex 58.5843 78.4743 12.1726
      vertex 58.5843 78.4743 6.59
    endloop
  endfacet
  facet normal 0.242919 -0.970047 0
    outer loop
      vertex 58.5843 78.4743 12.1726
      vertex 58.8223 78.5339 6.59
      vertex 58.8223 78.5339 12.1897
    endloop
  endfacet
  facet normal 0.595754 -0.803167 0
    outer loop
      vertex 57.9211 78.1607 2
      vertex 57.724 78.0145 12.0408
      vertex 57.724 78.0145 2
    endloop
  endfacet
  facet normal 0.595754 -0.803167 0
    outer loop
      vertex 57.724 78.0145 12.0408
      vertex 57.9211 78.1607 2
      vertex 57.9211 78.1607 12.0827
    endloop
  endfacet
  facet normal -0.146726 0.989177 0
    outer loop
      vertex 59.7977 73.63 2
      vertex 59.555 73.594 10.7732
      vertex 59.7977 73.63 10.7836
    endloop
  endfacet
  facet normal -0.146726 0.989177 0
    outer loop
      vertex 59.555 73.594 10.7732
      vertex 59.7977 73.63 2
      vertex 59.555 73.594 2
    endloop
  endfacet
  facet normal 0.941483 0.337059 0
    outer loop
      vertex 57.0003 75.1253 11.2123
      vertex 56.9176 75.3563 2
      vertex 56.9176 75.3563 11.2785
    endloop
  endfacet
  facet normal 0.941483 0.337059 0
    outer loop
      vertex 56.9176 75.3563 2
      vertex 57.0003 75.1253 11.2123
      vertex 57.0003 75.1253 2
    endloop
  endfacet
  facet normal -0.741101 0.671394 0
    outer loop
      vertex 61.0778 74.3142 10.9797
      vertex 61.2425 74.496 2
      vertex 61.0778 74.3142 2
    endloop
  endfacet
  facet normal -0.741101 0.671394 0
    outer loop
      vertex 61.2425 74.496 2
      vertex 61.0778 74.3142 10.9797
      vertex 61.2425 74.496 11.0319
    endloop
  endfacet
  facet normal -0.989168 0.146785 0
    outer loop
      vertex 61.762 75.5943 11.3468
      vertex 61.798 75.8369 2
      vertex 61.762 75.5943 2
    endloop
  endfacet
  facet normal -0.989168 0.146785 0
    outer loop
      vertex 61.798 75.8369 2
      vertex 61.762 75.5943 11.3468
      vertex 61.798 75.8369 11.4164
    endloop
  endfacet
  facet normal -0.427543 0.903995 0
    outer loop
      vertex 60.4885 73.8772 2
      vertex 60.2667 73.7723 10.8243
      vertex 60.4885 73.8772 10.8544
    endloop
  endfacet
  facet normal -0.427543 0.903995 0
    outer loop
      vertex 60.2667 73.7723 10.8243
      vertex 60.4885 73.8772 2
      vertex 60.2667 73.7723 2
    endloop
  endfacet
  facet normal 0.337059 0.941483 0
    outer loop
      vertex 58.3533 73.7723 2
      vertex 58.5843 73.6896 10.8006
      vertex 58.5843 73.6896 2
    endloop
  endfacet
  facet normal 0.337059 0.941483 0
    outer loop
      vertex 58.5843 73.6896 10.8006
      vertex 58.3533 73.7723 2
      vertex 58.3533 73.7723 10.8243
    endloop
  endfacet
  facet normal 0.336698 -0.941613 0
    outer loop
      vertex 58.5843 78.4743 6.59
      vertex 58.3533 78.3917 12.1489
      vertex 58.3533 78.3917 6.59
    endloop
  endfacet
  facet normal 0.336698 -0.941613 0
    outer loop
      vertex 58.3533 78.3917 12.1489
      vertex 58.5843 78.4743 6.59
      vertex 58.5843 78.4743 12.1726
    endloop
  endfacet
  facet normal -0.803167 -0.595754 -0
    outer loop
      vertex 61.3887 77.4709 11.8849
      vertex 61.2425 77.668 2
      vertex 61.3887 77.4709 2
    endloop
  endfacet
  facet normal -0.803167 -0.595754 0
    outer loop
      vertex 61.2425 77.668 2
      vertex 61.3887 77.4709 11.8849
      vertex 61.2425 77.668 11.9414
    endloop
  endfacet
  facet normal 0.595754 0.803167 0
    outer loop
      vertex 57.724 74.1495 2
      vertex 57.9211 74.0033 10.8906
      vertex 57.9211 74.0033 2
    endloop
  endfacet
  facet normal 0.595754 0.803167 0
    outer loop
      vertex 57.9211 74.0033 10.8906
      vertex 57.724 74.1495 2
      vertex 57.724 74.1495 10.9325
    endloop
  endfacet
  facet normal 0.970047 -0.242919 0
    outer loop
      vertex 56.858 76.5697 11.6265
      vertex 56.9176 76.8077 2
      vertex 56.9176 76.8077 11.6947
    endloop
  endfacet
  facet normal 0.970047 -0.242919 0
    outer loop
      vertex 56.9176 76.8077 2
      vertex 56.858 76.5697 11.6265
      vertex 56.858 76.5697 2
    endloop
  endfacet
  facet normal 0.514076 0.857745 0
    outer loop
      vertex 57.9211 74.0033 2
      vertex 58.1315 73.8772 10.8544
      vertex 58.1315 73.8772 2
    endloop
  endfacet
  facet normal 0.514076 0.857745 0
    outer loop
      vertex 58.1315 73.8772 10.8544
      vertex 57.9211 74.0033 2
      vertex 57.9211 74.0033 10.8906
    endloop
  endfacet
  facet normal -0.0489209 0.998803 0
    outer loop
      vertex 59.555 73.594 2
      vertex 59.31 73.582 10.7698
      vertex 59.555 73.594 10.7732
    endloop
  endfacet
  facet normal -0.0489209 0.998803 0
    outer loop
      vertex 59.31 73.582 10.7698
      vertex 59.555 73.594 2
      vertex 59.31 73.582 2
    endloop
  endfacet
  facet normal -0.242919 -0.970047 0
    outer loop
      vertex 59.7977 78.5339 6.59
      vertex 60.0357 78.4743 12.1726
      vertex 59.7977 78.5339 12.1897
    endloop
  endfacet
  facet normal -0.242919 -0.970047 -0
    outer loop
      vertex 60.0357 78.4743 12.1726
      vertex 59.7977 78.5339 6.59
      vertex 60.0357 78.4743 6.59
    endloop
  endfacet
  facet normal -0.146726 -0.989177 0
    outer loop
      vertex 59.555 78.5699 6.59
      vertex 59.7977 78.5339 12.1897
      vertex 59.555 78.5699 12.2001
    endloop
  endfacet
  facet normal -0.146726 -0.989177 -0
    outer loop
      vertex 59.7977 78.5339 12.1897
      vertex 59.555 78.5699 6.59
      vertex 59.7977 78.5339 6.59
    endloop
  endfacet
  facet normal -0.427543 -0.903995 0
    outer loop
      vertex 60.2667 78.3917 6.59
      vertex 60.4885 78.2868 12.1189
      vertex 60.2667 78.3917 12.1489
    endloop
  endfacet
  facet normal -0.427705 -0.903918 7.96359e-06
    outer loop
      vertex 60.4605 78.3 6.59
      vertex 60.4885 78.2868 12.1189
      vertex 60.2667 78.3917 6.59
    endloop
  endfacet
  facet normal -0.426419 -0.904526 0
    outer loop
      vertex 60.4885 78.2868 2
      vertex 60.4605 78.3 6.59
      vertex 60.4605 78.3 2
    endloop
  endfacet
  facet normal -0.426419 -0.904526 0
    outer loop
      vertex 60.4605 78.3 6.59
      vertex 60.4885 78.2868 2
      vertex 60.4885 78.2868 12.1189
    endloop
  endfacet
  facet normal 0.803167 -0.595754 0
    outer loop
      vertex 57.2313 77.4709 11.8849
      vertex 57.3775 77.668 2
      vertex 57.3775 77.668 11.9414
    endloop
  endfacet
  facet normal 0.803167 -0.595754 0
    outer loop
      vertex 57.3775 77.668 2
      vertex 57.2313 77.4709 11.8849
      vertex 57.2313 77.4709 2
    endloop
  endfacet
  facet normal -0.903995 0.427543 0
    outer loop
      vertex 61.5148 74.9035 11.1487
      vertex 61.6197 75.1253 2
      vertex 61.5148 74.9035 2
    endloop
  endfacet
  facet normal -0.903995 0.427543 0
    outer loop
      vertex 61.6197 75.1253 2
      vertex 61.5148 74.9035 11.1487
      vertex 61.6197 75.1253 11.2123
    endloop
  endfacet
  facet normal -0.941483 -0.337059 -0
    outer loop
      vertex 61.7024 76.8077 11.6947
      vertex 61.6197 77.0387 2
      vertex 61.7024 76.8077 2
    endloop
  endfacet
  facet normal -0.941483 -0.337059 0
    outer loop
      vertex 61.6197 77.0387 2
      vertex 61.7024 76.8077 11.6947
      vertex 61.6197 77.0387 11.761
    endloop
  endfacet
  facet normal 0.803167 0.595754 0
    outer loop
      vertex 57.3775 74.496 11.0319
      vertex 57.2313 74.6931 2
      vertex 57.2313 74.6931 11.0884
    endloop
  endfacet
  facet normal 0.803167 0.595754 0
    outer loop
      vertex 57.2313 74.6931 2
      vertex 57.3775 74.496 11.0319
      vertex 57.3775 74.496 2
    endloop
  endfacet
  facet normal 0.514076 -0.857745 0
    outer loop
      vertex 58.1315 78.2868 2
      vertex 57.9211 78.1607 12.0827
      vertex 57.9211 78.1607 2
    endloop
  endfacet
  facet normal 0.514076 -0.857745 0
    outer loop
      vertex 57.9211 78.1607 12.0827
      vertex 58.1315 78.2868 2
      vertex 58.1315 78.2868 12.1189
    endloop
  endfacet
  facet normal -0.595754 0.803167 0
    outer loop
      vertex 60.896 74.1495 2
      vertex 60.6989 74.0033 10.8906
      vertex 60.896 74.1495 10.9325
    endloop
  endfacet
  facet normal -0.595754 0.803167 0
    outer loop
      vertex 60.6989 74.0033 10.8906
      vertex 60.896 74.1495 2
      vertex 60.6989 74.0033 2
    endloop
  endfacet
  facet normal 0.0493276 -0.998783 0
    outer loop
      vertex 59.31 78.582 6.59
      vertex 59.065 78.5699 12.2001
      vertex 59.065 78.5699 6.59
    endloop
  endfacet
  facet normal 0.0493276 -0.998783 0
    outer loop
      vertex 59.065 78.5699 12.2001
      vertex 59.31 78.582 6.59
      vertex 59.31 78.582 12.2035
    endloop
  endfacet
  facet normal -0.336698 -0.941613 0
    outer loop
      vertex 60.0357 78.4743 6.59
      vertex 60.2667 78.3917 12.1489
      vertex 60.0357 78.4743 12.1726
    endloop
  endfacet
  facet normal -0.336698 -0.941613 -0
    outer loop
      vertex 60.2667 78.3917 12.1489
      vertex 60.0357 78.4743 6.59
      vertex 60.2667 78.3917 6.59
    endloop
  endfacet
  facet normal 0.998803 -0.0489209 0
    outer loop
      vertex 56.81 76.082 11.4866
      vertex 56.822 76.327 2
      vertex 56.822 76.327 11.5569
    endloop
  endfacet
  facet normal 0.998803 -0.0489209 0
    outer loop
      vertex 56.822 76.327 2
      vertex 56.81 76.082 11.4866
      vertex 56.81 76.082 2
    endloop
  endfacet
  facet normal 0.146726 -0.989177 0
    outer loop
      vertex 59.065 78.5699 6.59
      vertex 58.8223 78.5339 12.1897
      vertex 58.8223 78.5339 6.59
    endloop
  endfacet
  facet normal 0.146726 -0.989177 0
    outer loop
      vertex 58.8223 78.5339 12.1897
      vertex 59.065 78.5699 6.59
      vertex 59.065 78.5699 12.2001
    endloop
  endfacet
  facet normal 0.989168 0.146785 0
    outer loop
      vertex 56.858 75.5943 11.3468
      vertex 56.822 75.8369 2
      vertex 56.822 75.8369 11.4164
    endloop
  endfacet
  facet normal 0.989168 0.146785 0
    outer loop
      vertex 56.822 75.8369 2
      vertex 56.858 75.5943 11.3468
      vertex 56.858 75.5943 2
    endloop
  endfacet
  facet normal 0.903995 -0.427543 0
    outer loop
      vertex 57.0003 77.0387 11.761
      vertex 57.1052 77.2605 2
      vertex 57.1052 77.2605 11.8246
    endloop
  endfacet
  facet normal 0.903995 -0.427543 0
    outer loop
      vertex 57.1052 77.2605 2
      vertex 57.0003 77.0387 11.761
      vertex 57.0003 77.0387 2
    endloop
  endfacet
  facet normal -0.242919 0.970047 0
    outer loop
      vertex 60.0357 73.6896 2
      vertex 59.7977 73.63 10.7836
      vertex 60.0357 73.6896 10.8006
    endloop
  endfacet
  facet normal -0.242919 0.970047 0
    outer loop
      vertex 59.7977 73.63 10.7836
      vertex 60.0357 73.6896 2
      vertex 59.7977 73.63 2
    endloop
  endfacet
  facet normal 0.741101 0.671394 0
    outer loop
      vertex 57.5422 74.3142 10.9797
      vertex 57.3775 74.496 2
      vertex 57.3775 74.496 11.0319
    endloop
  endfacet
  facet normal 0.741101 0.671394 0
    outer loop
      vertex 57.3775 74.496 2
      vertex 57.5422 74.3142 10.9797
      vertex 57.5422 74.3142 2
    endloop
  endfacet
  facet normal -0.970047 0.242919 0
    outer loop
      vertex 61.7024 75.3563 11.2785
      vertex 61.762 75.5943 2
      vertex 61.7024 75.3563 2
    endloop
  endfacet
  facet normal -0.970047 0.242919 0
    outer loop
      vertex 61.762 75.5943 2
      vertex 61.7024 75.3563 11.2785
      vertex 61.762 75.5943 11.3468
    endloop
  endfacet
  facet normal 0.671394 0.741101 0
    outer loop
      vertex 57.5422 74.3142 2
      vertex 57.724 74.1495 10.9325
      vertex 57.724 74.1495 2
    endloop
  endfacet
  facet normal 0.671394 0.741101 0
    outer loop
      vertex 57.724 74.1495 10.9325
      vertex 57.5422 74.3142 2
      vertex 57.5422 74.3142 10.9797
    endloop
  endfacet
  facet normal 0.740917 -0.671596 0
    outer loop
      vertex 57.3775 77.668 11.9414
      vertex 57.5422 77.8497 2
      vertex 57.5422 77.8497 11.9935
    endloop
  endfacet
  facet normal 0.740917 -0.671596 0
    outer loop
      vertex 57.5422 77.8497 2
      vertex 57.3775 77.668 11.9414
      vertex 57.3775 77.668 2
    endloop
  endfacet
  facet normal 0.242919 0.970047 0
    outer loop
      vertex 58.5843 73.6896 2
      vertex 58.8223 73.63 10.7836
      vertex 58.8223 73.63 2
    endloop
  endfacet
  facet normal 0.242919 0.970047 0
    outer loop
      vertex 58.8223 73.63 10.7836
      vertex 58.5843 73.6896 2
      vertex 58.5843 73.6896 10.8006
    endloop
  endfacet
  facet normal 0.857745 0.514076 0
    outer loop
      vertex 57.2313 74.6931 11.0884
      vertex 57.1052 74.9035 2
      vertex 57.1052 74.9035 11.1487
    endloop
  endfacet
  facet normal 0.857745 0.514076 0
    outer loop
      vertex 57.1052 74.9035 2
      vertex 57.2313 74.6931 11.0884
      vertex 57.2313 74.6931 2
    endloop
  endfacet
  facet normal -0.671394 0.741101 0
    outer loop
      vertex 61.0778 74.3142 2
      vertex 60.896 74.1495 10.9325
      vertex 61.0778 74.3142 10.9797
    endloop
  endfacet
  facet normal -0.671394 0.741101 0
    outer loop
      vertex 60.896 74.1495 10.9325
      vertex 61.0778 74.3142 2
      vertex 60.896 74.1495 2
    endloop
  endfacet
  facet normal 0.741085 0.671411 0
    outer loop
      vertex 62.1701 50.5526 4.16622
      vertex 61.9263 50.8217 2
      vertex 61.9263 50.8217 4.24337
    endloop
  endfacet
  facet normal 0.741085 0.671411 0
    outer loop
      vertex 61.9263 50.8217 2
      vertex 62.1701 50.5526 4.16622
      vertex 62.1701 50.5526 2
    endloop
  endfacet
  facet normal 0.989163 0.146818 0
    outer loop
      vertex 62.9922 48.5681 3.59715
      vertex 62.9389 48.9272 2
      vertex 62.9389 48.9272 3.70014
    endloop
  endfacet
  facet normal 0.989163 0.146818 0
    outer loop
      vertex 62.9389 48.9272 2
      vertex 62.9922 48.5681 3.59715
      vertex 62.9922 48.5681 2
    endloop
  endfacet
  facet normal 0.998798 0.0490174 0
    outer loop
      vertex 63.01 48.2054 3.49316
      vertex 62.9922 48.5681 2
      vertex 62.9922 48.5681 3.59715
    endloop
  endfacet
  facet normal 0.998798 0.0490174 0
    outer loop
      vertex 62.9922 48.5681 2
      vertex 63.01 48.2054 3.49316
      vertex 63.01 48.2054 2
    endloop
  endfacet
  facet normal 0.903962 -0.427613 0
    outer loop
      vertex 62.5731 46.4612 2.99303
      vertex 62.7284 46.7895 2
      vertex 62.7284 46.7895 3.08715
    endloop
  endfacet
  facet normal 0.903962 -0.427613 0
    outer loop
      vertex 62.7284 46.7895 2
      vertex 62.5731 46.4612 2.99303
      vertex 62.5731 46.4612 2
    endloop
  endfacet
  facet normal 0.595629 0.80326 0
    outer loop
      vertex 61.3656 51.2818 2
      vertex 61.6573 51.0655 4.31329
      vertex 61.6573 51.0655 2
    endloop
  endfacet
  facet normal 0.595629 0.80326 0
    outer loop
      vertex 61.6573 51.0655 4.31329
      vertex 61.3656 51.2818 2
      vertex 61.3656 51.2818 4.37531
    endloop
  endfacet
  facet normal 0.337139 0.941455 0
    outer loop
      vertex 60.3841 51.7461 2
      vertex 60.7259 51.6237 4.47335
      vertex 60.7259 51.6237 2
    endloop
  endfacet
  facet normal 0.337139 0.941455 0
    outer loop
      vertex 60.7259 51.6237 4.47335
      vertex 60.3841 51.7461 2
      vertex 60.3841 51.7461 4.50843
    endloop
  endfacet
  facet normal 0.989163 -0.146818 0
    outer loop
      vertex 62.9389 47.4836 3.28617
      vertex 62.9922 47.8427 2
      vertex 62.9922 47.8427 3.38916
    endloop
  endfacet
  facet normal 0.989163 -0.146818 0
    outer loop
      vertex 62.9922 47.8427 2
      vertex 62.9389 47.4836 3.28617
      vertex 62.9389 47.4836 2
    endloop
  endfacet
  facet normal 0.336895 -0.941542 0
    outer loop
      vertex 60.7259 44.787 2
      vertex 60.3841 44.6647 2.47788
      vertex 60.3841 44.6647 2
    endloop
  endfacet
  facet normal 0.336895 -0.941542 0
    outer loop
      vertex 60.3841 44.6647 2.47788
      vertex 60.7259 44.787 2
      vertex 60.7259 44.787 2.51296
    endloop
  endfacet
  facet normal -0.998798 -0.0490174 -0
    outer loop
      vertex 55.6278 47.8427 3.38916
      vertex 55.61 48.2054 2
      vertex 55.6278 47.8427 2
    endloop
  endfacet
  facet normal -0.998798 -0.0490174 0
    outer loop
      vertex 55.61 48.2054 2
      vertex 55.6278 47.8427 3.38916
      vertex 55.61 48.2054 3.49316
    endloop
  endfacet
  facet normal -0.671548 0.740961 0
    outer loop
      vertex 56.9627 51.0655 2
      vertex 56.6937 50.8217 4.24337
      vertex 56.9627 51.0655 4.31329
    endloop
  endfacet
  facet normal -0.671548 0.740961 0
    outer loop
      vertex 56.6937 50.8217 4.24337
      vertex 56.9627 51.0655 2
      vertex 56.6937 50.8217 2
    endloop
  endfacet
  facet normal -0.970061 -0.24286 -0
    outer loop
      vertex 55.7693 47.1313 3.18518
      vertex 55.6811 47.4836 2
      vertex 55.7693 47.1313 2
    endloop
  endfacet
  facet normal -0.970061 -0.24286 0
    outer loop
      vertex 55.6811 47.4836 2
      vertex 55.7693 47.1313 3.18518
      vertex 55.6811 47.4836 3.28617
    endloop
  endfacet
  facet normal 0.803162 0.595761 0
    outer loop
      vertex 62.3864 50.261 4.08259
      vertex 62.1701 50.5526 2
      vertex 62.1701 50.5526 4.16622
    endloop
  endfacet
  facet normal 0.803162 0.595761 0
    outer loop
      vertex 62.1701 50.5526 2
      vertex 62.3864 50.261 4.08259
      vertex 62.3864 50.261 2
    endloop
  endfacet
  facet normal -0.941542 -0.336895 -0
    outer loop
      vertex 55.8916 46.7895 3.08715
      vertex 55.7693 47.1313 2
      vertex 55.8916 46.7895 2
    endloop
  endfacet
  facet normal -0.941542 -0.336895 0
    outer loop
      vertex 55.7693 47.1313 2
      vertex 55.8916 46.7895 3.08715
      vertex 55.7693 47.1313 3.18518
    endloop
  endfacet
  facet normal -0.857663 0.514212 0
    outer loop
      vertex 56.0469 49.9496 3.99329
      vertex 56.2336 50.261 2
      vertex 56.0469 49.9496 2
    endloop
  endfacet
  facet normal -0.857663 0.514212 0
    outer loop
      vertex 56.2336 50.261 2
      vertex 56.0469 49.9496 3.99329
      vertex 56.2336 50.261 4.08259
    endloop
  endfacet
  facet normal 0.941542 -0.336895 0
    outer loop
      vertex 62.7284 46.7895 3.08715
      vertex 62.8507 47.1313 2
      vertex 62.8507 47.1313 3.18518
    endloop
  endfacet
  facet normal 0.941542 -0.336895 0
    outer loop
      vertex 62.8507 47.1313 2
      vertex 62.7284 46.7895 3.08715
      vertex 62.7284 46.7895 2
    endloop
  endfacet
  facet normal 0.857663 -0.514212 0
    outer loop
      vertex 62.3864 46.1498 2.90372
      vertex 62.5731 46.4612 2
      vertex 62.5731 46.4612 2.99303
    endloop
  endfacet
  facet normal 0.857663 -0.514212 0
    outer loop
      vertex 62.5731 46.4612 2
      vertex 62.3864 46.1498 2.90372
      vertex 62.3864 46.1498 2
    endloop
  endfacet
  facet normal 0.514212 0.857663 0
    outer loop
      vertex 61.0542 51.4685 2
      vertex 61.3656 51.2818 4.37531
      vertex 61.3656 51.2818 2
    endloop
  endfacet
  facet normal 0.514212 0.857663 0
    outer loop
      vertex 61.3656 51.2818 4.37531
      vertex 61.0542 51.4685 2
      vertex 61.0542 51.4685 4.42884
    endloop
  endfacet
  facet normal -0.24286 0.970061 0
    outer loop
      vertex 58.5882 51.8343 2
      vertex 58.2359 51.7461 4.50843
      vertex 58.5882 51.8343 4.53373
    endloop
  endfacet
  facet normal -0.24286 0.970061 0
    outer loop
      vertex 58.2359 51.7461 4.50843
      vertex 58.5882 51.8343 2
      vertex 58.2359 51.7461 2
    endloop
  endfacet
  facet normal -0.595451 -0.803391 0
    outer loop
      vertex 56.9627 45.3452 2
      vertex 57.2544 45.129 2.611
      vertex 56.9627 45.3452 2.67303
    endloop
  endfacet
  facet normal -0.595451 -0.803391 -0
    outer loop
      vertex 57.2544 45.129 2.611
      vertex 56.9627 45.3452 2
      vertex 57.2544 45.129 2
    endloop
  endfacet
  facet normal 0.427388 0.904068 0
    outer loop
      vertex 60.7259 51.6237 2
      vertex 61.0542 51.4685 4.42884
      vertex 61.0542 51.4685 2
    endloop
  endfacet
  facet normal 0.427388 0.904068 0
    outer loop
      vertex 61.0542 51.4685 4.42884
      vertex 60.7259 51.6237 2
      vertex 60.7259 51.6237 4.47335
    endloop
  endfacet
  facet normal 0.671548 0.740961 0
    outer loop
      vertex 61.6573 51.0655 2
      vertex 61.9263 50.8217 4.24337
      vertex 61.9263 50.8217 2
    endloop
  endfacet
  facet normal 0.671548 0.740961 0
    outer loop
      vertex 61.9263 50.8217 4.24337
      vertex 61.6573 51.0655 2
      vertex 61.6573 51.0655 4.31329
    endloop
  endfacet
  facet normal 0.857663 0.514212 0
    outer loop
      vertex 62.5731 49.9496 3.99329
      vertex 62.3864 50.261 2
      vertex 62.3864 50.261 4.08259
    endloop
  endfacet
  facet normal 0.857663 0.514212 0
    outer loop
      vertex 62.3864 50.261 2
      vertex 62.5731 49.9496 3.99329
      vertex 62.5731 49.9496 2
    endloop
  endfacet
  facet normal 0.903962 0.427613 0
    outer loop
      vertex 62.7284 49.6213 3.89917
      vertex 62.5731 49.9496 2
      vertex 62.5731 49.9496 3.99329
    endloop
  endfacet
  facet normal 0.903962 0.427613 0
    outer loop
      vertex 62.5731 49.9496 2
      vertex 62.7284 49.6213 3.89917
      vertex 62.7284 49.6213 2
    endloop
  endfacet
  facet normal -0.427613 -0.903962 0
    outer loop
      vertex 57.5658 44.9423 2
      vertex 57.8941 44.787 2.51296
      vertex 57.5658 44.9423 2.55748
    endloop
  endfacet
  facet normal -0.427613 -0.903962 -0
    outer loop
      vertex 57.8941 44.787 2.51296
      vertex 57.5658 44.9423 2
      vertex 57.8941 44.787 2
    endloop
  endfacet
  facet normal 0.24286 0.970061 0
    outer loop
      vertex 60.0318 51.8343 2
      vertex 60.3841 51.7461 4.50843
      vertex 60.3841 51.7461 2
    endloop
  endfacet
  facet normal 0.24286 0.970061 0
    outer loop
      vertex 60.3841 51.7461 4.50843
      vertex 60.0318 51.8343 2
      vertex 60.0318 51.8343 4.53373
    endloop
  endfacet
  facet normal 0.146818 -0.989163 0
    outer loop
      vertex 60.0318 44.5765 2
      vertex 59.6727 44.5232 2.43731
      vertex 59.6727 44.5232 2
    endloop
  endfacet
  facet normal 0.146818 -0.989163 0
    outer loop
      vertex 59.6727 44.5232 2.43731
      vertex 60.0318 44.5765 2
      vertex 60.0318 44.5765 2.45259
    endloop
  endfacet
  facet normal -0.903962 0.427613 0
    outer loop
      vertex 55.8916 49.6213 3.89917
      vertex 56.0469 49.9496 2
      vertex 55.8916 49.6213 2
    endloop
  endfacet
  facet normal -0.903962 0.427613 0
    outer loop
      vertex 56.0469 49.9496 2
      vertex 55.8916 49.6213 3.89917
      vertex 56.0469 49.9496 3.99329
    endloop
  endfacet
  facet normal 0.941574 0.336807 0
    outer loop
      vertex 62.8507 49.2794 3.80114
      vertex 62.7284 49.6213 2
      vertex 62.7284 49.6213 3.89917
    endloop
  endfacet
  facet normal 0.941574 0.336807 0
    outer loop
      vertex 62.7284 49.6213 2
      vertex 62.8507 49.2794 3.80114
      vertex 62.8507 49.2794 2
    endloop
  endfacet
  facet normal 0.427613 -0.903962 0
    outer loop
      vertex 61.0542 44.9423 2
      vertex 60.7259 44.787 2.51296
      vertex 60.7259 44.787 2
    endloop
  endfacet
  facet normal 0.427613 -0.903962 0
    outer loop
      vertex 60.7259 44.787 2.51296
      vertex 61.0542 44.9423 2
      vertex 61.0542 44.9423 2.55748
    endloop
  endfacet
  facet normal -0.741085 0.671411 0
    outer loop
      vertex 56.4499 50.5526 4.16622
      vertex 56.6937 50.8217 2
      vertex 56.4499 50.5526 2
    endloop
  endfacet
  facet normal -0.741085 0.671411 0
    outer loop
      vertex 56.6937 50.8217 2
      vertex 56.4499 50.5526 4.16622
      vertex 56.6937 50.8217 4.24337
    endloop
  endfacet
  facet normal -0.0490174 0.998798 0
    outer loop
      vertex 59.31 51.9054 2
      vertex 58.9473 51.8876 4.54901
      vertex 59.31 51.9054 4.55411
    endloop
  endfacet
  facet normal -0.0490174 0.998798 0
    outer loop
      vertex 58.9473 51.8876 4.54901
      vertex 59.31 51.9054 2
      vertex 58.9473 51.8876 2
    endloop
  endfacet
  facet normal -0.595629 0.80326 0
    outer loop
      vertex 57.2544 51.2818 2
      vertex 56.9627 51.0655 4.31329
      vertex 57.2544 51.2818 4.37531
    endloop
  endfacet
  facet normal -0.595629 0.80326 0
    outer loop
      vertex 56.9627 51.0655 4.31329
      vertex 57.2544 51.2818 2
      vertex 56.9627 51.0655 2
    endloop
  endfacet
  facet normal 0.0490174 0.998798 0
    outer loop
      vertex 59.31 51.9054 2
      vertex 59.6727 51.8876 4.54901
      vertex 59.6727 51.8876 2
    endloop
  endfacet
  facet normal 0.0490174 0.998798 0
    outer loop
      vertex 59.6727 51.8876 4.54901
      vertex 59.31 51.9054 2
      vertex 59.31 51.9054 4.55411
    endloop
  endfacet
  facet normal -0.336895 -0.941542 0
    outer loop
      vertex 57.8941 44.787 2
      vertex 58.2359 44.6647 2.47788
      vertex 57.8941 44.787 2.51296
    endloop
  endfacet
  facet normal -0.336895 -0.941542 -0
    outer loop
      vertex 58.2359 44.6647 2.47788
      vertex 57.8941 44.787 2
      vertex 58.2359 44.6647 2
    endloop
  endfacet
  facet normal -0.146818 0.989163 0
    outer loop
      vertex 58.9473 51.8876 2
      vertex 58.5882 51.8343 4.53373
      vertex 58.9473 51.8876 4.54901
    endloop
  endfacet
  facet normal -0.146818 0.989163 0
    outer loop
      vertex 58.5882 51.8343 4.53373
      vertex 58.9473 51.8876 2
      vertex 58.5882 51.8343 2
    endloop
  endfacet
  facet normal 0.146818 0.989163 0
    outer loop
      vertex 59.6727 51.8876 2
      vertex 60.0318 51.8343 4.53373
      vertex 60.0318 51.8343 2
    endloop
  endfacet
  facet normal 0.146818 0.989163 0
    outer loop
      vertex 60.0318 51.8343 4.53373
      vertex 59.6727 51.8876 2
      vertex 59.6727 51.8876 4.54901
    endloop
  endfacet
  facet normal 0.970061 -0.24286 0
    outer loop
      vertex 62.8507 47.1313 3.18518
      vertex 62.9389 47.4836 2
      vertex 62.9389 47.4836 3.28617
    endloop
  endfacet
  facet normal 0.970061 -0.24286 0
    outer loop
      vertex 62.9389 47.4836 2
      vertex 62.8507 47.1313 3.18518
      vertex 62.8507 47.1313 2
    endloop
  endfacet
  facet normal 0.0490174 -0.998798 0
    outer loop
      vertex 59.6727 44.5232 2
      vertex 59.31 44.5054 2.4322
      vertex 59.31 44.5054 2
    endloop
  endfacet
  facet normal 0.0490174 -0.998798 0
    outer loop
      vertex 59.31 44.5054 2.4322
      vertex 59.6727 44.5232 2
      vertex 59.6727 44.5232 2.43731
    endloop
  endfacet
  facet normal 0.740961 -0.671548 0
    outer loop
      vertex 61.9263 45.5891 2.74295
      vertex 62.1701 45.8581 2
      vertex 62.1701 45.8581 2.82009
    endloop
  endfacet
  facet normal 0.740961 -0.671548 0
    outer loop
      vertex 62.1701 45.8581 2
      vertex 61.9263 45.5891 2.74295
      vertex 61.9263 45.5891 2
    endloop
  endfacet
  facet normal 0.80326 -0.595629 0
    outer loop
      vertex 62.1701 45.8581 2.82009
      vertex 62.3864 46.1498 2
      vertex 62.3864 46.1498 2.90372
    endloop
  endfacet
  facet normal 0.80326 -0.595629 0
    outer loop
      vertex 62.3864 46.1498 2
      vertex 62.1701 45.8581 2.82009
      vertex 62.1701 45.8581 2
    endloop
  endfacet
  facet normal -0.146818 -0.989163 0
    outer loop
      vertex 58.5882 44.5765 2
      vertex 58.9473 44.5232 2.43731
      vertex 58.5882 44.5765 2.45259
    endloop
  endfacet
  facet normal -0.146818 -0.989163 -0
    outer loop
      vertex 58.9473 44.5232 2.43731
      vertex 58.5882 44.5765 2
      vertex 58.9473 44.5232 2
    endloop
  endfacet
  facet normal -0.941574 0.336807 0
    outer loop
      vertex 55.7693 49.2794 3.80114
      vertex 55.8916 49.6213 2
      vertex 55.7693 49.2794 2
    endloop
  endfacet
  facet normal -0.941574 0.336807 0
    outer loop
      vertex 55.8916 49.6213 2
      vertex 55.7693 49.2794 3.80114
      vertex 55.8916 49.6213 3.89917
    endloop
  endfacet
  facet normal 0.595451 -0.803391 0
    outer loop
      vertex 61.6573 45.3452 2
      vertex 61.3656 45.129 2.611
      vertex 61.3656 45.129 2
    endloop
  endfacet
  facet normal 0.595451 -0.803391 0
    outer loop
      vertex 61.3656 45.129 2.611
      vertex 61.6573 45.3452 2
      vertex 61.6573 45.3452 2.67303
    endloop
  endfacet
  facet normal -0.989163 0.146818 0
    outer loop
      vertex 55.6278 48.5681 3.59715
      vertex 55.6811 48.9272 2
      vertex 55.6278 48.5681 2
    endloop
  endfacet
  facet normal -0.989163 0.146818 0
    outer loop
      vertex 55.6811 48.9272 2
      vertex 55.6278 48.5681 3.59715
      vertex 55.6811 48.9272 3.70014
    endloop
  endfacet
  facet normal 0.24286 -0.970061 0
    outer loop
      vertex 60.3841 44.6647 2
      vertex 60.0318 44.5765 2.45259
      vertex 60.0318 44.5765 2
    endloop
  endfacet
  facet normal 0.24286 -0.970061 0
    outer loop
      vertex 60.0318 44.5765 2.45259
      vertex 60.3841 44.6647 2
      vertex 60.3841 44.6647 2.47788
    endloop
  endfacet
  facet normal -0.903962 -0.427613 -0
    outer loop
      vertex 56.0469 46.4612 2.99303
      vertex 55.8916 46.7895 2
      vertex 56.0469 46.4612 2
    endloop
  endfacet
  facet normal -0.903962 -0.427613 0
    outer loop
      vertex 55.8916 46.7895 2
      vertex 56.0469 46.4612 2.99303
      vertex 55.8916 46.7895 3.08715
    endloop
  endfacet
  facet normal -0.24286 -0.970061 0
    outer loop
      vertex 58.2359 44.6647 2
      vertex 58.5882 44.5765 2.45259
      vertex 58.2359 44.6647 2.47788
    endloop
  endfacet
  facet normal -0.24286 -0.970061 -0
    outer loop
      vertex 58.5882 44.5765 2.45259
      vertex 58.2359 44.6647 2
      vertex 58.5882 44.5765 2
    endloop
  endfacet
  facet normal 0.998798 -0.0490174 0
    outer loop
      vertex 62.9922 47.8427 3.38916
      vertex 63.01 48.2054 2
      vertex 63.01 48.2054 3.49316
    endloop
  endfacet
  facet normal 0.998798 -0.0490174 0
    outer loop
      vertex 63.01 48.2054 2
      vertex 62.9922 47.8427 3.38916
      vertex 62.9922 47.8427 2
    endloop
  endfacet
  facet normal 0.970045 0.242924 0
    outer loop
      vertex 62.9389 48.9272 3.70014
      vertex 62.8507 49.2794 2
      vertex 62.8507 49.2794 3.80114
    endloop
  endfacet
  facet normal 0.970045 0.242924 0
    outer loop
      vertex 62.8507 49.2794 2
      vertex 62.9389 48.9272 3.70014
      vertex 62.9389 48.9272 2
    endloop
  endfacet
  facet normal -0.740961 -0.671548 -0
    outer loop
      vertex 56.6937 45.5891 2.74295
      vertex 56.4499 45.8581 2
      vertex 56.6937 45.5891 2
    endloop
  endfacet
  facet normal -0.740961 -0.671548 0
    outer loop
      vertex 56.4499 45.8581 2
      vertex 56.6937 45.5891 2.74295
      vertex 56.4499 45.8581 2.82009
    endloop
  endfacet
  facet normal -0.857663 -0.514212 -0
    outer loop
      vertex 56.2336 46.1498 2.90372
      vertex 56.0469 46.4612 2
      vertex 56.2336 46.1498 2
    endloop
  endfacet
  facet normal -0.857663 -0.514212 0
    outer loop
      vertex 56.0469 46.4612 2
      vertex 56.2336 46.1498 2.90372
      vertex 56.0469 46.4612 2.99303
    endloop
  endfacet
  facet normal -0.337139 0.941455 0
    outer loop
      vertex 58.2359 51.7461 2
      vertex 57.8941 51.6237 4.47335
      vertex 58.2359 51.7461 4.50843
    endloop
  endfacet
  facet normal -0.337139 0.941455 0
    outer loop
      vertex 57.8941 51.6237 4.47335
      vertex 58.2359 51.7461 2
      vertex 57.8941 51.6237 2
    endloop
  endfacet
  facet normal -0.514212 -0.857663 0
    outer loop
      vertex 57.2544 45.129 2
      vertex 57.5658 44.9423 2.55748
      vertex 57.2544 45.129 2.611
    endloop
  endfacet
  facet normal -0.514212 -0.857663 -0
    outer loop
      vertex 57.5658 44.9423 2.55748
      vertex 57.2544 45.129 2
      vertex 57.5658 44.9423 2
    endloop
  endfacet
  facet normal -0.970045 0.242924 0
    outer loop
      vertex 55.6811 48.9272 3.70014
      vertex 55.7693 49.2794 2
      vertex 55.6811 48.9272 2
    endloop
  endfacet
  facet normal -0.970045 0.242924 0
    outer loop
      vertex 55.7693 49.2794 2
      vertex 55.6811 48.9272 3.70014
      vertex 55.7693 49.2794 3.80114
    endloop
  endfacet
  facet normal -0.80326 -0.595629 -0
    outer loop
      vertex 56.4499 45.8581 2.82009
      vertex 56.2336 46.1498 2
      vertex 56.4499 45.8581 2
    endloop
  endfacet
  facet normal -0.80326 -0.595629 0
    outer loop
      vertex 56.2336 46.1498 2
      vertex 56.4499 45.8581 2.82009
      vertex 56.2336 46.1498 2.90372
    endloop
  endfacet
  facet normal -0.514212 0.857663 0
    outer loop
      vertex 57.5658 51.4685 2
      vertex 57.2544 51.2818 4.37531
      vertex 57.5658 51.4685 4.42884
    endloop
  endfacet
  facet normal -0.514212 0.857663 0
    outer loop
      vertex 57.2544 51.2818 4.37531
      vertex 57.5658 51.4685 2
      vertex 57.2544 51.2818 2
    endloop
  endfacet
  facet normal -0.427388 0.904068 0
    outer loop
      vertex 57.8941 51.6237 2
      vertex 57.5658 51.4685 4.42884
      vertex 57.8941 51.6237 4.47335
    endloop
  endfacet
  facet normal -0.427388 0.904068 0
    outer loop
      vertex 57.5658 51.4685 4.42884
      vertex 57.8941 51.6237 2
      vertex 57.5658 51.4685 2
    endloop
  endfacet
  facet normal -0.989163 -0.146818 -0
    outer loop
      vertex 55.6811 47.4836 3.28617
      vertex 55.6278 47.8427 2
      vertex 55.6811 47.4836 2
    endloop
  endfacet
  facet normal -0.989163 -0.146818 0
    outer loop
      vertex 55.6278 47.8427 2
      vertex 55.6811 47.4836 3.28617
      vertex 55.6278 47.8427 3.38916
    endloop
  endfacet
  facet normal 0.514212 -0.857663 0
    outer loop
      vertex 61.3656 45.129 2
      vertex 61.0542 44.9423 2.55748
      vertex 61.0542 44.9423 2
    endloop
  endfacet
  facet normal 0.514212 -0.857663 0
    outer loop
      vertex 61.0542 44.9423 2.55748
      vertex 61.3656 45.129 2
      vertex 61.3656 45.129 2.611
    endloop
  endfacet
  facet normal -0.671699 -0.740824 0
    outer loop
      vertex 56.6937 45.5891 2
      vertex 56.9627 45.3452 2.67303
      vertex 56.6937 45.5891 2.74295
    endloop
  endfacet
  facet normal -0.671699 -0.740824 -0
    outer loop
      vertex 56.9627 45.3452 2.67303
      vertex 56.6937 45.5891 2
      vertex 56.9627 45.3452 2
    endloop
  endfacet
  facet normal -0.803162 0.595761 0
    outer loop
      vertex 56.2336 50.261 4.08259
      vertex 56.4499 50.5526 2
      vertex 56.2336 50.261 2
    endloop
  endfacet
  facet normal -0.803162 0.595761 0
    outer loop
      vertex 56.4499 50.5526 2
      vertex 56.2336 50.261 4.08259
      vertex 56.4499 50.5526 4.16622
    endloop
  endfacet
  facet normal -0.0490174 -0.998798 0
    outer loop
      vertex 58.9473 44.5232 2
      vertex 59.31 44.5054 2.4322
      vertex 58.9473 44.5232 2.43731
    endloop
  endfacet
  facet normal -0.0490174 -0.998798 -0
    outer loop
      vertex 59.31 44.5054 2.4322
      vertex 58.9473 44.5232 2
      vertex 59.31 44.5054 2
    endloop
  endfacet
  facet normal -0.998798 0.0490174 0
    outer loop
      vertex 55.61 48.2054 3.49316
      vertex 55.6278 48.5681 2
      vertex 55.61 48.2054 2
    endloop
  endfacet
  facet normal -0.998798 0.0490174 0
    outer loop
      vertex 55.6278 48.5681 2
      vertex 55.61 48.2054 3.49316
      vertex 55.6278 48.5681 3.59715
    endloop
  endfacet
  facet normal 0.671699 -0.740824 0
    outer loop
      vertex 61.9263 45.5891 2
      vertex 61.6573 45.3452 2.67303
      vertex 61.6573 45.3452 2
    endloop
  endfacet
  facet normal 0.671699 -0.740824 0
    outer loop
      vertex 61.6573 45.3452 2.67303
      vertex 61.9263 45.5891 2
      vertex 61.9263 45.5891 2.74295
    endloop
  endfacet
  facet normal -0.857745 0.514076 0
    outer loop
      vertex 61.3887 46.8165 3.09489
      vertex 61.5148 47.0269 2
      vertex 61.3887 46.8165 2
    endloop
  endfacet
  facet normal -0.857745 0.514076 0
    outer loop
      vertex 61.5148 47.0269 2
      vertex 61.3887 46.8165 3.09489
      vertex 61.5148 47.0269 3.15523
    endloop
  endfacet
  facet normal -0.989177 -0.146726 -0
    outer loop
      vertex 61.798 48.4504 3.56342
      vertex 61.762 48.6931 2
      vertex 61.798 48.4504 2
    endloop
  endfacet
  facet normal -0.989177 -0.146726 0
    outer loop
      vertex 61.762 48.6931 2
      vertex 61.798 48.4504 3.56342
      vertex 61.762 48.6931 3.63301
    endloop
  endfacet
  facet normal -0.998803 -0.0489209 -0
    outer loop
      vertex 61.81 48.2054 3.49316
      vertex 61.798 48.4504 2
      vertex 61.81 48.2054 2
    endloop
  endfacet
  facet normal -0.998803 -0.0489209 0
    outer loop
      vertex 61.798 48.4504 2
      vertex 61.81 48.2054 3.49316
      vertex 61.798 48.4504 3.56342
    endloop
  endfacet
  facet normal -0.970047 -0.242919 -0
    outer loop
      vertex 61.762 48.6931 3.63301
      vertex 61.7024 48.9311 2
      vertex 61.762 48.6931 2
    endloop
  endfacet
  facet normal -0.970047 -0.242919 0
    outer loop
      vertex 61.7024 48.9311 2
      vertex 61.762 48.6931 3.63301
      vertex 61.7024 48.9311 3.70125
    endloop
  endfacet
  facet normal -0.857745 -0.514076 -0
    outer loop
      vertex 61.5148 49.3839 3.83108
      vertex 61.3887 49.5943 2
      vertex 61.5148 49.3839 2
    endloop
  endfacet
  facet normal -0.857745 -0.514076 0
    outer loop
      vertex 61.3887 49.5943 2
      vertex 61.5148 49.3839 3.83108
      vertex 61.3887 49.5943 3.89142
    endloop
  endfacet
  facet normal 0.970047 0.242919 0
    outer loop
      vertex 56.9176 47.4797 3.28506
      vertex 56.858 47.7177 2
      vertex 56.858 47.7177 3.3533
    endloop
  endfacet
  facet normal 0.970047 0.242919 0
    outer loop
      vertex 56.858 47.7177 2
      vertex 56.9176 47.4797 3.28506
      vertex 56.9176 47.4797 2
    endloop
  endfacet
  facet normal -0.941483 0.337059 0
    outer loop
      vertex 61.6197 47.2487 3.21883
      vertex 61.7024 47.4797 2
      vertex 61.6197 47.2487 2
    endloop
  endfacet
  facet normal -0.941483 0.337059 0
    outer loop
      vertex 61.7024 47.4797 2
      vertex 61.6197 47.2487 3.21883
      vertex 61.7024 47.4797 3.28506
    endloop
  endfacet
  facet normal -0.803167 0.595754 0
    outer loop
      vertex 61.2425 46.6194 3.03838
      vertex 61.3887 46.8165 2
      vertex 61.2425 46.6194 2
    endloop
  endfacet
  facet normal -0.803167 0.595754 0
    outer loop
      vertex 61.3887 46.8165 2
      vertex 61.2425 46.6194 3.03838
      vertex 61.3887 46.8165 3.09489
    endloop
  endfacet
  facet normal 0.941483 -0.337059 0
    outer loop
      vertex 56.9176 48.9311 3.70125
      vertex 57.0003 49.1621 2
      vertex 57.0003 49.1621 3.76749
    endloop
  endfacet
  facet normal 0.941483 -0.337059 0
    outer loop
      vertex 57.0003 49.1621 2
      vertex 56.9176 48.9311 3.70125
      vertex 56.9176 48.9311 2
    endloop
  endfacet
  facet normal -0.671394 -0.741101 0
    outer loop
      vertex 60.896 50.1379 2
      vertex 61.0778 49.9732 4.00006
      vertex 60.896 50.1379 4.0473
    endloop
  endfacet
  facet normal -0.671394 -0.741101 -0
    outer loop
      vertex 61.0778 49.9732 4.00006
      vertex 60.896 50.1379 2
      vertex 61.0778 49.9732 2
    endloop
  endfacet
  facet normal -0.741101 -0.671394 -0
    outer loop
      vertex 61.2425 49.7914 3.94793
      vertex 61.0778 49.9732 2
      vertex 61.2425 49.7914 2
    endloop
  endfacet
  facet normal -0.741101 -0.671394 0
    outer loop
      vertex 61.0778 49.9732 2
      vertex 61.2425 49.7914 3.94793
      vertex 61.0778 49.9732 4.00006
    endloop
  endfacet
  facet normal 0.671394 -0.741101 0
    outer loop
      vertex 57.724 50.1379 2
      vertex 57.5422 49.9732 4.00006
      vertex 57.5422 49.9732 2
    endloop
  endfacet
  facet normal 0.671394 -0.741101 0
    outer loop
      vertex 57.5422 49.9732 4.00006
      vertex 57.724 50.1379 2
      vertex 57.724 50.1379 4.0473
    endloop
  endfacet
  facet normal -0.514076 -0.857745 0
    outer loop
      vertex 60.4885 50.4102 2
      vertex 60.6989 50.2841 4.08921
      vertex 60.4885 50.4102 4.12537
    endloop
  endfacet
  facet normal -0.514076 -0.857745 -0
    outer loop
      vertex 60.6989 50.2841 4.08921
      vertex 60.4885 50.4102 2
      vertex 60.6989 50.2841 2
    endloop
  endfacet
  facet normal -0.595754 -0.803167 0
    outer loop
      vertex 60.6989 50.2841 2
      vertex 60.896 50.1379 4.0473
      vertex 60.6989 50.2841 4.08921
    endloop
  endfacet
  facet normal -0.595754 -0.803167 -0
    outer loop
      vertex 60.896 50.1379 4.0473
      vertex 60.6989 50.2841 2
      vertex 60.896 50.1379 2
    endloop
  endfacet
  facet normal -0.337059 0.941483 0
    outer loop
      vertex 60.2667 45.8957 2
      vertex 60.0357 45.813 2.80716
      vertex 60.2667 45.8957 2.83086
    endloop
  endfacet
  facet normal -0.337059 0.941483 0
    outer loop
      vertex 60.0357 45.813 2.80716
      vertex 60.2667 45.8957 2
      vertex 60.0357 45.813 2
    endloop
  endfacet
  facet normal 0.146726 0.989177 0
    outer loop
      vertex 58.8223 45.7534 2
      vertex 59.065 45.7174 2.77975
      vertex 59.065 45.7174 2
    endloop
  endfacet
  facet normal 0.146726 0.989177 0
    outer loop
      vertex 59.065 45.7174 2.77975
      vertex 58.8223 45.7534 2
      vertex 58.8223 45.7534 2.79007
    endloop
  endfacet
  facet normal -0.0489209 -0.998803 0
    outer loop
      vertex 59.31 50.7054 2
      vertex 59.555 50.6934 4.20657
      vertex 59.31 50.7054 4.21002
    endloop
  endfacet
  facet normal -0.0489209 -0.998803 -0
    outer loop
      vertex 59.555 50.6934 4.20657
      vertex 59.31 50.7054 2
      vertex 59.555 50.6934 2
    endloop
  endfacet
  facet normal 0.857745 -0.514076 0
    outer loop
      vertex 57.1052 49.3839 3.83108
      vertex 57.2313 49.5943 2
      vertex 57.2313 49.5943 3.89142
    endloop
  endfacet
  facet normal 0.857745 -0.514076 0
    outer loop
      vertex 57.2313 49.5943 2
      vertex 57.1052 49.3839 3.83108
      vertex 57.1052 49.3839 2
    endloop
  endfacet
  facet normal 0.0489209 0.998803 0
    outer loop
      vertex 59.065 45.7174 2
      vertex 59.31 45.7054 2.77629
      vertex 59.31 45.7054 2
    endloop
  endfacet
  facet normal 0.0489209 0.998803 0
    outer loop
      vertex 59.31 45.7054 2.77629
      vertex 59.065 45.7174 2
      vertex 59.065 45.7174 2.77975
    endloop
  endfacet
  facet normal 0.989177 -0.146726 0
    outer loop
      vertex 56.822 48.4504 3.56342
      vertex 56.858 48.6931 2
      vertex 56.858 48.6931 3.63301
    endloop
  endfacet
  facet normal 0.989177 -0.146726 0
    outer loop
      vertex 56.858 48.6931 2
      vertex 56.822 48.4504 3.56342
      vertex 56.822 48.4504 2
    endloop
  endfacet
  facet normal -0.998804 0.048901 0
    outer loop
      vertex 61.798 47.9603 3.42289
      vertex 61.81 48.2054 2
      vertex 61.798 47.9603 2
    endloop
  endfacet
  facet normal -0.998804 0.048901 0
    outer loop
      vertex 61.81 48.2054 2
      vertex 61.798 47.9603 3.42289
      vertex 61.81 48.2054 3.49316
    endloop
  endfacet
  facet normal 0.903995 0.427543 0
    outer loop
      vertex 57.1052 47.0269 3.15523
      vertex 57.0003 47.2487 2
      vertex 57.0003 47.2487 3.21883
    endloop
  endfacet
  facet normal 0.903995 0.427543 0
    outer loop
      vertex 57.0003 47.2487 2
      vertex 57.1052 47.0269 3.15523
      vertex 57.1052 47.0269 2
    endloop
  endfacet
  facet normal 0.998804 0.048901 0
    outer loop
      vertex 56.822 47.9603 3.42289
      vertex 56.81 48.2054 2
      vertex 56.81 48.2054 3.49316
    endloop
  endfacet
  facet normal 0.998804 0.048901 0
    outer loop
      vertex 56.81 48.2054 2
      vertex 56.822 47.9603 3.42289
      vertex 56.822 47.9603 2
    endloop
  endfacet
  facet normal -0.514076 0.857745 0
    outer loop
      vertex 60.6989 46.1267 2
      vertex 60.4885 46.0006 2.86094
      vertex 60.6989 46.1267 2.89711
    endloop
  endfacet
  facet normal -0.514076 0.857745 0
    outer loop
      vertex 60.4885 46.0006 2.86094
      vertex 60.6989 46.1267 2
      vertex 60.4885 46.0006 2
    endloop
  endfacet
  facet normal 0.427543 0.903995 0
    outer loop
      vertex 58.1315 46.0006 2
      vertex 58.3533 45.8957 2.83086
      vertex 58.3533 45.8957 2
    endloop
  endfacet
  facet normal 0.427543 0.903995 0
    outer loop
      vertex 58.3533 45.8957 2.83086
      vertex 58.1315 46.0006 2
      vertex 58.1315 46.0006 2.86094
    endloop
  endfacet
  facet normal -0.903995 -0.427543 -0
    outer loop
      vertex 61.6197 49.1621 3.76749
      vertex 61.5148 49.3839 2
      vertex 61.6197 49.1621 2
    endloop
  endfacet
  facet normal -0.903995 -0.427543 0
    outer loop
      vertex 61.5148 49.3839 2
      vertex 61.6197 49.1621 3.76749
      vertex 61.5148 49.3839 3.83108
    endloop
  endfacet
  facet normal 0.427543 -0.903995 0
    outer loop
      vertex 58.3533 50.5151 2
      vertex 58.1315 50.4102 4.12537
      vertex 58.1315 50.4102 2
    endloop
  endfacet
  facet normal 0.427543 -0.903995 0
    outer loop
      vertex 58.1315 50.4102 4.12537
      vertex 58.3533 50.5151 2
      vertex 58.3533 50.5151 4.15545
    endloop
  endfacet
  facet normal 0.243303 -0.96995 0
    outer loop
      vertex 58.8223 50.6574 2
      vertex 58.5843 50.5977 4.17915
      vertex 58.5843 50.5977 2
    endloop
  endfacet
  facet normal 0.243303 -0.96995 0
    outer loop
      vertex 58.5843 50.5977 4.17915
      vertex 58.8223 50.6574 2
      vertex 58.8223 50.6574 4.19625
    endloop
  endfacet
  facet normal 0.595754 -0.803167 0
    outer loop
      vertex 57.9211 50.2841 2
      vertex 57.724 50.1379 4.0473
      vertex 57.724 50.1379 2
    endloop
  endfacet
  facet normal 0.595754 -0.803167 0
    outer loop
      vertex 57.724 50.1379 4.0473
      vertex 57.9211 50.2841 2
      vertex 57.9211 50.2841 4.08921
    endloop
  endfacet
  facet normal -0.146726 0.989177 0
    outer loop
      vertex 59.7977 45.7534 2
      vertex 59.555 45.7174 2.77975
      vertex 59.7977 45.7534 2.79007
    endloop
  endfacet
  facet normal -0.146726 0.989177 0
    outer loop
      vertex 59.555 45.7174 2.77975
      vertex 59.7977 45.7534 2
      vertex 59.555 45.7174 2
    endloop
  endfacet
  facet normal 0.941483 0.337059 0
    outer loop
      vertex 57.0003 47.2487 3.21883
      vertex 56.9176 47.4797 2
      vertex 56.9176 47.4797 3.28506
    endloop
  endfacet
  facet normal 0.941483 0.337059 0
    outer loop
      vertex 56.9176 47.4797 2
      vertex 57.0003 47.2487 3.21883
      vertex 57.0003 47.2487 2
    endloop
  endfacet
  facet normal -0.741101 0.671394 0
    outer loop
      vertex 61.0778 46.4376 2.98626
      vertex 61.2425 46.6194 2
      vertex 61.0778 46.4376 2
    endloop
  endfacet
  facet normal -0.741101 0.671394 0
    outer loop
      vertex 61.2425 46.6194 2
      vertex 61.0778 46.4376 2.98626
      vertex 61.2425 46.6194 3.03838
    endloop
  endfacet
  facet normal -0.989168 0.146785 0
    outer loop
      vertex 61.762 47.7177 3.3533
      vertex 61.798 47.9603 2
      vertex 61.762 47.7177 2
    endloop
  endfacet
  facet normal -0.989168 0.146785 0
    outer loop
      vertex 61.798 47.9603 2
      vertex 61.762 47.7177 3.3533
      vertex 61.798 47.9603 3.42289
    endloop
  endfacet
  facet normal -0.427543 0.903995 0
    outer loop
      vertex 60.4885 46.0006 2
      vertex 60.2667 45.8957 2.83086
      vertex 60.4885 46.0006 2.86094
    endloop
  endfacet
  facet normal -0.427543 0.903995 0
    outer loop
      vertex 60.2667 45.8957 2.83086
      vertex 60.4885 46.0006 2
      vertex 60.2667 45.8957 2
    endloop
  endfacet
  facet normal 0.337059 0.941483 0
    outer loop
      vertex 58.3533 45.8957 2
      vertex 58.5843 45.813 2.80716
      vertex 58.5843 45.813 2
    endloop
  endfacet
  facet normal 0.337059 0.941483 0
    outer loop
      vertex 58.5843 45.813 2.80716
      vertex 58.3533 45.8957 2
      vertex 58.3533 45.8957 2.83086
    endloop
  endfacet
  facet normal 0.336698 -0.941613 0
    outer loop
      vertex 58.5843 50.5977 2
      vertex 58.3533 50.5151 4.15545
      vertex 58.3533 50.5151 2
    endloop
  endfacet
  facet normal 0.336698 -0.941613 0
    outer loop
      vertex 58.3533 50.5151 4.15545
      vertex 58.5843 50.5977 2
      vertex 58.5843 50.5977 4.17915
    endloop
  endfacet
  facet normal -0.803167 -0.595754 -0
    outer loop
      vertex 61.3887 49.5943 3.89142
      vertex 61.2425 49.7914 2
      vertex 61.3887 49.5943 2
    endloop
  endfacet
  facet normal -0.803167 -0.595754 0
    outer loop
      vertex 61.2425 49.7914 2
      vertex 61.3887 49.5943 3.89142
      vertex 61.2425 49.7914 3.94793
    endloop
  endfacet
  facet normal 0.595754 0.803167 0
    outer loop
      vertex 57.724 46.2729 2
      vertex 57.9211 46.1267 2.89711
      vertex 57.9211 46.1267 2
    endloop
  endfacet
  facet normal 0.595754 0.803167 0
    outer loop
      vertex 57.9211 46.1267 2.89711
      vertex 57.724 46.2729 2
      vertex 57.724 46.2729 2.93901
    endloop
  endfacet
  facet normal 0.970047 -0.242919 0
    outer loop
      vertex 56.858 48.6931 3.63301
      vertex 56.9176 48.9311 2
      vertex 56.9176 48.9311 3.70125
    endloop
  endfacet
  facet normal 0.970047 -0.242919 0
    outer loop
      vertex 56.9176 48.9311 2
      vertex 56.858 48.6931 3.63301
      vertex 56.858 48.6931 2
    endloop
  endfacet
  facet normal 0.514076 0.857745 0
    outer loop
      vertex 57.9211 46.1267 2
      vertex 58.1315 46.0006 2.86094
      vertex 58.1315 46.0006 2
    endloop
  endfacet
  facet normal 0.514076 0.857745 0
    outer loop
      vertex 58.1315 46.0006 2.86094
      vertex 57.9211 46.1267 2
      vertex 57.9211 46.1267 2.89711
    endloop
  endfacet
  facet normal -0.0489209 0.998803 0
    outer loop
      vertex 59.555 45.7174 2
      vertex 59.31 45.7054 2.77629
      vertex 59.555 45.7174 2.77975
    endloop
  endfacet
  facet normal -0.0489209 0.998803 0
    outer loop
      vertex 59.31 45.7054 2.77629
      vertex 59.555 45.7174 2
      vertex 59.31 45.7054 2
    endloop
  endfacet
  facet normal -0.243303 -0.96995 0
    outer loop
      vertex 59.7977 50.6574 2
      vertex 60.0357 50.5977 4.17915
      vertex 59.7977 50.6574 4.19625
    endloop
  endfacet
  facet normal -0.243303 -0.96995 -0
    outer loop
      vertex 60.0357 50.5977 4.17915
      vertex 59.7977 50.6574 2
      vertex 60.0357 50.5977 2
    endloop
  endfacet
  facet normal -0.146726 -0.989177 0
    outer loop
      vertex 59.555 50.6934 2
      vertex 59.7977 50.6574 4.19625
      vertex 59.555 50.6934 4.20657
    endloop
  endfacet
  facet normal -0.146726 -0.989177 -0
    outer loop
      vertex 59.7977 50.6574 4.19625
      vertex 59.555 50.6934 2
      vertex 59.7977 50.6574 2
    endloop
  endfacet
  facet normal -0.427543 -0.903995 0
    outer loop
      vertex 60.2667 50.5151 2
      vertex 60.4885 50.4102 4.12537
      vertex 60.2667 50.5151 4.15545
    endloop
  endfacet
  facet normal -0.427543 -0.903995 -0
    outer loop
      vertex 60.4885 50.4102 4.12537
      vertex 60.2667 50.5151 2
      vertex 60.4885 50.4102 2
    endloop
  endfacet
  facet normal 0.803167 -0.595754 0
    outer loop
      vertex 57.2313 49.5943 3.89142
      vertex 57.3775 49.7914 2
      vertex 57.3775 49.7914 3.94793
    endloop
  endfacet
  facet normal 0.803167 -0.595754 0
    outer loop
      vertex 57.3775 49.7914 2
      vertex 57.2313 49.5943 3.89142
      vertex 57.2313 49.5943 2
    endloop
  endfacet
  facet normal -0.903995 0.427543 0
    outer loop
      vertex 61.5148 47.0269 3.15523
      vertex 61.6197 47.2487 2
      vertex 61.5148 47.0269 2
    endloop
  endfacet
  facet normal -0.903995 0.427543 0
    outer loop
      vertex 61.6197 47.2487 2
      vertex 61.5148 47.0269 3.15523
      vertex 61.6197 47.2487 3.21883
    endloop
  endfacet
  facet normal -0.941483 -0.337059 -0
    outer loop
      vertex 61.7024 48.9311 3.70125
      vertex 61.6197 49.1621 2
      vertex 61.7024 48.9311 2
    endloop
  endfacet
  facet normal -0.941483 -0.337059 0
    outer loop
      vertex 61.6197 49.1621 2
      vertex 61.7024 48.9311 3.70125
      vertex 61.6197 49.1621 3.76749
    endloop
  endfacet
  facet normal 0.803167 0.595754 0
    outer loop
      vertex 57.3775 46.6194 3.03838
      vertex 57.2313 46.8165 2
      vertex 57.2313 46.8165 3.09489
    endloop
  endfacet
  facet normal 0.803167 0.595754 0
    outer loop
      vertex 57.2313 46.8165 2
      vertex 57.3775 46.6194 3.03838
      vertex 57.3775 46.6194 2
    endloop
  endfacet
  facet normal 0.514076 -0.857745 0
    outer loop
      vertex 58.1315 50.4102 2
      vertex 57.9211 50.2841 4.08921
      vertex 57.9211 50.2841 2
    endloop
  endfacet
  facet normal 0.514076 -0.857745 0
    outer loop
      vertex 57.9211 50.2841 4.08921
      vertex 58.1315 50.4102 2
      vertex 58.1315 50.4102 4.12537
    endloop
  endfacet
  facet normal -0.595754 0.803167 0
    outer loop
      vertex 60.896 46.2729 2
      vertex 60.6989 46.1267 2.89711
      vertex 60.896 46.2729 2.93901
    endloop
  endfacet
  facet normal -0.595754 0.803167 0
    outer loop
      vertex 60.6989 46.1267 2.89711
      vertex 60.896 46.2729 2
      vertex 60.6989 46.1267 2
    endloop
  endfacet
  facet normal 0.0489209 -0.998803 0
    outer loop
      vertex 59.31 50.7054 2
      vertex 59.065 50.6934 4.20657
      vertex 59.065 50.6934 2
    endloop
  endfacet
  facet normal 0.0489209 -0.998803 0
    outer loop
      vertex 59.065 50.6934 4.20657
      vertex 59.31 50.7054 2
      vertex 59.31 50.7054 4.21002
    endloop
  endfacet
  facet normal -0.336698 -0.941613 0
    outer loop
      vertex 60.0357 50.5977 2
      vertex 60.2667 50.5151 4.15545
      vertex 60.0357 50.5977 4.17915
    endloop
  endfacet
  facet normal -0.336698 -0.941613 -0
    outer loop
      vertex 60.2667 50.5151 4.15545
      vertex 60.0357 50.5977 2
      vertex 60.2667 50.5151 2
    endloop
  endfacet
  facet normal 0.998803 -0.0489209 0
    outer loop
      vertex 56.81 48.2054 3.49316
      vertex 56.822 48.4504 2
      vertex 56.822 48.4504 3.56342
    endloop
  endfacet
  facet normal 0.998803 -0.0489209 0
    outer loop
      vertex 56.822 48.4504 2
      vertex 56.81 48.2054 3.49316
      vertex 56.81 48.2054 2
    endloop
  endfacet
  facet normal 0.146726 -0.989177 0
    outer loop
      vertex 59.065 50.6934 2
      vertex 58.8223 50.6574 4.19625
      vertex 58.8223 50.6574 2
    endloop
  endfacet
  facet normal 0.146726 -0.989177 0
    outer loop
      vertex 58.8223 50.6574 4.19625
      vertex 59.065 50.6934 2
      vertex 59.065 50.6934 4.20657
    endloop
  endfacet
  facet normal 0.989168 0.146785 0
    outer loop
      vertex 56.858 47.7177 3.3533
      vertex 56.822 47.9603 2
      vertex 56.822 47.9603 3.42289
    endloop
  endfacet
  facet normal 0.989168 0.146785 0
    outer loop
      vertex 56.822 47.9603 2
      vertex 56.858 47.7177 3.3533
      vertex 56.858 47.7177 2
    endloop
  endfacet
  facet normal 0.903995 -0.427543 0
    outer loop
      vertex 57.0003 49.1621 3.76749
      vertex 57.1052 49.3839 2
      vertex 57.1052 49.3839 3.83108
    endloop
  endfacet
  facet normal 0.903995 -0.427543 0
    outer loop
      vertex 57.1052 49.3839 2
      vertex 57.0003 49.1621 3.76749
      vertex 57.0003 49.1621 2
    endloop
  endfacet
  facet normal -0.242919 0.970047 0
    outer loop
      vertex 60.0357 45.813 2
      vertex 59.7977 45.7534 2.79007
      vertex 60.0357 45.813 2.80716
    endloop
  endfacet
  facet normal -0.242919 0.970047 0
    outer loop
      vertex 59.7977 45.7534 2.79007
      vertex 60.0357 45.813 2
      vertex 59.7977 45.7534 2
    endloop
  endfacet
  facet normal 0.741101 0.671394 0
    outer loop
      vertex 57.5422 46.4376 2.98626
      vertex 57.3775 46.6194 2
      vertex 57.3775 46.6194 3.03838
    endloop
  endfacet
  facet normal 0.741101 0.671394 0
    outer loop
      vertex 57.3775 46.6194 2
      vertex 57.5422 46.4376 2.98626
      vertex 57.5422 46.4376 2
    endloop
  endfacet
  facet normal -0.970047 0.242919 0
    outer loop
      vertex 61.7024 47.4797 3.28506
      vertex 61.762 47.7177 2
      vertex 61.7024 47.4797 2
    endloop
  endfacet
  facet normal -0.970047 0.242919 0
    outer loop
      vertex 61.762 47.7177 2
      vertex 61.7024 47.4797 3.28506
      vertex 61.762 47.7177 3.3533
    endloop
  endfacet
  facet normal 0.671394 0.741101 0
    outer loop
      vertex 57.5422 46.4376 2
      vertex 57.724 46.2729 2.93901
      vertex 57.724 46.2729 2
    endloop
  endfacet
  facet normal 0.671394 0.741101 0
    outer loop
      vertex 57.724 46.2729 2.93901
      vertex 57.5422 46.4376 2
      vertex 57.5422 46.4376 2.98626
    endloop
  endfacet
  facet normal 0.741101 -0.671394 0
    outer loop
      vertex 57.3775 49.7914 3.94793
      vertex 57.5422 49.9732 2
      vertex 57.5422 49.9732 4.00006
    endloop
  endfacet
  facet normal 0.741101 -0.671394 0
    outer loop
      vertex 57.5422 49.9732 2
      vertex 57.3775 49.7914 3.94793
      vertex 57.3775 49.7914 2
    endloop
  endfacet
  facet normal 0.242919 0.970047 0
    outer loop
      vertex 58.5843 45.813 2
      vertex 58.8223 45.7534 2.79007
      vertex 58.8223 45.7534 2
    endloop
  endfacet
  facet normal 0.242919 0.970047 0
    outer loop
      vertex 58.8223 45.7534 2.79007
      vertex 58.5843 45.813 2
      vertex 58.5843 45.813 2.80716
    endloop
  endfacet
  facet normal 0.857745 0.514076 0
    outer loop
      vertex 57.2313 46.8165 3.09489
      vertex 57.1052 47.0269 2
      vertex 57.1052 47.0269 3.15523
    endloop
  endfacet
  facet normal 0.857745 0.514076 0
    outer loop
      vertex 57.1052 47.0269 2
      vertex 57.2313 46.8165 3.09489
      vertex 57.2313 46.8165 2
    endloop
  endfacet
  facet normal -0.671394 0.741101 0
    outer loop
      vertex 61.0778 46.4376 2
      vertex 60.896 46.2729 2.93901
      vertex 61.0778 46.4376 2.98626
    endloop
  endfacet
  facet normal -0.671394 0.741101 0
    outer loop
      vertex 60.896 46.2729 2.93901
      vertex 61.0778 46.4376 2
      vertex 60.896 46.2729 2
    endloop
  endfacet
  facet normal 0.741085 0.671411 0
    outer loop
      vertex 19.9701 78.4292 12.1597
      vertex 19.7263 78.6983 6.59
      vertex 19.7263 78.6983 12.2369
    endloop
  endfacet
  facet normal 0.741085 0.671411 0
    outer loop
      vertex 19.7263 78.6983 6.59
      vertex 19.9701 78.4292 12.1597
      vertex 19.9701 78.4292 6.59
    endloop
  endfacet
  facet normal 0.989169 0.146778 0
    outer loop
      vertex 20.7922 76.4446 11.5906
      vertex 20.7389 76.8038 2
      vertex 20.7389 76.8038 11.6936
    endloop
  endfacet
  facet normal 0.989169 0.146778 0
    outer loop
      vertex 20.7389 76.8038 2
      vertex 20.7922 76.4446 11.5906
      vertex 20.7922 76.4446 2
    endloop
  endfacet
  facet normal 0.998797 0.0490309 0
    outer loop
      vertex 20.81 76.082 11.4866
      vertex 20.7922 76.4446 2
      vertex 20.7922 76.4446 11.5906
    endloop
  endfacet
  facet normal 0.998797 0.0490309 0
    outer loop
      vertex 20.7922 76.4446 2
      vertex 20.81 76.082 11.4866
      vertex 20.81 76.082 2
    endloop
  endfacet
  facet normal 0.903962 -0.427613 0
    outer loop
      vertex 20.3731 74.3378 10.9865
      vertex 20.5284 74.6661 2
      vertex 20.5284 74.6661 11.0806
    endloop
  endfacet
  facet normal 0.903962 -0.427613 0
    outer loop
      vertex 20.5284 74.6661 2
      vertex 20.3731 74.3378 10.9865
      vertex 20.3731 74.3378 2
    endloop
  endfacet
  facet normal 0.595629 0.80326 0
    outer loop
      vertex 19.1656 79.1584 6.59
      vertex 19.4573 78.9421 12.3068
      vertex 19.4573 78.9421 6.59
    endloop
  endfacet
  facet normal 0.595629 0.80326 0
    outer loop
      vertex 19.4573 78.9421 12.3068
      vertex 19.1656 79.1584 6.59
      vertex 19.1656 79.1584 12.3688
    endloop
  endfacet
  facet normal 0.337139 0.941455 0
    outer loop
      vertex 18.1841 79.6227 6.59
      vertex 18.5259 79.5003 12.4668
      vertex 18.5259 79.5003 6.59
    endloop
  endfacet
  facet normal 0.337139 0.941455 0
    outer loop
      vertex 18.5259 79.5003 12.4668
      vertex 18.1841 79.6227 6.59
      vertex 18.1841 79.6227 12.5019
    endloop
  endfacet
  facet normal 0.989169 -0.146778 0
    outer loop
      vertex 20.7389 75.3601 11.2797
      vertex 20.7922 75.7193 2
      vertex 20.7922 75.7193 11.3826
    endloop
  endfacet
  facet normal 0.989169 -0.146778 0
    outer loop
      vertex 20.7922 75.7193 2
      vertex 20.7389 75.3601 11.2797
      vertex 20.7389 75.3601 2
    endloop
  endfacet
  facet normal 0.336895 -0.941542 0
    outer loop
      vertex 18.5259 72.6636 2
      vertex 18.1841 72.5413 10.4714
      vertex 18.1841 72.5413 2
    endloop
  endfacet
  facet normal 0.336895 -0.941542 0
    outer loop
      vertex 18.1841 72.5413 10.4714
      vertex 18.5259 72.6636 2
      vertex 18.5259 72.6636 10.5064
    endloop
  endfacet
  facet normal -0.998798 -0.0490174 -0
    outer loop
      vertex 13.4278 75.7193 11.3826
      vertex 13.41 76.082 2
      vertex 13.4278 75.7193 2
    endloop
  endfacet
  facet normal -0.998798 -0.0490174 0
    outer loop
      vertex 13.41 76.082 2
      vertex 13.4278 75.7193 11.3826
      vertex 13.41 76.082 11.4866
    endloop
  endfacet
  facet normal -0.671548 0.740961 0
    outer loop
      vertex 14.7627 78.9421 6.59
      vertex 14.4937 78.6983 12.2369
      vertex 14.7627 78.9421 12.3068
    endloop
  endfacet
  facet normal -0.671548 0.740961 0
    outer loop
      vertex 14.4937 78.6983 12.2369
      vertex 14.7627 78.9421 6.59
      vertex 14.4937 78.6983 6.59
    endloop
  endfacet
  facet normal -0.970045 -0.242924 -0
    outer loop
      vertex 13.5693 75.0079 11.1787
      vertex 13.4811 75.3601 2
      vertex 13.5693 75.0079 2
    endloop
  endfacet
  facet normal -0.970045 -0.242924 0
    outer loop
      vertex 13.4811 75.3601 2
      vertex 13.5693 75.0079 11.1787
      vertex 13.4811 75.3601 11.2797
    endloop
  endfacet
  facet normal 0.803162 0.595761 0
    outer loop
      vertex 20.1864 78.1376 12.0761
      vertex 19.9701 78.4292 6.59
      vertex 19.9701 78.4292 12.1597
    endloop
  endfacet
  facet normal 0.802973 0.596015 2.09352e-05
    outer loop
      vertex 19.9701 78.4292 6.59
      vertex 20.1864 78.1376 12.0761
      vertex 20.066 78.3 6.59
    endloop
  endfacet
  facet normal 0.803312 0.595559 -0
    outer loop
      vertex 20.1864 78.1376 2
      vertex 20.066 78.3 6.59
      vertex 20.1864 78.1376 12.0761
    endloop
  endfacet
  facet normal 0.803312 0.595559 0
    outer loop
      vertex 20.066 78.3 6.59
      vertex 20.1864 78.1376 2
      vertex 20.066 78.3 2
    endloop
  endfacet
  facet normal -0.941542 -0.336895 -0
    outer loop
      vertex 13.6916 74.6661 11.0806
      vertex 13.5693 75.0079 2
      vertex 13.6916 74.6661 2
    endloop
  endfacet
  facet normal -0.941542 -0.336895 0
    outer loop
      vertex 13.5693 75.0079 2
      vertex 13.6916 74.6661 11.0806
      vertex 13.5693 75.0079 11.1787
    endloop
  endfacet
  facet normal -0.857736 0.514091 0
    outer loop
      vertex 13.8469 77.8261 11.9868
      vertex 14.0336 78.1376 2
      vertex 13.8469 77.8261 2
    endloop
  endfacet
  facet normal -0.857736 0.514091 0
    outer loop
      vertex 14.0336 78.1376 2
      vertex 13.8469 77.8261 11.9868
      vertex 14.0336 78.1376 12.0761
    endloop
  endfacet
  facet normal 0.941542 -0.336895 0
    outer loop
      vertex 20.5284 74.6661 11.0806
      vertex 20.6507 75.0079 2
      vertex 20.6507 75.0079 11.1787
    endloop
  endfacet
  facet normal 0.941542 -0.336895 0
    outer loop
      vertex 20.6507 75.0079 2
      vertex 20.5284 74.6661 11.0806
      vertex 20.5284 74.6661 2
    endloop
  endfacet
  facet normal 0.857663 -0.514212 0
    outer loop
      vertex 20.1864 74.0264 10.8972
      vertex 20.3731 74.3378 2
      vertex 20.3731 74.3378 10.9865
    endloop
  endfacet
  facet normal 0.857663 -0.514212 0
    outer loop
      vertex 20.3731 74.3378 2
      vertex 20.1864 74.0264 10.8972
      vertex 20.1864 74.0264 2
    endloop
  endfacet
  facet normal 0.514212 0.857663 0
    outer loop
      vertex 18.8542 79.3451 6.59
      vertex 19.1656 79.1584 12.3688
      vertex 19.1656 79.1584 6.59
    endloop
  endfacet
  facet normal 0.514212 0.857663 0
    outer loop
      vertex 19.1656 79.1584 12.3688
      vertex 18.8542 79.3451 6.59
      vertex 18.8542 79.3451 12.4223
    endloop
  endfacet
  facet normal -0.24286 0.970061 0
    outer loop
      vertex 16.3882 79.7109 6.59
      vertex 16.0359 79.6227 12.5019
      vertex 16.3882 79.7109 12.5272
    endloop
  endfacet
  facet normal -0.24286 0.970061 0
    outer loop
      vertex 16.0359 79.6227 12.5019
      vertex 16.3882 79.7109 6.59
      vertex 16.0359 79.6227 6.59
    endloop
  endfacet
  facet normal -0.595629 -0.80326 0
    outer loop
      vertex 14.7627 73.2218 2
      vertex 15.0544 73.0055 10.6045
      vertex 14.7627 73.2218 10.6665
    endloop
  endfacet
  facet normal -0.595629 -0.80326 -0
    outer loop
      vertex 15.0544 73.0055 10.6045
      vertex 14.7627 73.2218 2
      vertex 15.0544 73.0055 2
    endloop
  endfacet
  facet normal 0.427388 0.904068 0
    outer loop
      vertex 18.5259 79.5003 6.59
      vertex 18.8542 79.3451 12.4223
      vertex 18.8542 79.3451 6.59
    endloop
  endfacet
  facet normal 0.427388 0.904068 0
    outer loop
      vertex 18.8542 79.3451 12.4223
      vertex 18.5259 79.5003 6.59
      vertex 18.5259 79.5003 12.4668
    endloop
  endfacet
  facet normal 0.671548 0.740961 0
    outer loop
      vertex 19.4573 78.9421 6.59
      vertex 19.7263 78.6983 12.2369
      vertex 19.7263 78.6983 6.59
    endloop
  endfacet
  facet normal 0.671548 0.740961 0
    outer loop
      vertex 19.7263 78.6983 12.2369
      vertex 19.4573 78.9421 6.59
      vertex 19.4573 78.9421 12.3068
    endloop
  endfacet
  facet normal 0.857736 0.514091 0
    outer loop
      vertex 20.3731 77.8261 11.9868
      vertex 20.1864 78.1376 2
      vertex 20.1864 78.1376 12.0761
    endloop
  endfacet
  facet normal 0.857736 0.514091 0
    outer loop
      vertex 20.1864 78.1376 2
      vertex 20.3731 77.8261 11.9868
      vertex 20.3731 77.8261 2
    endloop
  endfacet
  facet normal 0.903912 0.427719 0
    outer loop
      vertex 20.5284 77.4979 11.8927
      vertex 20.3731 77.8261 2
      vertex 20.3731 77.8261 11.9868
    endloop
  endfacet
  facet normal 0.903912 0.427719 0
    outer loop
      vertex 20.3731 77.8261 2
      vertex 20.5284 77.4979 11.8927
      vertex 20.5284 77.4979 2
    endloop
  endfacet
  facet normal -0.427613 -0.903962 0
    outer loop
      vertex 15.3658 72.8189 2
      vertex 15.6941 72.6636 10.5064
      vertex 15.3658 72.8189 10.551
    endloop
  endfacet
  facet normal -0.427613 -0.903962 -0
    outer loop
      vertex 15.6941 72.6636 10.5064
      vertex 15.3658 72.8189 2
      vertex 15.6941 72.6636 2
    endloop
  endfacet
  facet normal 0.24286 0.970061 0
    outer loop
      vertex 17.8318 79.7109 6.59
      vertex 18.1841 79.6227 12.5019
      vertex 18.1841 79.6227 6.59
    endloop
  endfacet
  facet normal 0.24286 0.970061 0
    outer loop
      vertex 18.1841 79.6227 12.5019
      vertex 17.8318 79.7109 6.59
      vertex 17.8318 79.7109 12.5272
    endloop
  endfacet
  facet normal 0.146818 -0.989163 0
    outer loop
      vertex 17.8318 72.4531 2
      vertex 17.4727 72.3998 10.4308
      vertex 17.4727 72.3998 2
    endloop
  endfacet
  facet normal 0.146818 -0.989163 0
    outer loop
      vertex 17.4727 72.3998 10.4308
      vertex 17.8318 72.4531 2
      vertex 17.8318 72.4531 10.4461
    endloop
  endfacet
  facet normal -0.903912 0.427719 0
    outer loop
      vertex 13.6916 77.4979 11.8927
      vertex 13.8469 77.8261 2
      vertex 13.6916 77.4979 2
    endloop
  endfacet
  facet normal -0.903912 0.427719 0
    outer loop
      vertex 13.8469 77.8261 2
      vertex 13.6916 77.4979 11.8927
      vertex 13.8469 77.8261 11.9868
    endloop
  endfacet
  facet normal 0.941574 0.336807 0
    outer loop
      vertex 20.6507 77.156 11.7946
      vertex 20.5284 77.4979 2
      vertex 20.5284 77.4979 11.8927
    endloop
  endfacet
  facet normal 0.941574 0.336807 0
    outer loop
      vertex 20.5284 77.4979 2
      vertex 20.6507 77.156 11.7946
      vertex 20.6507 77.156 2
    endloop
  endfacet
  facet normal 0.427613 -0.903962 0
    outer loop
      vertex 18.8542 72.8189 2
      vertex 18.5259 72.6636 10.5064
      vertex 18.5259 72.6636 2
    endloop
  endfacet
  facet normal 0.427613 -0.903962 0
    outer loop
      vertex 18.5259 72.6636 10.5064
      vertex 18.8542 72.8189 2
      vertex 18.8542 72.8189 10.551
    endloop
  endfacet
  facet normal -0.741085 0.671411 0
    outer loop
      vertex 14.2499 78.4292 12.1597
      vertex 14.4937 78.6983 6.59
      vertex 14.2499 78.4292 6.59
    endloop
  endfacet
  facet normal -0.741085 0.671411 0
    outer loop
      vertex 14.4937 78.6983 6.59
      vertex 14.2499 78.4292 12.1597
      vertex 14.4937 78.6983 12.2369
    endloop
  endfacet
  facet normal -0.0490174 0.998798 0
    outer loop
      vertex 17.11 79.782 6.59
      vertex 16.7473 79.7642 12.5425
      vertex 17.11 79.782 12.5476
    endloop
  endfacet
  facet normal -0.0490174 0.998798 0
    outer loop
      vertex 16.7473 79.7642 12.5425
      vertex 17.11 79.782 6.59
      vertex 16.7473 79.7642 6.59
    endloop
  endfacet
  facet normal -0.595629 0.80326 0
    outer loop
      vertex 15.0544 79.1584 6.59
      vertex 14.7627 78.9421 12.3068
      vertex 15.0544 79.1584 12.3688
    endloop
  endfacet
  facet normal -0.595629 0.80326 0
    outer loop
      vertex 14.7627 78.9421 12.3068
      vertex 15.0544 79.1584 6.59
      vertex 14.7627 78.9421 6.59
    endloop
  endfacet
  facet normal 0.0490174 0.998798 0
    outer loop
      vertex 17.11 79.782 6.59
      vertex 17.4727 79.7642 12.5425
      vertex 17.4727 79.7642 6.59
    endloop
  endfacet
  facet normal 0.0490174 0.998798 0
    outer loop
      vertex 17.4727 79.7642 12.5425
      vertex 17.11 79.782 6.59
      vertex 17.11 79.782 12.5476
    endloop
  endfacet
  facet normal -0.336895 -0.941542 0
    outer loop
      vertex 15.6941 72.6636 2
      vertex 16.0359 72.5413 10.4714
      vertex 15.6941 72.6636 10.5064
    endloop
  endfacet
  facet normal -0.336895 -0.941542 -0
    outer loop
      vertex 16.0359 72.5413 10.4714
      vertex 15.6941 72.6636 2
      vertex 16.0359 72.5413 2
    endloop
  endfacet
  facet normal -0.146818 0.989163 0
    outer loop
      vertex 16.7473 79.7642 6.59
      vertex 16.3882 79.7109 12.5272
      vertex 16.7473 79.7642 12.5425
    endloop
  endfacet
  facet normal -0.146818 0.989163 0
    outer loop
      vertex 16.3882 79.7109 12.5272
      vertex 16.7473 79.7642 6.59
      vertex 16.3882 79.7109 6.59
    endloop
  endfacet
  facet normal 0.146818 0.989163 0
    outer loop
      vertex 17.4727 79.7642 6.59
      vertex 17.8318 79.7109 12.5272
      vertex 17.8318 79.7109 6.59
    endloop
  endfacet
  facet normal 0.146818 0.989163 0
    outer loop
      vertex 17.8318 79.7109 12.5272
      vertex 17.4727 79.7642 6.59
      vertex 17.4727 79.7642 12.5425
    endloop
  endfacet
  facet normal 0.970045 -0.242924 0
    outer loop
      vertex 20.6507 75.0079 11.1787
      vertex 20.7389 75.3601 2
      vertex 20.7389 75.3601 11.2797
    endloop
  endfacet
  facet normal 0.970045 -0.242924 0
    outer loop
      vertex 20.7389 75.3601 2
      vertex 20.6507 75.0079 11.1787
      vertex 20.6507 75.0079 2
    endloop
  endfacet
  facet normal 0.0490174 -0.998798 0
    outer loop
      vertex 17.4727 72.3998 2
      vertex 17.11 72.382 10.4257
      vertex 17.11 72.382 2
    endloop
  endfacet
  facet normal 0.0490174 -0.998798 0
    outer loop
      vertex 17.11 72.382 10.4257
      vertex 17.4727 72.3998 2
      vertex 17.4727 72.3998 10.4308
    endloop
  endfacet
  facet normal 0.740961 -0.671548 0
    outer loop
      vertex 19.7263 73.4657 10.7364
      vertex 19.9701 73.7347 2
      vertex 19.9701 73.7347 10.8136
    endloop
  endfacet
  facet normal 0.740961 -0.671548 0
    outer loop
      vertex 19.9701 73.7347 2
      vertex 19.7263 73.4657 10.7364
      vertex 19.7263 73.4657 2
    endloop
  endfacet
  facet normal 0.80326 -0.595629 0
    outer loop
      vertex 19.9701 73.7347 10.8136
      vertex 20.1864 74.0264 2
      vertex 20.1864 74.0264 10.8972
    endloop
  endfacet
  facet normal 0.80326 -0.595629 0
    outer loop
      vertex 20.1864 74.0264 2
      vertex 19.9701 73.7347 10.8136
      vertex 19.9701 73.7347 2
    endloop
  endfacet
  facet normal -0.146818 -0.989163 0
    outer loop
      vertex 16.3882 72.4531 2
      vertex 16.7473 72.3998 10.4308
      vertex 16.3882 72.4531 10.4461
    endloop
  endfacet
  facet normal -0.146818 -0.989163 -0
    outer loop
      vertex 16.7473 72.3998 10.4308
      vertex 16.3882 72.4531 2
      vertex 16.7473 72.3998 2
    endloop
  endfacet
  facet normal -0.941574 0.336807 0
    outer loop
      vertex 13.5693 77.156 11.7946
      vertex 13.6916 77.4979 2
      vertex 13.5693 77.156 2
    endloop
  endfacet
  facet normal -0.941574 0.336807 0
    outer loop
      vertex 13.6916 77.4979 2
      vertex 13.5693 77.156 11.7946
      vertex 13.6916 77.4979 11.8927
    endloop
  endfacet
  facet normal 0.595629 -0.80326 0
    outer loop
      vertex 19.4573 73.2218 2
      vertex 19.1656 73.0055 10.6045
      vertex 19.1656 73.0055 2
    endloop
  endfacet
  facet normal 0.595629 -0.80326 0
    outer loop
      vertex 19.1656 73.0055 10.6045
      vertex 19.4573 73.2218 2
      vertex 19.4573 73.2218 10.6665
    endloop
  endfacet
  facet normal -0.989169 0.146778 0
    outer loop
      vertex 13.4278 76.4446 11.5906
      vertex 13.4811 76.8038 2
      vertex 13.4278 76.4446 2
    endloop
  endfacet
  facet normal -0.989169 0.146778 0
    outer loop
      vertex 13.4811 76.8038 2
      vertex 13.4278 76.4446 11.5906
      vertex 13.4811 76.8038 11.6936
    endloop
  endfacet
  facet normal 0.24286 -0.970061 0
    outer loop
      vertex 18.1841 72.5413 2
      vertex 17.8318 72.4531 10.4461
      vertex 17.8318 72.4531 2
    endloop
  endfacet
  facet normal 0.24286 -0.970061 0
    outer loop
      vertex 17.8318 72.4531 10.4461
      vertex 18.1841 72.5413 2
      vertex 18.1841 72.5413 10.4714
    endloop
  endfacet
  facet normal -0.903962 -0.427613 -0
    outer loop
      vertex 13.8469 74.3378 10.9865
      vertex 13.6916 74.6661 2
      vertex 13.8469 74.3378 2
    endloop
  endfacet
  facet normal -0.903962 -0.427613 0
    outer loop
      vertex 13.6916 74.6661 2
      vertex 13.8469 74.3378 10.9865
      vertex 13.6916 74.6661 11.0806
    endloop
  endfacet
  facet normal -0.24286 -0.970061 0
    outer loop
      vertex 16.0359 72.5413 2
      vertex 16.3882 72.4531 10.4461
      vertex 16.0359 72.5413 10.4714
    endloop
  endfacet
  facet normal -0.24286 -0.970061 -0
    outer loop
      vertex 16.3882 72.4531 10.4461
      vertex 16.0359 72.5413 2
      vertex 16.3882 72.4531 2
    endloop
  endfacet
  facet normal 0.998798 -0.0490174 0
    outer loop
      vertex 20.7922 75.7193 11.3826
      vertex 20.81 76.082 2
      vertex 20.81 76.082 11.4866
    endloop
  endfacet
  facet normal 0.998798 -0.0490174 0
    outer loop
      vertex 20.81 76.082 2
      vertex 20.7922 75.7193 11.3826
      vertex 20.7922 75.7193 2
    endloop
  endfacet
  facet normal 0.970045 0.242924 0
    outer loop
      vertex 20.7389 76.8038 11.6936
      vertex 20.6507 77.156 2
      vertex 20.6507 77.156 11.7946
    endloop
  endfacet
  facet normal 0.970045 0.242924 0
    outer loop
      vertex 20.6507 77.156 2
      vertex 20.7389 76.8038 11.6936
      vertex 20.7389 76.8038 2
    endloop
  endfacet
  facet normal -0.740961 -0.671548 -0
    outer loop
      vertex 14.4937 73.4657 10.7364
      vertex 14.2499 73.7347 2
      vertex 14.4937 73.4657 2
    endloop
  endfacet
  facet normal -0.740961 -0.671548 0
    outer loop
      vertex 14.2499 73.7347 2
      vertex 14.4937 73.4657 10.7364
      vertex 14.2499 73.7347 10.8136
    endloop
  endfacet
  facet normal -0.857663 -0.514212 -0
    outer loop
      vertex 14.0336 74.0264 10.8972
      vertex 13.8469 74.3378 2
      vertex 14.0336 74.0264 2
    endloop
  endfacet
  facet normal -0.857663 -0.514212 0
    outer loop
      vertex 13.8469 74.3378 2
      vertex 14.0336 74.0264 10.8972
      vertex 13.8469 74.3378 10.9865
    endloop
  endfacet
  facet normal -0.337139 0.941455 0
    outer loop
      vertex 16.0359 79.6227 6.59
      vertex 15.6941 79.5003 12.4668
      vertex 16.0359 79.6227 12.5019
    endloop
  endfacet
  facet normal -0.337139 0.941455 0
    outer loop
      vertex 15.6941 79.5003 12.4668
      vertex 16.0359 79.6227 6.59
      vertex 15.6941 79.5003 6.59
    endloop
  endfacet
  facet normal -0.51401 -0.857784 0
    outer loop
      vertex 15.0544 73.0055 2
      vertex 15.3658 72.8189 10.551
      vertex 15.0544 73.0055 10.6045
    endloop
  endfacet
  facet normal -0.51401 -0.857784 -0
    outer loop
      vertex 15.3658 72.8189 10.551
      vertex 15.0544 73.0055 2
      vertex 15.3658 72.8189 2
    endloop
  endfacet
  facet normal -0.970045 0.242924 0
    outer loop
      vertex 13.4811 76.8038 11.6936
      vertex 13.5693 77.156 2
      vertex 13.4811 76.8038 2
    endloop
  endfacet
  facet normal -0.970045 0.242924 0
    outer loop
      vertex 13.5693 77.156 2
      vertex 13.4811 76.8038 11.6936
      vertex 13.5693 77.156 11.7946
    endloop
  endfacet
  facet normal -0.80326 -0.595629 -0
    outer loop
      vertex 14.2499 73.7347 10.8136
      vertex 14.0336 74.0264 2
      vertex 14.2499 73.7347 2
    endloop
  endfacet
  facet normal -0.80326 -0.595629 0
    outer loop
      vertex 14.0336 74.0264 2
      vertex 14.2499 73.7347 10.8136
      vertex 14.0336 74.0264 10.8972
    endloop
  endfacet
  facet normal -0.514212 0.857663 0
    outer loop
      vertex 15.3658 79.3451 6.59
      vertex 15.0544 79.1584 12.3688
      vertex 15.3658 79.3451 12.4223
    endloop
  endfacet
  facet normal -0.514212 0.857663 0
    outer loop
      vertex 15.0544 79.1584 12.3688
      vertex 15.3658 79.3451 6.59
      vertex 15.0544 79.1584 6.59
    endloop
  endfacet
  facet normal -0.427388 0.904068 0
    outer loop
      vertex 15.6941 79.5003 6.59
      vertex 15.3658 79.3451 12.4223
      vertex 15.6941 79.5003 12.4668
    endloop
  endfacet
  facet normal -0.427388 0.904068 0
    outer loop
      vertex 15.3658 79.3451 12.4223
      vertex 15.6941 79.5003 6.59
      vertex 15.3658 79.3451 6.59
    endloop
  endfacet
  facet normal -0.989169 -0.146778 -0
    outer loop
      vertex 13.4811 75.3601 11.2797
      vertex 13.4278 75.7193 2
      vertex 13.4811 75.3601 2
    endloop
  endfacet
  facet normal -0.989169 -0.146778 0
    outer loop
      vertex 13.4278 75.7193 2
      vertex 13.4811 75.3601 11.2797
      vertex 13.4278 75.7193 11.3826
    endloop
  endfacet
  facet normal 0.51401 -0.857784 0
    outer loop
      vertex 19.1656 73.0055 2
      vertex 18.8542 72.8189 10.551
      vertex 18.8542 72.8189 2
    endloop
  endfacet
  facet normal 0.51401 -0.857784 0
    outer loop
      vertex 18.8542 72.8189 10.551
      vertex 19.1656 73.0055 2
      vertex 19.1656 73.0055 10.6045
    endloop
  endfacet
  facet normal -0.671699 -0.740824 0
    outer loop
      vertex 14.4937 73.4657 2
      vertex 14.7627 73.2218 10.6665
      vertex 14.4937 73.4657 10.7364
    endloop
  endfacet
  facet normal -0.671699 -0.740824 -0
    outer loop
      vertex 14.7627 73.2218 10.6665
      vertex 14.4937 73.4657 2
      vertex 14.7627 73.2218 2
    endloop
  endfacet
  facet normal -0.803312 0.595559 0
    outer loop
      vertex 14.154 78.3 2
      vertex 14.0336 78.1376 2
      vertex 14.154 78.3 6.59
    endloop
  endfacet
  facet normal -0.802973 0.596015 2.09352e-05
    outer loop
      vertex 14.0336 78.1376 12.0761
      vertex 14.2499 78.4292 6.59
      vertex 14.154 78.3 6.59
    endloop
  endfacet
  facet normal -0.803312 0.595559 0
    outer loop
      vertex 14.0336 78.1376 12.0761
      vertex 14.154 78.3 6.59
      vertex 14.0336 78.1376 2
    endloop
  endfacet
  facet normal -0.803162 0.595761 0
    outer loop
      vertex 14.2499 78.4292 6.59
      vertex 14.0336 78.1376 12.0761
      vertex 14.2499 78.4292 12.1597
    endloop
  endfacet
  facet normal -0.0490174 -0.998798 0
    outer loop
      vertex 16.7473 72.3998 2
      vertex 17.11 72.382 10.4257
      vertex 16.7473 72.3998 10.4308
    endloop
  endfacet
  facet normal -0.0490174 -0.998798 -0
    outer loop
      vertex 17.11 72.382 10.4257
      vertex 16.7473 72.3998 2
      vertex 17.11 72.382 2
    endloop
  endfacet
  facet normal -0.998797 0.0490309 0
    outer loop
      vertex 13.41 76.082 11.4866
      vertex 13.4278 76.4446 2
      vertex 13.41 76.082 2
    endloop
  endfacet
  facet normal -0.998797 0.0490309 0
    outer loop
      vertex 13.4278 76.4446 2
      vertex 13.41 76.082 11.4866
      vertex 13.4278 76.4446 11.5906
    endloop
  endfacet
  facet normal 0.671699 -0.740824 0
    outer loop
      vertex 19.7263 73.4657 2
      vertex 19.4573 73.2218 10.6665
      vertex 19.4573 73.2218 2
    endloop
  endfacet
  facet normal 0.671699 -0.740824 0
    outer loop
      vertex 19.4573 73.2218 10.6665
      vertex 19.7263 73.4657 2
      vertex 19.7263 73.4657 10.7364
    endloop
  endfacet
  facet normal -0.857745 0.514076 0
    outer loop
      vertex 19.1887 74.6931 11.0884
      vertex 19.3148 74.9035 2
      vertex 19.1887 74.6931 2
    endloop
  endfacet
  facet normal -0.857745 0.514076 0
    outer loop
      vertex 19.3148 74.9035 2
      vertex 19.1887 74.6931 11.0884
      vertex 19.3148 74.9035 11.1487
    endloop
  endfacet
  facet normal -0.989177 -0.146726 -0
    outer loop
      vertex 19.598 76.327 11.5569
      vertex 19.562 76.5697 2
      vertex 19.598 76.327 2
    endloop
  endfacet
  facet normal -0.989177 -0.146726 0
    outer loop
      vertex 19.562 76.5697 2
      vertex 19.598 76.327 11.5569
      vertex 19.562 76.5697 11.6265
    endloop
  endfacet
  facet normal -0.998803 -0.0489209 -0
    outer loop
      vertex 19.61 76.082 11.4866
      vertex 19.598 76.327 2
      vertex 19.61 76.082 2
    endloop
  endfacet
  facet normal -0.998803 -0.0489209 0
    outer loop
      vertex 19.598 76.327 2
      vertex 19.61 76.082 11.4866
      vertex 19.598 76.327 11.5569
    endloop
  endfacet
  facet normal -0.96995 -0.243303 -0
    outer loop
      vertex 19.562 76.5697 11.6265
      vertex 19.5023 76.8077 2
      vertex 19.562 76.5697 2
    endloop
  endfacet
  facet normal -0.96995 -0.243303 0
    outer loop
      vertex 19.5023 76.8077 2
      vertex 19.562 76.5697 11.6265
      vertex 19.5023 76.8077 11.6947
    endloop
  endfacet
  facet normal -0.857745 -0.514076 -0
    outer loop
      vertex 19.3148 77.2605 11.8246
      vertex 19.1887 77.4709 2
      vertex 19.3148 77.2605 2
    endloop
  endfacet
  facet normal -0.857745 -0.514076 0
    outer loop
      vertex 19.1887 77.4709 2
      vertex 19.3148 77.2605 11.8246
      vertex 19.1887 77.4709 11.8849
    endloop
  endfacet
  facet normal 0.970047 0.242919 0
    outer loop
      vertex 14.7176 75.3563 11.2785
      vertex 14.658 75.5943 2
      vertex 14.658 75.5943 11.3468
    endloop
  endfacet
  facet normal 0.970047 0.242919 0
    outer loop
      vertex 14.658 75.5943 2
      vertex 14.7176 75.3563 11.2785
      vertex 14.7176 75.3563 2
    endloop
  endfacet
  facet normal -0.941613 0.336698 0
    outer loop
      vertex 19.4197 75.1253 11.2123
      vertex 19.5023 75.3563 2
      vertex 19.4197 75.1253 2
    endloop
  endfacet
  facet normal -0.941613 0.336698 0
    outer loop
      vertex 19.5023 75.3563 2
      vertex 19.4197 75.1253 11.2123
      vertex 19.5023 75.3563 11.2785
    endloop
  endfacet
  facet normal -0.803167 0.595754 0
    outer loop
      vertex 19.0425 74.496 11.0319
      vertex 19.1887 74.6931 2
      vertex 19.0425 74.496 2
    endloop
  endfacet
  facet normal -0.803167 0.595754 0
    outer loop
      vertex 19.1887 74.6931 2
      vertex 19.0425 74.496 11.0319
      vertex 19.1887 74.6931 11.0884
    endloop
  endfacet
  facet normal 0.941483 -0.337059 0
    outer loop
      vertex 14.7176 76.8077 11.6947
      vertex 14.8003 77.0387 2
      vertex 14.8003 77.0387 11.761
    endloop
  endfacet
  facet normal 0.941483 -0.337059 0
    outer loop
      vertex 14.8003 77.0387 2
      vertex 14.7176 76.8077 11.6947
      vertex 14.7176 76.8077 2
    endloop
  endfacet
  facet normal -0.671617 -0.740898 0
    outer loop
      vertex 18.696 78.0145 2
      vertex 18.8778 77.8497 11.9935
      vertex 18.696 78.0145 12.0408
    endloop
  endfacet
  facet normal -0.671617 -0.740898 -0
    outer loop
      vertex 18.8778 77.8497 11.9935
      vertex 18.696 78.0145 2
      vertex 18.8778 77.8497 2
    endloop
  endfacet
  facet normal -0.740917 -0.671596 -0
    outer loop
      vertex 19.0425 77.668 11.9414
      vertex 18.8778 77.8497 2
      vertex 19.0425 77.668 2
    endloop
  endfacet
  facet normal -0.740917 -0.671596 0
    outer loop
      vertex 18.8778 77.8497 2
      vertex 19.0425 77.668 11.9414
      vertex 18.8778 77.8497 11.9935
    endloop
  endfacet
  facet normal 0.671617 -0.740898 0
    outer loop
      vertex 15.524 78.0145 2
      vertex 15.3422 77.8497 11.9935
      vertex 15.3422 77.8497 2
    endloop
  endfacet
  facet normal 0.671617 -0.740898 0
    outer loop
      vertex 15.3422 77.8497 11.9935
      vertex 15.524 78.0145 2
      vertex 15.524 78.0145 12.0408
    endloop
  endfacet
  facet normal -0.514076 -0.857745 0
    outer loop
      vertex 18.2885 78.2868 2
      vertex 18.4989 78.1607 12.0827
      vertex 18.2885 78.2868 12.1189
    endloop
  endfacet
  facet normal -0.514076 -0.857745 -0
    outer loop
      vertex 18.4989 78.1607 12.0827
      vertex 18.2885 78.2868 2
      vertex 18.4989 78.1607 2
    endloop
  endfacet
  facet normal -0.595754 -0.803167 0
    outer loop
      vertex 18.4989 78.1607 2
      vertex 18.696 78.0145 12.0408
      vertex 18.4989 78.1607 12.0827
    endloop
  endfacet
  facet normal -0.595754 -0.803167 -0
    outer loop
      vertex 18.696 78.0145 12.0408
      vertex 18.4989 78.1607 2
      vertex 18.696 78.0145 2
    endloop
  endfacet
  facet normal -0.337059 0.941483 0
    outer loop
      vertex 18.0667 73.7723 2
      vertex 17.8357 73.6896 10.8006
      vertex 18.0667 73.7723 10.8243
    endloop
  endfacet
  facet normal -0.337059 0.941483 0
    outer loop
      vertex 17.8357 73.6896 10.8006
      vertex 18.0667 73.7723 2
      vertex 17.8357 73.6896 2
    endloop
  endfacet
  facet normal 0.146726 0.989177 0
    outer loop
      vertex 16.6223 73.63 2
      vertex 16.865 73.594 10.7732
      vertex 16.865 73.594 2
    endloop
  endfacet
  facet normal 0.146726 0.989177 0
    outer loop
      vertex 16.865 73.594 10.7732
      vertex 16.6223 73.63 2
      vertex 16.6223 73.63 10.7836
    endloop
  endfacet
  facet normal -0.0493276 -0.998783 0
    outer loop
      vertex 17.11 78.582 6.59
      vertex 17.355 78.5699 12.2001
      vertex 17.11 78.582 12.2035
    endloop
  endfacet
  facet normal -0.0493276 -0.998783 -0
    outer loop
      vertex 17.355 78.5699 12.2001
      vertex 17.11 78.582 6.59
      vertex 17.355 78.5699 6.59
    endloop
  endfacet
  facet normal 0.857745 -0.514076 0
    outer loop
      vertex 14.9052 77.2605 11.8246
      vertex 15.0313 77.4709 2
      vertex 15.0313 77.4709 11.8849
    endloop
  endfacet
  facet normal 0.857745 -0.514076 0
    outer loop
      vertex 15.0313 77.4709 2
      vertex 14.9052 77.2605 11.8246
      vertex 14.9052 77.2605 2
    endloop
  endfacet
  facet normal 0.0489209 0.998803 0
    outer loop
      vertex 16.865 73.594 2
      vertex 17.11 73.582 10.7698
      vertex 17.11 73.582 2
    endloop
  endfacet
  facet normal 0.0489209 0.998803 0
    outer loop
      vertex 17.11 73.582 10.7698
      vertex 16.865 73.594 2
      vertex 16.865 73.594 10.7732
    endloop
  endfacet
  facet normal 0.989177 -0.146726 0
    outer loop
      vertex 14.622 76.327 11.5569
      vertex 14.658 76.5697 2
      vertex 14.658 76.5697 11.6265
    endloop
  endfacet
  facet normal 0.989177 -0.146726 0
    outer loop
      vertex 14.658 76.5697 2
      vertex 14.622 76.327 11.5569
      vertex 14.622 76.327 2
    endloop
  endfacet
  facet normal -0.998804 0.048901 0
    outer loop
      vertex 19.598 75.8369 11.4164
      vertex 19.61 76.082 2
      vertex 19.598 75.8369 2
    endloop
  endfacet
  facet normal -0.998804 0.048901 0
    outer loop
      vertex 19.61 76.082 2
      vertex 19.598 75.8369 11.4164
      vertex 19.61 76.082 11.4866
    endloop
  endfacet
  facet normal 0.903995 0.427543 0
    outer loop
      vertex 14.9052 74.9035 11.1487
      vertex 14.8003 75.1253 2
      vertex 14.8003 75.1253 11.2123
    endloop
  endfacet
  facet normal 0.903995 0.427543 0
    outer loop
      vertex 14.8003 75.1253 2
      vertex 14.9052 74.9035 11.1487
      vertex 14.9052 74.9035 2
    endloop
  endfacet
  facet normal 0.998804 0.048901 0
    outer loop
      vertex 14.622 75.8369 11.4164
      vertex 14.61 76.082 2
      vertex 14.61 76.082 11.4866
    endloop
  endfacet
  facet normal 0.998804 0.048901 0
    outer loop
      vertex 14.61 76.082 2
      vertex 14.622 75.8369 11.4164
      vertex 14.622 75.8369 2
    endloop
  endfacet
  facet normal -0.514076 0.857745 0
    outer loop
      vertex 18.4989 74.0033 2
      vertex 18.2885 73.8772 10.8544
      vertex 18.4989 74.0033 10.8906
    endloop
  endfacet
  facet normal -0.514076 0.857745 0
    outer loop
      vertex 18.2885 73.8772 10.8544
      vertex 18.4989 74.0033 2
      vertex 18.2885 73.8772 2
    endloop
  endfacet
  facet normal 0.427543 0.903995 0
    outer loop
      vertex 15.9315 73.8772 2
      vertex 16.1533 73.7723 10.8243
      vertex 16.1533 73.7723 2
    endloop
  endfacet
  facet normal 0.427543 0.903995 0
    outer loop
      vertex 16.1533 73.7723 10.8243
      vertex 15.9315 73.8772 2
      vertex 15.9315 73.8772 10.8544
    endloop
  endfacet
  facet normal -0.903995 -0.427543 -0
    outer loop
      vertex 19.4197 77.0387 11.761
      vertex 19.3148 77.2605 2
      vertex 19.4197 77.0387 2
    endloop
  endfacet
  facet normal -0.903995 -0.427543 0
    outer loop
      vertex 19.3148 77.2605 2
      vertex 19.4197 77.0387 11.761
      vertex 19.3148 77.2605 11.8246
    endloop
  endfacet
  facet normal 0.426419 -0.904526 0
    outer loop
      vertex 15.9315 78.2868 2
      vertex 15.9595 78.3 6.59
      vertex 15.9315 78.2868 12.1189
    endloop
  endfacet
  facet normal 0.426419 -0.904526 0
    outer loop
      vertex 15.9595 78.3 6.59
      vertex 15.9315 78.2868 2
      vertex 15.9595 78.3 2
    endloop
  endfacet
  facet normal 0.427705 -0.903918 7.96359e-06
    outer loop
      vertex 16.1533 78.3917 6.59
      vertex 15.9315 78.2868 12.1189
      vertex 15.9595 78.3 6.59
    endloop
  endfacet
  facet normal 0.427543 -0.903995 0
    outer loop
      vertex 15.9315 78.2868 12.1189
      vertex 16.1533 78.3917 6.59
      vertex 16.1533 78.3917 12.1489
    endloop
  endfacet
  facet normal 0.242919 -0.970047 0
    outer loop
      vertex 16.6223 78.5339 6.59
      vertex 16.3843 78.4743 12.1726
      vertex 16.3843 78.4743 6.59
    endloop
  endfacet
  facet normal 0.242919 -0.970047 0
    outer loop
      vertex 16.3843 78.4743 12.1726
      vertex 16.6223 78.5339 6.59
      vertex 16.6223 78.5339 12.1897
    endloop
  endfacet
  facet normal 0.595754 -0.803167 0
    outer loop
      vertex 15.7211 78.1607 2
      vertex 15.524 78.0145 12.0408
      vertex 15.524 78.0145 2
    endloop
  endfacet
  facet normal 0.595754 -0.803167 0
    outer loop
      vertex 15.524 78.0145 12.0408
      vertex 15.7211 78.1607 2
      vertex 15.7211 78.1607 12.0827
    endloop
  endfacet
  facet normal -0.146726 0.989177 0
    outer loop
      vertex 17.5977 73.63 2
      vertex 17.355 73.594 10.7732
      vertex 17.5977 73.63 10.7836
    endloop
  endfacet
  facet normal -0.146726 0.989177 0
    outer loop
      vertex 17.355 73.594 10.7732
      vertex 17.5977 73.63 2
      vertex 17.355 73.594 2
    endloop
  endfacet
  facet normal 0.941483 0.337059 0
    outer loop
      vertex 14.8003 75.1253 11.2123
      vertex 14.7176 75.3563 2
      vertex 14.7176 75.3563 11.2785
    endloop
  endfacet
  facet normal 0.941483 0.337059 0
    outer loop
      vertex 14.7176 75.3563 2
      vertex 14.8003 75.1253 11.2123
      vertex 14.8003 75.1253 2
    endloop
  endfacet
  facet normal -0.741101 0.671394 0
    outer loop
      vertex 18.8778 74.3142 10.9797
      vertex 19.0425 74.496 2
      vertex 18.8778 74.3142 2
    endloop
  endfacet
  facet normal -0.741101 0.671394 0
    outer loop
      vertex 19.0425 74.496 2
      vertex 18.8778 74.3142 10.9797
      vertex 19.0425 74.496 11.0319
    endloop
  endfacet
  facet normal -0.989168 0.146785 0
    outer loop
      vertex 19.562 75.5943 11.3468
      vertex 19.598 75.8369 2
      vertex 19.562 75.5943 2
    endloop
  endfacet
  facet normal -0.989168 0.146785 0
    outer loop
      vertex 19.598 75.8369 2
      vertex 19.562 75.5943 11.3468
      vertex 19.598 75.8369 11.4164
    endloop
  endfacet
  facet normal -0.427543 0.903995 0
    outer loop
      vertex 18.2885 73.8772 2
      vertex 18.0667 73.7723 10.8243
      vertex 18.2885 73.8772 10.8544
    endloop
  endfacet
  facet normal -0.427543 0.903995 0
    outer loop
      vertex 18.0667 73.7723 10.8243
      vertex 18.2885 73.8772 2
      vertex 18.0667 73.7723 2
    endloop
  endfacet
  facet normal 0.337059 0.941483 0
    outer loop
      vertex 16.1533 73.7723 2
      vertex 16.3843 73.6896 10.8006
      vertex 16.3843 73.6896 2
    endloop
  endfacet
  facet normal 0.337059 0.941483 0
    outer loop
      vertex 16.3843 73.6896 10.8006
      vertex 16.1533 73.7723 2
      vertex 16.1533 73.7723 10.8243
    endloop
  endfacet
  facet normal 0.336698 -0.941613 0
    outer loop
      vertex 16.3843 78.4743 6.59
      vertex 16.1533 78.3917 12.1489
      vertex 16.1533 78.3917 6.59
    endloop
  endfacet
  facet normal 0.336698 -0.941613 0
    outer loop
      vertex 16.1533 78.3917 12.1489
      vertex 16.3843 78.4743 6.59
      vertex 16.3843 78.4743 12.1726
    endloop
  endfacet
  facet normal -0.803167 -0.595754 -0
    outer loop
      vertex 19.1887 77.4709 11.8849
      vertex 19.0425 77.668 2
      vertex 19.1887 77.4709 2
    endloop
  endfacet
  facet normal -0.803167 -0.595754 0
    outer loop
      vertex 19.0425 77.668 2
      vertex 19.1887 77.4709 11.8849
      vertex 19.0425 77.668 11.9414
    endloop
  endfacet
  facet normal 0.595754 0.803167 0
    outer loop
      vertex 15.524 74.1495 2
      vertex 15.7211 74.0033 10.8906
      vertex 15.7211 74.0033 2
    endloop
  endfacet
  facet normal 0.595754 0.803167 0
    outer loop
      vertex 15.7211 74.0033 10.8906
      vertex 15.524 74.1495 2
      vertex 15.524 74.1495 10.9325
    endloop
  endfacet
  facet normal 0.970047 -0.242919 0
    outer loop
      vertex 14.658 76.5697 11.6265
      vertex 14.7176 76.8077 2
      vertex 14.7176 76.8077 11.6947
    endloop
  endfacet
  facet normal 0.970047 -0.242919 0
    outer loop
      vertex 14.7176 76.8077 2
      vertex 14.658 76.5697 11.6265
      vertex 14.658 76.5697 2
    endloop
  endfacet
  facet normal 0.514076 0.857745 0
    outer loop
      vertex 15.7211 74.0033 2
      vertex 15.9315 73.8772 10.8544
      vertex 15.9315 73.8772 2
    endloop
  endfacet
  facet normal 0.514076 0.857745 0
    outer loop
      vertex 15.9315 73.8772 10.8544
      vertex 15.7211 74.0033 2
      vertex 15.7211 74.0033 10.8906
    endloop
  endfacet
  facet normal -0.0489209 0.998803 0
    outer loop
      vertex 17.355 73.594 2
      vertex 17.11 73.582 10.7698
      vertex 17.355 73.594 10.7732
    endloop
  endfacet
  facet normal -0.0489209 0.998803 0
    outer loop
      vertex 17.11 73.582 10.7698
      vertex 17.355 73.594 2
      vertex 17.11 73.582 2
    endloop
  endfacet
  facet normal -0.242919 -0.970047 0
    outer loop
      vertex 17.5977 78.5339 6.59
      vertex 17.8357 78.4743 12.1726
      vertex 17.5977 78.5339 12.1897
    endloop
  endfacet
  facet normal -0.242919 -0.970047 -0
    outer loop
      vertex 17.8357 78.4743 12.1726
      vertex 17.5977 78.5339 6.59
      vertex 17.8357 78.4743 6.59
    endloop
  endfacet
  facet normal -0.146726 -0.989177 0
    outer loop
      vertex 17.355 78.5699 6.59
      vertex 17.5977 78.5339 12.1897
      vertex 17.355 78.5699 12.2001
    endloop
  endfacet
  facet normal -0.146726 -0.989177 -0
    outer loop
      vertex 17.5977 78.5339 12.1897
      vertex 17.355 78.5699 6.59
      vertex 17.5977 78.5339 6.59
    endloop
  endfacet
  facet normal -0.427543 -0.903995 0
    outer loop
      vertex 18.0667 78.3917 6.59
      vertex 18.2885 78.2868 12.1189
      vertex 18.0667 78.3917 12.1489
    endloop
  endfacet
  facet normal -0.427705 -0.903918 7.96359e-06
    outer loop
      vertex 18.2605 78.3 6.59
      vertex 18.2885 78.2868 12.1189
      vertex 18.0667 78.3917 6.59
    endloop
  endfacet
  facet normal -0.426419 -0.904526 0
    outer loop
      vertex 18.2885 78.2868 2
      vertex 18.2605 78.3 6.59
      vertex 18.2605 78.3 2
    endloop
  endfacet
  facet normal -0.426419 -0.904526 0
    outer loop
      vertex 18.2605 78.3 6.59
      vertex 18.2885 78.2868 2
      vertex 18.2885 78.2868 12.1189
    endloop
  endfacet
  facet normal 0.803167 -0.595754 0
    outer loop
      vertex 15.0313 77.4709 11.8849
      vertex 15.1775 77.668 2
      vertex 15.1775 77.668 11.9414
    endloop
  endfacet
  facet normal 0.803167 -0.595754 0
    outer loop
      vertex 15.1775 77.668 2
      vertex 15.0313 77.4709 11.8849
      vertex 15.0313 77.4709 2
    endloop
  endfacet
  facet normal -0.903995 0.427543 0
    outer loop
      vertex 19.3148 74.9035 11.1487
      vertex 19.4197 75.1253 2
      vertex 19.3148 74.9035 2
    endloop
  endfacet
  facet normal -0.903995 0.427543 0
    outer loop
      vertex 19.4197 75.1253 2
      vertex 19.3148 74.9035 11.1487
      vertex 19.4197 75.1253 11.2123
    endloop
  endfacet
  facet normal -0.941613 -0.336698 -0
    outer loop
      vertex 19.5023 76.8077 11.6947
      vertex 19.4197 77.0387 2
      vertex 19.5023 76.8077 2
    endloop
  endfacet
  facet normal -0.941613 -0.336698 0
    outer loop
      vertex 19.4197 77.0387 2
      vertex 19.5023 76.8077 11.6947
      vertex 19.4197 77.0387 11.761
    endloop
  endfacet
  facet normal 0.803167 0.595754 0
    outer loop
      vertex 15.1775 74.496 11.0319
      vertex 15.0313 74.6931 2
      vertex 15.0313 74.6931 11.0884
    endloop
  endfacet
  facet normal 0.803167 0.595754 0
    outer loop
      vertex 15.0313 74.6931 2
      vertex 15.1775 74.496 11.0319
      vertex 15.1775 74.496 2
    endloop
  endfacet
  facet normal 0.514076 -0.857745 0
    outer loop
      vertex 15.9315 78.2868 2
      vertex 15.7211 78.1607 12.0827
      vertex 15.7211 78.1607 2
    endloop
  endfacet
  facet normal 0.514076 -0.857745 0
    outer loop
      vertex 15.7211 78.1607 12.0827
      vertex 15.9315 78.2868 2
      vertex 15.9315 78.2868 12.1189
    endloop
  endfacet
  facet normal -0.595754 0.803167 0
    outer loop
      vertex 18.696 74.1495 2
      vertex 18.4989 74.0033 10.8906
      vertex 18.696 74.1495 10.9325
    endloop
  endfacet
  facet normal -0.595754 0.803167 0
    outer loop
      vertex 18.4989 74.0033 10.8906
      vertex 18.696 74.1495 2
      vertex 18.4989 74.0033 2
    endloop
  endfacet
  facet normal 0.0493276 -0.998783 0
    outer loop
      vertex 17.11 78.582 6.59
      vertex 16.865 78.5699 12.2001
      vertex 16.865 78.5699 6.59
    endloop
  endfacet
  facet normal 0.0493276 -0.998783 0
    outer loop
      vertex 16.865 78.5699 12.2001
      vertex 17.11 78.582 6.59
      vertex 17.11 78.582 12.2035
    endloop
  endfacet
  facet normal -0.336698 -0.941613 0
    outer loop
      vertex 17.8357 78.4743 6.59
      vertex 18.0667 78.3917 12.1489
      vertex 17.8357 78.4743 12.1726
    endloop
  endfacet
  facet normal -0.336698 -0.941613 -0
    outer loop
      vertex 18.0667 78.3917 12.1489
      vertex 17.8357 78.4743 6.59
      vertex 18.0667 78.3917 6.59
    endloop
  endfacet
  facet normal 0.998803 -0.0489209 0
    outer loop
      vertex 14.61 76.082 11.4866
      vertex 14.622 76.327 2
      vertex 14.622 76.327 11.5569
    endloop
  endfacet
  facet normal 0.998803 -0.0489209 0
    outer loop
      vertex 14.622 76.327 2
      vertex 14.61 76.082 11.4866
      vertex 14.61 76.082 2
    endloop
  endfacet
  facet normal 0.146726 -0.989177 0
    outer loop
      vertex 16.865 78.5699 6.59
      vertex 16.6223 78.5339 12.1897
      vertex 16.6223 78.5339 6.59
    endloop
  endfacet
  facet normal 0.146726 -0.989177 0
    outer loop
      vertex 16.6223 78.5339 12.1897
      vertex 16.865 78.5699 6.59
      vertex 16.865 78.5699 12.2001
    endloop
  endfacet
  facet normal 0.989168 0.146785 0
    outer loop
      vertex 14.658 75.5943 11.3468
      vertex 14.622 75.8369 2
      vertex 14.622 75.8369 11.4164
    endloop
  endfacet
  facet normal 0.989168 0.146785 0
    outer loop
      vertex 14.622 75.8369 2
      vertex 14.658 75.5943 11.3468
      vertex 14.658 75.5943 2
    endloop
  endfacet
  facet normal 0.903995 -0.427543 0
    outer loop
      vertex 14.8003 77.0387 11.761
      vertex 14.9052 77.2605 2
      vertex 14.9052 77.2605 11.8246
    endloop
  endfacet
  facet normal 0.903995 -0.427543 0
    outer loop
      vertex 14.9052 77.2605 2
      vertex 14.8003 77.0387 11.761
      vertex 14.8003 77.0387 2
    endloop
  endfacet
  facet normal -0.242919 0.970047 0
    outer loop
      vertex 17.8357 73.6896 2
      vertex 17.5977 73.63 10.7836
      vertex 17.8357 73.6896 10.8006
    endloop
  endfacet
  facet normal -0.242919 0.970047 0
    outer loop
      vertex 17.5977 73.63 10.7836
      vertex 17.8357 73.6896 2
      vertex 17.5977 73.63 2
    endloop
  endfacet
  facet normal 0.741101 0.671394 0
    outer loop
      vertex 15.3422 74.3142 10.9797
      vertex 15.1775 74.496 2
      vertex 15.1775 74.496 11.0319
    endloop
  endfacet
  facet normal 0.741101 0.671394 0
    outer loop
      vertex 15.1775 74.496 2
      vertex 15.3422 74.3142 10.9797
      vertex 15.3422 74.3142 2
    endloop
  endfacet
  facet normal -0.96995 0.243303 0
    outer loop
      vertex 19.5023 75.3563 11.2785
      vertex 19.562 75.5943 2
      vertex 19.5023 75.3563 2
    endloop
  endfacet
  facet normal -0.96995 0.243303 0
    outer loop
      vertex 19.562 75.5943 2
      vertex 19.5023 75.3563 11.2785
      vertex 19.562 75.5943 11.3468
    endloop
  endfacet
  facet normal 0.671394 0.741101 0
    outer loop
      vertex 15.3422 74.3142 2
      vertex 15.524 74.1495 10.9325
      vertex 15.524 74.1495 2
    endloop
  endfacet
  facet normal 0.671394 0.741101 0
    outer loop
      vertex 15.524 74.1495 10.9325
      vertex 15.3422 74.3142 2
      vertex 15.3422 74.3142 10.9797
    endloop
  endfacet
  facet normal 0.740917 -0.671596 0
    outer loop
      vertex 15.1775 77.668 11.9414
      vertex 15.3422 77.8497 2
      vertex 15.3422 77.8497 11.9935
    endloop
  endfacet
  facet normal 0.740917 -0.671596 0
    outer loop
      vertex 15.3422 77.8497 2
      vertex 15.1775 77.668 11.9414
      vertex 15.1775 77.668 2
    endloop
  endfacet
  facet normal 0.242919 0.970047 0
    outer loop
      vertex 16.3843 73.6896 2
      vertex 16.6223 73.63 10.7836
      vertex 16.6223 73.63 2
    endloop
  endfacet
  facet normal 0.242919 0.970047 0
    outer loop
      vertex 16.6223 73.63 10.7836
      vertex 16.3843 73.6896 2
      vertex 16.3843 73.6896 10.8006
    endloop
  endfacet
  facet normal 0.857745 0.514076 0
    outer loop
      vertex 15.0313 74.6931 11.0884
      vertex 14.9052 74.9035 2
      vertex 14.9052 74.9035 11.1487
    endloop
  endfacet
  facet normal 0.857745 0.514076 0
    outer loop
      vertex 14.9052 74.9035 2
      vertex 15.0313 74.6931 11.0884
      vertex 15.0313 74.6931 2
    endloop
  endfacet
  facet normal -0.671394 0.741101 0
    outer loop
      vertex 18.8778 74.3142 2
      vertex 18.696 74.1495 10.9325
      vertex 18.8778 74.3142 10.9797
    endloop
  endfacet
  facet normal -0.671394 0.741101 0
    outer loop
      vertex 18.696 74.1495 10.9325
      vertex 18.8778 74.3142 2
      vertex 18.696 74.1495 2
    endloop
  endfacet
  facet normal 0.741085 0.671411 0
    outer loop
      vertex 19.9701 50.5526 4.16622
      vertex 19.7263 50.8217 2
      vertex 19.7263 50.8217 4.24337
    endloop
  endfacet
  facet normal 0.741085 0.671411 0
    outer loop
      vertex 19.7263 50.8217 2
      vertex 19.9701 50.5526 4.16622
      vertex 19.9701 50.5526 2
    endloop
  endfacet
  facet normal 0.989163 0.146818 0
    outer loop
      vertex 20.7922 48.5681 3.59715
      vertex 20.7389 48.9272 2
      vertex 20.7389 48.9272 3.70014
    endloop
  endfacet
  facet normal 0.989163 0.146818 0
    outer loop
      vertex 20.7389 48.9272 2
      vertex 20.7922 48.5681 3.59715
      vertex 20.7922 48.5681 2
    endloop
  endfacet
  facet normal 0.998798 0.0490174 0
    outer loop
      vertex 20.81 48.2054 3.49316
      vertex 20.7922 48.5681 2
      vertex 20.7922 48.5681 3.59715
    endloop
  endfacet
  facet normal 0.998798 0.0490174 0
    outer loop
      vertex 20.7922 48.5681 2
      vertex 20.81 48.2054 3.49316
      vertex 20.81 48.2054 2
    endloop
  endfacet
  facet normal 0.903962 -0.427613 0
    outer loop
      vertex 20.3731 46.4612 2.99303
      vertex 20.5284 46.7895 2
      vertex 20.5284 46.7895 3.08715
    endloop
  endfacet
  facet normal 0.903962 -0.427613 0
    outer loop
      vertex 20.5284 46.7895 2
      vertex 20.3731 46.4612 2.99303
      vertex 20.3731 46.4612 2
    endloop
  endfacet
  facet normal 0.595629 0.80326 0
    outer loop
      vertex 19.1656 51.2818 2
      vertex 19.4573 51.0655 4.31329
      vertex 19.4573 51.0655 2
    endloop
  endfacet
  facet normal 0.595629 0.80326 0
    outer loop
      vertex 19.4573 51.0655 4.31329
      vertex 19.1656 51.2818 2
      vertex 19.1656 51.2818 4.37531
    endloop
  endfacet
  facet normal 0.337139 0.941455 0
    outer loop
      vertex 18.1841 51.7461 2
      vertex 18.5259 51.6237 4.47335
      vertex 18.5259 51.6237 2
    endloop
  endfacet
  facet normal 0.337139 0.941455 0
    outer loop
      vertex 18.5259 51.6237 4.47335
      vertex 18.1841 51.7461 2
      vertex 18.1841 51.7461 4.50843
    endloop
  endfacet
  facet normal 0.989163 -0.146818 0
    outer loop
      vertex 20.7389 47.4836 3.28617
      vertex 20.7922 47.8427 2
      vertex 20.7922 47.8427 3.38916
    endloop
  endfacet
  facet normal 0.989163 -0.146818 0
    outer loop
      vertex 20.7922 47.8427 2
      vertex 20.7389 47.4836 3.28617
      vertex 20.7389 47.4836 2
    endloop
  endfacet
  facet normal 0.336895 -0.941542 0
    outer loop
      vertex 18.5259 44.787 2
      vertex 18.1841 44.6647 2.47788
      vertex 18.1841 44.6647 2
    endloop
  endfacet
  facet normal 0.336895 -0.941542 0
    outer loop
      vertex 18.1841 44.6647 2.47788
      vertex 18.5259 44.787 2
      vertex 18.5259 44.787 2.51296
    endloop
  endfacet
  facet normal -0.998798 -0.0490174 -0
    outer loop
      vertex 13.4278 47.8427 3.38916
      vertex 13.41 48.2054 2
      vertex 13.4278 47.8427 2
    endloop
  endfacet
  facet normal -0.998798 -0.0490174 0
    outer loop
      vertex 13.41 48.2054 2
      vertex 13.4278 47.8427 3.38916
      vertex 13.41 48.2054 3.49316
    endloop
  endfacet
  facet normal -0.671548 0.740961 0
    outer loop
      vertex 14.7627 51.0655 2
      vertex 14.4937 50.8217 4.24337
      vertex 14.7627 51.0655 4.31329
    endloop
  endfacet
  facet normal -0.671548 0.740961 0
    outer loop
      vertex 14.4937 50.8217 4.24337
      vertex 14.7627 51.0655 2
      vertex 14.4937 50.8217 2
    endloop
  endfacet
  facet normal -0.970061 -0.24286 -0
    outer loop
      vertex 13.5693 47.1313 3.18518
      vertex 13.4811 47.4836 2
      vertex 13.5693 47.1313 2
    endloop
  endfacet
  facet normal -0.970061 -0.24286 0
    outer loop
      vertex 13.4811 47.4836 2
      vertex 13.5693 47.1313 3.18518
      vertex 13.4811 47.4836 3.28617
    endloop
  endfacet
  facet normal 0.803162 0.595761 0
    outer loop
      vertex 20.1864 50.261 4.08259
      vertex 19.9701 50.5526 2
      vertex 19.9701 50.5526 4.16622
    endloop
  endfacet
  facet normal 0.803162 0.595761 0
    outer loop
      vertex 19.9701 50.5526 2
      vertex 20.1864 50.261 4.08259
      vertex 20.1864 50.261 2
    endloop
  endfacet
  facet normal -0.941542 -0.336895 -0
    outer loop
      vertex 13.6916 46.7895 3.08715
      vertex 13.5693 47.1313 2
      vertex 13.6916 46.7895 2
    endloop
  endfacet
  facet normal -0.941542 -0.336895 0
    outer loop
      vertex 13.5693 47.1313 2
      vertex 13.6916 46.7895 3.08715
      vertex 13.5693 47.1313 3.18518
    endloop
  endfacet
  facet normal -0.857663 0.514212 0
    outer loop
      vertex 13.8469 49.9496 3.99329
      vertex 14.0336 50.261 2
      vertex 13.8469 49.9496 2
    endloop
  endfacet
  facet normal -0.857663 0.514212 0
    outer loop
      vertex 14.0336 50.261 2
      vertex 13.8469 49.9496 3.99329
      vertex 14.0336 50.261 4.08259
    endloop
  endfacet
  facet normal 0.941542 -0.336895 0
    outer loop
      vertex 20.5284 46.7895 3.08715
      vertex 20.6507 47.1313 2
      vertex 20.6507 47.1313 3.18518
    endloop
  endfacet
  facet normal 0.941542 -0.336895 0
    outer loop
      vertex 20.6507 47.1313 2
      vertex 20.5284 46.7895 3.08715
      vertex 20.5284 46.7895 2
    endloop
  endfacet
  facet normal 0.857663 -0.514212 0
    outer loop
      vertex 20.1864 46.1498 2.90372
      vertex 20.3731 46.4612 2
      vertex 20.3731 46.4612 2.99303
    endloop
  endfacet
  facet normal 0.857663 -0.514212 0
    outer loop
      vertex 20.3731 46.4612 2
      vertex 20.1864 46.1498 2.90372
      vertex 20.1864 46.1498 2
    endloop
  endfacet
  facet normal 0.514212 0.857663 0
    outer loop
      vertex 18.8542 51.4685 2
      vertex 19.1656 51.2818 4.37531
      vertex 19.1656 51.2818 2
    endloop
  endfacet
  facet normal 0.514212 0.857663 0
    outer loop
      vertex 19.1656 51.2818 4.37531
      vertex 18.8542 51.4685 2
      vertex 18.8542 51.4685 4.42884
    endloop
  endfacet
  facet normal -0.24286 0.970061 0
    outer loop
      vertex 16.3882 51.8343 2
      vertex 16.0359 51.7461 4.50843
      vertex 16.3882 51.8343 4.53373
    endloop
  endfacet
  facet normal -0.24286 0.970061 0
    outer loop
      vertex 16.0359 51.7461 4.50843
      vertex 16.3882 51.8343 2
      vertex 16.0359 51.7461 2
    endloop
  endfacet
  facet normal -0.595451 -0.803391 0
    outer loop
      vertex 14.7627 45.3452 2
      vertex 15.0544 45.129 2.611
      vertex 14.7627 45.3452 2.67303
    endloop
  endfacet
  facet normal -0.595451 -0.803391 -0
    outer loop
      vertex 15.0544 45.129 2.611
      vertex 14.7627 45.3452 2
      vertex 15.0544 45.129 2
    endloop
  endfacet
  facet normal 0.427388 0.904068 0
    outer loop
      vertex 18.5259 51.6237 2
      vertex 18.8542 51.4685 4.42884
      vertex 18.8542 51.4685 2
    endloop
  endfacet
  facet normal 0.427388 0.904068 0
    outer loop
      vertex 18.8542 51.4685 4.42884
      vertex 18.5259 51.6237 2
      vertex 18.5259 51.6237 4.47335
    endloop
  endfacet
  facet normal 0.671548 0.740961 0
    outer loop
      vertex 19.4573 51.0655 2
      vertex 19.7263 50.8217 4.24337
      vertex 19.7263 50.8217 2
    endloop
  endfacet
  facet normal 0.671548 0.740961 0
    outer loop
      vertex 19.7263 50.8217 4.24337
      vertex 19.4573 51.0655 2
      vertex 19.4573 51.0655 4.31329
    endloop
  endfacet
  facet normal 0.857663 0.514212 0
    outer loop
      vertex 20.3731 49.9496 3.99329
      vertex 20.1864 50.261 2
      vertex 20.1864 50.261 4.08259
    endloop
  endfacet
  facet normal 0.857663 0.514212 0
    outer loop
      vertex 20.1864 50.261 2
      vertex 20.3731 49.9496 3.99329
      vertex 20.3731 49.9496 2
    endloop
  endfacet
  facet normal 0.903962 0.427613 0
    outer loop
      vertex 20.5284 49.6213 3.89917
      vertex 20.3731 49.9496 2
      vertex 20.3731 49.9496 3.99329
    endloop
  endfacet
  facet normal 0.903962 0.427613 0
    outer loop
      vertex 20.3731 49.9496 2
      vertex 20.5284 49.6213 3.89917
      vertex 20.5284 49.6213 2
    endloop
  endfacet
  facet normal -0.427613 -0.903962 0
    outer loop
      vertex 15.3658 44.9423 2
      vertex 15.6941 44.787 2.51296
      vertex 15.3658 44.9423 2.55748
    endloop
  endfacet
  facet normal -0.427613 -0.903962 -0
    outer loop
      vertex 15.6941 44.787 2.51296
      vertex 15.3658 44.9423 2
      vertex 15.6941 44.787 2
    endloop
  endfacet
  facet normal 0.24286 0.970061 0
    outer loop
      vertex 17.8318 51.8343 2
      vertex 18.1841 51.7461 4.50843
      vertex 18.1841 51.7461 2
    endloop
  endfacet
  facet normal 0.24286 0.970061 0
    outer loop
      vertex 18.1841 51.7461 4.50843
      vertex 17.8318 51.8343 2
      vertex 17.8318 51.8343 4.53373
    endloop
  endfacet
  facet normal 0.146818 -0.989163 0
    outer loop
      vertex 17.8318 44.5765 2
      vertex 17.4727 44.5232 2.43731
      vertex 17.4727 44.5232 2
    endloop
  endfacet
  facet normal 0.146818 -0.989163 0
    outer loop
      vertex 17.4727 44.5232 2.43731
      vertex 17.8318 44.5765 2
      vertex 17.8318 44.5765 2.45259
    endloop
  endfacet
  facet normal -0.903962 0.427613 0
    outer loop
      vertex 13.6916 49.6213 3.89917
      vertex 13.8469 49.9496 2
      vertex 13.6916 49.6213 2
    endloop
  endfacet
  facet normal -0.903962 0.427613 0
    outer loop
      vertex 13.8469 49.9496 2
      vertex 13.6916 49.6213 3.89917
      vertex 13.8469 49.9496 3.99329
    endloop
  endfacet
  facet normal 0.941574 0.336807 0
    outer loop
      vertex 20.6507 49.2794 3.80114
      vertex 20.5284 49.6213 2
      vertex 20.5284 49.6213 3.89917
    endloop
  endfacet
  facet normal 0.941574 0.336807 0
    outer loop
      vertex 20.5284 49.6213 2
      vertex 20.6507 49.2794 3.80114
      vertex 20.6507 49.2794 2
    endloop
  endfacet
  facet normal 0.427613 -0.903962 0
    outer loop
      vertex 18.8542 44.9423 2
      vertex 18.5259 44.787 2.51296
      vertex 18.5259 44.787 2
    endloop
  endfacet
  facet normal 0.427613 -0.903962 0
    outer loop
      vertex 18.5259 44.787 2.51296
      vertex 18.8542 44.9423 2
      vertex 18.8542 44.9423 2.55748
    endloop
  endfacet
  facet normal -0.741085 0.671411 0
    outer loop
      vertex 14.2499 50.5526 4.16622
      vertex 14.4937 50.8217 2
      vertex 14.2499 50.5526 2
    endloop
  endfacet
  facet normal -0.741085 0.671411 0
    outer loop
      vertex 14.4937 50.8217 2
      vertex 14.2499 50.5526 4.16622
      vertex 14.4937 50.8217 4.24337
    endloop
  endfacet
  facet normal -0.0490174 0.998798 0
    outer loop
      vertex 17.11 51.9054 2
      vertex 16.7473 51.8876 4.54901
      vertex 17.11 51.9054 4.55411
    endloop
  endfacet
  facet normal -0.0490174 0.998798 0
    outer loop
      vertex 16.7473 51.8876 4.54901
      vertex 17.11 51.9054 2
      vertex 16.7473 51.8876 2
    endloop
  endfacet
  facet normal -0.595629 0.80326 0
    outer loop
      vertex 15.0544 51.2818 2
      vertex 14.7627 51.0655 4.31329
      vertex 15.0544 51.2818 4.37531
    endloop
  endfacet
  facet normal -0.595629 0.80326 0
    outer loop
      vertex 14.7627 51.0655 4.31329
      vertex 15.0544 51.2818 2
      vertex 14.7627 51.0655 2
    endloop
  endfacet
  facet normal 0.0490174 0.998798 0
    outer loop
      vertex 17.11 51.9054 2
      vertex 17.4727 51.8876 4.54901
      vertex 17.4727 51.8876 2
    endloop
  endfacet
  facet normal 0.0490174 0.998798 0
    outer loop
      vertex 17.4727 51.8876 4.54901
      vertex 17.11 51.9054 2
      vertex 17.11 51.9054 4.55411
    endloop
  endfacet
  facet normal -0.336895 -0.941542 0
    outer loop
      vertex 15.6941 44.787 2
      vertex 16.0359 44.6647 2.47788
      vertex 15.6941 44.787 2.51296
    endloop
  endfacet
  facet normal -0.336895 -0.941542 -0
    outer loop
      vertex 16.0359 44.6647 2.47788
      vertex 15.6941 44.787 2
      vertex 16.0359 44.6647 2
    endloop
  endfacet
  facet normal -0.146818 0.989163 0
    outer loop
      vertex 16.7473 51.8876 2
      vertex 16.3882 51.8343 4.53373
      vertex 16.7473 51.8876 4.54901
    endloop
  endfacet
  facet normal -0.146818 0.989163 0
    outer loop
      vertex 16.3882 51.8343 4.53373
      vertex 16.7473 51.8876 2
      vertex 16.3882 51.8343 2
    endloop
  endfacet
  facet normal 0.146818 0.989163 0
    outer loop
      vertex 17.4727 51.8876 2
      vertex 17.8318 51.8343 4.53373
      vertex 17.8318 51.8343 2
    endloop
  endfacet
  facet normal 0.146818 0.989163 0
    outer loop
      vertex 17.8318 51.8343 4.53373
      vertex 17.4727 51.8876 2
      vertex 17.4727 51.8876 4.54901
    endloop
  endfacet
  facet normal 0.970061 -0.24286 0
    outer loop
      vertex 20.6507 47.1313 3.18518
      vertex 20.7389 47.4836 2
      vertex 20.7389 47.4836 3.28617
    endloop
  endfacet
  facet normal 0.970061 -0.24286 0
    outer loop
      vertex 20.7389 47.4836 2
      vertex 20.6507 47.1313 3.18518
      vertex 20.6507 47.1313 2
    endloop
  endfacet
  facet normal 0.0490174 -0.998798 0
    outer loop
      vertex 17.4727 44.5232 2
      vertex 17.11 44.5054 2.4322
      vertex 17.11 44.5054 2
    endloop
  endfacet
  facet normal 0.0490174 -0.998798 0
    outer loop
      vertex 17.11 44.5054 2.4322
      vertex 17.4727 44.5232 2
      vertex 17.4727 44.5232 2.43731
    endloop
  endfacet
  facet normal 0.740961 -0.671548 0
    outer loop
      vertex 19.7263 45.5891 2.74295
      vertex 19.9701 45.8581 2
      vertex 19.9701 45.8581 2.82009
    endloop
  endfacet
  facet normal 0.740961 -0.671548 0
    outer loop
      vertex 19.9701 45.8581 2
      vertex 19.7263 45.5891 2.74295
      vertex 19.7263 45.5891 2
    endloop
  endfacet
  facet normal 0.80326 -0.595629 0
    outer loop
      vertex 19.9701 45.8581 2.82009
      vertex 20.1864 46.1498 2
      vertex 20.1864 46.1498 2.90372
    endloop
  endfacet
  facet normal 0.80326 -0.595629 0
    outer loop
      vertex 20.1864 46.1498 2
      vertex 19.9701 45.8581 2.82009
      vertex 19.9701 45.8581 2
    endloop
  endfacet
  facet normal -0.146818 -0.989163 0
    outer loop
      vertex 16.3882 44.5765 2
      vertex 16.7473 44.5232 2.43731
      vertex 16.3882 44.5765 2.45259
    endloop
  endfacet
  facet normal -0.146818 -0.989163 -0
    outer loop
      vertex 16.7473 44.5232 2.43731
      vertex 16.3882 44.5765 2
      vertex 16.7473 44.5232 2
    endloop
  endfacet
  facet normal -0.941574 0.336807 0
    outer loop
      vertex 13.5693 49.2794 3.80114
      vertex 13.6916 49.6213 2
      vertex 13.5693 49.2794 2
    endloop
  endfacet
  facet normal -0.941574 0.336807 0
    outer loop
      vertex 13.6916 49.6213 2
      vertex 13.5693 49.2794 3.80114
      vertex 13.6916 49.6213 3.89917
    endloop
  endfacet
  facet normal 0.595451 -0.803391 0
    outer loop
      vertex 19.4573 45.3452 2
      vertex 19.1656 45.129 2.611
      vertex 19.1656 45.129 2
    endloop
  endfacet
  facet normal 0.595451 -0.803391 0
    outer loop
      vertex 19.1656 45.129 2.611
      vertex 19.4573 45.3452 2
      vertex 19.4573 45.3452 2.67303
    endloop
  endfacet
  facet normal -0.989163 0.146818 0
    outer loop
      vertex 13.4278 48.5681 3.59715
      vertex 13.4811 48.9272 2
      vertex 13.4278 48.5681 2
    endloop
  endfacet
  facet normal -0.989163 0.146818 0
    outer loop
      vertex 13.4811 48.9272 2
      vertex 13.4278 48.5681 3.59715
      vertex 13.4811 48.9272 3.70014
    endloop
  endfacet
  facet normal 0.24286 -0.970061 0
    outer loop
      vertex 18.1841 44.6647 2
      vertex 17.8318 44.5765 2.45259
      vertex 17.8318 44.5765 2
    endloop
  endfacet
  facet normal 0.24286 -0.970061 0
    outer loop
      vertex 17.8318 44.5765 2.45259
      vertex 18.1841 44.6647 2
      vertex 18.1841 44.6647 2.47788
    endloop
  endfacet
  facet normal -0.903962 -0.427613 -0
    outer loop
      vertex 13.8469 46.4612 2.99303
      vertex 13.6916 46.7895 2
      vertex 13.8469 46.4612 2
    endloop
  endfacet
  facet normal -0.903962 -0.427613 0
    outer loop
      vertex 13.6916 46.7895 2
      vertex 13.8469 46.4612 2.99303
      vertex 13.6916 46.7895 3.08715
    endloop
  endfacet
  facet normal -0.24286 -0.970061 0
    outer loop
      vertex 16.0359 44.6647 2
      vertex 16.3882 44.5765 2.45259
      vertex 16.0359 44.6647 2.47788
    endloop
  endfacet
  facet normal -0.24286 -0.970061 -0
    outer loop
      vertex 16.3882 44.5765 2.45259
      vertex 16.0359 44.6647 2
      vertex 16.3882 44.5765 2
    endloop
  endfacet
  facet normal 0.998798 -0.0490174 0
    outer loop
      vertex 20.7922 47.8427 3.38916
      vertex 20.81 48.2054 2
      vertex 20.81 48.2054 3.49316
    endloop
  endfacet
  facet normal 0.998798 -0.0490174 0
    outer loop
      vertex 20.81 48.2054 2
      vertex 20.7922 47.8427 3.38916
      vertex 20.7922 47.8427 2
    endloop
  endfacet
  facet normal 0.970045 0.242924 0
    outer loop
      vertex 20.7389 48.9272 3.70014
      vertex 20.6507 49.2794 2
      vertex 20.6507 49.2794 3.80114
    endloop
  endfacet
  facet normal 0.970045 0.242924 0
    outer loop
      vertex 20.6507 49.2794 2
      vertex 20.7389 48.9272 3.70014
      vertex 20.7389 48.9272 2
    endloop
  endfacet
  facet normal -0.740961 -0.671548 -0
    outer loop
      vertex 14.4937 45.5891 2.74295
      vertex 14.2499 45.8581 2
      vertex 14.4937 45.5891 2
    endloop
  endfacet
  facet normal -0.740961 -0.671548 0
    outer loop
      vertex 14.2499 45.8581 2
      vertex 14.4937 45.5891 2.74295
      vertex 14.2499 45.8581 2.82009
    endloop
  endfacet
  facet normal -0.857663 -0.514212 -0
    outer loop
      vertex 14.0336 46.1498 2.90372
      vertex 13.8469 46.4612 2
      vertex 14.0336 46.1498 2
    endloop
  endfacet
  facet normal -0.857663 -0.514212 0
    outer loop
      vertex 13.8469 46.4612 2
      vertex 14.0336 46.1498 2.90372
      vertex 13.8469 46.4612 2.99303
    endloop
  endfacet
  facet normal -0.337139 0.941455 0
    outer loop
      vertex 16.0359 51.7461 2
      vertex 15.6941 51.6237 4.47335
      vertex 16.0359 51.7461 4.50843
    endloop
  endfacet
  facet normal -0.337139 0.941455 0
    outer loop
      vertex 15.6941 51.6237 4.47335
      vertex 16.0359 51.7461 2
      vertex 15.6941 51.6237 2
    endloop
  endfacet
  facet normal -0.514212 -0.857663 0
    outer loop
      vertex 15.0544 45.129 2
      vertex 15.3658 44.9423 2.55748
      vertex 15.0544 45.129 2.611
    endloop
  endfacet
  facet normal -0.514212 -0.857663 -0
    outer loop
      vertex 15.3658 44.9423 2.55748
      vertex 15.0544 45.129 2
      vertex 15.3658 44.9423 2
    endloop
  endfacet
  facet normal -0.970045 0.242924 0
    outer loop
      vertex 13.4811 48.9272 3.70014
      vertex 13.5693 49.2794 2
      vertex 13.4811 48.9272 2
    endloop
  endfacet
  facet normal -0.970045 0.242924 0
    outer loop
      vertex 13.5693 49.2794 2
      vertex 13.4811 48.9272 3.70014
      vertex 13.5693 49.2794 3.80114
    endloop
  endfacet
  facet normal -0.80326 -0.595629 -0
    outer loop
      vertex 14.2499 45.8581 2.82009
      vertex 14.0336 46.1498 2
      vertex 14.2499 45.8581 2
    endloop
  endfacet
  facet normal -0.80326 -0.595629 0
    outer loop
      vertex 14.0336 46.1498 2
      vertex 14.2499 45.8581 2.82009
      vertex 14.0336 46.1498 2.90372
    endloop
  endfacet
  facet normal -0.514212 0.857663 0
    outer loop
      vertex 15.3658 51.4685 2
      vertex 15.0544 51.2818 4.37531
      vertex 15.3658 51.4685 4.42884
    endloop
  endfacet
  facet normal -0.514212 0.857663 0
    outer loop
      vertex 15.0544 51.2818 4.37531
      vertex 15.3658 51.4685 2
      vertex 15.0544 51.2818 2
    endloop
  endfacet
  facet normal -0.427388 0.904068 0
    outer loop
      vertex 15.6941 51.6237 2
      vertex 15.3658 51.4685 4.42884
      vertex 15.6941 51.6237 4.47335
    endloop
  endfacet
  facet normal -0.427388 0.904068 0
    outer loop
      vertex 15.3658 51.4685 4.42884
      vertex 15.6941 51.6237 2
      vertex 15.3658 51.4685 2
    endloop
  endfacet
  facet normal -0.989163 -0.146818 -0
    outer loop
      vertex 13.4811 47.4836 3.28617
      vertex 13.4278 47.8427 2
      vertex 13.4811 47.4836 2
    endloop
  endfacet
  facet normal -0.989163 -0.146818 0
    outer loop
      vertex 13.4278 47.8427 2
      vertex 13.4811 47.4836 3.28617
      vertex 13.4278 47.8427 3.38916
    endloop
  endfacet
  facet normal 0.514212 -0.857663 0
    outer loop
      vertex 19.1656 45.129 2
      vertex 18.8542 44.9423 2.55748
      vertex 18.8542 44.9423 2
    endloop
  endfacet
  facet normal 0.514212 -0.857663 0
    outer loop
      vertex 18.8542 44.9423 2.55748
      vertex 19.1656 45.129 2
      vertex 19.1656 45.129 2.611
    endloop
  endfacet
  facet normal -0.671699 -0.740824 0
    outer loop
      vertex 14.4937 45.5891 2
      vertex 14.7627 45.3452 2.67303
      vertex 14.4937 45.5891 2.74295
    endloop
  endfacet
  facet normal -0.671699 -0.740824 -0
    outer loop
      vertex 14.7627 45.3452 2.67303
      vertex 14.4937 45.5891 2
      vertex 14.7627 45.3452 2
    endloop
  endfacet
  facet normal -0.803162 0.595761 0
    outer loop
      vertex 14.0336 50.261 4.08259
      vertex 14.2499 50.5526 2
      vertex 14.0336 50.261 2
    endloop
  endfacet
  facet normal -0.803162 0.595761 0
    outer loop
      vertex 14.2499 50.5526 2
      vertex 14.0336 50.261 4.08259
      vertex 14.2499 50.5526 4.16622
    endloop
  endfacet
  facet normal -0.0490174 -0.998798 0
    outer loop
      vertex 16.7473 44.5232 2
      vertex 17.11 44.5054 2.4322
      vertex 16.7473 44.5232 2.43731
    endloop
  endfacet
  facet normal -0.0490174 -0.998798 -0
    outer loop
      vertex 17.11 44.5054 2.4322
      vertex 16.7473 44.5232 2
      vertex 17.11 44.5054 2
    endloop
  endfacet
  facet normal -0.998798 0.0490174 0
    outer loop
      vertex 13.41 48.2054 3.49316
      vertex 13.4278 48.5681 2
      vertex 13.41 48.2054 2
    endloop
  endfacet
  facet normal -0.998798 0.0490174 0
    outer loop
      vertex 13.4278 48.5681 2
      vertex 13.41 48.2054 3.49316
      vertex 13.4278 48.5681 3.59715
    endloop
  endfacet
  facet normal 0.671699 -0.740824 0
    outer loop
      vertex 19.7263 45.5891 2
      vertex 19.4573 45.3452 2.67303
      vertex 19.4573 45.3452 2
    endloop
  endfacet
  facet normal 0.671699 -0.740824 0
    outer loop
      vertex 19.4573 45.3452 2.67303
      vertex 19.7263 45.5891 2
      vertex 19.7263 45.5891 2.74295
    endloop
  endfacet
  facet normal -0.857745 0.514076 0
    outer loop
      vertex 19.1887 46.8165 3.09489
      vertex 19.3148 47.0269 2
      vertex 19.1887 46.8165 2
    endloop
  endfacet
  facet normal -0.857745 0.514076 0
    outer loop
      vertex 19.3148 47.0269 2
      vertex 19.1887 46.8165 3.09489
      vertex 19.3148 47.0269 3.15523
    endloop
  endfacet
  facet normal -0.989177 -0.146726 -0
    outer loop
      vertex 19.598 48.4504 3.56342
      vertex 19.562 48.6931 2
      vertex 19.598 48.4504 2
    endloop
  endfacet
  facet normal -0.989177 -0.146726 0
    outer loop
      vertex 19.562 48.6931 2
      vertex 19.598 48.4504 3.56342
      vertex 19.562 48.6931 3.63301
    endloop
  endfacet
  facet normal -0.998803 -0.0489209 -0
    outer loop
      vertex 19.61 48.2054 3.49316
      vertex 19.598 48.4504 2
      vertex 19.61 48.2054 2
    endloop
  endfacet
  facet normal -0.998803 -0.0489209 0
    outer loop
      vertex 19.598 48.4504 2
      vertex 19.61 48.2054 3.49316
      vertex 19.598 48.4504 3.56342
    endloop
  endfacet
  facet normal -0.96995 -0.243303 -0
    outer loop
      vertex 19.562 48.6931 3.63301
      vertex 19.5023 48.9311 2
      vertex 19.562 48.6931 2
    endloop
  endfacet
  facet normal -0.96995 -0.243303 0
    outer loop
      vertex 19.5023 48.9311 2
      vertex 19.562 48.6931 3.63301
      vertex 19.5023 48.9311 3.70125
    endloop
  endfacet
  facet normal -0.857745 -0.514076 -0
    outer loop
      vertex 19.3148 49.3839 3.83108
      vertex 19.1887 49.5943 2
      vertex 19.3148 49.3839 2
    endloop
  endfacet
  facet normal -0.857745 -0.514076 0
    outer loop
      vertex 19.1887 49.5943 2
      vertex 19.3148 49.3839 3.83108
      vertex 19.1887 49.5943 3.89142
    endloop
  endfacet
  facet normal 0.970047 0.242919 0
    outer loop
      vertex 14.7176 47.4797 3.28506
      vertex 14.658 47.7177 2
      vertex 14.658 47.7177 3.3533
    endloop
  endfacet
  facet normal 0.970047 0.242919 0
    outer loop
      vertex 14.658 47.7177 2
      vertex 14.7176 47.4797 3.28506
      vertex 14.7176 47.4797 2
    endloop
  endfacet
  facet normal -0.941613 0.336698 0
    outer loop
      vertex 19.4197 47.2487 3.21883
      vertex 19.5023 47.4797 2
      vertex 19.4197 47.2487 2
    endloop
  endfacet
  facet normal -0.941613 0.336698 0
    outer loop
      vertex 19.5023 47.4797 2
      vertex 19.4197 47.2487 3.21883
      vertex 19.5023 47.4797 3.28506
    endloop
  endfacet
  facet normal -0.803167 0.595754 0
    outer loop
      vertex 19.0425 46.6194 3.03838
      vertex 19.1887 46.8165 2
      vertex 19.0425 46.6194 2
    endloop
  endfacet
  facet normal -0.803167 0.595754 0
    outer loop
      vertex 19.1887 46.8165 2
      vertex 19.0425 46.6194 3.03838
      vertex 19.1887 46.8165 3.09489
    endloop
  endfacet
  facet normal 0.941483 -0.337059 0
    outer loop
      vertex 14.7176 48.9311 3.70125
      vertex 14.8003 49.1621 2
      vertex 14.8003 49.1621 3.76749
    endloop
  endfacet
  facet normal 0.941483 -0.337059 0
    outer loop
      vertex 14.8003 49.1621 2
      vertex 14.7176 48.9311 3.70125
      vertex 14.7176 48.9311 2
    endloop
  endfacet
  facet normal -0.671394 -0.741101 0
    outer loop
      vertex 18.696 50.1379 2
      vertex 18.8778 49.9732 4.00006
      vertex 18.696 50.1379 4.0473
    endloop
  endfacet
  facet normal -0.671394 -0.741101 -0
    outer loop
      vertex 18.8778 49.9732 4.00006
      vertex 18.696 50.1379 2
      vertex 18.8778 49.9732 2
    endloop
  endfacet
  facet normal -0.741101 -0.671394 -0
    outer loop
      vertex 19.0425 49.7914 3.94793
      vertex 18.8778 49.9732 2
      vertex 19.0425 49.7914 2
    endloop
  endfacet
  facet normal -0.741101 -0.671394 0
    outer loop
      vertex 18.8778 49.9732 2
      vertex 19.0425 49.7914 3.94793
      vertex 18.8778 49.9732 4.00006
    endloop
  endfacet
  facet normal 0.671394 -0.741101 0
    outer loop
      vertex 15.524 50.1379 2
      vertex 15.3422 49.9732 4.00006
      vertex 15.3422 49.9732 2
    endloop
  endfacet
  facet normal 0.671394 -0.741101 0
    outer loop
      vertex 15.3422 49.9732 4.00006
      vertex 15.524 50.1379 2
      vertex 15.524 50.1379 4.0473
    endloop
  endfacet
  facet normal -0.514076 -0.857745 0
    outer loop
      vertex 18.2885 50.4102 2
      vertex 18.4989 50.2841 4.08921
      vertex 18.2885 50.4102 4.12537
    endloop
  endfacet
  facet normal -0.514076 -0.857745 -0
    outer loop
      vertex 18.4989 50.2841 4.08921
      vertex 18.2885 50.4102 2
      vertex 18.4989 50.2841 2
    endloop
  endfacet
  facet normal -0.595754 -0.803167 0
    outer loop
      vertex 18.4989 50.2841 2
      vertex 18.696 50.1379 4.0473
      vertex 18.4989 50.2841 4.08921
    endloop
  endfacet
  facet normal -0.595754 -0.803167 -0
    outer loop
      vertex 18.696 50.1379 4.0473
      vertex 18.4989 50.2841 2
      vertex 18.696 50.1379 2
    endloop
  endfacet
  facet normal -0.337059 0.941483 0
    outer loop
      vertex 18.0667 45.8957 2
      vertex 17.8357 45.813 2.80716
      vertex 18.0667 45.8957 2.83086
    endloop
  endfacet
  facet normal -0.337059 0.941483 0
    outer loop
      vertex 17.8357 45.813 2.80716
      vertex 18.0667 45.8957 2
      vertex 17.8357 45.813 2
    endloop
  endfacet
  facet normal 0.146726 0.989177 0
    outer loop
      vertex 16.6223 45.7534 2
      vertex 16.865 45.7174 2.77975
      vertex 16.865 45.7174 2
    endloop
  endfacet
  facet normal 0.146726 0.989177 0
    outer loop
      vertex 16.865 45.7174 2.77975
      vertex 16.6223 45.7534 2
      vertex 16.6223 45.7534 2.79007
    endloop
  endfacet
  facet normal -0.0489209 -0.998803 0
    outer loop
      vertex 17.11 50.7054 2
      vertex 17.355 50.6934 4.20657
      vertex 17.11 50.7054 4.21002
    endloop
  endfacet
  facet normal -0.0489209 -0.998803 -0
    outer loop
      vertex 17.355 50.6934 4.20657
      vertex 17.11 50.7054 2
      vertex 17.355 50.6934 2
    endloop
  endfacet
  facet normal 0.857745 -0.514076 0
    outer loop
      vertex 14.9052 49.3839 3.83108
      vertex 15.0313 49.5943 2
      vertex 15.0313 49.5943 3.89142
    endloop
  endfacet
  facet normal 0.857745 -0.514076 0
    outer loop
      vertex 15.0313 49.5943 2
      vertex 14.9052 49.3839 3.83108
      vertex 14.9052 49.3839 2
    endloop
  endfacet
  facet normal 0.0489209 0.998803 0
    outer loop
      vertex 16.865 45.7174 2
      vertex 17.11 45.7054 2.77629
      vertex 17.11 45.7054 2
    endloop
  endfacet
  facet normal 0.0489209 0.998803 0
    outer loop
      vertex 17.11 45.7054 2.77629
      vertex 16.865 45.7174 2
      vertex 16.865 45.7174 2.77975
    endloop
  endfacet
  facet normal 0.989177 -0.146726 0
    outer loop
      vertex 14.622 48.4504 3.56342
      vertex 14.658 48.6931 2
      vertex 14.658 48.6931 3.63301
    endloop
  endfacet
  facet normal 0.989177 -0.146726 0
    outer loop
      vertex 14.658 48.6931 2
      vertex 14.622 48.4504 3.56342
      vertex 14.622 48.4504 2
    endloop
  endfacet
  facet normal -0.998804 0.048901 0
    outer loop
      vertex 19.598 47.9603 3.42289
      vertex 19.61 48.2054 2
      vertex 19.598 47.9603 2
    endloop
  endfacet
  facet normal -0.998804 0.048901 0
    outer loop
      vertex 19.61 48.2054 2
      vertex 19.598 47.9603 3.42289
      vertex 19.61 48.2054 3.49316
    endloop
  endfacet
  facet normal 0.903995 0.427543 0
    outer loop
      vertex 14.9052 47.0269 3.15523
      vertex 14.8003 47.2487 2
      vertex 14.8003 47.2487 3.21883
    endloop
  endfacet
  facet normal 0.903995 0.427543 0
    outer loop
      vertex 14.8003 47.2487 2
      vertex 14.9052 47.0269 3.15523
      vertex 14.9052 47.0269 2
    endloop
  endfacet
  facet normal 0.998804 0.048901 0
    outer loop
      vertex 14.622 47.9603 3.42289
      vertex 14.61 48.2054 2
      vertex 14.61 48.2054 3.49316
    endloop
  endfacet
  facet normal 0.998804 0.048901 0
    outer loop
      vertex 14.61 48.2054 2
      vertex 14.622 47.9603 3.42289
      vertex 14.622 47.9603 2
    endloop
  endfacet
  facet normal -0.514076 0.857745 0
    outer loop
      vertex 18.4989 46.1267 2
      vertex 18.2885 46.0006 2.86094
      vertex 18.4989 46.1267 2.89711
    endloop
  endfacet
  facet normal -0.514076 0.857745 0
    outer loop
      vertex 18.2885 46.0006 2.86094
      vertex 18.4989 46.1267 2
      vertex 18.2885 46.0006 2
    endloop
  endfacet
  facet normal 0.427543 0.903995 0
    outer loop
      vertex 15.9315 46.0006 2
      vertex 16.1533 45.8957 2.83086
      vertex 16.1533 45.8957 2
    endloop
  endfacet
  facet normal 0.427543 0.903995 0
    outer loop
      vertex 16.1533 45.8957 2.83086
      vertex 15.9315 46.0006 2
      vertex 15.9315 46.0006 2.86094
    endloop
  endfacet
  facet normal -0.903995 -0.427543 -0
    outer loop
      vertex 19.4197 49.1621 3.76749
      vertex 19.3148 49.3839 2
      vertex 19.4197 49.1621 2
    endloop
  endfacet
  facet normal -0.903995 -0.427543 0
    outer loop
      vertex 19.3148 49.3839 2
      vertex 19.4197 49.1621 3.76749
      vertex 19.3148 49.3839 3.83108
    endloop
  endfacet
  facet normal 0.427543 -0.903995 0
    outer loop
      vertex 16.1533 50.5151 2
      vertex 15.9315 50.4102 4.12537
      vertex 15.9315 50.4102 2
    endloop
  endfacet
  facet normal 0.427543 -0.903995 0
    outer loop
      vertex 15.9315 50.4102 4.12537
      vertex 16.1533 50.5151 2
      vertex 16.1533 50.5151 4.15545
    endloop
  endfacet
  facet normal 0.243303 -0.96995 0
    outer loop
      vertex 16.6223 50.6574 2
      vertex 16.3843 50.5977 4.17915
      vertex 16.3843 50.5977 2
    endloop
  endfacet
  facet normal 0.243303 -0.96995 0
    outer loop
      vertex 16.3843 50.5977 4.17915
      vertex 16.6223 50.6574 2
      vertex 16.6223 50.6574 4.19625
    endloop
  endfacet
  facet normal 0.595754 -0.803167 0
    outer loop
      vertex 15.7211 50.2841 2
      vertex 15.524 50.1379 4.0473
      vertex 15.524 50.1379 2
    endloop
  endfacet
  facet normal 0.595754 -0.803167 0
    outer loop
      vertex 15.524 50.1379 4.0473
      vertex 15.7211 50.2841 2
      vertex 15.7211 50.2841 4.08921
    endloop
  endfacet
  facet normal -0.146726 0.989177 0
    outer loop
      vertex 17.5977 45.7534 2
      vertex 17.355 45.7174 2.77975
      vertex 17.5977 45.7534 2.79007
    endloop
  endfacet
  facet normal -0.146726 0.989177 0
    outer loop
      vertex 17.355 45.7174 2.77975
      vertex 17.5977 45.7534 2
      vertex 17.355 45.7174 2
    endloop
  endfacet
  facet normal 0.941483 0.337059 0
    outer loop
      vertex 14.8003 47.2487 3.21883
      vertex 14.7176 47.4797 2
      vertex 14.7176 47.4797 3.28506
    endloop
  endfacet
  facet normal 0.941483 0.337059 0
    outer loop
      vertex 14.7176 47.4797 2
      vertex 14.8003 47.2487 3.21883
      vertex 14.8003 47.2487 2
    endloop
  endfacet
  facet normal -0.741101 0.671394 0
    outer loop
      vertex 18.8778 46.4376 2.98626
      vertex 19.0425 46.6194 2
      vertex 18.8778 46.4376 2
    endloop
  endfacet
  facet normal -0.741101 0.671394 0
    outer loop
      vertex 19.0425 46.6194 2
      vertex 18.8778 46.4376 2.98626
      vertex 19.0425 46.6194 3.03838
    endloop
  endfacet
  facet normal -0.989168 0.146785 0
    outer loop
      vertex 19.562 47.7177 3.3533
      vertex 19.598 47.9603 2
      vertex 19.562 47.7177 2
    endloop
  endfacet
  facet normal -0.989168 0.146785 0
    outer loop
      vertex 19.598 47.9603 2
      vertex 19.562 47.7177 3.3533
      vertex 19.598 47.9603 3.42289
    endloop
  endfacet
  facet normal -0.427543 0.903995 0
    outer loop
      vertex 18.2885 46.0006 2
      vertex 18.0667 45.8957 2.83086
      vertex 18.2885 46.0006 2.86094
    endloop
  endfacet
  facet normal -0.427543 0.903995 0
    outer loop
      vertex 18.0667 45.8957 2.83086
      vertex 18.2885 46.0006 2
      vertex 18.0667 45.8957 2
    endloop
  endfacet
  facet normal 0.337059 0.941483 0
    outer loop
      vertex 16.1533 45.8957 2
      vertex 16.3843 45.813 2.80716
      vertex 16.3843 45.813 2
    endloop
  endfacet
  facet normal 0.337059 0.941483 0
    outer loop
      vertex 16.3843 45.813 2.80716
      vertex 16.1533 45.8957 2
      vertex 16.1533 45.8957 2.83086
    endloop
  endfacet
  facet normal 0.336698 -0.941613 0
    outer loop
      vertex 16.3843 50.5977 2
      vertex 16.1533 50.5151 4.15545
      vertex 16.1533 50.5151 2
    endloop
  endfacet
  facet normal 0.336698 -0.941613 0
    outer loop
      vertex 16.1533 50.5151 4.15545
      vertex 16.3843 50.5977 2
      vertex 16.3843 50.5977 4.17915
    endloop
  endfacet
  facet normal -0.803167 -0.595754 -0
    outer loop
      vertex 19.1887 49.5943 3.89142
      vertex 19.0425 49.7914 2
      vertex 19.1887 49.5943 2
    endloop
  endfacet
  facet normal -0.803167 -0.595754 0
    outer loop
      vertex 19.0425 49.7914 2
      vertex 19.1887 49.5943 3.89142
      vertex 19.0425 49.7914 3.94793
    endloop
  endfacet
  facet normal 0.595754 0.803167 0
    outer loop
      vertex 15.524 46.2729 2
      vertex 15.7211 46.1267 2.89711
      vertex 15.7211 46.1267 2
    endloop
  endfacet
  facet normal 0.595754 0.803167 0
    outer loop
      vertex 15.7211 46.1267 2.89711
      vertex 15.524 46.2729 2
      vertex 15.524 46.2729 2.93901
    endloop
  endfacet
  facet normal 0.970047 -0.242919 0
    outer loop
      vertex 14.658 48.6931 3.63301
      vertex 14.7176 48.9311 2
      vertex 14.7176 48.9311 3.70125
    endloop
  endfacet
  facet normal 0.970047 -0.242919 0
    outer loop
      vertex 14.7176 48.9311 2
      vertex 14.658 48.6931 3.63301
      vertex 14.658 48.6931 2
    endloop
  endfacet
  facet normal 0.514076 0.857745 0
    outer loop
      vertex 15.7211 46.1267 2
      vertex 15.9315 46.0006 2.86094
      vertex 15.9315 46.0006 2
    endloop
  endfacet
  facet normal 0.514076 0.857745 0
    outer loop
      vertex 15.9315 46.0006 2.86094
      vertex 15.7211 46.1267 2
      vertex 15.7211 46.1267 2.89711
    endloop
  endfacet
  facet normal -0.0489209 0.998803 0
    outer loop
      vertex 17.355 45.7174 2
      vertex 17.11 45.7054 2.77629
      vertex 17.355 45.7174 2.77975
    endloop
  endfacet
  facet normal -0.0489209 0.998803 0
    outer loop
      vertex 17.11 45.7054 2.77629
      vertex 17.355 45.7174 2
      vertex 17.11 45.7054 2
    endloop
  endfacet
  facet normal -0.243303 -0.96995 0
    outer loop
      vertex 17.5977 50.6574 2
      vertex 17.8357 50.5977 4.17915
      vertex 17.5977 50.6574 4.19625
    endloop
  endfacet
  facet normal -0.243303 -0.96995 -0
    outer loop
      vertex 17.8357 50.5977 4.17915
      vertex 17.5977 50.6574 2
      vertex 17.8357 50.5977 2
    endloop
  endfacet
  facet normal -0.146726 -0.989177 0
    outer loop
      vertex 17.355 50.6934 2
      vertex 17.5977 50.6574 4.19625
      vertex 17.355 50.6934 4.20657
    endloop
  endfacet
  facet normal -0.146726 -0.989177 -0
    outer loop
      vertex 17.5977 50.6574 4.19625
      vertex 17.355 50.6934 2
      vertex 17.5977 50.6574 2
    endloop
  endfacet
  facet normal -0.427543 -0.903995 0
    outer loop
      vertex 18.0667 50.5151 2
      vertex 18.2885 50.4102 4.12537
      vertex 18.0667 50.5151 4.15545
    endloop
  endfacet
  facet normal -0.427543 -0.903995 -0
    outer loop
      vertex 18.2885 50.4102 4.12537
      vertex 18.0667 50.5151 2
      vertex 18.2885 50.4102 2
    endloop
  endfacet
  facet normal 0.803167 -0.595754 0
    outer loop
      vertex 15.0313 49.5943 3.89142
      vertex 15.1775 49.7914 2
      vertex 15.1775 49.7914 3.94793
    endloop
  endfacet
  facet normal 0.803167 -0.595754 0
    outer loop
      vertex 15.1775 49.7914 2
      vertex 15.0313 49.5943 3.89142
      vertex 15.0313 49.5943 2
    endloop
  endfacet
  facet normal -0.903995 0.427543 0
    outer loop
      vertex 19.3148 47.0269 3.15523
      vertex 19.4197 47.2487 2
      vertex 19.3148 47.0269 2
    endloop
  endfacet
  facet normal -0.903995 0.427543 0
    outer loop
      vertex 19.4197 47.2487 2
      vertex 19.3148 47.0269 3.15523
      vertex 19.4197 47.2487 3.21883
    endloop
  endfacet
  facet normal -0.941613 -0.336698 -0
    outer loop
      vertex 19.5023 48.9311 3.70125
      vertex 19.4197 49.1621 2
      vertex 19.5023 48.9311 2
    endloop
  endfacet
  facet normal -0.941613 -0.336698 0
    outer loop
      vertex 19.4197 49.1621 2
      vertex 19.5023 48.9311 3.70125
      vertex 19.4197 49.1621 3.76749
    endloop
  endfacet
  facet normal 0.803167 0.595754 0
    outer loop
      vertex 15.1775 46.6194 3.03838
      vertex 15.0313 46.8165 2
      vertex 15.0313 46.8165 3.09489
    endloop
  endfacet
  facet normal 0.803167 0.595754 0
    outer loop
      vertex 15.0313 46.8165 2
      vertex 15.1775 46.6194 3.03838
      vertex 15.1775 46.6194 2
    endloop
  endfacet
  facet normal 0.514076 -0.857745 0
    outer loop
      vertex 15.9315 50.4102 2
      vertex 15.7211 50.2841 4.08921
      vertex 15.7211 50.2841 2
    endloop
  endfacet
  facet normal 0.514076 -0.857745 0
    outer loop
      vertex 15.7211 50.2841 4.08921
      vertex 15.9315 50.4102 2
      vertex 15.9315 50.4102 4.12537
    endloop
  endfacet
  facet normal -0.595754 0.803167 0
    outer loop
      vertex 18.696 46.2729 2
      vertex 18.4989 46.1267 2.89711
      vertex 18.696 46.2729 2.93901
    endloop
  endfacet
  facet normal -0.595754 0.803167 0
    outer loop
      vertex 18.4989 46.1267 2.89711
      vertex 18.696 46.2729 2
      vertex 18.4989 46.1267 2
    endloop
  endfacet
  facet normal 0.0489209 -0.998803 0
    outer loop
      vertex 17.11 50.7054 2
      vertex 16.865 50.6934 4.20657
      vertex 16.865 50.6934 2
    endloop
  endfacet
  facet normal 0.0489209 -0.998803 0
    outer loop
      vertex 16.865 50.6934 4.20657
      vertex 17.11 50.7054 2
      vertex 17.11 50.7054 4.21002
    endloop
  endfacet
  facet normal -0.336698 -0.941613 0
    outer loop
      vertex 17.8357 50.5977 2
      vertex 18.0667 50.5151 4.15545
      vertex 17.8357 50.5977 4.17915
    endloop
  endfacet
  facet normal -0.336698 -0.941613 -0
    outer loop
      vertex 18.0667 50.5151 4.15545
      vertex 17.8357 50.5977 2
      vertex 18.0667 50.5151 2
    endloop
  endfacet
  facet normal 0.998803 -0.0489209 0
    outer loop
      vertex 14.61 48.2054 3.49316
      vertex 14.622 48.4504 2
      vertex 14.622 48.4504 3.56342
    endloop
  endfacet
  facet normal 0.998803 -0.0489209 0
    outer loop
      vertex 14.622 48.4504 2
      vertex 14.61 48.2054 3.49316
      vertex 14.61 48.2054 2
    endloop
  endfacet
  facet normal 0.146726 -0.989177 0
    outer loop
      vertex 16.865 50.6934 2
      vertex 16.6223 50.6574 4.19625
      vertex 16.6223 50.6574 2
    endloop
  endfacet
  facet normal 0.146726 -0.989177 0
    outer loop
      vertex 16.6223 50.6574 4.19625
      vertex 16.865 50.6934 2
      vertex 16.865 50.6934 4.20657
    endloop
  endfacet
  facet normal 0.989168 0.146785 0
    outer loop
      vertex 14.658 47.7177 3.3533
      vertex 14.622 47.9603 2
      vertex 14.622 47.9603 3.42289
    endloop
  endfacet
  facet normal 0.989168 0.146785 0
    outer loop
      vertex 14.622 47.9603 2
      vertex 14.658 47.7177 3.3533
      vertex 14.658 47.7177 2
    endloop
  endfacet
  facet normal 0.903995 -0.427543 0
    outer loop
      vertex 14.8003 49.1621 3.76749
      vertex 14.9052 49.3839 2
      vertex 14.9052 49.3839 3.83108
    endloop
  endfacet
  facet normal 0.903995 -0.427543 0
    outer loop
      vertex 14.9052 49.3839 2
      vertex 14.8003 49.1621 3.76749
      vertex 14.8003 49.1621 2
    endloop
  endfacet
  facet normal -0.242919 0.970047 0
    outer loop
      vertex 17.8357 45.813 2
      vertex 17.5977 45.7534 2.79007
      vertex 17.8357 45.813 2.80716
    endloop
  endfacet
  facet normal -0.242919 0.970047 0
    outer loop
      vertex 17.5977 45.7534 2.79007
      vertex 17.8357 45.813 2
      vertex 17.5977 45.7534 2
    endloop
  endfacet
  facet normal 0.741101 0.671394 0
    outer loop
      vertex 15.3422 46.4376 2.98626
      vertex 15.1775 46.6194 2
      vertex 15.1775 46.6194 3.03838
    endloop
  endfacet
  facet normal 0.741101 0.671394 0
    outer loop
      vertex 15.1775 46.6194 2
      vertex 15.3422 46.4376 2.98626
      vertex 15.3422 46.4376 2
    endloop
  endfacet
  facet normal -0.96995 0.243303 0
    outer loop
      vertex 19.5023 47.4797 3.28506
      vertex 19.562 47.7177 2
      vertex 19.5023 47.4797 2
    endloop
  endfacet
  facet normal -0.96995 0.243303 0
    outer loop
      vertex 19.562 47.7177 2
      vertex 19.5023 47.4797 3.28506
      vertex 19.562 47.7177 3.3533
    endloop
  endfacet
  facet normal 0.671394 0.741101 0
    outer loop
      vertex 15.3422 46.4376 2
      vertex 15.524 46.2729 2.93901
      vertex 15.524 46.2729 2
    endloop
  endfacet
  facet normal 0.671394 0.741101 0
    outer loop
      vertex 15.524 46.2729 2.93901
      vertex 15.3422 46.4376 2
      vertex 15.3422 46.4376 2.98626
    endloop
  endfacet
  facet normal 0.741101 -0.671394 0
    outer loop
      vertex 15.1775 49.7914 3.94793
      vertex 15.3422 49.9732 2
      vertex 15.3422 49.9732 4.00006
    endloop
  endfacet
  facet normal 0.741101 -0.671394 0
    outer loop
      vertex 15.3422 49.9732 2
      vertex 15.1775 49.7914 3.94793
      vertex 15.1775 49.7914 2
    endloop
  endfacet
  facet normal 0.242919 0.970047 0
    outer loop
      vertex 16.3843 45.813 2
      vertex 16.6223 45.7534 2.79007
      vertex 16.6223 45.7534 2
    endloop
  endfacet
  facet normal 0.242919 0.970047 0
    outer loop
      vertex 16.6223 45.7534 2.79007
      vertex 16.3843 45.813 2
      vertex 16.3843 45.813 2.80716
    endloop
  endfacet
  facet normal 0.857745 0.514076 0
    outer loop
      vertex 15.0313 46.8165 3.09489
      vertex 14.9052 47.0269 2
      vertex 14.9052 47.0269 3.15523
    endloop
  endfacet
  facet normal 0.857745 0.514076 0
    outer loop
      vertex 14.9052 47.0269 2
      vertex 15.0313 46.8165 3.09489
      vertex 15.0313 46.8165 2
    endloop
  endfacet
  facet normal -0.671394 0.741101 0
    outer loop
      vertex 18.8778 46.4376 2
      vertex 18.696 46.2729 2.93901
      vertex 18.8778 46.4376 2.98626
    endloop
  endfacet
  facet normal -0.671394 0.741101 0
    outer loop
      vertex 18.696 46.2729 2.93901
      vertex 18.8778 46.4376 2
      vertex 18.696 46.2729 2
    endloop
  endfacet
  facet normal 0 -0.275701 0.961243
    outer loop
      vertex 19.61 76.082 11.4866
      vertex 20.81 76.082 11.4866
      vertex 20.7922 76.4446 11.5906
    endloop
  endfacet
  facet normal 1.71392e-05 -0.275638 0.961262
    outer loop
      vertex 19.598 76.327 11.5569
      vertex 20.7922 76.4446 11.5906
      vertex 20.7389 76.8038 11.6936
    endloop
  endfacet
  facet normal 0 -0.275631 0.961263
    outer loop
      vertex 20.81 76.082 11.4866
      vertex 19.61 76.082 11.4866
      vertex 20.7922 75.7193 11.3826
    endloop
  endfacet
  facet normal 2.53595e-05 -0.275652 0.961257
    outer loop
      vertex 19.562 76.5697 11.6265
      vertex 20.7389 76.8038 11.6936
      vertex 20.6507 77.156 11.7946
    endloop
  endfacet
  facet normal 9.43336e-05 -0.275347 0.961345
    outer loop
      vertex 19.598 75.8369 11.4164
      vertex 20.7922 75.7193 11.3826
      vertex 19.61 76.082 11.4866
    endloop
  endfacet
  facet normal 2.74296e-05 -0.275789 0.961218
    outer loop
      vertex 19.5023 76.8077 11.6947
      vertex 20.6507 77.156 11.7946
      vertex 20.5284 77.4979 11.8927
    endloop
  endfacet
  facet normal 8.81757e-05 -0.275405 0.961328
    outer loop
      vertex 20.7922 75.7193 11.3826
      vertex 19.598 75.8369 11.4164
      vertex 20.7389 75.3601 11.2797
    endloop
  endfacet
  facet normal -2.92009e-05 -0.275624 0.961266
    outer loop
      vertex 19.4197 77.0387 11.761
      vertex 20.5284 77.4979 11.8927
      vertex 20.3731 77.8261 11.9868
    endloop
  endfacet
  facet normal -7.14837e-05 -0.275758 0.961227
    outer loop
      vertex 19.562 75.5943 11.3468
      vertex 20.7389 75.3601 11.2797
      vertex 19.598 75.8369 11.4164
    endloop
  endfacet
  facet normal -3.80306e-05 -0.275598 0.961273
    outer loop
      vertex 19.3148 77.2605 11.8246
      vertex 20.3731 77.8261 11.9868
      vertex 20.1864 78.1376 12.0761
    endloop
  endfacet
  facet normal -4.76697e-05 -0.275647 0.961259
    outer loop
      vertex 20.7389 75.3601 11.2797
      vertex 19.562 75.5943 11.3468
      vertex 20.6507 75.0079 11.1787
    endloop
  endfacet
  facet normal -3.93223e-05 -0.275619 0.961267
    outer loop
      vertex 19.1887 77.4709 11.8849
      vertex 20.1864 78.1376 12.0761
      vertex 19.9701 78.4292 12.1597
    endloop
  endfacet
  facet normal -0.000141575 -0.275808 0.961213
    outer loop
      vertex 19.5023 75.3563 11.2785
      vertex 20.6507 75.0079 11.1787
      vertex 19.562 75.5943 11.3468
    endloop
  endfacet
  facet normal 4.44177e-05 -0.275722 0.961238
    outer loop
      vertex 19.0425 77.668 11.9414
      vertex 19.9701 78.4292 12.1597
      vertex 19.7263 78.6983 12.2369
    endloop
  endfacet
  facet normal -0.000146678 -0.275824 0.961208
    outer loop
      vertex 20.6507 75.0079 11.1787
      vertex 19.5023 75.3563 11.2785
      vertex 20.5284 74.6661 11.0806
    endloop
  endfacet
  facet normal 7.73511e-05 -0.275516 0.961296
    outer loop
      vertex 19.4197 75.1253 11.2123
      vertex 20.5284 74.6661 11.0806
      vertex 19.5023 75.3563 11.2785
    endloop
  endfacet
  facet normal 3.52456e-05 -0.275808 0.961213
    outer loop
      vertex 20.7922 76.4446 11.5906
      vertex 19.598 76.327 11.5569
      vertex 19.61 76.082 11.4866
    endloop
  endfacet
  facet normal 2.67723e-05 -0.275659 0.961256
    outer loop
      vertex 20.7389 76.8038 11.6936
      vertex 19.562 76.5697 11.6265
      vertex 19.598 76.327 11.5569
    endloop
  endfacet
  facet normal -7.23644e-05 -0.275485 0.961305
    outer loop
      vertex 20.6507 77.156 11.7946
      vertex 19.5023 76.8077 11.6947
      vertex 19.562 76.5697 11.6265
    endloop
  endfacet
  facet normal -5.2532e-05 -0.27566 0.961255
    outer loop
      vertex 18.8778 77.8497 11.9935
      vertex 19.7263 78.6983 12.2369
      vertex 19.4573 78.9421 12.3068
    endloop
  endfacet
  facet normal 7.27668e-05 -0.275851 0.9612
    outer loop
      vertex 20.5284 77.4979 11.8927
      vertex 19.4197 77.0387 11.761
      vertex 19.5023 76.8077 11.6947
    endloop
  endfacet
  facet normal -1.24218e-05 -0.275642 0.96126
    outer loop
      vertex 20.3731 77.8261 11.9868
      vertex 19.3148 77.2605 11.8246
      vertex 19.4197 77.0387 11.761
    endloop
  endfacet
  facet normal -8.65523e-05 -0.275553 0.961286
    outer loop
      vertex 20.1864 78.1376 12.0761
      vertex 19.1887 77.4709 11.8849
      vertex 19.3148 77.2605 11.8246
    endloop
  endfacet
  facet normal -5.43302e-05 -0.27561 0.961269
    outer loop
      vertex 18.696 78.0145 12.0408
      vertex 19.4573 78.9421 12.3068
      vertex 19.1656 79.1584 12.3688
    endloop
  endfacet
  facet normal -6.25231e-05 -0.275601 0.961272
    outer loop
      vertex 19.9701 78.4292 12.1597
      vertex 19.0425 77.668 11.9414
      vertex 19.1887 77.4709 11.8849
    endloop
  endfacet
  facet normal -4.48681e-05 -0.275667 0.961253
    outer loop
      vertex 19.7263 78.6983 12.2369
      vertex 18.8778 77.8497 11.9935
      vertex 19.0425 77.668 11.9414
    endloop
  endfacet
  facet normal -8.37663e-05 -0.275598 0.961273
    outer loop
      vertex 18.4989 78.1607 12.0827
      vertex 19.1656 79.1584 12.3688
      vertex 18.8542 79.3451 12.4223
    endloop
  endfacet
  facet normal 0.000126421 -0.275748 0.96123
    outer loop
      vertex 19.4573 78.9421 12.3068
      vertex 18.696 78.0145 12.0408
      vertex 18.8778 77.8497 11.9935
    endloop
  endfacet
  facet normal 1.47315e-05 -0.275592 0.961275
    outer loop
      vertex 18.2885 78.2868 12.1189
      vertex 18.8542 79.3451 12.4223
      vertex 18.5259 79.5003 12.4668
    endloop
  endfacet
  facet normal -7.90606e-05 -0.275601 0.961272
    outer loop
      vertex 19.1656 79.1584 12.3688
      vertex 18.4989 78.1607 12.0827
      vertex 18.696 78.0145 12.0408
    endloop
  endfacet
  facet normal 0.000169101 -0.275668 0.961253
    outer loop
      vertex 18.8542 79.3451 12.4223
      vertex 18.2885 78.2868 12.1189
      vertex 18.4989 78.1607 12.0827
    endloop
  endfacet
  facet normal 1.98824e-06 -0.275649 0.961258
    outer loop
      vertex 18.0667 78.3917 12.1489
      vertex 18.5259 79.5003 12.4668
      vertex 18.1841 79.6227 12.5019
    endloop
  endfacet
  facet normal -0.000293267 -0.275536 0.961291
    outer loop
      vertex 18.5259 79.5003 12.4668
      vertex 18.0667 78.3917 12.1489
      vertex 18.2885 78.2868 12.1189
    endloop
  endfacet
  facet normal 5.5245e-05 -0.275654 0.961257
    outer loop
      vertex 18.1841 79.6227 12.5019
      vertex 17.8357 78.4743 12.1726
      vertex 18.0667 78.3917 12.1489
    endloop
  endfacet
  facet normal 2.26563e-05 -0.275645 0.96126
    outer loop
      vertex 17.8318 79.7109 12.5272
      vertex 17.8357 78.4743 12.1726
      vertex 18.1841 79.6227 12.5019
    endloop
  endfacet
  facet normal 3.8244e-05 -0.275645 0.96126
    outer loop
      vertex 17.8318 79.7109 12.5272
      vertex 17.5977 78.5339 12.1897
      vertex 17.8357 78.4743 12.1726
    endloop
  endfacet
  facet normal 4.27459e-05 -0.275646 0.961259
    outer loop
      vertex 17.4727 79.7642 12.5425
      vertex 17.5977 78.5339 12.1897
      vertex 17.8318 79.7109 12.5272
    endloop
  endfacet
  facet normal 0.000308292 -0.275621 0.961266
    outer loop
      vertex 17.4727 79.7642 12.5425
      vertex 17.355 78.5699 12.2001
      vertex 17.5977 78.5339 12.1897
    endloop
  endfacet
  facet normal -8.37009e-06 -0.275592 0.961275
    outer loop
      vertex 17.11 79.782 12.5476
      vertex 17.355 78.5699 12.2001
      vertex 17.4727 79.7642 12.5425
    endloop
  endfacet
  facet normal -0.000273371 -0.275641 0.96126
    outer loop
      vertex 17.11 79.782 12.5476
      vertex 17.11 78.582 12.2035
      vertex 17.355 78.5699 12.2001
    endloop
  endfacet
  facet normal 0.000273371 -0.275641 0.96126
    outer loop
      vertex 17.11 79.782 12.5476
      vertex 16.865 78.5699 12.2001
      vertex 17.11 78.582 12.2035
    endloop
  endfacet
  facet normal 8.37009e-06 -0.275592 0.961275
    outer loop
      vertex 16.7473 79.7642 12.5425
      vertex 16.865 78.5699 12.2001
      vertex 17.11 79.782 12.5476
    endloop
  endfacet
  facet normal -0.000308292 -0.275621 0.961266
    outer loop
      vertex 16.7473 79.7642 12.5425
      vertex 16.6223 78.5339 12.1897
      vertex 16.865 78.5699 12.2001
    endloop
  endfacet
  facet normal -4.27459e-05 -0.275646 0.961259
    outer loop
      vertex 16.3882 79.7109 12.5272
      vertex 16.6223 78.5339 12.1897
      vertex 16.7473 79.7642 12.5425
    endloop
  endfacet
  facet normal -3.8244e-05 -0.275645 0.96126
    outer loop
      vertex 16.3882 79.7109 12.5272
      vertex 16.3843 78.4743 12.1726
      vertex 16.6223 78.5339 12.1897
    endloop
  endfacet
  facet normal -2.26563e-05 -0.275645 0.96126
    outer loop
      vertex 16.0359 79.6227 12.5019
      vertex 16.3843 78.4743 12.1726
      vertex 16.3882 79.7109 12.5272
    endloop
  endfacet
  facet normal -5.5245e-05 -0.275654 0.961257
    outer loop
      vertex 16.3843 78.4743 12.1726
      vertex 16.0359 79.6227 12.5019
      vertex 16.1533 78.3917 12.1489
    endloop
  endfacet
  facet normal -1.98824e-06 -0.275649 0.961258
    outer loop
      vertex 15.6941 79.5003 12.4668
      vertex 16.1533 78.3917 12.1489
      vertex 16.0359 79.6227 12.5019
    endloop
  endfacet
  facet normal 0.000293267 -0.275536 0.961291
    outer loop
      vertex 16.1533 78.3917 12.1489
      vertex 15.6941 79.5003 12.4668
      vertex 15.9315 78.2868 12.1189
    endloop
  endfacet
  facet normal -1.47315e-05 -0.275592 0.961275
    outer loop
      vertex 15.3658 79.3451 12.4223
      vertex 15.9315 78.2868 12.1189
      vertex 15.6941 79.5003 12.4668
    endloop
  endfacet
  facet normal -0.000169101 -0.275668 0.961253
    outer loop
      vertex 15.9315 78.2868 12.1189
      vertex 15.3658 79.3451 12.4223
      vertex 15.7211 78.1607 12.0827
    endloop
  endfacet
  facet normal 8.37663e-05 -0.275598 0.961273
    outer loop
      vertex 15.0544 79.1584 12.3688
      vertex 15.7211 78.1607 12.0827
      vertex 15.3658 79.3451 12.4223
    endloop
  endfacet
  facet normal 7.90606e-05 -0.275601 0.961272
    outer loop
      vertex 15.7211 78.1607 12.0827
      vertex 15.0544 79.1584 12.3688
      vertex 15.524 78.0145 12.0408
    endloop
  endfacet
  facet normal 5.43302e-05 -0.27561 0.961269
    outer loop
      vertex 14.7627 78.9421 12.3068
      vertex 15.524 78.0145 12.0408
      vertex 15.0544 79.1584 12.3688
    endloop
  endfacet
  facet normal -0.000126421 -0.275748 0.96123
    outer loop
      vertex 15.524 78.0145 12.0408
      vertex 14.7627 78.9421 12.3068
      vertex 15.3422 77.8497 11.9935
    endloop
  endfacet
  facet normal 5.2532e-05 -0.27566 0.961255
    outer loop
      vertex 14.4937 78.6983 12.2369
      vertex 15.3422 77.8497 11.9935
      vertex 14.7627 78.9421 12.3068
    endloop
  endfacet
  facet normal 4.48681e-05 -0.275667 0.961253
    outer loop
      vertex 15.3422 77.8497 11.9935
      vertex 14.4937 78.6983 12.2369
      vertex 15.1775 77.668 11.9414
    endloop
  endfacet
  facet normal -4.44177e-05 -0.275722 0.961238
    outer loop
      vertex 14.2499 78.4292 12.1597
      vertex 15.1775 77.668 11.9414
      vertex 14.4937 78.6983 12.2369
    endloop
  endfacet
  facet normal 6.25231e-05 -0.275601 0.961272
    outer loop
      vertex 15.1775 77.668 11.9414
      vertex 14.2499 78.4292 12.1597
      vertex 15.0313 77.4709 11.8849
    endloop
  endfacet
  facet normal 3.93223e-05 -0.275619 0.961267
    outer loop
      vertex 14.0336 78.1376 12.0761
      vertex 15.0313 77.4709 11.8849
      vertex 14.2499 78.4292 12.1597
    endloop
  endfacet
  facet normal 8.65523e-05 -0.275553 0.961286
    outer loop
      vertex 15.0313 77.4709 11.8849
      vertex 14.0336 78.1376 12.0761
      vertex 14.9052 77.2605 11.8246
    endloop
  endfacet
  facet normal 3.80306e-05 -0.275598 0.961273
    outer loop
      vertex 13.8469 77.8261 11.9868
      vertex 14.9052 77.2605 11.8246
      vertex 14.0336 78.1376 12.0761
    endloop
  endfacet
  facet normal 2.92009e-05 -0.275624 0.961266
    outer loop
      vertex 13.6916 77.4979 11.8927
      vertex 14.8003 77.0387 11.761
      vertex 13.8469 77.8261 11.9868
    endloop
  endfacet
  facet normal 1.24218e-05 -0.275642 0.96126
    outer loop
      vertex 14.9052 77.2605 11.8246
      vertex 13.8469 77.8261 11.9868
      vertex 14.8003 77.0387 11.761
    endloop
  endfacet
  facet normal 5.82777e-05 -0.275559 0.961284
    outer loop
      vertex 20.5284 74.6661 11.0806
      vertex 19.4197 75.1253 11.2123
      vertex 20.3731 74.3378 10.9865
    endloop
  endfacet
  facet normal -8.36811e-06 -0.275633 0.961263
    outer loop
      vertex 19.3148 74.9035 11.1487
      vertex 20.3731 74.3378 10.9865
      vertex 19.4197 75.1253 11.2123
    endloop
  endfacet
  facet normal -1.75168e-05 -0.275649 0.961258
    outer loop
      vertex 20.3731 74.3378 10.9865
      vertex 19.3148 74.9035 11.1487
      vertex 20.1864 74.0264 10.8972
    endloop
  endfacet
  facet normal 8.65523e-05 -0.275553 0.961286
    outer loop
      vertex 19.1887 74.6931 11.0884
      vertex 20.1864 74.0264 10.8972
      vertex 19.3148 74.9035 11.1487
    endloop
  endfacet
  facet normal 8.15433e-05 -0.27556 0.961284
    outer loop
      vertex 20.1864 74.0264 10.8972
      vertex 19.1887 74.6931 11.0884
      vertex 19.9701 73.7347 10.8136
    endloop
  endfacet
  facet normal 4.4055e-05 -0.275589 0.961276
    outer loop
      vertex 19.0425 74.496 11.0319
      vertex 19.9701 73.7347 10.8136
      vertex 19.1887 74.6931 11.0884
    endloop
  endfacet
  facet normal -0.000109702 -0.275762 0.961226
    outer loop
      vertex 19.9701 73.7347 10.8136
      vertex 19.0425 74.496 11.0319
      vertex 19.7263 73.4657 10.7364
    endloop
  endfacet
  facet normal -0.000195377 -0.275814 0.961211
    outer loop
      vertex 18.8778 74.3142 10.9797
      vertex 19.7263 73.4657 10.7364
      vertex 19.0425 74.496 11.0319
    endloop
  endfacet
  facet normal 6.78558e-05 -0.275571 0.961281
    outer loop
      vertex 19.7263 73.4657 10.7364
      vertex 18.8778 74.3142 10.9797
      vertex 19.4573 73.2218 10.6665
    endloop
  endfacet
  facet normal 7.4407e-05 -0.275568 0.961282
    outer loop
      vertex 18.696 74.1495 10.9325
      vertex 19.4573 73.2218 10.6665
      vertex 18.8778 74.3142 10.9797
    endloop
  endfacet
  facet normal 4.06347e-05 -0.275593 0.961274
    outer loop
      vertex 19.4573 73.2218 10.6665
      vertex 18.696 74.1495 10.9325
      vertex 19.1656 73.0055 10.6045
    endloop
  endfacet
  facet normal 6.53623e-05 -0.275584 0.961277
    outer loop
      vertex 18.4989 74.0033 10.8906
      vertex 19.1656 73.0055 10.6045
      vertex 18.696 74.1495 10.9325
    endloop
  endfacet
  facet normal 8.74841e-06 -0.275619 0.961267
    outer loop
      vertex 19.1656 73.0055 10.6045
      vertex 18.4989 74.0033 10.8906
      vertex 18.8542 72.8189 10.551
    endloop
  endfacet
  facet normal -0.000169101 -0.275668 0.961253
    outer loop
      vertex 18.2885 73.8772 10.8544
      vertex 18.8542 72.8189 10.551
      vertex 18.4989 74.0033 10.8906
    endloop
  endfacet
  facet normal -0.000181433 -0.275674 0.961251
    outer loop
      vertex 18.8542 72.8189 10.551
      vertex 18.2885 73.8772 10.8544
      vertex 18.5259 72.6636 10.5064
    endloop
  endfacet
  facet normal -7.89716e-05 -0.275656 0.961256
    outer loop
      vertex 18.0667 73.7723 10.8243
      vertex 18.5259 72.6636 10.5064
      vertex 18.2885 73.8772 10.8544
    endloop
  endfacet
  facet normal 0.000164966 -0.275563 0.961283
    outer loop
      vertex 18.5259 72.6636 10.5064
      vertex 18.0667 73.7723 10.8243
      vertex 18.1841 72.5413 10.4714
    endloop
  endfacet
  facet normal 3.31138e-05 -0.275574 0.96128
    outer loop
      vertex 17.8357 73.6896 10.8006
      vertex 18.1841 72.5413 10.4714
      vertex 18.0667 73.7723 10.8243
    endloop
  endfacet
  facet normal -3.65495e-05 -0.275594 0.961274
    outer loop
      vertex 17.8357 73.6896 10.8006
      vertex 17.8318 72.4531 10.4461
      vertex 18.1841 72.5413 10.4714
    endloop
  endfacet
  facet normal 0.000352075 -0.275595 0.961274
    outer loop
      vertex 17.5977 73.63 10.7836
      vertex 17.8318 72.4531 10.4461
      vertex 17.8357 73.6896 10.8006
    endloop
  endfacet
  facet normal -3.9369e-05 -0.275667 0.961253
    outer loop
      vertex 17.5977 73.63 10.7836
      vertex 17.4727 72.3998 10.4308
      vertex 17.8318 72.4531 10.4461
    endloop
  endfacet
  facet normal -0.000304916 -0.275642 0.96126
    outer loop
      vertex 17.355 73.594 10.7732
      vertex 17.4727 72.3998 10.4308
      vertex 17.5977 73.63 10.7836
    endloop
  endfacet
  facet normal 0.000158647 -0.2756 0.961273
    outer loop
      vertex 17.11 73.582 10.7698
      vertex 17.4727 72.3998 10.4308
      vertex 17.355 73.594 10.7732
    endloop
  endfacet
  facet normal 1.09987e-05 -0.275641 0.961261
    outer loop
      vertex 17.11 73.582 10.7698
      vertex 17.11 72.382 10.4257
      vertex 17.4727 72.3998 10.4308
    endloop
  endfacet
  facet normal -0.000160864 -0.275641 0.961261
    outer loop
      vertex 16.865 73.594 10.7732
      vertex 17.11 72.382 10.4257
      vertex 17.11 73.582 10.7698
    endloop
  endfacet
  facet normal -9.49714e-06 -0.275613 0.961269
    outer loop
      vertex 16.865 73.594 10.7732
      vertex 16.7473 72.3998 10.4308
      vertex 17.11 72.382 10.4257
    endloop
  endfacet
  facet normal 0.000304916 -0.275642 0.96126
    outer loop
      vertex 16.6223 73.63 10.7836
      vertex 16.7473 72.3998 10.4308
      vertex 16.865 73.594 10.7732
    endloop
  endfacet
  facet normal 3.9369e-05 -0.275667 0.961253
    outer loop
      vertex 16.6223 73.63 10.7836
      vertex 16.3882 72.4531 10.4461
      vertex 16.7473 72.3998 10.4308
    endloop
  endfacet
  facet normal -0.000352075 -0.275595 0.961274
    outer loop
      vertex 16.3843 73.6896 10.8006
      vertex 16.3882 72.4531 10.4461
      vertex 16.6223 73.63 10.7836
    endloop
  endfacet
  facet normal -3.31138e-05 -0.275574 0.96128
    outer loop
      vertex 16.0359 72.5413 10.4714
      vertex 16.3843 73.6896 10.8006
      vertex 16.1533 73.7723 10.8243
    endloop
  endfacet
  facet normal 3.65495e-05 -0.275594 0.961274
    outer loop
      vertex 16.3843 73.6896 10.8006
      vertex 16.0359 72.5413 10.4714
      vertex 16.3882 72.4531 10.4461
    endloop
  endfacet
  facet normal 7.89716e-05 -0.275656 0.961256
    outer loop
      vertex 15.6941 72.6636 10.5064
      vertex 16.1533 73.7723 10.8243
      vertex 15.9315 73.8772 10.8544
    endloop
  endfacet
  facet normal 0.000169101 -0.275668 0.961253
    outer loop
      vertex 15.3658 72.8189 10.551
      vertex 15.9315 73.8772 10.8544
      vertex 15.7211 74.0033 10.8906
    endloop
  endfacet
  facet normal -0.000164966 -0.275563 0.961283
    outer loop
      vertex 16.1533 73.7723 10.8243
      vertex 15.6941 72.6636 10.5064
      vertex 16.0359 72.5413 10.4714
    endloop
  endfacet
  facet normal -6.53623e-05 -0.275584 0.961277
    outer loop
      vertex 15.0544 73.0055 10.6045
      vertex 15.7211 74.0033 10.8906
      vertex 15.524 74.1495 10.9325
    endloop
  endfacet
  facet normal 0.000181433 -0.275674 0.961251
    outer loop
      vertex 15.9315 73.8772 10.8544
      vertex 15.3658 72.8189 10.551
      vertex 15.6941 72.6636 10.5064
    endloop
  endfacet
  facet normal -7.4407e-05 -0.275568 0.961282
    outer loop
      vertex 14.7627 73.2218 10.6665
      vertex 15.524 74.1495 10.9325
      vertex 15.3422 74.3142 10.9797
    endloop
  endfacet
  facet normal 0.000195377 -0.275814 0.961211
    outer loop
      vertex 14.4937 73.4657 10.7364
      vertex 15.3422 74.3142 10.9797
      vertex 15.1775 74.496 11.0319
    endloop
  endfacet
  facet normal -8.74841e-06 -0.275619 0.961267
    outer loop
      vertex 15.7211 74.0033 10.8906
      vertex 15.0544 73.0055 10.6045
      vertex 15.3658 72.8189 10.551
    endloop
  endfacet
  facet normal -4.4055e-05 -0.275589 0.961276
    outer loop
      vertex 14.2499 73.7347 10.8136
      vertex 15.1775 74.496 11.0319
      vertex 15.0313 74.6931 11.0884
    endloop
  endfacet
  facet normal -8.65523e-05 -0.275553 0.961286
    outer loop
      vertex 14.0336 74.0264 10.8972
      vertex 15.0313 74.6931 11.0884
      vertex 14.9052 74.9035 11.1487
    endloop
  endfacet
  facet normal 8.36811e-06 -0.275633 0.961263
    outer loop
      vertex 13.8469 74.3378 10.9865
      vertex 14.9052 74.9035 11.1487
      vertex 14.8003 75.1253 11.2123
    endloop
  endfacet
  facet normal -4.06347e-05 -0.275593 0.961274
    outer loop
      vertex 15.524 74.1495 10.9325
      vertex 14.7627 73.2218 10.6665
      vertex 15.0544 73.0055 10.6045
    endloop
  endfacet
  facet normal -7.7339e-05 -0.275516 0.961296
    outer loop
      vertex 13.6916 74.6661 11.0806
      vertex 14.8003 75.1253 11.2123
      vertex 14.7176 75.3563 11.2785
    endloop
  endfacet
  facet normal 0.000141603 -0.275808 0.961213
    outer loop
      vertex 13.5693 75.0079 11.1787
      vertex 14.7176 75.3563 11.2785
      vertex 14.658 75.5943 11.3468
    endloop
  endfacet
  facet normal 7.14837e-05 -0.275758 0.961227
    outer loop
      vertex 13.4811 75.3601 11.2797
      vertex 14.658 75.5943 11.3468
      vertex 14.622 75.8369 11.4164
    endloop
  endfacet
  facet normal -6.78558e-05 -0.275571 0.961281
    outer loop
      vertex 15.3422 74.3142 10.9797
      vertex 14.4937 73.4657 10.7364
      vertex 14.7627 73.2218 10.6665
    endloop
  endfacet
  facet normal -9.43336e-05 -0.275347 0.961345
    outer loop
      vertex 13.4278 75.7193 11.3826
      vertex 14.622 75.8369 11.4164
      vertex 14.61 76.082 11.4866
    endloop
  endfacet
  facet normal -7.27554e-05 -0.275851 0.9612
    outer loop
      vertex 14.8003 77.0387 11.761
      vertex 13.6916 77.4979 11.8927
      vertex 14.7176 76.8077 11.6947
    endloop
  endfacet
  facet normal -2.74318e-05 -0.275789 0.961218
    outer loop
      vertex 13.5693 77.156 11.7946
      vertex 14.7176 76.8077 11.6947
      vertex 13.6916 77.4979 11.8927
    endloop
  endfacet
  facet normal 0.000109702 -0.275762 0.961226
    outer loop
      vertex 15.1775 74.496 11.0319
      vertex 14.2499 73.7347 10.8136
      vertex 14.4937 73.4657 10.7364
    endloop
  endfacet
  facet normal 7.23789e-05 -0.275485 0.961305
    outer loop
      vertex 14.7176 76.8077 11.6947
      vertex 13.5693 77.156 11.7946
      vertex 14.658 76.5697 11.6265
    endloop
  endfacet
  facet normal -8.15433e-05 -0.27556 0.961284
    outer loop
      vertex 15.0313 74.6931 11.0884
      vertex 14.0336 74.0264 10.8972
      vertex 14.2499 73.7347 10.8136
    endloop
  endfacet
  facet normal -2.53595e-05 -0.275652 0.961257
    outer loop
      vertex 13.4811 76.8038 11.6936
      vertex 14.658 76.5697 11.6265
      vertex 13.5693 77.156 11.7946
    endloop
  endfacet
  facet normal 1.75168e-05 -0.275649 0.961258
    outer loop
      vertex 14.9052 74.9035 11.1487
      vertex 13.8469 74.3378 10.9865
      vertex 14.0336 74.0264 10.8972
    endloop
  endfacet
  facet normal -2.67723e-05 -0.275659 0.961256
    outer loop
      vertex 14.658 76.5697 11.6265
      vertex 13.4811 76.8038 11.6936
      vertex 14.622 76.327 11.5569
    endloop
  endfacet
  facet normal -5.82777e-05 -0.275559 0.961284
    outer loop
      vertex 14.8003 75.1253 11.2123
      vertex 13.6916 74.6661 11.0806
      vertex 13.8469 74.3378 10.9865
    endloop
  endfacet
  facet normal -1.71392e-05 -0.275638 0.961262
    outer loop
      vertex 13.4278 76.4446 11.5906
      vertex 14.622 76.327 11.5569
      vertex 13.4811 76.8038 11.6936
    endloop
  endfacet
  facet normal 0.000146689 -0.275824 0.961208
    outer loop
      vertex 14.7176 75.3563 11.2785
      vertex 13.5693 75.0079 11.1787
      vertex 13.6916 74.6661 11.0806
    endloop
  endfacet
  facet normal -3.52456e-05 -0.275808 0.961213
    outer loop
      vertex 14.622 76.327 11.5569
      vertex 13.4278 76.4446 11.5906
      vertex 14.61 76.082 11.4866
    endloop
  endfacet
  facet normal 4.76697e-05 -0.275647 0.961259
    outer loop
      vertex 14.658 75.5943 11.3468
      vertex 13.4811 75.3601 11.2797
      vertex 13.5693 75.0079 11.1787
    endloop
  endfacet
  facet normal 0 -0.275701 0.961243
    outer loop
      vertex 13.41 76.082 11.4866
      vertex 14.61 76.082 11.4866
      vertex 13.4278 76.4446 11.5906
    endloop
  endfacet
  facet normal -8.81757e-05 -0.275405 0.961328
    outer loop
      vertex 14.622 75.8369 11.4164
      vertex 13.4278 75.7193 11.3826
      vertex 13.4811 75.3601 11.2797
    endloop
  endfacet
  facet normal 0 -0.275631 0.961263
    outer loop
      vertex 14.61 76.082 11.4866
      vertex 13.41 76.082 11.4866
      vertex 13.4278 75.7193 11.3826
    endloop
  endfacet
  facet normal 0 -0.275607 0.961271
    outer loop
      vertex 19.61 48.2054 3.49316
      vertex 20.81 48.2054 3.49316
      vertex 20.7922 48.5681 3.59715
    endloop
  endfacet
  facet normal 2.09433e-05 -0.275683 0.961249
    outer loop
      vertex 19.598 48.4504 3.56342
      vertex 20.7922 48.5681 3.59715
      vertex 20.7389 48.9272 3.70014
    endloop
  endfacet
  facet normal 0 -0.275631 0.961263
    outer loop
      vertex 20.81 48.2054 3.49316
      vertex 19.61 48.2054 3.49316
      vertex 20.7922 47.8427 3.38916
    endloop
  endfacet
  facet normal 2.01904e-06 -0.275658 0.961256
    outer loop
      vertex 19.562 48.6931 3.63301
      vertex 20.7389 48.9272 3.70014
      vertex 20.6507 49.2794 3.80114
    endloop
  endfacet
  facet normal 1.13447e-05 -0.275597 0.961273
    outer loop
      vertex 19.598 47.9603 3.42289
      vertex 20.7922 47.8427 3.38916
      vertex 19.61 48.2054 3.49316
    endloop
  endfacet
  facet normal -1.8866e-05 -0.275622 0.961266
    outer loop
      vertex 19.5023 48.9311 3.70125
      vertex 20.6507 49.2794 3.80114
      vertex 20.5284 49.6213 3.89917
    endloop
  endfacet
  facet normal 1.80936e-06 -0.275686 0.961248
    outer loop
      vertex 20.7922 47.8427 3.38916
      vertex 19.598 47.9603 3.42289
      vertex 20.7389 47.4836 3.28617
    endloop
  endfacet
  facet normal -2.34963e-05 -0.275598 0.961273
    outer loop
      vertex 19.4197 49.1621 3.76749
      vertex 20.5284 49.6213 3.89917
      vertex 20.3731 49.9496 3.99329
    endloop
  endfacet
  facet normal -1.72696e-05 -0.275729 0.961236
    outer loop
      vertex 19.562 47.7177 3.3533
      vertex 20.7389 47.4836 3.28617
      vertex 19.598 47.9603 3.42289
    endloop
  endfacet
  facet normal 1.06382e-05 -0.275653 0.961257
    outer loop
      vertex 19.3148 49.3839 3.83108
      vertex 20.3731 49.9496 3.99329
      vertex 20.1864 50.261 4.08259
    endloop
  endfacet
  facet normal 1.7977e-05 -0.275565 0.961282
    outer loop
      vertex 20.7389 47.4836 3.28617
      vertex 19.562 47.7177 3.3533
      vertex 20.6507 47.1313 3.18518
    endloop
  endfacet
  facet normal 2.41873e-05 -0.275667 0.961253
    outer loop
      vertex 19.1887 49.5943 3.89142
      vertex 20.1864 50.261 4.08259
      vertex 19.9701 50.5526 4.16622
    endloop
  endfacet
  facet normal -1.10338e-05 -0.275615 0.961268
    outer loop
      vertex 19.5023 47.4797 3.28506
      vertex 20.6507 47.1313 3.18518
      vertex 19.562 47.7177 3.3533
    endloop
  endfacet
  facet normal -3.37041e-05 -0.275622 0.961266
    outer loop
      vertex 19.0425 49.7914 3.94793
      vertex 19.9701 50.5526 4.16622
      vertex 19.7263 50.8217 4.24337
    endloop
  endfacet
  facet normal -3.2403e-05 -0.27568 0.96125
    outer loop
      vertex 20.6507 47.1313 3.18518
      vertex 19.5023 47.4797 3.28506
      vertex 20.5284 46.7895 3.08715
    endloop
  endfacet
  facet normal 1.7209e-05 -0.275612 0.961269
    outer loop
      vertex 19.4197 47.2487 3.21883
      vertex 20.5284 46.7895 3.08715
      vertex 19.5023 47.4797 3.28506
    endloop
  endfacet
  facet normal 1.88071e-05 -0.275663 0.961254
    outer loop
      vertex 20.7922 48.5681 3.59715
      vertex 19.598 48.4504 3.56342
      vertex 19.61 48.2054 3.49316
    endloop
  endfacet
  facet normal -4.6811e-06 -0.275627 0.961265
    outer loop
      vertex 20.7389 48.9272 3.70014
      vertex 19.562 48.6931 3.63301
      vertex 19.598 48.4504 3.56342
    endloop
  endfacet
  facet normal -1.9048e-05 -0.275622 0.961266
    outer loop
      vertex 20.6507 49.2794 3.80114
      vertex 19.5023 48.9311 3.70125
      vertex 19.562 48.6931 3.63301
    endloop
  endfacet
  facet normal 1.79875e-05 -0.275661 0.961255
    outer loop
      vertex 18.8778 49.9732 4.00006
      vertex 19.7263 50.8217 4.24337
      vertex 19.4573 51.0655 4.31329
    endloop
  endfacet
  facet normal -2.19687e-06 -0.275645 0.961259
    outer loop
      vertex 20.5284 49.6213 3.89917
      vertex 19.4197 49.1621 3.76749
      vertex 19.5023 48.9311 3.70125
    endloop
  endfacet
  facet normal -1.73738e-05 -0.275604 0.961271
    outer loop
      vertex 20.3731 49.9496 3.99329
      vertex 19.3148 49.3839 3.83108
      vertex 19.4197 49.1621 3.76749
    endloop
  endfacet
  facet normal 2.12859e-05 -0.275663 0.961254
    outer loop
      vertex 20.1864 50.261 4.08259
      vertex 19.1887 49.5943 3.89142
      vertex 19.3148 49.3839 3.83108
    endloop
  endfacet
  facet normal -8.58013e-06 -0.275636 0.961262
    outer loop
      vertex 18.696 50.1379 4.0473
      vertex 19.4573 51.0655 4.31329
      vertex 19.1656 51.2818 4.37531
    endloop
  endfacet
  facet normal -3.12025e-05 -0.275625 0.961265
    outer loop
      vertex 19.9701 50.5526 4.16622
      vertex 19.0425 49.7914 3.94793
      vertex 19.1887 49.5943 3.89142
    endloop
  endfacet
  facet normal -4.75064e-06 -0.27564 0.961261
    outer loop
      vertex 19.7263 50.8217 4.24337
      vertex 18.8778 49.9732 4.00006
      vertex 19.0425 49.7914 3.94793
    endloop
  endfacet
  facet normal -1.76477e-05 -0.275639 0.961261
    outer loop
      vertex 18.4989 50.2841 4.08921
      vertex 19.1656 51.2818 4.37531
      vertex 18.8542 51.4685 4.42884
    endloop
  endfacet
  facet normal 3.68483e-05 -0.27567 0.961252
    outer loop
      vertex 19.4573 51.0655 4.31329
      vertex 18.696 50.1379 4.0473
      vertex 18.8778 49.9732 4.00006
    endloop
  endfacet
  facet normal 1.41107e-05 -0.275651 0.961258
    outer loop
      vertex 18.2885 50.4102 4.12537
      vertex 18.8542 51.4685 4.42884
      vertex 18.5259 51.6237 4.47335
    endloop
  endfacet
  facet normal -4.64523e-05 -0.275621 0.961266
    outer loop
      vertex 19.1656 51.2818 4.37531
      vertex 18.4989 50.2841 4.08921
      vertex 18.696 50.1379 4.0473
    endloop
  endfacet
  facet normal 1.83423e-06 -0.275644 0.96126
    outer loop
      vertex 18.8542 51.4685 4.42884
      vertex 18.2885 50.4102 4.12537
      vertex 18.4989 50.2841 4.08921
    endloop
  endfacet
  facet normal -4.69933e-05 -0.275631 0.961264
    outer loop
      vertex 18.0667 50.5151 4.15545
      vertex 18.5259 51.6237 4.47335
      vertex 18.1841 51.7461 4.50843
    endloop
  endfacet
  facet normal -3.34086e-06 -0.275647 0.961259
    outer loop
      vertex 18.5259 51.6237 4.47335
      vertex 18.0667 50.5151 4.15545
      vertex 18.2885 50.4102 4.12537
    endloop
  endfacet
  facet normal 6.06455e-05 -0.27564 0.961261
    outer loop
      vertex 18.1841 51.7461 4.50843
      vertex 17.8357 50.5977 4.17915
      vertex 18.0667 50.5151 4.15545
    endloop
  endfacet
  facet normal 2.65517e-05 -0.275631 0.961264
    outer loop
      vertex 17.8318 51.8343 4.53373
      vertex 17.8357 50.5977 4.17915
      vertex 18.1841 51.7461 4.50843
    endloop
  endfacet
  facet normal -7.37623e-05 -0.275631 0.961264
    outer loop
      vertex 17.8318 51.8343 4.53373
      vertex 17.5977 50.6574 4.19625
      vertex 17.8357 50.5977 4.17915
    endloop
  endfacet
  facet normal -1.02775e-05 -0.275643 0.96126
    outer loop
      vertex 17.4727 51.8876 4.54901
      vertex 17.5977 50.6574 4.19625
      vertex 17.8318 51.8343 4.53373
    endloop
  endfacet
  facet normal -1.20816e-05 -0.275643 0.96126
    outer loop
      vertex 17.4727 51.8876 4.54901
      vertex 17.355 50.6934 4.20657
      vertex 17.5977 50.6574 4.19625
    endloop
  endfacet
  facet normal -1.10696e-05 -0.275643 0.96126
    outer loop
      vertex 17.11 51.9054 4.55411
      vertex 17.355 50.6934 4.20657
      vertex 17.4727 51.8876 4.54901
    endloop
  endfacet
  facet normal 3.5704e-05 -0.275634 0.961263
    outer loop
      vertex 17.11 51.9054 4.55411
      vertex 17.11 50.7054 4.21002
      vertex 17.355 50.6934 4.20657
    endloop
  endfacet
  facet normal -3.5704e-05 -0.275634 0.961263
    outer loop
      vertex 17.11 51.9054 4.55411
      vertex 16.865 50.6934 4.20657
      vertex 17.11 50.7054 4.21002
    endloop
  endfacet
  facet normal 1.10696e-05 -0.275643 0.96126
    outer loop
      vertex 16.7473 51.8876 4.54901
      vertex 16.865 50.6934 4.20657
      vertex 17.11 51.9054 4.55411
    endloop
  endfacet
  facet normal 1.20816e-05 -0.275643 0.96126
    outer loop
      vertex 16.7473 51.8876 4.54901
      vertex 16.6223 50.6574 4.19625
      vertex 16.865 50.6934 4.20657
    endloop
  endfacet
  facet normal 1.02775e-05 -0.275643 0.96126
    outer loop
      vertex 16.3882 51.8343 4.53373
      vertex 16.6223 50.6574 4.19625
      vertex 16.7473 51.8876 4.54901
    endloop
  endfacet
  facet normal 7.37623e-05 -0.275631 0.961264
    outer loop
      vertex 16.3882 51.8343 4.53373
      vertex 16.3843 50.5977 4.17915
      vertex 16.6223 50.6574 4.19625
    endloop
  endfacet
  facet normal -2.65517e-05 -0.275631 0.961264
    outer loop
      vertex 16.0359 51.7461 4.50843
      vertex 16.3843 50.5977 4.17915
      vertex 16.3882 51.8343 4.53373
    endloop
  endfacet
  facet normal -6.06455e-05 -0.27564 0.961261
    outer loop
      vertex 16.3843 50.5977 4.17915
      vertex 16.0359 51.7461 4.50843
      vertex 16.1533 50.5151 4.15545
    endloop
  endfacet
  facet normal 4.69933e-05 -0.275631 0.961264
    outer loop
      vertex 15.6941 51.6237 4.47335
      vertex 16.1533 50.5151 4.15545
      vertex 16.0359 51.7461 4.50843
    endloop
  endfacet
  facet normal 3.34086e-06 -0.275647 0.961259
    outer loop
      vertex 16.1533 50.5151 4.15545
      vertex 15.6941 51.6237 4.47335
      vertex 15.9315 50.4102 4.12537
    endloop
  endfacet
  facet normal -1.41107e-05 -0.275651 0.961258
    outer loop
      vertex 15.3658 51.4685 4.42884
      vertex 15.9315 50.4102 4.12537
      vertex 15.6941 51.6237 4.47335
    endloop
  endfacet
  facet normal -1.83423e-06 -0.275644 0.96126
    outer loop
      vertex 15.9315 50.4102 4.12537
      vertex 15.3658 51.4685 4.42884
      vertex 15.7211 50.2841 4.08921
    endloop
  endfacet
  facet normal 1.76477e-05 -0.275639 0.961261
    outer loop
      vertex 15.0544 51.2818 4.37531
      vertex 15.7211 50.2841 4.08921
      vertex 15.3658 51.4685 4.42884
    endloop
  endfacet
  facet normal 4.64523e-05 -0.275621 0.961266
    outer loop
      vertex 15.7211 50.2841 4.08921
      vertex 15.0544 51.2818 4.37531
      vertex 15.524 50.1379 4.0473
    endloop
  endfacet
  facet normal 8.58013e-06 -0.275636 0.961262
    outer loop
      vertex 14.7627 51.0655 4.31329
      vertex 15.524 50.1379 4.0473
      vertex 15.0544 51.2818 4.37531
    endloop
  endfacet
  facet normal -3.68483e-05 -0.27567 0.961252
    outer loop
      vertex 15.524 50.1379 4.0473
      vertex 14.7627 51.0655 4.31329
      vertex 15.3422 49.9732 4.00006
    endloop
  endfacet
  facet normal -1.79875e-05 -0.275661 0.961255
    outer loop
      vertex 14.4937 50.8217 4.24337
      vertex 15.3422 49.9732 4.00006
      vertex 14.7627 51.0655 4.31329
    endloop
  endfacet
  facet normal 4.75064e-06 -0.27564 0.961261
    outer loop
      vertex 15.3422 49.9732 4.00006
      vertex 14.4937 50.8217 4.24337
      vertex 15.1775 49.7914 3.94793
    endloop
  endfacet
  facet normal 3.37041e-05 -0.275622 0.961266
    outer loop
      vertex 14.2499 50.5526 4.16622
      vertex 15.1775 49.7914 3.94793
      vertex 14.4937 50.8217 4.24337
    endloop
  endfacet
  facet normal 3.12025e-05 -0.275625 0.961265
    outer loop
      vertex 15.1775 49.7914 3.94793
      vertex 14.2499 50.5526 4.16622
      vertex 15.0313 49.5943 3.89142
    endloop
  endfacet
  facet normal -2.41873e-05 -0.275667 0.961253
    outer loop
      vertex 14.0336 50.261 4.08259
      vertex 15.0313 49.5943 3.89142
      vertex 14.2499 50.5526 4.16622
    endloop
  endfacet
  facet normal -2.12859e-05 -0.275663 0.961254
    outer loop
      vertex 15.0313 49.5943 3.89142
      vertex 14.0336 50.261 4.08259
      vertex 14.9052 49.3839 3.83108
    endloop
  endfacet
  facet normal -1.06382e-05 -0.275653 0.961257
    outer loop
      vertex 13.8469 49.9496 3.99329
      vertex 14.9052 49.3839 3.83108
      vertex 14.0336 50.261 4.08259
    endloop
  endfacet
  facet normal 2.34963e-05 -0.275598 0.961273
    outer loop
      vertex 13.6916 49.6213 3.89917
      vertex 14.8003 49.1621 3.76749
      vertex 13.8469 49.9496 3.99329
    endloop
  endfacet
  facet normal 1.73738e-05 -0.275604 0.961271
    outer loop
      vertex 14.9052 49.3839 3.83108
      vertex 13.8469 49.9496 3.99329
      vertex 14.8003 49.1621 3.76749
    endloop
  endfacet
  facet normal 2.34963e-05 -0.275598 0.961273
    outer loop
      vertex 20.5284 46.7895 3.08715
      vertex 19.4197 47.2487 3.21883
      vertex 20.3731 46.4612 2.99303
    endloop
  endfacet
  facet normal -8.36811e-06 -0.275633 0.961263
    outer loop
      vertex 19.3148 47.0269 3.15523
      vertex 20.3731 46.4612 2.99303
      vertex 19.4197 47.2487 3.21883
    endloop
  endfacet
  facet normal -3.00124e-05 -0.275671 0.961252
    outer loop
      vertex 20.3731 46.4612 2.99303
      vertex 19.3148 47.0269 3.15523
      vertex 20.1864 46.1498 2.90372
    endloop
  endfacet
  facet normal -2.12859e-05 -0.275663 0.961254
    outer loop
      vertex 19.1887 46.8165 3.09489
      vertex 20.1864 46.1498 2.90372
      vertex 19.3148 47.0269 3.15523
    endloop
  endfacet
  facet normal 1.804e-05 -0.275608 0.96127
    outer loop
      vertex 20.1864 46.1498 2.90372
      vertex 19.1887 46.8165 3.09489
      vertex 19.9701 45.8581 2.82009
    endloop
  endfacet
  facet normal 1.27327e-05 -0.275612 0.961269
    outer loop
      vertex 19.0425 46.6194 3.03838
      vertex 19.9701 45.8581 2.82009
      vertex 19.1887 46.8165 3.09489
    endloop
  endfacet
  facet normal -1.47394e-05 -0.275643 0.96126
    outer loop
      vertex 19.9701 45.8581 2.82009
      vertex 19.0425 46.6194 3.03838
      vertex 19.7263 45.5891 2.74295
    endloop
  endfacet
  facet normal 3.24929e-05 -0.275614 0.961268
    outer loop
      vertex 18.8778 46.4376 2.98626
      vertex 19.7263 45.5891 2.74295
      vertex 19.0425 46.6194 3.03838
    endloop
  endfacet
  facet normal 3.57586e-05 -0.275611 0.961269
    outer loop
      vertex 19.7263 45.5891 2.74295
      vertex 18.8778 46.4376 2.98626
      vertex 19.4573 45.3452 2.67303
    endloop
  endfacet
  facet normal -8.80008e-05 -0.275672 0.961252
    outer loop
      vertex 18.696 46.2729 2.93901
      vertex 19.4573 45.3452 2.67303
      vertex 18.8778 46.4376 2.98626
    endloop
  endfacet
  facet normal -8.91338e-05 -0.275673 0.961252
    outer loop
      vertex 19.4573 45.3452 2.67303
      vertex 18.696 46.2729 2.93901
      vertex 19.1656 45.129 2.611
    endloop
  endfacet
  facet normal 8.38388e-05 -0.275607 0.96127
    outer loop
      vertex 18.4989 46.1267 2.89711
      vertex 19.1656 45.129 2.611
      vertex 18.696 46.2729 2.93901
    endloop
  endfacet
  facet normal 4.38112e-05 -0.275632 0.961263
    outer loop
      vertex 19.1656 45.129 2.611
      vertex 18.4989 46.1267 2.89711
      vertex 18.8542 44.9423 2.55748
    endloop
  endfacet
  facet normal -4.0559e-05 -0.275655 0.961257
    outer loop
      vertex 18.2885 46.0006 2.86094
      vertex 18.8542 44.9423 2.55748
      vertex 18.4989 46.1267 2.89711
    endloop
  endfacet
  facet normal 2.61067e-05 -0.275622 0.961266
    outer loop
      vertex 18.8542 44.9423 2.55748
      vertex 18.2885 46.0006 2.86094
      vertex 18.5259 44.787 2.51296
    endloop
  endfacet
  facet normal -6.49168e-06 -0.275628 0.961264
    outer loop
      vertex 18.0667 45.8957 2.83086
      vertex 18.5259 44.787 2.51296
      vertex 18.2885 46.0006 2.86094
    endloop
  endfacet
  facet normal -3.09865e-05 -0.275638 0.961262
    outer loop
      vertex 18.5259 44.787 2.51296
      vertex 18.0667 45.8957 2.83086
      vertex 18.1841 44.6647 2.47788
    endloop
  endfacet
  facet normal 5.47398e-05 -0.27563 0.961264
    outer loop
      vertex 17.8357 45.813 2.80716
      vertex 18.1841 44.6647 2.47788
      vertex 18.0667 45.8957 2.83086
    endloop
  endfacet
  facet normal 4.3925e-06 -0.275644 0.96126
    outer loop
      vertex 17.8357 45.813 2.80716
      vertex 17.8318 44.5765 2.45259
      vertex 18.1841 44.6647 2.47788
    endloop
  endfacet
  facet normal 1.91889e-06 -0.275644 0.96126
    outer loop
      vertex 17.5977 45.7534 2.79007
      vertex 17.8318 44.5765 2.45259
      vertex 17.8357 45.813 2.80716
    endloop
  endfacet
  facet normal 1.02775e-05 -0.275643 0.96126
    outer loop
      vertex 17.5977 45.7534 2.79007
      vertex 17.4727 44.5232 2.43731
      vertex 17.8318 44.5765 2.45259
    endloop
  endfacet
  facet normal 1.20816e-05 -0.275643 0.96126
    outer loop
      vertex 17.355 45.7174 2.77975
      vertex 17.4727 44.5232 2.43731
      vertex 17.5977 45.7534 2.79007
    endloop
  endfacet
  facet normal -7.40648e-05 -0.275651 0.961258
    outer loop
      vertex 17.11 45.7054 2.77629
      vertex 17.4727 44.5232 2.43731
      vertex 17.355 45.7174 2.77975
    endloop
  endfacet
  facet normal -1.58974e-05 -0.275634 0.961263
    outer loop
      vertex 17.11 45.7054 2.77629
      vertex 17.11 44.5054 2.4322
      vertex 17.4727 44.5232 2.43731
    endloop
  endfacet
  facet normal 7.49393e-05 -0.275634 0.961263
    outer loop
      vertex 16.865 45.7174 2.77975
      vertex 17.11 44.5054 2.4322
      vertex 17.11 45.7054 2.77629
    endloop
  endfacet
  facet normal 1.53057e-05 -0.275645 0.961259
    outer loop
      vertex 16.865 45.7174 2.77975
      vertex 16.7473 44.5232 2.43731
      vertex 17.11 44.5054 2.4322
    endloop
  endfacet
  facet normal -1.20816e-05 -0.275643 0.96126
    outer loop
      vertex 16.6223 45.7534 2.79007
      vertex 16.7473 44.5232 2.43731
      vertex 16.865 45.7174 2.77975
    endloop
  endfacet
  facet normal -1.02775e-05 -0.275643 0.96126
    outer loop
      vertex 16.6223 45.7534 2.79007
      vertex 16.3882 44.5765 2.45259
      vertex 16.7473 44.5232 2.43731
    endloop
  endfacet
  facet normal -1.91889e-06 -0.275644 0.96126
    outer loop
      vertex 16.3843 45.813 2.80716
      vertex 16.3882 44.5765 2.45259
      vertex 16.6223 45.7534 2.79007
    endloop
  endfacet
  facet normal -5.47398e-05 -0.27563 0.961264
    outer loop
      vertex 16.0359 44.6647 2.47788
      vertex 16.3843 45.813 2.80716
      vertex 16.1533 45.8957 2.83086
    endloop
  endfacet
  facet normal -4.3925e-06 -0.275644 0.96126
    outer loop
      vertex 16.3843 45.813 2.80716
      vertex 16.0359 44.6647 2.47788
      vertex 16.3882 44.5765 2.45259
    endloop
  endfacet
  facet normal 6.49168e-06 -0.275628 0.961264
    outer loop
      vertex 15.6941 44.787 2.51296
      vertex 16.1533 45.8957 2.83086
      vertex 15.9315 46.0006 2.86094
    endloop
  endfacet
  facet normal 4.0559e-05 -0.275655 0.961257
    outer loop
      vertex 15.3658 44.9423 2.55748
      vertex 15.9315 46.0006 2.86094
      vertex 15.7211 46.1267 2.89711
    endloop
  endfacet
  facet normal 3.09865e-05 -0.275638 0.961262
    outer loop
      vertex 16.1533 45.8957 2.83086
      vertex 15.6941 44.787 2.51296
      vertex 16.0359 44.6647 2.47788
    endloop
  endfacet
  facet normal -8.38388e-05 -0.275607 0.96127
    outer loop
      vertex 15.0544 45.129 2.611
      vertex 15.7211 46.1267 2.89711
      vertex 15.524 46.2729 2.93901
    endloop
  endfacet
  facet normal -2.61067e-05 -0.275622 0.961266
    outer loop
      vertex 15.9315 46.0006 2.86094
      vertex 15.3658 44.9423 2.55748
      vertex 15.6941 44.787 2.51296
    endloop
  endfacet
  facet normal 8.80008e-05 -0.275672 0.961252
    outer loop
      vertex 14.7627 45.3452 2.67303
      vertex 15.524 46.2729 2.93901
      vertex 15.3422 46.4376 2.98626
    endloop
  endfacet
  facet normal -3.24929e-05 -0.275614 0.961268
    outer loop
      vertex 14.4937 45.5891 2.74295
      vertex 15.3422 46.4376 2.98626
      vertex 15.1775 46.6194 3.03838
    endloop
  endfacet
  facet normal -4.38112e-05 -0.275632 0.961263
    outer loop
      vertex 15.7211 46.1267 2.89711
      vertex 15.0544 45.129 2.611
      vertex 15.3658 44.9423 2.55748
    endloop
  endfacet
  facet normal -1.27327e-05 -0.275612 0.961269
    outer loop
      vertex 14.2499 45.8581 2.82009
      vertex 15.1775 46.6194 3.03838
      vertex 15.0313 46.8165 3.09489
    endloop
  endfacet
  facet normal 2.12859e-05 -0.275663 0.961254
    outer loop
      vertex 14.0336 46.1498 2.90372
      vertex 15.0313 46.8165 3.09489
      vertex 14.9052 47.0269 3.15523
    endloop
  endfacet
  facet normal 8.36811e-06 -0.275633 0.961263
    outer loop
      vertex 13.8469 46.4612 2.99303
      vertex 14.9052 47.0269 3.15523
      vertex 14.8003 47.2487 3.21883
    endloop
  endfacet
  facet normal 8.91338e-05 -0.275673 0.961252
    outer loop
      vertex 15.524 46.2729 2.93901
      vertex 14.7627 45.3452 2.67303
      vertex 15.0544 45.129 2.611
    endloop
  endfacet
  facet normal -1.72063e-05 -0.275612 0.961269
    outer loop
      vertex 13.6916 46.7895 3.08715
      vertex 14.8003 47.2487 3.21883
      vertex 14.7176 47.4797 3.28506
    endloop
  endfacet
  facet normal 1.1036e-05 -0.275615 0.961268
    outer loop
      vertex 13.5693 47.1313 3.18518
      vertex 14.7176 47.4797 3.28506
      vertex 14.658 47.7177 3.3533
    endloop
  endfacet
  facet normal 1.72696e-05 -0.275729 0.961236
    outer loop
      vertex 13.4811 47.4836 3.28617
      vertex 14.658 47.7177 3.3533
      vertex 14.622 47.9603 3.42289
    endloop
  endfacet
  facet normal -3.57586e-05 -0.275611 0.961269
    outer loop
      vertex 15.3422 46.4376 2.98626
      vertex 14.4937 45.5891 2.74295
      vertex 14.7627 45.3452 2.67303
    endloop
  endfacet
  facet normal -1.13447e-05 -0.275597 0.961273
    outer loop
      vertex 13.4278 47.8427 3.38916
      vertex 14.622 47.9603 3.42289
      vertex 14.61 48.2054 3.49316
    endloop
  endfacet
  facet normal 2.19653e-06 -0.275645 0.961259
    outer loop
      vertex 14.8003 49.1621 3.76749
      vertex 13.6916 49.6213 3.89917
      vertex 14.7176 48.9311 3.70125
    endloop
  endfacet
  facet normal 1.88675e-05 -0.275622 0.961266
    outer loop
      vertex 13.5693 49.2794 3.80114
      vertex 14.7176 48.9311 3.70125
      vertex 13.6916 49.6213 3.89917
    endloop
  endfacet
  facet normal 1.47394e-05 -0.275643 0.96126
    outer loop
      vertex 15.1775 46.6194 3.03838
      vertex 14.2499 45.8581 2.82009
      vertex 14.4937 45.5891 2.74295
    endloop
  endfacet
  facet normal 1.90518e-05 -0.275622 0.961266
    outer loop
      vertex 14.7176 48.9311 3.70125
      vertex 13.5693 49.2794 3.80114
      vertex 14.658 48.6931 3.63301
    endloop
  endfacet
  facet normal -1.804e-05 -0.275608 0.96127
    outer loop
      vertex 15.0313 46.8165 3.09489
      vertex 14.0336 46.1498 2.90372
      vertex 14.2499 45.8581 2.82009
    endloop
  endfacet
  facet normal -2.01904e-06 -0.275658 0.961256
    outer loop
      vertex 13.4811 48.9272 3.70014
      vertex 14.658 48.6931 3.63301
      vertex 13.5693 49.2794 3.80114
    endloop
  endfacet
  facet normal 3.00124e-05 -0.275671 0.961252
    outer loop
      vertex 14.9052 47.0269 3.15523
      vertex 13.8469 46.4612 2.99303
      vertex 14.0336 46.1498 2.90372
    endloop
  endfacet
  facet normal 4.6811e-06 -0.275627 0.961265
    outer loop
      vertex 14.658 48.6931 3.63301
      vertex 13.4811 48.9272 3.70014
      vertex 14.622 48.4504 3.56342
    endloop
  endfacet
  facet normal -2.34963e-05 -0.275598 0.961273
    outer loop
      vertex 14.8003 47.2487 3.21883
      vertex 13.6916 46.7895 3.08715
      vertex 13.8469 46.4612 2.99303
    endloop
  endfacet
  facet normal -2.09433e-05 -0.275683 0.961249
    outer loop
      vertex 13.4278 48.5681 3.59715
      vertex 14.622 48.4504 3.56342
      vertex 13.4811 48.9272 3.70014
    endloop
  endfacet
  facet normal 3.24056e-05 -0.27568 0.96125
    outer loop
      vertex 14.7176 47.4797 3.28506
      vertex 13.5693 47.1313 3.18518
      vertex 13.6916 46.7895 3.08715
    endloop
  endfacet
  facet normal -1.88071e-05 -0.275663 0.961254
    outer loop
      vertex 14.622 48.4504 3.56342
      vertex 13.4278 48.5681 3.59715
      vertex 14.61 48.2054 3.49316
    endloop
  endfacet
  facet normal -1.7977e-05 -0.275565 0.961282
    outer loop
      vertex 14.658 47.7177 3.3533
      vertex 13.4811 47.4836 3.28617
      vertex 13.5693 47.1313 3.18518
    endloop
  endfacet
  facet normal 0 -0.275607 0.961271
    outer loop
      vertex 13.41 48.2054 3.49316
      vertex 14.61 48.2054 3.49316
      vertex 13.4278 48.5681 3.59715
    endloop
  endfacet
  facet normal -1.80936e-06 -0.275686 0.961248
    outer loop
      vertex 14.622 47.9603 3.42289
      vertex 13.4278 47.8427 3.38916
      vertex 13.4811 47.4836 3.28617
    endloop
  endfacet
  facet normal 0 -0.275631 0.961263
    outer loop
      vertex 14.61 48.2054 3.49316
      vertex 13.41 48.2054 3.49316
      vertex 13.4278 47.8427 3.38916
    endloop
  endfacet
  facet normal 0 -0.275701 0.961243
    outer loop
      vertex 61.81 76.082 11.4866
      vertex 63.01 76.082 11.4866
      vertex 62.9922 76.4446 11.5906
    endloop
  endfacet
  facet normal 1.71392e-05 -0.275638 0.961262
    outer loop
      vertex 61.798 76.327 11.5569
      vertex 62.9922 76.4446 11.5906
      vertex 62.9389 76.8038 11.6936
    endloop
  endfacet
  facet normal 0 -0.275631 0.961263
    outer loop
      vertex 63.01 76.082 11.4866
      vertex 61.81 76.082 11.4866
      vertex 62.9922 75.7193 11.3826
    endloop
  endfacet
  facet normal 2.53595e-05 -0.275652 0.961257
    outer loop
      vertex 61.762 76.5697 11.6265
      vertex 62.9389 76.8038 11.6936
      vertex 62.8507 77.156 11.7946
    endloop
  endfacet
  facet normal 9.43336e-05 -0.275347 0.961345
    outer loop
      vertex 61.798 75.8369 11.4164
      vertex 62.9922 75.7193 11.3826
      vertex 61.81 76.082 11.4866
    endloop
  endfacet
  facet normal 2.74318e-05 -0.275789 0.961218
    outer loop
      vertex 61.7024 76.8077 11.6947
      vertex 62.8507 77.156 11.7946
      vertex 62.7284 77.4979 11.8927
    endloop
  endfacet
  facet normal 8.81757e-05 -0.275405 0.961328
    outer loop
      vertex 62.9922 75.7193 11.3826
      vertex 61.798 75.8369 11.4164
      vertex 62.9389 75.3601 11.2797
    endloop
  endfacet
  facet normal -2.92009e-05 -0.275624 0.961266
    outer loop
      vertex 61.6197 77.0387 11.761
      vertex 62.7284 77.4979 11.8927
      vertex 62.5731 77.8261 11.9868
    endloop
  endfacet
  facet normal -7.14837e-05 -0.275758 0.961227
    outer loop
      vertex 61.762 75.5943 11.3468
      vertex 62.9389 75.3601 11.2797
      vertex 61.798 75.8369 11.4164
    endloop
  endfacet
  facet normal -3.80306e-05 -0.275598 0.961273
    outer loop
      vertex 61.5148 77.2605 11.8246
      vertex 62.5731 77.8261 11.9868
      vertex 62.3864 78.1376 12.0761
    endloop
  endfacet
  facet normal -4.76697e-05 -0.275647 0.961259
    outer loop
      vertex 62.9389 75.3601 11.2797
      vertex 61.762 75.5943 11.3468
      vertex 62.8507 75.0079 11.1787
    endloop
  endfacet
  facet normal -3.93223e-05 -0.275619 0.961267
    outer loop
      vertex 61.3887 77.4709 11.8849
      vertex 62.3864 78.1376 12.0761
      vertex 62.1701 78.4292 12.1597
    endloop
  endfacet
  facet normal -0.000141603 -0.275808 0.961213
    outer loop
      vertex 61.7024 75.3563 11.2785
      vertex 62.8507 75.0079 11.1787
      vertex 61.762 75.5943 11.3468
    endloop
  endfacet
  facet normal 4.44177e-05 -0.275722 0.961238
    outer loop
      vertex 61.2425 77.668 11.9414
      vertex 62.1701 78.4292 12.1597
      vertex 61.9263 78.6983 12.2369
    endloop
  endfacet
  facet normal -0.000146689 -0.275824 0.961208
    outer loop
      vertex 62.8507 75.0079 11.1787
      vertex 61.7024 75.3563 11.2785
      vertex 62.7284 74.6661 11.0806
    endloop
  endfacet
  facet normal 7.7339e-05 -0.275516 0.961296
    outer loop
      vertex 61.6197 75.1253 11.2123
      vertex 62.7284 74.6661 11.0806
      vertex 61.7024 75.3563 11.2785
    endloop
  endfacet
  facet normal 3.52456e-05 -0.275808 0.961213
    outer loop
      vertex 62.9922 76.4446 11.5906
      vertex 61.798 76.327 11.5569
      vertex 61.81 76.082 11.4866
    endloop
  endfacet
  facet normal 2.67723e-05 -0.275659 0.961256
    outer loop
      vertex 62.9389 76.8038 11.6936
      vertex 61.762 76.5697 11.6265
      vertex 61.798 76.327 11.5569
    endloop
  endfacet
  facet normal -7.23789e-05 -0.275485 0.961305
    outer loop
      vertex 62.8507 77.156 11.7946
      vertex 61.7024 76.8077 11.6947
      vertex 61.762 76.5697 11.6265
    endloop
  endfacet
  facet normal -5.2532e-05 -0.27566 0.961255
    outer loop
      vertex 61.0778 77.8497 11.9935
      vertex 61.9263 78.6983 12.2369
      vertex 61.6573 78.9421 12.3068
    endloop
  endfacet
  facet normal 7.27554e-05 -0.275851 0.9612
    outer loop
      vertex 62.7284 77.4979 11.8927
      vertex 61.6197 77.0387 11.761
      vertex 61.7024 76.8077 11.6947
    endloop
  endfacet
  facet normal -1.24218e-05 -0.275642 0.96126
    outer loop
      vertex 62.5731 77.8261 11.9868
      vertex 61.5148 77.2605 11.8246
      vertex 61.6197 77.0387 11.761
    endloop
  endfacet
  facet normal -8.65523e-05 -0.275553 0.961286
    outer loop
      vertex 62.3864 78.1376 12.0761
      vertex 61.3887 77.4709 11.8849
      vertex 61.5148 77.2605 11.8246
    endloop
  endfacet
  facet normal -5.43302e-05 -0.27561 0.961269
    outer loop
      vertex 60.896 78.0145 12.0408
      vertex 61.6573 78.9421 12.3068
      vertex 61.3656 79.1584 12.3688
    endloop
  endfacet
  facet normal -6.25231e-05 -0.275601 0.961272
    outer loop
      vertex 62.1701 78.4292 12.1597
      vertex 61.2425 77.668 11.9414
      vertex 61.3887 77.4709 11.8849
    endloop
  endfacet
  facet normal -4.48681e-05 -0.275667 0.961253
    outer loop
      vertex 61.9263 78.6983 12.2369
      vertex 61.0778 77.8497 11.9935
      vertex 61.2425 77.668 11.9414
    endloop
  endfacet
  facet normal -8.37663e-05 -0.275598 0.961273
    outer loop
      vertex 60.6989 78.1607 12.0827
      vertex 61.3656 79.1584 12.3688
      vertex 61.0542 79.3451 12.4223
    endloop
  endfacet
  facet normal 0.000126421 -0.275748 0.96123
    outer loop
      vertex 61.6573 78.9421 12.3068
      vertex 60.896 78.0145 12.0408
      vertex 61.0778 77.8497 11.9935
    endloop
  endfacet
  facet normal 1.47315e-05 -0.275592 0.961275
    outer loop
      vertex 60.4885 78.2868 12.1189
      vertex 61.0542 79.3451 12.4223
      vertex 60.7259 79.5003 12.4668
    endloop
  endfacet
  facet normal -7.90606e-05 -0.275601 0.961272
    outer loop
      vertex 61.3656 79.1584 12.3688
      vertex 60.6989 78.1607 12.0827
      vertex 60.896 78.0145 12.0408
    endloop
  endfacet
  facet normal 0.000169101 -0.275668 0.961253
    outer loop
      vertex 61.0542 79.3451 12.4223
      vertex 60.4885 78.2868 12.1189
      vertex 60.6989 78.1607 12.0827
    endloop
  endfacet
  facet normal 1.98824e-06 -0.275649 0.961258
    outer loop
      vertex 60.2667 78.3917 12.1489
      vertex 60.7259 79.5003 12.4668
      vertex 60.3841 79.6227 12.5019
    endloop
  endfacet
  facet normal -0.000293267 -0.275536 0.961291
    outer loop
      vertex 60.7259 79.5003 12.4668
      vertex 60.2667 78.3917 12.1489
      vertex 60.4885 78.2868 12.1189
    endloop
  endfacet
  facet normal 5.5245e-05 -0.275654 0.961257
    outer loop
      vertex 60.3841 79.6227 12.5019
      vertex 60.0357 78.4743 12.1726
      vertex 60.2667 78.3917 12.1489
    endloop
  endfacet
  facet normal 2.26563e-05 -0.275645 0.96126
    outer loop
      vertex 60.0318 79.7109 12.5272
      vertex 60.0357 78.4743 12.1726
      vertex 60.3841 79.6227 12.5019
    endloop
  endfacet
  facet normal 3.8244e-05 -0.275645 0.96126
    outer loop
      vertex 60.0318 79.7109 12.5272
      vertex 59.7977 78.5339 12.1897
      vertex 60.0357 78.4743 12.1726
    endloop
  endfacet
  facet normal 4.27459e-05 -0.275646 0.961259
    outer loop
      vertex 59.6727 79.7642 12.5425
      vertex 59.7977 78.5339 12.1897
      vertex 60.0318 79.7109 12.5272
    endloop
  endfacet
  facet normal 0.000308292 -0.275621 0.961266
    outer loop
      vertex 59.6727 79.7642 12.5425
      vertex 59.555 78.5699 12.2001
      vertex 59.7977 78.5339 12.1897
    endloop
  endfacet
  facet normal -8.37009e-06 -0.275592 0.961275
    outer loop
      vertex 59.31 79.782 12.5476
      vertex 59.555 78.5699 12.2001
      vertex 59.6727 79.7642 12.5425
    endloop
  endfacet
  facet normal -0.000273371 -0.275641 0.96126
    outer loop
      vertex 59.31 79.782 12.5476
      vertex 59.31 78.582 12.2035
      vertex 59.555 78.5699 12.2001
    endloop
  endfacet
  facet normal 0.000273371 -0.275641 0.96126
    outer loop
      vertex 59.31 79.782 12.5476
      vertex 59.065 78.5699 12.2001
      vertex 59.31 78.582 12.2035
    endloop
  endfacet
  facet normal 8.37009e-06 -0.275592 0.961275
    outer loop
      vertex 58.9473 79.7642 12.5425
      vertex 59.065 78.5699 12.2001
      vertex 59.31 79.782 12.5476
    endloop
  endfacet
  facet normal -0.000308292 -0.275621 0.961266
    outer loop
      vertex 58.9473 79.7642 12.5425
      vertex 58.8223 78.5339 12.1897
      vertex 59.065 78.5699 12.2001
    endloop
  endfacet
  facet normal -4.27459e-05 -0.275646 0.961259
    outer loop
      vertex 58.5882 79.7109 12.5272
      vertex 58.8223 78.5339 12.1897
      vertex 58.9473 79.7642 12.5425
    endloop
  endfacet
  facet normal -3.8244e-05 -0.275645 0.96126
    outer loop
      vertex 58.5882 79.7109 12.5272
      vertex 58.5843 78.4743 12.1726
      vertex 58.8223 78.5339 12.1897
    endloop
  endfacet
  facet normal -2.26563e-05 -0.275645 0.96126
    outer loop
      vertex 58.2359 79.6227 12.5019
      vertex 58.5843 78.4743 12.1726
      vertex 58.5882 79.7109 12.5272
    endloop
  endfacet
  facet normal -5.5245e-05 -0.275654 0.961257
    outer loop
      vertex 58.5843 78.4743 12.1726
      vertex 58.2359 79.6227 12.5019
      vertex 58.3533 78.3917 12.1489
    endloop
  endfacet
  facet normal -1.98824e-06 -0.275649 0.961258
    outer loop
      vertex 57.8941 79.5003 12.4668
      vertex 58.3533 78.3917 12.1489
      vertex 58.2359 79.6227 12.5019
    endloop
  endfacet
  facet normal 0.000293267 -0.275536 0.961291
    outer loop
      vertex 58.3533 78.3917 12.1489
      vertex 57.8941 79.5003 12.4668
      vertex 58.1315 78.2868 12.1189
    endloop
  endfacet
  facet normal -1.47315e-05 -0.275592 0.961275
    outer loop
      vertex 57.5658 79.3451 12.4223
      vertex 58.1315 78.2868 12.1189
      vertex 57.8941 79.5003 12.4668
    endloop
  endfacet
  facet normal -0.000169101 -0.275668 0.961253
    outer loop
      vertex 58.1315 78.2868 12.1189
      vertex 57.5658 79.3451 12.4223
      vertex 57.9211 78.1607 12.0827
    endloop
  endfacet
  facet normal 8.37663e-05 -0.275598 0.961273
    outer loop
      vertex 57.2544 79.1584 12.3688
      vertex 57.9211 78.1607 12.0827
      vertex 57.5658 79.3451 12.4223
    endloop
  endfacet
  facet normal 7.90606e-05 -0.275601 0.961272
    outer loop
      vertex 57.9211 78.1607 12.0827
      vertex 57.2544 79.1584 12.3688
      vertex 57.724 78.0145 12.0408
    endloop
  endfacet
  facet normal 5.43302e-05 -0.27561 0.961269
    outer loop
      vertex 56.9627 78.9421 12.3068
      vertex 57.724 78.0145 12.0408
      vertex 57.2544 79.1584 12.3688
    endloop
  endfacet
  facet normal -0.000126421 -0.275748 0.96123
    outer loop
      vertex 57.724 78.0145 12.0408
      vertex 56.9627 78.9421 12.3068
      vertex 57.5422 77.8497 11.9935
    endloop
  endfacet
  facet normal 5.2532e-05 -0.27566 0.961255
    outer loop
      vertex 56.6937 78.6983 12.2369
      vertex 57.5422 77.8497 11.9935
      vertex 56.9627 78.9421 12.3068
    endloop
  endfacet
  facet normal 4.48681e-05 -0.275667 0.961253
    outer loop
      vertex 57.5422 77.8497 11.9935
      vertex 56.6937 78.6983 12.2369
      vertex 57.3775 77.668 11.9414
    endloop
  endfacet
  facet normal -4.44177e-05 -0.275722 0.961238
    outer loop
      vertex 56.4499 78.4292 12.1597
      vertex 57.3775 77.668 11.9414
      vertex 56.6937 78.6983 12.2369
    endloop
  endfacet
  facet normal 6.25231e-05 -0.275601 0.961272
    outer loop
      vertex 57.3775 77.668 11.9414
      vertex 56.4499 78.4292 12.1597
      vertex 57.2313 77.4709 11.8849
    endloop
  endfacet
  facet normal 3.93223e-05 -0.275619 0.961267
    outer loop
      vertex 56.2336 78.1376 12.0761
      vertex 57.2313 77.4709 11.8849
      vertex 56.4499 78.4292 12.1597
    endloop
  endfacet
  facet normal 8.65523e-05 -0.275553 0.961286
    outer loop
      vertex 57.2313 77.4709 11.8849
      vertex 56.2336 78.1376 12.0761
      vertex 57.1052 77.2605 11.8246
    endloop
  endfacet
  facet normal 3.80306e-05 -0.275598 0.961273
    outer loop
      vertex 56.0469 77.8261 11.9868
      vertex 57.1052 77.2605 11.8246
      vertex 56.2336 78.1376 12.0761
    endloop
  endfacet
  facet normal 2.92009e-05 -0.275624 0.961266
    outer loop
      vertex 55.8916 77.4979 11.8927
      vertex 57.0003 77.0387 11.761
      vertex 56.0469 77.8261 11.9868
    endloop
  endfacet
  facet normal 1.24218e-05 -0.275642 0.96126
    outer loop
      vertex 57.1052 77.2605 11.8246
      vertex 56.0469 77.8261 11.9868
      vertex 57.0003 77.0387 11.761
    endloop
  endfacet
  facet normal 5.82777e-05 -0.275559 0.961284
    outer loop
      vertex 62.7284 74.6661 11.0806
      vertex 61.6197 75.1253 11.2123
      vertex 62.5731 74.3378 10.9865
    endloop
  endfacet
  facet normal -8.36811e-06 -0.275633 0.961263
    outer loop
      vertex 61.5148 74.9035 11.1487
      vertex 62.5731 74.3378 10.9865
      vertex 61.6197 75.1253 11.2123
    endloop
  endfacet
  facet normal -1.75168e-05 -0.275649 0.961258
    outer loop
      vertex 62.5731 74.3378 10.9865
      vertex 61.5148 74.9035 11.1487
      vertex 62.3864 74.0264 10.8972
    endloop
  endfacet
  facet normal 8.65523e-05 -0.275553 0.961286
    outer loop
      vertex 61.3887 74.6931 11.0884
      vertex 62.3864 74.0264 10.8972
      vertex 61.5148 74.9035 11.1487
    endloop
  endfacet
  facet normal 8.15433e-05 -0.27556 0.961284
    outer loop
      vertex 62.3864 74.0264 10.8972
      vertex 61.3887 74.6931 11.0884
      vertex 62.1701 73.7347 10.8136
    endloop
  endfacet
  facet normal 4.4055e-05 -0.275589 0.961276
    outer loop
      vertex 61.2425 74.496 11.0319
      vertex 62.1701 73.7347 10.8136
      vertex 61.3887 74.6931 11.0884
    endloop
  endfacet
  facet normal -0.000109702 -0.275762 0.961226
    outer loop
      vertex 62.1701 73.7347 10.8136
      vertex 61.2425 74.496 11.0319
      vertex 61.9263 73.4657 10.7364
    endloop
  endfacet
  facet normal -0.000195377 -0.275814 0.961211
    outer loop
      vertex 61.0778 74.3142 10.9797
      vertex 61.9263 73.4657 10.7364
      vertex 61.2425 74.496 11.0319
    endloop
  endfacet
  facet normal 6.78558e-05 -0.275571 0.961281
    outer loop
      vertex 61.9263 73.4657 10.7364
      vertex 61.0778 74.3142 10.9797
      vertex 61.6573 73.2218 10.6665
    endloop
  endfacet
  facet normal 7.4407e-05 -0.275568 0.961282
    outer loop
      vertex 60.896 74.1495 10.9325
      vertex 61.6573 73.2218 10.6665
      vertex 61.0778 74.3142 10.9797
    endloop
  endfacet
  facet normal 4.06347e-05 -0.275593 0.961274
    outer loop
      vertex 61.6573 73.2218 10.6665
      vertex 60.896 74.1495 10.9325
      vertex 61.3656 73.0055 10.6045
    endloop
  endfacet
  facet normal 6.53623e-05 -0.275584 0.961277
    outer loop
      vertex 60.6989 74.0033 10.8906
      vertex 61.3656 73.0055 10.6045
      vertex 60.896 74.1495 10.9325
    endloop
  endfacet
  facet normal 8.74841e-06 -0.275619 0.961267
    outer loop
      vertex 61.3656 73.0055 10.6045
      vertex 60.6989 74.0033 10.8906
      vertex 61.0542 72.8189 10.551
    endloop
  endfacet
  facet normal -0.000169101 -0.275668 0.961253
    outer loop
      vertex 60.4885 73.8772 10.8544
      vertex 61.0542 72.8189 10.551
      vertex 60.6989 74.0033 10.8906
    endloop
  endfacet
  facet normal -0.000181433 -0.275674 0.961251
    outer loop
      vertex 61.0542 72.8189 10.551
      vertex 60.4885 73.8772 10.8544
      vertex 60.7259 72.6636 10.5064
    endloop
  endfacet
  facet normal -7.89716e-05 -0.275656 0.961256
    outer loop
      vertex 60.2667 73.7723 10.8243
      vertex 60.7259 72.6636 10.5064
      vertex 60.4885 73.8772 10.8544
    endloop
  endfacet
  facet normal 0.000164966 -0.275563 0.961283
    outer loop
      vertex 60.7259 72.6636 10.5064
      vertex 60.2667 73.7723 10.8243
      vertex 60.3841 72.5413 10.4714
    endloop
  endfacet
  facet normal 3.31138e-05 -0.275574 0.96128
    outer loop
      vertex 60.0357 73.6896 10.8006
      vertex 60.3841 72.5413 10.4714
      vertex 60.2667 73.7723 10.8243
    endloop
  endfacet
  facet normal -3.65495e-05 -0.275594 0.961274
    outer loop
      vertex 60.0357 73.6896 10.8006
      vertex 60.0318 72.4531 10.4461
      vertex 60.3841 72.5413 10.4714
    endloop
  endfacet
  facet normal 0.000352075 -0.275595 0.961274
    outer loop
      vertex 59.7977 73.63 10.7836
      vertex 60.0318 72.4531 10.4461
      vertex 60.0357 73.6896 10.8006
    endloop
  endfacet
  facet normal -3.9369e-05 -0.275667 0.961253
    outer loop
      vertex 59.7977 73.63 10.7836
      vertex 59.6727 72.3998 10.4308
      vertex 60.0318 72.4531 10.4461
    endloop
  endfacet
  facet normal -0.000304916 -0.275642 0.96126
    outer loop
      vertex 59.555 73.594 10.7732
      vertex 59.6727 72.3998 10.4308
      vertex 59.7977 73.63 10.7836
    endloop
  endfacet
  facet normal 0.000158647 -0.2756 0.961273
    outer loop
      vertex 59.31 73.582 10.7698
      vertex 59.6727 72.3998 10.4308
      vertex 59.555 73.594 10.7732
    endloop
  endfacet
  facet normal 1.09987e-05 -0.275641 0.961261
    outer loop
      vertex 59.31 73.582 10.7698
      vertex 59.31 72.382 10.4257
      vertex 59.6727 72.3998 10.4308
    endloop
  endfacet
  facet normal -0.000160864 -0.275641 0.961261
    outer loop
      vertex 59.065 73.594 10.7732
      vertex 59.31 72.382 10.4257
      vertex 59.31 73.582 10.7698
    endloop
  endfacet
  facet normal -9.49714e-06 -0.275613 0.961269
    outer loop
      vertex 59.065 73.594 10.7732
      vertex 58.9473 72.3998 10.4308
      vertex 59.31 72.382 10.4257
    endloop
  endfacet
  facet normal 0.000304916 -0.275642 0.96126
    outer loop
      vertex 58.8223 73.63 10.7836
      vertex 58.9473 72.3998 10.4308
      vertex 59.065 73.594 10.7732
    endloop
  endfacet
  facet normal 3.9369e-05 -0.275667 0.961253
    outer loop
      vertex 58.8223 73.63 10.7836
      vertex 58.5882 72.4531 10.4461
      vertex 58.9473 72.3998 10.4308
    endloop
  endfacet
  facet normal -0.000352075 -0.275595 0.961274
    outer loop
      vertex 58.5843 73.6896 10.8006
      vertex 58.5882 72.4531 10.4461
      vertex 58.8223 73.63 10.7836
    endloop
  endfacet
  facet normal -3.31138e-05 -0.275574 0.96128
    outer loop
      vertex 58.2359 72.5413 10.4714
      vertex 58.5843 73.6896 10.8006
      vertex 58.3533 73.7723 10.8243
    endloop
  endfacet
  facet normal 3.65495e-05 -0.275594 0.961274
    outer loop
      vertex 58.5843 73.6896 10.8006
      vertex 58.2359 72.5413 10.4714
      vertex 58.5882 72.4531 10.4461
    endloop
  endfacet
  facet normal 7.89716e-05 -0.275656 0.961256
    outer loop
      vertex 57.8941 72.6636 10.5064
      vertex 58.3533 73.7723 10.8243
      vertex 58.1315 73.8772 10.8544
    endloop
  endfacet
  facet normal 0.000169101 -0.275668 0.961253
    outer loop
      vertex 57.5658 72.8189 10.551
      vertex 58.1315 73.8772 10.8544
      vertex 57.9211 74.0033 10.8906
    endloop
  endfacet
  facet normal -0.000164966 -0.275563 0.961283
    outer loop
      vertex 58.3533 73.7723 10.8243
      vertex 57.8941 72.6636 10.5064
      vertex 58.2359 72.5413 10.4714
    endloop
  endfacet
  facet normal -6.53623e-05 -0.275584 0.961277
    outer loop
      vertex 57.2544 73.0055 10.6045
      vertex 57.9211 74.0033 10.8906
      vertex 57.724 74.1495 10.9325
    endloop
  endfacet
  facet normal 0.000181433 -0.275674 0.961251
    outer loop
      vertex 58.1315 73.8772 10.8544
      vertex 57.5658 72.8189 10.551
      vertex 57.8941 72.6636 10.5064
    endloop
  endfacet
  facet normal -7.4407e-05 -0.275568 0.961282
    outer loop
      vertex 56.9627 73.2218 10.6665
      vertex 57.724 74.1495 10.9325
      vertex 57.5422 74.3142 10.9797
    endloop
  endfacet
  facet normal 0.000195377 -0.275814 0.961211
    outer loop
      vertex 56.6937 73.4657 10.7364
      vertex 57.5422 74.3142 10.9797
      vertex 57.3775 74.496 11.0319
    endloop
  endfacet
  facet normal -8.74841e-06 -0.275619 0.961267
    outer loop
      vertex 57.9211 74.0033 10.8906
      vertex 57.2544 73.0055 10.6045
      vertex 57.5658 72.8189 10.551
    endloop
  endfacet
  facet normal -4.4055e-05 -0.275589 0.961276
    outer loop
      vertex 56.4499 73.7347 10.8136
      vertex 57.3775 74.496 11.0319
      vertex 57.2313 74.6931 11.0884
    endloop
  endfacet
  facet normal -8.65523e-05 -0.275553 0.961286
    outer loop
      vertex 56.2336 74.0264 10.8972
      vertex 57.2313 74.6931 11.0884
      vertex 57.1052 74.9035 11.1487
    endloop
  endfacet
  facet normal 8.36811e-06 -0.275633 0.961263
    outer loop
      vertex 56.0469 74.3378 10.9865
      vertex 57.1052 74.9035 11.1487
      vertex 57.0003 75.1253 11.2123
    endloop
  endfacet
  facet normal -4.06347e-05 -0.275593 0.961274
    outer loop
      vertex 57.724 74.1495 10.9325
      vertex 56.9627 73.2218 10.6665
      vertex 57.2544 73.0055 10.6045
    endloop
  endfacet
  facet normal -7.7339e-05 -0.275516 0.961296
    outer loop
      vertex 55.8916 74.6661 11.0806
      vertex 57.0003 75.1253 11.2123
      vertex 56.9176 75.3563 11.2785
    endloop
  endfacet
  facet normal 0.000141603 -0.275808 0.961213
    outer loop
      vertex 55.7693 75.0079 11.1787
      vertex 56.9176 75.3563 11.2785
      vertex 56.858 75.5943 11.3468
    endloop
  endfacet
  facet normal 7.14837e-05 -0.275758 0.961227
    outer loop
      vertex 55.6811 75.3601 11.2797
      vertex 56.858 75.5943 11.3468
      vertex 56.822 75.8369 11.4164
    endloop
  endfacet
  facet normal -6.78558e-05 -0.275571 0.961281
    outer loop
      vertex 57.5422 74.3142 10.9797
      vertex 56.6937 73.4657 10.7364
      vertex 56.9627 73.2218 10.6665
    endloop
  endfacet
  facet normal -9.43336e-05 -0.275347 0.961345
    outer loop
      vertex 55.6278 75.7193 11.3826
      vertex 56.822 75.8369 11.4164
      vertex 56.81 76.082 11.4866
    endloop
  endfacet
  facet normal -7.27554e-05 -0.275851 0.9612
    outer loop
      vertex 57.0003 77.0387 11.761
      vertex 55.8916 77.4979 11.8927
      vertex 56.9176 76.8077 11.6947
    endloop
  endfacet
  facet normal -2.74318e-05 -0.275789 0.961218
    outer loop
      vertex 55.7693 77.156 11.7946
      vertex 56.9176 76.8077 11.6947
      vertex 55.8916 77.4979 11.8927
    endloop
  endfacet
  facet normal 0.000109702 -0.275762 0.961226
    outer loop
      vertex 57.3775 74.496 11.0319
      vertex 56.4499 73.7347 10.8136
      vertex 56.6937 73.4657 10.7364
    endloop
  endfacet
  facet normal 7.23789e-05 -0.275485 0.961305
    outer loop
      vertex 56.9176 76.8077 11.6947
      vertex 55.7693 77.156 11.7946
      vertex 56.858 76.5697 11.6265
    endloop
  endfacet
  facet normal -8.15433e-05 -0.27556 0.961284
    outer loop
      vertex 57.2313 74.6931 11.0884
      vertex 56.2336 74.0264 10.8972
      vertex 56.4499 73.7347 10.8136
    endloop
  endfacet
  facet normal -2.53595e-05 -0.275652 0.961257
    outer loop
      vertex 55.6811 76.8038 11.6936
      vertex 56.858 76.5697 11.6265
      vertex 55.7693 77.156 11.7946
    endloop
  endfacet
  facet normal 1.75168e-05 -0.275649 0.961258
    outer loop
      vertex 57.1052 74.9035 11.1487
      vertex 56.0469 74.3378 10.9865
      vertex 56.2336 74.0264 10.8972
    endloop
  endfacet
  facet normal -2.67723e-05 -0.275659 0.961256
    outer loop
      vertex 56.858 76.5697 11.6265
      vertex 55.6811 76.8038 11.6936
      vertex 56.822 76.327 11.5569
    endloop
  endfacet
  facet normal -5.82777e-05 -0.275559 0.961284
    outer loop
      vertex 57.0003 75.1253 11.2123
      vertex 55.8916 74.6661 11.0806
      vertex 56.0469 74.3378 10.9865
    endloop
  endfacet
  facet normal -1.71392e-05 -0.275638 0.961262
    outer loop
      vertex 55.6278 76.4446 11.5906
      vertex 56.822 76.327 11.5569
      vertex 55.6811 76.8038 11.6936
    endloop
  endfacet
  facet normal 0.000146689 -0.275824 0.961208
    outer loop
      vertex 56.9176 75.3563 11.2785
      vertex 55.7693 75.0079 11.1787
      vertex 55.8916 74.6661 11.0806
    endloop
  endfacet
  facet normal -3.52456e-05 -0.275808 0.961213
    outer loop
      vertex 56.822 76.327 11.5569
      vertex 55.6278 76.4446 11.5906
      vertex 56.81 76.082 11.4866
    endloop
  endfacet
  facet normal 4.76697e-05 -0.275647 0.961259
    outer loop
      vertex 56.858 75.5943 11.3468
      vertex 55.6811 75.3601 11.2797
      vertex 55.7693 75.0079 11.1787
    endloop
  endfacet
  facet normal 0 -0.275701 0.961243
    outer loop
      vertex 55.61 76.082 11.4866
      vertex 56.81 76.082 11.4866
      vertex 55.6278 76.4446 11.5906
    endloop
  endfacet
  facet normal -8.81757e-05 -0.275405 0.961328
    outer loop
      vertex 56.822 75.8369 11.4164
      vertex 55.6278 75.7193 11.3826
      vertex 55.6811 75.3601 11.2797
    endloop
  endfacet
  facet normal 0 -0.275631 0.961263
    outer loop
      vertex 56.81 76.082 11.4866
      vertex 55.61 76.082 11.4866
      vertex 55.6278 75.7193 11.3826
    endloop
  endfacet
  facet normal 0 -0.275607 0.961271
    outer loop
      vertex 61.81 48.2054 3.49316
      vertex 63.01 48.2054 3.49316
      vertex 62.9922 48.5681 3.59715
    endloop
  endfacet
  facet normal 2.09433e-05 -0.275683 0.961249
    outer loop
      vertex 61.798 48.4504 3.56342
      vertex 62.9922 48.5681 3.59715
      vertex 62.9389 48.9272 3.70014
    endloop
  endfacet
  facet normal 0 -0.275631 0.961263
    outer loop
      vertex 63.01 48.2054 3.49316
      vertex 61.81 48.2054 3.49316
      vertex 62.9922 47.8427 3.38916
    endloop
  endfacet
  facet normal 2.01904e-06 -0.275658 0.961256
    outer loop
      vertex 61.762 48.6931 3.63301
      vertex 62.9389 48.9272 3.70014
      vertex 62.8507 49.2794 3.80114
    endloop
  endfacet
  facet normal 1.13447e-05 -0.275597 0.961273
    outer loop
      vertex 61.798 47.9603 3.42289
      vertex 62.9922 47.8427 3.38916
      vertex 61.81 48.2054 3.49316
    endloop
  endfacet
  facet normal -1.88675e-05 -0.275622 0.961266
    outer loop
      vertex 61.7024 48.9311 3.70125
      vertex 62.8507 49.2794 3.80114
      vertex 62.7284 49.6213 3.89917
    endloop
  endfacet
  facet normal 1.80936e-06 -0.275686 0.961248
    outer loop
      vertex 62.9922 47.8427 3.38916
      vertex 61.798 47.9603 3.42289
      vertex 62.9389 47.4836 3.28617
    endloop
  endfacet
  facet normal -2.34963e-05 -0.275598 0.961273
    outer loop
      vertex 61.6197 49.1621 3.76749
      vertex 62.7284 49.6213 3.89917
      vertex 62.5731 49.9496 3.99329
    endloop
  endfacet
  facet normal -1.72696e-05 -0.275729 0.961236
    outer loop
      vertex 61.762 47.7177 3.3533
      vertex 62.9389 47.4836 3.28617
      vertex 61.798 47.9603 3.42289
    endloop
  endfacet
  facet normal 1.06382e-05 -0.275653 0.961257
    outer loop
      vertex 61.5148 49.3839 3.83108
      vertex 62.5731 49.9496 3.99329
      vertex 62.3864 50.261 4.08259
    endloop
  endfacet
  facet normal 1.7977e-05 -0.275565 0.961282
    outer loop
      vertex 62.9389 47.4836 3.28617
      vertex 61.762 47.7177 3.3533
      vertex 62.8507 47.1313 3.18518
    endloop
  endfacet
  facet normal 2.41873e-05 -0.275667 0.961253
    outer loop
      vertex 61.3887 49.5943 3.89142
      vertex 62.3864 50.261 4.08259
      vertex 62.1701 50.5526 4.16622
    endloop
  endfacet
  facet normal -1.1036e-05 -0.275615 0.961268
    outer loop
      vertex 61.7024 47.4797 3.28506
      vertex 62.8507 47.1313 3.18518
      vertex 61.762 47.7177 3.3533
    endloop
  endfacet
  facet normal -3.37041e-05 -0.275622 0.961266
    outer loop
      vertex 61.2425 49.7914 3.94793
      vertex 62.1701 50.5526 4.16622
      vertex 61.9263 50.8217 4.24337
    endloop
  endfacet
  facet normal -3.24056e-05 -0.27568 0.96125
    outer loop
      vertex 62.8507 47.1313 3.18518
      vertex 61.7024 47.4797 3.28506
      vertex 62.7284 46.7895 3.08715
    endloop
  endfacet
  facet normal 1.72063e-05 -0.275612 0.961269
    outer loop
      vertex 61.6197 47.2487 3.21883
      vertex 62.7284 46.7895 3.08715
      vertex 61.7024 47.4797 3.28506
    endloop
  endfacet
  facet normal 1.88071e-05 -0.275663 0.961254
    outer loop
      vertex 62.9922 48.5681 3.59715
      vertex 61.798 48.4504 3.56342
      vertex 61.81 48.2054 3.49316
    endloop
  endfacet
  facet normal -4.6811e-06 -0.275627 0.961265
    outer loop
      vertex 62.9389 48.9272 3.70014
      vertex 61.762 48.6931 3.63301
      vertex 61.798 48.4504 3.56342
    endloop
  endfacet
  facet normal -1.90518e-05 -0.275622 0.961266
    outer loop
      vertex 62.8507 49.2794 3.80114
      vertex 61.7024 48.9311 3.70125
      vertex 61.762 48.6931 3.63301
    endloop
  endfacet
  facet normal 1.79875e-05 -0.275661 0.961255
    outer loop
      vertex 61.0778 49.9732 4.00006
      vertex 61.9263 50.8217 4.24337
      vertex 61.6573 51.0655 4.31329
    endloop
  endfacet
  facet normal -2.19653e-06 -0.275645 0.961259
    outer loop
      vertex 62.7284 49.6213 3.89917
      vertex 61.6197 49.1621 3.76749
      vertex 61.7024 48.9311 3.70125
    endloop
  endfacet
  facet normal -1.73738e-05 -0.275604 0.961271
    outer loop
      vertex 62.5731 49.9496 3.99329
      vertex 61.5148 49.3839 3.83108
      vertex 61.6197 49.1621 3.76749
    endloop
  endfacet
  facet normal 2.12859e-05 -0.275663 0.961254
    outer loop
      vertex 62.3864 50.261 4.08259
      vertex 61.3887 49.5943 3.89142
      vertex 61.5148 49.3839 3.83108
    endloop
  endfacet
  facet normal -8.58013e-06 -0.275636 0.961262
    outer loop
      vertex 60.896 50.1379 4.0473
      vertex 61.6573 51.0655 4.31329
      vertex 61.3656 51.2818 4.37531
    endloop
  endfacet
  facet normal -3.12025e-05 -0.275625 0.961265
    outer loop
      vertex 62.1701 50.5526 4.16622
      vertex 61.2425 49.7914 3.94793
      vertex 61.3887 49.5943 3.89142
    endloop
  endfacet
  facet normal -4.75064e-06 -0.27564 0.961261
    outer loop
      vertex 61.9263 50.8217 4.24337
      vertex 61.0778 49.9732 4.00006
      vertex 61.2425 49.7914 3.94793
    endloop
  endfacet
  facet normal -1.76477e-05 -0.275639 0.961261
    outer loop
      vertex 60.6989 50.2841 4.08921
      vertex 61.3656 51.2818 4.37531
      vertex 61.0542 51.4685 4.42884
    endloop
  endfacet
  facet normal 3.68483e-05 -0.27567 0.961252
    outer loop
      vertex 61.6573 51.0655 4.31329
      vertex 60.896 50.1379 4.0473
      vertex 61.0778 49.9732 4.00006
    endloop
  endfacet
  facet normal 1.41107e-05 -0.275651 0.961258
    outer loop
      vertex 60.4885 50.4102 4.12537
      vertex 61.0542 51.4685 4.42884
      vertex 60.7259 51.6237 4.47335
    endloop
  endfacet
  facet normal -4.64523e-05 -0.275621 0.961266
    outer loop
      vertex 61.3656 51.2818 4.37531
      vertex 60.6989 50.2841 4.08921
      vertex 60.896 50.1379 4.0473
    endloop
  endfacet
  facet normal 1.83423e-06 -0.275644 0.96126
    outer loop
      vertex 61.0542 51.4685 4.42884
      vertex 60.4885 50.4102 4.12537
      vertex 60.6989 50.2841 4.08921
    endloop
  endfacet
  facet normal -4.69933e-05 -0.275631 0.961264
    outer loop
      vertex 60.2667 50.5151 4.15545
      vertex 60.7259 51.6237 4.47335
      vertex 60.3841 51.7461 4.50843
    endloop
  endfacet
  facet normal -3.34086e-06 -0.275647 0.961259
    outer loop
      vertex 60.7259 51.6237 4.47335
      vertex 60.2667 50.5151 4.15545
      vertex 60.4885 50.4102 4.12537
    endloop
  endfacet
  facet normal 6.06455e-05 -0.27564 0.961261
    outer loop
      vertex 60.3841 51.7461 4.50843
      vertex 60.0357 50.5977 4.17915
      vertex 60.2667 50.5151 4.15545
    endloop
  endfacet
  facet normal 2.65517e-05 -0.275631 0.961264
    outer loop
      vertex 60.0318 51.8343 4.53373
      vertex 60.0357 50.5977 4.17915
      vertex 60.3841 51.7461 4.50843
    endloop
  endfacet
  facet normal -7.37623e-05 -0.275631 0.961264
    outer loop
      vertex 60.0318 51.8343 4.53373
      vertex 59.7977 50.6574 4.19625
      vertex 60.0357 50.5977 4.17915
    endloop
  endfacet
  facet normal -1.02775e-05 -0.275643 0.96126
    outer loop
      vertex 59.6727 51.8876 4.54901
      vertex 59.7977 50.6574 4.19625
      vertex 60.0318 51.8343 4.53373
    endloop
  endfacet
  facet normal -1.20816e-05 -0.275643 0.96126
    outer loop
      vertex 59.6727 51.8876 4.54901
      vertex 59.555 50.6934 4.20657
      vertex 59.7977 50.6574 4.19625
    endloop
  endfacet
  facet normal -1.10696e-05 -0.275643 0.96126
    outer loop
      vertex 59.31 51.9054 4.55411
      vertex 59.555 50.6934 4.20657
      vertex 59.6727 51.8876 4.54901
    endloop
  endfacet
  facet normal 3.5704e-05 -0.275634 0.961263
    outer loop
      vertex 59.31 51.9054 4.55411
      vertex 59.31 50.7054 4.21002
      vertex 59.555 50.6934 4.20657
    endloop
  endfacet
  facet normal -3.5704e-05 -0.275634 0.961263
    outer loop
      vertex 59.31 51.9054 4.55411
      vertex 59.065 50.6934 4.20657
      vertex 59.31 50.7054 4.21002
    endloop
  endfacet
  facet normal 1.10696e-05 -0.275643 0.96126
    outer loop
      vertex 58.9473 51.8876 4.54901
      vertex 59.065 50.6934 4.20657
      vertex 59.31 51.9054 4.55411
    endloop
  endfacet
  facet normal 1.20816e-05 -0.275643 0.96126
    outer loop
      vertex 58.9473 51.8876 4.54901
      vertex 58.8223 50.6574 4.19625
      vertex 59.065 50.6934 4.20657
    endloop
  endfacet
  facet normal 1.02775e-05 -0.275643 0.96126
    outer loop
      vertex 58.5882 51.8343 4.53373
      vertex 58.8223 50.6574 4.19625
      vertex 58.9473 51.8876 4.54901
    endloop
  endfacet
  facet normal 7.37623e-05 -0.275631 0.961264
    outer loop
      vertex 58.5882 51.8343 4.53373
      vertex 58.5843 50.5977 4.17915
      vertex 58.8223 50.6574 4.19625
    endloop
  endfacet
  facet normal -2.65517e-05 -0.275631 0.961264
    outer loop
      vertex 58.2359 51.7461 4.50843
      vertex 58.5843 50.5977 4.17915
      vertex 58.5882 51.8343 4.53373
    endloop
  endfacet
  facet normal -6.06455e-05 -0.27564 0.961261
    outer loop
      vertex 58.5843 50.5977 4.17915
      vertex 58.2359 51.7461 4.50843
      vertex 58.3533 50.5151 4.15545
    endloop
  endfacet
  facet normal 4.69933e-05 -0.275631 0.961264
    outer loop
      vertex 57.8941 51.6237 4.47335
      vertex 58.3533 50.5151 4.15545
      vertex 58.2359 51.7461 4.50843
    endloop
  endfacet
  facet normal 3.34086e-06 -0.275647 0.961259
    outer loop
      vertex 58.3533 50.5151 4.15545
      vertex 57.8941 51.6237 4.47335
      vertex 58.1315 50.4102 4.12537
    endloop
  endfacet
  facet normal -1.41107e-05 -0.275651 0.961258
    outer loop
      vertex 57.5658 51.4685 4.42884
      vertex 58.1315 50.4102 4.12537
      vertex 57.8941 51.6237 4.47335
    endloop
  endfacet
  facet normal -1.83423e-06 -0.275644 0.96126
    outer loop
      vertex 58.1315 50.4102 4.12537
      vertex 57.5658 51.4685 4.42884
      vertex 57.9211 50.2841 4.08921
    endloop
  endfacet
  facet normal 1.76477e-05 -0.275639 0.961261
    outer loop
      vertex 57.2544 51.2818 4.37531
      vertex 57.9211 50.2841 4.08921
      vertex 57.5658 51.4685 4.42884
    endloop
  endfacet
  facet normal 4.64523e-05 -0.275621 0.961266
    outer loop
      vertex 57.9211 50.2841 4.08921
      vertex 57.2544 51.2818 4.37531
      vertex 57.724 50.1379 4.0473
    endloop
  endfacet
  facet normal 8.58013e-06 -0.275636 0.961262
    outer loop
      vertex 56.9627 51.0655 4.31329
      vertex 57.724 50.1379 4.0473
      vertex 57.2544 51.2818 4.37531
    endloop
  endfacet
  facet normal -3.68483e-05 -0.27567 0.961252
    outer loop
      vertex 57.724 50.1379 4.0473
      vertex 56.9627 51.0655 4.31329
      vertex 57.5422 49.9732 4.00006
    endloop
  endfacet
  facet normal -1.79875e-05 -0.275661 0.961255
    outer loop
      vertex 56.6937 50.8217 4.24337
      vertex 57.5422 49.9732 4.00006
      vertex 56.9627 51.0655 4.31329
    endloop
  endfacet
  facet normal 4.75064e-06 -0.27564 0.961261
    outer loop
      vertex 57.5422 49.9732 4.00006
      vertex 56.6937 50.8217 4.24337
      vertex 57.3775 49.7914 3.94793
    endloop
  endfacet
  facet normal 3.37041e-05 -0.275622 0.961266
    outer loop
      vertex 56.4499 50.5526 4.16622
      vertex 57.3775 49.7914 3.94793
      vertex 56.6937 50.8217 4.24337
    endloop
  endfacet
  facet normal 3.12025e-05 -0.275625 0.961265
    outer loop
      vertex 57.3775 49.7914 3.94793
      vertex 56.4499 50.5526 4.16622
      vertex 57.2313 49.5943 3.89142
    endloop
  endfacet
  facet normal -2.41873e-05 -0.275667 0.961253
    outer loop
      vertex 56.2336 50.261 4.08259
      vertex 57.2313 49.5943 3.89142
      vertex 56.4499 50.5526 4.16622
    endloop
  endfacet
  facet normal -2.12859e-05 -0.275663 0.961254
    outer loop
      vertex 57.2313 49.5943 3.89142
      vertex 56.2336 50.261 4.08259
      vertex 57.1052 49.3839 3.83108
    endloop
  endfacet
  facet normal -1.06382e-05 -0.275653 0.961257
    outer loop
      vertex 56.0469 49.9496 3.99329
      vertex 57.1052 49.3839 3.83108
      vertex 56.2336 50.261 4.08259
    endloop
  endfacet
  facet normal 2.34963e-05 -0.275598 0.961273
    outer loop
      vertex 55.8916 49.6213 3.89917
      vertex 57.0003 49.1621 3.76749
      vertex 56.0469 49.9496 3.99329
    endloop
  endfacet
  facet normal 1.73738e-05 -0.275604 0.961271
    outer loop
      vertex 57.1052 49.3839 3.83108
      vertex 56.0469 49.9496 3.99329
      vertex 57.0003 49.1621 3.76749
    endloop
  endfacet
  facet normal 2.34963e-05 -0.275598 0.961273
    outer loop
      vertex 62.7284 46.7895 3.08715
      vertex 61.6197 47.2487 3.21883
      vertex 62.5731 46.4612 2.99303
    endloop
  endfacet
  facet normal -8.36811e-06 -0.275633 0.961263
    outer loop
      vertex 61.5148 47.0269 3.15523
      vertex 62.5731 46.4612 2.99303
      vertex 61.6197 47.2487 3.21883
    endloop
  endfacet
  facet normal -3.00124e-05 -0.275671 0.961252
    outer loop
      vertex 62.5731 46.4612 2.99303
      vertex 61.5148 47.0269 3.15523
      vertex 62.3864 46.1498 2.90372
    endloop
  endfacet
  facet normal -2.12859e-05 -0.275663 0.961254
    outer loop
      vertex 61.3887 46.8165 3.09489
      vertex 62.3864 46.1498 2.90372
      vertex 61.5148 47.0269 3.15523
    endloop
  endfacet
  facet normal 1.804e-05 -0.275608 0.96127
    outer loop
      vertex 62.3864 46.1498 2.90372
      vertex 61.3887 46.8165 3.09489
      vertex 62.1701 45.8581 2.82009
    endloop
  endfacet
  facet normal 1.27327e-05 -0.275612 0.961269
    outer loop
      vertex 61.2425 46.6194 3.03838
      vertex 62.1701 45.8581 2.82009
      vertex 61.3887 46.8165 3.09489
    endloop
  endfacet
  facet normal -1.47394e-05 -0.275643 0.96126
    outer loop
      vertex 62.1701 45.8581 2.82009
      vertex 61.2425 46.6194 3.03838
      vertex 61.9263 45.5891 2.74295
    endloop
  endfacet
  facet normal 3.24929e-05 -0.275614 0.961268
    outer loop
      vertex 61.0778 46.4376 2.98626
      vertex 61.9263 45.5891 2.74295
      vertex 61.2425 46.6194 3.03838
    endloop
  endfacet
  facet normal 3.57586e-05 -0.275611 0.961269
    outer loop
      vertex 61.9263 45.5891 2.74295
      vertex 61.0778 46.4376 2.98626
      vertex 61.6573 45.3452 2.67303
    endloop
  endfacet
  facet normal -8.80008e-05 -0.275672 0.961252
    outer loop
      vertex 60.896 46.2729 2.93901
      vertex 61.6573 45.3452 2.67303
      vertex 61.0778 46.4376 2.98626
    endloop
  endfacet
  facet normal -8.91338e-05 -0.275673 0.961252
    outer loop
      vertex 61.6573 45.3452 2.67303
      vertex 60.896 46.2729 2.93901
      vertex 61.3656 45.129 2.611
    endloop
  endfacet
  facet normal 8.38388e-05 -0.275607 0.96127
    outer loop
      vertex 60.6989 46.1267 2.89711
      vertex 61.3656 45.129 2.611
      vertex 60.896 46.2729 2.93901
    endloop
  endfacet
  facet normal 4.38112e-05 -0.275632 0.961263
    outer loop
      vertex 61.3656 45.129 2.611
      vertex 60.6989 46.1267 2.89711
      vertex 61.0542 44.9423 2.55748
    endloop
  endfacet
  facet normal -4.0559e-05 -0.275655 0.961257
    outer loop
      vertex 60.4885 46.0006 2.86094
      vertex 61.0542 44.9423 2.55748
      vertex 60.6989 46.1267 2.89711
    endloop
  endfacet
  facet normal 2.61067e-05 -0.275622 0.961266
    outer loop
      vertex 61.0542 44.9423 2.55748
      vertex 60.4885 46.0006 2.86094
      vertex 60.7259 44.787 2.51296
    endloop
  endfacet
  facet normal -6.49168e-06 -0.275628 0.961264
    outer loop
      vertex 60.2667 45.8957 2.83086
      vertex 60.7259 44.787 2.51296
      vertex 60.4885 46.0006 2.86094
    endloop
  endfacet
  facet normal -3.09865e-05 -0.275638 0.961262
    outer loop
      vertex 60.7259 44.787 2.51296
      vertex 60.2667 45.8957 2.83086
      vertex 60.3841 44.6647 2.47788
    endloop
  endfacet
  facet normal 5.47398e-05 -0.27563 0.961264
    outer loop
      vertex 60.0357 45.813 2.80716
      vertex 60.3841 44.6647 2.47788
      vertex 60.2667 45.8957 2.83086
    endloop
  endfacet
  facet normal 4.3925e-06 -0.275644 0.96126
    outer loop
      vertex 60.0357 45.813 2.80716
      vertex 60.0318 44.5765 2.45259
      vertex 60.3841 44.6647 2.47788
    endloop
  endfacet
  facet normal 1.91889e-06 -0.275644 0.96126
    outer loop
      vertex 59.7977 45.7534 2.79007
      vertex 60.0318 44.5765 2.45259
      vertex 60.0357 45.813 2.80716
    endloop
  endfacet
  facet normal 1.02775e-05 -0.275643 0.96126
    outer loop
      vertex 59.7977 45.7534 2.79007
      vertex 59.6727 44.5232 2.43731
      vertex 60.0318 44.5765 2.45259
    endloop
  endfacet
  facet normal 1.20816e-05 -0.275643 0.96126
    outer loop
      vertex 59.555 45.7174 2.77975
      vertex 59.6727 44.5232 2.43731
      vertex 59.7977 45.7534 2.79007
    endloop
  endfacet
  facet normal -7.40648e-05 -0.275651 0.961258
    outer loop
      vertex 59.31 45.7054 2.77629
      vertex 59.6727 44.5232 2.43731
      vertex 59.555 45.7174 2.77975
    endloop
  endfacet
  facet normal -1.58974e-05 -0.275634 0.961263
    outer loop
      vertex 59.31 45.7054 2.77629
      vertex 59.31 44.5054 2.4322
      vertex 59.6727 44.5232 2.43731
    endloop
  endfacet
  facet normal 7.49393e-05 -0.275634 0.961263
    outer loop
      vertex 59.065 45.7174 2.77975
      vertex 59.31 44.5054 2.4322
      vertex 59.31 45.7054 2.77629
    endloop
  endfacet
  facet normal 1.53057e-05 -0.275645 0.961259
    outer loop
      vertex 59.065 45.7174 2.77975
      vertex 58.9473 44.5232 2.43731
      vertex 59.31 44.5054 2.4322
    endloop
  endfacet
  facet normal -1.20816e-05 -0.275643 0.96126
    outer loop
      vertex 58.8223 45.7534 2.79007
      vertex 58.9473 44.5232 2.43731
      vertex 59.065 45.7174 2.77975
    endloop
  endfacet
  facet normal -1.02775e-05 -0.275643 0.96126
    outer loop
      vertex 58.8223 45.7534 2.79007
      vertex 58.5882 44.5765 2.45259
      vertex 58.9473 44.5232 2.43731
    endloop
  endfacet
  facet normal -1.91889e-06 -0.275644 0.96126
    outer loop
      vertex 58.5843 45.813 2.80716
      vertex 58.5882 44.5765 2.45259
      vertex 58.8223 45.7534 2.79007
    endloop
  endfacet
  facet normal -5.47398e-05 -0.27563 0.961264
    outer loop
      vertex 58.2359 44.6647 2.47788
      vertex 58.5843 45.813 2.80716
      vertex 58.3533 45.8957 2.83086
    endloop
  endfacet
  facet normal -4.3925e-06 -0.275644 0.96126
    outer loop
      vertex 58.5843 45.813 2.80716
      vertex 58.2359 44.6647 2.47788
      vertex 58.5882 44.5765 2.45259
    endloop
  endfacet
  facet normal 6.49168e-06 -0.275628 0.961264
    outer loop
      vertex 57.8941 44.787 2.51296
      vertex 58.3533 45.8957 2.83086
      vertex 58.1315 46.0006 2.86094
    endloop
  endfacet
  facet normal 4.0559e-05 -0.275655 0.961257
    outer loop
      vertex 57.5658 44.9423 2.55748
      vertex 58.1315 46.0006 2.86094
      vertex 57.9211 46.1267 2.89711
    endloop
  endfacet
  facet normal 3.09865e-05 -0.275638 0.961262
    outer loop
      vertex 58.3533 45.8957 2.83086
      vertex 57.8941 44.787 2.51296
      vertex 58.2359 44.6647 2.47788
    endloop
  endfacet
  facet normal -8.38388e-05 -0.275607 0.96127
    outer loop
      vertex 57.2544 45.129 2.611
      vertex 57.9211 46.1267 2.89711
      vertex 57.724 46.2729 2.93901
    endloop
  endfacet
  facet normal -2.61067e-05 -0.275622 0.961266
    outer loop
      vertex 58.1315 46.0006 2.86094
      vertex 57.5658 44.9423 2.55748
      vertex 57.8941 44.787 2.51296
    endloop
  endfacet
  facet normal 8.80008e-05 -0.275672 0.961252
    outer loop
      vertex 56.9627 45.3452 2.67303
      vertex 57.724 46.2729 2.93901
      vertex 57.5422 46.4376 2.98626
    endloop
  endfacet
  facet normal -3.24929e-05 -0.275614 0.961268
    outer loop
      vertex 56.6937 45.5891 2.74295
      vertex 57.5422 46.4376 2.98626
      vertex 57.3775 46.6194 3.03838
    endloop
  endfacet
  facet normal -4.38112e-05 -0.275632 0.961263
    outer loop
      vertex 57.9211 46.1267 2.89711
      vertex 57.2544 45.129 2.611
      vertex 57.5658 44.9423 2.55748
    endloop
  endfacet
  facet normal -1.27327e-05 -0.275612 0.961269
    outer loop
      vertex 56.4499 45.8581 2.82009
      vertex 57.3775 46.6194 3.03838
      vertex 57.2313 46.8165 3.09489
    endloop
  endfacet
  facet normal 2.12859e-05 -0.275663 0.961254
    outer loop
      vertex 56.2336 46.1498 2.90372
      vertex 57.2313 46.8165 3.09489
      vertex 57.1052 47.0269 3.15523
    endloop
  endfacet
  facet normal 8.36811e-06 -0.275633 0.961263
    outer loop
      vertex 56.0469 46.4612 2.99303
      vertex 57.1052 47.0269 3.15523
      vertex 57.0003 47.2487 3.21883
    endloop
  endfacet
  facet normal 8.91338e-05 -0.275673 0.961252
    outer loop
      vertex 57.724 46.2729 2.93901
      vertex 56.9627 45.3452 2.67303
      vertex 57.2544 45.129 2.611
    endloop
  endfacet
  facet normal -1.72063e-05 -0.275612 0.961269
    outer loop
      vertex 55.8916 46.7895 3.08715
      vertex 57.0003 47.2487 3.21883
      vertex 56.9176 47.4797 3.28506
    endloop
  endfacet
  facet normal 1.1036e-05 -0.275615 0.961268
    outer loop
      vertex 55.7693 47.1313 3.18518
      vertex 56.9176 47.4797 3.28506
      vertex 56.858 47.7177 3.3533
    endloop
  endfacet
  facet normal 1.72696e-05 -0.275729 0.961236
    outer loop
      vertex 55.6811 47.4836 3.28617
      vertex 56.858 47.7177 3.3533
      vertex 56.822 47.9603 3.42289
    endloop
  endfacet
  facet normal -3.57586e-05 -0.275611 0.961269
    outer loop
      vertex 57.5422 46.4376 2.98626
      vertex 56.6937 45.5891 2.74295
      vertex 56.9627 45.3452 2.67303
    endloop
  endfacet
  facet normal -1.13447e-05 -0.275597 0.961273
    outer loop
      vertex 55.6278 47.8427 3.38916
      vertex 56.822 47.9603 3.42289
      vertex 56.81 48.2054 3.49316
    endloop
  endfacet
  facet normal 2.19653e-06 -0.275645 0.961259
    outer loop
      vertex 57.0003 49.1621 3.76749
      vertex 55.8916 49.6213 3.89917
      vertex 56.9176 48.9311 3.70125
    endloop
  endfacet
  facet normal 1.88675e-05 -0.275622 0.961266
    outer loop
      vertex 55.7693 49.2794 3.80114
      vertex 56.9176 48.9311 3.70125
      vertex 55.8916 49.6213 3.89917
    endloop
  endfacet
  facet normal 1.47394e-05 -0.275643 0.96126
    outer loop
      vertex 57.3775 46.6194 3.03838
      vertex 56.4499 45.8581 2.82009
      vertex 56.6937 45.5891 2.74295
    endloop
  endfacet
  facet normal 1.90518e-05 -0.275622 0.961266
    outer loop
      vertex 56.9176 48.9311 3.70125
      vertex 55.7693 49.2794 3.80114
      vertex 56.858 48.6931 3.63301
    endloop
  endfacet
  facet normal -1.804e-05 -0.275608 0.96127
    outer loop
      vertex 57.2313 46.8165 3.09489
      vertex 56.2336 46.1498 2.90372
      vertex 56.4499 45.8581 2.82009
    endloop
  endfacet
  facet normal -2.01904e-06 -0.275658 0.961256
    outer loop
      vertex 55.6811 48.9272 3.70014
      vertex 56.858 48.6931 3.63301
      vertex 55.7693 49.2794 3.80114
    endloop
  endfacet
  facet normal 3.00124e-05 -0.275671 0.961252
    outer loop
      vertex 57.1052 47.0269 3.15523
      vertex 56.0469 46.4612 2.99303
      vertex 56.2336 46.1498 2.90372
    endloop
  endfacet
  facet normal 4.6811e-06 -0.275627 0.961265
    outer loop
      vertex 56.858 48.6931 3.63301
      vertex 55.6811 48.9272 3.70014
      vertex 56.822 48.4504 3.56342
    endloop
  endfacet
  facet normal -2.34963e-05 -0.275598 0.961273
    outer loop
      vertex 57.0003 47.2487 3.21883
      vertex 55.8916 46.7895 3.08715
      vertex 56.0469 46.4612 2.99303
    endloop
  endfacet
  facet normal -2.09433e-05 -0.275683 0.961249
    outer loop
      vertex 55.6278 48.5681 3.59715
      vertex 56.822 48.4504 3.56342
      vertex 55.6811 48.9272 3.70014
    endloop
  endfacet
  facet normal 3.24056e-05 -0.27568 0.96125
    outer loop
      vertex 56.9176 47.4797 3.28506
      vertex 55.7693 47.1313 3.18518
      vertex 55.8916 46.7895 3.08715
    endloop
  endfacet
  facet normal -1.88071e-05 -0.275663 0.961254
    outer loop
      vertex 56.822 48.4504 3.56342
      vertex 55.6278 48.5681 3.59715
      vertex 56.81 48.2054 3.49316
    endloop
  endfacet
  facet normal -1.7977e-05 -0.275565 0.961282
    outer loop
      vertex 56.858 47.7177 3.3533
      vertex 55.6811 47.4836 3.28617
      vertex 55.7693 47.1313 3.18518
    endloop
  endfacet
  facet normal 0 -0.275607 0.961271
    outer loop
      vertex 55.61 48.2054 3.49316
      vertex 56.81 48.2054 3.49316
      vertex 55.6278 48.5681 3.59715
    endloop
  endfacet
  facet normal -1.80936e-06 -0.275686 0.961248
    outer loop
      vertex 56.822 47.9603 3.42289
      vertex 55.6278 47.8427 3.38916
      vertex 55.6811 47.4836 3.28617
    endloop
  endfacet
  facet normal 0 -0.275631 0.961263
    outer loop
      vertex 56.81 48.2054 3.49316
      vertex 55.61 48.2054 3.49316
      vertex 55.6278 47.8427 3.38916
    endloop
  endfacet
  facet normal 0.803168 0.595753 0
    outer loop
      vertex 75.2416 80.5001 2
      vertex 74.9785 80.8548 0
      vertex 74.9785 80.8548 2
    endloop
  endfacet
  facet normal 0.803168 0.595753 0
    outer loop
      vertex 74.9785 80.8548 0
      vertex 75.2416 80.5001 2
      vertex 75.2416 80.5001 0
    endloop
  endfacet
  facet normal 0.903913 -0.427717 0
    outer loop
      vertex 75.4686 2.37871 2
      vertex 75.6575 2.77792 0
      vertex 75.6575 2.77792 2
    endloop
  endfacet
  facet normal 0.903913 -0.427717 0
    outer loop
      vertex 75.6575 2.77792 0
      vertex 75.4686 2.37871 2
      vertex 75.4686 2.37871 0
    endloop
  endfacet
  facet normal 0.671488 0.741015 -0
    outer loop
      vertex 74.682 81.182 0
      vertex 74.3548 81.4785 2
      vertex 74.682 81.182 2
    endloop
  endfacet
  facet normal 0.671488 0.741015 0
    outer loop
      vertex 74.3548 81.4785 2
      vertex 74.682 81.182 0
      vertex 74.3548 81.4785 0
    endloop
  endfacet
  facet normal -0.941545 0.336887 0
    outer loop
      vertex 0.193768 79.3063 0
      vertex 0.342542 79.7221 2
      vertex 0.342542 79.7221 0
    endloop
  endfacet
  facet normal -0.941545 0.336887 0
    outer loop
      vertex 0.342542 79.7221 2
      vertex 0.193768 79.3063 0
      vertex 0.193768 79.3063 2
    endloop
  endfacet
  facet normal -0.242978 0.970032 0
    outer loop
      vertex 3.62209 82.4135 0
      vertex 3.19372 82.3062 2
      vertex 3.62209 82.4135 2
    endloop
  endfacet
  facet normal -0.242978 0.970032 0
    outer loop
      vertex 3.19372 82.3062 2
      vertex 3.62209 82.4135 0
      vertex 3.19372 82.3062 0
    endloop
  endfacet
  facet normal -0.970035 0.242967 0
    outer loop
      vertex 0.0864658 78.8779 0
      vertex 0.193768 79.3063 2
      vertex 0.193768 79.3063 0
    endloop
  endfacet
  facet normal -0.970035 0.242967 0
    outer loop
      vertex 0.193768 79.3063 2
      vertex 0.0864658 78.8779 0
      vertex 0.0864658 78.8779 2
    endloop
  endfacet
  facet normal 0.803168 -0.595753 0
    outer loop
      vertex 74.9785 1.64523 2
      vertex 75.2416 1.99993 0
      vertex 75.2416 1.99993 2
    endloop
  endfacet
  facet normal 0.803168 -0.595753 0
    outer loop
      vertex 75.2416 1.99993 0
      vertex 74.9785 1.64523 2
      vertex 74.9785 1.64523 0
    endloop
  endfacet
  facet normal 0.242962 0.970036 -0
    outer loop
      vertex 72.8063 82.3062 0
      vertex 72.3779 82.4135 2
      vertex 72.8063 82.3062 2
    endloop
  endfacet
  facet normal 0.242962 0.970036 0
    outer loop
      vertex 72.3779 82.4135 2
      vertex 72.8063 82.3062 0
      vertex 72.3779 82.4135 0
    endloop
  endfacet
  facet normal 0.970036 0.242962 0
    outer loop
      vertex 75.9135 78.8779 2
      vertex 75.8062 79.3063 0
      vertex 75.8062 79.3063 2
    endloop
  endfacet
  facet normal 0.970036 0.242962 0
    outer loop
      vertex 75.8062 79.3063 0
      vertex 75.9135 78.8779 2
      vertex 75.9135 78.8779 0
    endloop
  endfacet
  facet normal -0.514104 -0.857728 0
    outer loop
      vertex 1.99993 0.758387 0
      vertex 2.37871 0.531354 2
      vertex 1.99993 0.758387 2
    endloop
  endfacet
  facet normal -0.514104 -0.857728 -0
    outer loop
      vertex 2.37871 0.531354 2
      vertex 1.99993 0.758387 0
      vertex 2.37871 0.531354 0
    endloop
  endfacet
  facet normal 0.941598 -0.336738 0
    outer loop
      vertex 75.6575 2.77792 2
      vertex 75.8062 3.19372 0
      vertex 75.8062 3.19372 2
    endloop
  endfacet
  facet normal 0.941598 -0.336738 0
    outer loop
      vertex 75.8062 3.19372 0
      vertex 75.6575 2.77792 2
      vertex 75.6575 2.77792 0
    endloop
  endfacet
  facet normal 0.427726 0.903908 -0
    outer loop
      vertex 73.6213 81.9686 0
      vertex 73.2221 82.1575 2
      vertex 73.6213 81.9686 2
    endloop
  endfacet
  facet normal 0.427726 0.903908 0
    outer loop
      vertex 73.2221 82.1575 2
      vertex 73.6213 81.9686 0
      vertex 73.2221 82.1575 0
    endloop
  endfacet
  facet normal -0.427555 -0.90399 0
    outer loop
      vertex 2.37871 0.531354 0
      vertex 2.77792 0.342542 2
      vertex 2.37871 0.531354 2
    endloop
  endfacet
  facet normal -0.427555 -0.90399 -0
    outer loop
      vertex 2.77792 0.342542 2
      vertex 2.37871 0.531354 0
      vertex 2.77792 0.342542 0
    endloop
  endfacet
  facet normal -0.90399 -0.427555 0
    outer loop
      vertex 0.531354 2.37871 0
      vertex 0.342542 2.77792 2
      vertex 0.342542 2.77792 0
    endloop
  endfacet
  facet normal -0.90399 -0.427555 0
    outer loop
      vertex 0.342542 2.77792 2
      vertex 0.531354 2.37871 0
      vertex 0.531354 2.37871 2
    endloop
  endfacet
  facet normal 1 -0 0
    outer loop
      vertex 76 4.5 2
      vertex 76 78 0
      vertex 76 78 2
    endloop
  endfacet
  facet normal 1 0 0
    outer loop
      vertex 76 78 0
      vertex 76 4.5 2
      vertex 76 4.5 0
    endloop
  endfacet
  facet normal -0.998796 -0.0490666 0
    outer loop
      vertex 0.0216684 4.05892 0
      vertex 0 4.5 2
      vertex 0 4.5 0
    endloop
  endfacet
  facet normal -0.998796 -0.0490666 0
    outer loop
      vertex 0 4.5 2
      vertex 0.0216684 4.05892 0
      vertex 0.0216684 4.05892 2
    endloop
  endfacet
  facet normal -0.595753 0.803168 0
    outer loop
      vertex 1.99993 81.7416 0
      vertex 1.64523 81.4785 2
      vertex 1.99993 81.7416 2
    endloop
  endfacet
  facet normal -0.595753 0.803168 0
    outer loop
      vertex 1.64523 81.4785 2
      vertex 1.99993 81.7416 0
      vertex 1.64523 81.4785 0
    endloop
  endfacet
  facet normal 0.427563 -0.903985 0
    outer loop
      vertex 73.2221 0.342542 0
      vertex 73.6213 0.531354 2
      vertex 73.2221 0.342542 2
    endloop
  endfacet
  facet normal 0.427563 -0.903985 0
    outer loop
      vertex 73.6213 0.531354 2
      vertex 73.2221 0.342542 0
      vertex 73.6213 0.531354 0
    endloop
  endfacet
  facet normal 0.857773 0.514029 0
    outer loop
      vertex 75.4686 80.1213 2
      vertex 75.2416 80.5001 0
      vertex 75.2416 80.5001 2
    endloop
  endfacet
  facet normal 0.857773 0.514029 0
    outer loop
      vertex 75.2416 80.5001 0
      vertex 75.4686 80.1213 2
      vertex 75.4686 80.1213 0
    endloop
  endfacet
  facet normal 0 1 0
    outer loop
      vertex 71.5 82.5 2
      vertex 44 82.5 1.3
      vertex 4.5 82.5 2
    endloop
  endfacet
  facet normal 0 1 -0
    outer loop
      vertex 71.5 82.5 0
      vertex 44 82.5 1.3
      vertex 71.5 82.5 2
    endloop
  endfacet
  facet normal 0 1 0
    outer loop
      vertex 44 82.5 1.3
      vertex 71.5 82.5 0
      vertex 44 82.5 0
    endloop
  endfacet
  facet normal 0 1 -0
    outer loop
      vertex 32 82.5 1.3
      vertex 4.5 82.5 2
      vertex 44 82.5 1.3
    endloop
  endfacet
  facet normal 0 1 0
    outer loop
      vertex 4.5 82.5 0
      vertex 32 82.5 1.3
      vertex 32 82.5 0
    endloop
  endfacet
  facet normal 0 1 0
    outer loop
      vertex 32 82.5 1.3
      vertex 4.5 82.5 0
      vertex 4.5 82.5 2
    endloop
  endfacet
  facet normal -0.336738 0.941598 0
    outer loop
      vertex 3.19372 82.3062 0
      vertex 2.77792 82.1575 2
      vertex 3.19372 82.3062 2
    endloop
  endfacet
  facet normal -0.336738 0.941598 0
    outer loop
      vertex 2.77792 82.1575 2
      vertex 3.19372 82.3062 0
      vertex 2.77792 82.1575 0
    endloop
  endfacet
  facet normal -0.671564 -0.740946 0
    outer loop
      vertex 1.31802 1.31802 0
      vertex 1.64523 1.02145 2
      vertex 1.31802 1.31802 2
    endloop
  endfacet
  facet normal -0.671564 -0.740946 -0
    outer loop
      vertex 1.64523 1.02145 2
      vertex 1.31802 1.31802 0
      vertex 1.64523 1.02145 0
    endloop
  endfacet
  facet normal 0.741015 0.671488 0
    outer loop
      vertex 74.9785 80.8548 2
      vertex 74.682 81.182 0
      vertex 74.682 81.182 2
    endloop
  endfacet
  facet normal 0.741015 0.671488 0
    outer loop
      vertex 74.682 81.182 0
      vertex 74.9785 80.8548 2
      vertex 74.9785 80.8548 0
    endloop
  endfacet
  facet normal -1 0 0
    outer loop
      vertex 0 4.5 0
      vertex 0 78 2
      vertex 0 78 0
    endloop
  endfacet
  facet normal -1 -0 0
    outer loop
      vertex 0 78 2
      vertex 0 4.5 0
      vertex 0 4.5 2
    endloop
  endfacet
  facet normal 0.903908 0.427726 0
    outer loop
      vertex 75.6575 79.7221 2
      vertex 75.4686 80.1213 0
      vertex 75.4686 80.1213 2
    endloop
  endfacet
  facet normal 0.903908 0.427726 0
    outer loop
      vertex 75.4686 80.1213 0
      vertex 75.6575 79.7221 2
      vertex 75.6575 79.7221 0
    endloop
  endfacet
  facet normal -0.803208 -0.595699 0
    outer loop
      vertex 1.02145 1.64523 0
      vertex 0.758387 1.99993 2
      vertex 0.758387 1.99993 0
    endloop
  endfacet
  facet normal -0.803208 -0.595699 0
    outer loop
      vertex 0.758387 1.99993 2
      vertex 1.02145 1.64523 0
      vertex 1.02145 1.64523 2
    endloop
  endfacet
  facet normal 0.146746 0.989174 -0
    outer loop
      vertex 72.3779 82.4135 0
      vertex 71.9411 82.4783 2
      vertex 72.3779 82.4135 2
    endloop
  endfacet
  facet normal 0.146746 0.989174 0
    outer loop
      vertex 71.9411 82.4783 2
      vertex 72.3779 82.4135 0
      vertex 71.9411 82.4783 0
    endloop
  endfacet
  facet normal 0 -1 0
    outer loop
      vertex 4.5 0 0
      vertex 71.5 0 2
      vertex 4.5 0 2
    endloop
  endfacet
  facet normal 0 -1 -0
    outer loop
      vertex 71.5 0 2
      vertex 4.5 0 0
      vertex 71.5 0 0
    endloop
  endfacet
  facet normal 0.998792 0.0491358 0
    outer loop
      vertex 76 78 2
      vertex 75.9783 78.4411 0
      vertex 75.9783 78.4411 2
    endloop
  endfacet
  facet normal 0.998792 0.0491358 0
    outer loop
      vertex 75.9783 78.4411 0
      vertex 76 78 2
      vertex 76 78 0
    endloop
  endfacet
  facet normal 0.595753 0.803168 -0
    outer loop
      vertex 74.3548 81.4785 0
      vertex 74.0001 81.7416 2
      vertex 74.3548 81.4785 2
    endloop
  endfacet
  facet normal 0.595753 0.803168 0
    outer loop
      vertex 74.0001 81.7416 2
      vertex 74.3548 81.4785 0
      vertex 74.0001 81.7416 0
    endloop
  endfacet
  facet normal 0.0491358 0.998792 -0
    outer loop
      vertex 71.9411 82.4783 0
      vertex 71.5 82.5 2
      vertex 71.9411 82.4783 2
    endloop
  endfacet
  facet normal 0.0491358 0.998792 0
    outer loop
      vertex 71.5 82.5 2
      vertex 71.9411 82.4783 0
      vertex 71.5 82.5 0
    endloop
  endfacet
  facet normal -0.857728 -0.514104 0
    outer loop
      vertex 0.758387 1.99993 0
      vertex 0.531354 2.37871 2
      vertex 0.531354 2.37871 0
    endloop
  endfacet
  facet normal -0.857728 -0.514104 0
    outer loop
      vertex 0.531354 2.37871 2
      vertex 0.758387 1.99993 0
      vertex 0.758387 1.99993 2
    endloop
  endfacet
  facet normal -0.740936 0.671575 0
    outer loop
      vertex 1.02145 80.8548 0
      vertex 1.31802 81.182 2
      vertex 1.31802 81.182 0
    endloop
  endfacet
  facet normal -0.740936 0.671575 0
    outer loop
      vertex 1.31802 81.182 2
      vertex 1.02145 80.8548 0
      vertex 1.02145 80.8548 2
    endloop
  endfacet
  facet normal -0.336887 -0.941545 0
    outer loop
      vertex 2.77792 0.342542 0
      vertex 3.19372 0.193768 2
      vertex 2.77792 0.342542 2
    endloop
  endfacet
  facet normal -0.336887 -0.941545 -0
    outer loop
      vertex 3.19372 0.193768 2
      vertex 2.77792 0.342542 0
      vertex 3.19372 0.193768 0
    endloop
  endfacet
  facet normal -0.0490666 -0.998796 0
    outer loop
      vertex 4.05892 0.0216684 0
      vertex 4.5 0 2
      vertex 4.05892 0.0216684 2
    endloop
  endfacet
  facet normal -0.0490666 -0.998796 -0
    outer loop
      vertex 4.5 0 2
      vertex 4.05892 0.0216684 0
      vertex 4.5 0 0
    endloop
  endfacet
  facet normal -0.803208 0.595699 0
    outer loop
      vertex 0.758387 80.5001 0
      vertex 1.02145 80.8548 2
      vertex 1.02145 80.8548 0
    endloop
  endfacet
  facet normal -0.803208 0.595699 0
    outer loop
      vertex 1.02145 80.8548 2
      vertex 0.758387 80.5001 0
      vertex 0.758387 80.5001 2
    endloop
  endfacet
  facet normal 0.741025 -0.671477 0
    outer loop
      vertex 74.682 1.31802 2
      vertex 74.9785 1.64523 0
      vertex 74.9785 1.64523 2
    endloop
  endfacet
  facet normal 0.741025 -0.671477 0
    outer loop
      vertex 74.9785 1.64523 0
      vertex 74.682 1.31802 2
      vertex 74.682 1.31802 0
    endloop
  endfacet
  facet normal -0.903985 0.427563 0
    outer loop
      vertex 0.342542 79.7221 0
      vertex 0.531354 80.1213 2
      vertex 0.531354 80.1213 0
    endloop
  endfacet
  facet normal -0.903985 0.427563 0
    outer loop
      vertex 0.531354 80.1213 2
      vertex 0.342542 79.7221 0
      vertex 0.342542 79.7221 2
    endloop
  endfacet
  facet normal -0.998796 0.0490644 0
    outer loop
      vertex 0 78 0
      vertex 0.0216684 78.4411 2
      vertex 0.0216684 78.4411 0
    endloop
  endfacet
  facet normal -0.998796 0.0490644 0
    outer loop
      vertex 0.0216684 78.4411 2
      vertex 0 78 0
      vertex 0 78 2
    endloop
  endfacet
  facet normal -0.049138 0.998792 0
    outer loop
      vertex 4.5 82.5 0
      vertex 4.05892 82.4783 2
      vertex 4.5 82.5 2
    endloop
  endfacet
  facet normal -0.049138 0.998792 0
    outer loop
      vertex 4.05892 82.4783 2
      vertex 4.5 82.5 0
      vertex 4.05892 82.4783 0
    endloop
  endfacet
  facet normal 0.941598 0.336738 0
    outer loop
      vertex 75.8062 79.3063 2
      vertex 75.6575 79.7221 0
      vertex 75.6575 79.7221 2
    endloop
  endfacet
  facet normal 0.941598 0.336738 0
    outer loop
      vertex 75.6575 79.7221 0
      vertex 75.8062 79.3063 2
      vertex 75.8062 79.3063 0
    endloop
  endfacet
  facet normal 0.671575 -0.740936 0
    outer loop
      vertex 74.3548 1.02145 0
      vertex 74.682 1.31802 2
      vertex 74.3548 1.02145 2
    endloop
  endfacet
  facet normal 0.671575 -0.740936 0
    outer loop
      vertex 74.682 1.31802 2
      vertex 74.3548 1.02145 0
      vertex 74.682 1.31802 0
    endloop
  endfacet
  facet normal -0.242983 -0.970031 0
    outer loop
      vertex 3.19372 0.193768 0
      vertex 3.62209 0.0864658 2
      vertex 3.19372 0.193768 2
    endloop
  endfacet
  facet normal -0.242983 -0.970031 -0
    outer loop
      vertex 3.62209 0.0864658 2
      vertex 3.19372 0.193768 0
      vertex 3.62209 0.0864658 0
    endloop
  endfacet
  facet normal 0.998792 -0.049138 0
    outer loop
      vertex 75.9783 4.05892 2
      vertex 76 4.5 0
      vertex 76 4.5 2
    endloop
  endfacet
  facet normal 0.998792 -0.049138 0
    outer loop
      vertex 76 4.5 0
      vertex 75.9783 4.05892 2
      vertex 75.9783 4.05892 0
    endloop
  endfacet
  facet normal -0.85774 0.514084 0
    outer loop
      vertex 0.531354 80.1213 0
      vertex 0.758387 80.5001 2
      vertex 0.758387 80.5001 0
    endloop
  endfacet
  facet normal -0.85774 0.514084 0
    outer loop
      vertex 0.758387 80.5001 2
      vertex 0.531354 80.1213 0
      vertex 0.531354 80.1213 2
    endloop
  endfacet
  facet normal 0 0 -1
    outer loop
      vertex 59.7234 13.5876 0
      vertex 16.2766 13.5876 0
      vertex 60.0539 14.139 0
    endloop
  endfacet
  facet normal 0 0 -1
    outer loop
      vertex 60.8685 67.3685 0
      vertex 17.0185 71.358 0
      vertex 17.05 72 0
    endloop
  endfacet
  facet normal 0 0 -1
    outer loop
      vertex 15.9461 14.139 0
      vertex 60.0539 14.139 0
      vertex 16.2766 13.5876 0
    endloop
  endfacet
  facet normal 0 0 -1
    outer loop
      vertex 60.8685 67.3685 0
      vertex 16.9241 70.7222 0
      vertex 17.0185 71.358 0
    endloop
  endfacet
  facet normal 0 0 -1
    outer loop
      vertex 60.0539 14.139 0
      vertex 15.9461 14.139 0
      vertex 60.4368 14.6553 0
    endloop
  endfacet
  facet normal 0 0 -1
    outer loop
      vertex 60.8685 67.3685 0
      vertex 16.768 70.0986 0
      vertex 16.9241 70.7222 0
    endloop
  endfacet
  facet normal 0 0 -1
    outer loop
      vertex 15.5632 14.6553 0
      vertex 60.4368 14.6553 0
      vertex 15.9461 14.139 0
    endloop
  endfacet
  facet normal 0 0 -1
    outer loop
      vertex 60.8685 67.3685 0
      vertex 16.5514 69.4934 0
      vertex 16.768 70.0986 0
    endloop
  endfacet
  facet normal 0 0 -1
    outer loop
      vertex 60.4368 14.6553 0
      vertex 15.5632 14.6553 0
      vertex 60.8685 15.1315 0
    endloop
  endfacet
  facet normal 0 0 -1
    outer loop
      vertex 60.8685 67.3685 0
      vertex 16.2766 68.9124 0
      vertex 16.5514 69.4934 0
    endloop
  endfacet
  facet normal 0 0 -1
    outer loop
      vertex 15.1315 15.1315 0
      vertex 60.8685 15.1315 0
      vertex 15.5632 14.6553 0
    endloop
  endfacet
  facet normal 0 0 -1
    outer loop
      vertex 60.8685 67.3685 0
      vertex 15.9461 68.361 0
      vertex 16.2766 68.9124 0
    endloop
  endfacet
  facet normal 0 0 -1
    outer loop
      vertex 60.8685 15.1315 0
      vertex 15.1315 15.1315 0
      vertex 60.8685 67.3685 0
    endloop
  endfacet
  facet normal 0 0 -1
    outer loop
      vertex 60.8685 67.3685 0
      vertex 15.5632 67.8447 0
      vertex 15.9461 68.361 0
    endloop
  endfacet
  facet normal 0 0 -1
    outer loop
      vertex 15.1315 67.3685 0
      vertex 60.8685 67.3685 0
      vertex 15.1315 15.1315 0
    endloop
  endfacet
  facet normal 0 0 -1
    outer loop
      vertex 60.8685 67.3685 0
      vertex 15.1315 67.3685 0
      vertex 15.5632 67.8447 0
    endloop
  endfacet
  facet normal 0 0 -1
    outer loop
      vertex 14.6553 15.5632 0
      vertex 15.1315 67.3685 0
      vertex 15.1315 15.1315 0
    endloop
  endfacet
  facet normal 0 0 -1
    outer loop
      vertex 14.6553 15.5632 0
      vertex 14.6553 66.9368 0
      vertex 15.1315 67.3685 0
    endloop
  endfacet
  facet normal 0 0 -1
    outer loop
      vertex 14.139 15.9461 0
      vertex 14.6553 66.9368 0
      vertex 14.6553 15.5632 0
    endloop
  endfacet
  facet normal 0 0 -1
    outer loop
      vertex 14.139 15.9461 0
      vertex 14.139 66.5539 0
      vertex 14.6553 66.9368 0
    endloop
  endfacet
  facet normal 0 0 -1
    outer loop
      vertex 13.5876 16.2766 0
      vertex 14.139 66.5539 0
      vertex 14.139 15.9461 0
    endloop
  endfacet
  facet normal 0 0 -1
    outer loop
      vertex 13.5876 16.2766 0
      vertex 13.5876 66.2234 0
      vertex 14.139 66.5539 0
    endloop
  endfacet
  facet normal 0 0 -1
    outer loop
      vertex 13.0066 16.5514 0
      vertex 13.5876 66.2234 0
      vertex 13.5876 16.2766 0
    endloop
  endfacet
  facet normal 0 0 -1
    outer loop
      vertex 13.0066 16.5514 0
      vertex 13.0066 65.9486 0
      vertex 13.5876 66.2234 0
    endloop
  endfacet
  facet normal 0 0 -1
    outer loop
      vertex 12.4014 16.768 0
      vertex 13.0066 65.9486 0
      vertex 13.0066 16.5514 0
    endloop
  endfacet
  facet normal 0 0 -1
    outer loop
      vertex 12.4014 16.768 0
      vertex 12.4014 65.732 0
      vertex 13.0066 65.9486 0
    endloop
  endfacet
  facet normal 0 0 -1
    outer loop
      vertex 11.7778 16.9241 0
      vertex 12.4014 65.732 0
      vertex 12.4014 16.768 0
    endloop
  endfacet
  facet normal 0 0 -1
    outer loop
      vertex 11.7778 16.9241 0
      vertex 11.7778 65.5759 0
      vertex 12.4014 65.732 0
    endloop
  endfacet
  facet normal 0 0 -1
    outer loop
      vertex 11.142 17.0185 0
      vertex 11.7778 65.5759 0
      vertex 11.7778 16.9241 0
    endloop
  endfacet
  facet normal 0 0 -1
    outer loop
      vertex 11.142 17.0185 0
      vertex 11.142 65.4815 0
      vertex 11.7778 65.5759 0
    endloop
  endfacet
  facet normal 0 0 -1
    outer loop
      vertex 10.5 17.05 0
      vertex 11.142 65.4815 0
      vertex 11.142 17.0185 0
    endloop
  endfacet
  facet normal 0 0 -1
    outer loop
      vertex 10.5 17.05 0
      vertex 10.5 65.45 0
      vertex 11.142 65.4815 0
    endloop
  endfacet
  facet normal 0 0 -1
    outer loop
      vertex 9.85799 17.0185 0
      vertex 10.5 65.45 0
      vertex 10.5 17.05 0
    endloop
  endfacet
  facet normal 0 0 -1
    outer loop
      vertex 9.85799 17.0185 0
      vertex 9.85799 65.4815 0
      vertex 10.5 65.45 0
    endloop
  endfacet
  facet normal 0 0 -1
    outer loop
      vertex 9.22216 16.9241 0
      vertex 9.85799 65.4815 0
      vertex 9.85799 17.0185 0
    endloop
  endfacet
  facet normal 0 0 -1
    outer loop
      vertex 9.22216 16.9241 0
      vertex 9.22216 65.5759 0
      vertex 9.85799 65.4815 0
    endloop
  endfacet
  facet normal 0 0 -1
    outer loop
      vertex 8.59863 16.768 0
      vertex 9.22216 65.5759 0
      vertex 9.22216 16.9241 0
    endloop
  endfacet
  facet normal 0 0 -1
    outer loop
      vertex 8.59863 16.768 0
      vertex 8.59863 65.732 0
      vertex 9.22216 65.5759 0
    endloop
  endfacet
  facet normal 0 0 -1
    outer loop
      vertex 7.99342 16.5514 0
      vertex 8.59863 65.732 0
      vertex 8.59863 16.768 0
    endloop
  endfacet
  facet normal 0 0 -1
    outer loop
      vertex 7.99342 16.5514 0
      vertex 7.99342 65.9486 0
      vertex 8.59863 65.732 0
    endloop
  endfacet
  facet normal 0 0 -1
    outer loop
      vertex 7.41235 16.2766 0
      vertex 7.99342 65.9486 0
      vertex 7.99342 16.5514 0
    endloop
  endfacet
  facet normal 0 0 -1
    outer loop
      vertex 7.41235 16.2766 0
      vertex 7.41235 66.2234 0
      vertex 7.99342 65.9486 0
    endloop
  endfacet
  facet normal 0 0 -1
    outer loop
      vertex 6.86101 15.9461 0
      vertex 7.41235 66.2234 0
      vertex 7.41235 16.2766 0
    endloop
  endfacet
  facet normal 0 0 -1
    outer loop
      vertex 6.86101 15.9461 0
      vertex 6.86101 66.5539 0
      vertex 7.41235 66.2234 0
    endloop
  endfacet
  facet normal 0 0 -1
    outer loop
      vertex 6.34472 15.5632 0
      vertex 6.86101 66.5539 0
      vertex 6.86101 15.9461 0
    endloop
  endfacet
  facet normal 0 0 -1
    outer loop
      vertex 6.34472 15.5632 0
      vertex 6.34472 66.9368 0
      vertex 6.86101 66.5539 0
    endloop
  endfacet
  facet normal 0 0 -1
    outer loop
      vertex 5.86845 15.1315 0
      vertex 6.34472 66.9368 0
      vertex 6.34472 15.5632 0
    endloop
  endfacet
  facet normal 0 0 -1
    outer loop
      vertex 5.86845 15.1315 0
      vertex 5.86845 67.3685 0
      vertex 6.34472 66.9368 0
    endloop
  endfacet
  facet normal 0 0 -1
    outer loop
      vertex 5.43678 14.6553 0
      vertex 5.86845 67.3685 0
      vertex 5.86845 15.1315 0
    endloop
  endfacet
  facet normal 0 0 -1
    outer loop
      vertex 5.43678 14.6553 0
      vertex 5.43678 67.8447 0
      vertex 5.86845 67.3685 0
    endloop
  endfacet
  facet normal 0 0 -1
    outer loop
      vertex 5.05387 14.139 0
      vertex 5.43678 67.8447 0
      vertex 5.43678 14.6553 0
    endloop
  endfacet
  facet normal 0 0 -1
    outer loop
      vertex 5.05387 14.139 0
      vertex 5.05387 68.361 0
      vertex 5.43678 67.8447 0
    endloop
  endfacet
  facet normal 0 0 -1
    outer loop
      vertex 4.72342 13.5876 0
      vertex 5.05387 68.361 0
      vertex 5.05387 14.139 0
    endloop
  endfacet
  facet normal 0 0 -1
    outer loop
      vertex 4.72342 13.5876 0
      vertex 4.72342 68.9124 0
      vertex 5.05387 68.361 0
    endloop
  endfacet
  facet normal 0 0 -1
    outer loop
      vertex 4.44859 13.0066 0
      vertex 4.72342 68.9124 0
      vertex 4.72342 13.5876 0
    endloop
  endfacet
  facet normal 0 0 -1
    outer loop
      vertex 4.44859 13.0066 0
      vertex 4.44859 69.4934 0
      vertex 4.72342 68.9124 0
    endloop
  endfacet
  facet normal 0 0 -1
    outer loop
      vertex 0 4.5 0
      vertex 4.44859 13.0066 0
      vertex 4.23204 12.4014 0
    endloop
  endfacet
  facet normal -0 0 -1
    outer loop
      vertex 4.44859 13.0066 0
      vertex 0 4.5 0
      vertex 4.44859 69.4934 0
    endloop
  endfacet
  facet normal 0 0 -1
    outer loop
      vertex 0 4.5 0
      vertex 4.23204 12.4014 0
      vertex 4.07586 11.7778 0
    endloop
  endfacet
  facet normal 0 0 -1
    outer loop
      vertex 0 78 0
      vertex 4.44859 69.4934 0
      vertex 0 4.5 0
    endloop
  endfacet
  facet normal 0 0 -1
    outer loop
      vertex 0 4.5 0
      vertex 4.07586 11.7778 0
      vertex 3.98154 11.142 0
    endloop
  endfacet
  facet normal 0 0 -1
    outer loop
      vertex 4.44859 69.4934 0
      vertex 0 78 0
      vertex 4.23204 70.0986 0
    endloop
  endfacet
  facet normal 0 0 -1
    outer loop
      vertex 0 4.5 0
      vertex 3.98154 11.142 0
      vertex 3.95 10.5 0
    endloop
  endfacet
  facet normal 0 0 -1
    outer loop
      vertex 4.23204 70.0986 0
      vertex 0 78 0
      vertex 4.07586 70.7222 0
    endloop
  endfacet
  facet normal 0 0 -1
    outer loop
      vertex 71.768 12.4014 0
      vertex 76 4.5 0
      vertex 71.9241 11.7778 0
    endloop
  endfacet
  facet normal 0 0 -1
    outer loop
      vertex 76 78 0
      vertex 72.0185 71.358 0
      vertex 72.05 72 0
    endloop
  endfacet
  facet normal 0 0 -1
    outer loop
      vertex 71.5514 13.0066 0
      vertex 76 4.5 0
      vertex 71.768 12.4014 0
    endloop
  endfacet
  facet normal 0 0 -1
    outer loop
      vertex 76 78 0
      vertex 71.9241 70.7222 0
      vertex 72.0185 71.358 0
    endloop
  endfacet
  facet normal 0 0 -1
    outer loop
      vertex 76 4.5 0
      vertex 71.5514 13.0066 0
      vertex 76 78 0
    endloop
  endfacet
  facet normal 0 0 -1
    outer loop
      vertex 76 78 0
      vertex 71.768 70.0986 0
      vertex 71.9241 70.7222 0
    endloop
  endfacet
  facet normal 0 0 -1
    outer loop
      vertex 71.5514 69.4934 0
      vertex 76 78 0
      vertex 71.5514 13.0066 0
    endloop
  endfacet
  facet normal 0 0 -1
    outer loop
      vertex 76 78 0
      vertex 71.5514 69.4934 0
      vertex 71.768 70.0986 0
    endloop
  endfacet
  facet normal 0 0 -1
    outer loop
      vertex 71.2766 13.5876 0
      vertex 71.5514 69.4934 0
      vertex 71.5514 13.0066 0
    endloop
  endfacet
  facet normal 0 0 -1
    outer loop
      vertex 71.2766 13.5876 0
      vertex 71.2766 68.9124 0
      vertex 71.5514 69.4934 0
    endloop
  endfacet
  facet normal 0 0 -1
    outer loop
      vertex 70.9461 14.139 0
      vertex 71.2766 68.9124 0
      vertex 71.2766 13.5876 0
    endloop
  endfacet
  facet normal 0 0 -1
    outer loop
      vertex 70.9461 14.139 0
      vertex 70.9461 68.361 0
      vertex 71.2766 68.9124 0
    endloop
  endfacet
  facet normal 0 0 -1
    outer loop
      vertex 70.5632 14.6553 0
      vertex 70.9461 68.361 0
      vertex 70.9461 14.139 0
    endloop
  endfacet
  facet normal 0 0 -1
    outer loop
      vertex 70.5632 14.6553 0
      vertex 70.5632 67.8447 0
      vertex 70.9461 68.361 0
    endloop
  endfacet
  facet normal 0 0 -1
    outer loop
      vertex 70.1315 15.1315 0
      vertex 70.5632 67.8447 0
      vertex 70.5632 14.6553 0
    endloop
  endfacet
  facet normal 0 0 -1
    outer loop
      vertex 70.1315 15.1315 0
      vertex 70.1315 67.3685 0
      vertex 70.5632 67.8447 0
    endloop
  endfacet
  facet normal 0 0 -1
    outer loop
      vertex 69.6553 15.5632 0
      vertex 70.1315 67.3685 0
      vertex 70.1315 15.1315 0
    endloop
  endfacet
  facet normal 0 0 -1
    outer loop
      vertex 69.6553 15.5632 0
      vertex 69.6553 66.9368 0
      vertex 70.1315 67.3685 0
    endloop
  endfacet
  facet normal 0 0 -1
    outer loop
      vertex 69.139 15.9461 0
      vertex 69.6553 66.9368 0
      vertex 69.6553 15.5632 0
    endloop
  endfacet
  facet normal 0 0 -1
    outer loop
      vertex 69.139 15.9461 0
      vertex 69.139 66.5539 0
      vertex 69.6553 66.9368 0
    endloop
  endfacet
  facet normal 0 0 -1
    outer loop
      vertex 68.5876 16.2766 0
      vertex 69.139 66.5539 0
      vertex 69.139 15.9461 0
    endloop
  endfacet
  facet normal 0 0 -1
    outer loop
      vertex 68.5876 16.2766 0
      vertex 68.5876 66.2234 0
      vertex 69.139 66.5539 0
    endloop
  endfacet
  facet normal 0 0 -1
    outer loop
      vertex 68.0066 16.5514 0
      vertex 68.5876 66.2234 0
      vertex 68.5876 16.2766 0
    endloop
  endfacet
  facet normal 0 0 -1
    outer loop
      vertex 68.0066 16.5514 0
      vertex 68.0066 65.9486 0
      vertex 68.5876 66.2234 0
    endloop
  endfacet
  facet normal 0 0 -1
    outer loop
      vertex 67.4014 16.768 0
      vertex 68.0066 65.9486 0
      vertex 68.0066 16.5514 0
    endloop
  endfacet
  facet normal 0 0 -1
    outer loop
      vertex 67.4014 16.768 0
      vertex 67.4014 65.732 0
      vertex 68.0066 65.9486 0
    endloop
  endfacet
  facet normal 0 0 -1
    outer loop
      vertex 66.7778 16.9241 0
      vertex 67.4014 65.732 0
      vertex 67.4014 16.768 0
    endloop
  endfacet
  facet normal 0 0 -1
    outer loop
      vertex 66.7778 16.9241 0
      vertex 66.7778 65.5759 0
      vertex 67.4014 65.732 0
    endloop
  endfacet
  facet normal 0 0 -1
    outer loop
      vertex 66.142 17.0185 0
      vertex 66.7778 65.5759 0
      vertex 66.7778 16.9241 0
    endloop
  endfacet
  facet normal 0 0 -1
    outer loop
      vertex 66.142 17.0185 0
      vertex 66.142 65.4815 0
      vertex 66.7778 65.5759 0
    endloop
  endfacet
  facet normal 0 0 -1
    outer loop
      vertex 65.5 17.05 0
      vertex 66.142 65.4815 0
      vertex 66.142 17.0185 0
    endloop
  endfacet
  facet normal 0 0 -1
    outer loop
      vertex 65.5 17.05 0
      vertex 65.5 65.45 0
      vertex 66.142 65.4815 0
    endloop
  endfacet
  facet normal 0 0 -1
    outer loop
      vertex 64.858 17.0185 0
      vertex 65.5 65.45 0
      vertex 65.5 17.05 0
    endloop
  endfacet
  facet normal 0 0 -1
    outer loop
      vertex 64.858 17.0185 0
      vertex 64.858 65.4815 0
      vertex 65.5 65.45 0
    endloop
  endfacet
  facet normal 0 0 -1
    outer loop
      vertex 64.2222 16.9241 0
      vertex 64.858 65.4815 0
      vertex 64.858 17.0185 0
    endloop
  endfacet
  facet normal 0 0 -1
    outer loop
      vertex 64.2222 16.9241 0
      vertex 64.2222 65.5759 0
      vertex 64.858 65.4815 0
    endloop
  endfacet
  facet normal 0 0 -1
    outer loop
      vertex 63.5986 16.768 0
      vertex 64.2222 65.5759 0
      vertex 64.2222 16.9241 0
    endloop
  endfacet
  facet normal 0 0 -1
    outer loop
      vertex 63.5986 16.768 0
      vertex 63.5986 65.732 0
      vertex 64.2222 65.5759 0
    endloop
  endfacet
  facet normal 0 0 -1
    outer loop
      vertex 62.9934 16.5514 0
      vertex 63.5986 65.732 0
      vertex 63.5986 16.768 0
    endloop
  endfacet
  facet normal 0 0 -1
    outer loop
      vertex 62.9934 16.5514 0
      vertex 62.9934 65.9486 0
      vertex 63.5986 65.732 0
    endloop
  endfacet
  facet normal 0 0 -1
    outer loop
      vertex 62.4123 16.2766 0
      vertex 62.9934 65.9486 0
      vertex 62.9934 16.5514 0
    endloop
  endfacet
  facet normal 0 0 -1
    outer loop
      vertex 62.4123 16.2766 0
      vertex 62.4123 66.2234 0
      vertex 62.9934 65.9486 0
    endloop
  endfacet
  facet normal 0 0 -1
    outer loop
      vertex 61.861 15.9461 0
      vertex 62.4123 66.2234 0
      vertex 62.4123 16.2766 0
    endloop
  endfacet
  facet normal 0 0 -1
    outer loop
      vertex 61.861 15.9461 0
      vertex 61.861 66.5539 0
      vertex 62.4123 66.2234 0
    endloop
  endfacet
  facet normal 0 0 -1
    outer loop
      vertex 61.3447 15.5632 0
      vertex 61.861 66.5539 0
      vertex 61.861 15.9461 0
    endloop
  endfacet
  facet normal 0 0 -1
    outer loop
      vertex 61.3447 15.5632 0
      vertex 61.3447 66.9368 0
      vertex 61.861 66.5539 0
    endloop
  endfacet
  facet normal 0 0 -1
    outer loop
      vertex 60.8685 15.1315 0
      vertex 61.3447 66.9368 0
      vertex 61.3447 15.5632 0
    endloop
  endfacet
  facet normal 0 0 -1
    outer loop
      vertex 60.8685 15.1315 0
      vertex 60.8685 67.3685 0
      vertex 61.3447 66.9368 0
    endloop
  endfacet
  facet normal 0 0 -1
    outer loop
      vertex 16.5514 13.0066 0
      vertex 59.4486 13.0066 0
      vertex 16.768 12.4014 0
    endloop
  endfacet
  facet normal 0 0 -1
    outer loop
      vertex 59.4486 13.0066 0
      vertex 16.5514 13.0066 0
      vertex 59.7234 13.5876 0
    endloop
  endfacet
  facet normal 0 0 -1
    outer loop
      vertex 59.232 12.4014 0
      vertex 16.768 12.4014 0
      vertex 59.4486 13.0066 0
    endloop
  endfacet
  facet normal 0 0 -1
    outer loop
      vertex 16.2766 13.5876 0
      vertex 59.7234 13.5876 0
      vertex 16.5514 13.0066 0
    endloop
  endfacet
  facet normal 0 0 -1
    outer loop
      vertex 16.768 12.4014 0
      vertex 59.232 12.4014 0
      vertex 16.9241 11.7778 0
    endloop
  endfacet
  facet normal 0 0 -1
    outer loop
      vertex 60.8685 67.3685 0
      vertex 17.05 72 0
      vertex 60.4368 67.8447 0
    endloop
  endfacet
  facet normal 0 0 -1
    outer loop
      vertex 59.0759 11.7778 0
      vertex 16.9241 11.7778 0
      vertex 59.232 12.4014 0
    endloop
  endfacet
  facet normal 0 0 -1
    outer loop
      vertex 60.4368 67.8447 0
      vertex 17.05 72 0
      vertex 60.0539 68.361 0
    endloop
  endfacet
  facet normal 0 0 -1
    outer loop
      vertex 16.9241 11.7778 0
      vertex 59.0759 11.7778 0
      vertex 17.0185 11.142 0
    endloop
  endfacet
  facet normal 0 -0 -1
    outer loop
      vertex 32 79.5 0
      vertex 60.0539 68.361 0
      vertex 17.05 72 0
    endloop
  endfacet
  facet normal 0 0 -1
    outer loop
      vertex 58.9815 11.142 0
      vertex 17.0185 11.142 0
      vertex 59.0759 11.7778 0
    endloop
  endfacet
  facet normal -0 -0 -1
    outer loop
      vertex 44 79.5 0
      vertex 60.0539 68.361 0
      vertex 32 79.5 0
    endloop
  endfacet
  facet normal 0 0 -1
    outer loop
      vertex 17.0185 11.142 0
      vertex 58.9815 11.142 0
      vertex 17.05 10.5 0
    endloop
  endfacet
  facet normal 0 0 -1
    outer loop
      vertex 60.0539 68.361 0
      vertex 44 79.5 0
      vertex 59.7234 68.9124 0
    endloop
  endfacet
  facet normal 0 0 -1
    outer loop
      vertex 17.05 10.5 0
      vertex 58.9815 11.142 0
      vertex 58.95 10.5 0
    endloop
  endfacet
  facet normal 0 0 -1
    outer loop
      vertex 59.7234 68.9124 0
      vertex 44 79.5 0
      vertex 59.4486 69.4934 0
    endloop
  endfacet
  facet normal 0 0 -1
    outer loop
      vertex 70.5632 6.34472 0
      vertex 76 4.5 0
      vertex 75.9783 4.05892 0
    endloop
  endfacet
  facet normal 0 0 -1
    outer loop
      vertex 72.0185 11.142 0
      vertex 76 4.5 0
      vertex 72.05 10.5 0
    endloop
  endfacet
  facet normal 0 0 -1
    outer loop
      vertex 70.5632 6.34472 0
      vertex 75.9783 4.05892 0
      vertex 75.9135 3.62209 0
    endloop
  endfacet
  facet normal 0 0 -1
    outer loop
      vertex 71.9241 11.7778 0
      vertex 76 4.5 0
      vertex 72.0185 11.142 0
    endloop
  endfacet
  facet normal 0 0 -1
    outer loop
      vertex 70.5632 6.34472 0
      vertex 75.9135 3.62209 0
      vertex 75.8062 3.19372 0
    endloop
  endfacet
  facet normal 0 0 -1
    outer loop
      vertex 72.0185 72.642 0
      vertex 76 78 0
      vertex 72.05 72 0
    endloop
  endfacet
  facet normal 0 0 -1
    outer loop
      vertex 70.5632 6.34472 0
      vertex 75.8062 3.19372 0
      vertex 75.6575 2.77792 0
    endloop
  endfacet
  facet normal 0 0 -1
    outer loop
      vertex 71.9241 73.2778 0
      vertex 76 78 0
      vertex 72.0185 72.642 0
    endloop
  endfacet
  facet normal 0 0 -1
    outer loop
      vertex 70.1315 5.86845 0
      vertex 75.6575 2.77792 0
      vertex 75.4686 2.37871 0
    endloop
  endfacet
  facet normal 0 0 -1
    outer loop
      vertex 71.768 73.9014 0
      vertex 76 78 0
      vertex 71.9241 73.2778 0
    endloop
  endfacet
  facet normal 0 0 -1
    outer loop
      vertex 70.1315 5.86845 0
      vertex 75.4686 2.37871 0
      vertex 75.2416 1.99993 0
    endloop
  endfacet
  facet normal 0 0 -1
    outer loop
      vertex 71.5514 74.5066 0
      vertex 76 78 0
      vertex 71.768 73.9014 0
    endloop
  endfacet
  facet normal 0 0 -1
    outer loop
      vertex 70.1315 5.86845 0
      vertex 75.2416 1.99993 0
      vertex 74.9785 1.64523 0
    endloop
  endfacet
  facet normal 0 0 -1
    outer loop
      vertex 71.2766 75.0876 0
      vertex 76 78 0
      vertex 71.5514 74.5066 0
    endloop
  endfacet
  facet normal 0 0 -1
    outer loop
      vertex 70.1315 5.86845 0
      vertex 74.9785 1.64523 0
      vertex 74.682 1.31802 0
    endloop
  endfacet
  facet normal 0 0 -1
    outer loop
      vertex 70.9461 75.639 0
      vertex 76 78 0
      vertex 71.2766 75.0876 0
    endloop
  endfacet
  facet normal 0 0 -1
    outer loop
      vertex 70.1315 5.86845 0
      vertex 74.682 1.31802 0
      vertex 74.3548 1.02145 0
    endloop
  endfacet
  facet normal 0 0 -1
    outer loop
      vertex 70.5632 76.1553 0
      vertex 76 78 0
      vertex 70.9461 75.639 0
    endloop
  endfacet
  facet normal 0 0 -1
    outer loop
      vertex 70.1315 5.86845 0
      vertex 74.3548 1.02145 0
      vertex 74.0001 0.758387 0
    endloop
  endfacet
  facet normal -0 0 -1
    outer loop
      vertex 76 78 0
      vertex 70.5632 76.1553 0
      vertex 75.9783 78.4411 0
    endloop
  endfacet
  facet normal 0 0 -1
    outer loop
      vertex 70.1315 5.86845 0
      vertex 74.0001 0.758387 0
      vertex 73.6213 0.531354 0
    endloop
  endfacet
  facet normal -0 0 -1
    outer loop
      vertex 75.9783 78.4411 0
      vertex 70.5632 76.1553 0
      vertex 75.9135 78.8779 0
    endloop
  endfacet
  facet normal 0 0 -1
    outer loop
      vertex 70.1315 5.86845 0
      vertex 73.6213 0.531354 0
      vertex 73.2221 0.342542 0
    endloop
  endfacet
  facet normal -0 0 -1
    outer loop
      vertex 75.9135 78.8779 0
      vertex 70.5632 76.1553 0
      vertex 75.8062 79.3063 0
    endloop
  endfacet
  facet normal 0 0 -1
    outer loop
      vertex 69.6553 5.43678 0
      vertex 73.2221 0.342542 0
      vertex 72.8063 0.193768 0
    endloop
  endfacet
  facet normal -0 0 -1
    outer loop
      vertex 75.8062 79.3063 0
      vertex 70.5632 76.1553 0
      vertex 75.6575 79.7221 0
    endloop
  endfacet
  facet normal 0 0 -1
    outer loop
      vertex 69.6553 5.43678 0
      vertex 72.8063 0.193768 0
      vertex 72.3779 0.0864658 0
    endloop
  endfacet
  facet normal 0 0 -1
    outer loop
      vertex 70.1315 76.6315 0
      vertex 75.6575 79.7221 0
      vertex 70.5632 76.1553 0
    endloop
  endfacet
  facet normal -0 0 -1
    outer loop
      vertex 75.6575 79.7221 0
      vertex 70.1315 76.6315 0
      vertex 75.4686 80.1213 0
    endloop
  endfacet
  facet normal 0 0 -1
    outer loop
      vertex 76 4.5 0
      vertex 72.0185 9.85799 0
      vertex 72.05 10.5 0
    endloop
  endfacet
  facet normal 0 0 -1
    outer loop
      vertex 69.6553 5.43678 0
      vertex 72.3779 0.0864658 0
      vertex 71.9411 0.0216684 0
    endloop
  endfacet
  facet normal 0 0 -1
    outer loop
      vertex 76 4.5 0
      vertex 71.9241 9.22216 0
      vertex 72.0185 9.85799 0
    endloop
  endfacet
  facet normal 0 0 -1
    outer loop
      vertex 76 4.5 0
      vertex 71.768 8.59863 0
      vertex 71.9241 9.22216 0
    endloop
  endfacet
  facet normal 0 0 -1
    outer loop
      vertex 76 4.5 0
      vertex 71.5514 7.99342 0
      vertex 71.768 8.59863 0
    endloop
  endfacet
  facet normal 0 0 -1
    outer loop
      vertex 69.6553 5.43678 0
      vertex 71.9411 0.0216684 0
      vertex 71.5 0 0
    endloop
  endfacet
  facet normal 0 0 -1
    outer loop
      vertex 76 4.5 0
      vertex 71.2766 7.41235 0
      vertex 71.5514 7.99342 0
    endloop
  endfacet
  facet normal 0 0 -1
    outer loop
      vertex 76 4.5 0
      vertex 70.9461 6.86101 0
      vertex 71.2766 7.41235 0
    endloop
  endfacet
  facet normal 0 0 -1
    outer loop
      vertex 76 4.5 0
      vertex 70.5632 6.34472 0
      vertex 70.9461 6.86101 0
    endloop
  endfacet
  facet normal 0 0 -1
    outer loop
      vertex 75.6575 2.77792 0
      vertex 70.1315 5.86845 0
      vertex 70.5632 6.34472 0
    endloop
  endfacet
  facet normal 0 0 -1
    outer loop
      vertex 73.2221 0.342542 0
      vertex 69.6553 5.43678 0
      vertex 70.1315 5.86845 0
    endloop
  endfacet
  facet normal 0 0 -1
    outer loop
      vertex 71.5 0 0
      vertex 69.139 5.05387 0
      vertex 69.6553 5.43678 0
    endloop
  endfacet
  facet normal 0 0 -1
    outer loop
      vertex 71.5 0 0
      vertex 68.5876 4.72342 0
      vertex 69.139 5.05387 0
    endloop
  endfacet
  facet normal 0 0 -1
    outer loop
      vertex 71.5 0 0
      vertex 68.0066 4.44859 0
      vertex 68.5876 4.72342 0
    endloop
  endfacet
  facet normal 0 0 -1
    outer loop
      vertex 71.5 0 0
      vertex 67.4014 4.23204 0
      vertex 68.0066 4.44859 0
    endloop
  endfacet
  facet normal 0 0 -1
    outer loop
      vertex 71.5 0 0
      vertex 66.7778 4.07586 0
      vertex 67.4014 4.23204 0
    endloop
  endfacet
  facet normal 0 0 -1
    outer loop
      vertex 71.5 0 0
      vertex 66.142 3.98154 0
      vertex 66.7778 4.07586 0
    endloop
  endfacet
  facet normal 0 0 -1
    outer loop
      vertex 71.5 0 0
      vertex 65.5 3.95 0
      vertex 66.142 3.98154 0
    endloop
  endfacet
  facet normal 0 0 -1
    outer loop
      vertex 71.5 0 0
      vertex 64.858 3.98154 0
      vertex 65.5 3.95 0
    endloop
  endfacet
  facet normal 0 0 -1
    outer loop
      vertex 71.5 0 0
      vertex 64.2222 4.07586 0
      vertex 64.858 3.98154 0
    endloop
  endfacet
  facet normal 0 0 -1
    outer loop
      vertex 71.5 0 0
      vertex 63.5986 4.23204 0
      vertex 64.2222 4.07586 0
    endloop
  endfacet
  facet normal 0 0 -1
    outer loop
      vertex 71.5 0 0
      vertex 62.9934 4.44859 0
      vertex 63.5986 4.23204 0
    endloop
  endfacet
  facet normal 0 0 -1
    outer loop
      vertex 13.0066 4.44859 0
      vertex 62.9934 4.44859 0
      vertex 71.5 0 0
    endloop
  endfacet
  facet normal 0 0 -1
    outer loop
      vertex 59.232 70.0986 0
      vertex 44 79.5 0
      vertex 59.0759 70.7222 0
    endloop
  endfacet
  facet normal 0 0 -1
    outer loop
      vertex 17.05 10.5 0
      vertex 58.95 10.5 0
      vertex 58.9815 9.85799 0
    endloop
  endfacet
  facet normal 0 0 -1
    outer loop
      vertex 17.0185 9.85799 0
      vertex 58.9815 9.85799 0
      vertex 59.0759 9.22216 0
    endloop
  endfacet
  facet normal 0 0 -1
    outer loop
      vertex 58.9815 71.358 0
      vertex 44 79.5 0
      vertex 58.95 72 0
    endloop
  endfacet
  facet normal 0 0 -1
    outer loop
      vertex 16.9241 9.22216 0
      vertex 59.0759 9.22216 0
      vertex 59.232 8.59863 0
    endloop
  endfacet
  facet normal 0 0 -1
    outer loop
      vertex 16.768 8.59863 0
      vertex 59.232 8.59863 0
      vertex 59.4486 7.99342 0
    endloop
  endfacet
  facet normal 0 0 -1
    outer loop
      vertex 59.0759 70.7222 0
      vertex 44 79.5 0
      vertex 58.9815 71.358 0
    endloop
  endfacet
  facet normal 0 0 -1
    outer loop
      vertex 59.4486 69.4934 0
      vertex 44 79.5 0
      vertex 59.232 70.0986 0
    endloop
  endfacet
  facet normal 0 0 -1
    outer loop
      vertex 16.5514 7.99342 0
      vertex 59.4486 7.99342 0
      vertex 59.7234 7.41235 0
    endloop
  endfacet
  facet normal 0 0 -1
    outer loop
      vertex 16.2766 7.41235 0
      vertex 59.7234 7.41235 0
      vertex 60.0539 6.86101 0
    endloop
  endfacet
  facet normal 0 0 -1
    outer loop
      vertex 15.9461 6.86101 0
      vertex 60.0539 6.86101 0
      vertex 60.4368 6.34472 0
    endloop
  endfacet
  facet normal 0 0 -1
    outer loop
      vertex 15.5632 6.34472 0
      vertex 60.4368 6.34472 0
      vertex 60.8685 5.86845 0
    endloop
  endfacet
  facet normal 0 0 -1
    outer loop
      vertex 15.1315 5.86845 0
      vertex 60.8685 5.86845 0
      vertex 61.3447 5.43678 0
    endloop
  endfacet
  facet normal 0 0 -1
    outer loop
      vertex 14.6553 5.43678 0
      vertex 61.3447 5.43678 0
      vertex 61.861 5.05387 0
    endloop
  endfacet
  facet normal 0 0 -1
    outer loop
      vertex 14.139 5.05387 0
      vertex 61.861 5.05387 0
      vertex 62.4123 4.72342 0
    endloop
  endfacet
  facet normal 0 0 -1
    outer loop
      vertex 62.9934 4.44859 0
      vertex 13.0066 4.44859 0
      vertex 62.4123 4.72342 0
    endloop
  endfacet
  facet normal 0 0 -1
    outer loop
      vertex 58.9815 9.85799 0
      vertex 17.0185 9.85799 0
      vertex 17.05 10.5 0
    endloop
  endfacet
  facet normal 0 0 -1
    outer loop
      vertex 59.0759 9.22216 0
      vertex 16.9241 9.22216 0
      vertex 17.0185 9.85799 0
    endloop
  endfacet
  facet normal 0 0 -1
    outer loop
      vertex 59.232 8.59863 0
      vertex 16.768 8.59863 0
      vertex 16.9241 9.22216 0
    endloop
  endfacet
  facet normal 0 0 -1
    outer loop
      vertex 59.4486 7.99342 0
      vertex 16.5514 7.99342 0
      vertex 16.768 8.59863 0
    endloop
  endfacet
  facet normal 0 0 -1
    outer loop
      vertex 59.7234 7.41235 0
      vertex 16.2766 7.41235 0
      vertex 16.5514 7.99342 0
    endloop
  endfacet
  facet normal 0 0 -1
    outer loop
      vertex 60.0539 6.86101 0
      vertex 15.9461 6.86101 0
      vertex 16.2766 7.41235 0
    endloop
  endfacet
  facet normal 0 0 -1
    outer loop
      vertex 60.4368 6.34472 0
      vertex 15.5632 6.34472 0
      vertex 15.9461 6.86101 0
    endloop
  endfacet
  facet normal 0 0 -1
    outer loop
      vertex 60.8685 5.86845 0
      vertex 15.1315 5.86845 0
      vertex 15.5632 6.34472 0
    endloop
  endfacet
  facet normal 0 0 -1
    outer loop
      vertex 61.3447 5.43678 0
      vertex 14.6553 5.43678 0
      vertex 15.1315 5.86845 0
    endloop
  endfacet
  facet normal 0 0 -1
    outer loop
      vertex 61.861 5.05387 0
      vertex 14.139 5.05387 0
      vertex 14.6553 5.43678 0
    endloop
  endfacet
  facet normal 0 0 -1
    outer loop
      vertex 62.4123 4.72342 0
      vertex 13.5876 4.72342 0
      vertex 14.139 5.05387 0
    endloop
  endfacet
  facet normal -0 0 -1
    outer loop
      vertex 62.4123 4.72342 0
      vertex 13.0066 4.44859 0
      vertex 13.5876 4.72342 0
    endloop
  endfacet
  facet normal 0 0 -1
    outer loop
      vertex 4.5 0 0
      vertex 13.0066 4.44859 0
      vertex 71.5 0 0
    endloop
  endfacet
  facet normal 0 0 -1
    outer loop
      vertex 13.0066 4.44859 0
      vertex 4.5 0 0
      vertex 12.4014 4.23204 0
    endloop
  endfacet
  facet normal 0 0 -1
    outer loop
      vertex 12.4014 4.23204 0
      vertex 4.5 0 0
      vertex 11.7778 4.07586 0
    endloop
  endfacet
  facet normal 0 0 -1
    outer loop
      vertex 11.7778 4.07586 0
      vertex 4.5 0 0
      vertex 11.142 3.98154 0
    endloop
  endfacet
  facet normal 0 0 -1
    outer loop
      vertex 11.142 3.98154 0
      vertex 4.5 0 0
      vertex 10.5 3.95 0
    endloop
  endfacet
  facet normal -0 0 -1
    outer loop
      vertex 10.5 3.95 0
      vertex 4.5 0 0
      vertex 9.85799 3.98154 0
    endloop
  endfacet
  facet normal 0 0 -1
    outer loop
      vertex 4.5 0 0
      vertex 9.22216 4.07586 0
      vertex 9.85799 3.98154 0
    endloop
  endfacet
  facet normal 0 0 -1
    outer loop
      vertex 4.5 0 0
      vertex 8.59863 4.23204 0
      vertex 9.22216 4.07586 0
    endloop
  endfacet
  facet normal 0 0 -1
    outer loop
      vertex 4.5 0 0
      vertex 7.99342 4.44859 0
      vertex 8.59863 4.23204 0
    endloop
  endfacet
  facet normal 0 0 -1
    outer loop
      vertex 4.5 0 0
      vertex 7.41235 4.72342 0
      vertex 7.99342 4.44859 0
    endloop
  endfacet
  facet normal 0 0 -1
    outer loop
      vertex 4.5 0 0
      vertex 6.86101 5.05387 0
      vertex 7.41235 4.72342 0
    endloop
  endfacet
  facet normal 0 0 -1
    outer loop
      vertex 4.5 0 0
      vertex 6.34472 5.43678 0
      vertex 6.86101 5.05387 0
    endloop
  endfacet
  facet normal 0 0 -1
    outer loop
      vertex 4.05892 0.0216684 0
      vertex 6.34472 5.43678 0
      vertex 4.5 0 0
    endloop
  endfacet
  facet normal 0 0 -1
    outer loop
      vertex 3.62209 0.0864658 0
      vertex 6.34472 5.43678 0
      vertex 4.05892 0.0216684 0
    endloop
  endfacet
  facet normal 0 0 -1
    outer loop
      vertex 3.19372 0.193768 0
      vertex 6.34472 5.43678 0
      vertex 3.62209 0.0864658 0
    endloop
  endfacet
  facet normal 0 0 -1
    outer loop
      vertex 2.77792 0.342542 0
      vertex 6.34472 5.43678 0
      vertex 3.19372 0.193768 0
    endloop
  endfacet
  facet normal -0 0 -1
    outer loop
      vertex 6.34472 5.43678 0
      vertex 2.77792 0.342542 0
      vertex 5.86845 5.86845 0
    endloop
  endfacet
  facet normal 0 0 -1
    outer loop
      vertex 2.37871 0.531354 0
      vertex 5.86845 5.86845 0
      vertex 2.77792 0.342542 0
    endloop
  endfacet
  facet normal 0 0 -1
    outer loop
      vertex 1.99993 0.758387 0
      vertex 5.86845 5.86845 0
      vertex 2.37871 0.531354 0
    endloop
  endfacet
  facet normal 0 0 -1
    outer loop
      vertex 1.64523 1.02145 0
      vertex 5.86845 5.86845 0
      vertex 1.99993 0.758387 0
    endloop
  endfacet
  facet normal -0 0 -1
    outer loop
      vertex 4.23204 8.59863 0
      vertex 0 4.5 0
      vertex 4.07586 9.22216 0
    endloop
  endfacet
  facet normal -0 0 -1
    outer loop
      vertex 4.07586 9.22216 0
      vertex 0 4.5 0
      vertex 3.98154 9.85799 0
    endloop
  endfacet
  facet normal -0 0 -1
    outer loop
      vertex 3.98154 9.85799 0
      vertex 0 4.5 0
      vertex 3.95 10.5 0
    endloop
  endfacet
  facet normal 0 0 -1
    outer loop
      vertex 1.31802 1.31802 0
      vertex 5.86845 5.86845 0
      vertex 1.64523 1.02145 0
    endloop
  endfacet
  facet normal -0 0 -1
    outer loop
      vertex 75.4686 80.1213 0
      vertex 70.1315 76.6315 0
      vertex 75.2416 80.5001 0
    endloop
  endfacet
  facet normal -0 0 -1
    outer loop
      vertex 75.2416 80.5001 0
      vertex 70.1315 76.6315 0
      vertex 74.9785 80.8548 0
    endloop
  endfacet
  facet normal -0 0 -1
    outer loop
      vertex 74.9785 80.8548 0
      vertex 70.1315 76.6315 0
      vertex 74.682 81.182 0
    endloop
  endfacet
  facet normal -0 0 -1
    outer loop
      vertex 74.682 81.182 0
      vertex 70.1315 76.6315 0
      vertex 74.3548 81.4785 0
    endloop
  endfacet
  facet normal -0 0 -1
    outer loop
      vertex 74.3548 81.4785 0
      vertex 70.1315 76.6315 0
      vertex 74.0001 81.7416 0
    endloop
  endfacet
  facet normal -0 0 -1
    outer loop
      vertex 74.0001 81.7416 0
      vertex 70.1315 76.6315 0
      vertex 73.6213 81.9686 0
    endloop
  endfacet
  facet normal -0 0 -1
    outer loop
      vertex 73.6213 81.9686 0
      vertex 70.1315 76.6315 0
      vertex 73.2221 82.1575 0
    endloop
  endfacet
  facet normal 0 0 -1
    outer loop
      vertex 69.6553 77.0632 0
      vertex 73.2221 82.1575 0
      vertex 70.1315 76.6315 0
    endloop
  endfacet
  facet normal -0 0 -1
    outer loop
      vertex 73.2221 82.1575 0
      vertex 69.6553 77.0632 0
      vertex 72.8063 82.3062 0
    endloop
  endfacet
  facet normal -0 0 -1
    outer loop
      vertex 72.8063 82.3062 0
      vertex 69.6553 77.0632 0
      vertex 72.3779 82.4135 0
    endloop
  endfacet
  facet normal -0 0 -1
    outer loop
      vertex 72.3779 82.4135 0
      vertex 69.6553 77.0632 0
      vertex 71.9411 82.4783 0
    endloop
  endfacet
  facet normal -0 0 -1
    outer loop
      vertex 71.9411 82.4783 0
      vertex 69.6553 77.0632 0
      vertex 71.5 82.5 0
    endloop
  endfacet
  facet normal 0 0 -1
    outer loop
      vertex 69.139 77.4461 0
      vertex 71.5 82.5 0
      vertex 69.6553 77.0632 0
    endloop
  endfacet
  facet normal 0 0 -1
    outer loop
      vertex 68.5876 77.7766 0
      vertex 71.5 82.5 0
      vertex 69.139 77.4461 0
    endloop
  endfacet
  facet normal 0 0 -1
    outer loop
      vertex 68.0066 78.0514 0
      vertex 71.5 82.5 0
      vertex 68.5876 77.7766 0
    endloop
  endfacet
  facet normal 0 0 -1
    outer loop
      vertex 67.4014 78.268 0
      vertex 71.5 82.5 0
      vertex 68.0066 78.0514 0
    endloop
  endfacet
  facet normal 0 0 -1
    outer loop
      vertex 66.7778 78.4241 0
      vertex 71.5 82.5 0
      vertex 67.4014 78.268 0
    endloop
  endfacet
  facet normal 0 0 -1
    outer loop
      vertex 66.142 78.5185 0
      vertex 71.5 82.5 0
      vertex 66.7778 78.4241 0
    endloop
  endfacet
  facet normal 0 0 -1
    outer loop
      vertex 65.5 78.55 0
      vertex 71.5 82.5 0
      vertex 66.142 78.5185 0
    endloop
  endfacet
  facet normal 0 0 -1
    outer loop
      vertex 64.858 78.5185 0
      vertex 71.5 82.5 0
      vertex 65.5 78.55 0
    endloop
  endfacet
  facet normal 0 0 -1
    outer loop
      vertex 64.2222 78.4241 0
      vertex 71.5 82.5 0
      vertex 64.858 78.5185 0
    endloop
  endfacet
  facet normal 0 0 -1
    outer loop
      vertex 63.5986 78.268 0
      vertex 71.5 82.5 0
      vertex 64.2222 78.4241 0
    endloop
  endfacet
  facet normal 0 0 -1
    outer loop
      vertex 44 82.5 0
      vertex 63.5986 78.268 0
      vertex 62.9934 78.0514 0
    endloop
  endfacet
  facet normal 0 0 -1
    outer loop
      vertex 44 82.5 0
      vertex 62.9934 78.0514 0
      vertex 62.4123 77.7766 0
    endloop
  endfacet
  facet normal 0 0 -1
    outer loop
      vertex 44 79.5 0
      vertex 58.9815 72.642 0
      vertex 58.95 72 0
    endloop
  endfacet
  facet normal 0 0 -1
    outer loop
      vertex 44 79.5 0
      vertex 59.0759 73.2778 0
      vertex 58.9815 72.642 0
    endloop
  endfacet
  facet normal 0 0 -1
    outer loop
      vertex 44 79.5 0
      vertex 59.232 73.9014 0
      vertex 59.0759 73.2778 0
    endloop
  endfacet
  facet normal 0 0 -1
    outer loop
      vertex 44 79.5 0
      vertex 59.4486 74.5066 0
      vertex 59.232 73.9014 0
    endloop
  endfacet
  facet normal 0 0 -1
    outer loop
      vertex 44 79.5 0
      vertex 59.7234 75.0876 0
      vertex 59.4486 74.5066 0
    endloop
  endfacet
  facet normal 0 0 -1
    outer loop
      vertex 44 79.5 0
      vertex 60.0539 75.639 0
      vertex 59.7234 75.0876 0
    endloop
  endfacet
  facet normal 0 0 -1
    outer loop
      vertex 44 82.5 0
      vertex 60.0539 75.639 0
      vertex 44 79.5 0
    endloop
  endfacet
  facet normal 0 0 -1
    outer loop
      vertex 60.0539 75.639 0
      vertex 44 82.5 0
      vertex 60.4368 76.1553 0
    endloop
  endfacet
  facet normal 0 0 -1
    outer loop
      vertex 60.4368 76.1553 0
      vertex 44 82.5 0
      vertex 60.8685 76.6315 0
    endloop
  endfacet
  facet normal 0 0 -1
    outer loop
      vertex 60.8685 76.6315 0
      vertex 44 82.5 0
      vertex 61.3447 77.0632 0
    endloop
  endfacet
  facet normal 0 0 -1
    outer loop
      vertex 61.3447 77.0632 0
      vertex 44 82.5 0
      vertex 61.861 77.4461 0
    endloop
  endfacet
  facet normal 0 0 -1
    outer loop
      vertex 61.861 77.4461 0
      vertex 44 82.5 0
      vertex 62.4123 77.7766 0
    endloop
  endfacet
  facet normal 0 0 -1
    outer loop
      vertex 63.5986 78.268 0
      vertex 44 82.5 0
      vertex 71.5 82.5 0
    endloop
  endfacet
  facet normal 0 0 -1
    outer loop
      vertex 17.0185 72.642 0
      vertex 32 79.5 0
      vertex 17.05 72 0
    endloop
  endfacet
  facet normal 0 0 -1
    outer loop
      vertex 16.9241 73.2778 0
      vertex 32 79.5 0
      vertex 17.0185 72.642 0
    endloop
  endfacet
  facet normal 0 0 -1
    outer loop
      vertex 16.768 73.9014 0
      vertex 32 79.5 0
      vertex 16.9241 73.2778 0
    endloop
  endfacet
  facet normal 0 0 -1
    outer loop
      vertex 16.5514 74.5066 0
      vertex 32 79.5 0
      vertex 16.768 73.9014 0
    endloop
  endfacet
  facet normal 0 0 -1
    outer loop
      vertex 16.2766 75.0876 0
      vertex 32 79.5 0
      vertex 16.5514 74.5066 0
    endloop
  endfacet
  facet normal 0 0 -1
    outer loop
      vertex 15.9461 75.639 0
      vertex 32 79.5 0
      vertex 16.2766 75.0876 0
    endloop
  endfacet
  facet normal -0 0 -1
    outer loop
      vertex 32 79.5 0
      vertex 15.9461 75.639 0
      vertex 32 82.5 0
    endloop
  endfacet
  facet normal 0 0 -1
    outer loop
      vertex 15.5632 76.1553 0
      vertex 32 82.5 0
      vertex 15.9461 75.639 0
    endloop
  endfacet
  facet normal 0 0 -1
    outer loop
      vertex 15.1315 76.6315 0
      vertex 32 82.5 0
      vertex 15.5632 76.1553 0
    endloop
  endfacet
  facet normal 0 0 -1
    outer loop
      vertex 14.6553 77.0632 0
      vertex 32 82.5 0
      vertex 15.1315 76.6315 0
    endloop
  endfacet
  facet normal 0 0 -1
    outer loop
      vertex 14.139 77.4461 0
      vertex 32 82.5 0
      vertex 14.6553 77.0632 0
    endloop
  endfacet
  facet normal 0 0 -1
    outer loop
      vertex 13.5876 77.7766 0
      vertex 32 82.5 0
      vertex 14.139 77.4461 0
    endloop
  endfacet
  facet normal 0 0 -1
    outer loop
      vertex 13.0066 78.0514 0
      vertex 32 82.5 0
      vertex 13.5876 77.7766 0
    endloop
  endfacet
  facet normal 0 0 -1
    outer loop
      vertex 12.4014 78.268 0
      vertex 32 82.5 0
      vertex 13.0066 78.0514 0
    endloop
  endfacet
  facet normal 0 0 -1
    outer loop
      vertex 4.5 82.5 0
      vertex 12.4014 78.268 0
      vertex 11.7778 78.4241 0
    endloop
  endfacet
  facet normal 0 0 -1
    outer loop
      vertex 4.5 82.5 0
      vertex 11.7778 78.4241 0
      vertex 11.142 78.5185 0
    endloop
  endfacet
  facet normal 0 0 -1
    outer loop
      vertex 4.5 82.5 0
      vertex 11.142 78.5185 0
      vertex 10.5 78.55 0
    endloop
  endfacet
  facet normal 0 0 -1
    outer loop
      vertex 4.5 82.5 0
      vertex 10.5 78.55 0
      vertex 9.85799 78.5185 0
    endloop
  endfacet
  facet normal 0 0 -1
    outer loop
      vertex 4.5 82.5 0
      vertex 9.85799 78.5185 0
      vertex 9.22216 78.4241 0
    endloop
  endfacet
  facet normal 0 0 -1
    outer loop
      vertex 12.4014 78.268 0
      vertex 4.5 82.5 0
      vertex 32 82.5 0
    endloop
  endfacet
  facet normal 0 0 -1
    outer loop
      vertex 8.59863 78.268 0
      vertex 4.5 82.5 0
      vertex 9.22216 78.4241 0
    endloop
  endfacet
  facet normal 0 0 -1
    outer loop
      vertex 7.99342 78.0514 0
      vertex 4.5 82.5 0
      vertex 8.59863 78.268 0
    endloop
  endfacet
  facet normal 0 0 -1
    outer loop
      vertex 7.41235 77.7766 0
      vertex 4.5 82.5 0
      vertex 7.99342 78.0514 0
    endloop
  endfacet
  facet normal 0 0 -1
    outer loop
      vertex 6.86101 77.4461 0
      vertex 4.5 82.5 0
      vertex 7.41235 77.7766 0
    endloop
  endfacet
  facet normal 0 0 -1
    outer loop
      vertex 6.34472 77.0632 0
      vertex 4.5 82.5 0
      vertex 6.86101 77.4461 0
    endloop
  endfacet
  facet normal 0 0 -1
    outer loop
      vertex 2.77792 82.1575 0
      vertex 6.34472 77.0632 0
      vertex 5.86845 76.6315 0
    endloop
  endfacet
  facet normal 0 0 -1
    outer loop
      vertex 0.342542 79.7221 0
      vertex 5.86845 76.6315 0
      vertex 5.43678 76.1553 0
    endloop
  endfacet
  facet normal 0 0 -1
    outer loop
      vertex 0 78 0
      vertex 5.43678 76.1553 0
      vertex 5.05387 75.639 0
    endloop
  endfacet
  facet normal 0 0 -1
    outer loop
      vertex 0 78 0
      vertex 5.05387 75.639 0
      vertex 4.72342 75.0876 0
    endloop
  endfacet
  facet normal 0 0 -1
    outer loop
      vertex 0 78 0
      vertex 4.72342 75.0876 0
      vertex 4.44859 74.5066 0
    endloop
  endfacet
  facet normal 0 0 -1
    outer loop
      vertex 0 78 0
      vertex 4.44859 74.5066 0
      vertex 4.23204 73.9014 0
    endloop
  endfacet
  facet normal 0 0 -1
    outer loop
      vertex 0 78 0
      vertex 4.23204 73.9014 0
      vertex 4.07586 73.2778 0
    endloop
  endfacet
  facet normal 0 0 -1
    outer loop
      vertex 5.43678 76.1553 0
      vertex 0 78 0
      vertex 0.0216684 78.4411 0
    endloop
  endfacet
  facet normal 0 0 -1
    outer loop
      vertex 0 78 0
      vertex 4.07586 73.2778 0
      vertex 3.98154 72.642 0
    endloop
  endfacet
  facet normal 0 0 -1
    outer loop
      vertex 0 78 0
      vertex 3.98154 72.642 0
      vertex 3.95 72 0
    endloop
  endfacet
  facet normal 0 0 -1
    outer loop
      vertex 6.34472 77.0632 0
      vertex 4.05892 82.4783 0
      vertex 4.5 82.5 0
    endloop
  endfacet
  facet normal 0 0 -1
    outer loop
      vertex 4.07586 70.7222 0
      vertex 0 78 0
      vertex 3.98154 71.358 0
    endloop
  endfacet
  facet normal 0 0 -1
    outer loop
      vertex 1.02145 1.64523 0
      vertex 5.86845 5.86845 0
      vertex 1.31802 1.31802 0
    endloop
  endfacet
  facet normal 0 0 -1
    outer loop
      vertex 3.98154 71.358 0
      vertex 0 78 0
      vertex 3.95 72 0
    endloop
  endfacet
  facet normal 0 0 -1
    outer loop
      vertex 0.758387 1.99993 0
      vertex 5.86845 5.86845 0
      vertex 1.02145 1.64523 0
    endloop
  endfacet
  facet normal 0 0 -1
    outer loop
      vertex 6.34472 77.0632 0
      vertex 3.62209 82.4135 0
      vertex 4.05892 82.4783 0
    endloop
  endfacet
  facet normal 0 0 -1
    outer loop
      vertex 0.531354 2.37871 0
      vertex 5.86845 5.86845 0
      vertex 0.758387 1.99993 0
    endloop
  endfacet
  facet normal 0 0 -1
    outer loop
      vertex 6.34472 77.0632 0
      vertex 3.19372 82.3062 0
      vertex 3.62209 82.4135 0
    endloop
  endfacet
  facet normal 0 0 -1
    outer loop
      vertex 0.342542 2.77792 0
      vertex 5.86845 5.86845 0
      vertex 0.531354 2.37871 0
    endloop
  endfacet
  facet normal 0 0 -1
    outer loop
      vertex 6.34472 77.0632 0
      vertex 2.77792 82.1575 0
      vertex 3.19372 82.3062 0
    endloop
  endfacet
  facet normal -0 0 -1
    outer loop
      vertex 5.86845 5.86845 0
      vertex 0.342542 2.77792 0
      vertex 5.43678 6.34472 0
    endloop
  endfacet
  facet normal 0 0 -1
    outer loop
      vertex 5.86845 76.6315 0
      vertex 2.37871 81.9686 0
      vertex 2.77792 82.1575 0
    endloop
  endfacet
  facet normal 0 0 -1
    outer loop
      vertex 0.193768 3.19372 0
      vertex 5.43678 6.34472 0
      vertex 0.342542 2.77792 0
    endloop
  endfacet
  facet normal 0 0 -1
    outer loop
      vertex 5.86845 76.6315 0
      vertex 1.99993 81.7416 0
      vertex 2.37871 81.9686 0
    endloop
  endfacet
  facet normal 0 0 -1
    outer loop
      vertex 0.0864658 3.62209 0
      vertex 5.43678 6.34472 0
      vertex 0.193768 3.19372 0
    endloop
  endfacet
  facet normal 0 0 -1
    outer loop
      vertex 5.86845 76.6315 0
      vertex 1.64523 81.4785 0
      vertex 1.99993 81.7416 0
    endloop
  endfacet
  facet normal 0 0 -1
    outer loop
      vertex 0.0216684 4.05892 0
      vertex 5.43678 6.34472 0
      vertex 0.0864658 3.62209 0
    endloop
  endfacet
  facet normal 0 0 -1
    outer loop
      vertex 5.86845 76.6315 0
      vertex 1.31802 81.182 0
      vertex 1.64523 81.4785 0
    endloop
  endfacet
  facet normal 0 0 -1
    outer loop
      vertex 0 4.5 0
      vertex 5.43678 6.34472 0
      vertex 0.0216684 4.05892 0
    endloop
  endfacet
  facet normal 0 0 -1
    outer loop
      vertex 5.86845 76.6315 0
      vertex 1.02145 80.8548 0
      vertex 1.31802 81.182 0
    endloop
  endfacet
  facet normal -0 0 -1
    outer loop
      vertex 5.43678 6.34472 0
      vertex 0 4.5 0
      vertex 5.05387 6.86101 0
    endloop
  endfacet
  facet normal 0 0 -1
    outer loop
      vertex 5.86845 76.6315 0
      vertex 0.758387 80.5001 0
      vertex 1.02145 80.8548 0
    endloop
  endfacet
  facet normal -0 0 -1
    outer loop
      vertex 5.05387 6.86101 0
      vertex 0 4.5 0
      vertex 4.72342 7.41235 0
    endloop
  endfacet
  facet normal 0 0 -1
    outer loop
      vertex 5.86845 76.6315 0
      vertex 0.531354 80.1213 0
      vertex 0.758387 80.5001 0
    endloop
  endfacet
  facet normal -0 0 -1
    outer loop
      vertex 4.44859 7.99342 0
      vertex 0 4.5 0
      vertex 4.23204 8.59863 0
    endloop
  endfacet
  facet normal 0 0 -1
    outer loop
      vertex 5.86845 76.6315 0
      vertex 0.342542 79.7221 0
      vertex 0.531354 80.1213 0
    endloop
  endfacet
  facet normal -0 0 -1
    outer loop
      vertex 4.72342 7.41235 0
      vertex 0 4.5 0
      vertex 4.44859 7.99342 0
    endloop
  endfacet
  facet normal 0 0 -1
    outer loop
      vertex 5.43678 76.1553 0
      vertex 0.193768 79.3063 0
      vertex 0.342542 79.7221 0
    endloop
  endfacet
  facet normal 0 0 -1
    outer loop
      vertex 5.43678 76.1553 0
      vertex 0.0864658 78.8779 0
      vertex 0.193768 79.3063 0
    endloop
  endfacet
  facet normal 0 0 -1
    outer loop
      vertex 5.43678 76.1553 0
      vertex 0.0216684 78.4411 0
      vertex 0.0864658 78.8779 0
    endloop
  endfacet
  facet normal 0.989176 -0.146736 0
    outer loop
      vertex 75.9135 3.62209 2
      vertex 75.9783 4.05892 0
      vertex 75.9783 4.05892 2
    endloop
  endfacet
  facet normal 0.989176 -0.146736 0
    outer loop
      vertex 75.9783 4.05892 0
      vertex 75.9135 3.62209 2
      vertex 75.9135 3.62209 0
    endloop
  endfacet
  facet normal -0.595699 -0.803208 0
    outer loop
      vertex 1.64523 1.02145 0
      vertex 1.99993 0.758387 2
      vertex 1.64523 1.02145 2
    endloop
  endfacet
  facet normal -0.595699 -0.803208 -0
    outer loop
      vertex 1.99993 0.758387 2
      vertex 1.64523 1.02145 0
      vertex 1.99993 0.758387 0
    endloop
  endfacet
  facet normal 0.989174 0.146746 0
    outer loop
      vertex 75.9783 78.4411 2
      vertex 75.9135 78.8779 0
      vertex 75.9135 78.8779 2
    endloop
  endfacet
  facet normal 0.989174 0.146746 0
    outer loop
      vertex 75.9135 78.8779 0
      vertex 75.9783 78.4411 2
      vertex 75.9783 78.4411 0
    endloop
  endfacet
  facet normal -0.146736 0.989176 0
    outer loop
      vertex 4.05892 82.4783 0
      vertex 3.62209 82.4135 2
      vertex 4.05892 82.4783 2
    endloop
  endfacet
  facet normal -0.146736 0.989176 0
    outer loop
      vertex 3.62209 82.4135 2
      vertex 4.05892 82.4783 0
      vertex 3.62209 82.4135 0
    endloop
  endfacet
  facet normal -0.989175 0.14674 0
    outer loop
      vertex 0.0216684 78.4411 0
      vertex 0.0864658 78.8779 2
      vertex 0.0864658 78.8779 0
    endloop
  endfacet
  facet normal -0.989175 0.14674 0
    outer loop
      vertex 0.0864658 78.8779 2
      vertex 0.0216684 78.4411 0
      vertex 0.0216684 78.4411 2
    endloop
  endfacet
  facet normal 0.595699 -0.803208 0
    outer loop
      vertex 74.0001 0.758387 0
      vertex 74.3548 1.02145 2
      vertex 74.0001 0.758387 2
    endloop
  endfacet
  facet normal 0.595699 -0.803208 0
    outer loop
      vertex 74.3548 1.02145 2
      vertex 74.0001 0.758387 0
      vertex 74.3548 1.02145 0
    endloop
  endfacet
  facet normal 0.336738 0.941598 -0
    outer loop
      vertex 73.2221 82.1575 0
      vertex 72.8063 82.3062 2
      vertex 73.2221 82.1575 2
    endloop
  endfacet
  facet normal 0.336738 0.941598 0
    outer loop
      vertex 72.8063 82.3062 2
      vertex 73.2221 82.1575 0
      vertex 72.8063 82.3062 0
    endloop
  endfacet
  facet normal 0.514029 0.857773 -0
    outer loop
      vertex 74.0001 81.7416 0
      vertex 73.6213 81.9686 2
      vertex 74.0001 81.7416 2
    endloop
  endfacet
  facet normal 0.514029 0.857773 0
    outer loop
      vertex 73.6213 81.9686 2
      vertex 74.0001 81.7416 0
      vertex 73.6213 81.9686 0
    endloop
  endfacet
  facet normal -0.941545 -0.336887 0
    outer loop
      vertex 0.342542 2.77792 0
      vertex 0.193768 3.19372 2
      vertex 0.193768 3.19372 0
    endloop
  endfacet
  facet normal -0.941545 -0.336887 0
    outer loop
      vertex 0.193768 3.19372 2
      vertex 0.342542 2.77792 0
      vertex 0.342542 2.77792 2
    endloop
  endfacet
  facet normal 0.242967 -0.970035 0
    outer loop
      vertex 72.3779 0.0864658 0
      vertex 72.8063 0.193768 2
      vertex 72.3779 0.0864658 2
    endloop
  endfacet
  facet normal 0.242967 -0.970035 0
    outer loop
      vertex 72.8063 0.193768 2
      vertex 72.3779 0.0864658 0
      vertex 72.8063 0.193768 0
    endloop
  endfacet
  facet normal -0.970031 -0.242983 0
    outer loop
      vertex 0.193768 3.19372 0
      vertex 0.0864658 3.62209 2
      vertex 0.0864658 3.62209 0
    endloop
  endfacet
  facet normal -0.970031 -0.242983 0
    outer loop
      vertex 0.0864658 3.62209 2
      vertex 0.193768 3.19372 0
      vertex 0.193768 3.19372 2
    endloop
  endfacet
  facet normal 0.857761 -0.514049 0
    outer loop
      vertex 75.2416 1.99993 2
      vertex 75.4686 2.37871 0
      vertex 75.4686 2.37871 2
    endloop
  endfacet
  facet normal 0.857761 -0.514049 0
    outer loop
      vertex 75.4686 2.37871 0
      vertex 75.2416 1.99993 2
      vertex 75.2416 1.99993 0
    endloop
  endfacet
  facet normal 0.0490644 -0.998796 0
    outer loop
      vertex 71.5 0 0
      vertex 71.9411 0.0216684 2
      vertex 71.5 0 2
    endloop
  endfacet
  facet normal 0.0490644 -0.998796 0
    outer loop
      vertex 71.9411 0.0216684 2
      vertex 71.5 0 0
      vertex 71.9411 0.0216684 0
    endloop
  endfacet
  facet normal 0.14674 -0.989175 0
    outer loop
      vertex 71.9411 0.0216684 0
      vertex 72.3779 0.0864658 2
      vertex 71.9411 0.0216684 2
    endloop
  endfacet
  facet normal 0.14674 -0.989175 0
    outer loop
      vertex 72.3779 0.0864658 2
      vertex 71.9411 0.0216684 0
      vertex 72.3779 0.0864658 0
    endloop
  endfacet
  facet normal 0.336887 -0.941545 0
    outer loop
      vertex 72.8063 0.193768 0
      vertex 73.2221 0.342542 2
      vertex 72.8063 0.193768 2
    endloop
  endfacet
  facet normal 0.336887 -0.941545 0
    outer loop
      vertex 73.2221 0.342542 2
      vertex 72.8063 0.193768 0
      vertex 73.2221 0.342542 0
    endloop
  endfacet
  facet normal 0 0 1
    outer loop
      vertex 73.4 78 2
      vertex 76 78 2
      vertex 75.9783 78.4411 2
    endloop
  endfacet
  facet normal 0 0 1
    outer loop
      vertex 76 78 2
      vertex 73.4 78 2
      vertex 76 4.5 2
    endloop
  endfacet
  facet normal 0 0 1
    outer loop
      vertex 73.3909 78.1862 2
      vertex 75.9783 78.4411 2
      vertex 75.9135 78.8779 2
    endloop
  endfacet
  facet normal 0 0 1
    outer loop
      vertex 73.4 4.5 2
      vertex 76 4.5 2
      vertex 73.4 78 2
    endloop
  endfacet
  facet normal 0 0 1
    outer loop
      vertex 73.3635 78.3707 2
      vertex 75.9135 78.8779 2
      vertex 75.8062 79.3063 2
    endloop
  endfacet
  facet normal 0 0 1
    outer loop
      vertex 76 4.5 2
      vertex 73.4 4.5 2
      vertex 75.9783 4.05892 2
    endloop
  endfacet
  facet normal 0 0 1
    outer loop
      vertex 73.3182 78.5515 2
      vertex 75.8062 79.3063 2
      vertex 75.6575 79.7221 2
    endloop
  endfacet
  facet normal -0 0 1
    outer loop
      vertex 73.3909 4.31377 2
      vertex 75.9783 4.05892 2
      vertex 73.4 4.5 2
    endloop
  endfacet
  facet normal 0 0 1
    outer loop
      vertex 73.2554 78.7271 2
      vertex 75.6575 79.7221 2
      vertex 75.4686 80.1213 2
    endloop
  endfacet
  facet normal 0 0 1
    outer loop
      vertex 75.9783 4.05892 2
      vertex 73.3909 4.31377 2
      vertex 75.9135 3.62209 2
    endloop
  endfacet
  facet normal 0 0 1
    outer loop
      vertex 73.1757 78.8957 2
      vertex 75.4686 80.1213 2
      vertex 75.2416 80.5001 2
    endloop
  endfacet
  facet normal -0 0 1
    outer loop
      vertex 73.3635 4.12933 2
      vertex 75.9135 3.62209 2
      vertex 73.3909 4.31377 2
    endloop
  endfacet
  facet normal 0 0 1
    outer loop
      vertex 73.0798 79.0556 2
      vertex 75.2416 80.5001 2
      vertex 74.9785 80.8548 2
    endloop
  endfacet
  facet normal 0 0 1
    outer loop
      vertex 75.9135 3.62209 2
      vertex 73.3635 4.12933 2
      vertex 75.8062 3.19372 2
    endloop
  endfacet
  facet normal 0 0 1
    outer loop
      vertex 72.9687 79.2053 2
      vertex 74.9785 80.8548 2
      vertex 74.682 81.182 2
    endloop
  endfacet
  facet normal -0 0 1
    outer loop
      vertex 73.3182 3.94846 2
      vertex 75.8062 3.19372 2
      vertex 73.3635 4.12933 2
    endloop
  endfacet
  facet normal 0 0 1
    outer loop
      vertex 72.8435 79.3435 2
      vertex 74.682 81.182 2
      vertex 74.3548 81.4785 2
    endloop
  endfacet
  facet normal 0 0 1
    outer loop
      vertex 75.8062 3.19372 2
      vertex 73.3182 3.94846 2
      vertex 75.6575 2.77792 2
    endloop
  endfacet
  facet normal 0 0 1
    outer loop
      vertex 72.7053 79.4687 2
      vertex 74.3548 81.4785 2
      vertex 74.0001 81.7416 2
    endloop
  endfacet
  facet normal -0 0 1
    outer loop
      vertex 73.2554 3.7729 2
      vertex 75.6575 2.77792 2
      vertex 73.3182 3.94846 2
    endloop
  endfacet
  facet normal 0 0 1
    outer loop
      vertex 72.5556 79.5798 2
      vertex 74.0001 81.7416 2
      vertex 73.6213 81.9686 2
    endloop
  endfacet
  facet normal 0 0 1
    outer loop
      vertex 75.6575 2.77792 2
      vertex 73.2554 3.7729 2
      vertex 75.4686 2.37871 2
    endloop
  endfacet
  facet normal -0 0 1
    outer loop
      vertex 73.1757 3.60435 2
      vertex 75.4686 2.37871 2
      vertex 73.2554 3.7729 2
    endloop
  endfacet
  facet normal 0 0 1
    outer loop
      vertex 75.9783 78.4411 2
      vertex 73.3909 78.1862 2
      vertex 73.4 78 2
    endloop
  endfacet
  facet normal 0 0 1
    outer loop
      vertex 75.9135 78.8779 2
      vertex 73.3635 78.3707 2
      vertex 73.3909 78.1862 2
    endloop
  endfacet
  facet normal 0 0 1
    outer loop
      vertex 75.8062 79.3063 2
      vertex 73.3182 78.5515 2
      vertex 73.3635 78.3707 2
    endloop
  endfacet
  facet normal 0 0 1
    outer loop
      vertex 75.6575 79.7221 2
      vertex 73.2554 78.7271 2
      vertex 73.3182 78.5515 2
    endloop
  endfacet
  facet normal 0 0 1
    outer loop
      vertex 72.3957 79.6757 2
      vertex 73.6213 81.9686 2
      vertex 73.2221 82.1575 2
    endloop
  endfacet
  facet normal 0 0 1
    outer loop
      vertex 75.4686 80.1213 2
      vertex 73.1757 78.8957 2
      vertex 73.2554 78.7271 2
    endloop
  endfacet
  facet normal 0 0 1
    outer loop
      vertex 75.2416 80.5001 2
      vertex 73.0798 79.0556 2
      vertex 73.1757 78.8957 2
    endloop
  endfacet
  facet normal 0 0 1
    outer loop
      vertex 74.9785 80.8548 2
      vertex 72.9687 79.2053 2
      vertex 73.0798 79.0556 2
    endloop
  endfacet
  facet normal 0 0 1
    outer loop
      vertex 74.682 81.182 2
      vertex 72.8435 79.3435 2
      vertex 72.9687 79.2053 2
    endloop
  endfacet
  facet normal 0 0 1
    outer loop
      vertex 72.2271 79.7554 2
      vertex 73.2221 82.1575 2
      vertex 72.8063 82.3062 2
    endloop
  endfacet
  facet normal 0 0 1
    outer loop
      vertex 74.3548 81.4785 2
      vertex 72.7053 79.4687 2
      vertex 72.8435 79.3435 2
    endloop
  endfacet
  facet normal 0 0 1
    outer loop
      vertex 74.0001 81.7416 2
      vertex 72.5556 79.5798 2
      vertex 72.7053 79.4687 2
    endloop
  endfacet
  facet normal 0 0 1
    outer loop
      vertex 73.6213 81.9686 2
      vertex 72.3957 79.6757 2
      vertex 72.5556 79.5798 2
    endloop
  endfacet
  facet normal 0 0 1
    outer loop
      vertex 72.0515 79.8182 2
      vertex 72.8063 82.3062 2
      vertex 72.3779 82.4135 2
    endloop
  endfacet
  facet normal 0 0 1
    outer loop
      vertex 73.2221 82.1575 2
      vertex 72.2271 79.7554 2
      vertex 72.3957 79.6757 2
    endloop
  endfacet
  facet normal 0 0 1
    outer loop
      vertex 72.8063 82.3062 2
      vertex 72.0515 79.8182 2
      vertex 72.2271 79.7554 2
    endloop
  endfacet
  facet normal 0 0 1
    outer loop
      vertex 71.8707 79.8635 2
      vertex 72.3779 82.4135 2
      vertex 71.9411 82.4783 2
    endloop
  endfacet
  facet normal 0 0 1
    outer loop
      vertex 72.3779 82.4135 2
      vertex 71.8707 79.8635 2
      vertex 72.0515 79.8182 2
    endloop
  endfacet
  facet normal 0 0 1
    outer loop
      vertex 71.9411 82.4783 2
      vertex 71.6862 79.8909 2
      vertex 71.8707 79.8635 2
    endloop
  endfacet
  facet normal 0 0 1
    outer loop
      vertex 71.5 82.5 2
      vertex 71.6862 79.8909 2
      vertex 71.9411 82.4783 2
    endloop
  endfacet
  facet normal 0 0 1
    outer loop
      vertex 71.5 82.5 2
      vertex 71.5 79.9 2
      vertex 71.6862 79.8909 2
    endloop
  endfacet
  facet normal -0 0 1
    outer loop
      vertex 4.5 82.5 2
      vertex 71.5 79.9 2
      vertex 71.5 82.5 2
    endloop
  endfacet
  facet normal 0 0 1
    outer loop
      vertex 4.5 82.5 2
      vertex 4.5 79.9 2
      vertex 71.5 79.9 2
    endloop
  endfacet
  facet normal 0 0 1
    outer loop
      vertex 4.5 82.5 2
      vertex 4.31377 79.8909 2
      vertex 4.5 79.9 2
    endloop
  endfacet
  facet normal -0 0 1
    outer loop
      vertex 4.05892 82.4783 2
      vertex 4.31377 79.8909 2
      vertex 4.5 82.5 2
    endloop
  endfacet
  facet normal 0 0 1
    outer loop
      vertex 4.31377 79.8909 2
      vertex 4.05892 82.4783 2
      vertex 4.12933 79.8635 2
    endloop
  endfacet
  facet normal -0 0 1
    outer loop
      vertex 3.62209 82.4135 2
      vertex 4.12933 79.8635 2
      vertex 4.05892 82.4783 2
    endloop
  endfacet
  facet normal 0 0 1
    outer loop
      vertex 4.12933 79.8635 2
      vertex 3.62209 82.4135 2
      vertex 3.94846 79.8182 2
    endloop
  endfacet
  facet normal -0 0 1
    outer loop
      vertex 3.19372 82.3062 2
      vertex 3.94846 79.8182 2
      vertex 3.62209 82.4135 2
    endloop
  endfacet
  facet normal 0 0 1
    outer loop
      vertex 3.94846 79.8182 2
      vertex 3.19372 82.3062 2
      vertex 3.7729 79.7554 2
    endloop
  endfacet
  facet normal -0 0 1
    outer loop
      vertex 2.77792 82.1575 2
      vertex 3.7729 79.7554 2
      vertex 3.19372 82.3062 2
    endloop
  endfacet
  facet normal 0 0 1
    outer loop
      vertex 3.7729 79.7554 2
      vertex 2.77792 82.1575 2
      vertex 3.60435 79.6757 2
    endloop
  endfacet
  facet normal -0 0 1
    outer loop
      vertex 2.37871 81.9686 2
      vertex 3.60435 79.6757 2
      vertex 2.77792 82.1575 2
    endloop
  endfacet
  facet normal 0 0 1
    outer loop
      vertex 3.60435 79.6757 2
      vertex 2.37871 81.9686 2
      vertex 3.44442 79.5798 2
    endloop
  endfacet
  facet normal -0 0 1
    outer loop
      vertex 1.99993 81.7416 2
      vertex 3.44442 79.5798 2
      vertex 2.37871 81.9686 2
    endloop
  endfacet
  facet normal 0 0 1
    outer loop
      vertex 3.44442 79.5798 2
      vertex 1.99993 81.7416 2
      vertex 3.29465 79.4687 2
    endloop
  endfacet
  facet normal -0 0 1
    outer loop
      vertex 1.64523 81.4785 2
      vertex 3.29465 79.4687 2
      vertex 1.99993 81.7416 2
    endloop
  endfacet
  facet normal 0 0 1
    outer loop
      vertex 3.29465 79.4687 2
      vertex 1.64523 81.4785 2
      vertex 3.1565 79.3435 2
    endloop
  endfacet
  facet normal -0 0 1
    outer loop
      vertex 1.31802 81.182 2
      vertex 3.1565 79.3435 2
      vertex 1.64523 81.4785 2
    endloop
  endfacet
  facet normal 0 0 1
    outer loop
      vertex 3.1565 79.3435 2
      vertex 1.31802 81.182 2
      vertex 3.03128 79.2053 2
    endloop
  endfacet
  facet normal -0 0 1
    outer loop
      vertex 1.02145 80.8548 2
      vertex 3.03128 79.2053 2
      vertex 1.31802 81.182 2
    endloop
  endfacet
  facet normal 0 0 1
    outer loop
      vertex 3.03128 79.2053 2
      vertex 1.02145 80.8548 2
      vertex 2.92021 79.0556 2
    endloop
  endfacet
  facet normal -0 0 1
    outer loop
      vertex 0.758387 80.5001 2
      vertex 2.92021 79.0556 2
      vertex 1.02145 80.8548 2
    endloop
  endfacet
  facet normal -0 0 1
    outer loop
      vertex 0.531354 80.1213 2
      vertex 2.82435 78.8957 2
      vertex 0.758387 80.5001 2
    endloop
  endfacet
  facet normal 0 0 1
    outer loop
      vertex 2.92021 79.0556 2
      vertex 0.758387 80.5001 2
      vertex 2.82435 78.8957 2
    endloop
  endfacet
  facet normal 0 0 1
    outer loop
      vertex 75.4686 2.37871 2
      vertex 73.1757 3.60435 2
      vertex 75.2416 1.99993 2
    endloop
  endfacet
  facet normal -0 0 1
    outer loop
      vertex 73.0798 3.44442 2
      vertex 75.2416 1.99993 2
      vertex 73.1757 3.60435 2
    endloop
  endfacet
  facet normal 0 0 1
    outer loop
      vertex 75.2416 1.99993 2
      vertex 73.0798 3.44442 2
      vertex 74.9785 1.64523 2
    endloop
  endfacet
  facet normal -0 0 1
    outer loop
      vertex 72.9687 3.29465 2
      vertex 74.9785 1.64523 2
      vertex 73.0798 3.44442 2
    endloop
  endfacet
  facet normal 0 0 1
    outer loop
      vertex 74.9785 1.64523 2
      vertex 72.9687 3.29465 2
      vertex 74.682 1.31802 2
    endloop
  endfacet
  facet normal -0 0 1
    outer loop
      vertex 72.8435 3.1565 2
      vertex 74.682 1.31802 2
      vertex 72.9687 3.29465 2
    endloop
  endfacet
  facet normal 0 0 1
    outer loop
      vertex 74.682 1.31802 2
      vertex 72.8435 3.1565 2
      vertex 74.3548 1.02145 2
    endloop
  endfacet
  facet normal -0 0 1
    outer loop
      vertex 72.7053 3.03128 2
      vertex 74.3548 1.02145 2
      vertex 72.8435 3.1565 2
    endloop
  endfacet
  facet normal 0 0 1
    outer loop
      vertex 74.3548 1.02145 2
      vertex 72.7053 3.03128 2
      vertex 74.0001 0.758387 2
    endloop
  endfacet
  facet normal -0 0 1
    outer loop
      vertex 72.5556 2.92021 2
      vertex 74.0001 0.758387 2
      vertex 72.7053 3.03128 2
    endloop
  endfacet
  facet normal 0 0 1
    outer loop
      vertex 74.0001 0.758387 2
      vertex 72.5556 2.92021 2
      vertex 73.6213 0.531354 2
    endloop
  endfacet
  facet normal -0 0 1
    outer loop
      vertex 72.3957 2.82435 2
      vertex 73.6213 0.531354 2
      vertex 72.5556 2.92021 2
    endloop
  endfacet
  facet normal 0 0 1
    outer loop
      vertex 73.6213 0.531354 2
      vertex 72.3957 2.82435 2
      vertex 73.2221 0.342542 2
    endloop
  endfacet
  facet normal -0 0 1
    outer loop
      vertex 72.2271 2.74463 2
      vertex 73.2221 0.342542 2
      vertex 72.3957 2.82435 2
    endloop
  endfacet
  facet normal 0 0 1
    outer loop
      vertex 73.2221 0.342542 2
      vertex 72.2271 2.74463 2
      vertex 72.8063 0.193768 2
    endloop
  endfacet
  facet normal -0 0 1
    outer loop
      vertex 72.0515 2.68181 2
      vertex 72.8063 0.193768 2
      vertex 72.2271 2.74463 2
    endloop
  endfacet
  facet normal 0 0 1
    outer loop
      vertex 72.8063 0.193768 2
      vertex 72.0515 2.68181 2
      vertex 72.3779 0.0864658 2
    endloop
  endfacet
  facet normal -0 0 1
    outer loop
      vertex 71.8707 2.63651 2
      vertex 72.3779 0.0864658 2
      vertex 72.0515 2.68181 2
    endloop
  endfacet
  facet normal 0 0 1
    outer loop
      vertex 72.3779 0.0864658 2
      vertex 71.8707 2.63651 2
      vertex 71.9411 0.0216684 2
    endloop
  endfacet
  facet normal -0 0 1
    outer loop
      vertex 71.6862 2.60915 2
      vertex 71.9411 0.0216684 2
      vertex 71.8707 2.63651 2
    endloop
  endfacet
  facet normal -0 0 1
    outer loop
      vertex 71.5 2.6 2
      vertex 71.9411 0.0216684 2
      vertex 71.6862 2.60915 2
    endloop
  endfacet
  facet normal 0 0 1
    outer loop
      vertex 71.5 2.6 2
      vertex 71.5 0 2
      vertex 71.9411 0.0216684 2
    endloop
  endfacet
  facet normal 0 0 1
    outer loop
      vertex 71.5 2.6 2
      vertex 4.5 0 2
      vertex 71.5 0 2
    endloop
  endfacet
  facet normal -0 0 1
    outer loop
      vertex 4.5 2.6 2
      vertex 4.5 0 2
      vertex 71.5 2.6 2
    endloop
  endfacet
  facet normal 0 0 1
    outer loop
      vertex 4.31377 2.60915 2
      vertex 4.5 0 2
      vertex 4.5 2.6 2
    endloop
  endfacet
  facet normal 0 0 1
    outer loop
      vertex 4.05892 0.0216684 2
      vertex 4.31377 2.60915 2
      vertex 4.12933 2.63651 2
    endloop
  endfacet
  facet normal 0 0 1
    outer loop
      vertex 4.31377 2.60915 2
      vertex 4.05892 0.0216684 2
      vertex 4.5 0 2
    endloop
  endfacet
  facet normal 0 0 1
    outer loop
      vertex 3.62209 0.0864658 2
      vertex 4.12933 2.63651 2
      vertex 3.94846 2.68181 2
    endloop
  endfacet
  facet normal 0 0 1
    outer loop
      vertex 3.19372 0.193768 2
      vertex 3.94846 2.68181 2
      vertex 3.7729 2.74463 2
    endloop
  endfacet
  facet normal 0 0 1
    outer loop
      vertex 4.12933 2.63651 2
      vertex 3.62209 0.0864658 2
      vertex 4.05892 0.0216684 2
    endloop
  endfacet
  facet normal 0 0 1
    outer loop
      vertex 2.77792 0.342542 2
      vertex 3.7729 2.74463 2
      vertex 3.60435 2.82435 2
    endloop
  endfacet
  facet normal 0 0 1
    outer loop
      vertex 2.37871 0.531354 2
      vertex 3.60435 2.82435 2
      vertex 3.44442 2.92021 2
    endloop
  endfacet
  facet normal 0 0 1
    outer loop
      vertex 1.99993 0.758387 2
      vertex 3.44442 2.92021 2
      vertex 3.29465 3.03128 2
    endloop
  endfacet
  facet normal 0 0 1
    outer loop
      vertex 3.94846 2.68181 2
      vertex 3.19372 0.193768 2
      vertex 3.62209 0.0864658 2
    endloop
  endfacet
  facet normal 0 0 1
    outer loop
      vertex 1.64523 1.02145 2
      vertex 3.29465 3.03128 2
      vertex 3.1565 3.1565 2
    endloop
  endfacet
  facet normal 0 0 1
    outer loop
      vertex 1.31802 1.31802 2
      vertex 3.1565 3.1565 2
      vertex 3.03128 3.29465 2
    endloop
  endfacet
  facet normal 0 0 1
    outer loop
      vertex 1.02145 1.64523 2
      vertex 3.03128 3.29465 2
      vertex 2.92021 3.44442 2
    endloop
  endfacet
  facet normal 0 0 1
    outer loop
      vertex 0.758387 1.99993 2
      vertex 2.92021 3.44442 2
      vertex 2.82435 3.60435 2
    endloop
  endfacet
  facet normal 0 0 1
    outer loop
      vertex 3.7729 2.74463 2
      vertex 2.77792 0.342542 2
      vertex 3.19372 0.193768 2
    endloop
  endfacet
  facet normal 0 0 1
    outer loop
      vertex 0.531354 2.37871 2
      vertex 2.82435 3.60435 2
      vertex 2.74463 3.7729 2
    endloop
  endfacet
  facet normal 0 0 1
    outer loop
      vertex 0.342542 2.77792 2
      vertex 2.74463 3.7729 2
      vertex 2.68181 3.94846 2
    endloop
  endfacet
  facet normal 0 0 1
    outer loop
      vertex 0.193768 3.19372 2
      vertex 2.68181 3.94846 2
      vertex 2.63651 4.12933 2
    endloop
  endfacet
  facet normal 0 0 1
    outer loop
      vertex 0.0864658 3.62209 2
      vertex 2.63651 4.12933 2
      vertex 2.60915 4.31377 2
    endloop
  endfacet
  facet normal 0 0 1
    outer loop
      vertex 0.0216684 4.05892 2
      vertex 2.60915 4.31377 2
      vertex 2.6 4.5 2
    endloop
  endfacet
  facet normal 0 0 1
    outer loop
      vertex 3.60435 2.82435 2
      vertex 2.37871 0.531354 2
      vertex 2.77792 0.342542 2
    endloop
  endfacet
  facet normal 0 0 1
    outer loop
      vertex 2.6 78 2
      vertex 0 78 2
      vertex 2.6 4.5 2
    endloop
  endfacet
  facet normal 0 0 1
    outer loop
      vertex 2.82435 78.8957 2
      vertex 0.531354 80.1213 2
      vertex 2.74463 78.7271 2
    endloop
  endfacet
  facet normal 0 0 1
    outer loop
      vertex 0 4.5 2
      vertex 2.6 4.5 2
      vertex 0 78 2
    endloop
  endfacet
  facet normal -0 0 1
    outer loop
      vertex 0.342542 79.7221 2
      vertex 2.74463 78.7271 2
      vertex 0.531354 80.1213 2
    endloop
  endfacet
  facet normal 0 -0 1
    outer loop
      vertex 0.0216684 4.05892 2
      vertex 2.6 4.5 2
      vertex 0 4.5 2
    endloop
  endfacet
  facet normal 0 0 1
    outer loop
      vertex 2.74463 78.7271 2
      vertex 0.342542 79.7221 2
      vertex 2.68181 78.5515 2
    endloop
  endfacet
  facet normal 0 0 1
    outer loop
      vertex 3.44442 2.92021 2
      vertex 1.99993 0.758387 2
      vertex 2.37871 0.531354 2
    endloop
  endfacet
  facet normal -0 0 1
    outer loop
      vertex 0.193768 79.3063 2
      vertex 2.68181 78.5515 2
      vertex 0.342542 79.7221 2
    endloop
  endfacet
  facet normal 0 0 1
    outer loop
      vertex 3.29465 3.03128 2
      vertex 1.64523 1.02145 2
      vertex 1.99993 0.758387 2
    endloop
  endfacet
  facet normal 0 0 1
    outer loop
      vertex 2.68181 78.5515 2
      vertex 0.193768 79.3063 2
      vertex 2.63651 78.3707 2
    endloop
  endfacet
  facet normal 0 0 1
    outer loop
      vertex 3.1565 3.1565 2
      vertex 1.31802 1.31802 2
      vertex 1.64523 1.02145 2
    endloop
  endfacet
  facet normal -0 0 1
    outer loop
      vertex 0.0864658 78.8779 2
      vertex 2.63651 78.3707 2
      vertex 0.193768 79.3063 2
    endloop
  endfacet
  facet normal 0 0 1
    outer loop
      vertex 3.03128 3.29465 2
      vertex 1.02145 1.64523 2
      vertex 1.31802 1.31802 2
    endloop
  endfacet
  facet normal 0 0 1
    outer loop
      vertex 2.63651 78.3707 2
      vertex 0.0864658 78.8779 2
      vertex 2.60915 78.1862 2
    endloop
  endfacet
  facet normal 0 0 1
    outer loop
      vertex 2.92021 3.44442 2
      vertex 0.758387 1.99993 2
      vertex 1.02145 1.64523 2
    endloop
  endfacet
  facet normal -0 0 1
    outer loop
      vertex 0.0216684 78.4411 2
      vertex 2.60915 78.1862 2
      vertex 0.0864658 78.8779 2
    endloop
  endfacet
  facet normal 0 0 1
    outer loop
      vertex 2.82435 3.60435 2
      vertex 0.531354 2.37871 2
      vertex 0.758387 1.99993 2
    endloop
  endfacet
  facet normal 0 0 1
    outer loop
      vertex 2.60915 78.1862 2
      vertex 0.0216684 78.4411 2
      vertex 2.6 78 2
    endloop
  endfacet
  facet normal 0 0 1
    outer loop
      vertex 2.74463 3.7729 2
      vertex 0.342542 2.77792 2
      vertex 0.531354 2.37871 2
    endloop
  endfacet
  facet normal 0 0 1
    outer loop
      vertex 2.6 78 2
      vertex 0.0216684 78.4411 2
      vertex 0 78 2
    endloop
  endfacet
  facet normal 0 0 1
    outer loop
      vertex 2.68181 3.94846 2
      vertex 0.193768 3.19372 2
      vertex 0.342542 2.77792 2
    endloop
  endfacet
  facet normal 0 0 1
    outer loop
      vertex 2.63651 4.12933 2
      vertex 0.0864658 3.62209 2
      vertex 0.193768 3.19372 2
    endloop
  endfacet
  facet normal 0 0 1
    outer loop
      vertex 2.60915 4.31377 2
      vertex 0.0216684 4.05892 2
      vertex 0.0864658 3.62209 2
    endloop
  endfacet
  facet normal 0 0 1
    outer loop
      vertex 13.4278 48.5681 2
      vertex 4.2 77.8 2
      vertex 13.41 48.2054 2
    endloop
  endfacet
  facet normal 0 0 1
    outer loop
      vertex 4.2 4.7 2
      vertex 13.41 48.2054 2
      vertex 4.2 77.8 2
    endloop
  endfacet
  facet normal 0 0 1
    outer loop
      vertex 13.41 48.2054 2
      vertex 13.181 18.4032 2
      vertex 13.3787 18.6213 2
    endloop
  endfacet
  facet normal 0 0 1
    outer loop
      vertex 13.41 48.2054 2
      vertex 13.0056 18.1667 2
      vertex 13.181 18.4032 2
    endloop
  endfacet
  facet normal 0 0 1
    outer loop
      vertex 13.41 48.2054 2
      vertex 12.8542 17.9142 2
      vertex 13.0056 18.1667 2
    endloop
  endfacet
  facet normal 0 0 1
    outer loop
      vertex 13.41 48.2054 2
      vertex 12.7284 17.648 2
      vertex 12.8542 17.9142 2
    endloop
  endfacet
  facet normal 0 0 1
    outer loop
      vertex 13.41 48.2054 2
      vertex 4.2 4.7 2
      vertex 12.7284 17.648 2
    endloop
  endfacet
  facet normal 0 0 1
    outer loop
      vertex 12.7284 17.648 2
      vertex 4.2 4.7 2
      vertex 12.6292 17.3709 2
    endloop
  endfacet
  facet normal 0 0 1
    outer loop
      vertex 12.6292 17.3709 2
      vertex 4.2 4.7 2
      vertex 12.5576 17.0853 2
    endloop
  endfacet
  facet normal -0 0 1
    outer loop
      vertex 4.2 77.8 2
      vertex 13.41 76.082 2
      vertex 4.7 78.3 2
    endloop
  endfacet
  facet normal 0 0 1
    outer loop
      vertex 13.4278 76.4446 2
      vertex 4.7 78.3 2
      vertex 13.41 76.082 2
    endloop
  endfacet
  facet normal 0 0 1
    outer loop
      vertex 13.4811 76.8038 2
      vertex 4.7 78.3 2
      vertex 13.4278 76.4446 2
    endloop
  endfacet
  facet normal 0 0 1
    outer loop
      vertex 13.5693 77.156 2
      vertex 4.7 78.3 2
      vertex 13.4811 76.8038 2
    endloop
  endfacet
  facet normal 0 0 1
    outer loop
      vertex 13.6916 77.4979 2
      vertex 4.7 78.3 2
      vertex 13.5693 77.156 2
    endloop
  endfacet
  facet normal 0 0 1
    outer loop
      vertex 13.8469 77.8261 2
      vertex 4.7 78.3 2
      vertex 13.6916 77.4979 2
    endloop
  endfacet
  facet normal 0 0 1
    outer loop
      vertex 14.0336 78.1376 2
      vertex 4.7 78.3 2
      vertex 13.8469 77.8261 2
    endloop
  endfacet
  facet normal -0 0 1
    outer loop
      vertex 4.7 78.3 2
      vertex 14.0336 78.1376 2
      vertex 14.154 78.3 2
    endloop
  endfacet
  facet normal 0 0 1
    outer loop
      vertex 22.245 12.488 2
      vertex 18.4856 16.7941 2
      vertex 18.5 16.5 2
    endloop
  endfacet
  facet normal 0 0 1
    outer loop
      vertex 18.8542 44.9423 2
      vertex 18.4424 17.0853 2
      vertex 18.4856 16.7941 2
    endloop
  endfacet
  facet normal 0 0 1
    outer loop
      vertex 18.8542 44.9423 2
      vertex 18.3708 17.3709 2
      vertex 18.4424 17.0853 2
    endloop
  endfacet
  facet normal 0 0 1
    outer loop
      vertex 18.8542 44.9423 2
      vertex 18.2716 17.648 2
      vertex 18.3708 17.3709 2
    endloop
  endfacet
  facet normal 0 0 1
    outer loop
      vertex 16.9142 19.1458 2
      vertex 18.5259 44.787 2
      vertex 18.1841 44.6647 2
    endloop
  endfacet
  facet normal 0 0 1
    outer loop
      vertex 18.8542 44.9423 2
      vertex 18.1458 17.9142 2
      vertex 18.2716 17.648 2
    endloop
  endfacet
  facet normal 0 0 1
    outer loop
      vertex 18.8542 44.9423 2
      vertex 17.9944 18.1667 2
      vertex 18.1458 17.9142 2
    endloop
  endfacet
  facet normal 0 0 1
    outer loop
      vertex 16.648 19.2716 2
      vertex 18.1841 44.6647 2
      vertex 17.8318 44.5765 2
    endloop
  endfacet
  facet normal 0 0 1
    outer loop
      vertex 18.8542 44.9423 2
      vertex 17.819 18.4032 2
      vertex 17.9944 18.1667 2
    endloop
  endfacet
  facet normal 0 0 1
    outer loop
      vertex 18.8542 44.9423 2
      vertex 17.6213 18.6213 2
      vertex 17.819 18.4032 2
    endloop
  endfacet
  facet normal 0 0 1
    outer loop
      vertex 16.3709 19.3708 2
      vertex 17.8318 44.5765 2
      vertex 17.4727 44.5232 2
    endloop
  endfacet
  facet normal 0 0 1
    outer loop
      vertex 18.8542 44.9423 2
      vertex 17.4032 18.819 2
      vertex 17.6213 18.6213 2
    endloop
  endfacet
  facet normal 0 0 1
    outer loop
      vertex 18.8542 44.9423 2
      vertex 17.1667 18.9944 2
      vertex 17.4032 18.819 2
    endloop
  endfacet
  facet normal 0 0 1
    outer loop
      vertex 16.0853 19.4424 2
      vertex 17.4727 44.5232 2
      vertex 17.11 44.5054 2
    endloop
  endfacet
  facet normal 0 0 1
    outer loop
      vertex 18.5259 44.787 2
      vertex 16.9142 19.1458 2
      vertex 17.1667 18.9944 2
    endloop
  endfacet
  facet normal 0 0 1
    outer loop
      vertex 15.7941 19.4856 2
      vertex 17.11 44.5054 2
      vertex 16.7473 44.5232 2
    endloop
  endfacet
  facet normal 0 0 1
    outer loop
      vertex 18.1841 44.6647 2
      vertex 16.648 19.2716 2
      vertex 16.9142 19.1458 2
    endloop
  endfacet
  facet normal 0 0 1
    outer loop
      vertex 15.5 19.5 2
      vertex 16.7473 44.5232 2
      vertex 16.3882 44.5765 2
    endloop
  endfacet
  facet normal 0 0 1
    outer loop
      vertex 17.8318 44.5765 2
      vertex 16.3709 19.3708 2
      vertex 16.648 19.2716 2
    endloop
  endfacet
  facet normal 0 0 1
    outer loop
      vertex 17.4727 44.5232 2
      vertex 16.0853 19.4424 2
      vertex 16.3709 19.3708 2
    endloop
  endfacet
  facet normal 0 0 1
    outer loop
      vertex 15.2059 19.4856 2
      vertex 16.3882 44.5765 2
      vertex 16.0359 44.6647 2
    endloop
  endfacet
  facet normal 0 0 1
    outer loop
      vertex 17.11 44.5054 2
      vertex 15.7941 19.4856 2
      vertex 16.0853 19.4424 2
    endloop
  endfacet
  facet normal 0 0 1
    outer loop
      vertex 14.6291 19.3708 2
      vertex 16.0359 44.6647 2
      vertex 15.6941 44.787 2
    endloop
  endfacet
  facet normal 0 0 1
    outer loop
      vertex 16.7473 44.5232 2
      vertex 15.5 19.5 2
      vertex 15.7941 19.4856 2
    endloop
  endfacet
  facet normal 0 0 1
    outer loop
      vertex 14.352 19.2716 2
      vertex 15.6941 44.787 2
      vertex 15.3658 44.9423 2
    endloop
  endfacet
  facet normal 0 0 1
    outer loop
      vertex 16.3882 44.5765 2
      vertex 15.2059 19.4856 2
      vertex 15.5 19.5 2
    endloop
  endfacet
  facet normal 0 0 1
    outer loop
      vertex 14.0858 19.1458 2
      vertex 15.3658 44.9423 2
      vertex 15.0544 45.129 2
    endloop
  endfacet
  facet normal 0 0 1
    outer loop
      vertex 16.0359 44.6647 2
      vertex 14.9147 19.4424 2
      vertex 15.2059 19.4856 2
    endloop
  endfacet
  facet normal 0 0 1
    outer loop
      vertex 13.8333 18.9944 2
      vertex 15.0544 45.129 2
      vertex 14.7627 45.3452 2
    endloop
  endfacet
  facet normal 0 0 1
    outer loop
      vertex 16.0359 44.6647 2
      vertex 14.6291 19.3708 2
      vertex 14.9147 19.4424 2
    endloop
  endfacet
  facet normal 0 0 1
    outer loop
      vertex 13.5968 18.819 2
      vertex 14.7627 45.3452 2
      vertex 14.4937 45.5891 2
    endloop
  endfacet
  facet normal 0 0 1
    outer loop
      vertex 15.6941 44.787 2
      vertex 14.352 19.2716 2
      vertex 14.6291 19.3708 2
    endloop
  endfacet
  facet normal 0 0 1
    outer loop
      vertex 13.3787 18.6213 2
      vertex 14.4937 45.5891 2
      vertex 14.2499 45.8581 2
    endloop
  endfacet
  facet normal 0 0 1
    outer loop
      vertex 15.3658 44.9423 2
      vertex 14.0858 19.1458 2
      vertex 14.352 19.2716 2
    endloop
  endfacet
  facet normal 0 0 1
    outer loop
      vertex 13.3787 18.6213 2
      vertex 14.2499 45.8581 2
      vertex 14.0336 46.1498 2
    endloop
  endfacet
  facet normal 0 0 1
    outer loop
      vertex 13.3787 18.6213 2
      vertex 14.0336 46.1498 2
      vertex 13.8469 46.4612 2
    endloop
  endfacet
  facet normal 0 0 1
    outer loop
      vertex 15.0544 45.129 2
      vertex 13.8333 18.9944 2
      vertex 14.0858 19.1458 2
    endloop
  endfacet
  facet normal 0 0 1
    outer loop
      vertex 13.3787 18.6213 2
      vertex 13.8469 46.4612 2
      vertex 13.6916 46.7895 2
    endloop
  endfacet
  facet normal 0 0 1
    outer loop
      vertex 14.7627 45.3452 2
      vertex 13.5968 18.819 2
      vertex 13.8333 18.9944 2
    endloop
  endfacet
  facet normal 0 0 1
    outer loop
      vertex 13.3787 18.6213 2
      vertex 13.6916 46.7895 2
      vertex 13.5693 47.1313 2
    endloop
  endfacet
  facet normal 0 0 1
    outer loop
      vertex 13.3787 18.6213 2
      vertex 13.5693 47.1313 2
      vertex 13.4811 47.4836 2
    endloop
  endfacet
  facet normal 0 0 1
    outer loop
      vertex 13.3787 18.6213 2
      vertex 13.4811 47.4836 2
      vertex 13.4278 47.8427 2
    endloop
  endfacet
  facet normal 0 0 1
    outer loop
      vertex 13.3787 18.6213 2
      vertex 13.4278 47.8427 2
      vertex 13.41 48.2054 2
    endloop
  endfacet
  facet normal 0 0 1
    outer loop
      vertex 14.4937 45.5891 2
      vertex 13.3787 18.6213 2
      vertex 13.5968 18.819 2
    endloop
  endfacet
  facet normal 0 0 1
    outer loop
      vertex 20.5284 74.6661 2
      vertex 55.8916 74.6661 2
      vertex 20.6507 75.0079 2
    endloop
  endfacet
  facet normal 0 0 1
    outer loop
      vertex 56.2336 74.0264 2
      vertex 20.7922 48.5681 2
      vertex 20.81 48.2054 2
    endloop
  endfacet
  facet normal 0 0 1
    outer loop
      vertex 55.8916 74.6661 2
      vertex 20.5284 74.6661 2
      vertex 56.0469 74.3378 2
    endloop
  endfacet
  facet normal 0 0 1
    outer loop
      vertex 56.2336 74.0264 2
      vertex 20.7389 48.9272 2
      vertex 20.7922 48.5681 2
    endloop
  endfacet
  facet normal 0 0 1
    outer loop
      vertex 20.3731 74.3378 2
      vertex 56.0469 74.3378 2
      vertex 20.5284 74.6661 2
    endloop
  endfacet
  facet normal 0 0 1
    outer loop
      vertex 56.2336 74.0264 2
      vertex 20.6507 49.2794 2
      vertex 20.7389 48.9272 2
    endloop
  endfacet
  facet normal 0 0 1
    outer loop
      vertex 56.0469 74.3378 2
      vertex 20.3731 74.3378 2
      vertex 56.2336 74.0264 2
    endloop
  endfacet
  facet normal 0 0 1
    outer loop
      vertex 56.2336 74.0264 2
      vertex 20.5284 49.6213 2
      vertex 20.6507 49.2794 2
    endloop
  endfacet
  facet normal 0 0 1
    outer loop
      vertex 20.1864 74.0264 2
      vertex 56.2336 74.0264 2
      vertex 20.3731 74.3378 2
    endloop
  endfacet
  facet normal 0 0 1
    outer loop
      vertex 56.2336 74.0264 2
      vertex 20.3731 49.9496 2
      vertex 20.5284 49.6213 2
    endloop
  endfacet
  facet normal 0 0 1
    outer loop
      vertex 20.1864 50.261 2
      vertex 56.2336 74.0264 2
      vertex 20.1864 74.0264 2
    endloop
  endfacet
  facet normal 0 0 1
    outer loop
      vertex 56.2336 74.0264 2
      vertex 20.1864 50.261 2
      vertex 20.3731 49.9496 2
    endloop
  endfacet
  facet normal -0 0 1
    outer loop
      vertex 19.9701 73.7347 2
      vertex 20.1864 50.261 2
      vertex 20.1864 74.0264 2
    endloop
  endfacet
  facet normal 0 0 1
    outer loop
      vertex 19.9701 73.7347 2
      vertex 19.9701 50.5526 2
      vertex 20.1864 50.261 2
    endloop
  endfacet
  facet normal -0 0 1
    outer loop
      vertex 19.7263 73.4657 2
      vertex 19.9701 50.5526 2
      vertex 19.9701 73.7347 2
    endloop
  endfacet
  facet normal 0 0 1
    outer loop
      vertex 19.7263 73.4657 2
      vertex 19.7263 50.8217 2
      vertex 19.9701 50.5526 2
    endloop
  endfacet
  facet normal -0 0 1
    outer loop
      vertex 19.4573 73.2218 2
      vertex 19.7263 50.8217 2
      vertex 19.7263 73.4657 2
    endloop
  endfacet
  facet normal 0 0 1
    outer loop
      vertex 19.4573 73.2218 2
      vertex 19.4573 51.0655 2
      vertex 19.7263 50.8217 2
    endloop
  endfacet
  facet normal -0 0 1
    outer loop
      vertex 19.1656 73.0055 2
      vertex 19.4573 51.0655 2
      vertex 19.4573 73.2218 2
    endloop
  endfacet
  facet normal 0 0 1
    outer loop
      vertex 19.1656 73.0055 2
      vertex 19.1656 51.2818 2
      vertex 19.4573 51.0655 2
    endloop
  endfacet
  facet normal -0 0 1
    outer loop
      vertex 18.8542 72.8189 2
      vertex 19.1656 51.2818 2
      vertex 19.1656 73.0055 2
    endloop
  endfacet
  facet normal 0 0 1
    outer loop
      vertex 18.8542 72.8189 2
      vertex 18.8542 51.4685 2
      vertex 19.1656 51.2818 2
    endloop
  endfacet
  facet normal -0 0 1
    outer loop
      vertex 18.5259 72.6636 2
      vertex 18.8542 51.4685 2
      vertex 18.8542 72.8189 2
    endloop
  endfacet
  facet normal 0 0 1
    outer loop
      vertex 18.5259 72.6636 2
      vertex 18.5259 51.6237 2
      vertex 18.8542 51.4685 2
    endloop
  endfacet
  facet normal -0 0 1
    outer loop
      vertex 18.1841 72.5413 2
      vertex 18.5259 51.6237 2
      vertex 18.5259 72.6636 2
    endloop
  endfacet
  facet normal 0 0 1
    outer loop
      vertex 18.1841 72.5413 2
      vertex 18.1841 51.7461 2
      vertex 18.5259 51.6237 2
    endloop
  endfacet
  facet normal -0 0 1
    outer loop
      vertex 17.8318 72.4531 2
      vertex 18.1841 51.7461 2
      vertex 18.1841 72.5413 2
    endloop
  endfacet
  facet normal 0 0 1
    outer loop
      vertex 17.8318 72.4531 2
      vertex 17.8318 51.8343 2
      vertex 18.1841 51.7461 2
    endloop
  endfacet
  facet normal -0 0 1
    outer loop
      vertex 17.4727 72.3998 2
      vertex 17.8318 51.8343 2
      vertex 17.8318 72.4531 2
    endloop
  endfacet
  facet normal 0 0 1
    outer loop
      vertex 17.4727 72.3998 2
      vertex 17.4727 51.8876 2
      vertex 17.8318 51.8343 2
    endloop
  endfacet
  facet normal -0 0 1
    outer loop
      vertex 17.11 72.382 2
      vertex 17.4727 51.8876 2
      vertex 17.4727 72.3998 2
    endloop
  endfacet
  facet normal 0 0 1
    outer loop
      vertex 17.11 72.382 2
      vertex 17.11 51.9054 2
      vertex 17.4727 51.8876 2
    endloop
  endfacet
  facet normal 0 0 1
    outer loop
      vertex 16.7473 72.3998 2
      vertex 17.11 51.9054 2
      vertex 17.11 72.382 2
    endloop
  endfacet
  facet normal 0 0 1
    outer loop
      vertex 16.7473 72.3998 2
      vertex 16.7473 51.8876 2
      vertex 17.11 51.9054 2
    endloop
  endfacet
  facet normal 0 0 1
    outer loop
      vertex 16.3882 72.4531 2
      vertex 16.7473 51.8876 2
      vertex 16.7473 72.3998 2
    endloop
  endfacet
  facet normal 0 0 1
    outer loop
      vertex 16.3882 72.4531 2
      vertex 16.3882 51.8343 2
      vertex 16.7473 51.8876 2
    endloop
  endfacet
  facet normal 0 0 1
    outer loop
      vertex 16.0359 72.5413 2
      vertex 16.3882 51.8343 2
      vertex 16.3882 72.4531 2
    endloop
  endfacet
  facet normal 0 0 1
    outer loop
      vertex 16.0359 72.5413 2
      vertex 16.0359 51.7461 2
      vertex 16.3882 51.8343 2
    endloop
  endfacet
  facet normal 0 0 1
    outer loop
      vertex 15.6941 72.6636 2
      vertex 16.0359 51.7461 2
      vertex 16.0359 72.5413 2
    endloop
  endfacet
  facet normal 0 0 1
    outer loop
      vertex 15.6941 72.6636 2
      vertex 15.6941 51.6237 2
      vertex 16.0359 51.7461 2
    endloop
  endfacet
  facet normal 0 0 1
    outer loop
      vertex 15.3658 72.8189 2
      vertex 15.6941 51.6237 2
      vertex 15.6941 72.6636 2
    endloop
  endfacet
  facet normal 0 0 1
    outer loop
      vertex 15.3658 72.8189 2
      vertex 15.3658 51.4685 2
      vertex 15.6941 51.6237 2
    endloop
  endfacet
  facet normal 0 0 1
    outer loop
      vertex 15.0544 73.0055 2
      vertex 15.3658 51.4685 2
      vertex 15.3658 72.8189 2
    endloop
  endfacet
  facet normal 0 0 1
    outer loop
      vertex 15.0544 73.0055 2
      vertex 15.0544 51.2818 2
      vertex 15.3658 51.4685 2
    endloop
  endfacet
  facet normal 0 0 1
    outer loop
      vertex 14.7627 73.2218 2
      vertex 15.0544 51.2818 2
      vertex 15.0544 73.0055 2
    endloop
  endfacet
  facet normal 0 0 1
    outer loop
      vertex 14.7627 73.2218 2
      vertex 14.7627 51.0655 2
      vertex 15.0544 51.2818 2
    endloop
  endfacet
  facet normal 0 0 1
    outer loop
      vertex 14.4937 73.4657 2
      vertex 14.7627 51.0655 2
      vertex 14.7627 73.2218 2
    endloop
  endfacet
  facet normal 0 0 1
    outer loop
      vertex 14.4937 73.4657 2
      vertex 14.4937 50.8217 2
      vertex 14.7627 51.0655 2
    endloop
  endfacet
  facet normal 0 0 1
    outer loop
      vertex 4.2 77.8 2
      vertex 14.4937 73.4657 2
      vertex 14.2499 73.7347 2
    endloop
  endfacet
  facet normal 0 0 1
    outer loop
      vertex 14.4937 73.4657 2
      vertex 4.2 77.8 2
      vertex 14.4937 50.8217 2
    endloop
  endfacet
  facet normal 0 0 1
    outer loop
      vertex 4.2 77.8 2
      vertex 14.2499 73.7347 2
      vertex 14.0336 74.0264 2
    endloop
  endfacet
  facet normal 0 0 1
    outer loop
      vertex 14.4937 50.8217 2
      vertex 4.2 77.8 2
      vertex 14.2499 50.5526 2
    endloop
  endfacet
  facet normal 0 0 1
    outer loop
      vertex 4.2 77.8 2
      vertex 14.0336 74.0264 2
      vertex 13.8469 74.3378 2
    endloop
  endfacet
  facet normal 0 0 1
    outer loop
      vertex 14.2499 50.5526 2
      vertex 4.2 77.8 2
      vertex 14.0336 50.261 2
    endloop
  endfacet
  facet normal 0 0 1
    outer loop
      vertex 4.2 77.8 2
      vertex 13.8469 74.3378 2
      vertex 13.6916 74.6661 2
    endloop
  endfacet
  facet normal 0 0 1
    outer loop
      vertex 14.0336 50.261 2
      vertex 4.2 77.8 2
      vertex 13.8469 49.9496 2
    endloop
  endfacet
  facet normal 0 0 1
    outer loop
      vertex 4.2 77.8 2
      vertex 13.6916 74.6661 2
      vertex 13.5693 75.0079 2
    endloop
  endfacet
  facet normal 0 0 1
    outer loop
      vertex 13.8469 49.9496 2
      vertex 4.2 77.8 2
      vertex 13.6916 49.6213 2
    endloop
  endfacet
  facet normal 0 0 1
    outer loop
      vertex 4.2 77.8 2
      vertex 13.5693 75.0079 2
      vertex 13.4811 75.3601 2
    endloop
  endfacet
  facet normal 0 0 1
    outer loop
      vertex 13.6916 49.6213 2
      vertex 4.2 77.8 2
      vertex 13.5693 49.2794 2
    endloop
  endfacet
  facet normal 0 0 1
    outer loop
      vertex 4.2 77.8 2
      vertex 13.4811 75.3601 2
      vertex 13.4278 75.7193 2
    endloop
  endfacet
  facet normal 0 0 1
    outer loop
      vertex 13.5693 49.2794 2
      vertex 4.2 77.8 2
      vertex 13.4811 48.9272 2
    endloop
  endfacet
  facet normal 0 0 1
    outer loop
      vertex 4.2 77.8 2
      vertex 13.4278 75.7193 2
      vertex 13.41 76.082 2
    endloop
  endfacet
  facet normal 0 0 1
    outer loop
      vertex 13.4811 48.9272 2
      vertex 4.2 77.8 2
      vertex 13.4278 48.5681 2
    endloop
  endfacet
  facet normal 0 0 1
    outer loop
      vertex 55.6278 48.5681 2
      vertex 20.81 48.2054 2
      vertex 55.61 48.2054 2
    endloop
  endfacet
  facet normal 0 0 1
    outer loop
      vertex 55.61 48.2054 2
      vertex 55.3889 12.0787 2
      vertex 55.586 11.9325 2
    endloop
  endfacet
  facet normal 0 0 1
    outer loop
      vertex 55.61 48.2054 2
      vertex 55.1785 12.2048 2
      vertex 55.3889 12.0787 2
    endloop
  endfacet
  facet normal 0 0 1
    outer loop
      vertex 55.61 48.2054 2
      vertex 54.9567 12.3097 2
      vertex 55.1785 12.2048 2
    endloop
  endfacet
  facet normal 0 0 1
    outer loop
      vertex 55.61 48.2054 2
      vertex 54.7257 12.3924 2
      vertex 54.9567 12.3097 2
    endloop
  endfacet
  facet normal 0 0 1
    outer loop
      vertex 55.61 48.2054 2
      vertex 54.4877 12.452 2
      vertex 54.7257 12.3924 2
    endloop
  endfacet
  facet normal 0 0 1
    outer loop
      vertex 55.61 48.2054 2
      vertex 54.245 12.488 2
      vertex 54.4877 12.452 2
    endloop
  endfacet
  facet normal 0 0 1
    outer loop
      vertex 55.61 48.2054 2
      vertex 54 12.5 2
      vertex 54.245 12.488 2
    endloop
  endfacet
  facet normal 0 0 1
    outer loop
      vertex 55.61 48.2054 2
      vertex 53.755 12.488 2
      vertex 54 12.5 2
    endloop
  endfacet
  facet normal 0 0 1
    outer loop
      vertex 20.7389 47.4836 2
      vertex 55.61 48.2054 2
      vertex 20.7922 47.8427 2
    endloop
  endfacet
  facet normal 0 0 1
    outer loop
      vertex 20.6507 47.1313 2
      vertex 55.61 48.2054 2
      vertex 20.7389 47.4836 2
    endloop
  endfacet
  facet normal 0 0 1
    outer loop
      vertex 55.61 48.2054 2
      vertex 53.5123 12.452 2
      vertex 53.755 12.488 2
    endloop
  endfacet
  facet normal 0 0 1
    outer loop
      vertex 20.5284 46.7895 2
      vertex 55.61 48.2054 2
      vertex 20.6507 47.1313 2
    endloop
  endfacet
  facet normal 0 0 1
    outer loop
      vertex 55.61 48.2054 2
      vertex 53.2743 12.3924 2
      vertex 53.5123 12.452 2
    endloop
  endfacet
  facet normal 0 0 1
    outer loop
      vertex 20.3731 46.4612 2
      vertex 55.61 48.2054 2
      vertex 20.5284 46.7895 2
    endloop
  endfacet
  facet normal 0 0 1
    outer loop
      vertex 20.81 76.082 2
      vertex 55.61 76.082 2
      vertex 55.6278 76.4446 2
    endloop
  endfacet
  facet normal 0 0 1
    outer loop
      vertex 55.61 48.2054 2
      vertex 53.0433 12.3097 2
      vertex 53.2743 12.3924 2
    endloop
  endfacet
  facet normal 0 0 1
    outer loop
      vertex 20.1864 46.1498 2
      vertex 55.61 48.2054 2
      vertex 20.3731 46.4612 2
    endloop
  endfacet
  facet normal 0 0 1
    outer loop
      vertex 55.61 48.2054 2
      vertex 52.8215 12.2048 2
      vertex 53.0433 12.3097 2
    endloop
  endfacet
  facet normal 0 0 1
    outer loop
      vertex 19.9701 45.8581 2
      vertex 55.61 48.2054 2
      vertex 20.1864 46.1498 2
    endloop
  endfacet
  facet normal 0 0 1
    outer loop
      vertex 55.61 48.2054 2
      vertex 52.6111 12.0787 2
      vertex 52.8215 12.2048 2
    endloop
  endfacet
  facet normal 0 0 1
    outer loop
      vertex 55.61 48.2054 2
      vertex 19.9701 45.8581 2
      vertex 52.6111 12.0787 2
    endloop
  endfacet
  facet normal 0 0 1
    outer loop
      vertex 52.6111 12.0787 2
      vertex 19.9701 45.8581 2
      vertex 52.414 11.9325 2
    endloop
  endfacet
  facet normal 0 -0 1
    outer loop
      vertex 23.586 11.9325 2
      vertex 52.414 11.9325 2
      vertex 19.9701 45.8581 2
    endloop
  endfacet
  facet normal 0 0 1
    outer loop
      vertex 51.512 10.245 2
      vertex 24.5 10 2
      vertex 51.5 10 2
    endloop
  endfacet
  facet normal 0 0 1
    outer loop
      vertex 52.414 11.9325 2
      vertex 23.586 11.9325 2
      vertex 52.2322 11.7678 2
    endloop
  endfacet
  facet normal 0 0 1
    outer loop
      vertex 20.7922 76.4446 2
      vertex 55.6278 76.4446 2
      vertex 55.6811 76.8038 2
    endloop
  endfacet
  facet normal 0 0 1
    outer loop
      vertex 20.7389 76.8038 2
      vertex 55.6811 76.8038 2
      vertex 55.7693 77.156 2
    endloop
  endfacet
  facet normal 0 0 1
    outer loop
      vertex 20.6507 77.156 2
      vertex 55.7693 77.156 2
      vertex 55.8916 77.4979 2
    endloop
  endfacet
  facet normal 0 0 1
    outer loop
      vertex 51.512 10.245 2
      vertex 24.488 10.245 2
      vertex 24.5 10 2
    endloop
  endfacet
  facet normal 0 0 1
    outer loop
      vertex 51.512 10.245 2
      vertex 24.452 10.4877 2
      vertex 24.488 10.245 2
    endloop
  endfacet
  facet normal 0 0 1
    outer loop
      vertex 51.548 10.4877 2
      vertex 24.452 10.4877 2
      vertex 51.512 10.245 2
    endloop
  endfacet
  facet normal 0 -0 1
    outer loop
      vertex 24.452 10.4877 2
      vertex 51.548 10.4877 2
      vertex 24.3923 10.7257 2
    endloop
  endfacet
  facet normal 0 0 1
    outer loop
      vertex 20.5284 77.4979 2
      vertex 55.8916 77.4979 2
      vertex 56.0469 77.8261 2
    endloop
  endfacet
  facet normal 0 0 1
    outer loop
      vertex 51.6077 10.7257 2
      vertex 24.3923 10.7257 2
      vertex 51.548 10.4877 2
    endloop
  endfacet
  facet normal 0 -0 1
    outer loop
      vertex 23.9325 11.586 2
      vertex 52.0675 11.586 2
      vertex 23.7678 11.7678 2
    endloop
  endfacet
  facet normal 0 -0 1
    outer loop
      vertex 24.3923 10.7257 2
      vertex 51.6077 10.7257 2
      vertex 24.3097 10.9567 2
    endloop
  endfacet
  facet normal 0 0 1
    outer loop
      vertex 52.0675 11.586 2
      vertex 23.9325 11.586 2
      vertex 51.9213 11.3889 2
    endloop
  endfacet
  facet normal 0 0 1
    outer loop
      vertex 51.6903 10.9567 2
      vertex 24.3097 10.9567 2
      vertex 51.6077 10.7257 2
    endloop
  endfacet
  facet normal 0 -0 1
    outer loop
      vertex 24.0787 11.3889 2
      vertex 51.9213 11.3889 2
      vertex 23.9325 11.586 2
    endloop
  endfacet
  facet normal 0 -0 1
    outer loop
      vertex 24.3097 10.9567 2
      vertex 51.6903 10.9567 2
      vertex 24.2048 11.1785 2
    endloop
  endfacet
  facet normal 0 0 1
    outer loop
      vertex 51.9213 11.3889 2
      vertex 24.0787 11.3889 2
      vertex 51.7952 11.1785 2
    endloop
  endfacet
  facet normal 0 0 1
    outer loop
      vertex 51.7952 11.1785 2
      vertex 24.2048 11.1785 2
      vertex 51.6903 10.9567 2
    endloop
  endfacet
  facet normal 0 -0 1
    outer loop
      vertex 24.2048 11.1785 2
      vertex 51.7952 11.1785 2
      vertex 24.0787 11.3889 2
    endloop
  endfacet
  facet normal 0 0 1
    outer loop
      vertex 23.586 11.9325 2
      vertex 19.9701 45.8581 2
      vertex 23.3889 12.0787 2
    endloop
  endfacet
  facet normal -0 0 1
    outer loop
      vertex 19.7263 45.5891 2
      vertex 23.3889 12.0787 2
      vertex 19.9701 45.8581 2
    endloop
  endfacet
  facet normal -0 0 1
    outer loop
      vertex 18.4856 16.7941 2
      vertex 23.3889 12.0787 2
      vertex 19.7263 45.5891 2
    endloop
  endfacet
  facet normal 0 0 1
    outer loop
      vertex 18.4856 16.7941 2
      vertex 22.9567 12.3097 2
      vertex 23.1785 12.2048 2
    endloop
  endfacet
  facet normal 0 0 1
    outer loop
      vertex 18.4856 16.7941 2
      vertex 22.4877 12.452 2
      vertex 22.7257 12.3924 2
    endloop
  endfacet
  facet normal 0 0 1
    outer loop
      vertex 18.4856 16.7941 2
      vertex 22.245 12.488 2
      vertex 22.4877 12.452 2
    endloop
  endfacet
  facet normal 0 0 1
    outer loop
      vertex 22.245 12.488 2
      vertex 18.5 16.5 2
      vertex 22 12.5 2
    endloop
  endfacet
  facet normal 0 0 1
    outer loop
      vertex 20.7922 75.7193 2
      vertex 55.61 76.082 2
      vertex 20.81 76.082 2
    endloop
  endfacet
  facet normal 0 0 1
    outer loop
      vertex 20.3731 77.8261 2
      vertex 56.0469 77.8261 2
      vertex 56.2336 78.1376 2
    endloop
  endfacet
  facet normal 0 0 1
    outer loop
      vertex 20.1864 78.1376 2
      vertex 56.2336 78.1376 2
      vertex 56.354 78.3 2
    endloop
  endfacet
  facet normal 0 0 1
    outer loop
      vertex 55.6278 76.4446 2
      vertex 20.7922 76.4446 2
      vertex 20.81 76.082 2
    endloop
  endfacet
  facet normal 0 0 1
    outer loop
      vertex 55.6811 76.8038 2
      vertex 20.7389 76.8038 2
      vertex 20.7922 76.4446 2
    endloop
  endfacet
  facet normal 0 0 1
    outer loop
      vertex 55.7693 77.156 2
      vertex 20.6507 77.156 2
      vertex 20.7389 76.8038 2
    endloop
  endfacet
  facet normal 0 0 1
    outer loop
      vertex 55.8916 77.4979 2
      vertex 20.5284 77.4979 2
      vertex 20.6507 77.156 2
    endloop
  endfacet
  facet normal 0 0 1
    outer loop
      vertex 56.0469 77.8261 2
      vertex 20.3731 77.8261 2
      vertex 20.5284 77.4979 2
    endloop
  endfacet
  facet normal 0 0 1
    outer loop
      vertex 56.2336 78.1376 2
      vertex 20.1864 78.1376 2
      vertex 20.3731 77.8261 2
    endloop
  endfacet
  facet normal 0 -0 1
    outer loop
      vertex 20.1864 78.1376 2
      vertex 56.354 78.3 2
      vertex 20.066 78.3 2
    endloop
  endfacet
  facet normal 0 0 1
    outer loop
      vertex 60.2059 13.5144 2
      vertex 56.488 10.245 2
      vertex 56.5 10 2
    endloop
  endfacet
  facet normal 0 0 1
    outer loop
      vertex 57.5144 16.7941 2
      vertex 56.452 10.4877 2
      vertex 56.488 10.245 2
    endloop
  endfacet
  facet normal 0 0 1
    outer loop
      vertex 55.8916 46.7895 2
      vertex 57.6292 17.3709 2
      vertex 56.0469 46.4612 2
    endloop
  endfacet
  facet normal 0 0 1
    outer loop
      vertex 57.5144 16.7941 2
      vertex 56.3923 10.7257 2
      vertex 56.452 10.4877 2
    endloop
  endfacet
  facet normal 0 0 1
    outer loop
      vertex 57.5144 16.7941 2
      vertex 56.3097 10.9567 2
      vertex 56.3923 10.7257 2
    endloop
  endfacet
  facet normal 0 0 1
    outer loop
      vertex 55.586 11.9325 2
      vertex 57.6292 17.3709 2
      vertex 55.8916 46.7895 2
    endloop
  endfacet
  facet normal 0 0 1
    outer loop
      vertex 57.5144 16.7941 2
      vertex 56.2048 11.1785 2
      vertex 56.3097 10.9567 2
    endloop
  endfacet
  facet normal 0 0 1
    outer loop
      vertex 57.5144 16.7941 2
      vertex 56.0787 11.3889 2
      vertex 56.2048 11.1785 2
    endloop
  endfacet
  facet normal 0 0 1
    outer loop
      vertex 57.6292 17.3709 2
      vertex 55.586 11.9325 2
      vertex 57.5576 17.0853 2
    endloop
  endfacet
  facet normal 0 0 1
    outer loop
      vertex 57.5144 16.7941 2
      vertex 55.9325 11.586 2
      vertex 56.0787 11.3889 2
    endloop
  endfacet
  facet normal 0 0 1
    outer loop
      vertex 57.5576 17.0853 2
      vertex 55.586 11.9325 2
      vertex 57.5144 16.7941 2
    endloop
  endfacet
  facet normal 0 0 1
    outer loop
      vertex 55.586 11.9325 2
      vertex 55.8916 46.7895 2
      vertex 55.7693 47.1313 2
    endloop
  endfacet
  facet normal 0 0 1
    outer loop
      vertex 57.5144 16.7941 2
      vertex 55.7678 11.7678 2
      vertex 55.9325 11.586 2
    endloop
  endfacet
  facet normal 0 0 1
    outer loop
      vertex 55.586 11.9325 2
      vertex 55.7693 47.1313 2
      vertex 55.6811 47.4836 2
    endloop
  endfacet
  facet normal 0 0 1
    outer loop
      vertex 55.586 11.9325 2
      vertex 55.6811 47.4836 2
      vertex 55.6278 47.8427 2
    endloop
  endfacet
  facet normal 0 0 1
    outer loop
      vertex 55.586 11.9325 2
      vertex 55.6278 47.8427 2
      vertex 55.61 48.2054 2
    endloop
  endfacet
  facet normal 0 0 1
    outer loop
      vertex 57.5144 16.7941 2
      vertex 55.586 11.9325 2
      vertex 55.7678 11.7678 2
    endloop
  endfacet
  facet normal 0 0 1
    outer loop
      vertex 55.61 48.2054 2
      vertex 20.81 48.2054 2
      vertex 20.7922 47.8427 2
    endloop
  endfacet
  facet normal 0 -0 1
    outer loop
      vertex 23.7678 11.7678 2
      vertex 52.2322 11.7678 2
      vertex 23.586 11.9325 2
    endloop
  endfacet
  facet normal 0 0 1
    outer loop
      vertex 52.2322 11.7678 2
      vertex 23.7678 11.7678 2
      vertex 52.0675 11.586 2
    endloop
  endfacet
  facet normal 0 0 1
    outer loop
      vertex 18.4856 16.7941 2
      vertex 23.1785 12.2048 2
      vertex 23.3889 12.0787 2
    endloop
  endfacet
  facet normal -0 0 1
    outer loop
      vertex 18.4856 16.2059 2
      vertex 22 12.5 2
      vertex 18.5 16.5 2
    endloop
  endfacet
  facet normal -0 0 1
    outer loop
      vertex 18.4424 15.9147 2
      vertex 21.755 12.488 2
      vertex 18.4856 16.2059 2
    endloop
  endfacet
  facet normal -0 0 1
    outer loop
      vertex 18.3708 15.6291 2
      vertex 21.5123 12.452 2
      vertex 18.4424 15.9147 2
    endloop
  endfacet
  facet normal 0 0 1
    outer loop
      vertex 21.5123 12.452 2
      vertex 18.3708 15.6291 2
      vertex 21.2743 12.3924 2
    endloop
  endfacet
  facet normal -0 0 1
    outer loop
      vertex 18.2716 15.352 2
      vertex 21.2743 12.3924 2
      vertex 18.3708 15.6291 2
    endloop
  endfacet
  facet normal 0 0 1
    outer loop
      vertex 21.755 12.488 2
      vertex 18.4424 15.9147 2
      vertex 21.5123 12.452 2
    endloop
  endfacet
  facet normal 0 0 1
    outer loop
      vertex 21.2743 12.3924 2
      vertex 18.2716 15.352 2
      vertex 21.0433 12.3097 2
    endloop
  endfacet
  facet normal 0 0 1
    outer loop
      vertex 22 12.5 2
      vertex 18.4856 16.2059 2
      vertex 21.755 12.488 2
    endloop
  endfacet
  facet normal -0 0 1
    outer loop
      vertex 18.1458 15.0858 2
      vertex 21.0433 12.3097 2
      vertex 18.2716 15.352 2
    endloop
  endfacet
  facet normal 0 0 1
    outer loop
      vertex 21.0433 12.3097 2
      vertex 18.1458 15.0858 2
      vertex 20.8215 12.2048 2
    endloop
  endfacet
  facet normal 0 0 1
    outer loop
      vertex 18.4856 16.7941 2
      vertex 22.7257 12.3924 2
      vertex 22.9567 12.3097 2
    endloop
  endfacet
  facet normal -0 0 1
    outer loop
      vertex 17.9944 14.8333 2
      vertex 20.8215 12.2048 2
      vertex 18.1458 15.0858 2
    endloop
  endfacet
  facet normal 0 0 1
    outer loop
      vertex 20.8215 12.2048 2
      vertex 17.9944 14.8333 2
      vertex 20.6111 12.0787 2
    endloop
  endfacet
  facet normal -0 0 1
    outer loop
      vertex 17.819 14.5968 2
      vertex 20.6111 12.0787 2
      vertex 17.9944 14.8333 2
    endloop
  endfacet
  facet normal 0 0 1
    outer loop
      vertex 20.6111 12.0787 2
      vertex 17.819 14.5968 2
      vertex 20.414 11.9325 2
    endloop
  endfacet
  facet normal -0 0 1
    outer loop
      vertex 17.6213 14.3787 2
      vertex 20.414 11.9325 2
      vertex 17.819 14.5968 2
    endloop
  endfacet
  facet normal 0 0 1
    outer loop
      vertex 18.4856 16.7941 2
      vertex 19.7263 45.5891 2
      vertex 19.4573 45.3452 2
    endloop
  endfacet
  facet normal 0 0 1
    outer loop
      vertex 71.3 78.3 2
      vertex 62.9389 75.3601 2
      vertex 71.8 77.8 2
    endloop
  endfacet
  facet normal 0 0 1
    outer loop
      vertex 71.8 77.8 2
      vertex 62.9922 48.5681 2
      vertex 63.01 48.2054 2
    endloop
  endfacet
  facet normal 0 0 1
    outer loop
      vertex 62.8507 75.0079 2
      vertex 71.8 77.8 2
      vertex 62.9389 75.3601 2
    endloop
  endfacet
  facet normal 0 0 1
    outer loop
      vertex 71.8 77.8 2
      vertex 62.9389 48.9272 2
      vertex 62.9922 48.5681 2
    endloop
  endfacet
  facet normal 0 0 1
    outer loop
      vertex 62.7284 74.6661 2
      vertex 71.8 77.8 2
      vertex 62.8507 75.0079 2
    endloop
  endfacet
  facet normal 0 0 1
    outer loop
      vertex 71.8 77.8 2
      vertex 62.8507 49.2794 2
      vertex 62.9389 48.9272 2
    endloop
  endfacet
  facet normal 0 0 1
    outer loop
      vertex 62.5731 74.3378 2
      vertex 71.8 77.8 2
      vertex 62.7284 74.6661 2
    endloop
  endfacet
  facet normal 0 0 1
    outer loop
      vertex 71.8 77.8 2
      vertex 62.7284 49.6213 2
      vertex 62.8507 49.2794 2
    endloop
  endfacet
  facet normal 0 0 1
    outer loop
      vertex 62.3864 74.0264 2
      vertex 71.8 77.8 2
      vertex 62.5731 74.3378 2
    endloop
  endfacet
  facet normal 0 0 1
    outer loop
      vertex 71.8 77.8 2
      vertex 62.5731 49.9496 2
      vertex 62.7284 49.6213 2
    endloop
  endfacet
  facet normal 0 0 1
    outer loop
      vertex 62.1701 73.7347 2
      vertex 71.8 77.8 2
      vertex 62.3864 74.0264 2
    endloop
  endfacet
  facet normal 0 0 1
    outer loop
      vertex 71.8 77.8 2
      vertex 62.3864 50.261 2
      vertex 62.5731 49.9496 2
    endloop
  endfacet
  facet normal 0 0 1
    outer loop
      vertex 61.9263 73.4657 2
      vertex 71.8 77.8 2
      vertex 62.1701 73.7347 2
    endloop
  endfacet
  facet normal 0 0 1
    outer loop
      vertex 71.8 77.8 2
      vertex 62.1701 50.5526 2
      vertex 62.3864 50.261 2
    endloop
  endfacet
  facet normal 0 0 1
    outer loop
      vertex 61.9263 50.8217 2
      vertex 71.8 77.8 2
      vertex 61.9263 73.4657 2
    endloop
  endfacet
  facet normal 0 0 1
    outer loop
      vertex 71.8 77.8 2
      vertex 61.9263 50.8217 2
      vertex 62.1701 50.5526 2
    endloop
  endfacet
  facet normal -0 0 1
    outer loop
      vertex 61.6573 73.2218 2
      vertex 61.9263 50.8217 2
      vertex 61.9263 73.4657 2
    endloop
  endfacet
  facet normal 0 0 1
    outer loop
      vertex 61.6573 73.2218 2
      vertex 61.6573 51.0655 2
      vertex 61.9263 50.8217 2
    endloop
  endfacet
  facet normal -0 0 1
    outer loop
      vertex 61.3656 73.0055 2
      vertex 61.6573 51.0655 2
      vertex 61.6573 73.2218 2
    endloop
  endfacet
  facet normal 0 0 1
    outer loop
      vertex 61.3656 73.0055 2
      vertex 61.3656 51.2818 2
      vertex 61.6573 51.0655 2
    endloop
  endfacet
  facet normal -0 0 1
    outer loop
      vertex 61.0542 72.8189 2
      vertex 61.3656 51.2818 2
      vertex 61.3656 73.0055 2
    endloop
  endfacet
  facet normal 0 0 1
    outer loop
      vertex 61.0542 72.8189 2
      vertex 61.0542 51.4685 2
      vertex 61.3656 51.2818 2
    endloop
  endfacet
  facet normal -0 0 1
    outer loop
      vertex 60.7259 72.6636 2
      vertex 61.0542 51.4685 2
      vertex 61.0542 72.8189 2
    endloop
  endfacet
  facet normal 0 0 1
    outer loop
      vertex 60.7259 72.6636 2
      vertex 60.7259 51.6237 2
      vertex 61.0542 51.4685 2
    endloop
  endfacet
  facet normal -0 0 1
    outer loop
      vertex 60.3841 72.5413 2
      vertex 60.7259 51.6237 2
      vertex 60.7259 72.6636 2
    endloop
  endfacet
  facet normal 0 0 1
    outer loop
      vertex 60.3841 72.5413 2
      vertex 60.3841 51.7461 2
      vertex 60.7259 51.6237 2
    endloop
  endfacet
  facet normal -0 0 1
    outer loop
      vertex 60.0318 72.4531 2
      vertex 60.3841 51.7461 2
      vertex 60.3841 72.5413 2
    endloop
  endfacet
  facet normal 0 0 1
    outer loop
      vertex 60.0318 72.4531 2
      vertex 60.0318 51.8343 2
      vertex 60.3841 51.7461 2
    endloop
  endfacet
  facet normal -0 0 1
    outer loop
      vertex 59.6727 72.3998 2
      vertex 60.0318 51.8343 2
      vertex 60.0318 72.4531 2
    endloop
  endfacet
  facet normal 0 0 1
    outer loop
      vertex 59.6727 72.3998 2
      vertex 59.6727 51.8876 2
      vertex 60.0318 51.8343 2
    endloop
  endfacet
  facet normal -0 0 1
    outer loop
      vertex 59.31 72.382 2
      vertex 59.6727 51.8876 2
      vertex 59.6727 72.3998 2
    endloop
  endfacet
  facet normal 0 0 1
    outer loop
      vertex 59.31 72.382 2
      vertex 59.31 51.9054 2
      vertex 59.6727 51.8876 2
    endloop
  endfacet
  facet normal 0 0 1
    outer loop
      vertex 58.9473 72.3998 2
      vertex 59.31 51.9054 2
      vertex 59.31 72.382 2
    endloop
  endfacet
  facet normal 0 0 1
    outer loop
      vertex 58.9473 72.3998 2
      vertex 58.9473 51.8876 2
      vertex 59.31 51.9054 2
    endloop
  endfacet
  facet normal 0 0 1
    outer loop
      vertex 58.5882 72.4531 2
      vertex 58.9473 51.8876 2
      vertex 58.9473 72.3998 2
    endloop
  endfacet
  facet normal 0 0 1
    outer loop
      vertex 58.5882 72.4531 2
      vertex 58.5882 51.8343 2
      vertex 58.9473 51.8876 2
    endloop
  endfacet
  facet normal 0 0 1
    outer loop
      vertex 58.2359 72.5413 2
      vertex 58.5882 51.8343 2
      vertex 58.5882 72.4531 2
    endloop
  endfacet
  facet normal 0 0 1
    outer loop
      vertex 58.2359 72.5413 2
      vertex 58.2359 51.7461 2
      vertex 58.5882 51.8343 2
    endloop
  endfacet
  facet normal 0 0 1
    outer loop
      vertex 57.8941 72.6636 2
      vertex 58.2359 51.7461 2
      vertex 58.2359 72.5413 2
    endloop
  endfacet
  facet normal 0 0 1
    outer loop
      vertex 57.8941 72.6636 2
      vertex 57.8941 51.6237 2
      vertex 58.2359 51.7461 2
    endloop
  endfacet
  facet normal 0 0 1
    outer loop
      vertex 57.5658 72.8189 2
      vertex 57.8941 51.6237 2
      vertex 57.8941 72.6636 2
    endloop
  endfacet
  facet normal 0 0 1
    outer loop
      vertex 57.5658 72.8189 2
      vertex 57.5658 51.4685 2
      vertex 57.8941 51.6237 2
    endloop
  endfacet
  facet normal 0 0 1
    outer loop
      vertex 57.2544 73.0055 2
      vertex 57.5658 51.4685 2
      vertex 57.5658 72.8189 2
    endloop
  endfacet
  facet normal 0 0 1
    outer loop
      vertex 57.2544 73.0055 2
      vertex 57.2544 51.2818 2
      vertex 57.5658 51.4685 2
    endloop
  endfacet
  facet normal 0 0 1
    outer loop
      vertex 56.9627 73.2218 2
      vertex 57.2544 51.2818 2
      vertex 57.2544 73.0055 2
    endloop
  endfacet
  facet normal 0 0 1
    outer loop
      vertex 56.9627 73.2218 2
      vertex 56.9627 51.0655 2
      vertex 57.2544 51.2818 2
    endloop
  endfacet
  facet normal 0 0 1
    outer loop
      vertex 56.6937 73.4657 2
      vertex 56.9627 51.0655 2
      vertex 56.9627 73.2218 2
    endloop
  endfacet
  facet normal 0 0 1
    outer loop
      vertex 56.6937 73.4657 2
      vertex 56.6937 50.8217 2
      vertex 56.9627 51.0655 2
    endloop
  endfacet
  facet normal 0 0 1
    outer loop
      vertex 56.4499 73.7347 2
      vertex 56.6937 50.8217 2
      vertex 56.6937 73.4657 2
    endloop
  endfacet
  facet normal 0 0 1
    outer loop
      vertex 56.4499 73.7347 2
      vertex 56.4499 50.5526 2
      vertex 56.6937 50.8217 2
    endloop
  endfacet
  facet normal 0 0 1
    outer loop
      vertex 56.2336 74.0264 2
      vertex 56.4499 50.5526 2
      vertex 56.4499 73.7347 2
    endloop
  endfacet
  facet normal 0 0 1
    outer loop
      vertex 56.2336 74.0264 2
      vertex 56.2336 50.261 2
      vertex 56.4499 50.5526 2
    endloop
  endfacet
  facet normal 0 0 1
    outer loop
      vertex 55.7693 75.0079 2
      vertex 20.6507 75.0079 2
      vertex 55.8916 74.6661 2
    endloop
  endfacet
  facet normal 0 0 1
    outer loop
      vertex 56.2336 74.0264 2
      vertex 20.81 48.2054 2
      vertex 56.2336 50.261 2
    endloop
  endfacet
  facet normal 0 0 1
    outer loop
      vertex 20.6507 75.0079 2
      vertex 55.7693 75.0079 2
      vertex 20.7389 75.3601 2
    endloop
  endfacet
  facet normal 0 0 1
    outer loop
      vertex 56.2336 50.261 2
      vertex 20.81 48.2054 2
      vertex 56.0469 49.9496 2
    endloop
  endfacet
  facet normal 0 0 1
    outer loop
      vertex 55.6811 75.3601 2
      vertex 20.7389 75.3601 2
      vertex 55.7693 75.0079 2
    endloop
  endfacet
  facet normal 0 0 1
    outer loop
      vertex 56.0469 49.9496 2
      vertex 20.81 48.2054 2
      vertex 55.8916 49.6213 2
    endloop
  endfacet
  facet normal 0 0 1
    outer loop
      vertex 20.7389 75.3601 2
      vertex 55.6811 75.3601 2
      vertex 20.7922 75.7193 2
    endloop
  endfacet
  facet normal 0 0 1
    outer loop
      vertex 55.8916 49.6213 2
      vertex 20.81 48.2054 2
      vertex 55.7693 49.2794 2
    endloop
  endfacet
  facet normal -0 0 1
    outer loop
      vertex 20.7922 75.7193 2
      vertex 55.6811 75.3601 2
      vertex 55.6278 75.7193 2
    endloop
  endfacet
  facet normal 0 0 1
    outer loop
      vertex 55.7693 49.2794 2
      vertex 20.81 48.2054 2
      vertex 55.6811 48.9272 2
    endloop
  endfacet
  facet normal 0 0 1
    outer loop
      vertex 20.7922 75.7193 2
      vertex 55.6278 75.7193 2
      vertex 55.61 76.082 2
    endloop
  endfacet
  facet normal 0 0 1
    outer loop
      vertex 55.6811 48.9272 2
      vertex 20.81 48.2054 2
      vertex 55.6278 48.5681 2
    endloop
  endfacet
  facet normal 0 0 1
    outer loop
      vertex 71.3 78.3 2
      vertex 71.8 77.8 2
      vertex 71.7976 77.849 2
    endloop
  endfacet
  facet normal 0 0 1
    outer loop
      vertex 71.8 77.8 2
      vertex 62.9922 47.8427 2
      vertex 71.8 4.7 2
    endloop
  endfacet
  facet normal 0 0 1
    outer loop
      vertex 71.3 78.3 2
      vertex 71.7976 77.849 2
      vertex 71.7904 77.8975 2
    endloop
  endfacet
  facet normal -0 0 1
    outer loop
      vertex 62.9389 47.4836 2
      vertex 71.8 4.7 2
      vertex 62.9922 47.8427 2
    endloop
  endfacet
  facet normal 0 0 1
    outer loop
      vertex 71.3 78.3 2
      vertex 71.7904 77.8975 2
      vertex 71.7785 77.9451 2
    endloop
  endfacet
  facet normal -0 0 1
    outer loop
      vertex 62.8507 47.1313 2
      vertex 71.8 4.7 2
      vertex 62.9389 47.4836 2
    endloop
  endfacet
  facet normal 0 0 1
    outer loop
      vertex 71.3 78.3 2
      vertex 71.7785 77.9451 2
      vertex 71.7619 77.9913 2
    endloop
  endfacet
  facet normal -0 0 1
    outer loop
      vertex 62.7284 46.7895 2
      vertex 71.8 4.7 2
      vertex 62.8507 47.1313 2
    endloop
  endfacet
  facet normal 0 0 1
    outer loop
      vertex 71.3 78.3 2
      vertex 71.7619 77.9913 2
      vertex 71.741 78.0357 2
    endloop
  endfacet
  facet normal -0 -0 1
    outer loop
      vertex 63.2716 17.648 2
      vertex 71.8 4.7 2
      vertex 62.7284 46.7895 2
    endloop
  endfacet
  facet normal 0 0 1
    outer loop
      vertex 71.3 78.3 2
      vertex 71.741 78.0357 2
      vertex 71.7157 78.0778 2
    endloop
  endfacet
  facet normal -0 -0 1
    outer loop
      vertex 63.4424 17.0853 2
      vertex 71.8 4.7 2
      vertex 63.3708 17.3709 2
    endloop
  endfacet
  facet normal 0 0 1
    outer loop
      vertex 71.3 78.3 2
      vertex 71.7157 78.0778 2
      vertex 71.6865 78.1172 2
    endloop
  endfacet
  facet normal -0 -0 1
    outer loop
      vertex 63.4856 16.7941 2
      vertex 71.8 4.7 2
      vertex 63.4424 17.0853 2
    endloop
  endfacet
  facet normal 0 0 1
    outer loop
      vertex 71.3 78.3 2
      vertex 71.6865 78.1172 2
      vertex 71.6535 78.1535 2
    endloop
  endfacet
  facet normal -0 -0 1
    outer loop
      vertex 63.5 16.5 2
      vertex 71.8 4.7 2
      vertex 63.4856 16.7941 2
    endloop
  endfacet
  facet normal 0 0 1
    outer loop
      vertex 71.3 78.3 2
      vertex 71.6535 78.1535 2
      vertex 71.6172 78.1865 2
    endloop
  endfacet
  facet normal -0 0 1
    outer loop
      vertex 63.4856 16.2059 2
      vertex 71.8 4.7 2
      vertex 63.5 16.5 2
    endloop
  endfacet
  facet normal 0 0 1
    outer loop
      vertex 71.3 78.3 2
      vertex 71.6172 78.1865 2
      vertex 71.5778 78.2157 2
    endloop
  endfacet
  facet normal -0 0 1
    outer loop
      vertex 63.4424 15.9147 2
      vertex 71.8 4.7 2
      vertex 63.4856 16.2059 2
    endloop
  endfacet
  facet normal 0 0 1
    outer loop
      vertex 71.3 78.3 2
      vertex 71.5778 78.2157 2
      vertex 71.5357 78.241 2
    endloop
  endfacet
  facet normal -0 0 1
    outer loop
      vertex 63.3708 15.6291 2
      vertex 71.8 4.7 2
      vertex 63.4424 15.9147 2
    endloop
  endfacet
  facet normal 0 0 1
    outer loop
      vertex 71.3 78.3 2
      vertex 71.5357 78.241 2
      vertex 71.4913 78.2619 2
    endloop
  endfacet
  facet normal -0 0 1
    outer loop
      vertex 63.2716 15.352 2
      vertex 71.8 4.7 2
      vertex 63.3708 15.6291 2
    endloop
  endfacet
  facet normal 0 0 1
    outer loop
      vertex 71.3 78.3 2
      vertex 71.4913 78.2619 2
      vertex 71.4451 78.2785 2
    endloop
  endfacet
  facet normal -0 0 1
    outer loop
      vertex 63.1458 15.0858 2
      vertex 71.8 4.7 2
      vertex 63.2716 15.352 2
    endloop
  endfacet
  facet normal 0 0 1
    outer loop
      vertex 71.3 78.3 2
      vertex 71.4451 78.2785 2
      vertex 71.3975 78.2904 2
    endloop
  endfacet
  facet normal -0 0 1
    outer loop
      vertex 62.9944 14.8333 2
      vertex 71.8 4.7 2
      vertex 63.1458 15.0858 2
    endloop
  endfacet
  facet normal 0 0 1
    outer loop
      vertex 71.3 78.3 2
      vertex 71.3975 78.2904 2
      vertex 71.349 78.2976 2
    endloop
  endfacet
  facet normal -0 0 1
    outer loop
      vertex 62.819 14.5968 2
      vertex 71.8 4.7 2
      vertex 62.9944 14.8333 2
    endloop
  endfacet
  facet normal 0 0 1
    outer loop
      vertex 62.9922 75.7193 2
      vertex 71.3 78.3 2
      vertex 63.01 76.082 2
    endloop
  endfacet
  facet normal -0 0 1
    outer loop
      vertex 62.6213 14.3787 2
      vertex 71.8 4.7 2
      vertex 62.819 14.5968 2
    endloop
  endfacet
  facet normal -0 0 1
    outer loop
      vertex 62.4032 14.181 2
      vertex 71.8 4.7 2
      vertex 62.6213 14.3787 2
    endloop
  endfacet
  facet normal 0 0 1
    outer loop
      vertex 71.6172 4.31349 2
      vertex 71.3 4.2 2
      vertex 71.5778 4.28427 2
    endloop
  endfacet
  facet normal 0 0 1
    outer loop
      vertex 71.6865 4.3828 2
      vertex 71.3 4.2 2
      vertex 71.6535 4.34645 2
    endloop
  endfacet
  facet normal 0 0 1
    outer loop
      vertex 71.8 4.7 2
      vertex 71.3 4.2 2
      vertex 71.7976 4.65099 2
    endloop
  endfacet
  facet normal 0 0 1
    outer loop
      vertex 71.7976 4.65099 2
      vertex 71.3 4.2 2
      vertex 71.7904 4.60245 2
    endloop
  endfacet
  facet normal 0 0 1
    outer loop
      vertex 71.7157 4.42221 2
      vertex 71.3 4.2 2
      vertex 71.6865 4.3828 2
    endloop
  endfacet
  facet normal 0 0 1
    outer loop
      vertex 62.9389 75.3601 2
      vertex 71.3 78.3 2
      vertex 62.9922 75.7193 2
    endloop
  endfacet
  facet normal 0 0 1
    outer loop
      vertex 71.3 78.3 2
      vertex 62.9922 76.4446 2
      vertex 63.01 76.082 2
    endloop
  endfacet
  facet normal 0 0 1
    outer loop
      vertex 71.3 78.3 2
      vertex 62.9389 76.8038 2
      vertex 62.9922 76.4446 2
    endloop
  endfacet
  facet normal 0 0 1
    outer loop
      vertex 71.3 78.3 2
      vertex 62.8507 77.156 2
      vertex 62.9389 76.8038 2
    endloop
  endfacet
  facet normal 0 0 1
    outer loop
      vertex 71.3 78.3 2
      vertex 62.7284 77.4979 2
      vertex 62.8507 77.156 2
    endloop
  endfacet
  facet normal 0 0 1
    outer loop
      vertex 71.3 78.3 2
      vertex 62.5731 77.8261 2
      vertex 62.7284 77.4979 2
    endloop
  endfacet
  facet normal 0 0 1
    outer loop
      vertex 71.3 78.3 2
      vertex 62.3864 78.1376 2
      vertex 62.5731 77.8261 2
    endloop
  endfacet
  facet normal 0 -0 1
    outer loop
      vertex 62.3864 78.1376 2
      vertex 71.3 78.3 2
      vertex 62.266 78.3 2
    endloop
  endfacet
  facet normal 0 0 1
    outer loop
      vertex 71.5778 4.28427 2
      vertex 71.3 4.2 2
      vertex 71.5357 4.25904 2
    endloop
  endfacet
  facet normal 0 0 1
    outer loop
      vertex 71.4913 4.23806 2
      vertex 71.3 4.2 2
      vertex 71.4451 4.22153 2
    endloop
  endfacet
  facet normal 0 0 1
    outer loop
      vertex 71.4451 4.22153 2
      vertex 71.3 4.2 2
      vertex 71.3975 4.20961 2
    endloop
  endfacet
  facet normal 0 0 1
    outer loop
      vertex 71.3975 4.20961 2
      vertex 71.3 4.2 2
      vertex 71.349 4.20241 2
    endloop
  endfacet
  facet normal 0 0 1
    outer loop
      vertex 71.5357 4.25904 2
      vertex 71.3 4.2 2
      vertex 71.4913 4.23806 2
    endloop
  endfacet
  facet normal 0 0 1
    outer loop
      vertex 71.6535 4.34645 2
      vertex 71.3 4.2 2
      vertex 71.6172 4.31349 2
    endloop
  endfacet
  facet normal 0 0 1
    outer loop
      vertex 71.741 4.4643 2
      vertex 71.3 4.2 2
      vertex 71.7157 4.42221 2
    endloop
  endfacet
  facet normal 0 0 1
    outer loop
      vertex 71.7904 4.60245 2
      vertex 71.3 4.2 2
      vertex 71.7785 4.55486 2
    endloop
  endfacet
  facet normal 0 0 1
    outer loop
      vertex 71.8 4.7 2
      vertex 62.4032 14.181 2
      vertex 71.3 4.2 2
    endloop
  endfacet
  facet normal -0 0 1
    outer loop
      vertex 62.1667 14.0056 2
      vertex 71.3 4.2 2
      vertex 62.4032 14.181 2
    endloop
  endfacet
  facet normal -0 0 1
    outer loop
      vertex 61.9142 13.8542 2
      vertex 71.3 4.2 2
      vertex 62.1667 14.0056 2
    endloop
  endfacet
  facet normal -0 0 1
    outer loop
      vertex 61.648 13.7284 2
      vertex 71.3 4.2 2
      vertex 61.9142 13.8542 2
    endloop
  endfacet
  facet normal -0 0 1
    outer loop
      vertex 61.3709 13.6292 2
      vertex 71.3 4.2 2
      vertex 61.648 13.7284 2
    endloop
  endfacet
  facet normal 0 0 1
    outer loop
      vertex 56.3097 9.04329 2
      vertex 61.3709 13.6292 2
      vertex 61.0853 13.5576 2
    endloop
  endfacet
  facet normal 0 0 1
    outer loop
      vertex 56.452 9.51227 2
      vertex 61.0853 13.5576 2
      vertex 60.7941 13.5144 2
    endloop
  endfacet
  facet normal 0 0 1
    outer loop
      vertex 56.488 9.75496 2
      vertex 60.7941 13.5144 2
      vertex 60.5 13.5 2
    endloop
  endfacet
  facet normal 0 0 1
    outer loop
      vertex 56.5 10 2
      vertex 60.5 13.5 2
      vertex 60.2059 13.5144 2
    endloop
  endfacet
  facet normal 0 0 1
    outer loop
      vertex 56.488 10.245 2
      vertex 60.2059 13.5144 2
      vertex 59.9147 13.5576 2
    endloop
  endfacet
  facet normal 0 0 1
    outer loop
      vertex 56.488 10.245 2
      vertex 59.9147 13.5576 2
      vertex 59.6291 13.6292 2
    endloop
  endfacet
  facet normal 0 0 1
    outer loop
      vertex 56.488 10.245 2
      vertex 59.6291 13.6292 2
      vertex 59.352 13.7284 2
    endloop
  endfacet
  facet normal 0 0 1
    outer loop
      vertex 56.488 10.245 2
      vertex 59.352 13.7284 2
      vertex 59.0858 13.8542 2
    endloop
  endfacet
  facet normal 0 0 1
    outer loop
      vertex 56.488 10.245 2
      vertex 59.0858 13.8542 2
      vertex 58.8333 14.0056 2
    endloop
  endfacet
  facet normal 0 0 1
    outer loop
      vertex 56.488 10.245 2
      vertex 58.8333 14.0056 2
      vertex 58.5968 14.181 2
    endloop
  endfacet
  facet normal 0 0 1
    outer loop
      vertex 56.0469 46.4612 2
      vertex 57.7284 17.648 2
      vertex 56.2336 46.1498 2
    endloop
  endfacet
  facet normal 0 0 1
    outer loop
      vertex 57.7284 17.648 2
      vertex 56.0469 46.4612 2
      vertex 57.6292 17.3709 2
    endloop
  endfacet
  facet normal 0 0 1
    outer loop
      vertex 56.488 10.245 2
      vertex 57.5 16.5 2
      vertex 57.5144 16.7941 2
    endloop
  endfacet
  facet normal 0 0 1
    outer loop
      vertex 56.488 10.245 2
      vertex 57.5144 16.2059 2
      vertex 57.5 16.5 2
    endloop
  endfacet
  facet normal 0 0 1
    outer loop
      vertex 56.488 10.245 2
      vertex 57.5576 15.9147 2
      vertex 57.5144 16.2059 2
    endloop
  endfacet
  facet normal 0 0 1
    outer loop
      vertex 56.488 10.245 2
      vertex 57.6292 15.6291 2
      vertex 57.5576 15.9147 2
    endloop
  endfacet
  facet normal 0 0 1
    outer loop
      vertex 56.488 10.245 2
      vertex 57.7284 15.352 2
      vertex 57.6292 15.6291 2
    endloop
  endfacet
  facet normal 0 0 1
    outer loop
      vertex 56.488 10.245 2
      vertex 57.8542 15.0858 2
      vertex 57.7284 15.352 2
    endloop
  endfacet
  facet normal 0 0 1
    outer loop
      vertex 56.488 10.245 2
      vertex 58.0056 14.8333 2
      vertex 57.8542 15.0858 2
    endloop
  endfacet
  facet normal 0 0 1
    outer loop
      vertex 56.488 10.245 2
      vertex 58.181 14.5968 2
      vertex 58.0056 14.8333 2
    endloop
  endfacet
  facet normal 0 0 1
    outer loop
      vertex 56.488 10.245 2
      vertex 58.3787 14.3787 2
      vertex 58.181 14.5968 2
    endloop
  endfacet
  facet normal 0 0 1
    outer loop
      vertex 56.488 10.245 2
      vertex 58.5968 14.181 2
      vertex 58.3787 14.3787 2
    endloop
  endfacet
  facet normal 0 0 1
    outer loop
      vertex 60.5 13.5 2
      vertex 56.5 10 2
      vertex 56.488 9.75496 2
    endloop
  endfacet
  facet normal 0 0 1
    outer loop
      vertex 60.7941 13.5144 2
      vertex 56.488 9.75496 2
      vertex 56.452 9.51227 2
    endloop
  endfacet
  facet normal 0 0 1
    outer loop
      vertex 61.0853 13.5576 2
      vertex 56.452 9.51227 2
      vertex 56.3923 9.27429 2
    endloop
  endfacet
  facet normal 0 0 1
    outer loop
      vertex 61.0853 13.5576 2
      vertex 56.3923 9.27429 2
      vertex 56.3097 9.04329 2
    endloop
  endfacet
  facet normal 0 0 1
    outer loop
      vertex 61.3709 13.6292 2
      vertex 56.3097 9.04329 2
      vertex 71.3 4.2 2
    endloop
  endfacet
  facet normal -0 0 1
    outer loop
      vertex 56.2048 8.82151 2
      vertex 71.3 4.2 2
      vertex 56.3097 9.04329 2
    endloop
  endfacet
  facet normal -0 0 1
    outer loop
      vertex 56.0787 8.61107 2
      vertex 71.3 4.2 2
      vertex 56.2048 8.82151 2
    endloop
  endfacet
  facet normal -0 0 1
    outer loop
      vertex 55.9325 8.41402 2
      vertex 71.3 4.2 2
      vertex 56.0787 8.61107 2
    endloop
  endfacet
  facet normal -0 0 1
    outer loop
      vertex 55.7678 8.23223 2
      vertex 71.3 4.2 2
      vertex 55.9325 8.41402 2
    endloop
  endfacet
  facet normal -0 0 1
    outer loop
      vertex 55.586 8.06747 2
      vertex 71.3 4.2 2
      vertex 55.7678 8.23223 2
    endloop
  endfacet
  facet normal -0 0 1
    outer loop
      vertex 55.3889 7.92133 2
      vertex 71.3 4.2 2
      vertex 55.586 8.06747 2
    endloop
  endfacet
  facet normal -0 0 1
    outer loop
      vertex 55.1785 7.7952 2
      vertex 71.3 4.2 2
      vertex 55.3889 7.92133 2
    endloop
  endfacet
  facet normal -0 0 1
    outer loop
      vertex 54.9567 7.6903 2
      vertex 71.3 4.2 2
      vertex 55.1785 7.7952 2
    endloop
  endfacet
  facet normal -0 0 1
    outer loop
      vertex 54.7257 7.60765 2
      vertex 71.3 4.2 2
      vertex 54.9567 7.6903 2
    endloop
  endfacet
  facet normal -0 0 1
    outer loop
      vertex 54.4877 7.54804 2
      vertex 71.3 4.2 2
      vertex 54.7257 7.60765 2
    endloop
  endfacet
  facet normal -0 0 1
    outer loop
      vertex 54.245 7.51204 2
      vertex 71.3 4.2 2
      vertex 54.4877 7.54804 2
    endloop
  endfacet
  facet normal -0 0 1
    outer loop
      vertex 54 7.5 2
      vertex 71.3 4.2 2
      vertex 54.245 7.51204 2
    endloop
  endfacet
  facet normal 0 0 1
    outer loop
      vertex 53.755 7.51204 2
      vertex 71.3 4.2 2
      vertex 54 7.5 2
    endloop
  endfacet
  facet normal 0 0 1
    outer loop
      vertex 22.245 7.51204 2
      vertex 53.755 7.51204 2
      vertex 53.5123 7.54804 2
    endloop
  endfacet
  facet normal -0 0 1
    outer loop
      vertex 24.5 10 2
      vertex 51.512 9.75496 2
      vertex 51.5 10 2
    endloop
  endfacet
  facet normal 0 0 1
    outer loop
      vertex 24.488 9.75496 2
      vertex 51.512 9.75496 2
      vertex 24.5 10 2
    endloop
  endfacet
  facet normal 0 0 1
    outer loop
      vertex 51.512 9.75496 2
      vertex 24.488 9.75496 2
      vertex 51.548 9.51227 2
    endloop
  endfacet
  facet normal 0 0 1
    outer loop
      vertex 24.452 9.51227 2
      vertex 51.548 9.51227 2
      vertex 24.488 9.75496 2
    endloop
  endfacet
  facet normal 0 0 1
    outer loop
      vertex 51.548 9.51227 2
      vertex 24.452 9.51227 2
      vertex 51.6077 9.27429 2
    endloop
  endfacet
  facet normal 0 0 1
    outer loop
      vertex 24.3923 9.27429 2
      vertex 51.6077 9.27429 2
      vertex 24.452 9.51227 2
    endloop
  endfacet
  facet normal 0 0 1
    outer loop
      vertex 51.6077 9.27429 2
      vertex 24.3923 9.27429 2
      vertex 51.6903 9.04329 2
    endloop
  endfacet
  facet normal 0 0 1
    outer loop
      vertex 24.3097 9.04329 2
      vertex 51.6903 9.04329 2
      vertex 24.3923 9.27429 2
    endloop
  endfacet
  facet normal 0 0 1
    outer loop
      vertex 51.6903 9.04329 2
      vertex 24.3097 9.04329 2
      vertex 51.7952 8.82151 2
    endloop
  endfacet
  facet normal 0 0 1
    outer loop
      vertex 24.2048 8.82151 2
      vertex 51.7952 8.82151 2
      vertex 24.3097 9.04329 2
    endloop
  endfacet
  facet normal 0 0 1
    outer loop
      vertex 51.7952 8.82151 2
      vertex 24.2048 8.82151 2
      vertex 51.9213 8.61107 2
    endloop
  endfacet
  facet normal 0 0 1
    outer loop
      vertex 24.0787 8.61107 2
      vertex 51.9213 8.61107 2
      vertex 24.2048 8.82151 2
    endloop
  endfacet
  facet normal 0 0 1
    outer loop
      vertex 51.9213 8.61107 2
      vertex 24.0787 8.61107 2
      vertex 52.0675 8.41402 2
    endloop
  endfacet
  facet normal 0 0 1
    outer loop
      vertex 23.9325 8.41402 2
      vertex 52.0675 8.41402 2
      vertex 24.0787 8.61107 2
    endloop
  endfacet
  facet normal 0 0 1
    outer loop
      vertex 52.0675 8.41402 2
      vertex 23.9325 8.41402 2
      vertex 52.2322 8.23223 2
    endloop
  endfacet
  facet normal 0 0 1
    outer loop
      vertex 23.7678 8.23223 2
      vertex 52.2322 8.23223 2
      vertex 23.9325 8.41402 2
    endloop
  endfacet
  facet normal 0 0 1
    outer loop
      vertex 52.2322 8.23223 2
      vertex 23.7678 8.23223 2
      vertex 52.414 8.06747 2
    endloop
  endfacet
  facet normal 0 0 1
    outer loop
      vertex 23.586 8.06747 2
      vertex 52.414 8.06747 2
      vertex 23.7678 8.23223 2
    endloop
  endfacet
  facet normal 0 0 1
    outer loop
      vertex 52.414 8.06747 2
      vertex 23.586 8.06747 2
      vertex 52.6111 7.92133 2
    endloop
  endfacet
  facet normal 0 0 1
    outer loop
      vertex 23.3889 7.92133 2
      vertex 52.6111 7.92133 2
      vertex 23.586 8.06747 2
    endloop
  endfacet
  facet normal 0 0 1
    outer loop
      vertex 52.6111 7.92133 2
      vertex 23.3889 7.92133 2
      vertex 52.8215 7.7952 2
    endloop
  endfacet
  facet normal 0 0 1
    outer loop
      vertex 23.1785 7.7952 2
      vertex 52.8215 7.7952 2
      vertex 23.3889 7.92133 2
    endloop
  endfacet
  facet normal 0 0 1
    outer loop
      vertex 52.8215 7.7952 2
      vertex 23.1785 7.7952 2
      vertex 53.0433 7.6903 2
    endloop
  endfacet
  facet normal 0 0 1
    outer loop
      vertex 22.9567 7.6903 2
      vertex 53.0433 7.6903 2
      vertex 23.1785 7.7952 2
    endloop
  endfacet
  facet normal 0 0 1
    outer loop
      vertex 53.0433 7.6903 2
      vertex 22.9567 7.6903 2
      vertex 53.2743 7.60765 2
    endloop
  endfacet
  facet normal 0 0 1
    outer loop
      vertex 22.7257 7.60765 2
      vertex 53.2743 7.60765 2
      vertex 22.9567 7.6903 2
    endloop
  endfacet
  facet normal 0 0 1
    outer loop
      vertex 53.2743 7.60765 2
      vertex 22.7257 7.60765 2
      vertex 53.5123 7.54804 2
    endloop
  endfacet
  facet normal 0 0 1
    outer loop
      vertex 22.4877 7.54804 2
      vertex 53.5123 7.54804 2
      vertex 22.7257 7.60765 2
    endloop
  endfacet
  facet normal 0 0 1
    outer loop
      vertex 22.245 7.51204 2
      vertex 53.5123 7.54804 2
      vertex 22.4877 7.54804 2
    endloop
  endfacet
  facet normal 0 0 1
    outer loop
      vertex 53.755 7.51204 2
      vertex 22.245 7.51204 2
      vertex 71.3 4.2 2
    endloop
  endfacet
  facet normal 0 0 1
    outer loop
      vertex 4.7 4.2 2
      vertex 22.245 7.51204 2
      vertex 22 7.5 2
    endloop
  endfacet
  facet normal 0 0 1
    outer loop
      vertex 4.7 4.2 2
      vertex 22 7.5 2
      vertex 21.755 7.51204 2
    endloop
  endfacet
  facet normal 0 0 1
    outer loop
      vertex 18.4856 16.7941 2
      vertex 19.4573 45.3452 2
      vertex 19.1656 45.129 2
    endloop
  endfacet
  facet normal 0 0 1
    outer loop
      vertex 18.4856 16.7941 2
      vertex 19.1656 45.129 2
      vertex 18.8542 44.9423 2
    endloop
  endfacet
  facet normal 0 0 1
    outer loop
      vertex 17.1667 18.9944 2
      vertex 18.8542 44.9423 2
      vertex 18.5259 44.787 2
    endloop
  endfacet
  facet normal 0 0 1
    outer loop
      vertex 20.414 11.9325 2
      vertex 17.6213 14.3787 2
      vertex 20.2322 11.7678 2
    endloop
  endfacet
  facet normal 0 0 1
    outer loop
      vertex 20.2322 11.7678 2
      vertex 17.6213 14.3787 2
      vertex 20.0675 11.586 2
    endloop
  endfacet
  facet normal -0 0 1
    outer loop
      vertex 17.4032 14.181 2
      vertex 20.0675 11.586 2
      vertex 17.6213 14.3787 2
    endloop
  endfacet
  facet normal 0 0 1
    outer loop
      vertex 20.0675 11.586 2
      vertex 17.4032 14.181 2
      vertex 19.9213 11.3889 2
    endloop
  endfacet
  facet normal -0 0 1
    outer loop
      vertex 17.1667 14.0056 2
      vertex 19.9213 11.3889 2
      vertex 17.4032 14.181 2
    endloop
  endfacet
  facet normal 0 0 1
    outer loop
      vertex 19.9213 11.3889 2
      vertex 17.1667 14.0056 2
      vertex 19.7952 11.1785 2
    endloop
  endfacet
  facet normal -0 0 1
    outer loop
      vertex 16.9142 13.8542 2
      vertex 19.7952 11.1785 2
      vertex 17.1667 14.0056 2
    endloop
  endfacet
  facet normal 0 0 1
    outer loop
      vertex 19.7952 11.1785 2
      vertex 16.9142 13.8542 2
      vertex 19.6903 10.9567 2
    endloop
  endfacet
  facet normal -0 0 1
    outer loop
      vertex 16.648 13.7284 2
      vertex 19.6903 10.9567 2
      vertex 16.9142 13.8542 2
    endloop
  endfacet
  facet normal 0 0 1
    outer loop
      vertex 19.6903 10.9567 2
      vertex 16.648 13.7284 2
      vertex 19.6076 10.7257 2
    endloop
  endfacet
  facet normal -0 0 1
    outer loop
      vertex 16.3709 13.6292 2
      vertex 19.6076 10.7257 2
      vertex 16.648 13.7284 2
    endloop
  endfacet
  facet normal 0 0 1
    outer loop
      vertex 19.6076 10.7257 2
      vertex 16.3709 13.6292 2
      vertex 19.548 10.4877 2
    endloop
  endfacet
  facet normal -0 0 1
    outer loop
      vertex 16.0853 13.5576 2
      vertex 19.548 10.4877 2
      vertex 16.3709 13.6292 2
    endloop
  endfacet
  facet normal 0 0 1
    outer loop
      vertex 19.548 10.4877 2
      vertex 16.0853 13.5576 2
      vertex 19.512 10.245 2
    endloop
  endfacet
  facet normal -0 0 1
    outer loop
      vertex 15.7941 13.5144 2
      vertex 19.512 10.245 2
      vertex 16.0853 13.5576 2
    endloop
  endfacet
  facet normal 0 0 1
    outer loop
      vertex 19.512 10.245 2
      vertex 15.7941 13.5144 2
      vertex 19.5 10 2
    endloop
  endfacet
  facet normal -0 0 1
    outer loop
      vertex 15.5 13.5 2
      vertex 19.5 10 2
      vertex 15.7941 13.5144 2
    endloop
  endfacet
  facet normal 0 0 1
    outer loop
      vertex 19.5 10 2
      vertex 15.5 13.5 2
      vertex 19.512 9.75496 2
    endloop
  endfacet
  facet normal 0 0 1
    outer loop
      vertex 15.2059 13.5144 2
      vertex 19.512 9.75496 2
      vertex 15.5 13.5 2
    endloop
  endfacet
  facet normal 0 0 1
    outer loop
      vertex 19.512 9.75496 2
      vertex 15.2059 13.5144 2
      vertex 19.548 9.51227 2
    endloop
  endfacet
  facet normal 0 0 1
    outer loop
      vertex 14.9147 13.5576 2
      vertex 19.548 9.51227 2
      vertex 15.2059 13.5144 2
    endloop
  endfacet
  facet normal 0 0 1
    outer loop
      vertex 19.548 9.51227 2
      vertex 14.9147 13.5576 2
      vertex 19.6076 9.27429 2
    endloop
  endfacet
  facet normal 0 0 1
    outer loop
      vertex 19.6076 9.27429 2
      vertex 14.9147 13.5576 2
      vertex 19.6903 9.04329 2
    endloop
  endfacet
  facet normal 0 0 1
    outer loop
      vertex 14.6291 13.6292 2
      vertex 19.6903 9.04329 2
      vertex 14.9147 13.5576 2
    endloop
  endfacet
  facet normal 0 0 1
    outer loop
      vertex 4.7 4.2 2
      vertex 19.6903 9.04329 2
      vertex 14.6291 13.6292 2
    endloop
  endfacet
  facet normal 0 0 1
    outer loop
      vertex 19.6903 9.04329 2
      vertex 4.7 4.2 2
      vertex 19.7952 8.82151 2
    endloop
  endfacet
  facet normal 0 0 1
    outer loop
      vertex 19.7952 8.82151 2
      vertex 4.7 4.2 2
      vertex 19.9213 8.61107 2
    endloop
  endfacet
  facet normal 0 0 1
    outer loop
      vertex 19.9213 8.61107 2
      vertex 4.7 4.2 2
      vertex 20.0675 8.41402 2
    endloop
  endfacet
  facet normal 0 0 1
    outer loop
      vertex 4.7 4.2 2
      vertex 14.6291 13.6292 2
      vertex 14.352 13.7284 2
    endloop
  endfacet
  facet normal 0 0 1
    outer loop
      vertex 4.7 4.2 2
      vertex 14.352 13.7284 2
      vertex 14.0858 13.8542 2
    endloop
  endfacet
  facet normal 0 0 1
    outer loop
      vertex 4.7 4.2 2
      vertex 14.0858 13.8542 2
      vertex 13.8333 14.0056 2
    endloop
  endfacet
  facet normal 0 0 1
    outer loop
      vertex 20.0675 8.41402 2
      vertex 4.7 4.2 2
      vertex 20.2322 8.23223 2
    endloop
  endfacet
  facet normal 0 0 1
    outer loop
      vertex 4.7 4.2 2
      vertex 13.8333 14.0056 2
      vertex 13.5968 14.181 2
    endloop
  endfacet
  facet normal 0 0 1
    outer loop
      vertex 12.5576 17.0853 2
      vertex 4.2 4.7 2
      vertex 12.5144 16.7941 2
    endloop
  endfacet
  facet normal 0 0 1
    outer loop
      vertex 22.245 7.51204 2
      vertex 4.7 4.2 2
      vertex 71.3 4.2 2
    endloop
  endfacet
  facet normal 0 0 1
    outer loop
      vertex 21.5123 7.54804 2
      vertex 4.7 4.2 2
      vertex 21.755 7.51204 2
    endloop
  endfacet
  facet normal 0 0 1
    outer loop
      vertex 21.2743 7.60765 2
      vertex 4.7 4.2 2
      vertex 21.5123 7.54804 2
    endloop
  endfacet
  facet normal 0 0 1
    outer loop
      vertex 21.0433 7.6903 2
      vertex 4.7 4.2 2
      vertex 21.2743 7.60765 2
    endloop
  endfacet
  facet normal 0 0 1
    outer loop
      vertex 20.8215 7.7952 2
      vertex 4.7 4.2 2
      vertex 21.0433 7.6903 2
    endloop
  endfacet
  facet normal 0 0 1
    outer loop
      vertex 20.6111 7.92133 2
      vertex 4.7 4.2 2
      vertex 20.8215 7.7952 2
    endloop
  endfacet
  facet normal 0 0 1
    outer loop
      vertex 20.414 8.06747 2
      vertex 4.7 4.2 2
      vertex 20.6111 7.92133 2
    endloop
  endfacet
  facet normal 0 0 1
    outer loop
      vertex 20.2322 8.23223 2
      vertex 4.7 4.2 2
      vertex 20.414 8.06747 2
    endloop
  endfacet
  facet normal 0 0 1
    outer loop
      vertex 4.2 4.7 2
      vertex 13.5968 14.181 2
      vertex 13.3787 14.3787 2
    endloop
  endfacet
  facet normal 0 0 1
    outer loop
      vertex 4.2 4.7 2
      vertex 13.3787 14.3787 2
      vertex 13.181 14.5968 2
    endloop
  endfacet
  facet normal 0 0 1
    outer loop
      vertex 4.2 4.7 2
      vertex 13.181 14.5968 2
      vertex 13.0056 14.8333 2
    endloop
  endfacet
  facet normal 0 0 1
    outer loop
      vertex 4.2 4.7 2
      vertex 13.0056 14.8333 2
      vertex 12.8542 15.0858 2
    endloop
  endfacet
  facet normal 0 0 1
    outer loop
      vertex 4.2 4.7 2
      vertex 12.8542 15.0858 2
      vertex 12.7284 15.352 2
    endloop
  endfacet
  facet normal 0 0 1
    outer loop
      vertex 4.2 4.7 2
      vertex 12.7284 15.352 2
      vertex 12.6292 15.6291 2
    endloop
  endfacet
  facet normal 0 0 1
    outer loop
      vertex 4.2 4.7 2
      vertex 12.6292 15.6291 2
      vertex 12.5576 15.9147 2
    endloop
  endfacet
  facet normal 0 0 1
    outer loop
      vertex 4.2 4.7 2
      vertex 12.5576 15.9147 2
      vertex 12.5144 16.2059 2
    endloop
  endfacet
  facet normal 0 0 1
    outer loop
      vertex 12.5144 16.7941 2
      vertex 4.2 4.7 2
      vertex 12.5 16.5 2
    endloop
  endfacet
  facet normal 0 0 1
    outer loop
      vertex 4.2 77.8 2
      vertex 4.7 78.3 2
      vertex 4.65099 78.2976 2
    endloop
  endfacet
  facet normal 0 0 1
    outer loop
      vertex 12.5 16.5 2
      vertex 4.2 4.7 2
      vertex 12.5144 16.2059 2
    endloop
  endfacet
  facet normal 0 0 1
    outer loop
      vertex 4.2 77.8 2
      vertex 4.65099 78.2976 2
      vertex 4.60245 78.2904 2
    endloop
  endfacet
  facet normal 0 0 1
    outer loop
      vertex 13.5968 14.181 2
      vertex 4.2 4.7 2
      vertex 4.7 4.2 2
    endloop
  endfacet
  facet normal 0 0 1
    outer loop
      vertex 4.2 77.8 2
      vertex 4.60245 78.2904 2
      vertex 4.55486 78.2785 2
    endloop
  endfacet
  facet normal 0 0 1
    outer loop
      vertex 4.7 4.2 2
      vertex 4.2 4.7 2
      vertex 4.65099 4.20241 2
    endloop
  endfacet
  facet normal 0 0 1
    outer loop
      vertex 4.2 77.8 2
      vertex 4.55486 78.2785 2
      vertex 4.50866 78.2619 2
    endloop
  endfacet
  facet normal 0 0 1
    outer loop
      vertex 4.65099 4.20241 2
      vertex 4.2 4.7 2
      vertex 4.60245 4.20961 2
    endloop
  endfacet
  facet normal 0 0 1
    outer loop
      vertex 4.2 77.8 2
      vertex 4.50866 78.2619 2
      vertex 4.4643 78.241 2
    endloop
  endfacet
  facet normal 0 0 1
    outer loop
      vertex 4.60245 4.20961 2
      vertex 4.2 4.7 2
      vertex 4.55486 4.22153 2
    endloop
  endfacet
  facet normal 0 0 1
    outer loop
      vertex 4.2 77.8 2
      vertex 4.4643 78.241 2
      vertex 4.42221 78.2157 2
    endloop
  endfacet
  facet normal 0 0 1
    outer loop
      vertex 4.55486 4.22153 2
      vertex 4.2 4.7 2
      vertex 4.50866 4.23806 2
    endloop
  endfacet
  facet normal 0 0 1
    outer loop
      vertex 4.2 77.8 2
      vertex 4.42221 78.2157 2
      vertex 4.3828 78.1865 2
    endloop
  endfacet
  facet normal 0 0 1
    outer loop
      vertex 4.50866 4.23806 2
      vertex 4.2 4.7 2
      vertex 4.4643 4.25904 2
    endloop
  endfacet
  facet normal 0 0 1
    outer loop
      vertex 4.2 77.8 2
      vertex 4.3828 78.1865 2
      vertex 4.34645 78.1535 2
    endloop
  endfacet
  facet normal 0 0 1
    outer loop
      vertex 4.4643 4.25904 2
      vertex 4.2 4.7 2
      vertex 4.42221 4.28427 2
    endloop
  endfacet
  facet normal 0 0 1
    outer loop
      vertex 4.2 77.8 2
      vertex 4.34645 78.1535 2
      vertex 4.31349 78.1172 2
    endloop
  endfacet
  facet normal 0 0 1
    outer loop
      vertex 4.42221 4.28427 2
      vertex 4.2 4.7 2
      vertex 4.3828 4.31349 2
    endloop
  endfacet
  facet normal 0 0 1
    outer loop
      vertex 4.2 77.8 2
      vertex 4.31349 78.1172 2
      vertex 4.28427 78.0778 2
    endloop
  endfacet
  facet normal 0 0 1
    outer loop
      vertex 4.3828 4.31349 2
      vertex 4.2 4.7 2
      vertex 4.34645 4.34645 2
    endloop
  endfacet
  facet normal 0 0 1
    outer loop
      vertex 4.2 77.8 2
      vertex 4.28427 78.0778 2
      vertex 4.25904 78.0357 2
    endloop
  endfacet
  facet normal 0 0 1
    outer loop
      vertex 4.34645 4.34645 2
      vertex 4.2 4.7 2
      vertex 4.31349 4.3828 2
    endloop
  endfacet
  facet normal 0 0 1
    outer loop
      vertex 4.2 77.8 2
      vertex 4.25904 78.0357 2
      vertex 4.23806 77.9913 2
    endloop
  endfacet
  facet normal 0 0 1
    outer loop
      vertex 4.31349 4.3828 2
      vertex 4.2 4.7 2
      vertex 4.28427 4.42221 2
    endloop
  endfacet
  facet normal 0 0 1
    outer loop
      vertex 4.2 77.8 2
      vertex 4.23806 77.9913 2
      vertex 4.22153 77.9451 2
    endloop
  endfacet
  facet normal 0 0 1
    outer loop
      vertex 4.28427 4.42221 2
      vertex 4.2 4.7 2
      vertex 4.25904 4.4643 2
    endloop
  endfacet
  facet normal 0 0 1
    outer loop
      vertex 4.2 77.8 2
      vertex 4.22153 77.9451 2
      vertex 4.20961 77.8975 2
    endloop
  endfacet
  facet normal 0 0 1
    outer loop
      vertex 4.25904 4.4643 2
      vertex 4.2 4.7 2
      vertex 4.23806 4.50866 2
    endloop
  endfacet
  facet normal 0 0 1
    outer loop
      vertex 4.2 77.8 2
      vertex 4.20961 77.8975 2
      vertex 4.20241 77.849 2
    endloop
  endfacet
  facet normal 0 0 1
    outer loop
      vertex 4.23806 4.50866 2
      vertex 4.2 4.7 2
      vertex 4.22153 4.55486 2
    endloop
  endfacet
  facet normal 0 0 1
    outer loop
      vertex 4.22153 4.55486 2
      vertex 4.2 4.7 2
      vertex 4.20961 4.60245 2
    endloop
  endfacet
  facet normal 0 0 1
    outer loop
      vertex 4.20961 4.60245 2
      vertex 4.2 4.7 2
      vertex 4.20241 4.65099 2
    endloop
  endfacet
  facet normal 0 0 1
    outer loop
      vertex 71.8 77.8 2
      vertex 63.01 48.2054 2
      vertex 62.9922 47.8427 2
    endloop
  endfacet
  facet normal 0 0 1
    outer loop
      vertex 71.7785 4.55486 2
      vertex 71.3 4.2 2
      vertex 71.7619 4.50866 2
    endloop
  endfacet
  facet normal 0 0 1
    outer loop
      vertex 71.7619 4.50866 2
      vertex 71.3 4.2 2
      vertex 71.741 4.4643 2
    endloop
  endfacet
  facet normal -0 -0 1
    outer loop
      vertex 63.3708 17.3709 2
      vertex 71.8 4.7 2
      vertex 63.2716 17.648 2
    endloop
  endfacet
  facet normal 0 0 1
    outer loop
      vertex 63.2716 17.648 2
      vertex 62.7284 46.7895 2
      vertex 63.1458 17.9142 2
    endloop
  endfacet
  facet normal -0 0 1
    outer loop
      vertex 62.5731 46.4612 2
      vertex 63.1458 17.9142 2
      vertex 62.7284 46.7895 2
    endloop
  endfacet
  facet normal 0 0 1
    outer loop
      vertex 63.1458 17.9142 2
      vertex 62.5731 46.4612 2
      vertex 62.9944 18.1667 2
    endloop
  endfacet
  facet normal -0 0 1
    outer loop
      vertex 62.3864 46.1498 2
      vertex 62.9944 18.1667 2
      vertex 62.5731 46.4612 2
    endloop
  endfacet
  facet normal 0 0 1
    outer loop
      vertex 62.9944 18.1667 2
      vertex 62.3864 46.1498 2
      vertex 62.819 18.4032 2
    endloop
  endfacet
  facet normal -0 0 1
    outer loop
      vertex 62.1701 45.8581 2
      vertex 62.819 18.4032 2
      vertex 62.3864 46.1498 2
    endloop
  endfacet
  facet normal 0 0 1
    outer loop
      vertex 62.819 18.4032 2
      vertex 62.1701 45.8581 2
      vertex 62.6213 18.6213 2
    endloop
  endfacet
  facet normal -0 0 1
    outer loop
      vertex 61.9263 45.5891 2
      vertex 62.6213 18.6213 2
      vertex 62.1701 45.8581 2
    endloop
  endfacet
  facet normal 0 0 1
    outer loop
      vertex 62.6213 18.6213 2
      vertex 61.9263 45.5891 2
      vertex 62.4032 18.819 2
    endloop
  endfacet
  facet normal -0 0 1
    outer loop
      vertex 61.6573 45.3452 2
      vertex 62.4032 18.819 2
      vertex 61.9263 45.5891 2
    endloop
  endfacet
  facet normal 0 0 1
    outer loop
      vertex 62.4032 18.819 2
      vertex 61.6573 45.3452 2
      vertex 62.1667 18.9944 2
    endloop
  endfacet
  facet normal -0 0 1
    outer loop
      vertex 61.3656 45.129 2
      vertex 62.1667 18.9944 2
      vertex 61.6573 45.3452 2
    endloop
  endfacet
  facet normal 0 0 1
    outer loop
      vertex 62.1667 18.9944 2
      vertex 61.3656 45.129 2
      vertex 61.9142 19.1458 2
    endloop
  endfacet
  facet normal -0 0 1
    outer loop
      vertex 61.0542 44.9423 2
      vertex 61.9142 19.1458 2
      vertex 61.3656 45.129 2
    endloop
  endfacet
  facet normal 0 0 1
    outer loop
      vertex 61.9142 19.1458 2
      vertex 61.0542 44.9423 2
      vertex 61.648 19.2716 2
    endloop
  endfacet
  facet normal -0 0 1
    outer loop
      vertex 60.7259 44.787 2
      vertex 61.648 19.2716 2
      vertex 61.0542 44.9423 2
    endloop
  endfacet
  facet normal 0 0 1
    outer loop
      vertex 61.648 19.2716 2
      vertex 60.7259 44.787 2
      vertex 61.3709 19.3708 2
    endloop
  endfacet
  facet normal -0 0 1
    outer loop
      vertex 60.3841 44.6647 2
      vertex 61.3709 19.3708 2
      vertex 60.7259 44.787 2
    endloop
  endfacet
  facet normal 0 0 1
    outer loop
      vertex 61.3709 19.3708 2
      vertex 60.3841 44.6647 2
      vertex 61.0853 19.4424 2
    endloop
  endfacet
  facet normal -0 0 1
    outer loop
      vertex 60.0318 44.5765 2
      vertex 61.0853 19.4424 2
      vertex 60.3841 44.6647 2
    endloop
  endfacet
  facet normal 0 0 1
    outer loop
      vertex 61.0853 19.4424 2
      vertex 60.0318 44.5765 2
      vertex 60.7941 19.4856 2
    endloop
  endfacet
  facet normal -0 0 1
    outer loop
      vertex 59.6727 44.5232 2
      vertex 60.7941 19.4856 2
      vertex 60.0318 44.5765 2
    endloop
  endfacet
  facet normal 0 0 1
    outer loop
      vertex 60.7941 19.4856 2
      vertex 59.6727 44.5232 2
      vertex 60.5 19.5 2
    endloop
  endfacet
  facet normal -0 0 1
    outer loop
      vertex 59.31 44.5054 2
      vertex 60.5 19.5 2
      vertex 59.6727 44.5232 2
    endloop
  endfacet
  facet normal 0 0 1
    outer loop
      vertex 60.5 19.5 2
      vertex 59.31 44.5054 2
      vertex 60.2059 19.4856 2
    endloop
  endfacet
  facet normal 0 0 1
    outer loop
      vertex 58.9473 44.5232 2
      vertex 60.2059 19.4856 2
      vertex 59.31 44.5054 2
    endloop
  endfacet
  facet normal 0 0 1
    outer loop
      vertex 60.2059 19.4856 2
      vertex 58.9473 44.5232 2
      vertex 59.9147 19.4424 2
    endloop
  endfacet
  facet normal 0 0 1
    outer loop
      vertex 58.5882 44.5765 2
      vertex 59.9147 19.4424 2
      vertex 58.9473 44.5232 2
    endloop
  endfacet
  facet normal 0 0 1
    outer loop
      vertex 59.9147 19.4424 2
      vertex 58.5882 44.5765 2
      vertex 59.6291 19.3708 2
    endloop
  endfacet
  facet normal 0 0 1
    outer loop
      vertex 58.2359 44.6647 2
      vertex 59.6291 19.3708 2
      vertex 58.5882 44.5765 2
    endloop
  endfacet
  facet normal 0 0 1
    outer loop
      vertex 59.6291 19.3708 2
      vertex 58.2359 44.6647 2
      vertex 59.352 19.2716 2
    endloop
  endfacet
  facet normal 0 0 1
    outer loop
      vertex 59.352 19.2716 2
      vertex 58.2359 44.6647 2
      vertex 59.0858 19.1458 2
    endloop
  endfacet
  facet normal 0 0 1
    outer loop
      vertex 57.8941 44.787 2
      vertex 59.0858 19.1458 2
      vertex 58.2359 44.6647 2
    endloop
  endfacet
  facet normal 0 0 1
    outer loop
      vertex 59.0858 19.1458 2
      vertex 57.8941 44.787 2
      vertex 58.8333 18.9944 2
    endloop
  endfacet
  facet normal 0 0 1
    outer loop
      vertex 57.5658 44.9423 2
      vertex 58.8333 18.9944 2
      vertex 57.8941 44.787 2
    endloop
  endfacet
  facet normal 0 0 1
    outer loop
      vertex 58.8333 18.9944 2
      vertex 57.5658 44.9423 2
      vertex 58.5968 18.819 2
    endloop
  endfacet
  facet normal 0 0 1
    outer loop
      vertex 57.2544 45.129 2
      vertex 58.5968 18.819 2
      vertex 57.5658 44.9423 2
    endloop
  endfacet
  facet normal 0 0 1
    outer loop
      vertex 58.5968 18.819 2
      vertex 57.2544 45.129 2
      vertex 58.3787 18.6213 2
    endloop
  endfacet
  facet normal 0 0 1
    outer loop
      vertex 56.9627 45.3452 2
      vertex 58.3787 18.6213 2
      vertex 57.2544 45.129 2
    endloop
  endfacet
  facet normal 0 0 1
    outer loop
      vertex 58.3787 18.6213 2
      vertex 56.9627 45.3452 2
      vertex 58.181 18.4032 2
    endloop
  endfacet
  facet normal 0 0 1
    outer loop
      vertex 56.6937 45.5891 2
      vertex 58.181 18.4032 2
      vertex 56.9627 45.3452 2
    endloop
  endfacet
  facet normal 0 0 1
    outer loop
      vertex 58.181 18.4032 2
      vertex 56.6937 45.5891 2
      vertex 58.0056 18.1667 2
    endloop
  endfacet
  facet normal 0 0 1
    outer loop
      vertex 56.4499 45.8581 2
      vertex 58.0056 18.1667 2
      vertex 56.6937 45.5891 2
    endloop
  endfacet
  facet normal 0 0 1
    outer loop
      vertex 58.0056 18.1667 2
      vertex 56.4499 45.8581 2
      vertex 57.8542 17.9142 2
    endloop
  endfacet
  facet normal 0 0 1
    outer loop
      vertex 56.2336 46.1498 2
      vertex 57.8542 17.9142 2
      vertex 56.4499 45.8581 2
    endloop
  endfacet
  facet normal 0 0 1
    outer loop
      vertex 57.8542 17.9142 2
      vertex 56.2336 46.1498 2
      vertex 57.7284 17.648 2
    endloop
  endfacet
  facet normal 0 0 1
    outer loop
      vertex 19.598 48.4504 2
      vertex 19.598 47.9603 2
      vertex 19.61 48.2054 2
    endloop
  endfacet
  facet normal 0 0 1
    outer loop
      vertex 19.562 48.6931 2
      vertex 19.598 47.9603 2
      vertex 19.598 48.4504 2
    endloop
  endfacet
  facet normal 0 0 1
    outer loop
      vertex 19.562 48.6931 2
      vertex 19.562 47.7177 2
      vertex 19.598 47.9603 2
    endloop
  endfacet
  facet normal 0 0 1
    outer loop
      vertex 19.5023 48.9311 2
      vertex 19.562 47.7177 2
      vertex 19.562 48.6931 2
    endloop
  endfacet
  facet normal 0 0 1
    outer loop
      vertex 19.5023 48.9311 2
      vertex 19.5023 47.4797 2
      vertex 19.562 47.7177 2
    endloop
  endfacet
  facet normal 0 0 1
    outer loop
      vertex 19.4197 49.1621 2
      vertex 19.5023 47.4797 2
      vertex 19.5023 48.9311 2
    endloop
  endfacet
  facet normal 0 0 1
    outer loop
      vertex 19.4197 49.1621 2
      vertex 19.4197 47.2487 2
      vertex 19.5023 47.4797 2
    endloop
  endfacet
  facet normal 0 0 1
    outer loop
      vertex 19.3148 49.3839 2
      vertex 19.4197 47.2487 2
      vertex 19.4197 49.1621 2
    endloop
  endfacet
  facet normal 0 0 1
    outer loop
      vertex 19.3148 49.3839 2
      vertex 19.3148 47.0269 2
      vertex 19.4197 47.2487 2
    endloop
  endfacet
  facet normal 0 0 1
    outer loop
      vertex 19.1887 49.5943 2
      vertex 19.3148 47.0269 2
      vertex 19.3148 49.3839 2
    endloop
  endfacet
  facet normal 0 0 1
    outer loop
      vertex 19.1887 49.5943 2
      vertex 19.1887 46.8165 2
      vertex 19.3148 47.0269 2
    endloop
  endfacet
  facet normal 0 0 1
    outer loop
      vertex 19.0425 49.7914 2
      vertex 19.1887 46.8165 2
      vertex 19.1887 49.5943 2
    endloop
  endfacet
  facet normal 0 0 1
    outer loop
      vertex 19.0425 49.7914 2
      vertex 19.0425 46.6194 2
      vertex 19.1887 46.8165 2
    endloop
  endfacet
  facet normal 0 0 1
    outer loop
      vertex 18.8778 49.9732 2
      vertex 19.0425 46.6194 2
      vertex 19.0425 49.7914 2
    endloop
  endfacet
  facet normal 0 0 1
    outer loop
      vertex 18.8778 49.9732 2
      vertex 18.8778 46.4376 2
      vertex 19.0425 46.6194 2
    endloop
  endfacet
  facet normal 0 0 1
    outer loop
      vertex 18.696 50.1379 2
      vertex 18.8778 46.4376 2
      vertex 18.8778 49.9732 2
    endloop
  endfacet
  facet normal 0 0 1
    outer loop
      vertex 18.696 50.1379 2
      vertex 18.696 46.2729 2
      vertex 18.8778 46.4376 2
    endloop
  endfacet
  facet normal 0 0 1
    outer loop
      vertex 18.4989 50.2841 2
      vertex 18.696 46.2729 2
      vertex 18.696 50.1379 2
    endloop
  endfacet
  facet normal 0 0 1
    outer loop
      vertex 18.4989 50.2841 2
      vertex 18.4989 46.1267 2
      vertex 18.696 46.2729 2
    endloop
  endfacet
  facet normal 0 0 1
    outer loop
      vertex 18.2885 50.4102 2
      vertex 18.4989 46.1267 2
      vertex 18.4989 50.2841 2
    endloop
  endfacet
  facet normal 0 0 1
    outer loop
      vertex 18.2885 50.4102 2
      vertex 18.2885 46.0006 2
      vertex 18.4989 46.1267 2
    endloop
  endfacet
  facet normal 0 0 1
    outer loop
      vertex 18.0667 50.5151 2
      vertex 18.2885 46.0006 2
      vertex 18.2885 50.4102 2
    endloop
  endfacet
  facet normal 0 0 1
    outer loop
      vertex 18.0667 50.5151 2
      vertex 18.0667 45.8957 2
      vertex 18.2885 46.0006 2
    endloop
  endfacet
  facet normal 0 0 1
    outer loop
      vertex 17.8357 50.5977 2
      vertex 18.0667 45.8957 2
      vertex 18.0667 50.5151 2
    endloop
  endfacet
  facet normal 0 0 1
    outer loop
      vertex 17.8357 50.5977 2
      vertex 17.8357 45.813 2
      vertex 18.0667 45.8957 2
    endloop
  endfacet
  facet normal 0 0 1
    outer loop
      vertex 17.5977 50.6574 2
      vertex 17.8357 45.813 2
      vertex 17.8357 50.5977 2
    endloop
  endfacet
  facet normal 0 0 1
    outer loop
      vertex 17.5977 50.6574 2
      vertex 17.5977 45.7534 2
      vertex 17.8357 45.813 2
    endloop
  endfacet
  facet normal 0 0 1
    outer loop
      vertex 17.355 50.6934 2
      vertex 17.5977 45.7534 2
      vertex 17.5977 50.6574 2
    endloop
  endfacet
  facet normal 0 0 1
    outer loop
      vertex 17.355 50.6934 2
      vertex 17.355 45.7174 2
      vertex 17.5977 45.7534 2
    endloop
  endfacet
  facet normal 0 0 1
    outer loop
      vertex 17.11 50.7054 2
      vertex 17.355 45.7174 2
      vertex 17.355 50.6934 2
    endloop
  endfacet
  facet normal 0 0 1
    outer loop
      vertex 17.11 50.7054 2
      vertex 17.11 45.7054 2
      vertex 17.355 45.7174 2
    endloop
  endfacet
  facet normal -0 0 1
    outer loop
      vertex 16.865 50.6934 2
      vertex 17.11 45.7054 2
      vertex 17.11 50.7054 2
    endloop
  endfacet
  facet normal 0 0 1
    outer loop
      vertex 16.865 50.6934 2
      vertex 16.865 45.7174 2
      vertex 17.11 45.7054 2
    endloop
  endfacet
  facet normal -0 0 1
    outer loop
      vertex 16.6223 50.6574 2
      vertex 16.865 45.7174 2
      vertex 16.865 50.6934 2
    endloop
  endfacet
  facet normal 0 0 1
    outer loop
      vertex 16.6223 50.6574 2
      vertex 16.6223 45.7534 2
      vertex 16.865 45.7174 2
    endloop
  endfacet
  facet normal -0 0 1
    outer loop
      vertex 16.3843 50.5977 2
      vertex 16.6223 45.7534 2
      vertex 16.6223 50.6574 2
    endloop
  endfacet
  facet normal 0 0 1
    outer loop
      vertex 16.3843 50.5977 2
      vertex 16.3843 45.813 2
      vertex 16.6223 45.7534 2
    endloop
  endfacet
  facet normal -0 0 1
    outer loop
      vertex 16.1533 50.5151 2
      vertex 16.3843 45.813 2
      vertex 16.3843 50.5977 2
    endloop
  endfacet
  facet normal 0 0 1
    outer loop
      vertex 16.1533 50.5151 2
      vertex 16.1533 45.8957 2
      vertex 16.3843 45.813 2
    endloop
  endfacet
  facet normal -0 0 1
    outer loop
      vertex 15.9315 50.4102 2
      vertex 16.1533 45.8957 2
      vertex 16.1533 50.5151 2
    endloop
  endfacet
  facet normal 0 0 1
    outer loop
      vertex 15.9315 50.4102 2
      vertex 15.9315 46.0006 2
      vertex 16.1533 45.8957 2
    endloop
  endfacet
  facet normal -0 0 1
    outer loop
      vertex 15.7211 50.2841 2
      vertex 15.9315 46.0006 2
      vertex 15.9315 50.4102 2
    endloop
  endfacet
  facet normal 0 0 1
    outer loop
      vertex 15.7211 50.2841 2
      vertex 15.7211 46.1267 2
      vertex 15.9315 46.0006 2
    endloop
  endfacet
  facet normal -0 0 1
    outer loop
      vertex 15.524 50.1379 2
      vertex 15.7211 46.1267 2
      vertex 15.7211 50.2841 2
    endloop
  endfacet
  facet normal 0 0 1
    outer loop
      vertex 15.524 50.1379 2
      vertex 15.524 46.2729 2
      vertex 15.7211 46.1267 2
    endloop
  endfacet
  facet normal -0 0 1
    outer loop
      vertex 15.3422 49.9732 2
      vertex 15.524 46.2729 2
      vertex 15.524 50.1379 2
    endloop
  endfacet
  facet normal 0 0 1
    outer loop
      vertex 15.3422 49.9732 2
      vertex 15.3422 46.4376 2
      vertex 15.524 46.2729 2
    endloop
  endfacet
  facet normal -0 0 1
    outer loop
      vertex 15.1775 49.7914 2
      vertex 15.3422 46.4376 2
      vertex 15.3422 49.9732 2
    endloop
  endfacet
  facet normal 0 0 1
    outer loop
      vertex 15.1775 49.7914 2
      vertex 15.1775 46.6194 2
      vertex 15.3422 46.4376 2
    endloop
  endfacet
  facet normal -0 0 1
    outer loop
      vertex 15.0313 49.5943 2
      vertex 15.1775 46.6194 2
      vertex 15.1775 49.7914 2
    endloop
  endfacet
  facet normal 0 0 1
    outer loop
      vertex 15.0313 49.5943 2
      vertex 15.0313 46.8165 2
      vertex 15.1775 46.6194 2
    endloop
  endfacet
  facet normal -0 0 1
    outer loop
      vertex 14.9052 49.3839 2
      vertex 15.0313 46.8165 2
      vertex 15.0313 49.5943 2
    endloop
  endfacet
  facet normal 0 0 1
    outer loop
      vertex 14.9052 49.3839 2
      vertex 14.9052 47.0269 2
      vertex 15.0313 46.8165 2
    endloop
  endfacet
  facet normal -0 0 1
    outer loop
      vertex 14.8003 49.1621 2
      vertex 14.9052 47.0269 2
      vertex 14.9052 49.3839 2
    endloop
  endfacet
  facet normal 0 0 1
    outer loop
      vertex 14.8003 49.1621 2
      vertex 14.8003 47.2487 2
      vertex 14.9052 47.0269 2
    endloop
  endfacet
  facet normal -0 0 1
    outer loop
      vertex 14.7176 48.9311 2
      vertex 14.8003 47.2487 2
      vertex 14.8003 49.1621 2
    endloop
  endfacet
  facet normal 0 0 1
    outer loop
      vertex 14.7176 48.9311 2
      vertex 14.7176 47.4797 2
      vertex 14.8003 47.2487 2
    endloop
  endfacet
  facet normal -0 0 1
    outer loop
      vertex 14.658 48.6931 2
      vertex 14.7176 47.4797 2
      vertex 14.7176 48.9311 2
    endloop
  endfacet
  facet normal 0 0 1
    outer loop
      vertex 14.658 48.6931 2
      vertex 14.658 47.7177 2
      vertex 14.7176 47.4797 2
    endloop
  endfacet
  facet normal -0 0 1
    outer loop
      vertex 14.622 48.4504 2
      vertex 14.658 47.7177 2
      vertex 14.658 48.6931 2
    endloop
  endfacet
  facet normal 0 0 1
    outer loop
      vertex 14.622 48.4504 2
      vertex 14.622 47.9603 2
      vertex 14.658 47.7177 2
    endloop
  endfacet
  facet normal 0 -0 1
    outer loop
      vertex 14.622 47.9603 2
      vertex 14.622 48.4504 2
      vertex 14.61 48.2054 2
    endloop
  endfacet
  facet normal 0 0 1
    outer loop
      vertex 19.598 76.327 2
      vertex 19.598 75.8369 2
      vertex 19.61 76.082 2
    endloop
  endfacet
  facet normal 0 0 1
    outer loop
      vertex 19.562 76.5697 2
      vertex 19.598 75.8369 2
      vertex 19.598 76.327 2
    endloop
  endfacet
  facet normal 0 0 1
    outer loop
      vertex 19.562 76.5697 2
      vertex 19.562 75.5943 2
      vertex 19.598 75.8369 2
    endloop
  endfacet
  facet normal 0 0 1
    outer loop
      vertex 19.5023 76.8077 2
      vertex 19.562 75.5943 2
      vertex 19.562 76.5697 2
    endloop
  endfacet
  facet normal 0 0 1
    outer loop
      vertex 19.5023 76.8077 2
      vertex 19.5023 75.3563 2
      vertex 19.562 75.5943 2
    endloop
  endfacet
  facet normal 0 0 1
    outer loop
      vertex 19.4197 77.0387 2
      vertex 19.5023 75.3563 2
      vertex 19.5023 76.8077 2
    endloop
  endfacet
  facet normal 0 0 1
    outer loop
      vertex 19.4197 77.0387 2
      vertex 19.4197 75.1253 2
      vertex 19.5023 75.3563 2
    endloop
  endfacet
  facet normal 0 0 1
    outer loop
      vertex 19.3148 77.2605 2
      vertex 19.4197 75.1253 2
      vertex 19.4197 77.0387 2
    endloop
  endfacet
  facet normal 0 0 1
    outer loop
      vertex 19.3148 77.2605 2
      vertex 19.3148 74.9035 2
      vertex 19.4197 75.1253 2
    endloop
  endfacet
  facet normal 0 0 1
    outer loop
      vertex 19.1887 77.4709 2
      vertex 19.3148 74.9035 2
      vertex 19.3148 77.2605 2
    endloop
  endfacet
  facet normal 0 0 1
    outer loop
      vertex 19.1887 77.4709 2
      vertex 19.1887 74.6931 2
      vertex 19.3148 74.9035 2
    endloop
  endfacet
  facet normal 0 0 1
    outer loop
      vertex 19.0425 77.668 2
      vertex 19.1887 74.6931 2
      vertex 19.1887 77.4709 2
    endloop
  endfacet
  facet normal 0 0 1
    outer loop
      vertex 19.0425 77.668 2
      vertex 19.0425 74.496 2
      vertex 19.1887 74.6931 2
    endloop
  endfacet
  facet normal 0 0 1
    outer loop
      vertex 18.8778 77.8497 2
      vertex 19.0425 74.496 2
      vertex 19.0425 77.668 2
    endloop
  endfacet
  facet normal 0 0 1
    outer loop
      vertex 18.8778 77.8497 2
      vertex 18.8778 74.3142 2
      vertex 19.0425 74.496 2
    endloop
  endfacet
  facet normal 0 0 1
    outer loop
      vertex 18.696 78.0145 2
      vertex 18.8778 74.3142 2
      vertex 18.8778 77.8497 2
    endloop
  endfacet
  facet normal 0 0 1
    outer loop
      vertex 18.696 78.0145 2
      vertex 18.696 74.1495 2
      vertex 18.8778 74.3142 2
    endloop
  endfacet
  facet normal 0 0 1
    outer loop
      vertex 18.4989 78.1607 2
      vertex 18.696 74.1495 2
      vertex 18.696 78.0145 2
    endloop
  endfacet
  facet normal 0 0 1
    outer loop
      vertex 18.4989 78.1607 2
      vertex 18.4989 74.0033 2
      vertex 18.696 74.1495 2
    endloop
  endfacet
  facet normal 0 0 1
    outer loop
      vertex 18.2605 78.3 2
      vertex 18.4989 78.1607 2
      vertex 18.2885 78.2868 2
    endloop
  endfacet
  facet normal 0 0 1
    outer loop
      vertex 18.4989 78.1607 2
      vertex 18.2605 78.3 2
      vertex 18.4989 74.0033 2
    endloop
  endfacet
  facet normal 0 0 1
    outer loop
      vertex 18.4989 74.0033 2
      vertex 18.2605 78.3 2
      vertex 18.2885 73.8772 2
    endloop
  endfacet
  facet normal 0 0 1
    outer loop
      vertex 18.2605 78.3 2
      vertex 18.0667 73.7723 2
      vertex 18.2885 73.8772 2
    endloop
  endfacet
  facet normal 0 0 1
    outer loop
      vertex 18.2605 78.3 2
      vertex 17.8357 73.6896 2
      vertex 18.0667 73.7723 2
    endloop
  endfacet
  facet normal 0 0 1
    outer loop
      vertex 18.2605 78.3 2
      vertex 17.5977 73.63 2
      vertex 17.8357 73.6896 2
    endloop
  endfacet
  facet normal 0 0 1
    outer loop
      vertex 18.2605 78.3 2
      vertex 17.355 73.594 2
      vertex 17.5977 73.63 2
    endloop
  endfacet
  facet normal 0 0 1
    outer loop
      vertex 18.2605 78.3 2
      vertex 17.11 73.582 2
      vertex 17.355 73.594 2
    endloop
  endfacet
  facet normal 0 0 1
    outer loop
      vertex 18.2605 78.3 2
      vertex 16.865 73.594 2
      vertex 17.11 73.582 2
    endloop
  endfacet
  facet normal 0 0 1
    outer loop
      vertex 18.2605 78.3 2
      vertex 16.6223 73.63 2
      vertex 16.865 73.594 2
    endloop
  endfacet
  facet normal 0 0 1
    outer loop
      vertex 18.2605 78.3 2
      vertex 16.3843 73.6896 2
      vertex 16.6223 73.63 2
    endloop
  endfacet
  facet normal 0 0 1
    outer loop
      vertex 18.2605 78.3 2
      vertex 16.1533 73.7723 2
      vertex 16.3843 73.6896 2
    endloop
  endfacet
  facet normal -0 0 1
    outer loop
      vertex 15.9595 78.3 2
      vertex 16.1533 73.7723 2
      vertex 18.2605 78.3 2
    endloop
  endfacet
  facet normal 0 0 1
    outer loop
      vertex 15.7211 78.1607 2
      vertex 15.9595 78.3 2
      vertex 15.9315 78.2868 2
    endloop
  endfacet
  facet normal 0 0 1
    outer loop
      vertex 15.9595 78.3 2
      vertex 15.9315 73.8772 2
      vertex 16.1533 73.7723 2
    endloop
  endfacet
  facet normal 0 0 1
    outer loop
      vertex 15.9595 78.3 2
      vertex 15.7211 78.1607 2
      vertex 15.9315 73.8772 2
    endloop
  endfacet
  facet normal 0 0 1
    outer loop
      vertex 15.7211 78.1607 2
      vertex 15.7211 74.0033 2
      vertex 15.9315 73.8772 2
    endloop
  endfacet
  facet normal -0 0 1
    outer loop
      vertex 15.524 78.0145 2
      vertex 15.7211 74.0033 2
      vertex 15.7211 78.1607 2
    endloop
  endfacet
  facet normal 0 0 1
    outer loop
      vertex 15.524 78.0145 2
      vertex 15.524 74.1495 2
      vertex 15.7211 74.0033 2
    endloop
  endfacet
  facet normal -0 0 1
    outer loop
      vertex 15.3422 77.8497 2
      vertex 15.524 74.1495 2
      vertex 15.524 78.0145 2
    endloop
  endfacet
  facet normal 0 0 1
    outer loop
      vertex 15.3422 77.8497 2
      vertex 15.3422 74.3142 2
      vertex 15.524 74.1495 2
    endloop
  endfacet
  facet normal -0 0 1
    outer loop
      vertex 15.1775 77.668 2
      vertex 15.3422 74.3142 2
      vertex 15.3422 77.8497 2
    endloop
  endfacet
  facet normal 0 0 1
    outer loop
      vertex 15.1775 77.668 2
      vertex 15.1775 74.496 2
      vertex 15.3422 74.3142 2
    endloop
  endfacet
  facet normal -0 0 1
    outer loop
      vertex 15.0313 77.4709 2
      vertex 15.1775 74.496 2
      vertex 15.1775 77.668 2
    endloop
  endfacet
  facet normal 0 0 1
    outer loop
      vertex 15.0313 77.4709 2
      vertex 15.0313 74.6931 2
      vertex 15.1775 74.496 2
    endloop
  endfacet
  facet normal -0 0 1
    outer loop
      vertex 14.9052 77.2605 2
      vertex 15.0313 74.6931 2
      vertex 15.0313 77.4709 2
    endloop
  endfacet
  facet normal 0 0 1
    outer loop
      vertex 14.9052 77.2605 2
      vertex 14.9052 74.9035 2
      vertex 15.0313 74.6931 2
    endloop
  endfacet
  facet normal -0 0 1
    outer loop
      vertex 14.8003 77.0387 2
      vertex 14.9052 74.9035 2
      vertex 14.9052 77.2605 2
    endloop
  endfacet
  facet normal 0 0 1
    outer loop
      vertex 14.8003 77.0387 2
      vertex 14.8003 75.1253 2
      vertex 14.9052 74.9035 2
    endloop
  endfacet
  facet normal -0 0 1
    outer loop
      vertex 14.7176 76.8077 2
      vertex 14.8003 75.1253 2
      vertex 14.8003 77.0387 2
    endloop
  endfacet
  facet normal 0 0 1
    outer loop
      vertex 14.7176 76.8077 2
      vertex 14.7176 75.3563 2
      vertex 14.8003 75.1253 2
    endloop
  endfacet
  facet normal -0 0 1
    outer loop
      vertex 14.658 76.5697 2
      vertex 14.7176 75.3563 2
      vertex 14.7176 76.8077 2
    endloop
  endfacet
  facet normal 0 0 1
    outer loop
      vertex 14.658 76.5697 2
      vertex 14.658 75.5943 2
      vertex 14.7176 75.3563 2
    endloop
  endfacet
  facet normal -0 0 1
    outer loop
      vertex 14.622 76.327 2
      vertex 14.658 75.5943 2
      vertex 14.658 76.5697 2
    endloop
  endfacet
  facet normal 0 0 1
    outer loop
      vertex 14.622 76.327 2
      vertex 14.622 75.8369 2
      vertex 14.658 75.5943 2
    endloop
  endfacet
  facet normal 0 -0 1
    outer loop
      vertex 14.622 75.8369 2
      vertex 14.622 76.327 2
      vertex 14.61 76.082 2
    endloop
  endfacet
  facet normal 0 0 1
    outer loop
      vertex 61.798 48.4504 2
      vertex 61.798 47.9603 2
      vertex 61.81 48.2054 2
    endloop
  endfacet
  facet normal 0 0 1
    outer loop
      vertex 61.762 48.6931 2
      vertex 61.798 47.9603 2
      vertex 61.798 48.4504 2
    endloop
  endfacet
  facet normal 0 0 1
    outer loop
      vertex 61.762 48.6931 2
      vertex 61.762 47.7177 2
      vertex 61.798 47.9603 2
    endloop
  endfacet
  facet normal 0 0 1
    outer loop
      vertex 61.7024 48.9311 2
      vertex 61.762 47.7177 2
      vertex 61.762 48.6931 2
    endloop
  endfacet
  facet normal 0 0 1
    outer loop
      vertex 61.7024 48.9311 2
      vertex 61.7024 47.4797 2
      vertex 61.762 47.7177 2
    endloop
  endfacet
  facet normal 0 0 1
    outer loop
      vertex 61.6197 49.1621 2
      vertex 61.7024 47.4797 2
      vertex 61.7024 48.9311 2
    endloop
  endfacet
  facet normal 0 0 1
    outer loop
      vertex 61.6197 49.1621 2
      vertex 61.6197 47.2487 2
      vertex 61.7024 47.4797 2
    endloop
  endfacet
  facet normal 0 0 1
    outer loop
      vertex 61.5148 49.3839 2
      vertex 61.6197 47.2487 2
      vertex 61.6197 49.1621 2
    endloop
  endfacet
  facet normal 0 0 1
    outer loop
      vertex 61.5148 49.3839 2
      vertex 61.5148 47.0269 2
      vertex 61.6197 47.2487 2
    endloop
  endfacet
  facet normal 0 0 1
    outer loop
      vertex 61.3887 49.5943 2
      vertex 61.5148 47.0269 2
      vertex 61.5148 49.3839 2
    endloop
  endfacet
  facet normal 0 0 1
    outer loop
      vertex 61.3887 49.5943 2
      vertex 61.3887 46.8165 2
      vertex 61.5148 47.0269 2
    endloop
  endfacet
  facet normal 0 0 1
    outer loop
      vertex 61.2425 49.7914 2
      vertex 61.3887 46.8165 2
      vertex 61.3887 49.5943 2
    endloop
  endfacet
  facet normal 0 0 1
    outer loop
      vertex 61.2425 49.7914 2
      vertex 61.2425 46.6194 2
      vertex 61.3887 46.8165 2
    endloop
  endfacet
  facet normal 0 0 1
    outer loop
      vertex 61.0778 49.9732 2
      vertex 61.2425 46.6194 2
      vertex 61.2425 49.7914 2
    endloop
  endfacet
  facet normal 0 0 1
    outer loop
      vertex 61.0778 49.9732 2
      vertex 61.0778 46.4376 2
      vertex 61.2425 46.6194 2
    endloop
  endfacet
  facet normal 0 0 1
    outer loop
      vertex 60.896 50.1379 2
      vertex 61.0778 46.4376 2
      vertex 61.0778 49.9732 2
    endloop
  endfacet
  facet normal 0 0 1
    outer loop
      vertex 60.896 50.1379 2
      vertex 60.896 46.2729 2
      vertex 61.0778 46.4376 2
    endloop
  endfacet
  facet normal 0 0 1
    outer loop
      vertex 60.6989 50.2841 2
      vertex 60.896 46.2729 2
      vertex 60.896 50.1379 2
    endloop
  endfacet
  facet normal 0 0 1
    outer loop
      vertex 60.6989 50.2841 2
      vertex 60.6989 46.1267 2
      vertex 60.896 46.2729 2
    endloop
  endfacet
  facet normal 0 0 1
    outer loop
      vertex 60.4885 50.4102 2
      vertex 60.6989 46.1267 2
      vertex 60.6989 50.2841 2
    endloop
  endfacet
  facet normal 0 0 1
    outer loop
      vertex 60.4885 50.4102 2
      vertex 60.4885 46.0006 2
      vertex 60.6989 46.1267 2
    endloop
  endfacet
  facet normal 0 0 1
    outer loop
      vertex 60.2667 50.5151 2
      vertex 60.4885 46.0006 2
      vertex 60.4885 50.4102 2
    endloop
  endfacet
  facet normal 0 0 1
    outer loop
      vertex 60.2667 50.5151 2
      vertex 60.2667 45.8957 2
      vertex 60.4885 46.0006 2
    endloop
  endfacet
  facet normal 0 0 1
    outer loop
      vertex 60.0357 50.5977 2
      vertex 60.2667 45.8957 2
      vertex 60.2667 50.5151 2
    endloop
  endfacet
  facet normal 0 0 1
    outer loop
      vertex 60.0357 50.5977 2
      vertex 60.0357 45.813 2
      vertex 60.2667 45.8957 2
    endloop
  endfacet
  facet normal 0 0 1
    outer loop
      vertex 59.7977 50.6574 2
      vertex 60.0357 45.813 2
      vertex 60.0357 50.5977 2
    endloop
  endfacet
  facet normal 0 0 1
    outer loop
      vertex 59.7977 50.6574 2
      vertex 59.7977 45.7534 2
      vertex 60.0357 45.813 2
    endloop
  endfacet
  facet normal 0 0 1
    outer loop
      vertex 59.555 50.6934 2
      vertex 59.7977 45.7534 2
      vertex 59.7977 50.6574 2
    endloop
  endfacet
  facet normal 0 0 1
    outer loop
      vertex 59.555 50.6934 2
      vertex 59.555 45.7174 2
      vertex 59.7977 45.7534 2
    endloop
  endfacet
  facet normal 0 0 1
    outer loop
      vertex 59.31 50.7054 2
      vertex 59.555 45.7174 2
      vertex 59.555 50.6934 2
    endloop
  endfacet
  facet normal 0 0 1
    outer loop
      vertex 59.31 50.7054 2
      vertex 59.31 45.7054 2
      vertex 59.555 45.7174 2
    endloop
  endfacet
  facet normal -0 0 1
    outer loop
      vertex 59.065 50.6934 2
      vertex 59.31 45.7054 2
      vertex 59.31 50.7054 2
    endloop
  endfacet
  facet normal 0 0 1
    outer loop
      vertex 59.065 50.6934 2
      vertex 59.065 45.7174 2
      vertex 59.31 45.7054 2
    endloop
  endfacet
  facet normal -0 0 1
    outer loop
      vertex 58.8223 50.6574 2
      vertex 59.065 45.7174 2
      vertex 59.065 50.6934 2
    endloop
  endfacet
  facet normal 0 0 1
    outer loop
      vertex 58.8223 50.6574 2
      vertex 58.8223 45.7534 2
      vertex 59.065 45.7174 2
    endloop
  endfacet
  facet normal -0 0 1
    outer loop
      vertex 58.5843 50.5977 2
      vertex 58.8223 45.7534 2
      vertex 58.8223 50.6574 2
    endloop
  endfacet
  facet normal 0 0 1
    outer loop
      vertex 58.5843 50.5977 2
      vertex 58.5843 45.813 2
      vertex 58.8223 45.7534 2
    endloop
  endfacet
  facet normal -0 0 1
    outer loop
      vertex 58.3533 50.5151 2
      vertex 58.5843 45.813 2
      vertex 58.5843 50.5977 2
    endloop
  endfacet
  facet normal 0 0 1
    outer loop
      vertex 58.3533 50.5151 2
      vertex 58.3533 45.8957 2
      vertex 58.5843 45.813 2
    endloop
  endfacet
  facet normal -0 0 1
    outer loop
      vertex 58.1315 50.4102 2
      vertex 58.3533 45.8957 2
      vertex 58.3533 50.5151 2
    endloop
  endfacet
  facet normal 0 0 1
    outer loop
      vertex 58.1315 50.4102 2
      vertex 58.1315 46.0006 2
      vertex 58.3533 45.8957 2
    endloop
  endfacet
  facet normal -0 0 1
    outer loop
      vertex 57.9211 50.2841 2
      vertex 58.1315 46.0006 2
      vertex 58.1315 50.4102 2
    endloop
  endfacet
  facet normal 0 0 1
    outer loop
      vertex 57.9211 50.2841 2
      vertex 57.9211 46.1267 2
      vertex 58.1315 46.0006 2
    endloop
  endfacet
  facet normal -0 0 1
    outer loop
      vertex 57.724 50.1379 2
      vertex 57.9211 46.1267 2
      vertex 57.9211 50.2841 2
    endloop
  endfacet
  facet normal 0 0 1
    outer loop
      vertex 57.724 50.1379 2
      vertex 57.724 46.2729 2
      vertex 57.9211 46.1267 2
    endloop
  endfacet
  facet normal -0 0 1
    outer loop
      vertex 57.5422 49.9732 2
      vertex 57.724 46.2729 2
      vertex 57.724 50.1379 2
    endloop
  endfacet
  facet normal 0 0 1
    outer loop
      vertex 57.5422 49.9732 2
      vertex 57.5422 46.4376 2
      vertex 57.724 46.2729 2
    endloop
  endfacet
  facet normal -0 0 1
    outer loop
      vertex 57.3775 49.7914 2
      vertex 57.5422 46.4376 2
      vertex 57.5422 49.9732 2
    endloop
  endfacet
  facet normal 0 0 1
    outer loop
      vertex 57.3775 49.7914 2
      vertex 57.3775 46.6194 2
      vertex 57.5422 46.4376 2
    endloop
  endfacet
  facet normal -0 0 1
    outer loop
      vertex 57.2313 49.5943 2
      vertex 57.3775 46.6194 2
      vertex 57.3775 49.7914 2
    endloop
  endfacet
  facet normal 0 0 1
    outer loop
      vertex 57.2313 49.5943 2
      vertex 57.2313 46.8165 2
      vertex 57.3775 46.6194 2
    endloop
  endfacet
  facet normal -0 0 1
    outer loop
      vertex 57.1052 49.3839 2
      vertex 57.2313 46.8165 2
      vertex 57.2313 49.5943 2
    endloop
  endfacet
  facet normal 0 0 1
    outer loop
      vertex 57.1052 49.3839 2
      vertex 57.1052 47.0269 2
      vertex 57.2313 46.8165 2
    endloop
  endfacet
  facet normal -0 0 1
    outer loop
      vertex 57.0003 49.1621 2
      vertex 57.1052 47.0269 2
      vertex 57.1052 49.3839 2
    endloop
  endfacet
  facet normal 0 0 1
    outer loop
      vertex 57.0003 49.1621 2
      vertex 57.0003 47.2487 2
      vertex 57.1052 47.0269 2
    endloop
  endfacet
  facet normal -0 0 1
    outer loop
      vertex 56.9176 48.9311 2
      vertex 57.0003 47.2487 2
      vertex 57.0003 49.1621 2
    endloop
  endfacet
  facet normal 0 0 1
    outer loop
      vertex 56.9176 48.9311 2
      vertex 56.9176 47.4797 2
      vertex 57.0003 47.2487 2
    endloop
  endfacet
  facet normal -0 0 1
    outer loop
      vertex 56.858 48.6931 2
      vertex 56.9176 47.4797 2
      vertex 56.9176 48.9311 2
    endloop
  endfacet
  facet normal 0 0 1
    outer loop
      vertex 56.858 48.6931 2
      vertex 56.858 47.7177 2
      vertex 56.9176 47.4797 2
    endloop
  endfacet
  facet normal -0 0 1
    outer loop
      vertex 56.822 48.4504 2
      vertex 56.858 47.7177 2
      vertex 56.858 48.6931 2
    endloop
  endfacet
  facet normal 0 0 1
    outer loop
      vertex 56.822 48.4504 2
      vertex 56.822 47.9603 2
      vertex 56.858 47.7177 2
    endloop
  endfacet
  facet normal 0 -0 1
    outer loop
      vertex 56.822 47.9603 2
      vertex 56.822 48.4504 2
      vertex 56.81 48.2054 2
    endloop
  endfacet
  facet normal 0 0 1
    outer loop
      vertex 61.798 76.327 2
      vertex 61.798 75.8369 2
      vertex 61.81 76.082 2
    endloop
  endfacet
  facet normal 0 0 1
    outer loop
      vertex 61.762 76.5697 2
      vertex 61.798 75.8369 2
      vertex 61.798 76.327 2
    endloop
  endfacet
  facet normal 0 0 1
    outer loop
      vertex 61.762 76.5697 2
      vertex 61.762 75.5943 2
      vertex 61.798 75.8369 2
    endloop
  endfacet
  facet normal 0 0 1
    outer loop
      vertex 61.7024 76.8077 2
      vertex 61.762 75.5943 2
      vertex 61.762 76.5697 2
    endloop
  endfacet
  facet normal 0 0 1
    outer loop
      vertex 61.7024 76.8077 2
      vertex 61.7024 75.3563 2
      vertex 61.762 75.5943 2
    endloop
  endfacet
  facet normal 0 0 1
    outer loop
      vertex 61.6197 77.0387 2
      vertex 61.7024 75.3563 2
      vertex 61.7024 76.8077 2
    endloop
  endfacet
  facet normal 0 0 1
    outer loop
      vertex 61.6197 77.0387 2
      vertex 61.6197 75.1253 2
      vertex 61.7024 75.3563 2
    endloop
  endfacet
  facet normal 0 0 1
    outer loop
      vertex 61.5148 77.2605 2
      vertex 61.6197 75.1253 2
      vertex 61.6197 77.0387 2
    endloop
  endfacet
  facet normal 0 0 1
    outer loop
      vertex 61.5148 77.2605 2
      vertex 61.5148 74.9035 2
      vertex 61.6197 75.1253 2
    endloop
  endfacet
  facet normal 0 0 1
    outer loop
      vertex 61.3887 77.4709 2
      vertex 61.5148 74.9035 2
      vertex 61.5148 77.2605 2
    endloop
  endfacet
  facet normal 0 0 1
    outer loop
      vertex 61.3887 77.4709 2
      vertex 61.3887 74.6931 2
      vertex 61.5148 74.9035 2
    endloop
  endfacet
  facet normal 0 0 1
    outer loop
      vertex 61.2425 77.668 2
      vertex 61.3887 74.6931 2
      vertex 61.3887 77.4709 2
    endloop
  endfacet
  facet normal 0 0 1
    outer loop
      vertex 61.2425 77.668 2
      vertex 61.2425 74.496 2
      vertex 61.3887 74.6931 2
    endloop
  endfacet
  facet normal 0 0 1
    outer loop
      vertex 61.0778 77.8497 2
      vertex 61.2425 74.496 2
      vertex 61.2425 77.668 2
    endloop
  endfacet
  facet normal 0 0 1
    outer loop
      vertex 61.0778 77.8497 2
      vertex 61.0778 74.3142 2
      vertex 61.2425 74.496 2
    endloop
  endfacet
  facet normal 0 0 1
    outer loop
      vertex 60.896 78.0145 2
      vertex 61.0778 74.3142 2
      vertex 61.0778 77.8497 2
    endloop
  endfacet
  facet normal 0 0 1
    outer loop
      vertex 60.896 78.0145 2
      vertex 60.896 74.1495 2
      vertex 61.0778 74.3142 2
    endloop
  endfacet
  facet normal 0 0 1
    outer loop
      vertex 60.6989 78.1607 2
      vertex 60.896 74.1495 2
      vertex 60.896 78.0145 2
    endloop
  endfacet
  facet normal 0 0 1
    outer loop
      vertex 60.6989 78.1607 2
      vertex 60.6989 74.0033 2
      vertex 60.896 74.1495 2
    endloop
  endfacet
  facet normal 0 0 1
    outer loop
      vertex 60.4605 78.3 2
      vertex 60.6989 78.1607 2
      vertex 60.4885 78.2868 2
    endloop
  endfacet
  facet normal 0 0 1
    outer loop
      vertex 60.6989 78.1607 2
      vertex 60.4605 78.3 2
      vertex 60.6989 74.0033 2
    endloop
  endfacet
  facet normal 0 0 1
    outer loop
      vertex 60.6989 74.0033 2
      vertex 60.4605 78.3 2
      vertex 60.4885 73.8772 2
    endloop
  endfacet
  facet normal 0 0 1
    outer loop
      vertex 60.4605 78.3 2
      vertex 60.2667 73.7723 2
      vertex 60.4885 73.8772 2
    endloop
  endfacet
  facet normal 0 0 1
    outer loop
      vertex 60.4605 78.3 2
      vertex 60.0357 73.6896 2
      vertex 60.2667 73.7723 2
    endloop
  endfacet
  facet normal 0 0 1
    outer loop
      vertex 60.4605 78.3 2
      vertex 59.7977 73.63 2
      vertex 60.0357 73.6896 2
    endloop
  endfacet
  facet normal 0 0 1
    outer loop
      vertex 60.4605 78.3 2
      vertex 59.555 73.594 2
      vertex 59.7977 73.63 2
    endloop
  endfacet
  facet normal 0 0 1
    outer loop
      vertex 60.4605 78.3 2
      vertex 59.31 73.582 2
      vertex 59.555 73.594 2
    endloop
  endfacet
  facet normal 0 0 1
    outer loop
      vertex 60.4605 78.3 2
      vertex 59.065 73.594 2
      vertex 59.31 73.582 2
    endloop
  endfacet
  facet normal 0 0 1
    outer loop
      vertex 60.4605 78.3 2
      vertex 58.8223 73.63 2
      vertex 59.065 73.594 2
    endloop
  endfacet
  facet normal 0 0 1
    outer loop
      vertex 60.4605 78.3 2
      vertex 58.5843 73.6896 2
      vertex 58.8223 73.63 2
    endloop
  endfacet
  facet normal 0 0 1
    outer loop
      vertex 60.4605 78.3 2
      vertex 58.3533 73.7723 2
      vertex 58.5843 73.6896 2
    endloop
  endfacet
  facet normal -0 0 1
    outer loop
      vertex 58.1595 78.3 2
      vertex 58.3533 73.7723 2
      vertex 60.4605 78.3 2
    endloop
  endfacet
  facet normal 0 0 1
    outer loop
      vertex 57.9211 78.1607 2
      vertex 58.1595 78.3 2
      vertex 58.1315 78.2868 2
    endloop
  endfacet
  facet normal 0 0 1
    outer loop
      vertex 58.1595 78.3 2
      vertex 58.1315 73.8772 2
      vertex 58.3533 73.7723 2
    endloop
  endfacet
  facet normal 0 0 1
    outer loop
      vertex 58.1595 78.3 2
      vertex 57.9211 78.1607 2
      vertex 58.1315 73.8772 2
    endloop
  endfacet
  facet normal 0 0 1
    outer loop
      vertex 57.9211 78.1607 2
      vertex 57.9211 74.0033 2
      vertex 58.1315 73.8772 2
    endloop
  endfacet
  facet normal -0 0 1
    outer loop
      vertex 57.724 78.0145 2
      vertex 57.9211 74.0033 2
      vertex 57.9211 78.1607 2
    endloop
  endfacet
  facet normal 0 0 1
    outer loop
      vertex 57.724 78.0145 2
      vertex 57.724 74.1495 2
      vertex 57.9211 74.0033 2
    endloop
  endfacet
  facet normal -0 0 1
    outer loop
      vertex 57.5422 77.8497 2
      vertex 57.724 74.1495 2
      vertex 57.724 78.0145 2
    endloop
  endfacet
  facet normal 0 0 1
    outer loop
      vertex 57.5422 77.8497 2
      vertex 57.5422 74.3142 2
      vertex 57.724 74.1495 2
    endloop
  endfacet
  facet normal -0 0 1
    outer loop
      vertex 57.3775 77.668 2
      vertex 57.5422 74.3142 2
      vertex 57.5422 77.8497 2
    endloop
  endfacet
  facet normal 0 0 1
    outer loop
      vertex 57.3775 77.668 2
      vertex 57.3775 74.496 2
      vertex 57.5422 74.3142 2
    endloop
  endfacet
  facet normal -0 0 1
    outer loop
      vertex 57.2313 77.4709 2
      vertex 57.3775 74.496 2
      vertex 57.3775 77.668 2
    endloop
  endfacet
  facet normal 0 0 1
    outer loop
      vertex 57.2313 77.4709 2
      vertex 57.2313 74.6931 2
      vertex 57.3775 74.496 2
    endloop
  endfacet
  facet normal -0 0 1
    outer loop
      vertex 57.1052 77.2605 2
      vertex 57.2313 74.6931 2
      vertex 57.2313 77.4709 2
    endloop
  endfacet
  facet normal 0 0 1
    outer loop
      vertex 57.1052 77.2605 2
      vertex 57.1052 74.9035 2
      vertex 57.2313 74.6931 2
    endloop
  endfacet
  facet normal -0 0 1
    outer loop
      vertex 57.0003 77.0387 2
      vertex 57.1052 74.9035 2
      vertex 57.1052 77.2605 2
    endloop
  endfacet
  facet normal 0 0 1
    outer loop
      vertex 57.0003 77.0387 2
      vertex 57.0003 75.1253 2
      vertex 57.1052 74.9035 2
    endloop
  endfacet
  facet normal -0 0 1
    outer loop
      vertex 56.9176 76.8077 2
      vertex 57.0003 75.1253 2
      vertex 57.0003 77.0387 2
    endloop
  endfacet
  facet normal 0 0 1
    outer loop
      vertex 56.9176 76.8077 2
      vertex 56.9176 75.3563 2
      vertex 57.0003 75.1253 2
    endloop
  endfacet
  facet normal -0 0 1
    outer loop
      vertex 56.858 76.5697 2
      vertex 56.9176 75.3563 2
      vertex 56.9176 76.8077 2
    endloop
  endfacet
  facet normal 0 0 1
    outer loop
      vertex 56.858 76.5697 2
      vertex 56.858 75.5943 2
      vertex 56.9176 75.3563 2
    endloop
  endfacet
  facet normal -0 0 1
    outer loop
      vertex 56.822 76.327 2
      vertex 56.858 75.5943 2
      vertex 56.858 76.5697 2
    endloop
  endfacet
  facet normal 0 0 1
    outer loop
      vertex 56.822 76.327 2
      vertex 56.822 75.8369 2
      vertex 56.858 75.5943 2
    endloop
  endfacet
  facet normal 0 -0 1
    outer loop
      vertex 56.822 75.8369 2
      vertex 56.822 76.327 2
      vertex 56.81 76.082 2
    endloop
  endfacet
  facet normal -0.740946 -0.671564 0
    outer loop
      vertex 1.31802 1.31802 0
      vertex 1.02145 1.64523 2
      vertex 1.02145 1.64523 0
    endloop
  endfacet
  facet normal -0.740946 -0.671564 0
    outer loop
      vertex 1.02145 1.64523 2
      vertex 1.31802 1.31802 0
      vertex 1.31802 1.31802 2
    endloop
  endfacet
  facet normal 0.514084 -0.85774 0
    outer loop
      vertex 73.6213 0.531354 0
      vertex 74.0001 0.758387 2
      vertex 73.6213 0.531354 2
    endloop
  endfacet
  facet normal 0.514084 -0.85774 0
    outer loop
      vertex 74.0001 0.758387 2
      vertex 73.6213 0.531354 0
      vertex 74.0001 0.758387 0
    endloop
  endfacet
  facet normal -0.989177 -0.14673 0
    outer loop
      vertex 0.0864658 3.62209 0
      vertex 0.0216684 4.05892 2
      vertex 0.0216684 4.05892 0
    endloop
  endfacet
  facet normal -0.989177 -0.14673 0
    outer loop
      vertex 0.0216684 4.05892 2
      vertex 0.0864658 3.62209 0
      vertex 0.0864658 3.62209 2
    endloop
  endfacet
  facet normal -0.14673 -0.989177 0
    outer loop
      vertex 3.62209 0.0864658 0
      vertex 4.05892 0.0216684 2
      vertex 3.62209 0.0864658 2
    endloop
  endfacet
  facet normal -0.14673 -0.989177 -0
    outer loop
      vertex 4.05892 0.0216684 2
      vertex 3.62209 0.0864658 0
      vertex 4.05892 0.0216684 0
    endloop
  endfacet
  facet normal 0.970032 -0.242978 0
    outer loop
      vertex 75.8062 3.19372 2
      vertex 75.9135 3.62209 0
      vertex 75.9135 3.62209 2
    endloop
  endfacet
  facet normal 0.970032 -0.242978 0
    outer loop
      vertex 75.9135 3.62209 0
      vertex 75.8062 3.19372 2
      vertex 75.8062 3.19372 0
    endloop
  endfacet
  facet normal -0.671477 0.741025 0
    outer loop
      vertex 1.64523 81.4785 0
      vertex 1.31802 81.182 2
      vertex 1.64523 81.4785 2
    endloop
  endfacet
  facet normal -0.671477 0.741025 0
    outer loop
      vertex 1.31802 81.182 2
      vertex 1.64523 81.4785 0
      vertex 1.31802 81.182 0
    endloop
  endfacet
  facet normal -0.514049 0.857761 0
    outer loop
      vertex 2.37871 81.9686 0
      vertex 1.99993 81.7416 2
      vertex 2.37871 81.9686 2
    endloop
  endfacet
  facet normal -0.514049 0.857761 0
    outer loop
      vertex 1.99993 81.7416 2
      vertex 2.37871 81.9686 0
      vertex 1.99993 81.7416 0
    endloop
  endfacet
  facet normal -0.427717 0.903913 0
    outer loop
      vertex 2.77792 82.1575 0
      vertex 2.37871 81.9686 2
      vertex 2.77792 82.1575 2
    endloop
  endfacet
  facet normal -0.427717 0.903913 0
    outer loop
      vertex 2.37871 81.9686 2
      vertex 2.77792 82.1575 0
      vertex 2.37871 81.9686 0
    endloop
  endfacet
  facet normal -0.989157 -0.146864 0
    outer loop
      vertex 17.0185 11.142 0
      vertex 16.9241 11.7778 0.599999
      vertex 16.9241 11.7778 0
    endloop
  endfacet
  facet normal -0.989157 -0.146864 0
    outer loop
      vertex 16.9241 11.7778 0.599999
      vertex 17.0185 11.142 0
      vertex 17.0185 11.142 0.599999
    endloop
  endfacet
  facet normal -0.998798 -0.0490065 0
    outer loop
      vertex 17.05 10.5 0
      vertex 17.0185 11.142 0.599999
      vertex 17.0185 11.142 0
    endloop
  endfacet
  facet normal -0.998798 -0.0490065 0
    outer loop
      vertex 17.0185 11.142 0.599999
      vertex 17.05 10.5 0
      vertex 17.05 10.5 0.599999
    endloop
  endfacet
  facet normal -0.970069 -0.242828 0
    outer loop
      vertex 16.9241 11.7778 0
      vertex 16.768 12.4014 0.599999
      vertex 16.768 12.4014 0
    endloop
  endfacet
  facet normal -0.970069 -0.242828 0
    outer loop
      vertex 16.768 12.4014 0.599999
      vertex 16.9241 11.7778 0
      vertex 16.9241 11.7778 0.599999
    endloop
  endfacet
  facet normal 0.242854 -0.970063 0
    outer loop
      vertex 8.59863 16.768 0
      vertex 9.22216 16.9241 0.599999
      vertex 8.59863 16.768 0.599999
    endloop
  endfacet
  facet normal 0.242854 -0.970063 0
    outer loop
      vertex 9.22216 16.9241 0.599999
      vertex 8.59863 16.768 0
      vertex 9.22216 16.9241 0
    endloop
  endfacet
  facet normal 0.903987 0.427561 0
    outer loop
      vertex 4.72342 7.41235 0.599999
      vertex 4.44859 7.99342 0
      vertex 4.44859 7.99342 0.599999
    endloop
  endfacet
  facet normal 0.903987 0.427561 0
    outer loop
      vertex 4.44859 7.99342 0
      vertex 4.72342 7.41235 0.599999
      vertex 4.72342 7.41235 0
    endloop
  endfacet
  facet normal -0.427603 0.903967 0
    outer loop
      vertex 13.5876 4.72342 0
      vertex 13.0066 4.44859 0.599999
      vertex 13.5876 4.72342 0.599999
    endloop
  endfacet
  facet normal -0.427603 0.903967 0
    outer loop
      vertex 13.0066 4.44859 0.599999
      vertex 13.5876 4.72342 0
      vertex 13.0066 4.44859 0
    endloop
  endfacet
  facet normal 0.242971 0.970034 -0
    outer loop
      vertex 9.22216 4.07586 0
      vertex 8.59863 4.23204 0.599999
      vertex 9.22216 4.07586 0.599999
    endloop
  endfacet
  facet normal 0.242971 0.970034 0
    outer loop
      vertex 8.59863 4.23204 0.599999
      vertex 9.22216 4.07586 0
      vertex 8.59863 4.23204 0
    endloop
  endfacet
  facet normal -0.51405 0.85776 0
    outer loop
      vertex 14.139 5.05387 0
      vertex 13.5876 4.72342 0.599999
      vertex 14.139 5.05387 0.599999
    endloop
  endfacet
  facet normal -0.51405 0.85776 0
    outer loop
      vertex 13.5876 4.72342 0.599999
      vertex 14.139 5.05387 0
      vertex 13.5876 4.72342 0
    endloop
  endfacet
  facet normal 0.336893 0.941543 -0
    outer loop
      vertex 8.59863 4.23204 0
      vertex 7.99342 4.44859 0.599999
      vertex 8.59863 4.23204 0.599999
    endloop
  endfacet
  facet normal 0.336893 0.941543 0
    outer loop
      vertex 7.99342 4.44859 0.599999
      vertex 8.59863 4.23204 0
      vertex 7.99342 4.44859 0
    endloop
  endfacet
  facet normal -0.336898 0.941541 0
    outer loop
      vertex 13.0066 4.44859 0
      vertex 12.4014 4.23204 0.599999
      vertex 13.0066 4.44859 0.599999
    endloop
  endfacet
  facet normal -0.336898 0.941541 0
    outer loop
      vertex 12.4014 4.23204 0.599999
      vertex 13.0066 4.44859 0
      vertex 12.4014 4.23204 0
    endloop
  endfacet
  facet normal 0.671588 -0.740925 0
    outer loop
      vertex 5.86845 15.1315 0
      vertex 6.34472 15.5632 0.599999
      vertex 5.86845 15.1315 0.599999
    endloop
  endfacet
  facet normal 0.671588 -0.740925 0
    outer loop
      vertex 6.34472 15.5632 0.599999
      vertex 5.86845 15.1315 0
      vertex 6.34472 15.5632 0
    endloop
  endfacet
  facet normal -0.242946 0.97004 0
    outer loop
      vertex 12.4014 4.23204 0
      vertex 11.7778 4.07586 0.599999
      vertex 12.4014 4.23204 0.599999
    endloop
  endfacet
  facet normal -0.242946 0.97004 0
    outer loop
      vertex 11.7778 4.07586 0.599999
      vertex 12.4014 4.23204 0
      vertex 11.7778 4.07586 0
    endloop
  endfacet
  facet normal 0.85776 -0.51405 0
    outer loop
      vertex 4.72342 13.5876 0.599999
      vertex 5.05387 14.139 0
      vertex 5.05387 14.139 0.599999
    endloop
  endfacet
  facet normal 0.85776 -0.51405 0
    outer loop
      vertex 5.05387 14.139 0
      vertex 4.72342 13.5876 0.599999
      vertex 4.72342 13.5876 0
    endloop
  endfacet
  facet normal 0.989175 -0.146743 0
    outer loop
      vertex 3.98154 11.142 0.599999
      vertex 4.07586 11.7778 0
      vertex 4.07586 11.7778 0.599999
    endloop
  endfacet
  facet normal 0.989175 -0.146743 0
    outer loop
      vertex 4.07586 11.7778 0
      vertex 3.98154 11.142 0.599999
      vertex 3.98154 11.142 0
    endloop
  endfacet
  facet normal -0.903985 -0.427565 0
    outer loop
      vertex 16.5514 13.0066 0
      vertex 16.2766 13.5876 0.599999
      vertex 16.2766 13.5876 0
    endloop
  endfacet
  facet normal -0.903985 -0.427565 0
    outer loop
      vertex 16.2766 13.5876 0.599999
      vertex 16.5514 13.0066 0
      vertex 16.5514 13.0066 0.599999
    endloop
  endfacet
  facet normal -0.803213 0.595693 0
    outer loop
      vertex 15.5632 6.34472 0
      vertex 15.9461 6.86101 0.599999
      vertex 15.9461 6.86101 0
    endloop
  endfacet
  facet normal -0.803213 0.595693 0
    outer loop
      vertex 15.9461 6.86101 0.599999
      vertex 15.5632 6.34472 0
      vertex 15.5632 6.34472 0.599999
    endloop
  endfacet
  facet normal 0.595693 -0.803213 0
    outer loop
      vertex 6.34472 15.5632 0
      vertex 6.86101 15.9461 0.599999
      vertex 6.34472 15.5632 0.599999
    endloop
  endfacet
  facet normal 0.595693 -0.803213 0
    outer loop
      vertex 6.86101 15.9461 0.599999
      vertex 6.34472 15.5632 0
      vertex 6.86101 15.9461 0
    endloop
  endfacet
  facet normal -0.595685 -0.803218 0
    outer loop
      vertex 14.139 15.9461 0
      vertex 14.6553 15.5632 0.599999
      vertex 14.139 15.9461 0.599999
    endloop
  endfacet
  facet normal -0.595685 -0.803218 -0
    outer loop
      vertex 14.6553 15.5632 0.599999
      vertex 14.139 15.9461 0
      vertex 14.6553 15.5632 0
    endloop
  endfacet
  facet normal -0.146864 -0.989157 0
    outer loop
      vertex 11.142 17.0185 0
      vertex 11.7778 16.9241 0.599999
      vertex 11.142 17.0185 0.599999
    endloop
  endfacet
  facet normal -0.146864 -0.989157 -0
    outer loop
      vertex 11.7778 16.9241 0.599999
      vertex 11.142 17.0185 0
      vertex 11.7778 16.9241 0
    endloop
  endfacet
  facet normal -0.803218 -0.595685 0
    outer loop
      vertex 15.9461 14.139 0
      vertex 15.5632 14.6553 0.599999
      vertex 15.5632 14.6553 0
    endloop
  endfacet
  facet normal -0.803218 -0.595685 0
    outer loop
      vertex 15.5632 14.6553 0.599999
      vertex 15.9461 14.139 0
      vertex 15.9461 14.139 0.599999
    endloop
  endfacet
  facet normal 0.514148 -0.857701 0
    outer loop
      vertex 6.86101 15.9461 0
      vertex 7.41235 16.2766 0.599999
      vertex 6.86101 15.9461 0.599999
    endloop
  endfacet
  facet normal 0.514148 -0.857701 0
    outer loop
      vertex 7.41235 16.2766 0.599999
      vertex 6.86101 15.9461 0
      vertex 7.41235 16.2766 0
    endloop
  endfacet
  facet normal -0.514107 -0.857726 0
    outer loop
      vertex 13.5876 16.2766 0
      vertex 14.139 15.9461 0.599999
      vertex 13.5876 16.2766 0.599999
    endloop
  endfacet
  facet normal -0.514107 -0.857726 -0
    outer loop
      vertex 14.139 15.9461 0.599999
      vertex 13.5876 16.2766 0
      vertex 14.139 15.9461 0
    endloop
  endfacet
  facet normal -0.671642 -0.740876 0
    outer loop
      vertex 14.6553 15.5632 0
      vertex 15.1315 15.1315 0.599999
      vertex 14.6553 15.5632 0.599999
    endloop
  endfacet
  facet normal -0.671642 -0.740876 -0
    outer loop
      vertex 15.1315 15.1315 0.599999
      vertex 14.6553 15.5632 0
      vertex 15.1315 15.1315 0
    endloop
  endfacet
  facet normal 0.941543 0.336893 0
    outer loop
      vertex 4.44859 7.99342 0.599999
      vertex 4.23204 8.59863 0
      vertex 4.23204 8.59863 0.599999
    endloop
  endfacet
  facet normal 0.941543 0.336893 0
    outer loop
      vertex 4.23204 8.59863 0
      vertex 4.44859 7.99342 0.599999
      vertex 4.44859 7.99342 0
    endloop
  endfacet
  facet normal -0.998798 0.0490057 0
    outer loop
      vertex 17.0185 9.85799 0
      vertex 17.05 10.5 0.599999
      vertex 17.05 10.5 0
    endloop
  endfacet
  facet normal -0.998798 0.0490057 0
    outer loop
      vertex 17.05 10.5 0.599999
      vertex 17.0185 9.85799 0
      vertex 17.0185 9.85799 0.599999
    endloop
  endfacet
  facet normal 0.427522 -0.904005 0
    outer loop
      vertex 7.41235 16.2766 0
      vertex 7.99342 16.5514 0.599999
      vertex 7.41235 16.2766 0.599999
    endloop
  endfacet
  facet normal 0.427522 -0.904005 0
    outer loop
      vertex 7.99342 16.5514 0.599999
      vertex 7.41235 16.2766 0
      vertex 7.99342 16.5514 0
    endloop
  endfacet
  facet normal -0.904005 0.427522 0
    outer loop
      vertex 16.2766 7.41235 0
      vertex 16.5514 7.99342 0.599999
      vertex 16.5514 7.99342 0
    endloop
  endfacet
  facet normal -0.904005 0.427522 0
    outer loop
      vertex 16.5514 7.99342 0.599999
      vertex 16.2766 7.41235 0
      vertex 16.2766 7.41235 0.599999
    endloop
  endfacet
  facet normal 0.595703 0.803205 -0
    outer loop
      vertex 6.86101 5.05387 0
      vertex 6.34472 5.43678 0.599999
      vertex 6.86101 5.05387 0.599999
    endloop
  endfacet
  facet normal 0.595703 0.803205 0
    outer loop
      vertex 6.34472 5.43678 0.599999
      vertex 6.86101 5.05387 0
      vertex 6.34472 5.43678 0
    endloop
  endfacet
  facet normal 0.803211 -0.595695 0
    outer loop
      vertex 5.05387 14.139 0.599999
      vertex 5.43678 14.6553 0
      vertex 5.43678 14.6553 0.599999
    endloop
  endfacet
  facet normal 0.803211 -0.595695 0
    outer loop
      vertex 5.43678 14.6553 0
      vertex 5.05387 14.139 0.599999
      vertex 5.05387 14.139 0
    endloop
  endfacet
  facet normal 0.941541 -0.336898 0
    outer loop
      vertex 4.23204 12.4014 0.599999
      vertex 4.44859 13.0066 0
      vertex 4.44859 13.0066 0.599999
    endloop
  endfacet
  facet normal 0.941541 -0.336898 0
    outer loop
      vertex 4.44859 13.0066 0
      vertex 4.23204 12.4014 0.599999
      vertex 4.23204 12.4014 0
    endloop
  endfacet
  facet normal -0.941516 -0.336967 0
    outer loop
      vertex 16.768 12.4014 0
      vertex 16.5514 13.0066 0.599999
      vertex 16.5514 13.0066 0
    endloop
  endfacet
  facet normal -0.941516 -0.336967 0
    outer loop
      vertex 16.5514 13.0066 0.599999
      vertex 16.768 12.4014 0
      vertex 16.768 12.4014 0.599999
    endloop
  endfacet
  facet normal -0.857726 -0.514107 0
    outer loop
      vertex 16.2766 13.5876 0
      vertex 15.9461 14.139 0.599999
      vertex 15.9461 14.139 0
    endloop
  endfacet
  facet normal -0.857726 -0.514107 0
    outer loop
      vertex 15.9461 14.139 0.599999
      vertex 16.2766 13.5876 0
      vertex 16.2766 13.5876 0.599999
    endloop
  endfacet
  facet normal 0 0 -1
    outer loop
      vertex 17.0185 9.85799 0.599999
      vertex 17.0185 11.142 0.599999
      vertex 17.05 10.5 0.599999
    endloop
  endfacet
  facet normal 0 0 -1
    outer loop
      vertex 16.9241 9.22216 0.599999
      vertex 17.0185 11.142 0.599999
      vertex 17.0185 9.85799 0.599999
    endloop
  endfacet
  facet normal 0 0 -1
    outer loop
      vertex 16.9241 9.22216 0.599999
      vertex 16.9241 11.7778 0.599999
      vertex 17.0185 11.142 0.599999
    endloop
  endfacet
  facet normal 0 0 -1
    outer loop
      vertex 16.768 8.59863 0.599999
      vertex 16.9241 11.7778 0.599999
      vertex 16.9241 9.22216 0.599999
    endloop
  endfacet
  facet normal 0 0 -1
    outer loop
      vertex 16.768 8.59863 0.599999
      vertex 16.768 12.4014 0.599999
      vertex 16.9241 11.7778 0.599999
    endloop
  endfacet
  facet normal 0 0 -1
    outer loop
      vertex 16.5514 7.99342 0.599999
      vertex 16.768 12.4014 0.599999
      vertex 16.768 8.59863 0.599999
    endloop
  endfacet
  facet normal 0 0 -1
    outer loop
      vertex 16.5514 7.99342 0.599999
      vertex 16.5514 13.0066 0.599999
      vertex 16.768 12.4014 0.599999
    endloop
  endfacet
  facet normal 0 0 -1
    outer loop
      vertex 16.2766 7.41235 0.599999
      vertex 16.5514 13.0066 0.599999
      vertex 16.5514 7.99342 0.599999
    endloop
  endfacet
  facet normal 0 0 -1
    outer loop
      vertex 16.2766 7.41235 0.599999
      vertex 16.2766 13.5876 0.599999
      vertex 16.5514 13.0066 0.599999
    endloop
  endfacet
  facet normal 0 0 -1
    outer loop
      vertex 15.9461 6.86101 0.599999
      vertex 16.2766 13.5876 0.599999
      vertex 16.2766 7.41235 0.599999
    endloop
  endfacet
  facet normal 0 0 -1
    outer loop
      vertex 15.9461 6.86101 0.599999
      vertex 15.9461 14.139 0.599999
      vertex 16.2766 13.5876 0.599999
    endloop
  endfacet
  facet normal 0 0 -1
    outer loop
      vertex 15.5632 6.34472 0.599999
      vertex 15.9461 14.139 0.599999
      vertex 15.9461 6.86101 0.599999
    endloop
  endfacet
  facet normal 0 0 -1
    outer loop
      vertex 15.5632 6.34472 0.599999
      vertex 15.5632 14.6553 0.599999
      vertex 15.9461 14.139 0.599999
    endloop
  endfacet
  facet normal 0 0 -1
    outer loop
      vertex 15.1315 5.86845 0.599999
      vertex 15.5632 14.6553 0.599999
      vertex 15.5632 6.34472 0.599999
    endloop
  endfacet
  facet normal 0 0 -1
    outer loop
      vertex 15.1315 5.86845 0.599999
      vertex 15.1315 15.1315 0.599999
      vertex 15.5632 14.6553 0.599999
    endloop
  endfacet
  facet normal 0 0 -1
    outer loop
      vertex 14.6553 5.43678 0.599999
      vertex 15.1315 15.1315 0.599999
      vertex 15.1315 5.86845 0.599999
    endloop
  endfacet
  facet normal 0 0 -1
    outer loop
      vertex 14.6553 5.43678 0.599999
      vertex 14.6553 15.5632 0.599999
      vertex 15.1315 15.1315 0.599999
    endloop
  endfacet
  facet normal 0 0 -1
    outer loop
      vertex 14.139 5.05387 0.599999
      vertex 14.6553 15.5632 0.599999
      vertex 14.6553 5.43678 0.599999
    endloop
  endfacet
  facet normal 0 0 -1
    outer loop
      vertex 14.139 5.05387 0.599999
      vertex 14.139 15.9461 0.599999
      vertex 14.6553 15.5632 0.599999
    endloop
  endfacet
  facet normal 0 0 -1
    outer loop
      vertex 13.5876 4.72342 0.599999
      vertex 14.139 15.9461 0.599999
      vertex 14.139 5.05387 0.599999
    endloop
  endfacet
  facet normal 0 0 -1
    outer loop
      vertex 13.5876 4.72342 0.599999
      vertex 13.5876 16.2766 0.599999
      vertex 14.139 15.9461 0.599999
    endloop
  endfacet
  facet normal 0 0 -1
    outer loop
      vertex 13.0066 4.44859 0.599999
      vertex 13.5876 16.2766 0.599999
      vertex 13.5876 4.72342 0.599999
    endloop
  endfacet
  facet normal 0 0 -1
    outer loop
      vertex 13.0066 4.44859 0.599999
      vertex 13.0066 16.5514 0.599999
      vertex 13.5876 16.2766 0.599999
    endloop
  endfacet
  facet normal 0 0 -1
    outer loop
      vertex 12.4014 4.23204 0.599999
      vertex 13.0066 16.5514 0.599999
      vertex 13.0066 4.44859 0.599999
    endloop
  endfacet
  facet normal 0 0 -1
    outer loop
      vertex 12.4014 4.23204 0.599999
      vertex 12.4014 16.768 0.599999
      vertex 13.0066 16.5514 0.599999
    endloop
  endfacet
  facet normal 0 0 -1
    outer loop
      vertex 11.7778 4.07586 0.599999
      vertex 12.4014 16.768 0.599999
      vertex 12.4014 4.23204 0.599999
    endloop
  endfacet
  facet normal 0 0 -1
    outer loop
      vertex 11.7778 4.07586 0.599999
      vertex 11.7778 16.9241 0.599999
      vertex 12.4014 16.768 0.599999
    endloop
  endfacet
  facet normal 0 0 -1
    outer loop
      vertex 11.142 3.98154 0.599999
      vertex 11.7778 16.9241 0.599999
      vertex 11.7778 4.07586 0.599999
    endloop
  endfacet
  facet normal 0 0 -1
    outer loop
      vertex 11.142 3.98154 0.599999
      vertex 11.142 17.0185 0.599999
      vertex 11.7778 16.9241 0.599999
    endloop
  endfacet
  facet normal 0 0 -1
    outer loop
      vertex 10.5 3.95 0.599999
      vertex 11.142 17.0185 0.599999
      vertex 11.142 3.98154 0.599999
    endloop
  endfacet
  facet normal 0 0 -1
    outer loop
      vertex 10.5 3.95 0.599999
      vertex 10.5 17.05 0.599999
      vertex 11.142 17.0185 0.599999
    endloop
  endfacet
  facet normal 0 0 -1
    outer loop
      vertex 9.85799 3.98154 0.599999
      vertex 10.5 17.05 0.599999
      vertex 10.5 3.95 0.599999
    endloop
  endfacet
  facet normal 0 0 -1
    outer loop
      vertex 9.85799 3.98154 0.599999
      vertex 9.85799 17.0185 0.599999
      vertex 10.5 17.05 0.599999
    endloop
  endfacet
  facet normal 0 0 -1
    outer loop
      vertex 9.22216 4.07586 0.599999
      vertex 9.85799 17.0185 0.599999
      vertex 9.85799 3.98154 0.599999
    endloop
  endfacet
  facet normal 0 0 -1
    outer loop
      vertex 9.22216 4.07586 0.599999
      vertex 9.22216 16.9241 0.599999
      vertex 9.85799 17.0185 0.599999
    endloop
  endfacet
  facet normal 0 0 -1
    outer loop
      vertex 8.59863 4.23204 0.599999
      vertex 9.22216 16.9241 0.599999
      vertex 9.22216 4.07586 0.599999
    endloop
  endfacet
  facet normal 0 0 -1
    outer loop
      vertex 8.59863 4.23204 0.599999
      vertex 8.59863 16.768 0.599999
      vertex 9.22216 16.9241 0.599999
    endloop
  endfacet
  facet normal 0 0 -1
    outer loop
      vertex 7.99342 4.44859 0.599999
      vertex 8.59863 16.768 0.599999
      vertex 8.59863 4.23204 0.599999
    endloop
  endfacet
  facet normal 0 0 -1
    outer loop
      vertex 7.99342 4.44859 0.599999
      vertex 7.99342 16.5514 0.599999
      vertex 8.59863 16.768 0.599999
    endloop
  endfacet
  facet normal 0 0 -1
    outer loop
      vertex 7.41235 4.72342 0.599999
      vertex 7.99342 16.5514 0.599999
      vertex 7.99342 4.44859 0.599999
    endloop
  endfacet
  facet normal 0 0 -1
    outer loop
      vertex 7.41235 4.72342 0.599999
      vertex 7.41235 16.2766 0.599999
      vertex 7.99342 16.5514 0.599999
    endloop
  endfacet
  facet normal 0 0 -1
    outer loop
      vertex 6.86101 5.05387 0.599999
      vertex 7.41235 16.2766 0.599999
      vertex 7.41235 4.72342 0.599999
    endloop
  endfacet
  facet normal 0 0 -1
    outer loop
      vertex 6.86101 5.05387 0.599999
      vertex 6.86101 15.9461 0.599999
      vertex 7.41235 16.2766 0.599999
    endloop
  endfacet
  facet normal 0 0 -1
    outer loop
      vertex 6.34472 5.43678 0.599999
      vertex 6.86101 15.9461 0.599999
      vertex 6.86101 5.05387 0.599999
    endloop
  endfacet
  facet normal 0 0 -1
    outer loop
      vertex 6.34472 5.43678 0.599999
      vertex 6.34472 15.5632 0.599999
      vertex 6.86101 15.9461 0.599999
    endloop
  endfacet
  facet normal 0 0 -1
    outer loop
      vertex 5.86845 5.86845 0.599999
      vertex 6.34472 15.5632 0.599999
      vertex 6.34472 5.43678 0.599999
    endloop
  endfacet
  facet normal 0 0 -1
    outer loop
      vertex 5.86845 5.86845 0.599999
      vertex 5.86845 15.1315 0.599999
      vertex 6.34472 15.5632 0.599999
    endloop
  endfacet
  facet normal 0 0 -1
    outer loop
      vertex 5.43678 6.34472 0.599999
      vertex 5.86845 15.1315 0.599999
      vertex 5.86845 5.86845 0.599999
    endloop
  endfacet
  facet normal 0 0 -1
    outer loop
      vertex 5.43678 6.34472 0.599999
      vertex 5.43678 14.6553 0.599999
      vertex 5.86845 15.1315 0.599999
    endloop
  endfacet
  facet normal 0 0 -1
    outer loop
      vertex 5.05387 6.86101 0.599999
      vertex 5.43678 14.6553 0.599999
      vertex 5.43678 6.34472 0.599999
    endloop
  endfacet
  facet normal 0 0 -1
    outer loop
      vertex 5.05387 6.86101 0.599999
      vertex 5.05387 14.139 0.599999
      vertex 5.43678 14.6553 0.599999
    endloop
  endfacet
  facet normal 0 0 -1
    outer loop
      vertex 4.72342 7.41235 0.599999
      vertex 5.05387 14.139 0.599999
      vertex 5.05387 6.86101 0.599999
    endloop
  endfacet
  facet normal 0 0 -1
    outer loop
      vertex 4.72342 7.41235 0.599999
      vertex 4.72342 13.5876 0.599999
      vertex 5.05387 14.139 0.599999
    endloop
  endfacet
  facet normal 0 0 -1
    outer loop
      vertex 4.44859 7.99342 0.599999
      vertex 4.72342 13.5876 0.599999
      vertex 4.72342 7.41235 0.599999
    endloop
  endfacet
  facet normal 0 0 -1
    outer loop
      vertex 4.44859 7.99342 0.599999
      vertex 4.44859 13.0066 0.599999
      vertex 4.72342 13.5876 0.599999
    endloop
  endfacet
  facet normal 0 0 -1
    outer loop
      vertex 4.23204 8.59863 0.599999
      vertex 4.44859 13.0066 0.599999
      vertex 4.44859 7.99342 0.599999
    endloop
  endfacet
  facet normal 0 0 -1
    outer loop
      vertex 4.23204 8.59863 0.599999
      vertex 4.23204 12.4014 0.599999
      vertex 4.44859 13.0066 0.599999
    endloop
  endfacet
  facet normal 0 0 -1
    outer loop
      vertex 4.07586 9.22216 0.599999
      vertex 4.23204 12.4014 0.599999
      vertex 4.23204 8.59863 0.599999
    endloop
  endfacet
  facet normal 0 0 -1
    outer loop
      vertex 4.07586 9.22216 0.599999
      vertex 4.07586 11.7778 0.599999
      vertex 4.23204 12.4014 0.599999
    endloop
  endfacet
  facet normal 0 0 -1
    outer loop
      vertex 3.98154 9.85799 0.599999
      vertex 4.07586 11.7778 0.599999
      vertex 4.07586 9.22216 0.599999
    endloop
  endfacet
  facet normal 0 0 -1
    outer loop
      vertex 3.98154 9.85799 0.599999
      vertex 3.98154 11.142 0.599999
      vertex 4.07586 11.7778 0.599999
    endloop
  endfacet
  facet normal 0 -0 -1
    outer loop
      vertex 3.98154 11.142 0.599999
      vertex 3.98154 9.85799 0.599999
      vertex 3.95 10.5 0.599999
    endloop
  endfacet
  facet normal 0.671562 0.740948 -0
    outer loop
      vertex 6.34472 5.43678 0
      vertex 5.86845 5.86845 0.599999
      vertex 6.34472 5.43678 0.599999
    endloop
  endfacet
  facet normal 0.671562 0.740948 0
    outer loop
      vertex 5.86845 5.86845 0.599999
      vertex 6.34472 5.43678 0
      vertex 5.86845 5.86845 0
    endloop
  endfacet
  facet normal -0.970063 0.242854 0
    outer loop
      vertex 16.768 8.59863 0
      vertex 16.9241 9.22216 0.599999
      vertex 16.9241 9.22216 0
    endloop
  endfacet
  facet normal -0.970063 0.242854 0
    outer loop
      vertex 16.9241 9.22216 0.599999
      vertex 16.768 8.59863 0
      vertex 16.768 8.59863 0.599999
    endloop
  endfacet
  facet normal -0.989158 0.146858 0
    outer loop
      vertex 16.9241 9.22216 0
      vertex 17.0185 9.85799 0.599999
      vertex 17.0185 9.85799 0
    endloop
  endfacet
  facet normal -0.989158 0.146858 0
    outer loop
      vertex 17.0185 9.85799 0.599999
      vertex 16.9241 9.22216 0
      vertex 16.9241 9.22216 0.599999
    endloop
  endfacet
  facet normal 0.514091 0.857736 -0
    outer loop
      vertex 7.41235 4.72342 0
      vertex 6.86101 5.05387 0.599999
      vertex 7.41235 4.72342 0.599999
    endloop
  endfacet
  facet normal 0.514091 0.857736 0
    outer loop
      vertex 6.86101 5.05387 0.599999
      vertex 7.41235 4.72342 0
      vertex 6.86101 5.05387 0
    endloop
  endfacet
  facet normal -0.336967 -0.941516 0
    outer loop
      vertex 12.4014 16.768 0
      vertex 13.0066 16.5514 0.599999
      vertex 12.4014 16.768 0.599999
    endloop
  endfacet
  facet normal -0.336967 -0.941516 -0
    outer loop
      vertex 13.0066 16.5514 0.599999
      vertex 12.4014 16.768 0
      vertex 13.0066 16.5514 0
    endloop
  endfacet
  facet normal 0.336962 -0.941518 0
    outer loop
      vertex 7.99342 16.5514 0
      vertex 8.59863 16.768 0.599999
      vertex 7.99342 16.5514 0.599999
    endloop
  endfacet
  facet normal 0.336962 -0.941518 0
    outer loop
      vertex 8.59863 16.768 0.599999
      vertex 7.99342 16.5514 0
      vertex 8.59863 16.768 0
    endloop
  endfacet
  facet normal -0.146743 0.989175 0
    outer loop
      vertex 11.7778 4.07586 0
      vertex 11.142 3.98154 0.599999
      vertex 11.7778 4.07586 0.599999
    endloop
  endfacet
  facet normal -0.146743 0.989175 0
    outer loop
      vertex 11.142 3.98154 0.599999
      vertex 11.7778 4.07586 0
      vertex 11.142 3.98154 0
    endloop
  endfacet
  facet normal -0.857701 0.514148 0
    outer loop
      vertex 15.9461 6.86101 0
      vertex 16.2766 7.41235 0.599999
      vertex 16.2766 7.41235 0
    endloop
  endfacet
  facet normal -0.857701 0.514148 0
    outer loop
      vertex 16.2766 7.41235 0.599999
      vertex 15.9461 6.86101 0
      vertex 15.9461 6.86101 0.599999
    endloop
  endfacet
  facet normal 0.0490057 -0.998798 0
    outer loop
      vertex 9.85799 17.0185 0
      vertex 10.5 17.05 0.599999
      vertex 9.85799 17.0185 0.599999
    endloop
  endfacet
  facet normal 0.0490057 -0.998798 0
    outer loop
      vertex 10.5 17.05 0.599999
      vertex 9.85799 17.0185 0
      vertex 10.5 17.05 0
    endloop
  endfacet
  facet normal 0.998795 0.0490678 0
    outer loop
      vertex 3.98154 9.85799 0.599999
      vertex 3.95 10.5 0
      vertex 3.95 10.5 0.599999
    endloop
  endfacet
  facet normal 0.998795 0.0490678 0
    outer loop
      vertex 3.95 10.5 0
      vertex 3.98154 9.85799 0.599999
      vertex 3.98154 9.85799 0
    endloop
  endfacet
  facet normal -0.941518 0.336962 0
    outer loop
      vertex 16.5514 7.99342 0
      vertex 16.768 8.59863 0.599999
      vertex 16.768 8.59863 0
    endloop
  endfacet
  facet normal -0.941518 0.336962 0
    outer loop
      vertex 16.768 8.59863 0.599999
      vertex 16.5514 7.99342 0
      vertex 16.5514 7.99342 0.599999
    endloop
  endfacet
  facet normal -0.427565 -0.903985 0
    outer loop
      vertex 13.0066 16.5514 0
      vertex 13.5876 16.2766 0.599999
      vertex 13.0066 16.5514 0.599999
    endloop
  endfacet
  facet normal -0.427565 -0.903985 -0
    outer loop
      vertex 13.5876 16.2766 0.599999
      vertex 13.0066 16.5514 0
      vertex 13.5876 16.2766 0
    endloop
  endfacet
  facet normal -0.740876 -0.671642 0
    outer loop
      vertex 15.5632 14.6553 0
      vertex 15.1315 15.1315 0.599999
      vertex 15.1315 15.1315 0
    endloop
  endfacet
  facet normal -0.740876 -0.671642 0
    outer loop
      vertex 15.1315 15.1315 0.599999
      vertex 15.5632 14.6553 0
      vertex 15.5632 14.6553 0.599999
    endloop
  endfacet
  facet normal -0.0490065 -0.998798 0
    outer loop
      vertex 10.5 17.05 0
      vertex 11.142 17.0185 0.599999
      vertex 10.5 17.05 0.599999
    endloop
  endfacet
  facet normal -0.0490065 -0.998798 -0
    outer loop
      vertex 11.142 17.0185 0.599999
      vertex 10.5 17.05 0
      vertex 11.142 17.0185 0
    endloop
  endfacet
  facet normal 0.857736 0.514091 0
    outer loop
      vertex 5.05387 6.86101 0.599999
      vertex 4.72342 7.41235 0
      vertex 4.72342 7.41235 0.599999
    endloop
  endfacet
  facet normal 0.857736 0.514091 0
    outer loop
      vertex 4.72342 7.41235 0
      vertex 5.05387 6.86101 0.599999
      vertex 5.05387 6.86101 0
    endloop
  endfacet
  facet normal 0.146736 0.989176 -0
    outer loop
      vertex 9.85799 3.98154 0
      vertex 9.22216 4.07586 0.599999
      vertex 9.85799 3.98154 0.599999
    endloop
  endfacet
  facet normal 0.146736 0.989176 0
    outer loop
      vertex 9.22216 4.07586 0.599999
      vertex 9.85799 3.98154 0
      vertex 9.22216 4.07586 0
    endloop
  endfacet
  facet normal -0.671617 0.740899 0
    outer loop
      vertex 15.1315 5.86845 0
      vertex 14.6553 5.43678 0.599999
      vertex 15.1315 5.86845 0.599999
    endloop
  endfacet
  facet normal -0.671617 0.740899 0
    outer loop
      vertex 14.6553 5.43678 0.599999
      vertex 15.1315 5.86845 0
      vertex 14.6553 5.43678 0
    endloop
  endfacet
  facet normal 0.0490678 0.998795 -0
    outer loop
      vertex 10.5 3.95 0
      vertex 9.85799 3.98154 0.599999
      vertex 10.5 3.95 0.599999
    endloop
  endfacet
  facet normal 0.0490678 0.998795 0
    outer loop
      vertex 9.85799 3.98154 0.599999
      vertex 10.5 3.95 0
      vertex 9.85799 3.98154 0
    endloop
  endfacet
  facet normal 0.740899 -0.671617 0
    outer loop
      vertex 5.43678 14.6553 0.599999
      vertex 5.86845 15.1315 0
      vertex 5.86845 15.1315 0.599999
    endloop
  endfacet
  facet normal 0.740899 -0.671617 0
    outer loop
      vertex 5.86845 15.1315 0
      vertex 5.43678 14.6553 0.599999
      vertex 5.43678 14.6553 0
    endloop
  endfacet
  facet normal 0.146858 -0.989158 0
    outer loop
      vertex 9.22216 16.9241 0
      vertex 9.85799 17.0185 0.599999
      vertex 9.22216 16.9241 0.599999
    endloop
  endfacet
  facet normal 0.146858 -0.989158 0
    outer loop
      vertex 9.85799 17.0185 0.599999
      vertex 9.22216 16.9241 0
      vertex 9.85799 17.0185 0
    endloop
  endfacet
  facet normal 0.903967 -0.427603 0
    outer loop
      vertex 4.44859 13.0066 0.599999
      vertex 4.72342 13.5876 0
      vertex 4.72342 13.5876 0.599999
    endloop
  endfacet
  facet normal 0.903967 -0.427603 0
    outer loop
      vertex 4.72342 13.5876 0
      vertex 4.44859 13.0066 0.599999
      vertex 4.44859 13.0066 0
    endloop
  endfacet
  facet normal 0.97004 -0.242946 0
    outer loop
      vertex 4.07586 11.7778 0.599999
      vertex 4.23204 12.4014 0
      vertex 4.23204 12.4014 0.599999
    endloop
  endfacet
  facet normal 0.97004 -0.242946 0
    outer loop
      vertex 4.23204 12.4014 0
      vertex 4.07586 11.7778 0.599999
      vertex 4.07586 11.7778 0
    endloop
  endfacet
  facet normal -0.242828 -0.970069 0
    outer loop
      vertex 11.7778 16.9241 0
      vertex 12.4014 16.768 0.599999
      vertex 11.7778 16.9241 0.599999
    endloop
  endfacet
  facet normal -0.242828 -0.970069 -0
    outer loop
      vertex 12.4014 16.768 0.599999
      vertex 11.7778 16.9241 0
      vertex 12.4014 16.768 0
    endloop
  endfacet
  facet normal 0.970034 0.242971 0
    outer loop
      vertex 4.23204 8.59863 0.599999
      vertex 4.07586 9.22216 0
      vertex 4.07586 9.22216 0.599999
    endloop
  endfacet
  facet normal 0.970034 0.242971 0
    outer loop
      vertex 4.07586 9.22216 0
      vertex 4.23204 8.59863 0.599999
      vertex 4.23204 8.59863 0
    endloop
  endfacet
  facet normal 0.427561 0.903987 -0
    outer loop
      vertex 7.99342 4.44859 0
      vertex 7.41235 4.72342 0.599999
      vertex 7.99342 4.44859 0.599999
    endloop
  endfacet
  facet normal 0.427561 0.903987 0
    outer loop
      vertex 7.41235 4.72342 0.599999
      vertex 7.99342 4.44859 0
      vertex 7.41235 4.72342 0
    endloop
  endfacet
  facet normal 0.740948 0.671562 0
    outer loop
      vertex 5.86845 5.86845 0.599999
      vertex 5.43678 6.34472 0
      vertex 5.43678 6.34472 0.599999
    endloop
  endfacet
  facet normal 0.740948 0.671562 0
    outer loop
      vertex 5.43678 6.34472 0
      vertex 5.86845 5.86845 0.599999
      vertex 5.86845 5.86845 0
    endloop
  endfacet
  facet normal -0.0490685 0.998795 0
    outer loop
      vertex 11.142 3.98154 0
      vertex 10.5 3.95 0.599999
      vertex 11.142 3.98154 0.599999
    endloop
  endfacet
  facet normal -0.0490685 0.998795 0
    outer loop
      vertex 10.5 3.95 0.599999
      vertex 11.142 3.98154 0
      vertex 10.5 3.95 0
    endloop
  endfacet
  facet normal 0.989176 0.146736 0
    outer loop
      vertex 4.07586 9.22216 0.599999
      vertex 3.98154 9.85799 0
      vertex 3.98154 9.85799 0.599999
    endloop
  endfacet
  facet normal 0.989176 0.146736 0
    outer loop
      vertex 3.98154 9.85799 0
      vertex 4.07586 9.22216 0.599999
      vertex 4.07586 9.22216 0
    endloop
  endfacet
  facet normal -0.595695 0.803211 0
    outer loop
      vertex 14.6553 5.43678 0
      vertex 14.139 5.05387 0.599999
      vertex 14.6553 5.43678 0.599999
    endloop
  endfacet
  facet normal -0.595695 0.803211 0
    outer loop
      vertex 14.139 5.05387 0.599999
      vertex 14.6553 5.43678 0
      vertex 14.139 5.05387 0
    endloop
  endfacet
  facet normal 0.803205 0.595703 0
    outer loop
      vertex 5.43678 6.34472 0.599999
      vertex 5.05387 6.86101 0
      vertex 5.05387 6.86101 0.599999
    endloop
  endfacet
  facet normal 0.803205 0.595703 0
    outer loop
      vertex 5.05387 6.86101 0
      vertex 5.43678 6.34472 0.599999
      vertex 5.43678 6.34472 0
    endloop
  endfacet
  facet normal 0.998795 -0.0490685 0
    outer loop
      vertex 3.95 10.5 0.599999
      vertex 3.98154 11.142 0
      vertex 3.98154 11.142 0.599999
    endloop
  endfacet
  facet normal 0.998795 -0.0490685 0
    outer loop
      vertex 3.98154 11.142 0
      vertex 3.95 10.5 0.599999
      vertex 3.95 10.5 0
    endloop
  endfacet
  facet normal -0.740925 0.671588 0
    outer loop
      vertex 15.1315 5.86845 0
      vertex 15.5632 6.34472 0.599999
      vertex 15.5632 6.34472 0
    endloop
  endfacet
  facet normal -0.740925 0.671588 0
    outer loop
      vertex 15.5632 6.34472 0.599999
      vertex 15.1315 5.86845 0
      vertex 15.1315 5.86845 0.599999
    endloop
  endfacet
  facet normal -0.989157 -0.146864 0
    outer loop
      vertex 72.0185 11.142 0
      vertex 71.9241 11.7778 0.599999
      vertex 71.9241 11.7778 0
    endloop
  endfacet
  facet normal -0.989157 -0.146864 0
    outer loop
      vertex 71.9241 11.7778 0.599999
      vertex 72.0185 11.142 0
      vertex 72.0185 11.142 0.599999
    endloop
  endfacet
  facet normal -0.998798 -0.0490065 0
    outer loop
      vertex 72.05 10.5 0
      vertex 72.0185 11.142 0.599999
      vertex 72.0185 11.142 0
    endloop
  endfacet
  facet normal -0.998798 -0.0490065 0
    outer loop
      vertex 72.0185 11.142 0.599999
      vertex 72.05 10.5 0
      vertex 72.05 10.5 0.599999
    endloop
  endfacet
  facet normal -0.970069 -0.242828 0
    outer loop
      vertex 71.9241 11.7778 0
      vertex 71.768 12.4014 0.599999
      vertex 71.768 12.4014 0
    endloop
  endfacet
  facet normal -0.970069 -0.242828 0
    outer loop
      vertex 71.768 12.4014 0.599999
      vertex 71.9241 11.7778 0
      vertex 71.9241 11.7778 0.599999
    endloop
  endfacet
  facet normal 0.242828 -0.970069 0
    outer loop
      vertex 63.5986 16.768 0
      vertex 64.2222 16.9241 0.599999
      vertex 63.5986 16.768 0.599999
    endloop
  endfacet
  facet normal 0.242828 -0.970069 0
    outer loop
      vertex 64.2222 16.9241 0.599999
      vertex 63.5986 16.768 0
      vertex 64.2222 16.9241 0
    endloop
  endfacet
  facet normal 0.904005 0.427522 0
    outer loop
      vertex 59.7234 7.41235 0.599999
      vertex 59.4486 7.99342 0
      vertex 59.4486 7.99342 0.599999
    endloop
  endfacet
  facet normal 0.904005 0.427522 0
    outer loop
      vertex 59.4486 7.99342 0
      vertex 59.7234 7.41235 0.599999
      vertex 59.7234 7.41235 0
    endloop
  endfacet
  facet normal -0.427603 0.903967 0
    outer loop
      vertex 68.5876 4.72342 0
      vertex 68.0066 4.44859 0.599999
      vertex 68.5876 4.72342 0.599999
    endloop
  endfacet
  facet normal -0.427603 0.903967 0
    outer loop
      vertex 68.0066 4.44859 0.599999
      vertex 68.5876 4.72342 0
      vertex 68.0066 4.44859 0
    endloop
  endfacet
  facet normal 0.242946 0.97004 -0
    outer loop
      vertex 64.2222 4.07586 0
      vertex 63.5986 4.23204 0.599999
      vertex 64.2222 4.07586 0.599999
    endloop
  endfacet
  facet normal 0.242946 0.97004 0
    outer loop
      vertex 63.5986 4.23204 0.599999
      vertex 64.2222 4.07586 0
      vertex 63.5986 4.23204 0
    endloop
  endfacet
  facet normal -0.51405 0.85776 0
    outer loop
      vertex 69.139 5.05387 0
      vertex 68.5876 4.72342 0.599999
      vertex 69.139 5.05387 0.599999
    endloop
  endfacet
  facet normal -0.51405 0.85776 0
    outer loop
      vertex 68.5876 4.72342 0.599999
      vertex 69.139 5.05387 0
      vertex 68.5876 4.72342 0
    endloop
  endfacet
  facet normal 0.336898 0.941541 -0
    outer loop
      vertex 63.5986 4.23204 0
      vertex 62.9934 4.44859 0.599999
      vertex 63.5986 4.23204 0.599999
    endloop
  endfacet
  facet normal 0.336898 0.941541 0
    outer loop
      vertex 62.9934 4.44859 0.599999
      vertex 63.5986 4.23204 0
      vertex 62.9934 4.44859 0
    endloop
  endfacet
  facet normal -0.336898 0.941541 0
    outer loop
      vertex 68.0066 4.44859 0
      vertex 67.4014 4.23204 0.599999
      vertex 68.0066 4.44859 0.599999
    endloop
  endfacet
  facet normal -0.336898 0.941541 0
    outer loop
      vertex 67.4014 4.23204 0.599999
      vertex 68.0066 4.44859 0
      vertex 67.4014 4.23204 0
    endloop
  endfacet
  facet normal 0.671642 -0.740876 0
    outer loop
      vertex 60.8685 15.1315 0
      vertex 61.3447 15.5632 0.599999
      vertex 60.8685 15.1315 0.599999
    endloop
  endfacet
  facet normal 0.671642 -0.740876 0
    outer loop
      vertex 61.3447 15.5632 0.599999
      vertex 60.8685 15.1315 0
      vertex 61.3447 15.5632 0
    endloop
  endfacet
  facet normal -0.242946 0.97004 0
    outer loop
      vertex 67.4014 4.23204 0
      vertex 66.7778 4.07586 0.599999
      vertex 67.4014 4.23204 0.599999
    endloop
  endfacet
  facet normal -0.242946 0.97004 0
    outer loop
      vertex 66.7778 4.07586 0.599999
      vertex 67.4014 4.23204 0
      vertex 66.7778 4.07586 0
    endloop
  endfacet
  facet normal 0.857726 -0.514107 0
    outer loop
      vertex 59.7234 13.5876 0.599999
      vertex 60.0539 14.139 0
      vertex 60.0539 14.139 0.599999
    endloop
  endfacet
  facet normal 0.857726 -0.514107 0
    outer loop
      vertex 60.0539 14.139 0
      vertex 59.7234 13.5876 0.599999
      vertex 59.7234 13.5876 0
    endloop
  endfacet
  facet normal 0.989157 -0.146864 0
    outer loop
      vertex 58.9815 11.142 0.599999
      vertex 59.0759 11.7778 0
      vertex 59.0759 11.7778 0.599999
    endloop
  endfacet
  facet normal 0.989157 -0.146864 0
    outer loop
      vertex 59.0759 11.7778 0
      vertex 58.9815 11.142 0.599999
      vertex 58.9815 11.142 0
    endloop
  endfacet
  facet normal -0.903985 -0.427565 0
    outer loop
      vertex 71.5514 13.0066 0
      vertex 71.2766 13.5876 0.599999
      vertex 71.2766 13.5876 0
    endloop
  endfacet
  facet normal -0.903985 -0.427565 0
    outer loop
      vertex 71.2766 13.5876 0.599999
      vertex 71.5514 13.0066 0
      vertex 71.5514 13.0066 0.599999
    endloop
  endfacet
  facet normal -0.803213 0.595693 0
    outer loop
      vertex 70.5632 6.34472 0
      vertex 70.9461 6.86101 0.599999
      vertex 70.9461 6.86101 0
    endloop
  endfacet
  facet normal -0.803213 0.595693 0
    outer loop
      vertex 70.9461 6.86101 0.599999
      vertex 70.5632 6.34472 0
      vertex 70.5632 6.34472 0.599999
    endloop
  endfacet
  facet normal 0.595685 -0.803218 0
    outer loop
      vertex 61.3447 15.5632 0
      vertex 61.861 15.9461 0.599999
      vertex 61.3447 15.5632 0.599999
    endloop
  endfacet
  facet normal 0.595685 -0.803218 0
    outer loop
      vertex 61.861 15.9461 0.599999
      vertex 61.3447 15.5632 0
      vertex 61.861 15.9461 0
    endloop
  endfacet
  facet normal -0.595685 -0.803218 0
    outer loop
      vertex 69.139 15.9461 0
      vertex 69.6553 15.5632 0.599999
      vertex 69.139 15.9461 0.599999
    endloop
  endfacet
  facet normal -0.595685 -0.803218 -0
    outer loop
      vertex 69.6553 15.5632 0.599999
      vertex 69.139 15.9461 0
      vertex 69.6553 15.5632 0
    endloop
  endfacet
  facet normal -0.146864 -0.989157 0
    outer loop
      vertex 66.142 17.0185 0
      vertex 66.7778 16.9241 0.599999
      vertex 66.142 17.0185 0.599999
    endloop
  endfacet
  facet normal -0.146864 -0.989157 -0
    outer loop
      vertex 66.7778 16.9241 0.599999
      vertex 66.142 17.0185 0
      vertex 66.7778 16.9241 0
    endloop
  endfacet
  facet normal -0.803218 -0.595685 0
    outer loop
      vertex 70.9461 14.139 0
      vertex 70.5632 14.6553 0.599999
      vertex 70.5632 14.6553 0
    endloop
  endfacet
  facet normal -0.803218 -0.595685 0
    outer loop
      vertex 70.5632 14.6553 0.599999
      vertex 70.9461 14.139 0
      vertex 70.9461 14.139 0.599999
    endloop
  endfacet
  facet normal 0.514175 -0.857685 0
    outer loop
      vertex 61.861 15.9461 0
      vertex 62.4123 16.2766 0.599999
      vertex 61.861 15.9461 0.599999
    endloop
  endfacet
  facet normal 0.514175 -0.857685 0
    outer loop
      vertex 62.4123 16.2766 0.599999
      vertex 61.861 15.9461 0
      vertex 62.4123 16.2766 0
    endloop
  endfacet
  facet normal -0.514107 -0.857726 0
    outer loop
      vertex 68.5876 16.2766 0
      vertex 69.139 15.9461 0.599999
      vertex 68.5876 16.2766 0.599999
    endloop
  endfacet
  facet normal -0.514107 -0.857726 -0
    outer loop
      vertex 69.139 15.9461 0.599999
      vertex 68.5876 16.2766 0
      vertex 69.139 15.9461 0
    endloop
  endfacet
  facet normal -0.671642 -0.740876 0
    outer loop
      vertex 69.6553 15.5632 0
      vertex 70.1315 15.1315 0.599999
      vertex 69.6553 15.5632 0.599999
    endloop
  endfacet
  facet normal -0.671642 -0.740876 -0
    outer loop
      vertex 70.1315 15.1315 0.599999
      vertex 69.6553 15.5632 0
      vertex 70.1315 15.1315 0
    endloop
  endfacet
  facet normal 0.941518 0.336962 0
    outer loop
      vertex 59.4486 7.99342 0.599999
      vertex 59.232 8.59863 0
      vertex 59.232 8.59863 0.599999
    endloop
  endfacet
  facet normal 0.941518 0.336962 0
    outer loop
      vertex 59.232 8.59863 0
      vertex 59.4486 7.99342 0.599999
      vertex 59.4486 7.99342 0
    endloop
  endfacet
  facet normal -0.998798 0.0490057 0
    outer loop
      vertex 72.0185 9.85799 0
      vertex 72.05 10.5 0.599999
      vertex 72.05 10.5 0
    endloop
  endfacet
  facet normal -0.998798 0.0490057 0
    outer loop
      vertex 72.05 10.5 0.599999
      vertex 72.0185 9.85799 0
      vertex 72.0185 9.85799 0.599999
    endloop
  endfacet
  facet normal 0.427504 -0.904013 0
    outer loop
      vertex 62.4123 16.2766 0
      vertex 62.9934 16.5514 0.599999
      vertex 62.4123 16.2766 0.599999
    endloop
  endfacet
  facet normal 0.427504 -0.904013 0
    outer loop
      vertex 62.9934 16.5514 0.599999
      vertex 62.4123 16.2766 0
      vertex 62.9934 16.5514 0
    endloop
  endfacet
  facet normal -0.904005 0.427522 0
    outer loop
      vertex 71.2766 7.41235 0
      vertex 71.5514 7.99342 0.599999
      vertex 71.5514 7.99342 0
    endloop
  endfacet
  facet normal -0.904005 0.427522 0
    outer loop
      vertex 71.5514 7.99342 0.599999
      vertex 71.2766 7.41235 0
      vertex 71.2766 7.41235 0.599999
    endloop
  endfacet
  facet normal 0.595695 0.803211 -0
    outer loop
      vertex 61.861 5.05387 0
      vertex 61.3447 5.43678 0.599999
      vertex 61.861 5.05387 0.599999
    endloop
  endfacet
  facet normal 0.595695 0.803211 0
    outer loop
      vertex 61.3447 5.43678 0.599999
      vertex 61.861 5.05387 0
      vertex 61.3447 5.43678 0
    endloop
  endfacet
  facet normal 0.803218 -0.595685 0
    outer loop
      vertex 60.0539 14.139 0.599999
      vertex 60.4368 14.6553 0
      vertex 60.4368 14.6553 0.599999
    endloop
  endfacet
  facet normal 0.803218 -0.595685 0
    outer loop
      vertex 60.4368 14.6553 0
      vertex 60.0539 14.139 0.599999
      vertex 60.0539 14.139 0
    endloop
  endfacet
  facet normal 0.941516 -0.336967 0
    outer loop
      vertex 59.232 12.4014 0.599999
      vertex 59.4486 13.0066 0
      vertex 59.4486 13.0066 0.599999
    endloop
  endfacet
  facet normal 0.941516 -0.336967 0
    outer loop
      vertex 59.4486 13.0066 0
      vertex 59.232 12.4014 0.599999
      vertex 59.232 12.4014 0
    endloop
  endfacet
  facet normal -0.941516 -0.336967 0
    outer loop
      vertex 71.768 12.4014 0
      vertex 71.5514 13.0066 0.599999
      vertex 71.5514 13.0066 0
    endloop
  endfacet
  facet normal -0.941516 -0.336967 0
    outer loop
      vertex 71.5514 13.0066 0.599999
      vertex 71.768 12.4014 0
      vertex 71.768 12.4014 0.599999
    endloop
  endfacet
  facet normal 0 0 -1
    outer loop
      vertex 72.0185 9.85799 0.599999
      vertex 72.0185 11.142 0.599999
      vertex 72.05 10.5 0.599999
    endloop
  endfacet
  facet normal 0 0 -1
    outer loop
      vertex 71.9241 9.22216 0.599999
      vertex 72.0185 11.142 0.599999
      vertex 72.0185 9.85799 0.599999
    endloop
  endfacet
  facet normal 0 0 -1
    outer loop
      vertex 71.9241 9.22216 0.599999
      vertex 71.9241 11.7778 0.599999
      vertex 72.0185 11.142 0.599999
    endloop
  endfacet
  facet normal 0 0 -1
    outer loop
      vertex 71.768 8.59863 0.599999
      vertex 71.9241 11.7778 0.599999
      vertex 71.9241 9.22216 0.599999
    endloop
  endfacet
  facet normal 0 0 -1
    outer loop
      vertex 71.768 8.59863 0.599999
      vertex 71.768 12.4014 0.599999
      vertex 71.9241 11.7778 0.599999
    endloop
  endfacet
  facet normal 0 0 -1
    outer loop
      vertex 71.5514 7.99342 0.599999
      vertex 71.768 12.4014 0.599999
      vertex 71.768 8.59863 0.599999
    endloop
  endfacet
  facet normal 0 0 -1
    outer loop
      vertex 71.5514 7.99342 0.599999
      vertex 71.5514 13.0066 0.599999
      vertex 71.768 12.4014 0.599999
    endloop
  endfacet
  facet normal 0 0 -1
    outer loop
      vertex 71.2766 7.41235 0.599999
      vertex 71.5514 13.0066 0.599999
      vertex 71.5514 7.99342 0.599999
    endloop
  endfacet
  facet normal 0 0 -1
    outer loop
      vertex 71.2766 7.41235 0.599999
      vertex 71.2766 13.5876 0.599999
      vertex 71.5514 13.0066 0.599999
    endloop
  endfacet
  facet normal 0 0 -1
    outer loop
      vertex 70.9461 6.86101 0.599999
      vertex 71.2766 13.5876 0.599999
      vertex 71.2766 7.41235 0.599999
    endloop
  endfacet
  facet normal 0 0 -1
    outer loop
      vertex 70.9461 6.86101 0.599999
      vertex 70.9461 14.139 0.599999
      vertex 71.2766 13.5876 0.599999
    endloop
  endfacet
  facet normal 0 0 -1
    outer loop
      vertex 70.5632 6.34472 0.599999
      vertex 70.9461 14.139 0.599999
      vertex 70.9461 6.86101 0.599999
    endloop
  endfacet
  facet normal 0 0 -1
    outer loop
      vertex 70.5632 6.34472 0.599999
      vertex 70.5632 14.6553 0.599999
      vertex 70.9461 14.139 0.599999
    endloop
  endfacet
  facet normal 0 0 -1
    outer loop
      vertex 70.1315 5.86845 0.599999
      vertex 70.5632 14.6553 0.599999
      vertex 70.5632 6.34472 0.599999
    endloop
  endfacet
  facet normal 0 0 -1
    outer loop
      vertex 70.1315 5.86845 0.599999
      vertex 70.1315 15.1315 0.599999
      vertex 70.5632 14.6553 0.599999
    endloop
  endfacet
  facet normal 0 0 -1
    outer loop
      vertex 69.6553 5.43678 0.599999
      vertex 70.1315 15.1315 0.599999
      vertex 70.1315 5.86845 0.599999
    endloop
  endfacet
  facet normal 0 0 -1
    outer loop
      vertex 69.6553 5.43678 0.599999
      vertex 69.6553 15.5632 0.599999
      vertex 70.1315 15.1315 0.599999
    endloop
  endfacet
  facet normal 0 0 -1
    outer loop
      vertex 69.139 5.05387 0.599999
      vertex 69.6553 15.5632 0.599999
      vertex 69.6553 5.43678 0.599999
    endloop
  endfacet
  facet normal 0 0 -1
    outer loop
      vertex 69.139 5.05387 0.599999
      vertex 69.139 15.9461 0.599999
      vertex 69.6553 15.5632 0.599999
    endloop
  endfacet
  facet normal 0 0 -1
    outer loop
      vertex 68.5876 4.72342 0.599999
      vertex 69.139 15.9461 0.599999
      vertex 69.139 5.05387 0.599999
    endloop
  endfacet
  facet normal 0 0 -1
    outer loop
      vertex 68.5876 4.72342 0.599999
      vertex 68.5876 16.2766 0.599999
      vertex 69.139 15.9461 0.599999
    endloop
  endfacet
  facet normal 0 0 -1
    outer loop
      vertex 68.0066 4.44859 0.599999
      vertex 68.5876 16.2766 0.599999
      vertex 68.5876 4.72342 0.599999
    endloop
  endfacet
  facet normal 0 0 -1
    outer loop
      vertex 68.0066 4.44859 0.599999
      vertex 68.0066 16.5514 0.599999
      vertex 68.5876 16.2766 0.599999
    endloop
  endfacet
  facet normal 0 0 -1
    outer loop
      vertex 67.4014 4.23204 0.599999
      vertex 68.0066 16.5514 0.599999
      vertex 68.0066 4.44859 0.599999
    endloop
  endfacet
  facet normal 0 0 -1
    outer loop
      vertex 67.4014 4.23204 0.599999
      vertex 67.4014 16.768 0.599999
      vertex 68.0066 16.5514 0.599999
    endloop
  endfacet
  facet normal 0 0 -1
    outer loop
      vertex 66.7778 4.07586 0.599999
      vertex 67.4014 16.768 0.599999
      vertex 67.4014 4.23204 0.599999
    endloop
  endfacet
  facet normal 0 0 -1
    outer loop
      vertex 66.7778 4.07586 0.599999
      vertex 66.7778 16.9241 0.599999
      vertex 67.4014 16.768 0.599999
    endloop
  endfacet
  facet normal 0 0 -1
    outer loop
      vertex 66.142 3.98154 0.599999
      vertex 66.7778 16.9241 0.599999
      vertex 66.7778 4.07586 0.599999
    endloop
  endfacet
  facet normal 0 0 -1
    outer loop
      vertex 66.142 3.98154 0.599999
      vertex 66.142 17.0185 0.599999
      vertex 66.7778 16.9241 0.599999
    endloop
  endfacet
  facet normal 0 0 -1
    outer loop
      vertex 65.5 3.95 0.599999
      vertex 66.142 17.0185 0.599999
      vertex 66.142 3.98154 0.599999
    endloop
  endfacet
  facet normal 0 0 -1
    outer loop
      vertex 65.5 3.95 0.599999
      vertex 65.5 17.05 0.599999
      vertex 66.142 17.0185 0.599999
    endloop
  endfacet
  facet normal 0 0 -1
    outer loop
      vertex 64.858 3.98154 0.599999
      vertex 65.5 17.05 0.599999
      vertex 65.5 3.95 0.599999
    endloop
  endfacet
  facet normal 0 0 -1
    outer loop
      vertex 64.858 3.98154 0.599999
      vertex 64.858 17.0185 0.599999
      vertex 65.5 17.05 0.599999
    endloop
  endfacet
  facet normal 0 0 -1
    outer loop
      vertex 64.2222 4.07586 0.599999
      vertex 64.858 17.0185 0.599999
      vertex 64.858 3.98154 0.599999
    endloop
  endfacet
  facet normal 0 0 -1
    outer loop
      vertex 64.2222 4.07586 0.599999
      vertex 64.2222 16.9241 0.599999
      vertex 64.858 17.0185 0.599999
    endloop
  endfacet
  facet normal 0 0 -1
    outer loop
      vertex 63.5986 4.23204 0.599999
      vertex 64.2222 16.9241 0.599999
      vertex 64.2222 4.07586 0.599999
    endloop
  endfacet
  facet normal 0 0 -1
    outer loop
      vertex 63.5986 4.23204 0.599999
      vertex 63.5986 16.768 0.599999
      vertex 64.2222 16.9241 0.599999
    endloop
  endfacet
  facet normal 0 0 -1
    outer loop
      vertex 62.9934 4.44859 0.599999
      vertex 63.5986 16.768 0.599999
      vertex 63.5986 4.23204 0.599999
    endloop
  endfacet
  facet normal 0 0 -1
    outer loop
      vertex 62.9934 4.44859 0.599999
      vertex 62.9934 16.5514 0.599999
      vertex 63.5986 16.768 0.599999
    endloop
  endfacet
  facet normal 0 0 -1
    outer loop
      vertex 62.4123 4.72342 0.599999
      vertex 62.9934 16.5514 0.599999
      vertex 62.9934 4.44859 0.599999
    endloop
  endfacet
  facet normal 0 0 -1
    outer loop
      vertex 62.4123 4.72342 0.599999
      vertex 62.4123 16.2766 0.599999
      vertex 62.9934 16.5514 0.599999
    endloop
  endfacet
  facet normal 0 0 -1
    outer loop
      vertex 61.861 5.05387 0.599999
      vertex 62.4123 16.2766 0.599999
      vertex 62.4123 4.72342 0.599999
    endloop
  endfacet
  facet normal 0 0 -1
    outer loop
      vertex 61.861 5.05387 0.599999
      vertex 61.861 15.9461 0.599999
      vertex 62.4123 16.2766 0.599999
    endloop
  endfacet
  facet normal 0 0 -1
    outer loop
      vertex 61.3447 5.43678 0.599999
      vertex 61.861 15.9461 0.599999
      vertex 61.861 5.05387 0.599999
    endloop
  endfacet
  facet normal 0 0 -1
    outer loop
      vertex 61.3447 5.43678 0.599999
      vertex 61.3447 15.5632 0.599999
      vertex 61.861 15.9461 0.599999
    endloop
  endfacet
  facet normal 0 0 -1
    outer loop
      vertex 60.8685 5.86845 0.599999
      vertex 61.3447 15.5632 0.599999
      vertex 61.3447 5.43678 0.599999
    endloop
  endfacet
  facet normal 0 0 -1
    outer loop
      vertex 60.8685 5.86845 0.599999
      vertex 60.8685 15.1315 0.599999
      vertex 61.3447 15.5632 0.599999
    endloop
  endfacet
  facet normal 0 0 -1
    outer loop
      vertex 60.4368 6.34472 0.599999
      vertex 60.8685 15.1315 0.599999
      vertex 60.8685 5.86845 0.599999
    endloop
  endfacet
  facet normal 0 0 -1
    outer loop
      vertex 60.4368 6.34472 0.599999
      vertex 60.4368 14.6553 0.599999
      vertex 60.8685 15.1315 0.599999
    endloop
  endfacet
  facet normal 0 0 -1
    outer loop
      vertex 60.0539 6.86101 0.599999
      vertex 60.4368 14.6553 0.599999
      vertex 60.4368 6.34472 0.599999
    endloop
  endfacet
  facet normal 0 0 -1
    outer loop
      vertex 60.0539 6.86101 0.599999
      vertex 60.0539 14.139 0.599999
      vertex 60.4368 14.6553 0.599999
    endloop
  endfacet
  facet normal 0 0 -1
    outer loop
      vertex 59.7234 7.41235 0.599999
      vertex 60.0539 14.139 0.599999
      vertex 60.0539 6.86101 0.599999
    endloop
  endfacet
  facet normal 0 0 -1
    outer loop
      vertex 59.7234 7.41235 0.599999
      vertex 59.7234 13.5876 0.599999
      vertex 60.0539 14.139 0.599999
    endloop
  endfacet
  facet normal 0 0 -1
    outer loop
      vertex 59.4486 7.99342 0.599999
      vertex 59.7234 13.5876 0.599999
      vertex 59.7234 7.41235 0.599999
    endloop
  endfacet
  facet normal 0 0 -1
    outer loop
      vertex 59.4486 7.99342 0.599999
      vertex 59.4486 13.0066 0.599999
      vertex 59.7234 13.5876 0.599999
    endloop
  endfacet
  facet normal 0 0 -1
    outer loop
      vertex 59.232 8.59863 0.599999
      vertex 59.4486 13.0066 0.599999
      vertex 59.4486 7.99342 0.599999
    endloop
  endfacet
  facet normal 0 0 -1
    outer loop
      vertex 59.232 8.59863 0.599999
      vertex 59.232 12.4014 0.599999
      vertex 59.4486 13.0066 0.599999
    endloop
  endfacet
  facet normal 0 0 -1
    outer loop
      vertex 59.0759 9.22216 0.599999
      vertex 59.232 12.4014 0.599999
      vertex 59.232 8.59863 0.599999
    endloop
  endfacet
  facet normal 0 0 -1
    outer loop
      vertex 59.0759 9.22216 0.599999
      vertex 59.0759 11.7778 0.599999
      vertex 59.232 12.4014 0.599999
    endloop
  endfacet
  facet normal 0 0 -1
    outer loop
      vertex 58.9815 9.85799 0.599999
      vertex 59.0759 11.7778 0.599999
      vertex 59.0759 9.22216 0.599999
    endloop
  endfacet
  facet normal 0 0 -1
    outer loop
      vertex 58.9815 9.85799 0.599999
      vertex 58.9815 11.142 0.599999
      vertex 59.0759 11.7778 0.599999
    endloop
  endfacet
  facet normal 0 -0 -1
    outer loop
      vertex 58.9815 11.142 0.599999
      vertex 58.9815 9.85799 0.599999
      vertex 58.95 10.5 0.599999
    endloop
  endfacet
  facet normal 0.671617 0.740899 -0
    outer loop
      vertex 61.3447 5.43678 0
      vertex 60.8685 5.86845 0.599999
      vertex 61.3447 5.43678 0.599999
    endloop
  endfacet
  facet normal 0.671617 0.740899 0
    outer loop
      vertex 60.8685 5.86845 0.599999
      vertex 61.3447 5.43678 0
      vertex 60.8685 5.86845 0
    endloop
  endfacet
  facet normal -0.970063 0.242854 0
    outer loop
      vertex 71.768 8.59863 0
      vertex 71.9241 9.22216 0.599999
      vertex 71.9241 9.22216 0
    endloop
  endfacet
  facet normal -0.970063 0.242854 0
    outer loop
      vertex 71.9241 9.22216 0.599999
      vertex 71.768 8.59863 0
      vertex 71.768 8.59863 0.599999
    endloop
  endfacet
  facet normal -0.989158 0.146858 0
    outer loop
      vertex 71.9241 9.22216 0
      vertex 72.0185 9.85799 0.599999
      vertex 72.0185 9.85799 0
    endloop
  endfacet
  facet normal -0.989158 0.146858 0
    outer loop
      vertex 72.0185 9.85799 0.599999
      vertex 71.9241 9.22216 0
      vertex 71.9241 9.22216 0.599999
    endloop
  endfacet
  facet normal 0.514118 0.857719 -0
    outer loop
      vertex 62.4123 4.72342 0
      vertex 61.861 5.05387 0.599999
      vertex 62.4123 4.72342 0.599999
    endloop
  endfacet
  facet normal 0.514118 0.857719 0
    outer loop
      vertex 61.861 5.05387 0.599999
      vertex 62.4123 4.72342 0
      vertex 61.861 5.05387 0
    endloop
  endfacet
  facet normal -0.336967 -0.941516 0
    outer loop
      vertex 67.4014 16.768 0
      vertex 68.0066 16.5514 0.599999
      vertex 67.4014 16.768 0.599999
    endloop
  endfacet
  facet normal -0.336967 -0.941516 -0
    outer loop
      vertex 68.0066 16.5514 0.599999
      vertex 67.4014 16.768 0
      vertex 68.0066 16.5514 0
    endloop
  endfacet
  facet normal 0.336967 -0.941516 0
    outer loop
      vertex 62.9934 16.5514 0
      vertex 63.5986 16.768 0.599999
      vertex 62.9934 16.5514 0.599999
    endloop
  endfacet
  facet normal 0.336967 -0.941516 0
    outer loop
      vertex 63.5986 16.768 0.599999
      vertex 62.9934 16.5514 0
      vertex 63.5986 16.768 0
    endloop
  endfacet
  facet normal -0.146743 0.989175 0
    outer loop
      vertex 66.7778 4.07586 0
      vertex 66.142 3.98154 0.599999
      vertex 66.7778 4.07586 0.599999
    endloop
  endfacet
  facet normal -0.146743 0.989175 0
    outer loop
      vertex 66.142 3.98154 0.599999
      vertex 66.7778 4.07586 0
      vertex 66.142 3.98154 0
    endloop
  endfacet
  facet normal -0.857701 0.514148 0
    outer loop
      vertex 70.9461 6.86101 0
      vertex 71.2766 7.41235 0.599999
      vertex 71.2766 7.41235 0
    endloop
  endfacet
  facet normal -0.857701 0.514148 0
    outer loop
      vertex 71.2766 7.41235 0.599999
      vertex 70.9461 6.86101 0
      vertex 70.9461 6.86101 0.599999
    endloop
  endfacet
  facet normal 0.0490065 -0.998798 0
    outer loop
      vertex 64.858 17.0185 0
      vertex 65.5 17.05 0.599999
      vertex 64.858 17.0185 0.599999
    endloop
  endfacet
  facet normal 0.0490065 -0.998798 0
    outer loop
      vertex 65.5 17.05 0.599999
      vertex 64.858 17.0185 0
      vertex 65.5 17.05 0
    endloop
  endfacet
  facet normal 0.998798 0.0490057 0
    outer loop
      vertex 58.9815 9.85799 0.599999
      vertex 58.95 10.5 0
      vertex 58.95 10.5 0.599999
    endloop
  endfacet
  facet normal 0.998798 0.0490057 0
    outer loop
      vertex 58.95 10.5 0
      vertex 58.9815 9.85799 0.599999
      vertex 58.9815 9.85799 0
    endloop
  endfacet
  facet normal -0.941518 0.336962 0
    outer loop
      vertex 71.5514 7.99342 0
      vertex 71.768 8.59863 0.599999
      vertex 71.768 8.59863 0
    endloop
  endfacet
  facet normal -0.941518 0.336962 0
    outer loop
      vertex 71.768 8.59863 0.599999
      vertex 71.5514 7.99342 0
      vertex 71.5514 7.99342 0.599999
    endloop
  endfacet
  facet normal -0.427565 -0.903985 0
    outer loop
      vertex 68.0066 16.5514 0
      vertex 68.5876 16.2766 0.599999
      vertex 68.0066 16.5514 0.599999
    endloop
  endfacet
  facet normal -0.427565 -0.903985 -0
    outer loop
      vertex 68.5876 16.2766 0.599999
      vertex 68.0066 16.5514 0
      vertex 68.5876 16.2766 0
    endloop
  endfacet
  facet normal -0.740876 -0.671642 0
    outer loop
      vertex 70.5632 14.6553 0
      vertex 70.1315 15.1315 0.599999
      vertex 70.1315 15.1315 0
    endloop
  endfacet
  facet normal -0.740876 -0.671642 0
    outer loop
      vertex 70.1315 15.1315 0.599999
      vertex 70.5632 14.6553 0
      vertex 70.5632 14.6553 0.599999
    endloop
  endfacet
  facet normal -0.0490065 -0.998798 0
    outer loop
      vertex 65.5 17.05 0
      vertex 66.142 17.0185 0.599999
      vertex 65.5 17.05 0.599999
    endloop
  endfacet
  facet normal -0.0490065 -0.998798 -0
    outer loop
      vertex 66.142 17.0185 0.599999
      vertex 65.5 17.05 0
      vertex 66.142 17.0185 0
    endloop
  endfacet
  facet normal 0.857701 0.514148 0
    outer loop
      vertex 60.0539 6.86101 0.599999
      vertex 59.7234 7.41235 0
      vertex 59.7234 7.41235 0.599999
    endloop
  endfacet
  facet normal 0.857701 0.514148 0
    outer loop
      vertex 59.7234 7.41235 0
      vertex 60.0539 6.86101 0.599999
      vertex 60.0539 6.86101 0
    endloop
  endfacet
  facet normal -0.857726 -0.514107 0
    outer loop
      vertex 71.2766 13.5876 0
      vertex 70.9461 14.139 0.599999
      vertex 70.9461 14.139 0
    endloop
  endfacet
  facet normal -0.857726 -0.514107 0
    outer loop
      vertex 70.9461 14.139 0.599999
      vertex 71.2766 13.5876 0
      vertex 71.2766 13.5876 0.599999
    endloop
  endfacet
  facet normal 0.146743 0.989175 -0
    outer loop
      vertex 64.858 3.98154 0
      vertex 64.2222 4.07586 0.599999
      vertex 64.858 3.98154 0.599999
    endloop
  endfacet
  facet normal 0.146743 0.989175 0
    outer loop
      vertex 64.2222 4.07586 0.599999
      vertex 64.858 3.98154 0
      vertex 64.2222 4.07586 0
    endloop
  endfacet
  facet normal -0.671617 0.740899 0
    outer loop
      vertex 70.1315 5.86845 0
      vertex 69.6553 5.43678 0.599999
      vertex 70.1315 5.86845 0.599999
    endloop
  endfacet
  facet normal -0.671617 0.740899 0
    outer loop
      vertex 69.6553 5.43678 0.599999
      vertex 70.1315 5.86845 0
      vertex 69.6553 5.43678 0
    endloop
  endfacet
  facet normal 0.0490685 0.998795 -0
    outer loop
      vertex 65.5 3.95 0
      vertex 64.858 3.98154 0.599999
      vertex 65.5 3.95 0.599999
    endloop
  endfacet
  facet normal 0.0490685 0.998795 0
    outer loop
      vertex 64.858 3.98154 0.599999
      vertex 65.5 3.95 0
      vertex 64.858 3.98154 0
    endloop
  endfacet
  facet normal 0.740876 -0.671642 0
    outer loop
      vertex 60.4368 14.6553 0.599999
      vertex 60.8685 15.1315 0
      vertex 60.8685 15.1315 0.599999
    endloop
  endfacet
  facet normal 0.740876 -0.671642 0
    outer loop
      vertex 60.8685 15.1315 0
      vertex 60.4368 14.6553 0.599999
      vertex 60.4368 14.6553 0
    endloop
  endfacet
  facet normal 0.146864 -0.989157 0
    outer loop
      vertex 64.2222 16.9241 0
      vertex 64.858 17.0185 0.599999
      vertex 64.2222 16.9241 0.599999
    endloop
  endfacet
  facet normal 0.146864 -0.989157 0
    outer loop
      vertex 64.858 17.0185 0.599999
      vertex 64.2222 16.9241 0
      vertex 64.858 17.0185 0
    endloop
  endfacet
  facet normal 0.903985 -0.427565 0
    outer loop
      vertex 59.4486 13.0066 0.599999
      vertex 59.7234 13.5876 0
      vertex 59.7234 13.5876 0.599999
    endloop
  endfacet
  facet normal 0.903985 -0.427565 0
    outer loop
      vertex 59.7234 13.5876 0
      vertex 59.4486 13.0066 0.599999
      vertex 59.4486 13.0066 0
    endloop
  endfacet
  facet normal 0.970069 -0.242828 0
    outer loop
      vertex 59.0759 11.7778 0.599999
      vertex 59.232 12.4014 0
      vertex 59.232 12.4014 0.599999
    endloop
  endfacet
  facet normal 0.970069 -0.242828 0
    outer loop
      vertex 59.232 12.4014 0
      vertex 59.0759 11.7778 0.599999
      vertex 59.0759 11.7778 0
    endloop
  endfacet
  facet normal -0.242828 -0.970069 0
    outer loop
      vertex 66.7778 16.9241 0
      vertex 67.4014 16.768 0.599999
      vertex 66.7778 16.9241 0.599999
    endloop
  endfacet
  facet normal -0.242828 -0.970069 -0
    outer loop
      vertex 67.4014 16.768 0.599999
      vertex 66.7778 16.9241 0
      vertex 67.4014 16.768 0
    endloop
  endfacet
  facet normal 0.970063 0.242854 0
    outer loop
      vertex 59.232 8.59863 0.599999
      vertex 59.0759 9.22216 0
      vertex 59.0759 9.22216 0.599999
    endloop
  endfacet
  facet normal 0.970063 0.242854 0
    outer loop
      vertex 59.0759 9.22216 0
      vertex 59.232 8.59863 0.599999
      vertex 59.232 8.59863 0
    endloop
  endfacet
  facet normal 0.427543 0.903995 -0
    outer loop
      vertex 62.9934 4.44859 0
      vertex 62.4123 4.72342 0.599999
      vertex 62.9934 4.44859 0.599999
    endloop
  endfacet
  facet normal 0.427543 0.903995 0
    outer loop
      vertex 62.4123 4.72342 0.599999
      vertex 62.9934 4.44859 0
      vertex 62.4123 4.72342 0
    endloop
  endfacet
  facet normal 0.740925 0.671588 0
    outer loop
      vertex 60.8685 5.86845 0.599999
      vertex 60.4368 6.34472 0
      vertex 60.4368 6.34472 0.599999
    endloop
  endfacet
  facet normal 0.740925 0.671588 0
    outer loop
      vertex 60.4368 6.34472 0
      vertex 60.8685 5.86845 0.599999
      vertex 60.8685 5.86845 0
    endloop
  endfacet
  facet normal -0.0490685 0.998795 0
    outer loop
      vertex 66.142 3.98154 0
      vertex 65.5 3.95 0.599999
      vertex 66.142 3.98154 0.599999
    endloop
  endfacet
  facet normal -0.0490685 0.998795 0
    outer loop
      vertex 65.5 3.95 0.599999
      vertex 66.142 3.98154 0
      vertex 65.5 3.95 0
    endloop
  endfacet
  facet normal 0.989158 0.146858 0
    outer loop
      vertex 59.0759 9.22216 0.599999
      vertex 58.9815 9.85799 0
      vertex 58.9815 9.85799 0.599999
    endloop
  endfacet
  facet normal 0.989158 0.146858 0
    outer loop
      vertex 58.9815 9.85799 0
      vertex 59.0759 9.22216 0.599999
      vertex 59.0759 9.22216 0
    endloop
  endfacet
  facet normal -0.595695 0.803211 0
    outer loop
      vertex 69.6553 5.43678 0
      vertex 69.139 5.05387 0.599999
      vertex 69.6553 5.43678 0.599999
    endloop
  endfacet
  facet normal -0.595695 0.803211 0
    outer loop
      vertex 69.139 5.05387 0.599999
      vertex 69.6553 5.43678 0
      vertex 69.139 5.05387 0
    endloop
  endfacet
  facet normal 0.803213 0.595693 0
    outer loop
      vertex 60.4368 6.34472 0.599999
      vertex 60.0539 6.86101 0
      vertex 60.0539 6.86101 0.599999
    endloop
  endfacet
  facet normal 0.803213 0.595693 0
    outer loop
      vertex 60.0539 6.86101 0
      vertex 60.4368 6.34472 0.599999
      vertex 60.4368 6.34472 0
    endloop
  endfacet
  facet normal 0.998798 -0.0490065 0
    outer loop
      vertex 58.95 10.5 0.599999
      vertex 58.9815 11.142 0
      vertex 58.9815 11.142 0.599999
    endloop
  endfacet
  facet normal 0.998798 -0.0490065 0
    outer loop
      vertex 58.9815 11.142 0
      vertex 58.95 10.5 0.599999
      vertex 58.95 10.5 0
    endloop
  endfacet
  facet normal -0.740925 0.671588 0
    outer loop
      vertex 70.1315 5.86845 0
      vertex 70.5632 6.34472 0.599999
      vertex 70.5632 6.34472 0
    endloop
  endfacet
  facet normal -0.740925 0.671588 0
    outer loop
      vertex 70.5632 6.34472 0.599999
      vertex 70.1315 5.86845 0
      vertex 70.1315 5.86845 0.599999
    endloop
  endfacet
  facet normal -0.989157 -0.146864 0
    outer loop
      vertex 17.0185 72.642 0
      vertex 16.9241 73.2778 0.599999
      vertex 16.9241 73.2778 0
    endloop
  endfacet
  facet normal -0.989157 -0.146864 0
    outer loop
      vertex 16.9241 73.2778 0.599999
      vertex 17.0185 72.642 0
      vertex 17.0185 72.642 0.599999
    endloop
  endfacet
  facet normal -0.998798 -0.0490065 0
    outer loop
      vertex 17.05 72 0
      vertex 17.0185 72.642 0.599999
      vertex 17.0185 72.642 0
    endloop
  endfacet
  facet normal -0.998798 -0.0490065 0
    outer loop
      vertex 17.0185 72.642 0.599999
      vertex 17.05 72 0
      vertex 17.05 72 0.599999
    endloop
  endfacet
  facet normal -0.970069 -0.242828 0
    outer loop
      vertex 16.9241 73.2778 0
      vertex 16.768 73.9014 0.599999
      vertex 16.768 73.9014 0
    endloop
  endfacet
  facet normal -0.970069 -0.242828 0
    outer loop
      vertex 16.768 73.9014 0.599999
      vertex 16.9241 73.2778 0
      vertex 16.9241 73.2778 0.599999
    endloop
  endfacet
  facet normal 0.242854 -0.970063 0
    outer loop
      vertex 8.59863 78.268 0
      vertex 9.22216 78.4241 0.599999
      vertex 8.59863 78.268 0.599999
    endloop
  endfacet
  facet normal 0.242854 -0.970063 0
    outer loop
      vertex 9.22216 78.4241 0.599999
      vertex 8.59863 78.268 0
      vertex 9.22216 78.4241 0
    endloop
  endfacet
  facet normal 0.903967 0.427603 0
    outer loop
      vertex 4.72342 68.9124 0.599999
      vertex 4.44859 69.4934 0
      vertex 4.44859 69.4934 0.599999
    endloop
  endfacet
  facet normal 0.903967 0.427603 0
    outer loop
      vertex 4.44859 69.4934 0
      vertex 4.72342 68.9124 0.599999
      vertex 4.72342 68.9124 0
    endloop
  endfacet
  facet normal 0.242854 0.970063 -0
    outer loop
      vertex 9.22216 65.5759 0
      vertex 8.59863 65.732 0.599999
      vertex 9.22216 65.5759 0.599999
    endloop
  endfacet
  facet normal 0.242854 0.970063 0
    outer loop
      vertex 8.59863 65.732 0.599999
      vertex 9.22216 65.5759 0
      vertex 8.59863 65.732 0
    endloop
  endfacet
  facet normal -0.514107 0.857726 0
    outer loop
      vertex 14.139 66.5539 0
      vertex 13.5876 66.2234 0.599999
      vertex 14.139 66.5539 0.599999
    endloop
  endfacet
  facet normal -0.514107 0.857726 0
    outer loop
      vertex 13.5876 66.2234 0.599999
      vertex 14.139 66.5539 0
      vertex 13.5876 66.2234 0
    endloop
  endfacet
  facet normal 0.336962 0.941518 -0
    outer loop
      vertex 8.59863 65.732 0
      vertex 7.99342 65.9486 0.599999
      vertex 8.59863 65.732 0.599999
    endloop
  endfacet
  facet normal 0.336962 0.941518 0
    outer loop
      vertex 7.99342 65.9486 0.599999
      vertex 8.59863 65.732 0
      vertex 7.99342 65.9486 0
    endloop
  endfacet
  facet normal -0.336967 0.941516 0
    outer loop
      vertex 13.0066 65.9486 0
      vertex 12.4014 65.732 0.599999
      vertex 13.0066 65.9486 0.599999
    endloop
  endfacet
  facet normal -0.336967 0.941516 0
    outer loop
      vertex 12.4014 65.732 0.599999
      vertex 13.0066 65.9486 0
      vertex 12.4014 65.732 0
    endloop
  endfacet
  facet normal 0.671588 -0.740925 0
    outer loop
      vertex 5.86845 76.6315 0
      vertex 6.34472 77.0632 0.599999
      vertex 5.86845 76.6315 0.599999
    endloop
  endfacet
  facet normal 0.671588 -0.740925 0
    outer loop
      vertex 6.34472 77.0632 0.599999
      vertex 5.86845 76.6315 0
      vertex 6.34472 77.0632 0
    endloop
  endfacet
  facet normal -0.242828 0.970069 0
    outer loop
      vertex 12.4014 65.732 0
      vertex 11.7778 65.5759 0.599999
      vertex 12.4014 65.732 0.599999
    endloop
  endfacet
  facet normal -0.242828 0.970069 0
    outer loop
      vertex 11.7778 65.5759 0.599999
      vertex 12.4014 65.732 0
      vertex 11.7778 65.5759 0
    endloop
  endfacet
  facet normal 0.85776 -0.51405 0
    outer loop
      vertex 4.72342 75.0876 0.599999
      vertex 5.05387 75.639 0
      vertex 5.05387 75.639 0.599999
    endloop
  endfacet
  facet normal 0.85776 -0.51405 0
    outer loop
      vertex 5.05387 75.639 0
      vertex 4.72342 75.0876 0.599999
      vertex 4.72342 75.0876 0
    endloop
  endfacet
  facet normal 0.989175 -0.146743 0
    outer loop
      vertex 3.98154 72.642 0.599999
      vertex 4.07586 73.2778 0
      vertex 4.07586 73.2778 0.599999
    endloop
  endfacet
  facet normal 0.989175 -0.146743 0
    outer loop
      vertex 4.07586 73.2778 0
      vertex 3.98154 72.642 0.599999
      vertex 3.98154 72.642 0
    endloop
  endfacet
  facet normal -0.903985 -0.427565 0
    outer loop
      vertex 16.5514 74.5066 0
      vertex 16.2766 75.0876 0.599999
      vertex 16.2766 75.0876 0
    endloop
  endfacet
  facet normal -0.903985 -0.427565 0
    outer loop
      vertex 16.2766 75.0876 0.599999
      vertex 16.5514 74.5066 0
      vertex 16.5514 74.5066 0.599999
    endloop
  endfacet
  facet normal -0.803218 0.595685 0
    outer loop
      vertex 15.5632 67.8447 0
      vertex 15.9461 68.361 0.599999
      vertex 15.9461 68.361 0
    endloop
  endfacet
  facet normal -0.803218 0.595685 0
    outer loop
      vertex 15.9461 68.361 0.599999
      vertex 15.5632 67.8447 0
      vertex 15.5632 67.8447 0.599999
    endloop
  endfacet
  facet normal 0.595693 -0.803213 0
    outer loop
      vertex 6.34472 77.0632 0
      vertex 6.86101 77.4461 0.599999
      vertex 6.34472 77.0632 0.599999
    endloop
  endfacet
  facet normal 0.595693 -0.803213 0
    outer loop
      vertex 6.86101 77.4461 0.599999
      vertex 6.34472 77.0632 0
      vertex 6.86101 77.4461 0
    endloop
  endfacet
  facet normal -0.595685 -0.803218 0
    outer loop
      vertex 14.139 77.4461 0
      vertex 14.6553 77.0632 0.599999
      vertex 14.139 77.4461 0.599999
    endloop
  endfacet
  facet normal -0.595685 -0.803218 -0
    outer loop
      vertex 14.6553 77.0632 0.599999
      vertex 14.139 77.4461 0
      vertex 14.6553 77.0632 0
    endloop
  endfacet
  facet normal -0.146864 -0.989157 0
    outer loop
      vertex 11.142 78.5185 0
      vertex 11.7778 78.4241 0.599999
      vertex 11.142 78.5185 0.599999
    endloop
  endfacet
  facet normal -0.146864 -0.989157 -0
    outer loop
      vertex 11.7778 78.4241 0.599999
      vertex 11.142 78.5185 0
      vertex 11.7778 78.4241 0
    endloop
  endfacet
  facet normal -0.803218 -0.595685 0
    outer loop
      vertex 15.9461 75.639 0
      vertex 15.5632 76.1553 0.599999
      vertex 15.5632 76.1553 0
    endloop
  endfacet
  facet normal -0.803218 -0.595685 0
    outer loop
      vertex 15.5632 76.1553 0.599999
      vertex 15.9461 75.639 0
      vertex 15.9461 75.639 0.599999
    endloop
  endfacet
  facet normal 0.514148 -0.857701 0
    outer loop
      vertex 6.86101 77.4461 0
      vertex 7.41235 77.7766 0.599999
      vertex 6.86101 77.4461 0.599999
    endloop
  endfacet
  facet normal 0.514148 -0.857701 0
    outer loop
      vertex 7.41235 77.7766 0.599999
      vertex 6.86101 77.4461 0
      vertex 7.41235 77.7766 0
    endloop
  endfacet
  facet normal -0.514107 -0.857726 0
    outer loop
      vertex 13.5876 77.7766 0
      vertex 14.139 77.4461 0.599999
      vertex 13.5876 77.7766 0.599999
    endloop
  endfacet
  facet normal -0.514107 -0.857726 -0
    outer loop
      vertex 14.139 77.4461 0.599999
      vertex 13.5876 77.7766 0
      vertex 14.139 77.4461 0
    endloop
  endfacet
  facet normal -0.671642 -0.740876 0
    outer loop
      vertex 14.6553 77.0632 0
      vertex 15.1315 76.6315 0.599999
      vertex 14.6553 77.0632 0.599999
    endloop
  endfacet
  facet normal -0.671642 -0.740876 -0
    outer loop
      vertex 15.1315 76.6315 0.599999
      vertex 14.6553 77.0632 0
      vertex 15.1315 76.6315 0
    endloop
  endfacet
  facet normal 0.941541 0.336898 0
    outer loop
      vertex 4.44859 69.4934 0.599999
      vertex 4.23204 70.0986 0
      vertex 4.23204 70.0986 0.599999
    endloop
  endfacet
  facet normal 0.941541 0.336898 0
    outer loop
      vertex 4.23204 70.0986 0
      vertex 4.44859 69.4934 0.599999
      vertex 4.44859 69.4934 0
    endloop
  endfacet
  facet normal -0.998798 0.0490065 0
    outer loop
      vertex 17.0185 71.358 0
      vertex 17.05 72 0.599999
      vertex 17.05 72 0
    endloop
  endfacet
  facet normal -0.998798 0.0490065 0
    outer loop
      vertex 17.05 72 0.599999
      vertex 17.0185 71.358 0
      vertex 17.0185 71.358 0.599999
    endloop
  endfacet
  facet normal 0.427522 -0.904005 0
    outer loop
      vertex 7.41235 77.7766 0
      vertex 7.99342 78.0514 0.599999
      vertex 7.41235 77.7766 0.599999
    endloop
  endfacet
  facet normal 0.427522 -0.904005 0
    outer loop
      vertex 7.99342 78.0514 0.599999
      vertex 7.41235 77.7766 0
      vertex 7.99342 78.0514 0
    endloop
  endfacet
  facet normal -0.903985 0.427565 0
    outer loop
      vertex 16.2766 68.9124 0
      vertex 16.5514 69.4934 0.599999
      vertex 16.5514 69.4934 0
    endloop
  endfacet
  facet normal -0.903985 0.427565 0
    outer loop
      vertex 16.5514 69.4934 0.599999
      vertex 16.2766 68.9124 0
      vertex 16.2766 68.9124 0.599999
    endloop
  endfacet
  facet normal 0.595693 0.803213 -0
    outer loop
      vertex 6.86101 66.5539 0
      vertex 6.34472 66.9368 0.599999
      vertex 6.86101 66.5539 0.599999
    endloop
  endfacet
  facet normal 0.595693 0.803213 0
    outer loop
      vertex 6.34472 66.9368 0.599999
      vertex 6.86101 66.5539 0
      vertex 6.34472 66.9368 0
    endloop
  endfacet
  facet normal 0.803211 -0.595695 0
    outer loop
      vertex 5.05387 75.639 0.599999
      vertex 5.43678 76.1553 0
      vertex 5.43678 76.1553 0.599999
    endloop
  endfacet
  facet normal 0.803211 -0.595695 0
    outer loop
      vertex 5.43678 76.1553 0
      vertex 5.05387 75.639 0.599999
      vertex 5.05387 75.639 0
    endloop
  endfacet
  facet normal 0.941541 -0.336898 0
    outer loop
      vertex 4.23204 73.9014 0.599999
      vertex 4.44859 74.5066 0
      vertex 4.44859 74.5066 0.599999
    endloop
  endfacet
  facet normal 0.941541 -0.336898 0
    outer loop
      vertex 4.44859 74.5066 0
      vertex 4.23204 73.9014 0.599999
      vertex 4.23204 73.9014 0
    endloop
  endfacet
  facet normal -0.941516 -0.336967 0
    outer loop
      vertex 16.768 73.9014 0
      vertex 16.5514 74.5066 0.599999
      vertex 16.5514 74.5066 0
    endloop
  endfacet
  facet normal -0.941516 -0.336967 0
    outer loop
      vertex 16.5514 74.5066 0.599999
      vertex 16.768 73.9014 0
      vertex 16.768 73.9014 0.599999
    endloop
  endfacet
  facet normal 0 0 -1
    outer loop
      vertex 17.0185 71.358 0.599999
      vertex 17.0185 72.642 0.599999
      vertex 17.05 72 0.599999
    endloop
  endfacet
  facet normal 0 0 -1
    outer loop
      vertex 16.9241 70.7222 0.599999
      vertex 17.0185 72.642 0.599999
      vertex 17.0185 71.358 0.599999
    endloop
  endfacet
  facet normal 0 0 -1
    outer loop
      vertex 16.9241 70.7222 0.599999
      vertex 16.9241 73.2778 0.599999
      vertex 17.0185 72.642 0.599999
    endloop
  endfacet
  facet normal 0 0 -1
    outer loop
      vertex 16.768 70.0986 0.599999
      vertex 16.9241 73.2778 0.599999
      vertex 16.9241 70.7222 0.599999
    endloop
  endfacet
  facet normal 0 0 -1
    outer loop
      vertex 16.768 70.0986 0.599999
      vertex 16.768 73.9014 0.599999
      vertex 16.9241 73.2778 0.599999
    endloop
  endfacet
  facet normal 0 0 -1
    outer loop
      vertex 16.5514 69.4934 0.599999
      vertex 16.768 73.9014 0.599999
      vertex 16.768 70.0986 0.599999
    endloop
  endfacet
  facet normal 0 0 -1
    outer loop
      vertex 16.5514 69.4934 0.599999
      vertex 16.5514 74.5066 0.599999
      vertex 16.768 73.9014 0.599999
    endloop
  endfacet
  facet normal 0 0 -1
    outer loop
      vertex 16.2766 68.9124 0.599999
      vertex 16.5514 74.5066 0.599999
      vertex 16.5514 69.4934 0.599999
    endloop
  endfacet
  facet normal 0 0 -1
    outer loop
      vertex 16.2766 68.9124 0.599999
      vertex 16.2766 75.0876 0.599999
      vertex 16.5514 74.5066 0.599999
    endloop
  endfacet
  facet normal 0 0 -1
    outer loop
      vertex 15.9461 68.361 0.599999
      vertex 16.2766 75.0876 0.599999
      vertex 16.2766 68.9124 0.599999
    endloop
  endfacet
  facet normal 0 0 -1
    outer loop
      vertex 15.9461 68.361 0.599999
      vertex 15.9461 75.639 0.599999
      vertex 16.2766 75.0876 0.599999
    endloop
  endfacet
  facet normal 0 0 -1
    outer loop
      vertex 15.5632 67.8447 0.599999
      vertex 15.9461 75.639 0.599999
      vertex 15.9461 68.361 0.599999
    endloop
  endfacet
  facet normal 0 0 -1
    outer loop
      vertex 15.5632 67.8447 0.599999
      vertex 15.5632 76.1553 0.599999
      vertex 15.9461 75.639 0.599999
    endloop
  endfacet
  facet normal 0 0 -1
    outer loop
      vertex 15.1315 67.3685 0.599999
      vertex 15.5632 76.1553 0.599999
      vertex 15.5632 67.8447 0.599999
    endloop
  endfacet
  facet normal 0 0 -1
    outer loop
      vertex 15.1315 67.3685 0.599999
      vertex 15.1315 76.6315 0.599999
      vertex 15.5632 76.1553 0.599999
    endloop
  endfacet
  facet normal 0 0 -1
    outer loop
      vertex 14.6553 66.9368 0.599999
      vertex 15.1315 76.6315 0.599999
      vertex 15.1315 67.3685 0.599999
    endloop
  endfacet
  facet normal 0 0 -1
    outer loop
      vertex 14.6553 66.9368 0.599999
      vertex 14.6553 77.0632 0.599999
      vertex 15.1315 76.6315 0.599999
    endloop
  endfacet
  facet normal 0 0 -1
    outer loop
      vertex 14.139 66.5539 0.599999
      vertex 14.6553 77.0632 0.599999
      vertex 14.6553 66.9368 0.599999
    endloop
  endfacet
  facet normal 0 0 -1
    outer loop
      vertex 14.139 66.5539 0.599999
      vertex 14.139 77.4461 0.599999
      vertex 14.6553 77.0632 0.599999
    endloop
  endfacet
  facet normal 0 0 -1
    outer loop
      vertex 13.5876 66.2234 0.599999
      vertex 14.139 77.4461 0.599999
      vertex 14.139 66.5539 0.599999
    endloop
  endfacet
  facet normal 0 0 -1
    outer loop
      vertex 13.5876 66.2234 0.599999
      vertex 13.5876 77.7766 0.599999
      vertex 14.139 77.4461 0.599999
    endloop
  endfacet
  facet normal 0 0 -1
    outer loop
      vertex 13.0066 65.9486 0.599999
      vertex 13.5876 77.7766 0.599999
      vertex 13.5876 66.2234 0.599999
    endloop
  endfacet
  facet normal 0 0 -1
    outer loop
      vertex 13.0066 65.9486 0.599999
      vertex 13.0066 78.0514 0.599999
      vertex 13.5876 77.7766 0.599999
    endloop
  endfacet
  facet normal 0 0 -1
    outer loop
      vertex 12.4014 65.732 0.599999
      vertex 13.0066 78.0514 0.599999
      vertex 13.0066 65.9486 0.599999
    endloop
  endfacet
  facet normal 0 0 -1
    outer loop
      vertex 12.4014 65.732 0.599999
      vertex 12.4014 78.268 0.599999
      vertex 13.0066 78.0514 0.599999
    endloop
  endfacet
  facet normal 0 0 -1
    outer loop
      vertex 11.7778 65.5759 0.599999
      vertex 12.4014 78.268 0.599999
      vertex 12.4014 65.732 0.599999
    endloop
  endfacet
  facet normal 0 0 -1
    outer loop
      vertex 11.7778 65.5759 0.599999
      vertex 11.7778 78.4241 0.599999
      vertex 12.4014 78.268 0.599999
    endloop
  endfacet
  facet normal 0 0 -1
    outer loop
      vertex 11.142 65.4815 0.599999
      vertex 11.7778 78.4241 0.599999
      vertex 11.7778 65.5759 0.599999
    endloop
  endfacet
  facet normal 0 0 -1
    outer loop
      vertex 11.142 65.4815 0.599999
      vertex 11.142 78.5185 0.599999
      vertex 11.7778 78.4241 0.599999
    endloop
  endfacet
  facet normal 0 0 -1
    outer loop
      vertex 10.5 65.45 0.599999
      vertex 11.142 78.5185 0.599999
      vertex 11.142 65.4815 0.599999
    endloop
  endfacet
  facet normal 0 0 -1
    outer loop
      vertex 10.5 65.45 0.599999
      vertex 10.5 78.55 0.599999
      vertex 11.142 78.5185 0.599999
    endloop
  endfacet
  facet normal 0 0 -1
    outer loop
      vertex 9.85799 65.4815 0.599999
      vertex 10.5 78.55 0.599999
      vertex 10.5 65.45 0.599999
    endloop
  endfacet
  facet normal 0 0 -1
    outer loop
      vertex 9.85799 65.4815 0.599999
      vertex 9.85799 78.5185 0.599999
      vertex 10.5 78.55 0.599999
    endloop
  endfacet
  facet normal 0 0 -1
    outer loop
      vertex 9.22216 65.5759 0.599999
      vertex 9.85799 78.5185 0.599999
      vertex 9.85799 65.4815 0.599999
    endloop
  endfacet
  facet normal 0 0 -1
    outer loop
      vertex 9.22216 65.5759 0.599999
      vertex 9.22216 78.4241 0.599999
      vertex 9.85799 78.5185 0.599999
    endloop
  endfacet
  facet normal 0 0 -1
    outer loop
      vertex 8.59863 65.732 0.599999
      vertex 9.22216 78.4241 0.599999
      vertex 9.22216 65.5759 0.599999
    endloop
  endfacet
  facet normal 0 0 -1
    outer loop
      vertex 8.59863 65.732 0.599999
      vertex 8.59863 78.268 0.599999
      vertex 9.22216 78.4241 0.599999
    endloop
  endfacet
  facet normal 0 0 -1
    outer loop
      vertex 7.99342 65.9486 0.599999
      vertex 8.59863 78.268 0.599999
      vertex 8.59863 65.732 0.599999
    endloop
  endfacet
  facet normal 0 0 -1
    outer loop
      vertex 7.99342 65.9486 0.599999
      vertex 7.99342 78.0514 0.599999
      vertex 8.59863 78.268 0.599999
    endloop
  endfacet
  facet normal 0 0 -1
    outer loop
      vertex 7.41235 66.2234 0.599999
      vertex 7.99342 78.0514 0.599999
      vertex 7.99342 65.9486 0.599999
    endloop
  endfacet
  facet normal 0 0 -1
    outer loop
      vertex 7.41235 66.2234 0.599999
      vertex 7.41235 77.7766 0.599999
      vertex 7.99342 78.0514 0.599999
    endloop
  endfacet
  facet normal 0 0 -1
    outer loop
      vertex 6.86101 66.5539 0.599999
      vertex 7.41235 77.7766 0.599999
      vertex 7.41235 66.2234 0.599999
    endloop
  endfacet
  facet normal 0 0 -1
    outer loop
      vertex 6.86101 66.5539 0.599999
      vertex 6.86101 77.4461 0.599999
      vertex 7.41235 77.7766 0.599999
    endloop
  endfacet
  facet normal 0 0 -1
    outer loop
      vertex 6.34472 66.9368 0.599999
      vertex 6.86101 77.4461 0.599999
      vertex 6.86101 66.5539 0.599999
    endloop
  endfacet
  facet normal 0 0 -1
    outer loop
      vertex 6.34472 66.9368 0.599999
      vertex 6.34472 77.0632 0.599999
      vertex 6.86101 77.4461 0.599999
    endloop
  endfacet
  facet normal 0 0 -1
    outer loop
      vertex 5.86845 67.3685 0.599999
      vertex 6.34472 77.0632 0.599999
      vertex 6.34472 66.9368 0.599999
    endloop
  endfacet
  facet normal 0 0 -1
    outer loop
      vertex 5.86845 67.3685 0.599999
      vertex 5.86845 76.6315 0.599999
      vertex 6.34472 77.0632 0.599999
    endloop
  endfacet
  facet normal 0 0 -1
    outer loop
      vertex 5.43678 67.8447 0.599999
      vertex 5.86845 76.6315 0.599999
      vertex 5.86845 67.3685 0.599999
    endloop
  endfacet
  facet normal 0 0 -1
    outer loop
      vertex 5.43678 67.8447 0.599999
      vertex 5.43678 76.1553 0.599999
      vertex 5.86845 76.6315 0.599999
    endloop
  endfacet
  facet normal 0 0 -1
    outer loop
      vertex 5.05387 68.361 0.599999
      vertex 5.43678 76.1553 0.599999
      vertex 5.43678 67.8447 0.599999
    endloop
  endfacet
  facet normal 0 0 -1
    outer loop
      vertex 5.05387 68.361 0.599999
      vertex 5.05387 75.639 0.599999
      vertex 5.43678 76.1553 0.599999
    endloop
  endfacet
  facet normal 0 0 -1
    outer loop
      vertex 4.72342 68.9124 0.599999
      vertex 5.05387 75.639 0.599999
      vertex 5.05387 68.361 0.599999
    endloop
  endfacet
  facet normal 0 0 -1
    outer loop
      vertex 4.72342 68.9124 0.599999
      vertex 4.72342 75.0876 0.599999
      vertex 5.05387 75.639 0.599999
    endloop
  endfacet
  facet normal 0 0 -1
    outer loop
      vertex 4.44859 69.4934 0.599999
      vertex 4.72342 75.0876 0.599999
      vertex 4.72342 68.9124 0.599999
    endloop
  endfacet
  facet normal 0 0 -1
    outer loop
      vertex 4.44859 69.4934 0.599999
      vertex 4.44859 74.5066 0.599999
      vertex 4.72342 75.0876 0.599999
    endloop
  endfacet
  facet normal 0 0 -1
    outer loop
      vertex 4.23204 70.0986 0.599999
      vertex 4.44859 74.5066 0.599999
      vertex 4.44859 69.4934 0.599999
    endloop
  endfacet
  facet normal 0 0 -1
    outer loop
      vertex 4.23204 70.0986 0.599999
      vertex 4.23204 73.9014 0.599999
      vertex 4.44859 74.5066 0.599999
    endloop
  endfacet
  facet normal 0 0 -1
    outer loop
      vertex 4.07586 70.7222 0.599999
      vertex 4.23204 73.9014 0.599999
      vertex 4.23204 70.0986 0.599999
    endloop
  endfacet
  facet normal 0 0 -1
    outer loop
      vertex 4.07586 70.7222 0.599999
      vertex 4.07586 73.2778 0.599999
      vertex 4.23204 73.9014 0.599999
    endloop
  endfacet
  facet normal 0 0 -1
    outer loop
      vertex 3.98154 71.358 0.599999
      vertex 4.07586 73.2778 0.599999
      vertex 4.07586 70.7222 0.599999
    endloop
  endfacet
  facet normal 0 0 -1
    outer loop
      vertex 3.98154 71.358 0.599999
      vertex 3.98154 72.642 0.599999
      vertex 4.07586 73.2778 0.599999
    endloop
  endfacet
  facet normal 0 -0 -1
    outer loop
      vertex 3.98154 72.642 0.599999
      vertex 3.98154 71.358 0.599999
      vertex 3.95 72 0.599999
    endloop
  endfacet
  facet normal -0.970069 0.242828 0
    outer loop
      vertex 16.768 70.0986 0
      vertex 16.9241 70.7222 0.599999
      vertex 16.9241 70.7222 0
    endloop
  endfacet
  facet normal -0.970069 0.242828 0
    outer loop
      vertex 16.9241 70.7222 0.599999
      vertex 16.768 70.0986 0
      vertex 16.768 70.0986 0.599999
    endloop
  endfacet
  facet normal -0.989157 0.146864 0
    outer loop
      vertex 16.9241 70.7222 0
      vertex 17.0185 71.358 0.599999
      vertex 17.0185 71.358 0
    endloop
  endfacet
  facet normal -0.989157 0.146864 0
    outer loop
      vertex 17.0185 71.358 0.599999
      vertex 16.9241 70.7222 0
      vertex 16.9241 70.7222 0.599999
    endloop
  endfacet
  facet normal 0.514148 0.857701 -0
    outer loop
      vertex 7.41235 66.2234 0
      vertex 6.86101 66.5539 0.599999
      vertex 7.41235 66.2234 0.599999
    endloop
  endfacet
  facet normal 0.514148 0.857701 0
    outer loop
      vertex 6.86101 66.5539 0.599999
      vertex 7.41235 66.2234 0
      vertex 6.86101 66.5539 0
    endloop
  endfacet
  facet normal -0.336967 -0.941516 0
    outer loop
      vertex 12.4014 78.268 0
      vertex 13.0066 78.0514 0.599999
      vertex 12.4014 78.268 0.599999
    endloop
  endfacet
  facet normal -0.336967 -0.941516 -0
    outer loop
      vertex 13.0066 78.0514 0.599999
      vertex 12.4014 78.268 0
      vertex 13.0066 78.0514 0
    endloop
  endfacet
  facet normal 0.336962 -0.941518 0
    outer loop
      vertex 7.99342 78.0514 0
      vertex 8.59863 78.268 0.599999
      vertex 7.99342 78.0514 0.599999
    endloop
  endfacet
  facet normal 0.336962 -0.941518 0
    outer loop
      vertex 8.59863 78.268 0.599999
      vertex 7.99342 78.0514 0
      vertex 8.59863 78.268 0
    endloop
  endfacet
  facet normal -0.146864 0.989157 0
    outer loop
      vertex 11.7778 65.5759 0
      vertex 11.142 65.4815 0.599999
      vertex 11.7778 65.5759 0.599999
    endloop
  endfacet
  facet normal -0.146864 0.989157 0
    outer loop
      vertex 11.142 65.4815 0.599999
      vertex 11.7778 65.5759 0
      vertex 11.142 65.4815 0
    endloop
  endfacet
  facet normal -0.857726 0.514107 0
    outer loop
      vertex 15.9461 68.361 0
      vertex 16.2766 68.9124 0.599999
      vertex 16.2766 68.9124 0
    endloop
  endfacet
  facet normal -0.857726 0.514107 0
    outer loop
      vertex 16.2766 68.9124 0.599999
      vertex 15.9461 68.361 0
      vertex 15.9461 68.361 0.599999
    endloop
  endfacet
  facet normal 0.0490057 -0.998798 0
    outer loop
      vertex 9.85799 78.5185 0
      vertex 10.5 78.55 0.599999
      vertex 9.85799 78.5185 0.599999
    endloop
  endfacet
  facet normal 0.0490057 -0.998798 0
    outer loop
      vertex 10.5 78.55 0.599999
      vertex 9.85799 78.5185 0
      vertex 10.5 78.55 0
    endloop
  endfacet
  facet normal 0.998795 0.0490685 0
    outer loop
      vertex 3.98154 71.358 0.599999
      vertex 3.95 72 0
      vertex 3.95 72 0.599999
    endloop
  endfacet
  facet normal 0.998795 0.0490685 0
    outer loop
      vertex 3.95 72 0
      vertex 3.98154 71.358 0.599999
      vertex 3.98154 71.358 0
    endloop
  endfacet
  facet normal -0.941516 0.336967 0
    outer loop
      vertex 16.5514 69.4934 0
      vertex 16.768 70.0986 0.599999
      vertex 16.768 70.0986 0
    endloop
  endfacet
  facet normal -0.941516 0.336967 0
    outer loop
      vertex 16.768 70.0986 0.599999
      vertex 16.5514 69.4934 0
      vertex 16.5514 69.4934 0.599999
    endloop
  endfacet
  facet normal -0.427565 -0.903985 0
    outer loop
      vertex 13.0066 78.0514 0
      vertex 13.5876 77.7766 0.599999
      vertex 13.0066 78.0514 0.599999
    endloop
  endfacet
  facet normal -0.427565 -0.903985 -0
    outer loop
      vertex 13.5876 77.7766 0.599999
      vertex 13.0066 78.0514 0
      vertex 13.5876 77.7766 0
    endloop
  endfacet
  facet normal -0.740876 -0.671642 0
    outer loop
      vertex 15.5632 76.1553 0
      vertex 15.1315 76.6315 0.599999
      vertex 15.1315 76.6315 0
    endloop
  endfacet
  facet normal -0.740876 -0.671642 0
    outer loop
      vertex 15.1315 76.6315 0.599999
      vertex 15.5632 76.1553 0
      vertex 15.5632 76.1553 0.599999
    endloop
  endfacet
  facet normal -0.0490065 -0.998798 0
    outer loop
      vertex 10.5 78.55 0
      vertex 11.142 78.5185 0.599999
      vertex 10.5 78.55 0.599999
    endloop
  endfacet
  facet normal -0.0490065 -0.998798 -0
    outer loop
      vertex 11.142 78.5185 0.599999
      vertex 10.5 78.55 0
      vertex 11.142 78.5185 0
    endloop
  endfacet
  facet normal 0.85776 0.51405 0
    outer loop
      vertex 5.05387 68.361 0.599999
      vertex 4.72342 68.9124 0
      vertex 4.72342 68.9124 0.599999
    endloop
  endfacet
  facet normal 0.85776 0.51405 0
    outer loop
      vertex 4.72342 68.9124 0
      vertex 5.05387 68.361 0.599999
      vertex 5.05387 68.361 0
    endloop
  endfacet
  facet normal -0.857726 -0.514107 0
    outer loop
      vertex 16.2766 75.0876 0
      vertex 15.9461 75.639 0.599999
      vertex 15.9461 75.639 0
    endloop
  endfacet
  facet normal -0.857726 -0.514107 0
    outer loop
      vertex 15.9461 75.639 0.599999
      vertex 16.2766 75.0876 0
      vertex 16.2766 75.0876 0.599999
    endloop
  endfacet
  facet normal 0.146858 0.989158 -0
    outer loop
      vertex 9.85799 65.4815 0
      vertex 9.22216 65.5759 0.599999
      vertex 9.85799 65.4815 0.599999
    endloop
  endfacet
  facet normal 0.146858 0.989158 0
    outer loop
      vertex 9.22216 65.5759 0.599999
      vertex 9.85799 65.4815 0
      vertex 9.22216 65.5759 0
    endloop
  endfacet
  facet normal -0.671642 0.740876 0
    outer loop
      vertex 15.1315 67.3685 0
      vertex 14.6553 66.9368 0.599999
      vertex 15.1315 67.3685 0.599999
    endloop
  endfacet
  facet normal -0.671642 0.740876 0
    outer loop
      vertex 14.6553 66.9368 0.599999
      vertex 15.1315 67.3685 0
      vertex 14.6553 66.9368 0
    endloop
  endfacet
  facet normal 0.0490057 0.998798 -0
    outer loop
      vertex 10.5 65.45 0
      vertex 9.85799 65.4815 0.599999
      vertex 10.5 65.45 0.599999
    endloop
  endfacet
  facet normal 0.0490057 0.998798 0
    outer loop
      vertex 9.85799 65.4815 0.599999
      vertex 10.5 65.45 0
      vertex 9.85799 65.4815 0
    endloop
  endfacet
  facet normal 0.740899 -0.671617 0
    outer loop
      vertex 5.43678 76.1553 0.599999
      vertex 5.86845 76.6315 0
      vertex 5.86845 76.6315 0.599999
    endloop
  endfacet
  facet normal 0.740899 -0.671617 0
    outer loop
      vertex 5.86845 76.6315 0
      vertex 5.43678 76.1553 0.599999
      vertex 5.43678 76.1553 0
    endloop
  endfacet
  facet normal 0.146858 -0.989158 0
    outer loop
      vertex 9.22216 78.4241 0
      vertex 9.85799 78.5185 0.599999
      vertex 9.22216 78.4241 0.599999
    endloop
  endfacet
  facet normal 0.146858 -0.989158 0
    outer loop
      vertex 9.85799 78.5185 0.599999
      vertex 9.22216 78.4241 0
      vertex 9.85799 78.5185 0
    endloop
  endfacet
  facet normal 0.903967 -0.427603 0
    outer loop
      vertex 4.44859 74.5066 0.599999
      vertex 4.72342 75.0876 0
      vertex 4.72342 75.0876 0.599999
    endloop
  endfacet
  facet normal 0.903967 -0.427603 0
    outer loop
      vertex 4.72342 75.0876 0
      vertex 4.44859 74.5066 0.599999
      vertex 4.44859 74.5066 0
    endloop
  endfacet
  facet normal 0.671588 0.740925 -0
    outer loop
      vertex 6.34472 66.9368 0
      vertex 5.86845 67.3685 0.599999
      vertex 6.34472 66.9368 0.599999
    endloop
  endfacet
  facet normal 0.671588 0.740925 0
    outer loop
      vertex 5.86845 67.3685 0.599999
      vertex 6.34472 66.9368 0
      vertex 5.86845 67.3685 0
    endloop
  endfacet
  facet normal 0.97004 -0.242946 0
    outer loop
      vertex 4.07586 73.2778 0.599999
      vertex 4.23204 73.9014 0
      vertex 4.23204 73.9014 0.599999
    endloop
  endfacet
  facet normal 0.97004 -0.242946 0
    outer loop
      vertex 4.23204 73.9014 0
      vertex 4.07586 73.2778 0.599999
      vertex 4.07586 73.2778 0
    endloop
  endfacet
  facet normal -0.242828 -0.970069 0
    outer loop
      vertex 11.7778 78.4241 0
      vertex 12.4014 78.268 0.599999
      vertex 11.7778 78.4241 0.599999
    endloop
  endfacet
  facet normal -0.242828 -0.970069 -0
    outer loop
      vertex 12.4014 78.268 0.599999
      vertex 11.7778 78.4241 0
      vertex 12.4014 78.268 0
    endloop
  endfacet
  facet normal 0.97004 0.242946 0
    outer loop
      vertex 4.23204 70.0986 0.599999
      vertex 4.07586 70.7222 0
      vertex 4.07586 70.7222 0.599999
    endloop
  endfacet
  facet normal 0.97004 0.242946 0
    outer loop
      vertex 4.07586 70.7222 0
      vertex 4.23204 70.0986 0.599999
      vertex 4.23204 70.0986 0
    endloop
  endfacet
  facet normal 0.427522 0.904005 -0
    outer loop
      vertex 7.99342 65.9486 0
      vertex 7.41235 66.2234 0.599999
      vertex 7.99342 65.9486 0.599999
    endloop
  endfacet
  facet normal 0.427522 0.904005 0
    outer loop
      vertex 7.41235 66.2234 0.599999
      vertex 7.99342 65.9486 0
      vertex 7.41235 66.2234 0
    endloop
  endfacet
  facet normal 0.740899 0.671617 0
    outer loop
      vertex 5.86845 67.3685 0.599999
      vertex 5.43678 67.8447 0
      vertex 5.43678 67.8447 0.599999
    endloop
  endfacet
  facet normal 0.740899 0.671617 0
    outer loop
      vertex 5.43678 67.8447 0
      vertex 5.86845 67.3685 0.599999
      vertex 5.86845 67.3685 0
    endloop
  endfacet
  facet normal -0.427565 0.903985 0
    outer loop
      vertex 13.5876 66.2234 0
      vertex 13.0066 65.9486 0.599999
      vertex 13.5876 66.2234 0.599999
    endloop
  endfacet
  facet normal -0.427565 0.903985 0
    outer loop
      vertex 13.0066 65.9486 0.599999
      vertex 13.5876 66.2234 0
      vertex 13.0066 65.9486 0
    endloop
  endfacet
  facet normal -0.0490065 0.998798 0
    outer loop
      vertex 11.142 65.4815 0
      vertex 10.5 65.45 0.599999
      vertex 11.142 65.4815 0.599999
    endloop
  endfacet
  facet normal -0.0490065 0.998798 0
    outer loop
      vertex 10.5 65.45 0.599999
      vertex 11.142 65.4815 0
      vertex 10.5 65.45 0
    endloop
  endfacet
  facet normal 0.989175 0.146743 0
    outer loop
      vertex 4.07586 70.7222 0.599999
      vertex 3.98154 71.358 0
      vertex 3.98154 71.358 0.599999
    endloop
  endfacet
  facet normal 0.989175 0.146743 0
    outer loop
      vertex 3.98154 71.358 0
      vertex 4.07586 70.7222 0.599999
      vertex 4.07586 70.7222 0
    endloop
  endfacet
  facet normal -0.595685 0.803218 0
    outer loop
      vertex 14.6553 66.9368 0
      vertex 14.139 66.5539 0.599999
      vertex 14.6553 66.9368 0.599999
    endloop
  endfacet
  facet normal -0.595685 0.803218 0
    outer loop
      vertex 14.139 66.5539 0.599999
      vertex 14.6553 66.9368 0
      vertex 14.139 66.5539 0
    endloop
  endfacet
  facet normal 0.803211 0.595695 0
    outer loop
      vertex 5.43678 67.8447 0.599999
      vertex 5.05387 68.361 0
      vertex 5.05387 68.361 0.599999
    endloop
  endfacet
  facet normal 0.803211 0.595695 0
    outer loop
      vertex 5.05387 68.361 0
      vertex 5.43678 67.8447 0.599999
      vertex 5.43678 67.8447 0
    endloop
  endfacet
  facet normal 0.998795 -0.0490685 0
    outer loop
      vertex 3.95 72 0.599999
      vertex 3.98154 72.642 0
      vertex 3.98154 72.642 0.599999
    endloop
  endfacet
  facet normal 0.998795 -0.0490685 0
    outer loop
      vertex 3.98154 72.642 0
      vertex 3.95 72 0.599999
      vertex 3.95 72 0
    endloop
  endfacet
  facet normal -0.740876 0.671642 0
    outer loop
      vertex 15.1315 67.3685 0
      vertex 15.5632 67.8447 0.599999
      vertex 15.5632 67.8447 0
    endloop
  endfacet
  facet normal -0.740876 0.671642 0
    outer loop
      vertex 15.5632 67.8447 0.599999
      vertex 15.1315 67.3685 0
      vertex 15.1315 67.3685 0.599999
    endloop
  endfacet
  facet normal -0.989157 -0.146864 0
    outer loop
      vertex 72.0185 72.642 0
      vertex 71.9241 73.2778 0.599999
      vertex 71.9241 73.2778 0
    endloop
  endfacet
  facet normal -0.989157 -0.146864 0
    outer loop
      vertex 71.9241 73.2778 0.599999
      vertex 72.0185 72.642 0
      vertex 72.0185 72.642 0.599999
    endloop
  endfacet
  facet normal -0.998798 -0.0490065 0
    outer loop
      vertex 72.05 72 0
      vertex 72.0185 72.642 0.599999
      vertex 72.0185 72.642 0
    endloop
  endfacet
  facet normal -0.998798 -0.0490065 0
    outer loop
      vertex 72.0185 72.642 0.599999
      vertex 72.05 72 0
      vertex 72.05 72 0.599999
    endloop
  endfacet
  facet normal -0.970069 -0.242828 0
    outer loop
      vertex 71.9241 73.2778 0
      vertex 71.768 73.9014 0.599999
      vertex 71.768 73.9014 0
    endloop
  endfacet
  facet normal -0.970069 -0.242828 0
    outer loop
      vertex 71.768 73.9014 0.599999
      vertex 71.9241 73.2778 0
      vertex 71.9241 73.2778 0.599999
    endloop
  endfacet
  facet normal 0.242828 -0.970069 0
    outer loop
      vertex 63.5986 78.268 0
      vertex 64.2222 78.4241 0.599999
      vertex 63.5986 78.268 0.599999
    endloop
  endfacet
  facet normal 0.242828 -0.970069 0
    outer loop
      vertex 64.2222 78.4241 0.599999
      vertex 63.5986 78.268 0
      vertex 64.2222 78.4241 0
    endloop
  endfacet
  facet normal 0.903985 0.427565 0
    outer loop
      vertex 59.7234 68.9124 0.599999
      vertex 59.4486 69.4934 0
      vertex 59.4486 69.4934 0.599999
    endloop
  endfacet
  facet normal 0.903985 0.427565 0
    outer loop
      vertex 59.4486 69.4934 0
      vertex 59.7234 68.9124 0.599999
      vertex 59.7234 68.9124 0
    endloop
  endfacet
  facet normal -0.427565 0.903985 0
    outer loop
      vertex 68.5876 66.2234 0
      vertex 68.0066 65.9486 0.599999
      vertex 68.5876 66.2234 0.599999
    endloop
  endfacet
  facet normal -0.427565 0.903985 0
    outer loop
      vertex 68.0066 65.9486 0.599999
      vertex 68.5876 66.2234 0
      vertex 68.0066 65.9486 0
    endloop
  endfacet
  facet normal 0.242828 0.970069 -0
    outer loop
      vertex 64.2222 65.5759 0
      vertex 63.5986 65.732 0.599999
      vertex 64.2222 65.5759 0.599999
    endloop
  endfacet
  facet normal 0.242828 0.970069 0
    outer loop
      vertex 63.5986 65.732 0.599999
      vertex 64.2222 65.5759 0
      vertex 63.5986 65.732 0
    endloop
  endfacet
  facet normal -0.514107 0.857726 0
    outer loop
      vertex 69.139 66.5539 0
      vertex 68.5876 66.2234 0.599999
      vertex 69.139 66.5539 0.599999
    endloop
  endfacet
  facet normal -0.514107 0.857726 0
    outer loop
      vertex 68.5876 66.2234 0.599999
      vertex 69.139 66.5539 0
      vertex 68.5876 66.2234 0
    endloop
  endfacet
  facet normal 0.336967 0.941516 -0
    outer loop
      vertex 63.5986 65.732 0
      vertex 62.9934 65.9486 0.599999
      vertex 63.5986 65.732 0.599999
    endloop
  endfacet
  facet normal 0.336967 0.941516 0
    outer loop
      vertex 62.9934 65.9486 0.599999
      vertex 63.5986 65.732 0
      vertex 62.9934 65.9486 0
    endloop
  endfacet
  facet normal -0.336967 0.941516 0
    outer loop
      vertex 68.0066 65.9486 0
      vertex 67.4014 65.732 0.599999
      vertex 68.0066 65.9486 0.599999
    endloop
  endfacet
  facet normal -0.336967 0.941516 0
    outer loop
      vertex 67.4014 65.732 0.599999
      vertex 68.0066 65.9486 0
      vertex 67.4014 65.732 0
    endloop
  endfacet
  facet normal 0.671642 -0.740876 0
    outer loop
      vertex 60.8685 76.6315 0
      vertex 61.3447 77.0632 0.599999
      vertex 60.8685 76.6315 0.599999
    endloop
  endfacet
  facet normal 0.671642 -0.740876 0
    outer loop
      vertex 61.3447 77.0632 0.599999
      vertex 60.8685 76.6315 0
      vertex 61.3447 77.0632 0
    endloop
  endfacet
  facet normal -0.242828 0.970069 0
    outer loop
      vertex 67.4014 65.732 0
      vertex 66.7778 65.5759 0.599999
      vertex 67.4014 65.732 0.599999
    endloop
  endfacet
  facet normal -0.242828 0.970069 0
    outer loop
      vertex 66.7778 65.5759 0.599999
      vertex 67.4014 65.732 0
      vertex 66.7778 65.5759 0
    endloop
  endfacet
  facet normal 0.857726 -0.514107 0
    outer loop
      vertex 59.7234 75.0876 0.599999
      vertex 60.0539 75.639 0
      vertex 60.0539 75.639 0.599999
    endloop
  endfacet
  facet normal 0.857726 -0.514107 0
    outer loop
      vertex 60.0539 75.639 0
      vertex 59.7234 75.0876 0.599999
      vertex 59.7234 75.0876 0
    endloop
  endfacet
  facet normal 0.989157 -0.146864 0
    outer loop
      vertex 58.9815 72.642 0.599999
      vertex 59.0759 73.2778 0
      vertex 59.0759 73.2778 0.599999
    endloop
  endfacet
  facet normal 0.989157 -0.146864 0
    outer loop
      vertex 59.0759 73.2778 0
      vertex 58.9815 72.642 0.599999
      vertex 58.9815 72.642 0
    endloop
  endfacet
  facet normal -0.903985 -0.427565 0
    outer loop
      vertex 71.5514 74.5066 0
      vertex 71.2766 75.0876 0.599999
      vertex 71.2766 75.0876 0
    endloop
  endfacet
  facet normal -0.903985 -0.427565 0
    outer loop
      vertex 71.2766 75.0876 0.599999
      vertex 71.5514 74.5066 0
      vertex 71.5514 74.5066 0.599999
    endloop
  endfacet
  facet normal -0.803218 0.595685 0
    outer loop
      vertex 70.5632 67.8447 0
      vertex 70.9461 68.361 0.599999
      vertex 70.9461 68.361 0
    endloop
  endfacet
  facet normal -0.803218 0.595685 0
    outer loop
      vertex 70.9461 68.361 0.599999
      vertex 70.5632 67.8447 0
      vertex 70.5632 67.8447 0.599999
    endloop
  endfacet
  facet normal 0.595685 -0.803218 0
    outer loop
      vertex 61.3447 77.0632 0
      vertex 61.861 77.4461 0.599999
      vertex 61.3447 77.0632 0.599999
    endloop
  endfacet
  facet normal 0.595685 -0.803218 0
    outer loop
      vertex 61.861 77.4461 0.599999
      vertex 61.3447 77.0632 0
      vertex 61.861 77.4461 0
    endloop
  endfacet
  facet normal -0.595685 -0.803218 0
    outer loop
      vertex 69.139 77.4461 0
      vertex 69.6553 77.0632 0.599999
      vertex 69.139 77.4461 0.599999
    endloop
  endfacet
  facet normal -0.595685 -0.803218 -0
    outer loop
      vertex 69.6553 77.0632 0.599999
      vertex 69.139 77.4461 0
      vertex 69.6553 77.0632 0
    endloop
  endfacet
  facet normal -0.146864 -0.989157 0
    outer loop
      vertex 66.142 78.5185 0
      vertex 66.7778 78.4241 0.599999
      vertex 66.142 78.5185 0.599999
    endloop
  endfacet
  facet normal -0.146864 -0.989157 -0
    outer loop
      vertex 66.7778 78.4241 0.599999
      vertex 66.142 78.5185 0
      vertex 66.7778 78.4241 0
    endloop
  endfacet
  facet normal -0.803218 -0.595685 0
    outer loop
      vertex 70.9461 75.639 0
      vertex 70.5632 76.1553 0.599999
      vertex 70.5632 76.1553 0
    endloop
  endfacet
  facet normal -0.803218 -0.595685 0
    outer loop
      vertex 70.5632 76.1553 0.599999
      vertex 70.9461 75.639 0
      vertex 70.9461 75.639 0.599999
    endloop
  endfacet
  facet normal 0.514175 -0.857685 0
    outer loop
      vertex 61.861 77.4461 0
      vertex 62.4123 77.7766 0.599999
      vertex 61.861 77.4461 0.599999
    endloop
  endfacet
  facet normal 0.514175 -0.857685 0
    outer loop
      vertex 62.4123 77.7766 0.599999
      vertex 61.861 77.4461 0
      vertex 62.4123 77.7766 0
    endloop
  endfacet
  facet normal 0.146864 -0.989157 0
    outer loop
      vertex 64.2222 78.4241 0
      vertex 64.858 78.5185 0.599999
      vertex 64.2222 78.4241 0.599999
    endloop
  endfacet
  facet normal 0.146864 -0.989157 0
    outer loop
      vertex 64.858 78.5185 0.599999
      vertex 64.2222 78.4241 0
      vertex 64.858 78.5185 0
    endloop
  endfacet
  facet normal -0.514107 -0.857726 0
    outer loop
      vertex 68.5876 77.7766 0
      vertex 69.139 77.4461 0.599999
      vertex 68.5876 77.7766 0.599999
    endloop
  endfacet
  facet normal -0.514107 -0.857726 -0
    outer loop
      vertex 69.139 77.4461 0.599999
      vertex 68.5876 77.7766 0
      vertex 69.139 77.4461 0
    endloop
  endfacet
  facet normal -0.671642 -0.740876 0
    outer loop
      vertex 69.6553 77.0632 0
      vertex 70.1315 76.6315 0.599999
      vertex 69.6553 77.0632 0.599999
    endloop
  endfacet
  facet normal -0.671642 -0.740876 -0
    outer loop
      vertex 70.1315 76.6315 0.599999
      vertex 69.6553 77.0632 0
      vertex 70.1315 76.6315 0
    endloop
  endfacet
  facet normal 0.941516 0.336967 0
    outer loop
      vertex 59.4486 69.4934 0.599999
      vertex 59.232 70.0986 0
      vertex 59.232 70.0986 0.599999
    endloop
  endfacet
  facet normal 0.941516 0.336967 0
    outer loop
      vertex 59.232 70.0986 0
      vertex 59.4486 69.4934 0.599999
      vertex 59.4486 69.4934 0
    endloop
  endfacet
  facet normal -0.998798 0.0490065 0
    outer loop
      vertex 72.0185 71.358 0
      vertex 72.05 72 0.599999
      vertex 72.05 72 0
    endloop
  endfacet
  facet normal -0.998798 0.0490065 0
    outer loop
      vertex 72.05 72 0.599999
      vertex 72.0185 71.358 0
      vertex 72.0185 71.358 0.599999
    endloop
  endfacet
  facet normal 0.427504 -0.904013 0
    outer loop
      vertex 62.4123 77.7766 0
      vertex 62.9934 78.0514 0.599999
      vertex 62.4123 77.7766 0.599999
    endloop
  endfacet
  facet normal 0.427504 -0.904013 0
    outer loop
      vertex 62.9934 78.0514 0.599999
      vertex 62.4123 77.7766 0
      vertex 62.9934 78.0514 0
    endloop
  endfacet
  facet normal -0.903985 0.427565 0
    outer loop
      vertex 71.2766 68.9124 0
      vertex 71.5514 69.4934 0.599999
      vertex 71.5514 69.4934 0
    endloop
  endfacet
  facet normal -0.903985 0.427565 0
    outer loop
      vertex 71.5514 69.4934 0.599999
      vertex 71.2766 68.9124 0
      vertex 71.2766 68.9124 0.599999
    endloop
  endfacet
  facet normal 0.595685 0.803218 -0
    outer loop
      vertex 61.861 66.5539 0
      vertex 61.3447 66.9368 0.599999
      vertex 61.861 66.5539 0.599999
    endloop
  endfacet
  facet normal 0.595685 0.803218 0
    outer loop
      vertex 61.3447 66.9368 0.599999
      vertex 61.861 66.5539 0
      vertex 61.3447 66.9368 0
    endloop
  endfacet
  facet normal 0.803218 -0.595685 0
    outer loop
      vertex 60.0539 75.639 0.599999
      vertex 60.4368 76.1553 0
      vertex 60.4368 76.1553 0.599999
    endloop
  endfacet
  facet normal 0.803218 -0.595685 0
    outer loop
      vertex 60.4368 76.1553 0
      vertex 60.0539 75.639 0.599999
      vertex 60.0539 75.639 0
    endloop
  endfacet
  facet normal 0.941516 -0.336967 0
    outer loop
      vertex 59.232 73.9014 0.599999
      vertex 59.4486 74.5066 0
      vertex 59.4486 74.5066 0.599999
    endloop
  endfacet
  facet normal 0.941516 -0.336967 0
    outer loop
      vertex 59.4486 74.5066 0
      vertex 59.232 73.9014 0.599999
      vertex 59.232 73.9014 0
    endloop
  endfacet
  facet normal -0.857726 -0.514107 0
    outer loop
      vertex 71.2766 75.0876 0
      vertex 70.9461 75.639 0.599999
      vertex 70.9461 75.639 0
    endloop
  endfacet
  facet normal -0.857726 -0.514107 0
    outer loop
      vertex 70.9461 75.639 0.599999
      vertex 71.2766 75.0876 0
      vertex 71.2766 75.0876 0.599999
    endloop
  endfacet
  facet normal -0.941516 -0.336967 0
    outer loop
      vertex 71.768 73.9014 0
      vertex 71.5514 74.5066 0.599999
      vertex 71.5514 74.5066 0
    endloop
  endfacet
  facet normal -0.941516 -0.336967 0
    outer loop
      vertex 71.5514 74.5066 0.599999
      vertex 71.768 73.9014 0
      vertex 71.768 73.9014 0.599999
    endloop
  endfacet
  facet normal 0 0 -1
    outer loop
      vertex 72.0185 71.358 0.599999
      vertex 72.0185 72.642 0.599999
      vertex 72.05 72 0.599999
    endloop
  endfacet
  facet normal 0 0 -1
    outer loop
      vertex 71.9241 70.7222 0.599999
      vertex 72.0185 72.642 0.599999
      vertex 72.0185 71.358 0.599999
    endloop
  endfacet
  facet normal 0 0 -1
    outer loop
      vertex 71.9241 70.7222 0.599999
      vertex 71.9241 73.2778 0.599999
      vertex 72.0185 72.642 0.599999
    endloop
  endfacet
  facet normal 0 0 -1
    outer loop
      vertex 71.768 70.0986 0.599999
      vertex 71.9241 73.2778 0.599999
      vertex 71.9241 70.7222 0.599999
    endloop
  endfacet
  facet normal 0 0 -1
    outer loop
      vertex 71.768 70.0986 0.599999
      vertex 71.768 73.9014 0.599999
      vertex 71.9241 73.2778 0.599999
    endloop
  endfacet
  facet normal 0 0 -1
    outer loop
      vertex 71.5514 69.4934 0.599999
      vertex 71.768 73.9014 0.599999
      vertex 71.768 70.0986 0.599999
    endloop
  endfacet
  facet normal 0 0 -1
    outer loop
      vertex 71.5514 69.4934 0.599999
      vertex 71.5514 74.5066 0.599999
      vertex 71.768 73.9014 0.599999
    endloop
  endfacet
  facet normal 0 0 -1
    outer loop
      vertex 71.2766 68.9124 0.599999
      vertex 71.5514 74.5066 0.599999
      vertex 71.5514 69.4934 0.599999
    endloop
  endfacet
  facet normal 0 0 -1
    outer loop
      vertex 71.2766 68.9124 0.599999
      vertex 71.2766 75.0876 0.599999
      vertex 71.5514 74.5066 0.599999
    endloop
  endfacet
  facet normal 0 0 -1
    outer loop
      vertex 70.9461 68.361 0.599999
      vertex 71.2766 75.0876 0.599999
      vertex 71.2766 68.9124 0.599999
    endloop
  endfacet
  facet normal 0 0 -1
    outer loop
      vertex 70.9461 68.361 0.599999
      vertex 70.9461 75.639 0.599999
      vertex 71.2766 75.0876 0.599999
    endloop
  endfacet
  facet normal 0 0 -1
    outer loop
      vertex 70.5632 67.8447 0.599999
      vertex 70.9461 75.639 0.599999
      vertex 70.9461 68.361 0.599999
    endloop
  endfacet
  facet normal 0 0 -1
    outer loop
      vertex 70.5632 67.8447 0.599999
      vertex 70.5632 76.1553 0.599999
      vertex 70.9461 75.639 0.599999
    endloop
  endfacet
  facet normal 0 0 -1
    outer loop
      vertex 70.1315 67.3685 0.599999
      vertex 70.5632 76.1553 0.599999
      vertex 70.5632 67.8447 0.599999
    endloop
  endfacet
  facet normal 0 0 -1
    outer loop
      vertex 70.1315 67.3685 0.599999
      vertex 70.1315 76.6315 0.599999
      vertex 70.5632 76.1553 0.599999
    endloop
  endfacet
  facet normal 0 0 -1
    outer loop
      vertex 69.6553 66.9368 0.599999
      vertex 70.1315 76.6315 0.599999
      vertex 70.1315 67.3685 0.599999
    endloop
  endfacet
  facet normal 0 0 -1
    outer loop
      vertex 69.6553 66.9368 0.599999
      vertex 69.6553 77.0632 0.599999
      vertex 70.1315 76.6315 0.599999
    endloop
  endfacet
  facet normal 0 0 -1
    outer loop
      vertex 69.139 66.5539 0.599999
      vertex 69.6553 77.0632 0.599999
      vertex 69.6553 66.9368 0.599999
    endloop
  endfacet
  facet normal 0 0 -1
    outer loop
      vertex 69.139 66.5539 0.599999
      vertex 69.139 77.4461 0.599999
      vertex 69.6553 77.0632 0.599999
    endloop
  endfacet
  facet normal 0 0 -1
    outer loop
      vertex 68.5876 66.2234 0.599999
      vertex 69.139 77.4461 0.599999
      vertex 69.139 66.5539 0.599999
    endloop
  endfacet
  facet normal 0 0 -1
    outer loop
      vertex 68.5876 66.2234 0.599999
      vertex 68.5876 77.7766 0.599999
      vertex 69.139 77.4461 0.599999
    endloop
  endfacet
  facet normal 0 0 -1
    outer loop
      vertex 68.0066 65.9486 0.599999
      vertex 68.5876 77.7766 0.599999
      vertex 68.5876 66.2234 0.599999
    endloop
  endfacet
  facet normal 0 0 -1
    outer loop
      vertex 68.0066 65.9486 0.599999
      vertex 68.0066 78.0514 0.599999
      vertex 68.5876 77.7766 0.599999
    endloop
  endfacet
  facet normal 0 0 -1
    outer loop
      vertex 67.4014 65.732 0.599999
      vertex 68.0066 78.0514 0.599999
      vertex 68.0066 65.9486 0.599999
    endloop
  endfacet
  facet normal 0 0 -1
    outer loop
      vertex 67.4014 65.732 0.599999
      vertex 67.4014 78.268 0.599999
      vertex 68.0066 78.0514 0.599999
    endloop
  endfacet
  facet normal 0 0 -1
    outer loop
      vertex 66.7778 65.5759 0.599999
      vertex 67.4014 78.268 0.599999
      vertex 67.4014 65.732 0.599999
    endloop
  endfacet
  facet normal 0 0 -1
    outer loop
      vertex 66.7778 65.5759 0.599999
      vertex 66.7778 78.4241 0.599999
      vertex 67.4014 78.268 0.599999
    endloop
  endfacet
  facet normal 0 0 -1
    outer loop
      vertex 66.142 65.4815 0.599999
      vertex 66.7778 78.4241 0.599999
      vertex 66.7778 65.5759 0.599999
    endloop
  endfacet
  facet normal 0 0 -1
    outer loop
      vertex 66.142 65.4815 0.599999
      vertex 66.142 78.5185 0.599999
      vertex 66.7778 78.4241 0.599999
    endloop
  endfacet
  facet normal 0 0 -1
    outer loop
      vertex 65.5 65.45 0.599999
      vertex 66.142 78.5185 0.599999
      vertex 66.142 65.4815 0.599999
    endloop
  endfacet
  facet normal 0 0 -1
    outer loop
      vertex 65.5 65.45 0.599999
      vertex 65.5 78.55 0.599999
      vertex 66.142 78.5185 0.599999
    endloop
  endfacet
  facet normal 0 0 -1
    outer loop
      vertex 64.858 65.4815 0.599999
      vertex 65.5 78.55 0.599999
      vertex 65.5 65.45 0.599999
    endloop
  endfacet
  facet normal 0 0 -1
    outer loop
      vertex 64.858 65.4815 0.599999
      vertex 64.858 78.5185 0.599999
      vertex 65.5 78.55 0.599999
    endloop
  endfacet
  facet normal 0 0 -1
    outer loop
      vertex 64.2222 65.5759 0.599999
      vertex 64.858 78.5185 0.599999
      vertex 64.858 65.4815 0.599999
    endloop
  endfacet
  facet normal 0 0 -1
    outer loop
      vertex 64.2222 65.5759 0.599999
      vertex 64.2222 78.4241 0.599999
      vertex 64.858 78.5185 0.599999
    endloop
  endfacet
  facet normal 0 0 -1
    outer loop
      vertex 63.5986 65.732 0.599999
      vertex 64.2222 78.4241 0.599999
      vertex 64.2222 65.5759 0.599999
    endloop
  endfacet
  facet normal 0 0 -1
    outer loop
      vertex 63.5986 65.732 0.599999
      vertex 63.5986 78.268 0.599999
      vertex 64.2222 78.4241 0.599999
    endloop
  endfacet
  facet normal 0 0 -1
    outer loop
      vertex 62.9934 65.9486 0.599999
      vertex 63.5986 78.268 0.599999
      vertex 63.5986 65.732 0.599999
    endloop
  endfacet
  facet normal 0 0 -1
    outer loop
      vertex 62.9934 65.9486 0.599999
      vertex 62.9934 78.0514 0.599999
      vertex 63.5986 78.268 0.599999
    endloop
  endfacet
  facet normal 0 0 -1
    outer loop
      vertex 62.4123 66.2234 0.599999
      vertex 62.9934 78.0514 0.599999
      vertex 62.9934 65.9486 0.599999
    endloop
  endfacet
  facet normal 0 0 -1
    outer loop
      vertex 62.4123 66.2234 0.599999
      vertex 62.4123 77.7766 0.599999
      vertex 62.9934 78.0514 0.599999
    endloop
  endfacet
  facet normal 0 0 -1
    outer loop
      vertex 61.861 66.5539 0.599999
      vertex 62.4123 77.7766 0.599999
      vertex 62.4123 66.2234 0.599999
    endloop
  endfacet
  facet normal 0 0 -1
    outer loop
      vertex 61.861 66.5539 0.599999
      vertex 61.861 77.4461 0.599999
      vertex 62.4123 77.7766 0.599999
    endloop
  endfacet
  facet normal 0 0 -1
    outer loop
      vertex 61.3447 66.9368 0.599999
      vertex 61.861 77.4461 0.599999
      vertex 61.861 66.5539 0.599999
    endloop
  endfacet
  facet normal 0 0 -1
    outer loop
      vertex 61.3447 66.9368 0.599999
      vertex 61.3447 77.0632 0.599999
      vertex 61.861 77.4461 0.599999
    endloop
  endfacet
  facet normal 0 0 -1
    outer loop
      vertex 60.8685 67.3685 0.599999
      vertex 61.3447 77.0632 0.599999
      vertex 61.3447 66.9368 0.599999
    endloop
  endfacet
  facet normal 0 0 -1
    outer loop
      vertex 60.8685 67.3685 0.599999
      vertex 60.8685 76.6315 0.599999
      vertex 61.3447 77.0632 0.599999
    endloop
  endfacet
  facet normal 0 0 -1
    outer loop
      vertex 60.4368 67.8447 0.599999
      vertex 60.8685 76.6315 0.599999
      vertex 60.8685 67.3685 0.599999
    endloop
  endfacet
  facet normal 0 0 -1
    outer loop
      vertex 60.4368 67.8447 0.599999
      vertex 60.4368 76.1553 0.599999
      vertex 60.8685 76.6315 0.599999
    endloop
  endfacet
  facet normal 0 0 -1
    outer loop
      vertex 60.0539 68.361 0.599999
      vertex 60.4368 76.1553 0.599999
      vertex 60.4368 67.8447 0.599999
    endloop
  endfacet
  facet normal 0 0 -1
    outer loop
      vertex 60.0539 68.361 0.599999
      vertex 60.0539 75.639 0.599999
      vertex 60.4368 76.1553 0.599999
    endloop
  endfacet
  facet normal 0 0 -1
    outer loop
      vertex 59.7234 68.9124 0.599999
      vertex 60.0539 75.639 0.599999
      vertex 60.0539 68.361 0.599999
    endloop
  endfacet
  facet normal 0 0 -1
    outer loop
      vertex 59.7234 68.9124 0.599999
      vertex 59.7234 75.0876 0.599999
      vertex 60.0539 75.639 0.599999
    endloop
  endfacet
  facet normal 0 0 -1
    outer loop
      vertex 59.4486 69.4934 0.599999
      vertex 59.7234 75.0876 0.599999
      vertex 59.7234 68.9124 0.599999
    endloop
  endfacet
  facet normal 0 0 -1
    outer loop
      vertex 59.4486 69.4934 0.599999
      vertex 59.4486 74.5066 0.599999
      vertex 59.7234 75.0876 0.599999
    endloop
  endfacet
  facet normal 0 0 -1
    outer loop
      vertex 59.232 70.0986 0.599999
      vertex 59.4486 74.5066 0.599999
      vertex 59.4486 69.4934 0.599999
    endloop
  endfacet
  facet normal 0 0 -1
    outer loop
      vertex 59.232 70.0986 0.599999
      vertex 59.232 73.9014 0.599999
      vertex 59.4486 74.5066 0.599999
    endloop
  endfacet
  facet normal 0 0 -1
    outer loop
      vertex 59.0759 70.7222 0.599999
      vertex 59.232 73.9014 0.599999
      vertex 59.232 70.0986 0.599999
    endloop
  endfacet
  facet normal 0 0 -1
    outer loop
      vertex 59.0759 70.7222 0.599999
      vertex 59.0759 73.2778 0.599999
      vertex 59.232 73.9014 0.599999
    endloop
  endfacet
  facet normal 0 0 -1
    outer loop
      vertex 58.9815 71.358 0.599999
      vertex 59.0759 73.2778 0.599999
      vertex 59.0759 70.7222 0.599999
    endloop
  endfacet
  facet normal 0 0 -1
    outer loop
      vertex 58.9815 71.358 0.599999
      vertex 58.9815 72.642 0.599999
      vertex 59.0759 73.2778 0.599999
    endloop
  endfacet
  facet normal 0 -0 -1
    outer loop
      vertex 58.9815 72.642 0.599999
      vertex 58.9815 71.358 0.599999
      vertex 58.95 72 0.599999
    endloop
  endfacet
  facet normal -0.970069 0.242828 0
    outer loop
      vertex 71.768 70.0986 0
      vertex 71.9241 70.7222 0.599999
      vertex 71.9241 70.7222 0
    endloop
  endfacet
  facet normal -0.970069 0.242828 0
    outer loop
      vertex 71.9241 70.7222 0.599999
      vertex 71.768 70.0986 0
      vertex 71.768 70.0986 0.599999
    endloop
  endfacet
  facet normal -0.989157 0.146864 0
    outer loop
      vertex 71.9241 70.7222 0
      vertex 72.0185 71.358 0.599999
      vertex 72.0185 71.358 0
    endloop
  endfacet
  facet normal -0.989157 0.146864 0
    outer loop
      vertex 72.0185 71.358 0.599999
      vertex 71.9241 70.7222 0
      vertex 71.9241 70.7222 0.599999
    endloop
  endfacet
  facet normal 0.514175 0.857685 -0
    outer loop
      vertex 62.4123 66.2234 0
      vertex 61.861 66.5539 0.599999
      vertex 62.4123 66.2234 0.599999
    endloop
  endfacet
  facet normal 0.514175 0.857685 0
    outer loop
      vertex 61.861 66.5539 0.599999
      vertex 62.4123 66.2234 0
      vertex 61.861 66.5539 0
    endloop
  endfacet
  facet normal -0.336967 -0.941516 0
    outer loop
      vertex 67.4014 78.268 0
      vertex 68.0066 78.0514 0.599999
      vertex 67.4014 78.268 0.599999
    endloop
  endfacet
  facet normal -0.336967 -0.941516 -0
    outer loop
      vertex 68.0066 78.0514 0.599999
      vertex 67.4014 78.268 0
      vertex 68.0066 78.0514 0
    endloop
  endfacet
  facet normal 0.336967 -0.941516 0
    outer loop
      vertex 62.9934 78.0514 0
      vertex 63.5986 78.268 0.599999
      vertex 62.9934 78.0514 0.599999
    endloop
  endfacet
  facet normal 0.336967 -0.941516 0
    outer loop
      vertex 63.5986 78.268 0.599999
      vertex 62.9934 78.0514 0
      vertex 63.5986 78.268 0
    endloop
  endfacet
  facet normal -0.146864 0.989157 0
    outer loop
      vertex 66.7778 65.5759 0
      vertex 66.142 65.4815 0.599999
      vertex 66.7778 65.5759 0.599999
    endloop
  endfacet
  facet normal -0.146864 0.989157 0
    outer loop
      vertex 66.142 65.4815 0.599999
      vertex 66.7778 65.5759 0
      vertex 66.142 65.4815 0
    endloop
  endfacet
  facet normal -0.857726 0.514107 0
    outer loop
      vertex 70.9461 68.361 0
      vertex 71.2766 68.9124 0.599999
      vertex 71.2766 68.9124 0
    endloop
  endfacet
  facet normal -0.857726 0.514107 0
    outer loop
      vertex 71.2766 68.9124 0.599999
      vertex 70.9461 68.361 0
      vertex 70.9461 68.361 0.599999
    endloop
  endfacet
  facet normal 0.0490065 -0.998798 0
    outer loop
      vertex 64.858 78.5185 0
      vertex 65.5 78.55 0.599999
      vertex 64.858 78.5185 0.599999
    endloop
  endfacet
  facet normal 0.0490065 -0.998798 0
    outer loop
      vertex 65.5 78.55 0.599999
      vertex 64.858 78.5185 0
      vertex 65.5 78.55 0
    endloop
  endfacet
  facet normal 0.998798 0.0490065 0
    outer loop
      vertex 58.9815 71.358 0.599999
      vertex 58.95 72 0
      vertex 58.95 72 0.599999
    endloop
  endfacet
  facet normal 0.998798 0.0490065 0
    outer loop
      vertex 58.95 72 0
      vertex 58.9815 71.358 0.599999
      vertex 58.9815 71.358 0
    endloop
  endfacet
  facet normal -0.941516 0.336967 0
    outer loop
      vertex 71.5514 69.4934 0
      vertex 71.768 70.0986 0.599999
      vertex 71.768 70.0986 0
    endloop
  endfacet
  facet normal -0.941516 0.336967 0
    outer loop
      vertex 71.768 70.0986 0.599999
      vertex 71.5514 69.4934 0
      vertex 71.5514 69.4934 0.599999
    endloop
  endfacet
  facet normal -0.427565 -0.903985 0
    outer loop
      vertex 68.0066 78.0514 0
      vertex 68.5876 77.7766 0.599999
      vertex 68.0066 78.0514 0.599999
    endloop
  endfacet
  facet normal -0.427565 -0.903985 -0
    outer loop
      vertex 68.5876 77.7766 0.599999
      vertex 68.0066 78.0514 0
      vertex 68.5876 77.7766 0
    endloop
  endfacet
  facet normal -0.740876 -0.671642 0
    outer loop
      vertex 70.5632 76.1553 0
      vertex 70.1315 76.6315 0.599999
      vertex 70.1315 76.6315 0
    endloop
  endfacet
  facet normal -0.740876 -0.671642 0
    outer loop
      vertex 70.1315 76.6315 0.599999
      vertex 70.5632 76.1553 0
      vertex 70.5632 76.1553 0.599999
    endloop
  endfacet
  facet normal -0.0490065 -0.998798 0
    outer loop
      vertex 65.5 78.55 0
      vertex 66.142 78.5185 0.599999
      vertex 65.5 78.55 0.599999
    endloop
  endfacet
  facet normal -0.0490065 -0.998798 -0
    outer loop
      vertex 66.142 78.5185 0.599999
      vertex 65.5 78.55 0
      vertex 66.142 78.5185 0
    endloop
  endfacet
  facet normal 0.857726 0.514107 0
    outer loop
      vertex 60.0539 68.361 0.599999
      vertex 59.7234 68.9124 0
      vertex 59.7234 68.9124 0.599999
    endloop
  endfacet
  facet normal 0.857726 0.514107 0
    outer loop
      vertex 59.7234 68.9124 0
      vertex 60.0539 68.361 0.599999
      vertex 60.0539 68.361 0
    endloop
  endfacet
  facet normal 0.146864 0.989157 -0
    outer loop
      vertex 64.858 65.4815 0
      vertex 64.2222 65.5759 0.599999
      vertex 64.858 65.4815 0.599999
    endloop
  endfacet
  facet normal 0.146864 0.989157 0
    outer loop
      vertex 64.2222 65.5759 0.599999
      vertex 64.858 65.4815 0
      vertex 64.2222 65.5759 0
    endloop
  endfacet
  facet normal -0.671642 0.740876 0
    outer loop
      vertex 70.1315 67.3685 0
      vertex 69.6553 66.9368 0.599999
      vertex 70.1315 67.3685 0.599999
    endloop
  endfacet
  facet normal -0.671642 0.740876 0
    outer loop
      vertex 69.6553 66.9368 0.599999
      vertex 70.1315 67.3685 0
      vertex 69.6553 66.9368 0
    endloop
  endfacet
  facet normal 0.0490065 0.998798 -0
    outer loop
      vertex 65.5 65.45 0
      vertex 64.858 65.4815 0.599999
      vertex 65.5 65.45 0.599999
    endloop
  endfacet
  facet normal 0.0490065 0.998798 0
    outer loop
      vertex 64.858 65.4815 0.599999
      vertex 65.5 65.45 0
      vertex 64.858 65.4815 0
    endloop
  endfacet
  facet normal 0.740876 -0.671642 0
    outer loop
      vertex 60.4368 76.1553 0.599999
      vertex 60.8685 76.6315 0
      vertex 60.8685 76.6315 0.599999
    endloop
  endfacet
  facet normal 0.740876 -0.671642 0
    outer loop
      vertex 60.8685 76.6315 0
      vertex 60.4368 76.1553 0.599999
      vertex 60.4368 76.1553 0
    endloop
  endfacet
  facet normal 0.903985 -0.427565 0
    outer loop
      vertex 59.4486 74.5066 0.599999
      vertex 59.7234 75.0876 0
      vertex 59.7234 75.0876 0.599999
    endloop
  endfacet
  facet normal 0.903985 -0.427565 0
    outer loop
      vertex 59.7234 75.0876 0
      vertex 59.4486 74.5066 0.599999
      vertex 59.4486 74.5066 0
    endloop
  endfacet
  facet normal 0.671642 0.740876 -0
    outer loop
      vertex 61.3447 66.9368 0
      vertex 60.8685 67.3685 0.599999
      vertex 61.3447 66.9368 0.599999
    endloop
  endfacet
  facet normal 0.671642 0.740876 0
    outer loop
      vertex 60.8685 67.3685 0.599999
      vertex 61.3447 66.9368 0
      vertex 60.8685 67.3685 0
    endloop
  endfacet
  facet normal 0.970069 -0.242828 0
    outer loop
      vertex 59.0759 73.2778 0.599999
      vertex 59.232 73.9014 0
      vertex 59.232 73.9014 0.599999
    endloop
  endfacet
  facet normal 0.970069 -0.242828 0
    outer loop
      vertex 59.232 73.9014 0
      vertex 59.0759 73.2778 0.599999
      vertex 59.0759 73.2778 0
    endloop
  endfacet
  facet normal -0.242828 -0.970069 0
    outer loop
      vertex 66.7778 78.4241 0
      vertex 67.4014 78.268 0.599999
      vertex 66.7778 78.4241 0.599999
    endloop
  endfacet
  facet normal -0.242828 -0.970069 -0
    outer loop
      vertex 67.4014 78.268 0.599999
      vertex 66.7778 78.4241 0
      vertex 67.4014 78.268 0
    endloop
  endfacet
  facet normal 0.970069 0.242828 0
    outer loop
      vertex 59.232 70.0986 0.599999
      vertex 59.0759 70.7222 0
      vertex 59.0759 70.7222 0.599999
    endloop
  endfacet
  facet normal 0.970069 0.242828 0
    outer loop
      vertex 59.0759 70.7222 0
      vertex 59.232 70.0986 0.599999
      vertex 59.232 70.0986 0
    endloop
  endfacet
  facet normal 0.427504 0.904013 -0
    outer loop
      vertex 62.9934 65.9486 0
      vertex 62.4123 66.2234 0.599999
      vertex 62.9934 65.9486 0.599999
    endloop
  endfacet
  facet normal 0.427504 0.904013 0
    outer loop
      vertex 62.4123 66.2234 0.599999
      vertex 62.9934 65.9486 0
      vertex 62.4123 66.2234 0
    endloop
  endfacet
  facet normal 0.740876 0.671642 0
    outer loop
      vertex 60.8685 67.3685 0.599999
      vertex 60.4368 67.8447 0
      vertex 60.4368 67.8447 0.599999
    endloop
  endfacet
  facet normal 0.740876 0.671642 0
    outer loop
      vertex 60.4368 67.8447 0
      vertex 60.8685 67.3685 0.599999
      vertex 60.8685 67.3685 0
    endloop
  endfacet
  facet normal -0.0490065 0.998798 0
    outer loop
      vertex 66.142 65.4815 0
      vertex 65.5 65.45 0.599999
      vertex 66.142 65.4815 0.599999
    endloop
  endfacet
  facet normal -0.0490065 0.998798 0
    outer loop
      vertex 65.5 65.45 0.599999
      vertex 66.142 65.4815 0
      vertex 65.5 65.45 0
    endloop
  endfacet
  facet normal 0.989157 0.146864 0
    outer loop
      vertex 59.0759 70.7222 0.599999
      vertex 58.9815 71.358 0
      vertex 58.9815 71.358 0.599999
    endloop
  endfacet
  facet normal 0.989157 0.146864 0
    outer loop
      vertex 58.9815 71.358 0
      vertex 59.0759 70.7222 0.599999
      vertex 59.0759 70.7222 0
    endloop
  endfacet
  facet normal -0.595685 0.803218 0
    outer loop
      vertex 69.6553 66.9368 0
      vertex 69.139 66.5539 0.599999
      vertex 69.6553 66.9368 0.599999
    endloop
  endfacet
  facet normal -0.595685 0.803218 0
    outer loop
      vertex 69.139 66.5539 0.599999
      vertex 69.6553 66.9368 0
      vertex 69.139 66.5539 0
    endloop
  endfacet
  facet normal 0.803218 0.595685 0
    outer loop
      vertex 60.4368 67.8447 0.599999
      vertex 60.0539 68.361 0
      vertex 60.0539 68.361 0.599999
    endloop
  endfacet
  facet normal 0.803218 0.595685 0
    outer loop
      vertex 60.0539 68.361 0
      vertex 60.4368 67.8447 0.599999
      vertex 60.4368 67.8447 0
    endloop
  endfacet
  facet normal 0.998798 -0.0490065 0
    outer loop
      vertex 58.95 72 0.599999
      vertex 58.9815 72.642 0
      vertex 58.9815 72.642 0.599999
    endloop
  endfacet
  facet normal 0.998798 -0.0490065 0
    outer loop
      vertex 58.9815 72.642 0
      vertex 58.95 72 0.599999
      vertex 58.95 72 0
    endloop
  endfacet
  facet normal -0.740876 0.671642 0
    outer loop
      vertex 70.1315 67.3685 0
      vertex 70.5632 67.8447 0.599999
      vertex 70.5632 67.8447 0
    endloop
  endfacet
  facet normal -0.740876 0.671642 0
    outer loop
      vertex 70.5632 67.8447 0.599999
      vertex 70.1315 67.3685 0
      vertex 70.1315 67.3685 0.599999
    endloop
  endfacet
  facet normal -1 0 0
    outer loop
      vertex 44 79.5 0
      vertex 44 82.5 1.3
      vertex 44 82.5 0
    endloop
  endfacet
  facet normal -1 -0 0
    outer loop
      vertex 44 82.5 1.3
      vertex 44 79.5 0
      vertex 44 79.5 1.3
    endloop
  endfacet
  facet normal 0 0 -1
    outer loop
      vertex 32 79.5 1.3
      vertex 44 82.5 1.3
      vertex 44 79.5 1.3
    endloop
  endfacet
  facet normal -0 0 -1
    outer loop
      vertex 44 82.5 1.3
      vertex 32 79.5 1.3
      vertex 32 82.5 1.3
    endloop
  endfacet
  facet normal 1 -0 0
    outer loop
      vertex 32 79.5 1.3
      vertex 32 82.5 0
      vertex 32 82.5 1.3
    endloop
  endfacet
  facet normal 1 0 0
    outer loop
      vertex 32 82.5 0
      vertex 32 79.5 1.3
      vertex 32 79.5 0
    endloop
  endfacet
  facet normal 0 1 -0
    outer loop
      vertex 44 79.5 0
      vertex 32 79.5 1.3
      vertex 44 79.5 1.3
    endloop
  endfacet
  facet normal 0 1 0
    outer loop
      vertex 32 79.5 1.3
      vertex 44 79.5 0
      vertex 32 79.5 0
    endloop
  endfacet
endsolid OpenSCAD_Model
